{"type":"FeatureCollection","features":[{"type":"Feature","id":"way/5065907","geometry":{"type":"LineString","coordinates":[[4.7296534,44.2851894],[4.7304136,44.2850311],[4.7316179,44.2847633],[4.732356,44.2845842]]},"properties":{"bridge":"yes","bridge:structure":"suspension","cycleway:both":"shoulder","highway":"primary","lanes":"2","layer":"1","maxspeed":"80","maxweight:signed":"no","maxweightrating:signed":"no","name":"Avenue Jean Monnet","note":"maxweight=* d\u00e9pr\u00e9ci\u00e9, utilisez maxweightrating=* \u00e0 la place (https://forum.openstreetmap.fr/t/proposition-d-edition-automatisee-migration-de-maxweight-en-maxweightrating-pour-la-france/35439/71)","oneway":"no","ref":"D 994","sidewalk":"both","source:maxspeed":"FR:rural","surface":"asphalt","osm_type":"way","osm_id":5065907,"@id":"way/5065907","bridge_role":"structure"}},{"type":"Feature","id":"way/32129570","geometry":{"type":"LineString","coordinates":[[4.7793955,43.9425057],[4.7832943,43.9382874]]},"properties":{"bridge":"yes","bridge:structure":"truss","electrified":"contact_line","frequency":"0","gauge":"1435","importance":"national","layer":"1","loading_gauge":"TSI_GB1","maxspeed":"60","name":"Ligne de Villeneuve-l\u00e8s-Avignon \u00e0 Avignon","operator":"SNCF R\u00e9seau","passenger_lines":"2","railway":"rail","railway:bidirectional":"possible","railway:kvb":"yes","railway:preferred_direction":"forward","railway:radio":"gsm-r","railway:track_capacity":"850","railway:track_class":"D4","railway:track_ref":"1","railway:traffic_mode":"freight","ref":"824000","ref:FR:SNCF_Reseau":"824000,1,V1,1.318,3.690","source":"Enedis","source:date":"2018","start_date":"1905","usage":"main","voltage":"1500","osm_type":"way","osm_id":32129570,"@id":"way/32129570","bridge_role":"structure"}},{"type":"Feature","id":"way/88312887","geometry":{"type":"LineString","coordinates":[[5.1749578,43.7396318],[5.1737413,43.7380004],[5.1731122,43.7371714]]},"properties":{"abandoned":"yes","access":"no","bridge":"abandoned","bridge:structure":"suspension","highway":"path","layer":"1","maxweight":"0","maxweightrating":"0","name":"Pont suspendu sur la Durance","note":"maxweight=* d\u00e9pr\u00e9ci\u00e9, utilisez maxweightrating=* \u00e0 la place (https://forum.openstreetmap.fr/t/proposition-d-edition-automatisee-migration-de-maxweight-en-maxweightrating-pour-la-france/35439/71)","ref:mhs":"PA00081320","surface":"wood","wikidata":"Q14627615","wikipedia":"fr:Pont suspendu sur la Durance","osm_type":"way","osm_id":88312887,"@id":"way/88312887","bridge_role":"structure"}},{"type":"Feature","id":"way/135439917","geometry":{"type":"LineString","coordinates":[[4.9240367,43.8840247],[4.9237071,43.8846887],[4.9233483,43.8854851],[4.9229799,43.8864062],[4.9227092,43.8871779],[4.9224365,43.8880852],[4.9220828,43.889442]]},"properties":{"bridge":"yes","bridge:structure":"suspension","highway":"motorway","int_ref":"E 714","lanes":"3","layer":"1","lit":"no","maxspeed":"130","name":"Autoroute du Soleil","name:fr":"Autoroute du Soleil","name:oc":"Autopista dau Soleu","oneway":"yes","operator":"ASF","ref":"A 7","smoothness":"good","source:name:oc":"ieo-bdtopoc","surface":"asphalt","toll":"yes","osm_type":"way","osm_id":135439917,"@id":"way/135439917","bridge_role":"structure"}},{"type":"Feature","id":"way/135439918","geometry":{"type":"LineString","coordinates":[[4.9219196,43.8894217],[4.9222713,43.8880413],[4.9225301,43.8871511],[4.9228253,43.8863365],[4.9231818,43.8854444],[4.9235462,43.8846391],[4.923855,43.883992]]},"properties":{"bridge":"yes","bridge:structure":"suspension","highway":"motorway","int_ref":"E 714","lanes":"3","layer":"1","lit":"no","maxspeed":"130","name":"Autoroute du Soleil","name:fr":"Autoroute du Soleil","name:oc":"Autopista dau Soleu","oneway":"yes","operator":"ASF","ref":"A 7","smoothness":"good","source:name:oc":"ieo-bdtopoc","surface":"asphalt","toll":"yes","osm_type":"way","osm_id":135439918,"@id":"way/135439918","bridge_role":"structure"}},{"type":"Feature","id":"way/155228613","geometry":{"type":"LineString","coordinates":[[4.7772117,44.1442185],[4.7763442,44.1442464]]},"properties":{"bridge":"yes","bridge:structure":"suspension","highway":"unclassified","layer":"1","lit":"no","loc_ref":"VC 18","maxweight:signed":"no","maxweightrating:signed":"no","name":"Chemin du Planas de Meyne","note":"maxweight=* d\u00e9pr\u00e9ci\u00e9, utilisez maxweightrating=* \u00e0 la place (https://forum.openstreetmap.fr/t/proposition-d-edition-automatisee-migration-de-maxweight-en-maxweightrating-pour-la-france/35439/71)","operator":"CCPRO","ref:FR:commune":"84087V000573","surface":"asphalt","width":"6.5","osm_type":"way","osm_id":155228613,"@id":"way/155228613","bridge_role":"structure"}},{"type":"Feature","id":"way/182869540","geometry":{"type":"Polygon","coordinates":[[[5.0569645,44.0593757],[5.0569919,44.0593666],[5.0582295,44.0603747],[5.0582003,44.0603899],[5.0582958,44.0608012],[5.0584367,44.0613595],[5.0587439,44.0626171],[5.0589462,44.0634582],[5.0593476,44.0651034],[5.0595437,44.0659081],[5.0595201,44.0658958],[5.0593234,44.0651093],[5.058918,44.0634627],[5.0587174,44.0626209],[5.0583998,44.061362],[5.0582715,44.0608133],[5.0581728,44.0603905],[5.0569645,44.0593757]]]},"properties":{"bridge":"aqueduct","building":"bridge","check_date":"2024-06-07","heritage":"2","heritage:operator":"mhs","historic":"aqueduct","layer":"1","man_made":"bridge","mhs:inscription_date":"1947-12-17","name":"Aqueduc de Carpentras","ref:mhs":"PA00081995","source:heritage":"data.gouv.fr:Minist\u00e8re de la Culture - 04/2015","wikidata":"Q13518450","wikipedia":"fr:Aqueduc de Carpentras","osm_type":"way","osm_id":182869540,"@id":"way/182869540","bridge_role":"deck"}},{"type":"Feature","id":"way/275498504","geometry":{"type":"Polygon","coordinates":[[[4.8637679,43.9615809],[4.8638094,43.9615887],[4.8638533,43.9615961],[4.8638773,43.9615264],[4.8638342,43.9615188],[4.8637919,43.9615111],[4.8637679,43.9615809]]]},"properties":{"layer":"1","man_made":"bridge","osm_type":"way","osm_id":275498504,"@id":"way/275498504","bridge_role":"deck"}},{"type":"Feature","id":"way/432841701","geometry":{"type":"LineString","coordinates":[[4.8019808,43.9509279],[4.7982723,43.9520015]]},"properties":{"bridge":"yes","bridge:structure":"arch","highway":"cycleway","layer":"1","lit":"yes","name:etymology:wikidata":"Q213526","oneway":"no","smoothness":"good","surface":"asphalt","width":"2.8","osm_type":"way","osm_id":432841701,"@id":"way/432841701","bridge_role":"structure"}},{"type":"Feature","id":"way/435781206","geometry":{"type":"Polygon","coordinates":[[[4.8613145,43.9610699],[4.8613421,43.9610765],[4.8613652,43.961082],[4.8613913,43.9610252],[4.8613636,43.9610186],[4.8613406,43.9610131],[4.8613145,43.9610699]]]},"properties":{"layer":"1","man_made":"bridge","osm_type":"way","osm_id":435781206,"@id":"way/435781206","bridge_role":"deck"}},{"type":"Feature","id":"way/435781208","geometry":{"type":"Polygon","coordinates":[[[4.8608467,43.9606169],[4.8609205,43.9606015],[4.860879,43.9605475],[4.8608468,43.9605058],[4.8607687,43.9605201],[4.8608038,43.9605613],[4.8608467,43.9606169]]]},"properties":{"layer":"1","man_made":"bridge","osm_type":"way","osm_id":435781208,"@id":"way/435781208","bridge_role":"deck"}},{"type":"Feature","id":"way/435781211","geometry":{"type":"Polygon","coordinates":[[[4.8621811,43.9612197],[4.8622524,43.9612252],[4.862302,43.961229],[4.8623207,43.9612304],[4.8623274,43.9611849],[4.8623194,43.9611843],[4.8622553,43.9611794],[4.8621998,43.9611752],[4.8621877,43.9611743],[4.8621811,43.9612197]]]},"properties":{"layer":"1","man_made":"bridge","osm_type":"way","osm_id":435781211,"@id":"way/435781211","bridge_role":"deck"}},{"type":"Feature","id":"way/481168943","geometry":{"type":"Polygon","coordinates":[[[5.0290961,43.8258131],[5.029114,43.825798],[5.0291593,43.825757],[5.0292062,43.8257128],[5.0299935,43.8261805],[5.0308156,43.826642],[5.0324445,43.8275469],[5.0323987,43.8275857],[5.0323513,43.8276258],[5.0323314,43.8276426],[5.0307123,43.8267349],[5.0298956,43.8262743],[5.0290961,43.8258131]]]},"properties":{"bridge:structure":"beam","layer":"1","man_made":"bridge","osm_type":"way","osm_id":481168943,"@id":"way/481168943","bridge_role":"deck"}},{"type":"Feature","id":"way/481168948","geometry":{"type":"Polygon","coordinates":[[[5.3675566,43.8817805],[5.3675046,43.8817735],[5.3676324,43.8813598],[5.367734,43.8813827],[5.3678083,43.8813994],[5.3676998,43.8817997],[5.3676744,43.8817963],[5.3676287,43.8817902],[5.3675566,43.8817805]]]},"properties":{"layer":"1","man_made":"bridge","operator":"CD84","osm_type":"way","osm_id":481168948,"@id":"way/481168948","bridge_role":"deck"}},{"type":"Feature","id":"way/482813296","geometry":{"type":"Polygon","coordinates":[[[5.0557205,43.9199024],[5.0557857,43.919894],[5.0558496,43.9198877],[5.0559096,43.9201345],[5.0558527,43.9201729],[5.0557931,43.9202132],[5.0557205,43.9199024]]]},"properties":{"bridge:structure":"arch","layer":"1","man_made":"bridge","osm_type":"way","osm_id":482813296,"@id":"way/482813296","bridge_role":"deck"}},{"type":"Feature","id":"way/484335991","geometry":{"type":"Polygon","coordinates":[[[5.0316621,44.0719705],[5.0316555,44.0719855],[5.0316447,44.0720099],[5.0320464,44.0721018],[5.032057,44.0720779],[5.0320639,44.0720623],[5.0316621,44.0719705]]]},"properties":{"layer":"1","man_made":"bridge","osm_type":"way","osm_id":484335991,"@id":"way/484335991","bridge_role":"deck"}},{"type":"Feature","id":"way/484335992","geometry":{"type":"Polygon","coordinates":[[[5.0330789,44.0688962],[5.0330858,44.068882],[5.0330982,44.0688565],[5.0333573,44.0689212],[5.0333483,44.0689397],[5.033338,44.0689609],[5.0330789,44.0688962]]]},"properties":{"layer":"1","man_made":"bridge","osm_type":"way","osm_id":484335992,"@id":"way/484335992","bridge_role":"deck"}},{"type":"Feature","id":"way/485630822","geometry":{"type":"Polygon","coordinates":[[[5.1124818,43.9162362],[5.1125062,43.9162416],[5.1125606,43.9162537],[5.1130766,43.9150527],[5.1130291,43.9150421],[5.1129979,43.9150351],[5.1129829,43.9150318],[5.1124669,43.9162328],[5.1124818,43.9162362]]]},"properties":{"bridge":"aqueduct","bridge:structure":"arch","heritage":"3","heritage:operator":"mhs","layer":"1","man_made":"bridge","mhs:inscription_date":"2001-11-06","name":"Pont-aqueduc de Galas","ref:mhs":"PA84000029","source:heritage":"data.gouv.fr:Minist\u00e8re de la Culture - 04/2015","wikidata":"Q14627756","wikipedia":"fr:Pont-aqueduc de Galas","osm_type":"way","osm_id":485630822,"@id":"way/485630822","bridge_role":"deck"}},{"type":"Feature","id":"way/653470969","geometry":{"type":"Polygon","coordinates":[[[5.0297514,44.0545918],[5.0297791,44.0545896],[5.0298468,44.0545842],[5.0299448,44.0545765],[5.0300079,44.0545714],[5.0300351,44.0545698],[5.0299347,44.0540213],[5.0299071,44.0540238],[5.0298444,44.0540288],[5.0297443,44.0540367],[5.0296843,44.0540415],[5.0296551,44.0540434],[5.0297514,44.0545918]]]},"properties":{"layer":"1","man_made":"bridge","osm_type":"way","osm_id":653470969,"@id":"way/653470969","bridge_role":"deck"}},{"type":"Feature","id":"way/653538805","geometry":{"type":"Polygon","coordinates":[[[5.4959147,43.6656355],[5.4959863,43.6656187],[5.496102,43.6655929],[5.4961842,43.6655763],[5.4962339,43.6655753],[5.4962898,43.6657109],[5.4963895,43.6659702],[5.4965315,43.666409],[5.4965716,43.6664294],[5.4965507,43.6664698],[5.4965982,43.6666261],[5.4966691,43.6669358],[5.4966908,43.6670526],[5.4967263,43.6670874],[5.4967052,43.6671229],[5.4967331,43.6673111],[5.4967729,43.6675835],[5.4967964,43.6678263],[5.4967971,43.6679754],[5.4967508,43.6679759],[5.4966646,43.667978],[5.496553,43.6679805],[5.4964739,43.6679841],[5.4964692,43.6678254],[5.4964484,43.6675971],[5.496374,43.6670609],[5.4963057,43.6667752],[5.4962192,43.6664445],[5.4960836,43.6660449],[5.4959571,43.6657198],[5.4959147,43.6656355]]]},"properties":{"bridge":"yes","layer":"1","man_made":"bridge","osm_type":"way","osm_id":653538805,"@id":"way/653538805","bridge_role":"deck"}},{"type":"Feature","id":"way/656755082","geometry":{"type":"Polygon","coordinates":[[[4.7958722,43.9260385],[4.7958778,43.926019],[4.7958911,43.9259729],[4.7959143,43.925892],[4.795927,43.9258477],[4.7959317,43.9258313],[4.7959378,43.9258101],[4.7960274,43.9258234],[4.7968495,43.9259457],[4.7969515,43.9259609],[4.7969444,43.9259856],[4.7969396,43.9260024],[4.7969284,43.9260414],[4.7969035,43.9261282],[4.7968893,43.9261779],[4.796886,43.9261894],[4.7966604,43.9261558],[4.7959255,43.9260464],[4.7958722,43.9260385]]]},"properties":{"bridge:structure":"humpback","layer":"1","man_made":"bridge","osm_type":"way","osm_id":656755082,"@id":"way/656755082","bridge_role":"deck"}},{"type":"Feature","id":"way/656756484","geometry":{"type":"Polygon","coordinates":[[[4.7878722,43.948071],[4.7878654,43.9480636],[4.7878336,43.9480288],[4.7877772,43.947967],[4.7877441,43.9479308],[4.7877341,43.9479198],[4.7900425,43.9467785],[4.7900484,43.9467853],[4.7900802,43.9468218],[4.7901355,43.9468852],[4.7901678,43.9469219],[4.7901745,43.9469298],[4.7878722,43.948071]]]},"properties":{"layer":"1","man_made":"bridge","usage":"road","osm_type":"way","osm_id":656756484,"@id":"way/656756484","bridge_role":"deck"}},{"type":"Feature","id":"way/656756485","geometry":{"type":"Polygon","coordinates":[[[4.7934154,43.9451167],[4.7934535,43.9451549],[4.7935179,43.9452196],[4.7935453,43.9452471],[4.7935572,43.9452591],[4.7959492,43.9440663],[4.7961392,43.9439775],[4.7962571,43.9439409],[4.7963297,43.9439185],[4.7962947,43.9438868],[4.7962556,43.9438507],[4.7962137,43.9438116],[4.7961801,43.9437827],[4.7961487,43.9437543],[4.7957486,43.9439459],[4.7936332,43.9450074],[4.7934154,43.9451167]]]},"properties":{"bridge:structure":"beam","layer":"1","man_made":"bridge","osm_type":"way","osm_id":656756485,"@id":"way/656756485","bridge_role":"deck"}},{"type":"Feature","id":"way/656757244","geometry":{"type":"Polygon","coordinates":[[[4.798333,44.158456],[4.7982804,44.1584274],[4.798236,44.1584033],[4.7983252,44.1583189],[4.7984623,44.1581957],[4.7985171,44.1581485],[4.7986171,44.1580655],[4.7986722,44.1580167],[4.7988129,44.157886],[4.7989286,44.157783],[4.7989736,44.1578054],[4.7990244,44.1578323],[4.7989792,44.1578713],[4.798913,44.1579314],[4.7987647,44.1580716],[4.798708,44.1581218],[4.7986093,44.1582036],[4.7985545,44.1582508],[4.7984222,44.1583717],[4.798333,44.158456]]]},"properties":{"bridge:structure":"arch","layer":"1","man_made":"bridge","panoramax:SE":"2f95abdc-3b17-48e6-8d17-443ea36d7154","osm_type":"way","osm_id":656757244,"@id":"way/656757244","bridge_role":"deck"}},{"type":"Feature","id":"way/656758202","geometry":{"type":"Polygon","coordinates":[[[4.7743373,44.1495311],[4.7743279,44.1495308],[4.7741971,44.1495268],[4.7740937,44.1495225],[4.7740604,44.1495211],[4.7739722,44.1495174],[4.7738702,44.149513],[4.7735339,44.1502121],[4.7736391,44.1502161],[4.7737248,44.1502194],[4.77377,44.1502211],[4.773868,44.1502249],[4.7739893,44.1502295],[4.7740147,44.1502305],[4.7743373,44.1495311]]]},"properties":{"bridge:structure":"beam","layer":"1","man_made":"bridge","osm_type":"way","osm_id":656758202,"@id":"way/656758202","bridge_role":"deck"}},{"type":"Feature","id":"way/656758203","geometry":{"type":"Polygon","coordinates":[[[4.7741437,44.1503551],[4.7742195,44.1503561],[4.774296,44.1503571],[4.7743557,44.1502362],[4.7746982,44.1495429],[4.7747513,44.1494349],[4.7746628,44.149434],[4.774584,44.1494332],[4.7745331,44.1495407],[4.7742023,44.1502326],[4.7741437,44.1503551]]]},"properties":{"bridge:structure":"beam","layer":"1","man_made":"bridge","osm_type":"way","osm_id":656758203,"@id":"way/656758203","bridge_role":"deck"}},{"type":"Feature","id":"way/656759781","geometry":{"type":"Polygon","coordinates":[[[4.7561393,44.1460171],[4.7560014,44.1459431],[4.7574061,44.1445507],[4.7574671,44.1444994],[4.7575931,44.1445721],[4.7575308,44.144639],[4.7561393,44.1460171]]]},"properties":{"bridge":"yes","layer":"1","man_made":"bridge","osm_type":"way","osm_id":656759781,"@id":"way/656759781","bridge_role":"deck"}},{"type":"Feature","id":"way/656759782","geometry":{"type":"Polygon","coordinates":[[[4.7577442,44.1442081],[4.7581607,44.143787],[4.7582954,44.1438514],[4.7578867,44.1442781],[4.7577442,44.1442081]]]},"properties":{"bridge":"yes","layer":"1","man_made":"bridge","osm_type":"way","osm_id":656759782,"@id":"way/656759782","bridge_role":"deck"}},{"type":"Feature","id":"way/656759783","geometry":{"type":"Polygon","coordinates":[[[4.7602648,44.1415005],[4.7605559,44.1411682],[4.7607417,44.1409561],[4.7608903,44.1410172],[4.7607119,44.1412217],[4.7604044,44.1415679],[4.7602648,44.1415005]]]},"properties":{"bridge":"yes","layer":"1","man_made":"bridge","osm_type":"way","osm_id":656759783,"@id":"way/656759783","bridge_role":"deck"}},{"type":"Feature","id":"way/656759784","geometry":{"type":"Polygon","coordinates":[[[4.7610234,44.1406216],[4.7613939,44.1401816],[4.761508,44.1400461],[4.7616598,44.1401139],[4.7615485,44.1402454],[4.7611767,44.140685],[4.7610234,44.1406216]]]},"properties":{"bridge":"yes","layer":"1","man_made":"bridge","osm_type":"way","osm_id":656759784,"@id":"way/656759784","bridge_role":"deck"}},{"type":"Feature","id":"way/656759785","geometry":{"type":"Polygon","coordinates":[[[4.7623378,44.1390307],[4.7624911,44.1390918],[4.7625959,44.1389589],[4.7628949,44.1385799],[4.7629662,44.1384896],[4.7628224,44.1384218],[4.7627193,44.1385514],[4.7624331,44.138911],[4.7623378,44.1390307]]]},"properties":{"bridge":"yes","layer":"1","man_made":"bridge","osm_type":"way","osm_id":656759785,"@id":"way/656759785","bridge_role":"deck"}},{"type":"Feature","id":"way/656759786","geometry":{"type":"Polygon","coordinates":[[[4.7649502,44.1355579],[4.7649783,44.135516],[4.7650059,44.1354746],[4.7650336,44.1354333],[4.7650699,44.1353789],[4.7652295,44.1354339],[4.7651889,44.1354947],[4.7651636,44.1355325],[4.7651392,44.135569],[4.7651098,44.1356129],[4.7649502,44.1355579]]]},"properties":{"bridge":"yes","layer":"1","man_made":"bridge","osm_type":"way","osm_id":656759786,"@id":"way/656759786","bridge_role":"deck"}},{"type":"Feature","id":"way/656759787","geometry":{"type":"Polygon","coordinates":[[[4.7678063,44.131079],[4.7678682,44.1309687],[4.7679725,44.1307828],[4.7680571,44.1306322],[4.7682203,44.1306827],[4.7681398,44.1308243],[4.7680942,44.1309046],[4.768029,44.1310193],[4.7679673,44.1311279],[4.7678063,44.131079]]]},"properties":{"bridge":"yes","layer":"1","man_made":"bridge","osm_type":"way","osm_id":656759787,"@id":"way/656759787","bridge_role":"deck"}},{"type":"Feature","id":"way/656759788","geometry":{"type":"Polygon","coordinates":[[[4.77263,44.1202897],[4.7726495,44.120233],[4.7726831,44.1201163],[4.7728398,44.120182],[4.7728024,44.1202927],[4.7727824,44.1203544],[4.77263,44.1202897]]]},"properties":{"bridge":"yes","layer":"1","man_made":"bridge","osm_type":"way","osm_id":656759788,"@id":"way/656759788","bridge_role":"deck"}},{"type":"Feature","id":"way/656759789","geometry":{"type":"Polygon","coordinates":[[[4.7731541,44.1185849],[4.7731964,44.1184394],[4.7732465,44.1182678],[4.7732741,44.1181427],[4.7734309,44.1182199],[4.7733919,44.1183808],[4.773342,44.1185504],[4.7733061,44.1186665],[4.7731541,44.1185849]]]},"properties":{"bridge":"yes","layer":"1","man_made":"bridge","osm_type":"way","osm_id":656759789,"@id":"way/656759789","bridge_role":"deck"}},{"type":"Feature","id":"way/656759790","geometry":{"type":"Polygon","coordinates":[[[4.7741832,44.1143066],[4.7742176,44.1141518],[4.7742246,44.1141205],[4.7744022,44.1141409],[4.7743931,44.1141821],[4.7743608,44.114327],[4.7741832,44.1143066]]]},"properties":{"bridge":"yes","bridge:structure":"beam","layer":"1","man_made":"bridge","osm_type":"way","osm_id":656759790,"@id":"way/656759790","bridge_role":"deck"}},{"type":"Feature","id":"way/656759791","geometry":{"type":"Polygon","coordinates":[[[4.7749256,44.1093735],[4.7749391,44.10925],[4.7749605,44.109054],[4.7749727,44.1089418],[4.77514,44.1089512],[4.7751266,44.1090736],[4.7751067,44.1092563],[4.7750929,44.1093829],[4.7749256,44.1093735]]]},"properties":{"bridge":"yes","layer":"1","man_made":"bridge","osm_type":"way","osm_id":656759791,"@id":"way/656759791","bridge_role":"deck"}},{"type":"Feature","id":"way/656763932","geometry":{"type":"Polygon","coordinates":[[[4.7666916,44.0701386],[4.7667593,44.0701218],[4.7668782,44.07009],[4.7669408,44.0700753],[4.7671357,44.0704679],[4.76787,44.0718947],[4.7684211,44.0729524],[4.7687951,44.0736736],[4.7687841,44.0736773],[4.7687344,44.0736937],[4.7686764,44.0737091],[4.768654,44.0737151],[4.7686096,44.0737269],[4.7685446,44.0737448],[4.7681716,44.0730304],[4.767609,44.0719479],[4.7668674,44.0705127],[4.7666916,44.0701386]]]},"properties":{"bridge":"yes","bridge:structure":"arch","layer":"1","man_made":"bridge","osm_type":"way","osm_id":656763932,"@id":"way/656763932","bridge_role":"deck"}},{"type":"Feature","id":"way/656763933","geometry":{"type":"Polygon","coordinates":[[[4.767141,44.0760199],[4.7669842,44.0760698],[4.7668448,44.0757929],[4.7663572,44.0748529],[4.765872,44.0738935],[4.7649611,44.072094],[4.764259,44.0707141],[4.7639601,44.0700955],[4.7641232,44.0700663],[4.7644273,44.0706924],[4.7651358,44.0720862],[4.7660308,44.0738581],[4.7665144,44.0748154],[4.7669477,44.0756608],[4.767141,44.0760199]]]},"properties":{"bridge":"yes","bridge:structure":"beam","layer":"1","man_made":"bridge","name":"Viaduc de Roquemaure","wikidata":"Q108892881","osm_type":"way","osm_id":656763933,"@id":"way/656763933","bridge_role":"deck"}},{"type":"Feature","id":"way/656763934","geometry":{"type":"Polygon","coordinates":[[[4.7677137,44.0699527],[4.7678006,44.0699269],[4.7678929,44.0698985],[4.7680044,44.0700886],[4.7679805,44.0700988],[4.7683199,44.0707078],[4.7687014,44.0713789],[4.7689234,44.0717312],[4.7692633,44.0723651],[4.7696402,44.0730135],[4.769661,44.0730121],[4.769682,44.0730198],[4.769783,44.073207],[4.7696922,44.0732336],[4.7696087,44.0732581],[4.7694816,44.073066],[4.76951,44.0730559],[4.7691306,44.0724162],[4.7685768,44.0714467],[4.7681998,44.0707892],[4.7678337,44.0701238],[4.7678086,44.070128],[4.7677137,44.0699527]]]},"properties":{"bridge":"yes","bridge:structure":"suspension","layer":"1","man_made":"bridge","osm_type":"way","osm_id":656763934,"@id":"way/656763934","bridge_role":"deck"}},{"type":"Feature","id":"way/656767270","geometry":{"type":"Polygon","coordinates":[[[4.788351,43.9273466],[4.7883765,43.9273913],[4.7883966,43.9274266],[4.788417,43.9274623],[4.7884393,43.9275014],[4.7884655,43.9274936],[4.7894772,43.9271942],[4.7895358,43.9271769],[4.7895131,43.9271371],[4.7894898,43.9270983],[4.7894707,43.9270628],[4.7894475,43.9270221],[4.7894011,43.9270358],[4.7883816,43.9273375],[4.788351,43.9273466]]]},"properties":{"bridge:structure":"beam","layer":"1","man_made":"bridge","osm_type":"way","osm_id":656767270,"@id":"way/656767270","bridge_role":"deck"}},{"type":"Feature","id":"way/656769317","geometry":{"type":"Polygon","coordinates":[[[4.7982233,43.9519202],[4.7982298,43.951931],[4.7982549,43.9519724],[4.7982723,43.9520015],[4.7982873,43.9520272],[4.7982931,43.9520369],[4.799238,43.95176],[4.7993583,43.9517262],[4.8002019,43.9514782],[4.8002998,43.95145],[4.8011455,43.9512024],[4.8013291,43.9511537],[4.8013899,43.9511367],[4.8017102,43.9510466],[4.8018798,43.9509982],[4.8019321,43.9509823],[4.8020026,43.9509651],[4.8019967,43.950955],[4.8019808,43.9509279],[4.801965,43.9509009],[4.801955,43.9508838],[4.8019393,43.9508569],[4.8019297,43.9508406],[4.8018064,43.9508727],[4.8017556,43.9508899],[4.8016408,43.9509221],[4.8013822,43.9509967],[4.8013115,43.9510221],[4.8012485,43.9510351],[4.8011035,43.9510892],[4.8002313,43.9513331],[4.8001366,43.9513608],[4.7992955,43.9516118],[4.7991746,43.9516446],[4.7982233,43.9519202]]]},"properties":{"bridge":"yes","bridge:structure":"arch","layer":"1","man_made":"bridge","name":"Pont \u00c9douard Daladier","wikidata":"Q126617226","osm_type":"way","osm_id":656769317,"@id":"way/656769317","bridge_role":"deck"}},{"type":"Feature","id":"way/656769320","geometry":{"type":"Polygon","coordinates":[[[4.80015,43.9512932],[4.8001849,43.951297],[4.8002165,43.9513118],[4.8002313,43.9513331],[4.8002998,43.95145],[4.8003144,43.9515007],[4.8002902,43.9515359],[4.8002503,43.9515264],[4.8002262,43.9515132],[4.8002019,43.9514782],[4.8001366,43.9513608],[4.8001241,43.9513385],[4.8001279,43.951312],[4.80015,43.9512932]]]},"properties":{"bridge:support":"yes","osm_type":"way","osm_id":656769320,"@id":"way/656769320","bridge_role":"yes"}},{"type":"Feature","id":"way/656769322","geometry":{"type":"Polygon","coordinates":[[[4.8011604,43.9512147],[4.8011455,43.9512024],[4.8011035,43.9510892],[4.8010991,43.9510828],[4.8012485,43.9510351],[4.8012588,43.9510508],[4.8013291,43.9511537],[4.8013316,43.9511574],[4.8012745,43.9511713],[4.8012754,43.9511863],[4.8011604,43.9512147]]]},"properties":{"bridge:support":"yes","height":"3.1","osm_type":"way","osm_id":656769322,"@id":"way/656769322","bridge_role":"yes"}},{"type":"Feature","id":"way/656769323","geometry":{"type":"Polygon","coordinates":[[[4.7992535,43.9517902],[4.799238,43.95176],[4.7991746,43.9516446],[4.7991961,43.9516134],[4.7992509,43.951598],[4.7992955,43.9516118],[4.7993583,43.9517262],[4.7993739,43.9517565],[4.7992535,43.9517902]]]},"properties":{"bridge:support":"yes","osm_type":"way","osm_id":656769323,"@id":"way/656769323","bridge_role":"yes"}},{"type":"Feature","id":"way/656769325","geometry":{"type":"Polygon","coordinates":[[[4.8020026,43.9509888],[4.8020026,43.9509651],[4.8019967,43.950955],[4.8019808,43.9509279],[4.801965,43.9509009],[4.801955,43.9508838],[4.8019393,43.9508569],[4.8019297,43.9508406],[4.8019148,43.9508152],[4.8020155,43.9507846],[4.8021185,43.9509604],[4.8020026,43.9509888]]]},"properties":{"bridge:support":"yes","osm_type":"way","osm_id":656769325,"@id":"way/656769325","bridge_role":"yes"}},{"type":"Feature","id":"way/656770419","geometry":{"type":"Polygon","coordinates":[[[4.792101,43.9540212],[4.7921088,43.9540286],[4.7921324,43.9540508],[4.7921593,43.9540762],[4.7921942,43.9541092],[4.792211,43.9541251],[4.7922254,43.9541387],[4.7933925,43.9536865],[4.7945755,43.9532435],[4.7945666,43.9532361],[4.7945403,43.9532098],[4.7944939,43.9531654],[4.7944603,43.9531333],[4.7944498,43.9531233],[4.7932873,43.9535634],[4.792101,43.9540212]]]},"properties":{"bridge:structure":"beam","layer":"1","man_made":"bridge","name":"Pont du Royaume","usage":"road","osm_type":"way","osm_id":656770419,"@id":"way/656770419","bridge_role":"deck"}},{"type":"Feature","id":"way/656772071","geometry":{"type":"Polygon","coordinates":[[[4.74956,43.9396953],[4.7495291,43.9396627],[4.7494946,43.9396264],[4.7494661,43.9395963],[4.7498931,43.9393569],[4.750229,43.9391604],[4.7506173,43.9389098],[4.7508755,43.9387384],[4.7511751,43.9385365],[4.7515232,43.9382844],[4.7519289,43.9379822],[4.7525324,43.9375187],[4.7529568,43.9371957],[4.753787,43.9365645],[4.7545071,43.9359985],[4.7561929,43.9347064],[4.7567294,43.9343124],[4.7572813,43.9339178],[4.7579914,43.9334253],[4.7583407,43.9331949],[4.758625,43.9330085],[4.7591199,43.9327015],[4.7595692,43.932432],[4.7600305,43.932164],[4.760455,43.9319259],[4.7608271,43.9317226],[4.7618222,43.9311981],[4.7629643,43.930632],[4.762991,43.9306633],[4.7630126,43.9306885],[4.7623095,43.9310454],[4.7623149,43.931051],[4.7626323,43.9309156],[4.7630756,43.9307417],[4.7630972,43.9307716],[4.763124,43.9308088],[4.7627576,43.9309543],[4.7623191,43.9311407],[4.7618631,43.9313556],[4.7613093,43.9316241],[4.7608568,43.9318587],[4.7605522,43.9320263],[4.7601204,43.9322697],[4.7596738,43.932531],[4.75924,43.932784],[4.7587397,43.9330969],[4.7584266,43.9333027],[4.7581208,43.933504],[4.7574019,43.9339985],[4.7568601,43.9343896],[4.7563284,43.9347812],[4.7546211,43.9360917],[4.7539432,43.9366186],[4.7530648,43.9372883],[4.7526343,43.9376206],[4.7520409,43.9380754],[4.7516413,43.9383709],[4.7512691,43.9386394],[4.7510069,43.9388195],[4.7507099,43.939017],[4.7503162,43.9392666],[4.7499662,43.9394742],[4.74956,43.9396953]]]},"properties":{"bridge:structure":"arch","layer":"2","man_made":"bridge","osm_type":"way","osm_id":656772071,"@id":"way/656772071","bridge_role":"deck"}},{"type":"Feature","id":"way/656772075","geometry":{"type":"Polygon","coordinates":[[[4.7507988,43.9402578],[4.7508423,43.940277],[4.7508898,43.940298],[4.7509361,43.9403184],[4.7513583,43.9398634],[4.7517747,43.939424],[4.7522233,43.9389687],[4.7526853,43.9385144],[4.7531372,43.9380875],[4.7536013,43.9376616],[4.7539144,43.9373709],[4.7543657,43.936975],[4.7550007,43.9364399],[4.7554902,43.9360382],[4.756327,43.9353772],[4.7570506,43.9348315],[4.7576923,43.9343713],[4.7582623,43.9339734],[4.7587397,43.9336498],[4.7593023,43.9332848],[4.7599353,43.9328792],[4.7604369,43.9325749],[4.7608801,43.932303],[4.7612576,43.9320853],[4.761678,43.931837],[4.7624465,43.9314062],[4.7629286,43.9311407],[4.7636434,43.9307717],[4.7643878,43.9303922],[4.7650699,43.9300574],[4.765042,43.93003],[4.7650075,43.9299963],[4.7649768,43.9299662],[4.7642885,43.9303004],[4.7635442,43.9306771],[4.7628281,43.9310407],[4.7623231,43.9313208],[4.761562,43.9317511],[4.7611637,43.931978],[4.7607769,43.9322065],[4.7603443,43.9324735],[4.7598387,43.9327802],[4.7591568,43.9332152],[4.7586284,43.9335581],[4.7581436,43.9338894],[4.7575729,43.9342863],[4.7569104,43.9347658],[4.7561702,43.9353206],[4.7553849,43.9359397],[4.754884,43.9363497],[4.7542289,43.936905],[4.7538158,43.9372676],[4.7534832,43.9375737],[4.7529984,43.9380107],[4.7525384,43.9384516],[4.7520771,43.9389025],[4.7516285,43.9393569],[4.7512114,43.9398006],[4.7507988,43.9402578]]]},"properties":{"bridge:structure":"arch","layer":"1","man_made":"bridge","osm_type":"way","osm_id":656772075,"@id":"way/656772075","bridge_role":"deck"}},{"type":"Feature","id":"way/656772491","geometry":{"type":"Polygon","coordinates":[[[4.7793223,43.9424733],[4.7793643,43.9424919],[4.7793955,43.9425057],[4.7794335,43.9425225],[4.7833266,43.9383025],[4.7832943,43.9382874],[4.7832612,43.9382715],[4.7832293,43.9382574],[4.7793223,43.9424733]]]},"properties":{"layer":"1","man_made":"bridge","material":"metal","usage":"railway","wikidata":"Q34790387","osm_type":"way","osm_id":656772491,"@id":"way/656772491","bridge_role":"deck"}},{"type":"Feature","id":"way/656915210","geometry":{"type":"Polygon","coordinates":[[[4.8903591,43.9856703],[4.8903775,43.9856271],[4.8903976,43.9855796],[4.8910197,43.9859779],[4.8910058,43.9860157],[4.8909867,43.9860674],[4.8903591,43.9856703]]]},"properties":{"bridge:structure":"beam","layer":"1","man_made":"bridge","ref:FR:ASF":"CD942-1879","osm_type":"way","osm_id":656915210,"@id":"way/656915210","bridge_role":"deck"}},{"type":"Feature","id":"way/656915211","geometry":{"type":"Polygon","coordinates":[[[4.8904189,43.9855439],[4.8904395,43.9855015],[4.8904638,43.9854515],[4.8910871,43.9858483],[4.8910668,43.9858974],[4.8910488,43.985941],[4.8904189,43.9855439]]]},"properties":{"bridge:structure":"beam","layer":"1","man_made":"bridge","ref:FR:ASF":"CD942-1879","osm_type":"way","osm_id":656915211,"@id":"way/656915211","bridge_role":"deck"}},{"type":"Feature","id":"way/659929752","geometry":{"type":"Polygon","coordinates":[[[4.7776718,43.9250634],[4.7777814,43.9249838],[4.7777484,43.9249184],[4.7777171,43.9248811],[4.7776471,43.9248209],[4.7774987,43.9248311],[4.777482,43.9248086],[4.7774867,43.9248068],[4.7775942,43.9247653],[4.7776058,43.9247608],[4.7778856,43.9246527],[4.77796,43.924624],[4.7779759,43.9246454],[4.7778999,43.9247224],[4.7779596,43.9247882],[4.7779848,43.924826],[4.7780348,43.9248874],[4.7781497,43.9248788],[4.7776877,43.9250572],[4.7776718,43.9250634]]]},"properties":{"bridge:structure":"beam","layer":"1","man_made":"bridge","osm_type":"way","osm_id":659929752,"@id":"way/659929752","bridge_role":"deck"}},{"type":"Feature","id":"way/660663784","geometry":{"type":"Polygon","coordinates":[[[4.895189,43.9009348],[4.8952878,43.9009251],[4.8954425,43.9009106],[4.8955404,43.9009001],[4.8957416,43.9006382],[4.89565,43.900647],[4.8954905,43.9006582],[4.8953875,43.9006672],[4.895189,43.9009348]]]},"properties":{"bridge:structure":"beam","layer":"1","man_made":"bridge","osm_type":"way","osm_id":660663784,"@id":"way/660663784","bridge_role":"deck"}},{"type":"Feature","id":"way/660663945","geometry":{"type":"Polygon","coordinates":[[[4.9095777,43.8927611],[4.909562,43.8927262],[4.9095466,43.892692],[4.9098191,43.8926284],[4.9098342,43.8926621],[4.9098501,43.8926975],[4.9095777,43.8927611]]]},"properties":{"bridge:structure":"beam","layer":"1","man_made":"bridge","osm_type":"way","osm_id":660663945,"@id":"way/660663945","bridge_role":"deck"}},{"type":"Feature","id":"way/660663946","geometry":{"type":"Polygon","coordinates":[[[4.9101531,43.8941639],[4.910104,43.894047],[4.9105944,43.8939275],[4.9106446,43.8940503],[4.9101531,43.8941639]]]},"properties":{"bridge:structure":"beam","layer":"1","man_made":"bridge","osm_type":"way","osm_id":660663946,"@id":"way/660663946","bridge_role":"deck"}},{"type":"Feature","id":"way/660663950","geometry":{"type":"Polygon","coordinates":[[[4.9072466,43.8965712],[4.9072704,43.8965932],[4.9072962,43.896617],[4.9074765,43.8965156],[4.9074508,43.8964918],[4.9074269,43.8964698],[4.9072466,43.8965712]]]},"properties":{"bridge:structure":"beam","layer":"1","man_made":"bridge","osm_type":"way","osm_id":660663950,"@id":"way/660663950","bridge_role":"deck"}},{"type":"Feature","id":"way/665185336","geometry":{"type":"Polygon","coordinates":[[[4.7458526,44.2993434],[4.7458577,44.2992967],[4.7458626,44.2992528],[4.7470494,44.2990052],[4.7470538,44.299051],[4.7470575,44.2990906],[4.7458526,44.2993434]]]},"properties":{"bridge:structure":"beam","layer":"1","man_made":"bridge","osm_type":"way","osm_id":665185336,"@id":"way/665185336","bridge_role":"deck"}},{"type":"Feature","id":"way/665185337","geometry":{"type":"Polygon","coordinates":[[[4.7453018,44.2940432],[4.7452574,44.293948],[4.7460408,44.2937774],[4.7460777,44.2938713],[4.7453018,44.2940432]]]},"properties":{"bridge:structure":"beam","layer":"1","man_made":"bridge","osm_type":"way","osm_id":665185337,"@id":"way/665185337","bridge_role":"deck"}},{"type":"Feature","id":"way/665185338","geometry":{"type":"Polygon","coordinates":[[[4.7375165,44.284763],[4.7374591,44.2847056],[4.7373975,44.2846441],[4.7386082,44.2848876],[4.738636,44.2849407],[4.7386692,44.285004],[4.7384168,44.2849512],[4.7375165,44.284763]]]},"properties":{"bridge:structure":"beam","layer":"1","man_made":"bridge","osm_type":"way","osm_id":665185338,"@id":"way/665185338","bridge_role":"deck"}},{"type":"Feature","id":"way/665953579","geometry":{"type":"Polygon","coordinates":[[[4.7802468,43.9213312],[4.7803004,43.9214149],[4.7803491,43.921491],[4.780399,43.9215688],[4.7805937,43.9215038],[4.7808391,43.9214024],[4.7811207,43.9212614],[4.781464,43.9210788],[4.781743,43.9209088],[4.7820407,43.9207001],[4.7823277,43.9204567],[4.782575,43.9202049],[4.7827394,43.9200152],[4.7829004,43.9198008],[4.7830895,43.9195052],[4.7838892,43.9182554],[4.7853497,43.9159832],[4.7852742,43.9159576],[4.7851698,43.9159223],[4.7850876,43.9158944],[4.7835218,43.9183366],[4.7830953,43.9190167],[4.7828078,43.9194472],[4.7826393,43.9197103],[4.7825602,43.9198192],[4.7824725,43.9199399],[4.7822727,43.9201572],[4.7820421,43.9203688],[4.7818007,43.92056],[4.7814734,43.9207706],[4.7812258,43.920912],[4.780933,43.9210585],[4.780717,43.9211561],[4.7804341,43.9212662],[4.7802468,43.9213312]]]},"properties":{"bridge":"viaduct","bridge:structure":"beam","layer":"1","man_made":"bridge","osm_type":"way","osm_id":665953579,"@id":"way/665953579","bridge_role":"deck"}},{"type":"Feature","id":"way/666888190","geometry":{"type":"Polygon","coordinates":[[[4.8130148,44.134027],[4.8130156,44.1340327],[4.8130193,44.1340615],[4.8130223,44.1340824],[4.8129214,44.1340865],[4.8128995,44.1340874],[4.8128846,44.1340658],[4.8128815,44.1340411],[4.812881,44.1340375],[4.8128806,44.134034],[4.8129914,44.1340282],[4.8130148,44.134027]]]},"properties":{"bridge":"yes","bridge:structure":"arch","layer":"1","man_made":"bridge","surface":"asphalt","osm_type":"way","osm_id":666888190,"@id":"way/666888190","bridge_role":"deck"}},{"type":"Feature","id":"way/666888192","geometry":{"type":"Polygon","coordinates":[[[4.8129635,44.134575],[4.8129635,44.1345474],[4.8129745,44.1345469],[4.8130914,44.1345413],[4.8130959,44.1345692],[4.8130898,44.1345695],[4.8129777,44.1345744],[4.8129635,44.134575]]]},"properties":{"bridge":"yes","bridge:structure":"beam","layer":"1","man_made":"bridge","panoramax:S":"c6a194c3-59c3-4cc1-8b4c-27d6e29adb7d","surface":"concrete","osm_type":"way","osm_id":666888192,"@id":"way/666888192","bridge_role":"deck"}},{"type":"Feature","id":"way/666888194","geometry":{"type":"Polygon","coordinates":[[[4.8127111,44.1355701],[4.8127175,44.1355558],[4.8127327,44.1355217],[4.8127413,44.1355025],[4.812763,44.1355086],[4.8129207,44.1355526],[4.8129243,44.1355536],[4.8129101,44.1355735],[4.8128873,44.1356055],[4.8128754,44.1356221],[4.8127268,44.1355751],[4.8127111,44.1355701]]]},"properties":{"bridge":"yes","layer":"1","man_made":"bridge","surface":"asphalt","osm_type":"way","osm_id":666888194,"@id":"way/666888194","bridge_role":"deck"}},{"type":"Feature","id":"way/666888490","geometry":{"type":"Polygon","coordinates":[[[4.8058825,44.1389624],[4.8059554,44.1389704],[4.8059944,44.1389747],[4.8060067,44.138976],[4.8060201,44.1389783],[4.8060311,44.1389599],[4.8060779,44.138882],[4.8060629,44.1388796],[4.8060492,44.1388773],[4.8059994,44.1388688],[4.805921,44.1388538],[4.8058825,44.1389624]]]},"properties":{"layer":"1","man_made":"bridge","surface":"asphalt","osm_type":"way","osm_id":666888490,"@id":"way/666888490","bridge_role":"deck"}},{"type":"Feature","id":"way/666888491","geometry":{"type":"Polygon","coordinates":[[[4.8058315,44.1389625],[4.805847,44.1389652],[4.8058644,44.1389681],[4.8059061,44.1388428],[4.80589,44.13884],[4.8058732,44.1388372],[4.805871,44.1388439],[4.8058684,44.1388517],[4.8058409,44.1389344],[4.8058315,44.1389625]]]},"properties":{"layer":"1","man_made":"bridge","surface":"wood","osm_type":"way","osm_id":666888491,"@id":"way/666888491","bridge_role":"deck"}},{"type":"Feature","id":"way/666888492","geometry":{"type":"Polygon","coordinates":[[[4.8042368,44.1387863],[4.8042494,44.1387904],[4.804286,44.1388021],[4.8042922,44.1388042],[4.8042951,44.1387983],[4.804322,44.1387433],[4.8043257,44.1387357],[4.8043189,44.1387339],[4.8042855,44.1387253],[4.8042701,44.1387213],[4.8042393,44.1387814],[4.8042368,44.1387863]]]},"properties":{"bridge:structure":"beam","layer":"1","man_made":"bridge","osm_type":"way","osm_id":666888492,"@id":"way/666888492","bridge_role":"deck"}},{"type":"Feature","id":"way/666889476","geometry":{"type":"Polygon","coordinates":[[[4.7889728,44.1511858],[4.7889691,44.1511735],[4.7889669,44.1511633],[4.7890877,44.1511443],[4.7901176,44.1509822],[4.7902358,44.1509636],[4.7902376,44.1509745],[4.7902396,44.1509891],[4.7901222,44.1510073],[4.7890947,44.1511665],[4.7889728,44.1511858]]]},"properties":{"bridge:structure":"beam","layer":"1","man_made":"bridge","panoramax:N":"386612be-c55f-44d3-8dbe-461afa6e7399","osm_type":"way","osm_id":666889476,"@id":"way/666889476","bridge_role":"deck"}},{"type":"Feature","id":"way/666891095","geometry":{"type":"Polygon","coordinates":[[[4.8015935,44.1588034],[4.8017158,44.1588338],[4.8016408,44.1589404],[4.801598,44.1590011],[4.801581,44.1590253],[4.8014994,44.1591413],[4.8014823,44.1591656],[4.8014021,44.1592795],[4.8013862,44.1593021],[4.801303,44.1594203],[4.8012876,44.1594422],[4.8011987,44.1595684],[4.801135,44.159659],[4.8010151,44.1596186],[4.8010803,44.1595252],[4.8011665,44.159404],[4.8011823,44.1593818],[4.8012658,44.1592644],[4.801281,44.1592429],[4.8013632,44.1591273],[4.8013797,44.1591041],[4.801463,44.158987],[4.8014785,44.1589652],[4.8015223,44.1589035],[4.8015935,44.1588034]]]},"properties":{"bridge":"yes","layer":"1","man_made":"bridge","panoramax:W":"366c6ce7-66e4-4a02-925d-3c62f7bf54c6","osm_type":"way","osm_id":666891095,"@id":"way/666891095","bridge_role":"deck"}},{"type":"Feature","id":"way/666891281","geometry":{"type":"Polygon","coordinates":[[[4.8564232,44.1754764],[4.8565442,44.1754764],[4.8564949,44.1745984],[4.8563796,44.1746051],[4.8564232,44.1754764]]]},"properties":{"layer":"1","man_made":"bridge","osm_type":"way","osm_id":666891281,"@id":"way/666891281","bridge_role":"deck"}},{"type":"Feature","id":"way/666891282","geometry":{"type":"Polygon","coordinates":[[[4.859351,44.1749513],[4.8590499,44.1757027],[4.859026,44.1756978],[4.8589971,44.1756919],[4.8592981,44.1749404],[4.8593254,44.174946],[4.859351,44.1749513]]]},"properties":{"layer":"1","man_made":"bridge","osm_type":"way","osm_id":666891282,"@id":"way/666891282","bridge_role":"deck"}},{"type":"Feature","id":"way/666891283","geometry":{"type":"Polygon","coordinates":[[[4.8909411,44.1889795],[4.8909672,44.1889935],[4.8909893,44.1890053],[4.8904535,44.18952],[4.8904278,44.1895063],[4.8904053,44.1894942],[4.8909411,44.1889795]]]},"properties":{"layer":"1","man_made":"bridge","osm_type":"way","osm_id":666891283,"@id":"way/666891283","bridge_role":"deck"}},{"type":"Feature","id":"way/666944366","geometry":{"type":"Polygon","coordinates":[[[4.781135,43.9236772],[4.7811219,43.9236588],[4.7810908,43.9236152],[4.78107,43.923586],[4.7810413,43.9235457],[4.781004,43.9234934],[4.7809775,43.9234562],[4.781497,43.9232641],[4.7815109,43.9232836],[4.7815151,43.9232895],[4.7815498,43.9233383],[4.7815774,43.923377],[4.7816058,43.9234168],[4.7816427,43.9234687],[4.7816691,43.9235057],[4.7811496,43.9236978],[4.781135,43.9236772]]]},"properties":{"bridge:structure":"beam","layer":"1","man_made":"bridge","osm_type":"way","osm_id":666944366,"@id":"way/666944366","bridge_role":"deck"}},{"type":"Feature","id":"way/666944367","geometry":{"type":"Polygon","coordinates":[[[4.7833713,43.9228703],[4.7833497,43.9228403],[4.7833021,43.9227739],[4.7832736,43.9227342],[4.7832296,43.9226729],[4.7832066,43.9226408],[4.7837423,43.9224414],[4.7837662,43.9224747],[4.7838106,43.9225365],[4.7838389,43.9225759],[4.7838862,43.9226419],[4.783907,43.9226709],[4.7833713,43.9228703]]]},"properties":{"bridge:structure":"beam","layer":"1","man_made":"bridge","osm_type":"way","osm_id":666944367,"@id":"way/666944367","bridge_role":"deck"}},{"type":"Feature","id":"way/666944368","geometry":{"type":"Polygon","coordinates":[[[4.8075824,43.9128811],[4.8092265,43.9163802],[4.8092094,43.9163844],[4.8091597,43.9163965],[4.8091027,43.9164104],[4.8090813,43.9164156],[4.8074372,43.9129165],[4.8074617,43.9129105],[4.8075187,43.9128966],[4.8075684,43.9128845],[4.8075824,43.9128811]]]},"properties":{"bridge:structure":"suspension","layer":"1","man_made":"bridge","osm_type":"way","osm_id":666944368,"@id":"way/666944368","bridge_role":"deck"}},{"type":"Feature","id":"way/668767797","geometry":{"type":"Polygon","coordinates":[[[4.8246469,44.1307857],[4.8246324,44.1307541],[4.824629,44.1307409],[4.8246246,44.1306923],[4.8246224,44.1306634],[4.8246338,44.1306627],[4.8246627,44.1306591],[4.8247011,44.1306549],[4.82471,44.1307255],[4.8247276,44.1307592],[4.8246879,44.1307715],[4.8246469,44.1307857]]]},"properties":{"bridge:structure":"arch","layer":"1","man_made":"bridge","surface":"asphalt","osm_type":"way","osm_id":668767797,"@id":"way/668767797","bridge_role":"deck"}},{"type":"Feature","id":"way/668767798","geometry":{"type":"Polygon","coordinates":[[[4.8287613,44.1281834],[4.8287656,44.128179],[4.8287802,44.1281639],[4.8287947,44.128149],[4.8287953,44.1281483],[4.8288879,44.1281947],[4.828871,44.1282122],[4.8288539,44.1282297],[4.8288515,44.1282285],[4.8287613,44.1281834]]]},"properties":{"bridge:structure":"arch","layer":"1","man_made":"bridge","osm_type":"way","osm_id":668767798,"@id":"way/668767798","bridge_role":"deck"}},{"type":"Feature","id":"way/668767799","geometry":{"type":"Polygon","coordinates":[[[4.8313461,44.127049],[4.8313442,44.1269793],[4.8313519,44.1269785],[4.8314036,44.1269729],[4.8314089,44.1269723],[4.8314143,44.1270382],[4.8313461,44.127049]]]},"properties":{"bridge:structure":"beam","layer":"1","man_made":"bridge","osm_type":"way","osm_id":668767799,"@id":"way/668767799","bridge_role":"deck"}},{"type":"Feature","id":"way/668767800","geometry":{"type":"Polygon","coordinates":[[[4.8320223,44.1269771],[4.8320132,44.1269173],[4.8321088,44.1269086],[4.8321235,44.1269698],[4.8320223,44.1269771]]]},"properties":{"bridge:structure":"beam","layer":"1","man_made":"bridge","osm_type":"way","osm_id":668767800,"@id":"way/668767800","bridge_role":"deck"}},{"type":"Feature","id":"way/668767801","geometry":{"type":"Polygon","coordinates":[[[4.8337316,44.1268675],[4.8337278,44.1268103],[4.8337742,44.1268036],[4.8337773,44.1268664],[4.8337316,44.1268675]]]},"properties":{"bridge:structure":"beam","layer":"1","man_made":"bridge","osm_type":"way","osm_id":668767801,"@id":"way/668767801","bridge_role":"deck"}},{"type":"Feature","id":"way/668767802","geometry":{"type":"Polygon","coordinates":[[[4.8353232,44.1267558],[4.8353163,44.1266875],[4.8354037,44.1266847],[4.8354107,44.1267542],[4.8353232,44.1267558]]]},"properties":{"bridge:structure":"beam","layer":"1","man_made":"bridge","osm_type":"way","osm_id":668767802,"@id":"way/668767802","bridge_role":"deck"}},{"type":"Feature","id":"way/668767803","geometry":{"type":"Polygon","coordinates":[[[4.8368599,44.1266597],[4.8368575,44.126593],[4.836904,44.1265902],[4.8369046,44.1265981],[4.836908,44.1266451],[4.8369086,44.1266536],[4.8368599,44.1266597]]]},"properties":{"bridge:structure":"humpback","layer":"1","man_made":"bridge","osm_type":"way","osm_id":668767803,"@id":"way/668767803","bridge_role":"deck"}},{"type":"Feature","id":"way/668768098","geometry":{"type":"Polygon","coordinates":[[[4.8171042,44.1327253],[4.8171041,44.1327182],[4.8170951,44.1326639],[4.8170928,44.1326503],[4.8169326,44.1326622],[4.8169129,44.1326637],[4.8169262,44.1327286],[4.8169277,44.132735],[4.8169483,44.1327326],[4.8171042,44.1327253]]]},"properties":{"bridge":"yes","bridge:structure":"beam","layer":"1","man_made":"bridge","surface":"asphalt","osm_type":"way","osm_id":668768098,"@id":"way/668768098","bridge_role":"deck"}},{"type":"Feature","id":"way/668881598","geometry":{"type":"Polygon","coordinates":[[[4.7695484,43.9284038],[4.7695836,43.9283394],[4.7696107,43.92829],[4.7701384,43.9280408],[4.7706538,43.9277792],[4.7706402,43.9278183],[4.7706237,43.9278779],[4.7701639,43.9281084],[4.7695484,43.9284038]]]},"properties":{"bridge:structure":"beam","layer":"1","man_made":"bridge","osm_type":"way","osm_id":668881598,"@id":"way/668881598","bridge_role":"deck"}},{"type":"Feature","id":"way/668881599","geometry":{"type":"Polygon","coordinates":[[[4.7697186,43.9280794],[4.7697391,43.9280335],[4.7697662,43.9279728],[4.7697986,43.9279002],[4.76982,43.9278521],[4.7703108,43.9276569],[4.7708267,43.9274609],[4.7707976,43.9275304],[4.7707802,43.9275762],[4.7707541,43.9276354],[4.7707346,43.9276866],[4.7702008,43.9278921],[4.7697186,43.9280794]]]},"properties":{"bridge:structure":"beam","layer":"1","man_made":"bridge","osm_type":"way","osm_id":668881599,"@id":"way/668881599","bridge_role":"deck"}},{"type":"Feature","id":"way/669709045","geometry":{"type":"Polygon","coordinates":[[[4.8320097,43.9399629],[4.8319807,43.9397834],[4.8319924,43.939784],[4.8320441,43.9397868],[4.8321593,43.9397931],[4.8322336,43.9397972],[4.8322583,43.9399523],[4.8321844,43.9399554],[4.832066,43.9399605],[4.8320188,43.9399625],[4.8320097,43.9399629]]]},"properties":{"bridge:structure":"beam","layer":"1","man_made":"bridge","osm_type":"way","osm_id":669709045,"@id":"way/669709045","bridge_role":"deck"}},{"type":"Feature","id":"way/669709046","geometry":{"type":"Polygon","coordinates":[[[4.8388961,43.9462831],[4.8388737,43.9462301],[4.8388559,43.9461879],[4.8391094,43.9461912],[4.8393659,43.946185],[4.8398519,43.9461607],[4.8398747,43.9461989],[4.8399017,43.9462442],[4.8392938,43.9462768],[4.8388961,43.9462831]]]},"properties":{"bridge:structure":"beam","layer":"1","man_made":"bridge","osm_type":"way","osm_id":669709046,"@id":"way/669709046","bridge_role":"deck"}},{"type":"Feature","id":"way/669709048","geometry":{"type":"Polygon","coordinates":[[[4.8403538,43.95067],[4.8403518,43.950623],[4.8403501,43.9505834],[4.8412208,43.9505641],[4.8412226,43.9506057],[4.8412245,43.9506507],[4.8403538,43.95067]]]},"properties":{"layer":"1","man_made":"bridge","osm_type":"way","osm_id":669709048,"@id":"way/669709048","bridge_role":"deck"}},{"type":"Feature","id":"way/669709049","geometry":{"type":"Polygon","coordinates":[[[4.8402918,43.9526776],[4.8403505,43.9526826],[4.8404051,43.9526874],[4.8405316,43.9526983],[4.8406172,43.9527057],[4.8407039,43.9523841],[4.8406244,43.9523816],[4.8404982,43.9523776],[4.840378,43.9523738],[4.8402918,43.9526776]]]},"properties":{"layer":"1","man_made":"bridge","osm_type":"way","osm_id":669709049,"@id":"way/669709049","bridge_role":"deck"}},{"type":"Feature","id":"way/669709051","geometry":{"type":"Polygon","coordinates":[[[4.8396664,43.9540059],[4.8397409,43.9540086],[4.8398678,43.9540082],[4.8399939,43.9540079],[4.8400817,43.9540077],[4.84014,43.9540075],[4.8399186,43.9544234],[4.8398598,43.9544091],[4.839799,43.9543942],[4.8396817,43.9543656],[4.8396112,43.9543484],[4.8395501,43.9543324],[4.8396195,43.954197],[4.839646,43.9540998],[4.8396664,43.9540059]]]},"properties":{"bridge:structure":"beam","layer":"1","man_made":"bridge","osm_type":"way","osm_id":669709051,"@id":"way/669709051","bridge_role":"deck"}},{"type":"Feature","id":"way/669709052","geometry":{"type":"Polygon","coordinates":[[[4.8392929,43.9548339],[4.8393579,43.9548394],[4.8394249,43.9548451],[4.8395558,43.9548561],[4.8396904,43.9548675],[4.8395387,43.9551416],[4.8394085,43.9551373],[4.8392755,43.955133],[4.8392279,43.9551314],[4.8391212,43.9551279],[4.8392929,43.9548339]]]},"properties":{"layer":"1","man_made":"bridge","osm_type":"way","osm_id":669709052,"@id":"way/669709052","bridge_role":"deck"}},{"type":"Feature","id":"way/669709053","geometry":{"type":"Polygon","coordinates":[[[4.8399989,43.9575742],[4.8399381,43.9576122],[4.8398926,43.9576405],[4.839782,43.9575541],[4.8397203,43.9575853],[4.8396612,43.9576153],[4.8394885,43.957447],[4.839346,43.9572865],[4.8392106,43.957105],[4.8391011,43.9568965],[4.8390233,43.9567295],[4.838961,43.9565155],[4.8390454,43.9565071],[4.8391766,43.9564939],[4.8392475,43.9564869],[4.8392783,43.9566081],[4.8393417,43.9567886],[4.8394757,43.9570272],[4.8395881,43.9571859],[4.8397466,43.9573685],[4.8398922,43.9575033],[4.8399989,43.9575742]]]},"properties":{"bridge:structure":"beam","colour":"yellow","layer":"1","man_made":"bridge","material":"concrete","osm_type":"way","osm_id":669709053,"@id":"way/669709053","bridge_role":"deck"}},{"type":"Feature","id":"way/669713353","geometry":{"type":"Polygon","coordinates":[[[4.9061928,43.9539493],[4.9062267,43.9538975],[4.9062499,43.9538622],[4.907103,43.9538202],[4.9070861,43.9538539],[4.9070623,43.9539014],[4.9061928,43.9539493]]]},"properties":{"bridge:structure":"beam","layer":"1","man_made":"bridge","osm_type":"way","osm_id":669713353,"@id":"way/669713353","bridge_role":"deck"}},{"type":"Feature","id":"way/669713355","geometry":{"type":"Polygon","coordinates":[[[4.9035807,43.9579449],[4.9036034,43.9579093],[4.9036298,43.9578679],[4.9043661,43.9580294],[4.9043444,43.9580652],[4.904324,43.9580988],[4.9035807,43.9579449]]]},"properties":{"bridge:structure":"beam","layer":"1","man_made":"bridge","osm_type":"way","osm_id":669713355,"@id":"way/669713355","bridge_role":"deck"}},{"type":"Feature","id":"way/669713357","geometry":{"type":"Polygon","coordinates":[[[4.8980324,43.9664332],[4.8980563,43.9663916],[4.8980864,43.9663465],[4.8985755,43.9669938],[4.8985416,43.9670211],[4.8984993,43.9670527],[4.8980324,43.9664332]]]},"properties":{"bridge:structure":"beam","layer":"1","man_made":"bridge","osm_type":"way","osm_id":669713357,"@id":"way/669713357","bridge_role":"deck"}},{"type":"Feature","id":"way/669713359","geometry":{"type":"Polygon","coordinates":[[[4.8952429,43.9737376],[4.8953404,43.9734845],[4.8954545,43.9735309],[4.8956079,43.9735932],[4.8957209,43.9736392],[4.8956058,43.9739042],[4.8955025,43.9738568],[4.8953509,43.9737872],[4.8952429,43.9737376]]]},"properties":{"bridge:structure":"beam","layer":"1","man_made":"bridge","osm_type":"way","osm_id":669713359,"@id":"way/669713359","bridge_role":"deck"}},{"type":"Feature","id":"way/669713360","geometry":{"type":"Polygon","coordinates":[[[4.8923498,43.98081],[4.8923684,43.9807639],[4.8923893,43.980712],[4.8924018,43.9806809],[4.89244,43.9806753],[4.8932503,43.9805564],[4.8932377,43.9805885],[4.8932154,43.9806454],[4.8932015,43.9806809],[4.8923498,43.98081]]]},"properties":{"bridge:structure":"beam","layer":"1","man_made":"bridge","ref:FR:ASF":"Avignon Nord-1885.1","osm_type":"way","osm_id":669713360,"@id":"way/669713360","bridge_role":"deck"}},{"type":"Feature","id":"way/669713361","geometry":{"type":"Polygon","coordinates":[[[4.8877402,43.9919761],[4.8877651,43.9919223],[4.8877897,43.9918694],[4.8887977,43.9917482],[4.888772,43.991789],[4.8887399,43.99184],[4.8877402,43.9919761]]]},"properties":{"bridge:structure":"beam","layer":"1","man_made":"bridge","ref:FR:ASF":"CD6-1872","osm_type":"way","osm_id":669713361,"@id":"way/669713361","bridge_role":"deck"}},{"type":"Feature","id":"way/669713362","geometry":{"type":"Polygon","coordinates":[[[4.8874731,43.9999916],[4.8874543,43.9999422],[4.887438,43.9998995],[4.8875145,43.999859],[4.8882059,43.9994935],[4.8882181,43.9995428],[4.8882305,43.9995931],[4.8874731,43.9999916]]]},"properties":{"bridge:structure":"beam","layer":"1","man_made":"bridge","osm_type":"way","osm_id":669713362,"@id":"way/669713362","bridge_role":"deck"}},{"type":"Feature","id":"way/669713365","geometry":{"type":"Polygon","coordinates":[[[4.88908,44.0061742],[4.8890321,44.0059335],[4.8891622,44.0059478],[4.8893276,44.005966],[4.8894681,44.0059814],[4.8895102,44.0061931],[4.8893814,44.0061875],[4.8892186,44.0061803],[4.88908,44.0061742]]]},"properties":{"layer":"1","man_made":"bridge","osm_type":"way","osm_id":669713365,"@id":"way/669713365","bridge_role":"deck"}},{"type":"Feature","id":"way/669713368","geometry":{"type":"Polygon","coordinates":[[[4.8906015,44.0147189],[4.890611,44.0146719],[4.8906204,44.014625],[4.8897895,44.0145976],[4.8897793,44.0146457],[4.8897701,44.0146887],[4.8906015,44.0147189]]]},"properties":{"bridge:structure":"beam","layer":"1","man_made":"bridge","osm_type":"way","osm_id":669713368,"@id":"way/669713368","bridge_role":"deck"}},{"type":"Feature","id":"way/669713369","geometry":{"type":"Polygon","coordinates":[[[4.8854111,44.0322482],[4.8855014,44.032328],[4.8856254,44.0324375],[4.8857197,44.0325208],[4.8858359,44.0322784],[4.8857371,44.0321922],[4.8856171,44.0320875],[4.8855278,44.0320096],[4.8854111,44.0322482]]]},"properties":{"layer":"1","man_made":"bridge","osm_type":"way","osm_id":669713369,"@id":"way/669713369","bridge_role":"deck"}},{"type":"Feature","id":"way/669713370","geometry":{"type":"Polygon","coordinates":[[[4.8868844,44.0300147],[4.8868346,44.0298796],[4.8867341,44.029642],[4.8866194,44.0293572],[4.8867794,44.0292464],[4.8868427,44.0294223],[4.8869298,44.0296643],[4.8869846,44.0298165],[4.8868844,44.0300147]]]},"properties":{"bridge:structure":"beam","layer":"1","man_made":"bridge","osm_type":"way","osm_id":669713370,"@id":"way/669713370","bridge_role":"deck"}},{"type":"Feature","id":"way/669713371","geometry":{"type":"Polygon","coordinates":[[[4.8842632,44.0364307],[4.8838827,44.0361534],[4.8839686,44.0357224],[4.8840283,44.035493],[4.8843911,44.0357198],[4.884307,44.0361042],[4.8842632,44.0364307]]]},"properties":{"bridge:structure":"beam","layer":"1","man_made":"bridge","osm_type":"way","osm_id":669713371,"@id":"way/669713371","bridge_role":"deck"}},{"type":"Feature","id":"way/669713372","geometry":{"type":"Polygon","coordinates":[[[4.8836482,44.0378665],[4.8836452,44.0377959],[4.8836419,44.0377211],[4.8844138,44.0380087],[4.8844201,44.0380804],[4.8844263,44.0381513],[4.8836482,44.0378665]]]},"properties":{"bridge:structure":"beam","layer":"1","man_made":"bridge","osm_type":"way","osm_id":669713372,"@id":"way/669713372","bridge_role":"deck"}},{"type":"Feature","id":"way/670157961","geometry":{"type":"Polygon","coordinates":[[[4.8417638,43.9584241],[4.8418615,43.9584089],[4.8420033,43.9583766],[4.8420391,43.9583695],[4.842344,43.9584427],[4.8422426,43.9584889],[4.8421814,43.9585172],[4.8417638,43.9584241]]]},"properties":{"bridge:structure":"beam","layer":"1","man_made":"bridge","osm_type":"way","osm_id":670157961,"@id":"way/670157961","bridge_role":"deck"}},{"type":"Feature","id":"way/670157963","geometry":{"type":"Polygon","coordinates":[[[4.8414867,43.9584866],[4.8415692,43.9584484],[4.8416401,43.9584161],[4.8420262,43.9585172],[4.8419208,43.9585398],[4.8417934,43.9585743],[4.8414867,43.9584866]]]},"properties":{"bridge:structure":"beam","layer":"1","man_made":"bridge","osm_type":"way","osm_id":670157963,"@id":"way/670157963","bridge_role":"deck"}},{"type":"Feature","id":"way/682539179","geometry":{"type":"Polygon","coordinates":[[[5.03043,44.0375402],[5.0305055,44.0374102],[5.0305957,44.0372947],[5.0307264,44.037165],[5.0307876,44.037196],[5.0308424,44.0372199],[5.0307132,44.0373603],[5.0306363,44.0374693],[5.0305701,44.0375821],[5.0305018,44.0375621],[5.03043,44.0375402]]]},"properties":{"layer":"1","man_made":"bridge","operator":"CD84","osm_type":"way","osm_id":682539179,"@id":"way/682539179","bridge_role":"deck"}},{"type":"Feature","id":"way/687955235","geometry":{"type":"Polygon","coordinates":[[[5.3925725,43.8768542],[5.3926448,43.8768636],[5.3927972,43.8768848],[5.3928964,43.8768982],[5.3932665,43.8766836],[5.3931836,43.8766572],[5.3931049,43.8766367],[5.3930576,43.8766259],[5.3928823,43.8765734],[5.3929178,43.8765956],[5.3929319,43.8766198],[5.3929252,43.8766556],[5.3929064,43.8766696],[5.3925725,43.8768542]]]},"properties":{"bridge:structure":"beam","layer":"1","man_made":"bridge","osm_type":"way","osm_id":687955235,"@id":"way/687955235","bridge_role":"deck"}},{"type":"Feature","id":"way/688113758","geometry":{"type":"Polygon","coordinates":[[[4.8476498,43.9340974],[4.8478334,43.9340507],[4.8476946,43.9336201],[4.8476221,43.9333762],[4.8476073,43.9333266],[4.847589,43.9332666],[4.8475484,43.9331032],[4.8475438,43.9330828],[4.8475281,43.9330139],[4.8475087,43.9329283],[4.8474037,43.9329566],[4.8472534,43.932997],[4.8472771,43.9330783],[4.8472923,43.9331303],[4.847353,43.9333383],[4.8473833,43.933433],[4.8476498,43.9340974]]]},"properties":{"layer":"1","man_made":"bridge","osm_type":"way","osm_id":688113758,"@id":"way/688113758","bridge_role":"deck"}},{"type":"Feature","id":"way/689327353","geometry":{"type":"Polygon","coordinates":[[[4.9406741,44.0071476],[4.9406622,44.0071089],[4.9406524,44.0070578],[4.9406467,44.0070235],[4.9408224,44.0070128],[4.9409532,44.006994],[4.9412003,44.0069641],[4.9412075,44.0069954],[4.9412226,44.0070453],[4.9412358,44.0070857],[4.9410459,44.0071133],[4.9408461,44.0071338],[4.9406741,44.0071476]]]},"properties":{"layer":"1","man_made":"bridge","osm_type":"way","osm_id":689327353,"@id":"way/689327353","bridge_role":"deck"}},{"type":"Feature","id":"way/690876661","geometry":{"type":"Polygon","coordinates":[[[4.8633921,44.1008413],[4.863441,44.1008082],[4.8634811,44.1007809],[4.8635359,44.1008226],[4.8635903,44.1008665],[4.8636011,44.1008753],[4.8637174,44.1009691],[4.8637208,44.1009735],[4.8637345,44.1009837],[4.863743,44.1009895],[4.8638665,44.1010998],[4.863877,44.1011086],[4.8640201,44.1012244],[4.8640311,44.1012343],[4.8640563,44.1012525],[4.8641263,44.101303],[4.8640428,44.1013574],[4.8639726,44.1013093],[4.8639476,44.1012921],[4.8639366,44.1012831],[4.8637925,44.1011629],[4.8637802,44.1011523],[4.863775,44.1011456],[4.8636501,44.1010468],[4.8636462,44.1010446],[4.8636325,44.1010344],[4.8636305,44.1010313],[4.86351,44.100934],[4.8634987,44.1009249],[4.8634469,44.100883],[4.8633921,44.1008413]]]},"properties":{"bridge:structure":"beam","layer":"1","man_made":"bridge","panoramax:SE":"243a9f99-a908-4a51-be76-35d438ca3703","panoramax:SW":"52dfd798-e7f2-4264-9298-2d2e22a0767d","osm_type":"way","osm_id":690876661,"@id":"way/690876661","bridge_role":"deck"}},{"type":"Feature","id":"way/692382032","geometry":{"type":"Polygon","coordinates":[[[4.8897412,44.0393287],[4.8897462,44.0393331],[4.8897793,44.0393621],[4.8898148,44.0393932],[4.889821,44.0393987],[4.8891185,44.0398129],[4.8891118,44.039807],[4.8890768,44.0397763],[4.8890474,44.0397506],[4.8890387,44.0397429],[4.8897412,44.0393287]]]},"properties":{"layer":"1","man_made":"bridge","osm_type":"way","osm_id":692382032,"@id":"way/692382032","bridge_role":"deck"}},{"type":"Feature","id":"way/692528697","geometry":{"type":"Polygon","coordinates":[[[4.8580398,43.9726703],[4.8581101,43.9726981],[4.8582189,43.9727411],[4.8582597,43.9727572],[4.8582342,43.973261],[4.8581913,43.9732423],[4.858094,43.9732001],[4.8580277,43.9731712],[4.8580398,43.9726703]]]},"properties":{"bridge:structure":"beam","layer":"1","man_made":"bridge","osm_type":"way","osm_id":692528697,"@id":"way/692528697","bridge_role":"deck"}},{"type":"Feature","id":"way/692528711","geometry":{"type":"Polygon","coordinates":[[[4.8690797,44.0172225],[4.8690421,44.0173002],[4.8689836,44.017421],[4.8689456,44.0174993],[4.8691414,44.0178301],[4.8691751,44.0177419],[4.8692294,44.0176],[4.8692594,44.0175215],[4.8690797,44.0172225]]]},"properties":{"bridge:structure":"beam","layer":"1","man_made":"bridge","osm_type":"way","osm_id":692528711,"@id":"way/692528711","bridge_role":"deck"}},{"type":"Feature","id":"way/692528712","geometry":{"type":"Polygon","coordinates":[[[4.8631816,44.0056704],[4.8632648,44.0056963],[4.8633765,44.0057311],[4.8634605,44.0057572],[4.8635209,44.0049614],[4.8634476,44.0049345],[4.8633355,44.0048934],[4.8632607,44.0048659],[4.8631816,44.0056704]]]},"properties":{"layer":"1","man_made":"bridge","osm_type":"way","osm_id":692528712,"@id":"way/692528712","bridge_role":"deck"}},{"type":"Feature","id":"way/693686062","geometry":{"type":"Polygon","coordinates":[[[5.0476873,43.8176796],[5.0477023,43.8176374],[5.047718,43.817593],[5.049288,43.8178829],[5.0492715,43.8179294],[5.0492573,43.8179695],[5.0476873,43.8176796]]]},"properties":{"bridge:structure":"beam","layer":"1","man_made":"bridge","osm_type":"way","osm_id":693686062,"@id":"way/693686062","bridge_role":"deck"}},{"type":"Feature","id":"way/693686063","geometry":{"type":"Polygon","coordinates":[[[5.0395086,43.8180139],[5.0395118,43.8180798],[5.0395153,43.8181407],[5.03905,43.8183294],[5.0330694,43.8207301],[5.0324873,43.820972],[5.0321024,43.8211684],[5.0318683,43.8213219],[5.0317383,43.8214307],[5.0316847,43.821399],[5.0316069,43.8213571],[5.0317396,43.8212512],[5.0319985,43.821076],[5.0324142,43.8208588],[5.0330392,43.8206072],[5.0390499,43.8181988],[5.0395086,43.8180139]]]},"properties":{"bridge:structure":"beam","layer":"1","man_made":"bridge","osm_type":"way","osm_id":693686063,"@id":"way/693686063","bridge_role":"deck"}},{"type":"Feature","id":"way/705795106","geometry":{"type":"Polygon","coordinates":[[[4.7076059,44.2550017],[4.7076901,44.255076],[4.7077528,44.2551284],[4.7080516,44.2544403],[4.7084123,44.2535745],[4.7087043,44.2528977],[4.7086352,44.2528437],[4.7085472,44.2527827],[4.7082523,44.2534804],[4.7078914,44.2543373],[4.7076059,44.2550017]]]},"properties":{"bridge:structure":"arch","layer":"1","man_made":"bridge","osm_type":"way","osm_id":705795106,"@id":"way/705795106","bridge_role":"deck"}},{"type":"Feature","id":"way/710497120","geometry":{"type":"Polygon","coordinates":[[[4.8950033,43.9875574],[4.895017,43.9875615],[4.8950866,43.9875822],[4.8951736,43.9876081],[4.895651,43.9873015],[4.8955644,43.9872669],[4.8955119,43.987246],[4.8954985,43.9872407],[4.8950033,43.9875574]]]},"properties":{"bridge:structure":"beam","layer":"1","man_made":"bridge","osm_type":"way","osm_id":710497120,"@id":"way/710497120","bridge_role":"deck"}},{"type":"Feature","id":"way/710497164","geometry":{"type":"Polygon","coordinates":[[[4.9127092,43.9929182],[4.9127834,43.9929282],[4.912846,43.9929394],[4.9129701,43.9933919],[4.9129008,43.9933799],[4.9128373,43.9933688],[4.9127092,43.9929182]]]},"properties":{"bridge:structure":"beam","layer":"1","man_made":"bridge","osm_type":"way","osm_id":710497164,"@id":"way/710497164","bridge_role":"deck"}},{"type":"Feature","id":"way/710497167","geometry":{"type":"Polygon","coordinates":[[[4.9543338,44.0132809],[4.9543742,44.0132287],[4.9544278,44.0131592],[4.9544669,44.0131086],[4.9547712,44.0132302],[4.9547291,44.0132847],[4.9546738,44.0133563],[4.9546382,44.0134025],[4.9543338,44.0132809]]]},"properties":{"layer":"1","man_made":"bridge","osm_type":"way","osm_id":710497167,"@id":"way/710497167","bridge_role":"deck"}},{"type":"Feature","id":"way/710497168","geometry":{"type":"Polygon","coordinates":[[[4.9399768,43.9973232],[4.939955,43.9973679],[4.9399303,43.9974185],[4.9397097,43.9972482],[4.9394824,43.9970962],[4.939504,43.9970484],[4.9395234,43.9970057],[4.9397519,43.9971614],[4.9399768,43.9973232]]]},"properties":{"bridge:structure":"beam","layer":"1","man_made":"bridge","osm_type":"way","osm_id":710497168,"@id":"way/710497168","bridge_role":"deck"}},{"type":"Feature","id":"way/710699449","geometry":{"type":"Polygon","coordinates":[[[4.911466,43.9382995],[4.9114694,43.9382605],[4.9114734,43.9382188],[4.9122298,43.9380653],[4.9122249,43.9381103],[4.9122192,43.9381507],[4.911466,43.9382995]]]},"properties":{"bridge:structure":"beam","layer":"1","man_made":"bridge","osm_type":"way","osm_id":710699449,"@id":"way/710699449","bridge_role":"deck"}},{"type":"Feature","id":"way/713998549","geometry":{"type":"Polygon","coordinates":[[[5.0300271,44.0385673],[5.0300904,44.038605],[5.0301504,44.038641],[5.0302248,44.0383301],[5.0301588,44.0382887],[5.0300988,44.038253],[5.0300271,44.0385673]]]},"properties":{"layer":"1","man_made":"bridge","operator":"CD84","osm_type":"way","osm_id":713998549,"@id":"way/713998549","bridge_role":"deck"}},{"type":"Feature","id":"way/714735080","geometry":{"type":"Polygon","coordinates":[[[4.7845338,44.134526],[4.7845792,44.1344874],[4.7846203,44.1344524],[4.7851688,44.1351218],[4.7851163,44.1351441],[4.7850575,44.135169],[4.7849639,44.1350541],[4.7847278,44.1347642],[4.7845912,44.1345964],[4.7845338,44.134526]]]},"properties":{"bridge:structure":"beam","layer":"1","man_made":"bridge","osm_type":"way","osm_id":714735080,"@id":"way/714735080","bridge_role":"deck"}},{"type":"Feature","id":"way/714888676","geometry":{"type":"Polygon","coordinates":[[[5.0261459,43.9554601],[5.0262022,43.955185],[5.0262669,43.9552024],[5.0263846,43.9552342],[5.0263309,43.9555035],[5.0262152,43.9554764],[5.0261459,43.9554601]]]},"properties":{"layer":"1","man_made":"bridge","osm_type":"way","osm_id":714888676,"@id":"way/714888676","bridge_role":"deck"}},{"type":"Feature","id":"way/727331928","geometry":{"type":"Polygon","coordinates":[[[4.8113278,44.1452214],[4.8114298,44.1452587],[4.8115016,44.1451576],[4.8115317,44.1451152],[4.8115461,44.1450949],[4.8115477,44.1450927],[4.8115705,44.1450607],[4.8115868,44.1450378],[4.811613,44.1450008],[4.8116285,44.1449791],[4.8116533,44.1449441],[4.8116568,44.144939],[4.8116733,44.1449152],[4.8116966,44.1448815],[4.8117097,44.1448626],[4.8117364,44.1448241],[4.8117527,44.1448006],[4.8117797,44.1447615],[4.8117914,44.1447447],[4.8118189,44.1447049],[4.8118357,44.1446807],[4.8118564,44.1446508],[4.8118741,44.1446253],[4.8118977,44.1445911],[4.8119146,44.1445667],[4.8119407,44.1445314],[4.8119579,44.1445081],[4.8119868,44.1444689],[4.8120004,44.1444516],[4.8120368,44.1444019],[4.8120973,44.1443193],[4.811995,44.1442819],[4.8119349,44.1443665],[4.8118993,44.1444167],[4.8118875,44.1444333],[4.8118588,44.1444737],[4.8118422,44.144497],[4.8118165,44.1445333],[4.8118005,44.1445558],[4.8117747,44.1445921],[4.8117593,44.1446138],[4.8117353,44.1446476],[4.8117197,44.1446696],[4.8116923,44.1447082],[4.8116794,44.1447263],[4.8116516,44.1447655],[4.8116362,44.1447871],[4.8116084,44.1448262],[4.8115977,44.1448414],[4.8115704,44.1448797],[4.8115555,44.1449009],[4.8115518,44.144906],[4.8115302,44.1449364],[4.8115268,44.1449412],[4.8115111,44.1449632],[4.8114843,44.145001],[4.8114673,44.1450249],[4.8114473,44.1450531],[4.8114435,44.1450585],[4.8114309,44.1450762],[4.8113993,44.1451208],[4.8113834,44.1451431],[4.8113278,44.1452214]]]},"properties":{"bridge":"yes","layer":"1","man_made":"bridge","name":"Pont des 13 arches","panoramax:E":"bbc77e5f-276a-4ec8-887e-feb96eed1651","panoramax:SW":"0700fbb5-5990-461b-892a-81c619566a76","wikidata":"Q139814508","wikimedia_commons":"File:Pont des 13 arches, r des 13 arches -nord-, Orange (Vaucluse) 2022-05-07.JPG","osm_type":"way","osm_id":727331928,"@id":"way/727331928","bridge_role":"deck"}},{"type":"Feature","id":"way/737228980","geometry":{"type":"Polygon","coordinates":[[[4.8848172,43.9822215],[4.8848509,43.9822439],[4.8848891,43.9822692],[4.8850909,43.9818876],[4.8852409,43.9816364],[4.8852031,43.9816133],[4.8851637,43.9815893],[4.8850154,43.9818492],[4.8848172,43.9822215]]]},"properties":{"bridge:structure":"beam","layer":"2","man_made":"bridge","osm_type":"way","osm_id":737228980,"@id":"way/737228980","bridge_role":"deck"}},{"type":"Feature","id":"way/739507830","geometry":{"type":"Polygon","coordinates":[[[4.8734307,43.9756006],[4.8735196,43.9756166],[4.8736027,43.9756315],[4.8739975,43.9762247],[4.8739081,43.9761963],[4.873825,43.9761699],[4.8734307,43.9756006]]]},"properties":{"bridge:structure":"beam","layer":"1","man_made":"bridge","osm_type":"way","osm_id":739507830,"@id":"way/739507830","bridge_role":"deck"}},{"type":"Feature","id":"way/739529662","geometry":{"type":"Polygon","coordinates":[[[5.0289703,43.9198782],[5.0290523,43.9198575],[5.0291289,43.9198382],[5.0292842,43.9193426],[5.0292333,43.9193559],[5.0291397,43.9193804],[5.0290888,43.9193937],[5.0290605,43.9195212],[5.0289703,43.9198782]]]},"properties":{"layer":"1","man_made":"bridge","osm_type":"way","osm_id":739529662,"@id":"way/739529662","bridge_role":"deck"}},{"type":"Feature","id":"way/739529665","geometry":{"type":"Polygon","coordinates":[[[5.029377,43.9184778],[5.0294274,43.918472],[5.0295105,43.9184624],[5.0295756,43.9184549],[5.0294191,43.9188999],[5.0293586,43.9189056],[5.0292801,43.9189129],[5.0292326,43.9189174],[5.029377,43.9184778]]]},"properties":{"layer":"1","man_made":"bridge","osm_type":"way","osm_id":739529665,"@id":"way/739529665","bridge_role":"deck"}},{"type":"Feature","id":"way/739529666","geometry":{"type":"Polygon","coordinates":[[[5.0298609,43.917089],[5.0299288,43.9170952],[5.0300049,43.9171022],[5.0300315,43.9169515],[5.0299614,43.9169451],[5.0298875,43.9169384],[5.0298609,43.917089]]]},"properties":{"layer":"1","man_made":"bridge","osm_type":"way","osm_id":739529666,"@id":"way/739529666","bridge_role":"deck"}},{"type":"Feature","id":"way/739747908","geometry":{"type":"Polygon","coordinates":[[[5.0746825,44.2390084],[5.0745545,44.23887],[5.0745999,44.2388484],[5.0746561,44.2388218],[5.0747841,44.2389602],[5.0747329,44.2389845],[5.0746825,44.2390084]]]},"properties":{"bridge:structure":"arch","layer":"1","man_made":"bridge","name":"Pont Romain","wikidata":"Q2179572","osm_type":"way","osm_id":739747908,"@id":"way/739747908","bridge_role":"deck"}},{"type":"Feature","id":"way/739761624","geometry":{"type":"Polygon","coordinates":[[[4.7985628,43.9262661],[4.7988454,43.9263379],[4.7990894,43.926419],[4.7991091,43.9264256],[4.7992704,43.92649],[4.7992736,43.9265061],[4.7992826,43.9265506],[4.7993046,43.9266603],[4.7993178,43.9267255],[4.7993196,43.9267345],[4.7991619,43.9266736],[4.7989593,43.9266028],[4.7986058,43.9264963],[4.7986032,43.9264824],[4.7985926,43.9264255],[4.7985747,43.9263297],[4.7985669,43.9262883],[4.7985628,43.9262661]]]},"properties":{"bridge:structure":"beam","layer":"1","man_made":"bridge","osm_type":"way","osm_id":739761624,"@id":"way/739761624","bridge_role":"deck"}},{"type":"Feature","id":"way/741282336","geometry":{"type":"Polygon","coordinates":[[[5.400282,43.8757854],[5.4003219,43.8757369],[5.400574,43.8758664],[5.4005333,43.8759181],[5.400282,43.8757854]]]},"properties":{"bridge:structure":"beam","layer":"1","man_made":"bridge","osm_type":"way","osm_id":741282336,"@id":"way/741282336","bridge_role":"deck"}},{"type":"Feature","id":"way/741282337","geometry":{"type":"Polygon","coordinates":[[[5.3998726,43.8763778],[5.3999163,43.8763206],[5.3999557,43.8762692],[5.4002212,43.8763746],[5.4001786,43.8764303],[5.4001382,43.8764832],[5.3998726,43.8763778]]]},"properties":{"bridge:structure":"beam","layer":"1","man_made":"bridge","osm_type":"way","osm_id":741282337,"@id":"way/741282337","bridge_role":"deck"}},{"type":"Feature","id":"way/741282339","geometry":{"type":"Polygon","coordinates":[[[5.396619,43.8775534],[5.3967039,43.8775419],[5.3966305,43.8773187],[5.396557,43.877334],[5.396619,43.8775534]]]},"properties":{"layer":"1","man_made":"bridge","osm_type":"way","osm_id":741282339,"@id":"way/741282339","bridge_role":"deck"}},{"type":"Feature","id":"way/742082905","geometry":{"type":"Polygon","coordinates":[[[4.9042876,43.9822024],[4.9043638,43.9822272],[4.9044313,43.9822491],[4.9046269,43.9820903],[4.9045524,43.982072],[4.9044723,43.9820524],[4.9042876,43.9822024]]]},"properties":{"layer":"1","man_made":"bridge","osm_type":"way","osm_id":742082905,"@id":"way/742082905","bridge_role":"deck"}},{"type":"Feature","id":"way/746499959","geometry":{"type":"Polygon","coordinates":[[[5.0454166,44.0575433],[5.0454778,44.0575415],[5.0455235,44.0575402],[5.0455104,44.0573007],[5.0454622,44.0573021],[5.0454035,44.0573038],[5.0454166,44.0575433]]]},"properties":{"bridge:structure":"beam","layer":"1","man_made":"bridge","osm_type":"way","osm_id":746499959,"@id":"way/746499959","bridge_role":"deck"}},{"type":"Feature","id":"way/749055732","geometry":{"type":"Polygon","coordinates":[[[4.7017232,44.2879011],[4.7018911,44.2878864],[4.7018959,44.2879323],[4.7020843,44.2879755],[4.7019551,44.2882685],[4.7020179,44.2886558],[4.7018524,44.2886782],[4.7018428,44.2885961],[4.7016725,44.2885581],[4.7017836,44.2882607],[4.7017232,44.2879011]]]},"properties":{"layer":"1","man_made":"bridge","osm_type":"way","osm_id":749055732,"@id":"way/749055732","bridge_role":"deck"}},{"type":"Feature","id":"way/750090259","geometry":{"type":"LineString","coordinates":[[4.7793643,43.9424919],[4.7832612,43.9382715]]},"properties":{"bridge":"yes","bridge:structure":"truss","electrified":"contact_line","frequency":"0","gauge":"1435","importance":"national","layer":"1","loading_gauge":"TSI_GB1","maxspeed":"60","name":"Ligne de Villeneuve-l\u00e8s-Avignon \u00e0 Avignon","operator":"SNCF R\u00e9seau","passenger_lines":"2","railway":"rail","railway:bidirectional":"possible","railway:kvb":"yes","railway:preferred_direction":"backward","railway:radio":"gsm-r","railway:track_capacity":"850","railway:track_class":"D4","railway:track_ref":"2","railway:traffic_mode":"freight","ref":"824000","ref:FR:SNCF_Reseau":"824000,1,V2,1.334,4.211","start_date":"1905","usage":"main","voltage":"1500","osm_type":"way","osm_id":750090259,"@id":"way/750090259","bridge_role":"structure"}},{"type":"Feature","id":"way/755510325","geometry":{"type":"Polygon","coordinates":[[[4.7921586,44.1291125],[4.7921769,44.1290981],[4.7923668,44.1289487],[4.792378,44.1289399],[4.7924135,44.128701],[4.7924329,44.1285321],[4.7924347,44.1281078],[4.7923103,44.1281995],[4.792302,44.1282056],[4.7922797,44.1284247],[4.7922585,44.128633],[4.7922577,44.1286413],[4.7922467,44.1286994],[4.7921923,44.1289868],[4.7921586,44.1291125]]]},"properties":{"bridge:structure":"beam","layer":"1","man_made":"bridge","osm_type":"way","osm_id":755510325,"@id":"way/755510325","bridge_role":"deck"}},{"type":"Feature","id":"way/755510326","geometry":{"type":"Polygon","coordinates":[[[4.7922971,44.1279877],[4.7923152,44.1279871],[4.7924398,44.1279827],[4.7924429,44.1279826],[4.7924453,44.1277179],[4.792436,44.1277182],[4.7923055,44.1277226],[4.7922931,44.127723],[4.7922947,44.1278301],[4.7922957,44.1278939],[4.7922971,44.1279877]]]},"properties":{"layer":"1","man_made":"bridge","osm_type":"way","osm_id":755510326,"@id":"way/755510326","bridge_role":"deck"}},{"type":"Feature","id":"way/755511507","geometry":{"type":"Polygon","coordinates":[[[4.7902935,44.1306393],[4.7903535,44.1305868],[4.7903589,44.1305821],[4.7901873,44.1304119],[4.7901236,44.1303306],[4.7899449,44.1301134],[4.7898829,44.130161],[4.7898705,44.1301706],[4.7900086,44.1303255],[4.7901342,44.1304691],[4.7902351,44.1305732],[4.7902935,44.1306393]]]},"properties":{"bridge":"yes","bridge:structure":"beam","layer":"1","man_made":"bridge","osm_type":"way","osm_id":755511507,"@id":"way/755511507","bridge_role":"deck"}},{"type":"Feature","id":"way/755511508","geometry":{"type":"Polygon","coordinates":[[[4.7903666,44.1305749],[4.790372,44.1305709],[4.7904054,44.1305461],[4.7904124,44.1305408],[4.7904428,44.1305183],[4.7904467,44.1305154],[4.7903537,44.1303687],[4.7903059,44.1302891],[4.7902113,44.130114],[4.7901273,44.1299573],[4.7901178,44.1299657],[4.7900862,44.1299936],[4.7900445,44.1300305],[4.790042,44.1300327],[4.7901156,44.130181],[4.7902242,44.1303679],[4.7903117,44.1304944],[4.7903666,44.1305749]]]},"properties":{"bridge:structure":"beam","layer":"1","man_made":"bridge","osm_type":"way","osm_id":755511508,"@id":"way/755511508","bridge_role":"deck"}},{"type":"Feature","id":"way/755511509","geometry":{"type":"Polygon","coordinates":[[[4.7874163,44.1161952],[4.7874082,44.1161399],[4.7873947,44.1160487],[4.7873899,44.1160157],[4.7874126,44.1160204],[4.7875987,44.1160587],[4.7877402,44.1160878],[4.7877517,44.1160902],[4.78777,44.1162434],[4.7877629,44.1162424],[4.7876225,44.1162233],[4.7875783,44.1162173],[4.7874405,44.1161985],[4.7874163,44.1161952]]]},"properties":{"bridge:structure":"beam","layer":"1","man_made":"bridge","osm_type":"way","osm_id":755511509,"@id":"way/755511509","bridge_role":"deck"}},{"type":"Feature","id":"way/755511510","geometry":{"type":"Polygon","coordinates":[[[4.7859352,44.1110966],[4.7859108,44.1110338],[4.7860633,44.1110149],[4.7860948,44.1110681],[4.7859352,44.1110966]]]},"properties":{"layer":"1","man_made":"bridge","osm_type":"way","osm_id":755511510,"@id":"way/755511510","bridge_role":"deck"}},{"type":"Feature","id":"way/757927895","geometry":{"type":"Polygon","coordinates":[[[4.8945867,43.9147044],[4.894603,43.9147005],[4.8946145,43.9146972],[4.894679,43.9144488],[4.8946673,43.9144488],[4.8946535,43.9144482],[4.8945867,43.9147044]]]},"properties":{"layer":"1","man_made":"bridge","osm_type":"way","osm_id":757927895,"@id":"way/757927895","bridge_role":"deck"}},{"type":"Feature","id":"way/758048399","geometry":{"type":"Polygon","coordinates":[[[4.8319471,43.938427],[4.8319567,43.938423],[4.8321851,43.9383279],[4.8322032,43.9375567],[4.8319751,43.9376582],[4.8319635,43.9376634],[4.8319538,43.9381886],[4.8319471,43.938427]]]},"properties":{"bridge:structure":"beam","layer":"1","man_made":"bridge","osm_type":"way","osm_id":758048399,"@id":"way/758048399","bridge_role":"deck"}},{"type":"Feature","id":"way/758454105","geometry":{"type":"Polygon","coordinates":[[[4.7821749,43.9337984],[4.7822023,43.9337534],[4.782228,43.9337111],[4.782755,43.9337569],[4.7827318,43.9337967],[4.7827081,43.9338372],[4.7821749,43.9337984]]]},"properties":{"bridge:structure":"beam","layer":"1","man_made":"bridge","osm_type":"way","osm_id":758454105,"@id":"way/758454105","bridge_role":"deck"}},{"type":"Feature","id":"way/759104701","geometry":{"type":"Polygon","coordinates":[[[5.0629491,43.9260299],[5.0629172,43.925849],[5.0629739,43.9258438],[5.0629907,43.9258423],[5.0630595,43.925836],[5.0630914,43.9260169],[5.063021,43.9260233],[5.0629491,43.9260299]]]},"properties":{"layer":"1","man_made":"bridge","osm_type":"way","osm_id":759104701,"@id":"way/759104701","bridge_role":"deck"}},{"type":"Feature","id":"way/759132569","geometry":{"type":"Polygon","coordinates":[[[4.8774185,44.0870662],[4.8774561,44.0869757],[4.8777938,44.087062],[4.8778313,44.0870716],[4.8780184,44.0871195],[4.878364,44.0872078],[4.878362,44.0872136],[4.8783322,44.0872975],[4.8783305,44.0873022],[4.8779703,44.087209],[4.8777862,44.0871614],[4.8777613,44.0871549],[4.8774185,44.0870662]]]},"properties":{"bridge:structure":"beam","layer":"1","man_made":"bridge","osm_type":"way","osm_id":759132569,"@id":"way/759132569","bridge_role":"deck"}},{"type":"Feature","id":"way/761035068","geometry":{"type":"Polygon","coordinates":[[[4.9245129,43.9932766],[4.9244421,43.9932697],[4.9245044,43.9929422],[4.9245774,43.9929494],[4.9246451,43.9929561],[4.9245828,43.9932835],[4.9245129,43.9932766]]]},"properties":{"bridge:structure":"beam","layer":"1","man_made":"bridge","osm_type":"way","osm_id":761035068,"@id":"way/761035068","bridge_role":"deck"}},{"type":"Feature","id":"way/765608321","geometry":{"type":"Polygon","coordinates":[[[4.9183693,44.1073327],[4.9183549,44.1072909],[4.9183393,44.1072478],[4.918434,44.1072305],[4.9186001,44.1072001],[4.9186457,44.1071918],[4.9188916,44.1071469],[4.9189395,44.1071382],[4.9191023,44.1071095],[4.9191759,44.1070966],[4.919192,44.1071401],[4.9192068,44.1071803],[4.9191324,44.1071935],[4.9189714,44.1072227],[4.9189232,44.1072315],[4.9186823,44.1072755],[4.9186362,44.107284],[4.9184642,44.1073154],[4.9183693,44.1073327]]]},"properties":{"bridge:structure":"arch","height":"0.80","layer":"1","man_made":"bridge","material":"concrete","panoramax:NE":"82e15ad1-6a4c-4c1f-8763-653eff48e98e","panoramax:SW":"7bb891c6-03f4-4b2a-89e6-41d762190c56","ref":"PT0333","wikidata":"Q138499025","osm_type":"way","osm_id":765608321,"@id":"way/765608321","bridge_role":"deck"}},{"type":"Feature","id":"way/765608325","geometry":{"type":"Polygon","coordinates":[[[4.9188244,44.1091318],[4.9188167,44.1091163],[4.9188053,44.1090911],[4.9199164,44.1088249],[4.9199266,44.1088448],[4.9199371,44.1088675],[4.9188244,44.1091318]]]},"properties":{"bridge:structure":"arch","layer":"1","man_made":"bridge","osm_type":"way","osm_id":765608325,"@id":"way/765608325","bridge_role":"deck"}},{"type":"Feature","id":"way/765608326","geometry":{"type":"Polygon","coordinates":[[[4.9200144,44.1088463],[4.9200047,44.108826],[4.9199957,44.1088074],[4.9201649,44.1087654],[4.9201744,44.1087852],[4.9201836,44.1088044],[4.9200144,44.1088463]]]},"properties":{"bridge:structure":"beam","layer":"1","man_made":"bridge","osm_type":"way","osm_id":765608326,"@id":"way/765608326","bridge_role":"deck"}},{"type":"Feature","id":"way/765608327","geometry":{"type":"Polygon","coordinates":[[[4.9180627,44.1093284],[4.9180523,44.1093081],[4.9180432,44.1092904],[4.9184406,44.1091851],[4.9184497,44.1092029],[4.9184601,44.1092231],[4.9180627,44.1093284]]]},"properties":{"bridge:structure":"beam","layer":"1","man_made":"bridge","osm_type":"way","osm_id":765608327,"@id":"way/765608327","bridge_role":"deck"}},{"type":"Feature","id":"way/772905903","geometry":{"type":"Polygon","coordinates":[[[5.0515641,43.7959782],[5.0516621,43.7961125],[5.0520945,43.7955356],[5.0519562,43.7954567],[5.0515641,43.7959782]]]},"properties":{"bridge:structure":"beam","layer":"1","man_made":"bridge","osm_type":"way","osm_id":772905903,"@id":"way/772905903","bridge_role":"deck"}},{"type":"Feature","id":"way/772905905","geometry":{"type":"Polygon","coordinates":[[[5.0536042,43.7932815],[5.0537859,43.7932941],[5.0540818,43.7929046],[5.0543817,43.7925066],[5.0542115,43.7924784],[5.0539134,43.7928799],[5.0536042,43.7932815]]]},"properties":{"layer":"1","man_made":"bridge","osm_type":"way","osm_id":772905905,"@id":"way/772905905","bridge_role":"deck"}},{"type":"Feature","id":"way/774597763","geometry":{"type":"Polygon","coordinates":[[[4.7637374,44.1661124],[4.7637746,44.1660802],[4.7638076,44.1660541],[4.7642624,44.166513],[4.7642208,44.1665351],[4.7641838,44.1665557],[4.7637374,44.1661124]]]},"properties":{"bridge:structure":"beam","layer":"1","man_made":"bridge","osm_type":"way","osm_id":774597763,"@id":"way/774597763","bridge_role":"deck"}},{"type":"Feature","id":"way/774597764","geometry":{"type":"Polygon","coordinates":[[[4.7590202,44.1725379],[4.7590655,44.1724555],[4.7591909,44.1724563],[4.7592508,44.1724566],[4.7592696,44.1724567],[4.7594881,44.172458],[4.7595064,44.1724581],[4.7597213,44.1724594],[4.7597447,44.1724596],[4.7597743,44.1724597],[4.7599104,44.1724613],[4.7598621,44.1725452],[4.7597227,44.1725439],[4.7596822,44.1725436],[4.7596619,44.1725434],[4.7594561,44.1725416],[4.7594372,44.1725415],[4.7592183,44.1725396],[4.7592025,44.1725395],[4.7591461,44.172539],[4.7590202,44.1725379]]]},"properties":{"bridge:structure":"beam","layer":"1","man_made":"bridge","osm_type":"way","osm_id":774597764,"@id":"way/774597764","bridge_role":"deck"}},{"type":"Feature","id":"way/782044913","geometry":{"type":"Polygon","coordinates":[[[4.871453,44.0138002],[4.8715223,44.0138255],[4.8715943,44.0138517],[4.8718582,44.0135194],[4.8718001,44.0134798],[4.8717393,44.0134383],[4.871453,44.0138002]]]},"properties":{"layer":"1","man_made":"bridge","osm_type":"way","osm_id":782044913,"@id":"way/782044913","bridge_role":"deck"}},{"type":"Feature","id":"way/782772125","geometry":{"type":"Polygon","coordinates":[[[4.9987048,44.0803118],[4.9988135,44.080176],[4.9988836,44.0802241],[4.9987678,44.0803607],[4.9987048,44.0803118]]]},"properties":{"bridge:structure":"beam","layer":"1","man_made":"bridge","osm_type":"way","osm_id":782772125,"@id":"way/782772125","bridge_role":"deck"}},{"type":"Feature","id":"way/783364453","geometry":{"type":"Polygon","coordinates":[[[4.7237362,44.2108876],[4.7237417,44.2108565],[4.7237477,44.2108226],[4.724473,44.2108887],[4.724467,44.2109224],[4.7244615,44.2109537],[4.7237362,44.2108876]]]},"properties":{"bridge:structure":"beam","layer":"1","man_made":"bridge","osm_type":"way","osm_id":783364453,"@id":"way/783364453","bridge_role":"deck"}},{"type":"Feature","id":"way/783364455","geometry":{"type":"Polygon","coordinates":[[[4.7180405,44.2192399],[4.7180687,44.2192153],[4.7180976,44.21919],[4.7186655,44.2195234],[4.7186367,44.2195486],[4.7186084,44.2195734],[4.7180405,44.2192399]]]},"properties":{"bridge:structure":"beam","layer":"1","man_made":"bridge","osm_type":"way","osm_id":783364455,"@id":"way/783364455","bridge_role":"deck"}},{"type":"Feature","id":"way/783364458","geometry":{"type":"Polygon","coordinates":[[[4.7070003,44.2408299],[4.7069979,44.2407854],[4.7069957,44.2407437],[4.7077626,44.2407229],[4.7077649,44.2407674],[4.7077671,44.240809],[4.7070003,44.2408299]]]},"properties":{"bridge:structure":"beam","layer":"1","man_made":"bridge","osm_type":"way","osm_id":783364458,"@id":"way/783364458","bridge_role":"deck"}},{"type":"Feature","id":"way/783577468","geometry":{"type":"Polygon","coordinates":[[[4.7598113,44.1788214],[4.759824,44.1788252],[4.7598944,44.1788466],[4.7599775,44.178872],[4.7600025,44.1788796],[4.75996,44.1789512],[4.7599411,44.1789455],[4.7598556,44.1789194],[4.7597827,44.1788972],[4.7597689,44.178893],[4.7598113,44.1788214]]]},"properties":{"layer":"1","man_made":"bridge","osm_type":"way","osm_id":783577468,"@id":"way/783577468","bridge_role":"deck"}},{"type":"Feature","id":"way/787643621","geometry":{"type":"Polygon","coordinates":[[[4.7366209,44.1653223],[4.7366225,44.1653045],[4.736624,44.1652878],[4.7367787,44.1652949],[4.736777,44.1653142],[4.7367757,44.1653294],[4.7366209,44.1653223]]]},"properties":{"layer":"1","man_made":"bridge","osm_type":"way","osm_id":787643621,"@id":"way/787643621","bridge_role":"deck"}},{"type":"Feature","id":"way/787909950","geometry":{"type":"Polygon","coordinates":[[[5.05711,44.2354408],[5.0569571,44.2353515],[5.0571945,44.2353169],[5.0573447,44.235412],[5.05711,44.2354408]]]},"properties":{"layer":"1","man_made":"bridge","osm_type":"way","osm_id":787909950,"@id":"way/787909950","bridge_role":"deck"}},{"type":"Feature","id":"way/788174430","geometry":{"type":"Polygon","coordinates":[[[5.5498416,43.7247384],[5.5498403,43.7246996],[5.5498392,43.7246601],[5.5502762,43.7246529],[5.5502775,43.7246936],[5.5502786,43.7247313],[5.5498416,43.7247384]]]},"properties":{"layer":"1","man_made":"bridge","osm_type":"way","osm_id":788174430,"@id":"way/788174430","bridge_role":"deck"}},{"type":"Feature","id":"way/788174432","geometry":{"type":"Polygon","coordinates":[[[5.5507777,43.7242182],[5.5507481,43.7241215],[5.5507707,43.7241179],[5.5507956,43.7241139],[5.5508252,43.7242106],[5.5508,43.7242146],[5.5507777,43.7242182]]]},"properties":{"layer":"1","man_made":"bridge","osm_type":"way","osm_id":788174432,"@id":"way/788174432","bridge_role":"deck"}},{"type":"Feature","id":"way/793215794","geometry":{"type":"Polygon","coordinates":[[[5.0299896,44.1210523],[5.0300568,44.1209282],[5.0301135,44.120944],[5.0301654,44.1209585],[5.0300982,44.1210826],[5.0300407,44.1210666],[5.0299896,44.1210523]]]},"properties":{"layer":"1","man_made":"bridge","operator":"CD84","osm_type":"way","osm_id":793215794,"@id":"way/793215794","bridge_role":"deck"}},{"type":"Feature","id":"way/798879784","geometry":{"type":"Polygon","coordinates":[[[5.0391151,43.8765006],[5.0391485,43.8762908],[5.039171,43.8761802],[5.039208,43.8760105],[5.03929,43.876009],[5.0393732,43.8760074],[5.0393314,43.876177],[5.0393127,43.876286],[5.0392762,43.8764791],[5.0392015,43.876489],[5.0391151,43.8765006]]]},"properties":{"bridge:structure":"beam","layer":"1","man_made":"bridge","osm_type":"way","osm_id":798879784,"@id":"way/798879784","bridge_role":"deck"}},{"type":"Feature","id":"way/798909909","geometry":{"type":"Polygon","coordinates":[[[4.836879,44.1339861],[4.8369239,44.1339797],[4.8370227,44.1339679],[4.8369778,44.1337853],[4.8369125,44.1335191],[4.8368589,44.1333009],[4.8367472,44.1333151],[4.8367152,44.1333191],[4.8367765,44.1335689],[4.8368423,44.1338366],[4.836879,44.1339861]]]},"properties":{"bridge:structure":"beam","layer":"1","man_made":"bridge","osm_type":"way","osm_id":798909909,"@id":"way/798909909","bridge_role":"deck"}},{"type":"Feature","id":"way/799052139","geometry":{"type":"Polygon","coordinates":[[[5.3396076,43.7375799],[5.339642,43.7375951],[5.3396782,43.7376166],[5.3397417,43.7376559],[5.3399462,43.7375653],[5.3398791,43.7375233],[5.33984,43.737503],[5.3398088,43.7374893],[5.3396076,43.7375799]]]},"properties":{"layer":"1","man_made":"bridge","osm_type":"way","osm_id":799052139,"@id":"way/799052139","bridge_role":"deck"}},{"type":"Feature","id":"way/799052140","geometry":{"type":"Polygon","coordinates":[[[5.3408653,43.7368293],[5.3409109,43.7368586],[5.3409569,43.7368872],[5.340991,43.736904],[5.3414285,43.7365461],[5.3413923,43.7365249],[5.3413529,43.7364933],[5.3412947,43.7364685],[5.3408653,43.7368293]]]},"properties":{"layer":"1","man_made":"bridge","osm_type":"way","osm_id":799052140,"@id":"way/799052140","bridge_role":"deck"}},{"type":"Feature","id":"way/799052225","geometry":{"type":"Polygon","coordinates":[[[5.3673133,43.8828357],[5.3673848,43.8828444],[5.3674556,43.882853],[5.3674839,43.8827319],[5.3674153,43.8827236],[5.3673416,43.8827147],[5.3673133,43.8828357]]]},"properties":{"layer":"1","man_made":"bridge","operator":"CD84","osm_type":"way","osm_id":799052225,"@id":"way/799052225","bridge_role":"deck"}},{"type":"Feature","id":"way/799117821","geometry":{"type":"LineString","coordinates":[[4.8017786,43.950947],[4.801955,43.9508838]]},"properties":{"bridge":"yes","bridge:structure":"arch","cycleway:both":"no","hgv:conditional":"no @ (weight>25)","highway":"secondary","layer":"1","lit":"yes","name":"Pont \u00c9douard Daladier","name:etymology:wikidata":"Q213526","oneway":"yes","source":"survey","surface":"asphalt","osm_type":"way","osm_id":799117821,"@id":"way/799117821","bridge_role":"structure"}},{"type":"Feature","id":"way/799117822","geometry":{"type":"LineString","coordinates":[[4.801965,43.9509009],[4.8017786,43.950947]]},"properties":{"bridge":"yes","bridge:structure":"arch","cycleway:left":"no","cycleway:right":"separate","hgv:conditional":"no @ (weight>25)","highway":"secondary","layer":"1","lit":"yes","maxspeed":"50","maxspeed:type":"sign","name":"Pont \u00c9douard Daladier","name:etymology:wikidata":"Q213526","oneway":"yes","surface":"asphalt","osm_type":"way","osm_id":799117822,"@id":"way/799117822","bridge_role":"structure"}},{"type":"Feature","id":"way/799288364","geometry":{"type":"Polygon","coordinates":[[[4.8856451,43.982159],[4.8857316,43.9821715],[4.8857939,43.9821749],[4.8858375,43.9821744],[4.8858858,43.9821715],[4.8859207,43.9821686],[4.8859578,43.9821872],[4.8860018,43.9822091],[4.885922,43.9822193],[4.8858442,43.9822275],[4.8857785,43.9822304],[4.8857396,43.982227],[4.8856982,43.982196],[4.8856451,43.982159]]]},"properties":{"bridge:structure":"beam","layer":"1","man_made":"bridge","osm_type":"way","osm_id":799288364,"@id":"way/799288364","bridge_role":"deck"}},{"type":"Feature","id":"way/801891908","geometry":{"type":"Polygon","coordinates":[[[4.7278018,44.1990623],[4.727841,44.1990292],[4.7278842,44.1989926],[4.7288628,44.19946],[4.7288208,44.1994946],[4.7287794,44.1995272],[4.7278018,44.1990623]]]},"properties":{"bridge:structure":"beam","layer":"1","man_made":"bridge","osm_type":"way","osm_id":801891908,"@id":"way/801891908","bridge_role":"deck"}},{"type":"Feature","id":"way/802848252","geometry":{"type":"Polygon","coordinates":[[[4.8863681,44.1009233],[4.8863781,44.1008562],[4.88638,44.1007958],[4.8864816,44.1007823],[4.8865267,44.1007763],[4.8865593,44.1007714],[4.886583,44.1007679],[4.8866073,44.1007642],[4.8867755,44.1007421],[4.8868023,44.1007386],[4.8868103,44.1007375],[4.8868749,44.1007293],[4.8869226,44.1007232],[4.8869345,44.1007217],[4.887014,44.1007116],[4.8870033,44.1007714],[4.8869958,44.1008134],[4.8869913,44.1008385],[4.8869178,44.1008472],[4.8869024,44.100849],[4.886856,44.1008546],[4.8867909,44.1008623],[4.8867859,44.100863],[4.8867576,44.1008668],[4.8865989,44.1008882],[4.8865771,44.1008918],[4.8865527,44.1008955],[4.8865138,44.1009011],[4.8864637,44.1009087],[4.8863681,44.1009233]]]},"properties":{"bridge":"yes","bridge:structure":"beam","layer":"1","man_made":"bridge","operator":"CD84","owner":"CD84","panoramax:S:2020":"0161fff9-3db8-4295-8af1-b88e9b6db103","ref":"PT0122","wikidata":"Q138340117","osm_type":"way","osm_id":802848252,"@id":"way/802848252","bridge_role":"deck"}},{"type":"Feature","id":"way/806730209","geometry":{"type":"Polygon","coordinates":[[[4.8663717,43.9586699],[4.8663848,43.9586757],[4.8664074,43.9586856],[4.8664633,43.9587103],[4.8665024,43.9587275],[4.8665184,43.9587345],[4.8665843,43.9586569],[4.8665698,43.9586505],[4.8665306,43.9586332],[4.8664743,43.9586084],[4.8664524,43.9585988],[4.8664376,43.9585923],[4.8663717,43.9586699]]]},"properties":{"layer":"1","man_made":"bridge","osm_type":"way","osm_id":806730209,"@id":"way/806730209","bridge_role":"deck"}},{"type":"Feature","id":"way/806831190","geometry":{"type":"Polygon","coordinates":[[[4.910079,43.9478229],[4.9100957,43.9477838],[4.9101183,43.9477377],[4.9107277,43.948092],[4.910708,43.9481479],[4.9106915,43.9481832],[4.910079,43.9478229]]]},"properties":{"bridge:structure":"beam","layer":"1","man_made":"bridge","osm_type":"way","osm_id":806831190,"@id":"way/806831190","bridge_role":"deck"}},{"type":"Feature","id":"way/810494499","geometry":{"type":"Polygon","coordinates":[[[4.7501271,44.1842433],[4.7501466,44.1842154],[4.7501712,44.1841804],[4.7508675,44.1844316],[4.7508446,44.1844642],[4.7508234,44.1844944],[4.7501271,44.1842433]]]},"properties":{"bridge:structure":"beam","layer":"1","man_made":"bridge","osm_type":"way","osm_id":810494499,"@id":"way/810494499","bridge_role":"deck"}},{"type":"Feature","id":"way/810494516","geometry":{"type":"Polygon","coordinates":[[[4.7506844,44.2821336],[4.7507399,44.2821354],[4.750814,44.2821379],[4.7508587,44.2821394],[4.7508513,44.2823943],[4.7508664,44.2825555],[4.7508218,44.282554],[4.7507462,44.2825514],[4.7506918,44.2825495],[4.7506844,44.2823823],[4.7506837,44.2822757],[4.7506844,44.2821336]]]},"properties":{"bridge:structure":"beam","layer":"1","man_made":"bridge","osm_type":"way","osm_id":810494516,"@id":"way/810494516","bridge_role":"deck"}},{"type":"Feature","id":"way/810494525","geometry":{"type":"Polygon","coordinates":[[[4.7470335,44.282201],[4.7470844,44.2821998],[4.7471237,44.2821989],[4.7471163,44.28234],[4.7471472,44.2823592],[4.7471137,44.2823746],[4.7471143,44.2825224],[4.7471526,44.2825436],[4.7471184,44.2825647],[4.7471311,44.2826929],[4.747089,44.2826912],[4.7470466,44.2826895],[4.7470339,44.2825676],[4.7469977,44.2825484],[4.7470292,44.2825239],[4.7470265,44.2823736],[4.7469983,44.2823635],[4.7470272,44.2823448],[4.7470335,44.282201]]]},"properties":{"bridge:structure":"arch","layer":"1","man_made":"bridge","name":"Pont Colonel de Chabri\u00e8res","osm_type":"way","osm_id":810494525,"@id":"way/810494525","bridge_role":"deck"}},{"type":"Feature","id":"way/810494573","geometry":{"type":"Polygon","coordinates":[[[4.7393693,44.3235847],[4.7393763,44.3235394],[4.7393831,44.3234964],[4.7401039,44.3236135],[4.7400919,44.3236536],[4.740078,44.3236994],[4.7393693,44.3235847]]]},"properties":{"bridge:structure":"beam","layer":"1","man_made":"bridge","osm_type":"way","osm_id":810494573,"@id":"way/810494573","bridge_role":"deck"}},{"type":"Feature","id":"way/810494574","geometry":{"type":"Polygon","coordinates":[[[4.7394118,44.3233229],[4.7394205,44.3232868],[4.7394287,44.3232531],[4.7401556,44.3233434],[4.7401457,44.3233841],[4.7401386,44.3234132],[4.7394118,44.3233229]]]},"properties":{"bridge:structure":"beam","layer":"1","man_made":"bridge","osm_type":"way","osm_id":810494574,"@id":"way/810494574","bridge_role":"deck"}},{"type":"Feature","id":"way/810494575","geometry":{"type":"Polygon","coordinates":[[[4.7364195,44.3231059],[4.736433,44.3230634],[4.7364464,44.323021],[4.7386898,44.3233855],[4.7386769,44.3234262],[4.7386629,44.3234704],[4.7364195,44.3231059]]]},"properties":{"layer":"1","man_made":"bridge","osm_type":"way","osm_id":810494575,"@id":"way/810494575","bridge_role":"deck"}},{"type":"Feature","id":"way/810494576","geometry":{"type":"Polygon","coordinates":[[[4.7348023,44.3227083],[4.7348069,44.3226886],[4.734811,44.3226708],[4.7354628,44.3227563],[4.7354613,44.3227793],[4.7354601,44.3227966],[4.7348023,44.3227083]]]},"properties":{"layer":"1","man_made":"bridge","osm_type":"way","osm_id":810494576,"@id":"way/810494576","bridge_role":"deck"}},{"type":"Feature","id":"way/810494577","geometry":{"type":"Polygon","coordinates":[[[4.7347634,44.3228445],[4.7347618,44.322803],[4.7347601,44.3227534],[4.7355239,44.3228795],[4.7355221,44.3229261],[4.7355205,44.3229697],[4.7347634,44.3228445]]]},"properties":{"layer":"1","man_made":"bridge","osm_type":"way","osm_id":810494577,"@id":"way/810494577","bridge_role":"deck"}},{"type":"Feature","id":"way/810494587","geometry":{"type":"Polygon","coordinates":[[[4.6990679,44.3166179],[4.6990726,44.316573],[4.6990773,44.3165301],[4.6995856,44.3167052],[4.6995783,44.316748],[4.6995708,44.316792],[4.6990679,44.3166179]]]},"properties":{"bridge:structure":"beam","layer":"1","man_made":"bridge","osm_type":"way","osm_id":810494587,"@id":"way/810494587","bridge_role":"deck"}},{"type":"Feature","id":"way/810494588","geometry":{"type":"Polygon","coordinates":[[[4.6981097,44.316293],[4.6981095,44.3162415],[4.698111,44.3162009],[4.6986589,44.3163871],[4.6986569,44.3164311],[4.6986549,44.3164768],[4.6981097,44.316293]]]},"properties":{"bridge:structure":"beam","layer":"1","man_made":"bridge","osm_type":"way","osm_id":810494588,"@id":"way/810494588","bridge_role":"deck"}},{"type":"Feature","id":"way/813998705","geometry":{"type":"Polygon","coordinates":[[[5.3646455,43.7098778],[5.3646963,43.709866],[5.3647507,43.7098528],[5.3648261,43.7100146],[5.3649565,43.7102781],[5.3651651,43.7106773],[5.3657776,43.7118522],[5.3658654,43.7120162],[5.3658179,43.712029],[5.3657677,43.7120401],[5.3656802,43.7118799],[5.3655763,43.7116785],[5.3653678,43.7112838],[5.3650622,43.7107029],[5.3648531,43.710295],[5.3647351,43.7100636],[5.3646455,43.7098778]]]},"properties":{"layer":"1","man_made":"bridge","osm_type":"way","osm_id":813998705,"@id":"way/813998705","bridge_role":"deck"}},{"type":"Feature","id":"way/813998706","geometry":{"type":"Polygon","coordinates":[[[5.3734317,43.8758675],[5.3734865,43.8758556],[5.373542,43.8758435],[5.3734254,43.8755644],[5.3733676,43.875577],[5.3733152,43.8755884],[5.3734317,43.8758675]]]},"properties":{"bridge:structure":"beam","layer":"1","man_made":"bridge","osm_type":"way","osm_id":813998706,"@id":"way/813998706","bridge_role":"deck"}},{"type":"Feature","id":"way/814936360","geometry":{"type":"Polygon","coordinates":[[[5.0377893,43.854035],[5.0378213,43.8539873],[5.0378517,43.8539431],[5.0382172,43.8542101],[5.0384512,43.8543783],[5.0384227,43.8544227],[5.0383902,43.8544736],[5.0381353,43.8542985],[5.0377893,43.854035]]]},"properties":{"layer":"1","man_made":"bridge","osm_type":"way","osm_id":814936360,"@id":"way/814936360","bridge_role":"deck"}},{"type":"Feature","id":"way/814989790","geometry":{"type":"Polygon","coordinates":[[[5.3693698,43.8859868],[5.3693764,43.8859682],[5.369384,43.8859467],[5.3700302,43.886066],[5.3700222,43.8860885],[5.3700159,43.8861061],[5.3693698,43.8859868]]]},"properties":{"bridge:structure":"beam","layer":"1","man_made":"bridge","osm_type":"way","osm_id":814989790,"@id":"way/814989790","bridge_role":"deck"}},{"type":"Feature","id":"way/814989791","geometry":{"type":"Polygon","coordinates":[[[5.3665356,43.8854617],[5.3665432,43.8854408],[5.3665516,43.8854175],[5.3670321,43.8855076],[5.3670237,43.8855309],[5.3670162,43.8855518],[5.3665356,43.8854617]]]},"properties":{"bridge:structure":"beam","layer":"1","man_made":"bridge","osm_type":"way","osm_id":814989791,"@id":"way/814989791","bridge_role":"deck"}},{"type":"Feature","id":"way/820244104","geometry":{"type":"Polygon","coordinates":[[[4.9145207,43.89321],[4.9145048,43.8931688],[4.9144892,43.8931276],[4.914471,43.8930834],[4.9168791,43.8925678],[4.916895,43.8926092],[4.9169122,43.8926512],[4.9169275,43.8926895],[4.9145207,43.89321]]]},"properties":{"layer":"2","man_made":"bridge","osm_type":"way","osm_id":820244104,"@id":"way/820244104","bridge_role":"deck"}},{"type":"Feature","id":"way/823834474","geometry":{"type":"Polygon","coordinates":[[[4.7831698,43.922305],[4.783129,43.9222687],[4.7830999,43.9222428],[4.7832252,43.9222056],[4.7832519,43.922231],[4.7832851,43.9222625],[4.7831698,43.922305]]]},"properties":{"bridge:structure":"beam","layer":"1","man_made":"bridge","osm_type":"way","osm_id":823834474,"@id":"way/823834474","bridge_role":"deck"}},{"type":"Feature","id":"way/823834475","geometry":{"type":"Polygon","coordinates":[[[4.7829273,43.9221663],[4.782882,43.9221494],[4.7828084,43.9221218],[4.7829518,43.922078],[4.7830056,43.9221079],[4.7830436,43.922129],[4.7829273,43.9221663]]]},"properties":{"bridge:structure":"beam","layer":"1","man_made":"bridge","osm_type":"way","osm_id":823834475,"@id":"way/823834475","bridge_role":"deck"}},{"type":"Feature","id":"way/823834476","geometry":{"type":"Polygon","coordinates":[[[4.7825148,43.9220512],[4.7825082,43.9220397],[4.7824995,43.9220248],[4.7827054,43.921963],[4.7827161,43.9219773],[4.7827207,43.9219894],[4.7825148,43.9220512]]]},"properties":{"bridge:structure":"beam","layer":"1","man_made":"bridge","osm_type":"way","osm_id":823834476,"@id":"way/823834476","bridge_role":"deck"}},{"type":"Feature","id":"way/824188191","geometry":{"type":"Polygon","coordinates":[[[4.8206495,43.9483766],[4.8205905,43.9482762],[4.8206616,43.9482563],[4.8207199,43.9483587],[4.8206495,43.9483766]]]},"properties":{"bridge:structure":"beam","layer":"1","man_made":"bridge","osm_type":"way","osm_id":824188191,"@id":"way/824188191","bridge_role":"deck"}},{"type":"Feature","id":"way/824188192","geometry":{"type":"Polygon","coordinates":[[[4.8207964,43.9483386],[4.8207363,43.9482252],[4.8207903,43.9482127],[4.8208547,43.9483228],[4.8207964,43.9483386]]]},"properties":{"bridge:structure":"arch","layer":"1","man_made":"bridge","osm_type":"way","osm_id":824188192,"@id":"way/824188192","bridge_role":"deck"}},{"type":"Feature","id":"way/824188193","geometry":{"type":"Polygon","coordinates":[[[4.8209653,43.9482966],[4.8209073,43.9481867],[4.8209797,43.9481703],[4.8210357,43.9482787],[4.8209653,43.9482966]]]},"properties":{"bridge:structure":"beam","layer":"1","man_made":"bridge","osm_type":"way","osm_id":824188193,"@id":"way/824188193","bridge_role":"deck"}},{"type":"Feature","id":"way/824194819","geometry":{"type":"Polygon","coordinates":[[[4.810492,43.9418106],[4.8105154,43.9417748],[4.8105428,43.9417329],[4.8106166,43.9416197],[4.8108009,43.9416233],[4.8107111,43.9417364],[4.8106773,43.941779],[4.8106759,43.9417808],[4.8106523,43.9418106],[4.810492,43.9418106]]]},"properties":{"bridge:structure":"beam","layer":"1","man_made":"bridge","osm_type":"way","osm_id":824194819,"@id":"way/824194819","bridge_role":"deck"}},{"type":"Feature","id":"way/824194820","geometry":{"type":"Polygon","coordinates":[[[4.8089912,43.9418139],[4.809007,43.941776],[4.8090422,43.9416909],[4.8090519,43.9416665],[4.8090556,43.9416582],[4.8090738,43.9416144],[4.8090871,43.9415824],[4.8091007,43.9415499],[4.8092264,43.9415504],[4.8092114,43.9415921],[4.8091999,43.9416242],[4.809184,43.941668],[4.8091824,43.9416724],[4.8091596,43.9417357],[4.8091449,43.9417764],[4.8091312,43.9418146],[4.8089912,43.9418139]]]},"properties":{"bridge:structure":"beam","layer":"1","man_made":"bridge","osm_type":"way","osm_id":824194820,"@id":"way/824194820","bridge_role":"deck"}},{"type":"Feature","id":"way/824196012","geometry":{"type":"Polygon","coordinates":[[[4.8156782,44.1395269],[4.8156824,44.1395288],[4.8157126,44.1395422],[4.8157161,44.1395438],[4.8157466,44.1395184],[4.8158027,44.1394717],[4.8158063,44.1394687],[4.8157631,44.1394551],[4.8157585,44.139459],[4.8157061,44.1395033],[4.8156782,44.1395269]]]},"properties":{"layer":"1","man_made":"bridge","maxheight:physical":"2.6","panoramax:0":"a2b372fb-e732-416a-af25-236940a03e5a","panoramax:below":"001dbc32-b982-4f91-a059-f9e1905e9890","panoramax:ref":"a21505fa-9922-416f-8e60-9a90077fb7e3","ref":"132.04","osm_type":"way","osm_id":824196012,"@id":"way/824196012","bridge_role":"deck"}},{"type":"Feature","id":"way/824196013","geometry":{"type":"Polygon","coordinates":[[[4.8159215,44.1396314],[4.8157532,44.1395568],[4.8157834,44.1395321],[4.8158416,44.1394845],[4.8158616,44.1394682],[4.8160254,44.139546],[4.8159215,44.1396314]]]},"properties":{"layer":"1","man_made":"bridge","maxheight:physical":"2.6","panoramax":"05081fc8-3071-420a-a624-b2a6d703e972","wikidata":"Q139814850","osm_type":"way","osm_id":824196013,"@id":"way/824196013","bridge_role":"deck"}},{"type":"Feature","id":"way/824196014","geometry":{"type":"Polygon","coordinates":[[[4.8159215,44.1396314],[4.8160254,44.139546],[4.8160333,44.1395499],[4.8160731,44.1395693],[4.8160679,44.1395736],[4.8160152,44.139617],[4.8159799,44.1396461],[4.8159215,44.1396314]]]},"properties":{"layer":"1","man_made":"bridge","maxheight:physical":"2.6","panoramax":"a6b7d37f-a706-4916-99d1-48daf765a2ca","ref":"132.01","osm_type":"way","osm_id":824196014,"@id":"way/824196014","bridge_role":"deck"}},{"type":"Feature","id":"way/824196015","geometry":{"type":"Polygon","coordinates":[[[4.8137682,44.1417652],[4.8139372,44.1418115],[4.8139823,44.1417502],[4.8140045,44.14172],[4.8140417,44.1416694],[4.8138771,44.1416108],[4.8138425,44.1416598],[4.8138223,44.1416885],[4.8137682,44.1417652]]]},"properties":{"layer":"1","man_made":"bridge","panoramax":"2afde4d1-c003-42b9-9365-9a1d6e3dfe29","wikimedia_commons":"File:Pont unidirectionnel, r des 13 arches -sud-, Orange (Vaucluse) 2022-05-07.jpg","osm_type":"way","osm_id":824196015,"@id":"way/824196015","bridge_role":"deck"}},{"type":"Feature","id":"way/825355150","geometry":{"type":"Polygon","coordinates":[[[4.820055,43.9449865],[4.8201187,43.9450082],[4.82017,43.9448305],[4.8201134,43.9448145],[4.820055,43.9449865]]]},"properties":{"layer":"1","man_made":"bridge","osm_type":"way","osm_id":825355150,"@id":"way/825355150","bridge_role":"deck"}},{"type":"Feature","id":"way/825355151","geometry":{"type":"Polygon","coordinates":[[[4.8202054,43.9450375],[4.8202603,43.9448547],[4.8203169,43.944877],[4.8202709,43.9450477],[4.8202054,43.9450375]]]},"properties":{"layer":"1","man_made":"bridge","osm_type":"way","osm_id":825355151,"@id":"way/825355151","bridge_role":"deck"}},{"type":"Feature","id":"way/825355152","geometry":{"type":"Polygon","coordinates":[[[4.8199391,43.9454994],[4.81997,43.9453369],[4.8200435,43.9453216],[4.8200161,43.9454758],[4.8199391,43.9454994]]]},"properties":{"layer":"1","man_made":"bridge","osm_type":"way","osm_id":825355152,"@id":"way/825355152","bridge_role":"deck"}},{"type":"Feature","id":"way/825355153","geometry":{"type":"Polygon","coordinates":[[[4.8201258,43.9454115],[4.8201505,43.9452643],[4.8202258,43.9452516],[4.8202027,43.9453834],[4.8201258,43.9454115]]]},"properties":{"layer":"1","man_made":"bridge","osm_type":"way","osm_id":825355153,"@id":"way/825355153","bridge_role":"deck"}},{"type":"Feature","id":"way/825361388","geometry":{"type":"Polygon","coordinates":[[[4.7921748,43.9363993],[4.7922546,43.9364038],[4.7922884,43.9360929],[4.7922086,43.9360884],[4.7921748,43.9363993]]]},"properties":{"layer":"1","man_made":"bridge","osm_type":"way","osm_id":825361388,"@id":"way/825361388","bridge_role":"deck"}},{"type":"Feature","id":"way/825361389","geometry":{"type":"Polygon","coordinates":[[[4.7926013,43.9364492],[4.7929649,43.9364873],[4.7930331,43.9361467],[4.7926692,43.9361072],[4.7926013,43.9364492]]]},"properties":{"layer":"1","man_made":"bridge","osm_type":"way","osm_id":825361389,"@id":"way/825361389","bridge_role":"deck"}},{"type":"Feature","id":"way/825361390","geometry":{"type":"Polygon","coordinates":[[[4.7935239,43.9366519],[4.7936682,43.9366672],[4.7937184,43.9363325],[4.7937107,43.9363241],[4.7937494,43.9361276],[4.7936303,43.9361116],[4.7936131,43.9362258],[4.793596,43.9362243],[4.7935239,43.9366519]]]},"properties":{"layer":"1","man_made":"bridge","osm_type":"way","osm_id":825361390,"@id":"way/825361390","bridge_role":"deck"}},{"type":"Feature","id":"way/829622656","geometry":{"type":"Polygon","coordinates":[[[5.3673373,43.8864954],[5.3672872,43.8863501],[5.3675953,43.8863434],[5.3676078,43.8864766],[5.3673373,43.8864954]]]},"properties":{"bridge:structure":"beam","layer":"1","man_made":"bridge","osm_type":"way","osm_id":829622656,"@id":"way/829622656","bridge_role":"deck"}},{"type":"Feature","id":"way/838429801","geometry":{"type":"Polygon","coordinates":[[[4.9131721,43.977789],[4.9132274,43.9777625],[4.9132829,43.977736],[4.9133685,43.9778288],[4.9133131,43.9778553],[4.9132577,43.9778818],[4.9131721,43.977789]]]},"properties":{"layer":"1","man_made":"bridge","osm_type":"way","osm_id":838429801,"@id":"way/838429801","bridge_role":"deck"}},{"type":"Feature","id":"way/839056184","geometry":{"type":"Polygon","coordinates":[[[4.7336776,44.1650003],[4.7338693,44.1650358],[4.7339233,44.1649897],[4.7340258,44.1649021],[4.7340731,44.1648617],[4.7338753,44.1648348],[4.7338207,44.1648805],[4.7337102,44.164973],[4.7336776,44.1650003]]]},"properties":{"layer":"1","man_made":"bridge","osm_type":"way","osm_id":839056184,"@id":"way/839056184","bridge_role":"deck"}},{"type":"Feature","id":"way/839266926","geometry":{"type":"Polygon","coordinates":[[[4.9001185,44.0392234],[4.9001356,44.0392126],[4.9001398,44.0392064],[4.9001528,44.0391986],[4.9001545,44.0391873],[4.9001675,44.0390991],[4.9001505,44.0390844],[4.9001718,44.0390737],[4.9001929,44.0389566],[4.9001794,44.0389424],[4.9002047,44.0389326],[4.9002172,44.0388714],[4.9002221,44.0388473],[4.9002082,44.0388303],[4.9003293,44.0388382],[4.9002947,44.0388563],[4.9002896,44.0388758],[4.9002733,44.0389377],[4.9002912,44.0389538],[4.9002661,44.0389676],[4.9002442,44.0390798],[4.9002625,44.039097],[4.9002398,44.039109],[4.9002261,44.0391885],[4.9002239,44.0392016],[4.900243,44.039231],[4.9001185,44.0392234]]]},"properties":{"bridge:structure":"arch","layer":"1","man_made":"bridge","mapillary:E":"132403452159392","mapillary:W":"469060821033195","material":"stone","operator":"CD84","panoramax":"4f02631c-3ab5-4061-b71b-22df07585720","wikidata":"Q16964761","osm_type":"way","osm_id":839266926,"@id":"way/839266926","bridge_role":"deck"}},{"type":"Feature","id":"way/848302505","geometry":{"type":"Polygon","coordinates":[[[4.8974684,43.8979229],[4.8973734,43.8977812],[4.8978497,43.8976155],[4.8980501,43.8975457],[4.8982858,43.8974637],[4.8983808,43.8976055],[4.8978653,43.8977848],[4.8976643,43.8978548],[4.8974684,43.8979229]]]},"properties":{"bridge:structure":"beam","layer":"1","man_made":"bridge","osm_type":"way","osm_id":848302505,"@id":"way/848302505","bridge_role":"deck"}},{"type":"Feature","id":"way/848367873","geometry":{"type":"Polygon","coordinates":[[[4.8665442,43.9743554],[4.866656,43.9743772],[4.8668701,43.9739737],[4.8667468,43.9739421],[4.8665442,43.9743554]]]},"properties":{"bridge:structure":"beam","layer":"1","man_made":"bridge","osm_type":"way","osm_id":848367873,"@id":"way/848367873","bridge_role":"deck"}},{"type":"Feature","id":"way/848367874","geometry":{"type":"Polygon","coordinates":[[[4.8621355,43.9736622],[4.8621241,43.9736225],[4.862112,43.9735805],[4.8627767,43.9736368],[4.8627876,43.9736734],[4.862801,43.9737187],[4.8621355,43.9736622]]]},"properties":{"layer":"1","man_made":"bridge","osm_type":"way","osm_id":848367874,"@id":"way/848367874","bridge_role":"deck"}},{"type":"Feature","id":"way/848367875","geometry":{"type":"Polygon","coordinates":[[[4.8621069,43.9735626],[4.8620952,43.9735219],[4.8620775,43.9734601],[4.8627426,43.9735222],[4.8627569,43.9735703],[4.8627709,43.9736174],[4.8621069,43.9735626]]]},"properties":{"layer":"1","man_made":"bridge","osm_type":"way","osm_id":848367875,"@id":"way/848367875","bridge_role":"deck"}},{"type":"Feature","id":"way/848378036","geometry":{"type":"Polygon","coordinates":[[[4.884641,43.9819269],[4.8848927,43.9818396],[4.8855804,43.9822762],[4.8877379,43.9837003],[4.8879731,43.9838469],[4.8877544,43.9839558],[4.884641,43.9819269]]]},"properties":{"bridge:structure":"beam","layer":"1","man_made":"bridge","osm_type":"way","osm_id":848378036,"@id":"way/848378036","bridge_role":"deck"}},{"type":"Feature","id":"way/862547324","geometry":{"type":"Polygon","coordinates":[[[4.7408909,44.1925688],[4.7409638,44.1925192],[4.7404607,44.1920905],[4.7403982,44.1921506],[4.7408909,44.1925688]]]},"properties":{"bridge:structure":"beam","layer":"1","man_made":"bridge","osm_type":"way","osm_id":862547324,"@id":"way/862547324","bridge_role":"deck"}},{"type":"Feature","id":"way/863110638","geometry":{"type":"Polygon","coordinates":[[[4.8871946,44.0603467],[4.8871963,44.0602539],[4.8875704,44.0601789],[4.8876077,44.0601714],[4.887795,44.0601338],[4.8881855,44.0600555],[4.8881873,44.0601445],[4.8877972,44.060224],[4.8875966,44.0602648],[4.8875701,44.0602702],[4.8873839,44.0603081],[4.8871946,44.0603467]]]},"properties":{"bridge:structure":"beam","layer":"1","man_made":"bridge","osm_type":"way","osm_id":863110638,"@id":"way/863110638","bridge_role":"deck"}},{"type":"Feature","id":"way/863133408","geometry":{"type":"Polygon","coordinates":[[[4.8896766,44.0087471],[4.8896663,44.0086913],[4.8899266,44.0085598],[4.8900292,44.008508],[4.8900414,44.0085631],[4.8899382,44.0086152],[4.8897805,44.0086947],[4.8896766,44.0087471]]]},"properties":{"layer":"1","man_made":"bridge","osm_type":"way","osm_id":863133408,"@id":"way/863133408","bridge_role":"deck"}},{"type":"Feature","id":"way/863144044","geometry":{"type":"Polygon","coordinates":[[[4.9094955,43.9491905],[4.9096494,43.9489726],[4.9099715,43.9491854],[4.9098105,43.94943],[4.9094955,43.9491905]]]},"properties":{"bridge:structure":"beam","layer":"1","man_made":"bridge","osm_type":"way","osm_id":863144044,"@id":"way/863144044","bridge_role":"deck"}},{"type":"Feature","id":"way/863144045","geometry":{"type":"Polygon","coordinates":[[[4.9109519,43.9430086],[4.9109589,43.9429232],[4.9116933,43.9431462],[4.9116827,43.9432213],[4.9109519,43.9430086]]]},"properties":{"bridge:structure":"beam","layer":"1","man_made":"bridge","osm_type":"way","osm_id":863144045,"@id":"way/863144045","bridge_role":"deck"}},{"type":"Feature","id":"way/863144047","geometry":{"type":"Polygon","coordinates":[[[4.9124206,43.930082],[4.9124224,43.9300081],[4.9131904,43.9298768],[4.9131798,43.9299673],[4.9124206,43.930082]]]},"properties":{"bridge:structure":"beam","layer":"1","man_made":"bridge","osm_type":"way","osm_id":863144047,"@id":"way/863144047","bridge_role":"deck"}},{"type":"Feature","id":"way/863257608","geometry":{"type":"Polygon","coordinates":[[[4.9136402,43.9205726],[4.9136545,43.9204672],[4.9141057,43.9204672],[4.9140996,43.9205726],[4.9136402,43.9205726]]]},"properties":{"layer":"1","man_made":"bridge","osm_type":"way","osm_id":863257608,"@id":"way/863257608","bridge_role":"deck"}},{"type":"Feature","id":"way/863257612","geometry":{"type":"Polygon","coordinates":[[[4.9132692,43.9106252],[4.9132348,43.9105413],[4.9139645,43.9103864],[4.9139988,43.9104702],[4.9132692,43.9106252]]]},"properties":{"bridge:structure":"beam","layer":"1","man_made":"bridge","osm_type":"way","osm_id":863257612,"@id":"way/863257612","bridge_role":"deck"}},{"type":"Feature","id":"way/863261356","geometry":{"type":"Polygon","coordinates":[[[4.9121087,43.9010131],[4.9121368,43.9009232],[4.9130193,43.9006981],[4.9129764,43.9007889],[4.9121087,43.9010131]]]},"properties":{"bridge:structure":"beam","layer":"1","man_made":"bridge","osm_type":"way","osm_id":863261356,"@id":"way/863261356","bridge_role":"deck"}},{"type":"Feature","id":"way/863261359","geometry":{"type":"Polygon","coordinates":[[[4.9156066,43.8975411],[4.9156928,43.8974667],[4.9155249,43.8973857],[4.9153616,43.8973046],[4.9150986,43.8971321],[4.9150115,43.8972003],[4.9152756,43.8973737],[4.9154647,43.8974742],[4.9156066,43.8975411]]]},"properties":{"bridge:structure":"beam","layer":"1","man_made":"bridge","osm_type":"way","osm_id":863261359,"@id":"way/863261359","bridge_role":"deck"}},{"type":"Feature","id":"way/863261361","geometry":{"type":"Polygon","coordinates":[[[4.9193905,43.8921597],[4.9193467,43.8920393],[4.92097,43.8916903],[4.9222362,43.891417],[4.9238182,43.8910692],[4.923856,43.8911817],[4.9222809,43.8915274],[4.9212802,43.8917396],[4.9204414,43.8919216],[4.9193905,43.8921597]]]},"properties":{"bridge:structure":"beam","layer":"1","man_made":"bridge","name":"Viaduc de Bonpas","osm_type":"way","osm_id":863261361,"@id":"way/863261361","bridge_role":"deck"}},{"type":"Feature","id":"way/863262353","geometry":{"type":"Polygon","coordinates":[[[4.9217903,43.8894285],[4.9221785,43.8894718],[4.9228563,43.8870648],[4.9231768,43.8861721],[4.9234171,43.8855903],[4.9237236,43.8848886],[4.9238931,43.8845111],[4.9236898,43.8845033],[4.9234956,43.8844933],[4.9232106,43.8851151],[4.9229672,43.885688],[4.9226545,43.8865008],[4.9224342,43.8871503],[4.9222417,43.887782],[4.9220383,43.8885181],[4.9219397,43.8888656],[4.9217903,43.8894285]]]},"properties":{"layer":"1","man_made":"bridge","osm_type":"way","osm_id":863262353,"@id":"way/863262353","bridge_role":"deck"}},{"type":"Feature","id":"way/863263691","geometry":{"type":"Polygon","coordinates":[[[4.9165775,43.8891607],[4.9166445,43.8891492],[4.9167045,43.8891431],[4.9167575,43.8891391],[4.9167088,43.8888561],[4.916672,43.88854],[4.9166284,43.8882114],[4.9165841,43.8878728],[4.9165348,43.8875427],[4.9164932,43.8872166],[4.9164422,43.8868866],[4.9164006,43.8865546],[4.9163598,43.8862215],[4.9163165,43.8858932],[4.9162697,43.8855642],[4.9162292,43.8852286],[4.9161865,43.884898],[4.9161372,43.8845649],[4.9160911,43.8841301],[4.9160131,43.8841314],[4.9159616,43.8841322],[4.9159026,43.8841332],[4.9159647,43.8845816],[4.9160078,43.8849147],[4.9160582,43.8852429],[4.9161066,43.8855756],[4.9161491,43.8859105],[4.9161913,43.886239],[4.9162329,43.8865712],[4.9162728,43.886901],[4.9163238,43.8872325],[4.91637,43.8875634],[4.9164137,43.8878921],[4.9164594,43.8882233],[4.9164984,43.8885504],[4.9165358,43.8888739],[4.9165775,43.8891607]]]},"properties":{"bridge:structure":"beam","layer":"1","man_made":"bridge","name":"Pont de Bonpas","wikidata":"Q3396883","osm_type":"way","osm_id":863263691,"@id":"way/863263691","bridge_role":"deck"}},{"type":"Feature","id":"way/863302947","geometry":{"type":"Polygon","coordinates":[[[4.8647363,44.0109609],[4.8648117,44.0109367],[4.8649131,44.0109043],[4.8649973,44.0108774],[4.8651586,44.0111384],[4.8650779,44.0111642],[4.8649766,44.0111966],[4.8648976,44.0112219],[4.8647363,44.0109609]]]},"properties":{"layer":"1","man_made":"bridge","osm_type":"way","osm_id":863302947,"@id":"way/863302947","bridge_role":"deck"}},{"type":"Feature","id":"way/865221882","geometry":{"type":"Polygon","coordinates":[[[4.7355405,44.3005247],[4.7355868,44.30051],[4.7356337,44.3004951],[4.7355657,44.3003855],[4.7355192,44.3004003],[4.7354726,44.3004151],[4.7355405,44.3005247]]]},"properties":{"layer":"1","man_made":"bridge","osm_type":"way","osm_id":865221882,"@id":"way/865221882","bridge_role":"deck"}},{"type":"Feature","id":"way/865474805","geometry":{"type":"Polygon","coordinates":[[[4.8389326,44.1266009],[4.8389523,44.1265393],[4.8389428,44.1265252],[4.8389814,44.1265267],[4.8390877,44.1265309],[4.8391168,44.126532],[4.8391059,44.1265492],[4.8391,44.1266098],[4.8390614,44.1266077],[4.8389684,44.1266028],[4.8389326,44.1266009]]]},"properties":{"bridge":"yes","layer":"1","man_made":"bridge","surface":"asphalt","osm_type":"way","osm_id":865474805,"@id":"way/865474805","bridge_role":"deck"}},{"type":"Feature","id":"way/866268791","geometry":{"type":"Polygon","coordinates":[[[4.8290047,43.9228285],[4.8290315,43.9227583],[4.8290607,43.9227641],[4.8290924,43.9227704],[4.8290656,43.9228406],[4.8290359,43.9228347],[4.8290047,43.9228285]]]},"properties":{"bridge:structure":"beam","layer":"1","man_made":"bridge","name":"Pont du Joli Jean","osm_type":"way","osm_id":866268791,"@id":"way/866268791","bridge_role":"deck"}},{"type":"Feature","id":"way/871568834","geometry":{"type":"Polygon","coordinates":[[[4.7119926,44.2405168],[4.7120544,44.240504],[4.7120809,44.2404986],[4.7121057,44.2405602],[4.7120877,44.240564],[4.7120228,44.2405774],[4.7119957,44.2405829],[4.7119709,44.2405213],[4.7119926,44.2405168]]]},"properties":{"bridge:structure":"beam","layer":"1","man_made":"bridge","osm_type":"way","osm_id":871568834,"@id":"way/871568834","bridge_role":"deck"}},{"type":"Feature","id":"way/884350360","geometry":{"type":"Polygon","coordinates":[[[5.3786654,43.8845028],[5.3786597,43.8844968],[5.3785788,43.884411],[5.378796,43.8843026],[5.3788285,43.8843986],[5.3788304,43.8844042],[5.3786654,43.8845028]]]},"properties":{"bridge:structure":"beam","layer":"1","man_made":"bridge","osm_type":"way","osm_id":884350360,"@id":"way/884350360","bridge_role":"deck"}},{"type":"Feature","id":"way/887054446","geometry":{"type":"Polygon","coordinates":[[[4.8759247,43.9765239],[4.8758963,43.9764946],[4.8760917,43.9764313],[4.8761106,43.976464],[4.8759247,43.9765239]]]},"properties":{"layer":"1","man_made":"bridge","osm_type":"way","osm_id":887054446,"@id":"way/887054446","bridge_role":"deck"}},{"type":"Feature","id":"way/889510937","geometry":{"type":"Polygon","coordinates":[[[4.76097,44.1791874],[4.760864,44.1791124],[4.7609713,44.1791114],[4.7610638,44.1791778],[4.76097,44.1791874]]]},"properties":{"man_made":"bridge","osm_type":"way","osm_id":889510937,"@id":"way/889510937","bridge_role":"deck"}},{"type":"Feature","id":"way/889510938","geometry":{"type":"Polygon","coordinates":[[[4.7633249,44.17907],[4.7633699,44.1789835],[4.7634852,44.1789695],[4.7634342,44.1790647],[4.7633249,44.17907]]]},"properties":{"man_made":"bridge","osm_type":"way","osm_id":889510938,"@id":"way/889510938","bridge_role":"deck"}},{"type":"Feature","id":"way/889510939","geometry":{"type":"Polygon","coordinates":[[[4.7671283,44.1789036],[4.7671947,44.178857],[4.7673248,44.1788907],[4.767247,44.1789402],[4.7671283,44.1789036]]]},"properties":{"man_made":"bridge","osm_type":"way","osm_id":889510939,"@id":"way/889510939","bridge_role":"deck"}},{"type":"Feature","id":"way/891847347","geometry":{"type":"Polygon","coordinates":[[[4.8002489,44.1382075],[4.8002439,44.1381872],[4.8002374,44.138161],[4.8002277,44.1381219],[4.800226,44.138115],[4.8002441,44.138111],[4.8002619,44.138107],[4.8003383,44.1380899],[4.8003726,44.1380822],[4.8003759,44.1380937],[4.8003849,44.1381255],[4.800395,44.1381611],[4.8003955,44.138163],[4.8003995,44.1381769],[4.8003653,44.1381839],[4.8002886,44.1381994],[4.8002679,44.1382036],[4.8002489,44.1382075]]]},"properties":{"bridge":"yes","layer":"1","man_made":"bridge","surface":"asphalt","osm_type":"way","osm_id":891847347,"@id":"way/891847347","bridge_role":"deck"}},{"type":"Feature","id":"way/897182270","geometry":{"type":"Polygon","coordinates":[[[4.7991653,44.1226752],[4.7992073,44.1226382],[4.7992498,44.1226021],[4.7993951,44.1228722],[4.7995341,44.1231306],[4.7995216,44.1231394],[4.7994894,44.1231629],[4.7994567,44.1231873],[4.7994443,44.123197],[4.7993088,44.1229436],[4.7993002,44.1229275],[4.7991653,44.1226752]]]},"properties":{"bridge:structure":"beam","layer":"1","man_made":"bridge","surface":"asphalt","osm_type":"way","osm_id":897182270,"@id":"way/897182270","bridge_role":"deck"}},{"type":"Feature","id":"way/898041185","geometry":{"type":"Polygon","coordinates":[[[4.8698093,43.9925212],[4.869784,43.9924626],[4.869761,43.9924093],[4.8698727,43.9924364],[4.8701882,43.992513],[4.8702131,43.9925762],[4.8702344,43.9926302],[4.8701452,43.9926073],[4.8698994,43.9925443],[4.8698093,43.9925212]]]},"properties":{"bridge:structure":"humpback","layer":"1","man_made":"bridge","osm_type":"way","osm_id":898041185,"@id":"way/898041185","bridge_role":"deck"}},{"type":"Feature","id":"way/899024245","geometry":{"type":"Polygon","coordinates":[[[4.9395369,43.9969759],[4.9395595,43.9969259],[4.9395776,43.9968859],[4.9398156,43.9970422],[4.9400376,43.9971985],[4.9400143,43.9972463],[4.9399928,43.9972904],[4.9397714,43.9971252],[4.9395369,43.9969759]]]},"properties":{"bridge:structure":"beam","layer":"1","man_made":"bridge","osm_type":"way","osm_id":899024245,"@id":"way/899024245","bridge_role":"deck"}},{"type":"Feature","id":"way/901642910","geometry":{"type":"Polygon","coordinates":[[[4.7751733,44.1046817],[4.7753391,44.1046825],[4.7753397,44.10461],[4.7753415,44.1044169],[4.7753424,44.1043155],[4.7751767,44.1043147],[4.7751758,44.104409],[4.775174,44.1046056],[4.7751733,44.1046817]]]},"properties":{"bridge":"yes","layer":"1","man_made":"bridge","osm_type":"way","osm_id":901642910,"@id":"way/901642910","bridge_role":"deck"}},{"type":"Feature","id":"way/905604927","geometry":{"type":"Polygon","coordinates":[[[4.7999705,44.161046],[4.8000159,44.160983],[4.8000319,44.1609607],[4.8000447,44.1609429],[4.8000632,44.1609172],[4.8001048,44.1608594],[4.8002325,44.1609028],[4.8001919,44.1609586],[4.8001689,44.1609887],[4.8001559,44.1610061],[4.8001427,44.161024],[4.8000967,44.1610861],[4.7999705,44.161046]]]},"properties":{"layer":"1","man_made":"bridge","panoramax:E":"4c2c6614-4a73-4572-9138-fe1d8c0172ff;5f421f4a-c636-421b-92bc-76c36d0f8d82","panoramax:W":"387ce331-4155-4b02-a18c-b4220ce2f709","osm_type":"way","osm_id":905604927,"@id":"way/905604927","bridge_role":"deck"}},{"type":"Feature","id":"way/905925261","geometry":{"type":"Polygon","coordinates":[[[4.8035067,44.1381773],[4.8035066,44.1381555],[4.8035064,44.1381075],[4.8035063,44.1380944],[4.8035473,44.1380923],[4.803594,44.1380899],[4.8036067,44.1380893],[4.8036077,44.138097],[4.8036137,44.1381444],[4.8036169,44.1381701],[4.8036012,44.1381711],[4.8035563,44.1381741],[4.8035067,44.1381773]]]},"properties":{"bridge":"yes","layer":"1","man_made":"bridge","surface":"asphalt","osm_type":"way","osm_id":905925261,"@id":"way/905925261","bridge_role":"deck"}},{"type":"Feature","id":"way/912546279","geometry":{"type":"Polygon","coordinates":[[[5.0456624,44.0437502],[5.0456677,44.0436274],[5.0457146,44.0436284],[5.0457952,44.0436302],[5.0457899,44.043753],[5.0457135,44.0437513],[5.0456624,44.0437502]]]},"properties":{"layer":"1","man_made":"bridge","osm_type":"way","osm_id":912546279,"@id":"way/912546279","bridge_role":"deck"}},{"type":"Feature","id":"way/913429474","geometry":{"type":"Polygon","coordinates":[[[4.8796957,43.9053982],[4.8796306,43.9052749],[4.8799029,43.9051593],[4.879975,43.9052754],[4.8796957,43.9053982]]]},"properties":{"layer":"1","man_made":"bridge","osm_type":"way","osm_id":913429474,"@id":"way/913429474","bridge_role":"deck"}},{"type":"Feature","id":"way/913429475","geometry":{"type":"Polygon","coordinates":[[[4.8265714,43.9161926],[4.8265097,43.9160775],[4.8268281,43.9160643],[4.8268913,43.9161789],[4.8265714,43.9161926]]]},"properties":{"layer":"1","man_made":"bridge","osm_type":"way","osm_id":913429475,"@id":"way/913429475","bridge_role":"deck"}},{"type":"Feature","id":"way/913429476","geometry":{"type":"Polygon","coordinates":[[[4.820944,43.9164336],[4.8209227,43.9163108],[4.8212656,43.9162977],[4.8212819,43.9164197],[4.820944,43.9164336]]]},"properties":{"layer":"1","man_made":"bridge","osm_type":"way","osm_id":913429476,"@id":"way/913429476","bridge_role":"deck"}},{"type":"Feature","id":"way/914732548","geometry":{"type":"Polygon","coordinates":[[[4.8336011,44.0494643],[4.8336341,44.0494293],[4.8337305,44.0494895],[4.8336914,44.0495252],[4.8336011,44.0494643]]]},"properties":{"layer":"1","man_made":"bridge","osm_type":"way","osm_id":914732548,"@id":"way/914732548","bridge_role":"deck"}},{"type":"Feature","id":"way/914941371","geometry":{"type":"Polygon","coordinates":[[[4.8777191,44.00913],[4.8777797,44.0091024],[4.87785,44.0091709],[4.8777901,44.0092019],[4.8777191,44.00913]]]},"properties":{"layer":"1","man_made":"bridge","osm_type":"way","osm_id":914941371,"@id":"way/914941371","bridge_role":"deck"}},{"type":"Feature","id":"way/915004737","geometry":{"type":"Polygon","coordinates":[[[5.031454,43.9265705],[5.0315378,43.9265534],[5.0316016,43.9262119],[5.031514,43.9262588],[5.031454,43.9265705]]]},"properties":{"layer":"1","man_made":"bridge","osm_type":"way","osm_id":915004737,"@id":"way/915004737","bridge_role":"deck"}},{"type":"Feature","id":"way/915019130","geometry":{"type":"Polygon","coordinates":[[[4.9506116,43.9276488],[4.9506081,43.927515],[4.9506736,43.9275141],[4.9507146,43.9275135],[4.9507255,43.9275134],[4.950729,43.9276471],[4.9507163,43.9276473],[4.9506745,43.9276479],[4.9506116,43.9276488]]]},"properties":{"bridge:structure":"arch","layer":"1","man_made":"bridge","osm_type":"way","osm_id":915019130,"@id":"way/915019130","bridge_role":"deck"}},{"type":"Feature","id":"way/915062577","geometry":{"type":"Polygon","coordinates":[[[4.7261239,44.0967613],[4.7275049,44.0968098],[4.7275022,44.09685],[4.7274997,44.0968867],[4.7274987,44.0969006],[4.7261177,44.0968521],[4.7261184,44.0968417],[4.7261208,44.0968068],[4.7261239,44.0967613]]]},"properties":{"layer":"1","man_made":"bridge","osm_type":"way","osm_id":915062577,"@id":"way/915062577","bridge_role":"deck"}},{"type":"Feature","id":"way/915198430","geometry":{"type":"Polygon","coordinates":[[[5.0480537,43.7919261],[5.0480609,43.7919224],[5.0480671,43.7919192],[5.0480894,43.7919077],[5.0481256,43.791889],[5.048156,43.7918733],[5.0481623,43.7918701],[5.0481735,43.7918643],[5.0457122,43.789378],[5.0457055,43.7893815],[5.0456944,43.7893872],[5.0456765,43.7893964],[5.0456287,43.7894211],[5.0456126,43.7894294],[5.0456036,43.7894341],[5.0455918,43.7894402],[5.0480537,43.7919261]]]},"properties":{"bridge:structure":"beam","layer":"1","man_made":"bridge","osm_type":"way","osm_id":915198430,"@id":"way/915198430","bridge_role":"deck"}},{"type":"Feature","id":"way/915459093","geometry":{"type":"Polygon","coordinates":[[[4.8889147,44.0866503],[4.8889288,44.0865501],[4.8890346,44.0865524],[4.889021,44.0866518],[4.8889147,44.0866503]]]},"properties":{"bridge:structure":"beam","layer":"1","man_made":"bridge","osm_type":"way","osm_id":915459093,"@id":"way/915459093","bridge_role":"deck"}},{"type":"Feature","id":"way/915459094","geometry":{"type":"Polygon","coordinates":[[[4.8887621,44.0866458],[4.8887769,44.0865482],[4.8889074,44.0865501],[4.8888885,44.0866501],[4.8887621,44.0866458]]]},"properties":{"layer":"1","man_made":"bridge","osm_type":"way","osm_id":915459094,"@id":"way/915459094","bridge_role":"deck"}},{"type":"Feature","id":"way/916966195","geometry":{"type":"Polygon","coordinates":[[[5.3073921,43.8623974],[5.3074633,43.8624084],[5.3075223,43.8624176],[5.30737,43.8629279],[5.3073166,43.8629196],[5.3072397,43.8629077],[5.3073921,43.8623974]]]},"properties":{"layer":"1","man_made":"bridge","osm_type":"way","osm_id":916966195,"@id":"way/916966195","bridge_role":"deck"}},{"type":"Feature","id":"way/921983271","geometry":{"type":"Polygon","coordinates":[[[5.0577926,44.0316052],[5.0577746,44.0315309],[5.057887,44.0315169],[5.0579027,44.0315934],[5.0577926,44.0316052]]]},"properties":{"layer":"1","man_made":"bridge","osm_type":"way","osm_id":921983271,"@id":"way/921983271","bridge_role":"deck"}},{"type":"Feature","id":"way/924805370","geometry":{"type":"Polygon","coordinates":[[[5.7365355,43.7181008],[5.7366009,43.7180979],[5.7366957,43.7180955],[5.7367048,43.7181786],[5.7367621,43.7181759],[5.7368428,43.7181738],[5.7367304,43.7169357],[5.7367023,43.7166514],[5.7366318,43.7159869],[5.7365944,43.7155767],[5.7365174,43.7155813],[5.7364587,43.715583],[5.7364533,43.7155021],[5.7363624,43.7155066],[5.7362816,43.7155076],[5.736319,43.7158442],[5.7363675,43.7163541],[5.736396,43.7166512],[5.736429,43.7170131],[5.7364588,43.7173382],[5.7364992,43.7177387],[5.7365188,43.7179808],[5.7365355,43.7181008]]]},"properties":{"layer":"1","man_made":"bridge","osm_type":"way","osm_id":924805370,"@id":"way/924805370","bridge_role":"deck"}},{"type":"Feature","id":"way/925741791","geometry":{"type":"Polygon","coordinates":[[[4.8841849,44.0785025],[4.8842,44.0784544],[4.8843404,44.0784772],[4.8843253,44.0785253],[4.8841849,44.0785025]]]},"properties":{"layer":"1","man_made":"bridge","osm_type":"way","osm_id":925741791,"@id":"way/925741791","bridge_role":"deck"}},{"type":"Feature","id":"way/928659464","geometry":{"type":"Polygon","coordinates":[[[4.8852958,44.0984968],[4.8853256,44.0984174],[4.8854957,44.0984615],[4.885421,44.0985295],[4.8852958,44.0984968]]]},"properties":{"bridge":"yes","layer":"1","man_made":"bridge","osm_type":"way","osm_id":928659464,"@id":"way/928659464","bridge_role":"deck"}},{"type":"Feature","id":"way/933363477","geometry":{"type":"Polygon","coordinates":[[[5.038742,43.811564],[5.0388889,43.8116332],[5.0425101,43.807357],[5.0432047,43.8065426],[5.0441066,43.8054861],[5.0454539,43.8039057],[5.0453144,43.8038404],[5.0438378,43.8055709],[5.0430378,43.8065146],[5.0422719,43.8074057],[5.038742,43.811564]]]},"properties":{"layer":"1","man_made":"bridge","osm_type":"way","osm_id":933363477,"@id":"way/933363477","bridge_role":"deck"}},{"type":"Feature","id":"way/943311305","geometry":{"type":"Polygon","coordinates":[[[5.5612077,43.857514],[5.5612404,43.857538],[5.5612733,43.857562],[5.5617846,43.8571989],[5.5617532,43.8571759],[5.561719,43.8571508],[5.5612077,43.857514]]]},"properties":{"layer":"1","man_made":"bridge","operator":"CD84","owner":"CD84,CD04","osm_type":"way","osm_id":943311305,"@id":"way/943311305","bridge_role":"deck"}},{"type":"Feature","id":"way/944557336","geometry":{"type":"Polygon","coordinates":[[[4.7119586,44.261041],[4.7119949,44.2610572],[4.712041,44.2610777],[4.71209,44.2610996],[4.7130114,44.2586345],[4.7129605,44.2586176],[4.7129122,44.2586077],[4.7128759,44.2585995],[4.7119586,44.261041]]]},"properties":{"bridge:structure":"truss","layer":"1","man_made":"bridge","osm_type":"way","osm_id":944557336,"@id":"way/944557336","bridge_role":"deck"}},{"type":"Feature","id":"way/944557337","geometry":{"type":"Polygon","coordinates":[[[4.7174732,44.2596627],[4.7175777,44.2596407],[4.7177408,44.2595991],[4.717834,44.2595715],[4.7174638,44.2590653],[4.7173741,44.2590938],[4.7172084,44.2591362],[4.7171031,44.2591661],[4.7174732,44.2596627]]]},"properties":{"bridge:structure":"beam","layer":"1","man_made":"bridge","osm_type":"way","osm_id":944557337,"@id":"way/944557337","bridge_role":"deck"}},{"type":"Feature","id":"way/947012547","geometry":{"type":"Polygon","coordinates":[[[4.7545198,44.178286],[4.7545629,44.1781895],[4.7546133,44.1782011],[4.7546637,44.1782127],[4.7546206,44.1783092],[4.7545688,44.1782973],[4.7545198,44.178286]]]},"properties":{"layer":"1","man_made":"bridge","osm_type":"way","osm_id":947012547,"@id":"way/947012547","bridge_role":"deck"}},{"type":"Feature","id":"way/949208451","geometry":{"type":"Polygon","coordinates":[[[4.9713255,43.8839859],[4.9713561,43.8840032],[4.9713975,43.8840231],[4.9714379,43.8840432],[4.9720839,43.8837943],[4.9720425,43.8837796],[4.971989,43.8837601],[4.9719552,43.883746],[4.9713255,43.8839859]]]},"properties":{"bridge:structure":"beam","layer":"1","man_made":"bridge","osm_type":"way","osm_id":949208451,"@id":"way/949208451","bridge_role":"deck"}},{"type":"Feature","id":"way/951769025","geometry":{"type":"Polygon","coordinates":[[[5.0469579,43.8502219],[5.0471085,43.8501855],[5.0469795,43.8499073],[5.0468289,43.8499436],[5.0469579,43.8502219]]]},"properties":{"bridge:structure":"beam","layer":"1","man_made":"bridge","osm_type":"way","osm_id":951769025,"@id":"way/951769025","bridge_role":"deck"}},{"type":"Feature","id":"way/952240525","geometry":{"type":"Polygon","coordinates":[[[5.459145,43.8666264],[5.459167,43.8665834],[5.459189,43.8665406],[5.4595028,43.8664923],[5.4594885,43.8665318],[5.4594723,43.8665767],[5.459145,43.8666264]]]},"properties":{"bridge:structure":"beam","layer":"1","man_made":"bridge","osm_type":"way","osm_id":952240525,"@id":"way/952240525","bridge_role":"deck"}},{"type":"Feature","id":"way/952240526","geometry":{"type":"Polygon","coordinates":[[[5.4591055,43.8668123],[5.4591167,43.8667871],[5.459125,43.8667684],[5.4593551,43.8668214],[5.4593466,43.8668405],[5.4593356,43.8668654],[5.4591055,43.8668123]]]},"properties":{"layer":"1","man_made":"bridge","osm_type":"way","osm_id":952240526,"@id":"way/952240526","bridge_role":"deck"}},{"type":"Feature","id":"way/954174382","geometry":{"type":"Polygon","coordinates":[[[4.9743843,44.0405285],[4.9745285,44.0404971],[4.9736762,44.0398177],[4.9735423,44.0398363],[4.9743843,44.0405285]]]},"properties":{"layer":"1","man_made":"bridge","osm_type":"way","osm_id":954174382,"@id":"way/954174382","bridge_role":"deck"}},{"type":"Feature","id":"way/954174383","geometry":{"type":"Polygon","coordinates":[[[4.9746887,44.0405835],[4.9748466,44.04055],[4.9739708,44.0398662],[4.973829,44.0399023],[4.9746887,44.0405835]]]},"properties":{"layer":"1","man_made":"bridge","osm_type":"way","osm_id":954174383,"@id":"way/954174383","bridge_role":"deck"}},{"type":"Feature","id":"way/954174384","geometry":{"type":"Polygon","coordinates":[[[4.980693,44.0392122],[4.9807514,44.0392069],[4.9807431,44.0391191],[4.9806836,44.0391288],[4.980693,44.0392122]]]},"properties":{"layer":"1","man_made":"bridge","osm_type":"way","osm_id":954174384,"@id":"way/954174384","bridge_role":"deck"}},{"type":"Feature","id":"way/954174388","geometry":{"type":"Polygon","coordinates":[[[4.9936728,44.0388211],[4.9937323,44.0387805],[4.9937991,44.0386769],[4.9938221,44.0386312],[4.9938461,44.0385088],[4.9938336,44.0384908],[4.9940769,44.0385463],[4.9939652,44.0386544],[4.9938889,44.0387468],[4.9938346,44.0388631],[4.9936728,44.0388211]]]},"properties":{"bridge:structure":"beam","layer":"1","man_made":"bridge","osm_type":"way","osm_id":954174388,"@id":"way/954174388","bridge_role":"deck"}},{"type":"Feature","id":"way/956594378","geometry":{"type":"Polygon","coordinates":[[[4.825705,44.1326918],[4.8257151,44.1326777],[4.8257307,44.1326559],[4.8257354,44.1326493],[4.8257376,44.1326503],[4.8258064,44.1326812],[4.8258181,44.1326864],[4.8257846,44.1327304],[4.8257739,44.1327252],[4.8257113,44.1326949],[4.825705,44.1326918]]]},"properties":{"bridge:structure":"beam","layer":"1","man_made":"bridge","osm_type":"way","osm_id":956594378,"@id":"way/956594378","bridge_role":"deck"}},{"type":"Feature","id":"way/956594379","geometry":{"type":"Polygon","coordinates":[[[4.8256118,44.1326553],[4.8256427,44.1326699],[4.8256514,44.1326615],[4.825693,44.1326216],[4.8256956,44.1326191],[4.8256789,44.1326099],[4.8256626,44.1326009],[4.8256118,44.1326553]]]},"properties":{"bridge:structure":"beam","layer":"1","man_made":"bridge","osm_type":"way","osm_id":956594379,"@id":"way/956594379","bridge_role":"deck"}},{"type":"Feature","id":"way/956950749","geometry":{"type":"Polygon","coordinates":[[[4.9750648,44.0641001],[4.9751703,44.0641278],[4.9752517,44.0639568],[4.9751462,44.0639328],[4.9750648,44.0641001]]]},"properties":{"layer":"1","man_made":"bridge","osm_type":"way","osm_id":956950749,"@id":"way/956950749","bridge_role":"deck"}},{"type":"Feature","id":"way/957200570","geometry":{"type":"Polygon","coordinates":[[[4.9676692,44.0288472],[4.9676887,44.0286791],[4.9677397,44.0287067],[4.9678452,44.0287644],[4.9679334,44.0288154],[4.9680223,44.0288662],[4.9680882,44.0289012],[4.9681306,44.0289269],[4.9680812,44.0290605],[4.9680335,44.0290361],[4.9679669,44.0290015],[4.9678937,44.0289641],[4.9678111,44.0289191],[4.9677167,44.028869],[4.9676692,44.0288472]]]},"properties":{"bridge:structure":"beam","layer":"1","man_made":"bridge","osm_type":"way","osm_id":957200570,"@id":"way/957200570","bridge_role":"deck"}},{"type":"Feature","id":"way/959762514","geometry":{"type":"Polygon","coordinates":[[[4.9123837,43.8905741],[4.9124365,43.8905507],[4.9123512,43.8904374],[4.9123015,43.8904575],[4.9123837,43.8905741]]]},"properties":{"layer":"1","man_made":"bridge","osm_type":"way","osm_id":959762514,"@id":"way/959762514","bridge_role":"deck"}},{"type":"Feature","id":"way/959762515","geometry":{"type":"Polygon","coordinates":[[[4.913468,43.8901581],[4.9135299,43.8901372],[4.9136043,43.8901158],[4.9136774,43.8900944],[4.9137238,43.8900806],[4.9141853,43.8901438],[4.9141819,43.8901617],[4.914173,43.890189],[4.9141561,43.8902424],[4.913468,43.8901581]]]},"properties":{"bridge:structure":"arch","layer":"1","man_made":"bridge","osm_type":"way","osm_id":959762515,"@id":"way/959762515","bridge_role":"deck"}},{"type":"Feature","id":"way/959762516","geometry":{"type":"Polygon","coordinates":[[[4.916639,43.8896131],[4.9166763,43.8896083],[4.9167239,43.8896021],[4.916776,43.8895955],[4.9167708,43.8898382],[4.9167137,43.8898456],[4.9166682,43.8898521],[4.9166342,43.889856],[4.916639,43.8896131]]]},"properties":{"bridge:structure":"beam","layer":"1","man_made":"bridge","osm_type":"way","osm_id":959762516,"@id":"way/959762516","bridge_role":"deck"}},{"type":"Feature","id":"way/959762517","geometry":{"type":"Polygon","coordinates":[[[4.9164682,43.8898836],[4.9165094,43.8898746],[4.9165599,43.8898635],[4.9163493,43.8896583],[4.9163034,43.8896648],[4.9162472,43.8896728],[4.9164682,43.8898836]]]},"properties":{"bridge:structure":"beam","layer":"1","man_made":"bridge","osm_type":"way","osm_id":959762517,"@id":"way/959762517","bridge_role":"deck"}},{"type":"Feature","id":"way/965573875","geometry":{"type":"Polygon","coordinates":[[[4.9848097,43.9244932],[4.9848751,43.9245017],[4.9849583,43.9245125],[4.9849944,43.9242071],[4.984913,43.9241971],[4.9848356,43.9241876],[4.9848097,43.9244932]]]},"properties":{"layer":"1","man_made":"bridge","osm_type":"way","osm_id":965573875,"@id":"way/965573875","bridge_role":"deck"}},{"type":"Feature","id":"way/965869067","geometry":{"type":"Polygon","coordinates":[[[4.7855739,43.9229063],[4.7856377,43.9229111],[4.7856462,43.9228083],[4.7855842,43.9228104],[4.7855739,43.9229063]]]},"properties":{"bridge:structure":"beam","layer":"1","man_made":"bridge","osm_type":"way","osm_id":965869067,"@id":"way/965869067","bridge_role":"deck"}},{"type":"Feature","id":"way/965869068","geometry":{"type":"Polygon","coordinates":[[[4.7840719,43.9233483],[4.78416,43.9233203],[4.7840992,43.9232245],[4.7840154,43.9232529],[4.7840719,43.9233483]]]},"properties":{"bridge:structure":"beam","layer":"1","man_made":"bridge","osm_type":"way","osm_id":965869068,"@id":"way/965869068","bridge_role":"deck"}},{"type":"Feature","id":"way/966974892","geometry":{"type":"Polygon","coordinates":[[[5.0871645,43.8365678],[5.0871635,43.8365257],[5.0873669,43.8365132],[5.0873664,43.8365535],[5.0871645,43.8365678]]]},"properties":{"layer":"1","man_made":"bridge","osm_type":"way","osm_id":966974892,"@id":"way/966974892","bridge_role":"deck"}},{"type":"Feature","id":"way/967198219","geometry":{"type":"Polygon","coordinates":[[[4.7879572,44.1112528],[4.7879801,44.1111796],[4.7881618,44.111209],[4.7882937,44.1112303],[4.7883333,44.1112367],[4.7884591,44.111257],[4.7886394,44.1112861],[4.7886165,44.1113593],[4.7884367,44.1113303],[4.7883064,44.1113092],[4.7882677,44.111303],[4.7881371,44.1112819],[4.7879572,44.1112528]]]},"properties":{"bridge":"yes","bridge:structure":"beam","layer":"1","man_made":"bridge","osm_type":"way","osm_id":967198219,"@id":"way/967198219","bridge_role":"deck"}},{"type":"Feature","id":"way/967198220","geometry":{"type":"Polygon","coordinates":[[[4.789224,44.0954159],[4.7892286,44.0953938],[4.7892335,44.0953706],[4.7893927,44.0953878],[4.7893882,44.0954093],[4.7893832,44.0954331],[4.789224,44.0954159]]]},"properties":{"layer":"1","man_made":"bridge","osm_type":"way","osm_id":967198220,"@id":"way/967198220","bridge_role":"deck"}},{"type":"Feature","id":"way/967198221","geometry":{"type":"Polygon","coordinates":[[[4.7878272,44.0969213],[4.7877278,44.0966602],[4.787732,44.0966594],[4.7878708,44.0966327],[4.7879711,44.0968906],[4.7878463,44.0969172],[4.7878272,44.0969213]]]},"properties":{"bridge:structure":"beam","layer":"1","man_made":"bridge","osm_type":"way","osm_id":967198221,"@id":"way/967198221","bridge_role":"deck"}},{"type":"Feature","id":"way/967198222","geometry":{"type":"Polygon","coordinates":[[[4.7880103,44.0968862],[4.7879187,44.0966278],[4.7880526,44.0966036],[4.7880628,44.0966018],[4.7881602,44.0968637],[4.7881541,44.0968646],[4.7880187,44.0968849],[4.7880103,44.0968862]]]},"properties":{"bridge:structure":"beam","layer":"1","man_made":"bridge","osm_type":"way","osm_id":967198222,"@id":"way/967198222","bridge_role":"deck"}},{"type":"Feature","id":"way/971958504","geometry":{"type":"Polygon","coordinates":[[[4.8763488,44.1170456],[4.876413,44.1170046],[4.8764778,44.1169617],[4.8764962,44.1169594],[4.8767414,44.1169426],[4.8766837,44.1169836],[4.8766284,44.1170228],[4.8763488,44.1170456]]]},"properties":{"layer":"1","man_made":"bridge","osm_type":"way","osm_id":971958504,"@id":"way/971958504","bridge_role":"deck"}},{"type":"Feature","id":"way/972221805","geometry":{"type":"Polygon","coordinates":[[[4.9674209,44.0301155],[4.9675028,44.0301212],[4.9675786,44.0301267],[4.9675953,44.0300084],[4.967523,44.0300024],[4.9674435,44.0299957],[4.9674209,44.0301155]]]},"properties":{"layer":"1","man_made":"bridge","osm_type":"way","osm_id":972221805,"@id":"way/972221805","bridge_role":"deck"}},{"type":"Feature","id":"way/972221806","geometry":{"type":"Polygon","coordinates":[[[4.9675847,44.0301375],[4.967605,44.0300151],[4.9677079,44.0300237],[4.9677746,44.0300276],[4.9677542,44.0301553],[4.9676853,44.030148],[4.9675847,44.0301375]]]},"properties":{"layer":"1","man_made":"bridge","osm_type":"way","osm_id":972221806,"@id":"way/972221806","bridge_role":"deck"}},{"type":"Feature","id":"way/972525122","geometry":{"type":"Polygon","coordinates":[[[4.8418619,44.1265822],[4.841932,44.126584],[4.8419344,44.1265342],[4.8418643,44.1265324],[4.8418619,44.1265822]]]},"properties":{"layer":"1","man_made":"bridge","osm_type":"way","osm_id":972525122,"@id":"way/972525122","bridge_role":"deck"}},{"type":"Feature","id":"way/972868932","geometry":{"type":"Polygon","coordinates":[[[4.7920309,43.9366673],[4.7920452,43.9365691],[4.7922972,43.9366373],[4.7925062,43.9366968],[4.7925143,43.9366821],[4.7929298,43.9368367],[4.7932008,43.9369621],[4.7936574,43.9372008],[4.7936498,43.9373123],[4.7935439,43.9372474],[4.7930001,43.9369943],[4.792489,43.9368107],[4.792497,43.9367995],[4.7920309,43.9366673]]]},"properties":{"layer":"1","man_made":"bridge","osm_type":"way","osm_id":972868932,"@id":"way/972868932","bridge_role":"deck"}},{"type":"Feature","id":"way/974934451","geometry":{"type":"Polygon","coordinates":[[[4.8927665,44.0403739],[4.8928838,44.0403519],[4.8926969,44.0398732],[4.8925809,44.0398959],[4.8927665,44.0403739]]]},"properties":{"layer":"1","man_made":"bridge","osm_type":"way","osm_id":974934451,"@id":"way/974934451","bridge_role":"deck"}},{"type":"Feature","id":"way/974934452","geometry":{"type":"Polygon","coordinates":[[[4.8922158,44.0389846],[4.8921985,44.0389412],[4.8923221,44.0389158],[4.8923393,44.0389591],[4.8922158,44.0389846]]]},"properties":{"layer":"1","man_made":"bridge","osm_type":"way","osm_id":974934452,"@id":"way/974934452","bridge_role":"deck"}},{"type":"Feature","id":"way/977507436","geometry":{"type":"Polygon","coordinates":[[[5.0192647,43.8307269],[5.019398,43.8307946],[5.0188185,43.8313634],[5.0183375,43.8318367],[5.0180476,43.832132],[5.0176809,43.8324997],[5.017285,43.832909],[5.0169204,43.8332867],[5.0164218,43.8338152],[5.0160282,43.8342513],[5.0156783,43.8346317],[5.0150383,43.8353504],[5.0144929,43.8359666],[5.0140206,43.8365032],[5.0135926,43.8369904],[5.0130922,43.8375596],[5.0125751,43.8381527],[5.0122282,43.8385435],[5.0120139,43.8387939],[5.0115584,43.8393084],[5.0111282,43.8398027],[5.0107649,43.840212],[5.0104443,43.8405778],[5.0100031,43.841071],[5.0096981,43.8414146],[5.0094281,43.8417157],[5.0090325,43.8421435],[5.0088834,43.8420849],[5.009337,43.8415981],[5.0100383,43.8408137],[5.0106384,43.8401302],[5.0111404,43.8395633],[5.0119054,43.8386933],[5.0123446,43.8381825],[5.0128001,43.8376701],[5.0133294,43.8370683],[5.0138695,43.8364484],[5.0143443,43.8359068],[5.0149596,43.8352167],[5.0154291,43.8346835],[5.0159494,43.8341146],[5.0164758,43.8335495],[5.0169766,43.8330168],[5.0175278,43.8324525],[5.0179705,43.8320042],[5.0184087,43.8315636],[5.0192647,43.8307269]]]},"properties":{"layer":"1","man_made":"bridge","osm_type":"way","osm_id":977507436,"@id":"way/977507436","bridge_role":"deck"}},{"type":"Feature","id":"way/977508781","geometry":{"type":"Polygon","coordinates":[[[4.9735247,43.8721773],[4.973641,43.8722629],[4.9741213,43.871969],[4.9739637,43.8719041],[4.9735247,43.8721773]]]},"properties":{"layer":"1","man_made":"bridge","osm_type":"way","osm_id":977508781,"@id":"way/977508781","bridge_role":"deck"}},{"type":"Feature","id":"way/977508782","geometry":{"type":"Polygon","coordinates":[[[4.9668791,43.8761067],[4.9667515,43.8760139],[4.9670029,43.8758867],[4.9671005,43.8759868],[4.9668791,43.8761067]]]},"properties":{"layer":"1","man_made":"bridge","osm_type":"way","osm_id":977508782,"@id":"way/977508782","bridge_role":"deck"}},{"type":"Feature","id":"way/977508783","geometry":{"type":"Polygon","coordinates":[[[4.9645864,43.8772806],[4.9644901,43.8771797],[4.9647803,43.8770327],[4.9648728,43.8771301],[4.9645864,43.8772806]]]},"properties":{"layer":"1","man_made":"bridge","osm_type":"way","osm_id":977508783,"@id":"way/977508783","bridge_role":"deck"}},{"type":"Feature","id":"way/977508784","geometry":{"type":"Polygon","coordinates":[[[4.9606136,43.8791616],[4.9605361,43.8790482],[4.9608275,43.8789174],[4.9609029,43.8790236],[4.9606136,43.8791616]]]},"properties":{"layer":"1","man_made":"bridge","osm_type":"way","osm_id":977508784,"@id":"way/977508784","bridge_role":"deck"}},{"type":"Feature","id":"way/977508785","geometry":{"type":"Polygon","coordinates":[[[4.9576944,43.8804366],[4.9576136,43.8803318],[4.9577976,43.8802581],[4.9578784,43.8803629],[4.9576944,43.8804366]]]},"properties":{"layer":"1","man_made":"bridge","osm_type":"way","osm_id":977508785,"@id":"way/977508785","bridge_role":"deck"}},{"type":"Feature","id":"way/977508786","geometry":{"type":"Polygon","coordinates":[[[4.9546233,43.8816999],[4.9545273,43.881599],[4.9551632,43.8813431],[4.9552457,43.88145],[4.9546233,43.8816999]]]},"properties":{"layer":"1","man_made":"bridge","osm_type":"way","osm_id":977508786,"@id":"way/977508786","bridge_role":"deck"}},{"type":"Feature","id":"way/977508787","geometry":{"type":"Polygon","coordinates":[[[4.9511835,43.8830001],[4.9511031,43.8828898],[4.9499882,43.8832887],[4.9500598,43.8834018],[4.9511835,43.8830001]]]},"properties":{"bridge:structure":"beam","layer":"1","man_made":"bridge","osm_type":"way","osm_id":977508787,"@id":"way/977508787","bridge_role":"deck"}},{"type":"Feature","id":"way/977508788","geometry":{"type":"Polygon","coordinates":[[[4.9378543,43.8874322],[4.9381481,43.887466],[4.9390026,43.8871827],[4.9386758,43.887152],[4.9378543,43.8874322]]]},"properties":{"bridge:structure":"beam","layer":"1","man_made":"bridge","osm_type":"way","osm_id":977508788,"@id":"way/977508788","bridge_role":"deck"}},{"type":"Feature","id":"way/977508789","geometry":{"type":"Polygon","coordinates":[[[4.930715,43.8896393],[4.9306594,43.889517],[4.9291597,43.8898869],[4.9292225,43.8900074],[4.930715,43.8896393]]]},"properties":{"layer":"1","man_made":"bridge","osm_type":"way","osm_id":977508789,"@id":"way/977508789","bridge_role":"deck"}},{"type":"Feature","id":"way/977508790","geometry":{"type":"Polygon","coordinates":[[[4.9286981,43.8901215],[4.9286261,43.8900056],[4.9275568,43.8902555],[4.9276967,43.890351],[4.9286981,43.8901215]]]},"properties":{"layer":"1","man_made":"bridge","osm_type":"way","osm_id":977508790,"@id":"way/977508790","bridge_role":"deck"}},{"type":"Feature","id":"way/978758553","geometry":{"type":"Polygon","coordinates":[[[4.7351831,44.1635955],[4.7353351,44.1637928],[4.7353785,44.1637563],[4.7356235,44.1635505],[4.7354654,44.1633543],[4.7354165,44.1633961],[4.7352331,44.1635528],[4.7351831,44.1635955]]]},"properties":{"layer":"1","man_made":"bridge","osm_type":"way","osm_id":978758553,"@id":"way/978758553","bridge_role":"deck"}},{"type":"Feature","id":"way/978758554","geometry":{"type":"Polygon","coordinates":[[[4.7370963,44.16082],[4.7371805,44.1608472],[4.7371891,44.1608335],[4.7371989,44.1608179],[4.7371147,44.1607906],[4.7371058,44.1608047],[4.7370963,44.16082]]]},"properties":{"layer":"1","man_made":"bridge","osm_type":"way","osm_id":978758554,"@id":"way/978758554","bridge_role":"deck"}},{"type":"Feature","id":"way/983594083","geometry":{"type":"Polygon","coordinates":[[[5.0291082,43.9394298],[5.0291805,43.9394068],[5.0292495,43.9393848],[5.0292862,43.9391751],[5.0292175,43.9391875],[5.0291482,43.9392001],[5.0291082,43.9394298]]]},"properties":{"layer":"1","man_made":"bridge","osm_type":"way","osm_id":983594083,"@id":"way/983594083","bridge_role":"deck"}},{"type":"Feature","id":"way/983637728","geometry":{"type":"Polygon","coordinates":[[[5.0322607,43.9111646],[5.0323633,43.9112382],[5.0325474,43.9111428],[5.0324411,43.911064],[5.0322607,43.9111646]]]},"properties":{"layer":"1","man_made":"bridge","osm_type":"way","osm_id":983637728,"@id":"way/983637728","bridge_role":"deck"}},{"type":"Feature","id":"way/988251878","geometry":{"type":"Polygon","coordinates":[[[4.7749679,44.0998978],[4.7751328,44.0998905],[4.7751385,44.0999575],[4.7751692,44.1003173],[4.7751777,44.100417],[4.7750128,44.1004242],[4.7750048,44.1003298],[4.7749733,44.0999606],[4.7749679,44.0998978]]]},"properties":{"bridge":"yes","layer":"1","man_made":"bridge","osm_type":"way","osm_id":988251878,"@id":"way/988251878","bridge_role":"deck"}},{"type":"Feature","id":"way/988251879","geometry":{"type":"Polygon","coordinates":[[[4.7725703,44.0884953],[4.772735,44.0884677],[4.772702,44.0883661],[4.7725818,44.0879966],[4.772417,44.0880243],[4.7725422,44.0884091],[4.7725703,44.0884953]]]},"properties":{"bridge":"yes","layer":"1","man_made":"bridge","osm_type":"way","osm_id":988251879,"@id":"way/988251879","bridge_role":"deck"}},{"type":"Feature","id":"way/988807156","geometry":{"type":"Polygon","coordinates":[[[4.9662098,44.1689122],[4.9661755,44.1688665],[4.9669775,44.1685577],[4.9670116,44.1686034],[4.9662098,44.1689122]]]},"properties":{"bridge:structure":"arch","layer":"1","man_made":"bridge","osm_type":"way","osm_id":988807156,"@id":"way/988807156","bridge_role":"deck"}},{"type":"Feature","id":"way/988807158","geometry":{"type":"Polygon","coordinates":[[[4.9659618,44.1684799],[4.9660288,44.168553],[4.9666721,44.1681145],[4.9665921,44.1680393],[4.9659618,44.1684799]]]},"properties":{"layer":"1","man_made":"bridge","osm_type":"way","osm_id":988807158,"@id":"way/988807158","bridge_role":"deck"}},{"type":"Feature","id":"way/995930569","geometry":{"type":"Polygon","coordinates":[[[4.7144698,44.2549307],[4.7142687,44.2546574],[4.714095,44.2550964],[4.714151,44.2551732],[4.7143082,44.2553884],[4.7144698,44.2549307]]]},"properties":{"bridge:structure":"beam","layer":"1","man_made":"bridge","source":"BDOrtho IGN - available 2021 at the latest","osm_type":"way","osm_id":995930569,"@id":"way/995930569","bridge_role":"deck"}},{"type":"Feature","id":"way/995930570","geometry":{"type":"Polygon","coordinates":[[[4.7101897,44.2497392],[4.7100053,44.2494548],[4.7099044,44.249305],[4.7100757,44.2489169],[4.7103701,44.2493319],[4.7101897,44.2497392]]]},"properties":{"bridge:structure":"beam","layer":"1","man_made":"bridge","source":"BDOrtho IGN - available 2021 at the latest","osm_type":"way","osm_id":995930570,"@id":"way/995930570","bridge_role":"deck"}},{"type":"Feature","id":"way/995930571","geometry":{"type":"Polygon","coordinates":[[[4.7094064,44.2407714],[4.7099579,44.2407665],[4.7099571,44.2407183],[4.7099565,44.240683],[4.709405,44.2406878],[4.7094057,44.240729],[4.7094064,44.2407714]]]},"properties":{"layer":"1","man_made":"bridge","source":"BDOrtho IGN - available 2021 at the latest","osm_type":"way","osm_id":995930571,"@id":"way/995930571","bridge_role":"deck"}},{"type":"Feature","id":"way/995930572","geometry":{"type":"Polygon","coordinates":[[[4.7085898,44.2321088],[4.7083202,44.2316831],[4.7084664,44.231415],[4.7087413,44.2318244],[4.7085898,44.2321088]]]},"properties":{"bridge:structure":"beam","layer":"1","man_made":"bridge","source":"BDOrtho IGN - available 2021 at the latest","osm_type":"way","osm_id":995930572,"@id":"way/995930572","bridge_role":"deck"}},{"type":"Feature","id":"way/995930573","geometry":{"type":"Polygon","coordinates":[[[4.7713675,44.1546609],[4.7713931,44.154661],[4.7715846,44.1546617],[4.7716215,44.1546618],[4.7718603,44.1546627],[4.7718778,44.1546628],[4.771797,44.1548279],[4.7712924,44.1548134],[4.7713675,44.1546609]]]},"properties":{"bridge:structure":"beam","layer":"1","man_made":"bridge","source":"BDOrtho IGN - available 2021 at the latest","osm_type":"way","osm_id":995930573,"@id":"way/995930573","bridge_role":"deck"}},{"type":"Feature","id":"way/995930574","geometry":{"type":"Polygon","coordinates":[[[4.7763403,44.1442101],[4.7764688,44.1442058],[4.7767554,44.1441963],[4.7770893,44.1441852],[4.7772094,44.1441812],[4.777196,44.144264],[4.7770269,44.1442696],[4.7766806,44.1442812],[4.7763155,44.1442934],[4.7763403,44.1442101]]]},"properties":{"bridge:structure":"beam","layer":"1","man_made":"bridge","source":"BDOrtho IGN - available 2021 at the latest","osm_type":"way","osm_id":995930574,"@id":"way/995930574","bridge_role":"deck"}},{"type":"Feature","id":"way/995930575","geometry":{"type":"Polygon","coordinates":[[[4.7909041,44.1310248],[4.7911575,44.1312721],[4.7911507,44.1312795],[4.7910816,44.1313555],[4.7910737,44.1313641],[4.7909968,44.1312959],[4.7909124,44.1312212],[4.7908008,44.1311222],[4.7908108,44.1311128],[4.7908569,44.1310693],[4.790865,44.1310617],[4.7908973,44.1310312],[4.7909041,44.1310248]]]},"properties":{"bridge:structure":"beam","layer":"1","man_made":"bridge","source":"BDOrtho IGN - available 2021 at the latest","osm_type":"way","osm_id":995930575,"@id":"way/995930575","bridge_role":"deck"}},{"type":"Feature","id":"way/995930576","geometry":{"type":"Polygon","coordinates":[[[4.789508,44.1296617],[4.7894396,44.1295308],[4.789419,44.1294843],[4.7893571,44.1293446],[4.7893041,44.1291848],[4.789278,44.1290818],[4.7892922,44.1290491],[4.7893471,44.1289229],[4.7893561,44.1289021],[4.7893833,44.1290336],[4.7894409,44.12923],[4.7894939,44.1293691],[4.7895549,44.1295092],[4.7895523,44.1295177],[4.7895157,44.1296367],[4.789508,44.1296617]]]},"properties":{"bridge:structure":"beam","layer":"1","man_made":"bridge","source":"BDOrtho IGN - available 2021 at the latest","osm_type":"way","osm_id":995930576,"@id":"way/995930576","bridge_role":"deck"}},{"type":"Feature","id":"way/995930577","geometry":{"type":"Polygon","coordinates":[[[4.789622,44.1225766],[4.7896582,44.1227884],[4.78968,44.1227874],[4.7898642,44.1227789],[4.7898761,44.1227784],[4.7898325,44.1225643],[4.789819,44.1225651],[4.78964,44.1225755],[4.789622,44.1225766]]]},"properties":{"bridge:structure":"beam","layer":"1","man_made":"bridge","source":"BDOrtho IGN - available 2021 at the latest","surface":"asphalt","osm_type":"way","osm_id":995930577,"@id":"way/995930577","bridge_role":"deck"}},{"type":"Feature","id":"way/995930578","geometry":{"type":"Polygon","coordinates":[[[4.7908196,44.1224822],[4.7907765,44.1224881],[4.79064,44.1225069],[4.7905916,44.1225135],[4.7906935,44.1227118],[4.7907401,44.1227074],[4.7908804,44.1226941],[4.7909269,44.1226897],[4.7908196,44.1224822]]]},"properties":{"bridge:structure":"beam","layer":"1","man_made":"bridge","source":"BDOrtho IGN - available 2021 at the latest","surface":"asphalt","osm_type":"way","osm_id":995930578,"@id":"way/995930578","bridge_role":"deck"}},{"type":"Feature","id":"way/997996520","geometry":{"type":"Polygon","coordinates":[[[4.7945576,44.1221835],[4.7945076,44.1221227],[4.7946643,44.1220893],[4.7947058,44.1221513],[4.7945576,44.1221835]]]},"properties":{"bridge:structure":"beam","layer":"1","man_made":"bridge","osm_type":"way","osm_id":997996520,"@id":"way/997996520","bridge_role":"deck"}},{"type":"Feature","id":"way/998188925","geometry":{"type":"Polygon","coordinates":[[[4.8133025,43.9418709],[4.8132341,43.9420274],[4.8133141,43.9420456],[4.8133825,43.9418891],[4.8133025,43.9418709]]]},"properties":{"bridge:structure":"beam","layer":"1","man_made":"bridge","source":"Enedis","source:date":"2018","osm_type":"way","osm_id":998188925,"@id":"way/998188925","bridge_role":"deck"}},{"type":"Feature","id":"way/998188926","geometry":{"type":"Polygon","coordinates":[[[4.813387,43.9418754],[4.8134138,43.9417955],[4.813329,43.9417906],[4.8133025,43.9418709],[4.813387,43.9418754]]]},"properties":{"bridge:structure":"beam","layer":"1","man_made":"bridge","source":"Enedis","source:date":"2018","osm_type":"way","osm_id":998188926,"@id":"way/998188926","bridge_role":"deck"}},{"type":"Feature","id":"way/998188951","geometry":{"type":"Polygon","coordinates":[[[4.8068689,43.9415495],[4.806904,43.9416179],[4.8069219,43.941651],[4.8069667,43.9417367],[4.8070141,43.94183],[4.8070057,43.9418293],[4.8069798,43.9418299],[4.8068806,43.9418297],[4.8068203,43.9418295],[4.8067826,43.9417693],[4.8067075,43.9416494],[4.806688,43.9416179],[4.8066426,43.9415459],[4.8067074,43.941547],[4.8067981,43.9415484],[4.8068689,43.9415495]]]},"properties":{"bridge:structure":"beam","layer":"1","man_made":"bridge","source":"Enedis","source:date":"2018","osm_type":"way","osm_id":998188951,"@id":"way/998188951","bridge_role":"deck"}},{"type":"Feature","id":"way/998188952","geometry":{"type":"Polygon","coordinates":[[[4.8068537,43.9415256],[4.8067846,43.9414206],[4.8067439,43.9413503],[4.8067241,43.9413149],[4.806689,43.9412534],[4.8066671,43.9412179],[4.8066352,43.9411638],[4.8063824,43.9411309],[4.8064187,43.9411914],[4.8064406,43.9412262],[4.8064814,43.9412906],[4.8065038,43.9413257],[4.806554,43.9414056],[4.8066134,43.9414969],[4.8066812,43.941505],[4.8067776,43.9415165],[4.8068537,43.9415256]]]},"properties":{"bridge:structure":"beam","layer":"1","man_made":"bridge","source":"Enedis","source:date":"2018","osm_type":"way","osm_id":998188952,"@id":"way/998188952","bridge_role":"deck"}},{"type":"Feature","id":"way/998188985","geometry":{"type":"Polygon","coordinates":[[[4.8024129,43.9418481],[4.8025468,43.9418475],[4.8025465,43.941812],[4.802545,43.9416396],[4.8025446,43.9415987],[4.802544,43.9415301],[4.8025437,43.9414925],[4.8025424,43.9413452],[4.8025424,43.941343],[4.8025422,43.9413195],[4.8025411,43.9412],[4.8024072,43.9412006],[4.8024075,43.9412387],[4.8024078,43.9412707],[4.8024084,43.9413362],[4.8024085,43.9413516],[4.8024092,43.9414268],[4.8024101,43.9415319],[4.8024107,43.9415982],[4.802411,43.9416395],[4.8024117,43.9417122],[4.802412,43.9417536],[4.8024126,43.9418123],[4.8024129,43.9418481]]]},"properties":{"bridge:structure":"beam","layer":"1","man_made":"bridge","source":"Enedis","source:date":"2018","osm_type":"way","osm_id":998188985,"@id":"way/998188985","bridge_role":"deck"}},{"type":"Feature","id":"way/999484936","geometry":{"type":"Polygon","coordinates":[[[4.8932037,44.0415393],[4.8933514,44.0415068],[4.8933067,44.0414016],[4.8933013,44.0413889],[4.8932858,44.0413523],[4.8932797,44.0413375],[4.8932597,44.0412882],[4.8932316,44.0412941],[4.8931489,44.0413112],[4.8931246,44.0413163],[4.8931412,44.041367],[4.8931473,44.0413818],[4.8931627,44.0414246],[4.8931669,44.0414364],[4.8932037,44.0415393]]]},"properties":{"bridge:structure":"beam","layer":"1","man_made":"bridge","panoramax":"33b9f0f9-0865-4972-a831-31fb6a318ba3","survey:date":"2026-06-12","osm_type":"way","osm_id":999484936,"@id":"way/999484936","bridge_role":"deck"}},{"type":"Feature","id":"way/999526092","geometry":{"type":"Polygon","coordinates":[[[4.9710052,44.0374083],[4.9709202,44.0373248],[4.9713609,44.0373411],[4.97142,44.0374224],[4.9710052,44.0374083]]]},"properties":{"bridge:structure":"beam","layer":"1","man_made":"bridge","osm_type":"way","osm_id":999526092,"@id":"way/999526092","bridge_role":"deck"}},{"type":"Feature","id":"way/999526095","geometry":{"type":"Polygon","coordinates":[[[4.9844942,44.0453972],[4.9846781,44.0454411],[4.9851201,44.0451008],[4.9849493,44.0450569],[4.9844942,44.0453972]]]},"properties":{"layer":"1","man_made":"bridge","osm_type":"way","osm_id":999526095,"@id":"way/999526095","bridge_role":"deck"}},{"type":"Feature","id":"way/1000516367","geometry":{"type":"Polygon","coordinates":[[[4.7696614,44.0813841],[4.7698234,44.0813439],[4.7697614,44.081215],[4.7696525,44.0809886],[4.7695965,44.0808722],[4.7694345,44.0809124],[4.7694916,44.081031],[4.7695924,44.0812407],[4.7696614,44.0813841]]]},"properties":{"bridge":"yes","bridge:structure":"beam","layer":"1","man_made":"bridge","osm_type":"way","osm_id":1000516367,"@id":"way/1000516367","bridge_role":"deck"}},{"type":"Feature","id":"way/1000518734","geometry":{"type":"Polygon","coordinates":[[[4.7704743,44.0774669],[4.7704987,44.0774594],[4.7706133,44.0774242],[4.77065,44.077413],[4.7707654,44.0773776],[4.7707725,44.0773754],[4.7704369,44.0767672],[4.7704239,44.0767705],[4.7703121,44.0767991],[4.7702673,44.0768105],[4.7701567,44.0768387],[4.7701372,44.0768437],[4.7704743,44.0774669]]]},"properties":{"bridge":"yes","bridge:structure":"beam","layer":"1","man_made":"bridge","osm_type":"way","osm_id":1000518734,"@id":"way/1000518734","bridge_role":"deck"}},{"type":"Feature","id":"way/1001026120","geometry":{"type":"Polygon","coordinates":[[[4.9348754,44.0102708],[4.9349744,44.0103126],[4.9352095,44.0101006],[4.9353048,44.0100289],[4.9352109,44.0099624],[4.9349496,44.010198],[4.9348754,44.0102708]]]},"properties":{"bridge:structure":"beam","layer":"1","man_made":"bridge","osm_type":"way","osm_id":1001026120,"@id":"way/1001026120","bridge_role":"deck"}},{"type":"Feature","id":"way/1001065742","geometry":{"type":"Polygon","coordinates":[[[5.5115693,43.7007623],[5.5116596,43.700846],[5.511129,43.7011554],[5.5110293,43.7010791],[5.5115693,43.7007623]]]},"properties":{"bridge:structure":"beam","layer":"1","man_made":"bridge","osm_type":"way","osm_id":1001065742,"@id":"way/1001065742","bridge_role":"deck"}},{"type":"Feature","id":"way/1001087501","geometry":{"type":"Polygon","coordinates":[[[5.5112988,43.6848428],[5.5113196,43.6848353],[5.5113654,43.6848187],[5.511404,43.6848051],[5.5114153,43.6848011],[5.5113766,43.6845878],[5.5113681,43.6845905],[5.5113277,43.6846033],[5.5112854,43.6846177],[5.5112617,43.6846255],[5.5112988,43.6848428]]]},"properties":{"layer":"1","man_made":"bridge","osm_type":"way","osm_id":1001087501,"@id":"way/1001087501","bridge_role":"deck"}},{"type":"Feature","id":"way/1001110000","geometry":{"type":"LineString","coordinates":[[4.7982298,43.951931],[4.8012588,43.9510508],[4.8017287,43.9509146],[4.8019393,43.9508569]]},"properties":{"bridge":"yes","bridge:structure":"arch","footway":"sidewalk","highway":"footway","layer":"1","lit":"yes","smoothness":"intermediate","surface":"asphalt","osm_type":"way","osm_id":1001110000,"@id":"way/1001110000","bridge_role":"structure"}},{"type":"Feature","id":"way/1001110003","geometry":{"type":"LineString","coordinates":[[4.8017786,43.950947],[4.7982549,43.9519724]]},"properties":{"bicycle":"no","bridge":"yes","bridge:structure":"arch","cycleway:left":"no","cycleway:right":"separate","hgv:conditional":"no @ (weight>25)","highway":"secondary","lanes":"2","layer":"1","lit":"yes","maxspeed":"50","maxweight":"3.5","maxweightrating":"3.5","name":"Pont \u00c9douard Daladier","name:etymology:wikidata":"Q213526","note":"maxweight=* d\u00e9pr\u00e9ci\u00e9, utilisez maxweightrating=* \u00e0 la place (https://forum.openstreetmap.fr/t/proposition-d-edition-automatisee-migration-de-maxweight-en-maxweightrating-pour-la-france/35439/71)","oneway":"no","parking:both":"no","shoulder":"no","sidewalk:both":"separate","smoothness":"intermediate","surface":"asphalt","survey:date":"2023-03-28","osm_type":"way","osm_id":1001110003,"@id":"way/1001110003","bridge_role":"structure"}},{"type":"Feature","id":"way/1002582958","geometry":{"type":"Polygon","coordinates":[[[4.7736304,44.092116],[4.7737989,44.0920935],[4.7737265,44.0918136],[4.773635,44.0914532],[4.7734667,44.0914757],[4.7735623,44.0918525],[4.7736304,44.092116]]]},"properties":{"bridge":"yes","layer":"1","man_made":"bridge","osm_type":"way","osm_id":1002582958,"@id":"way/1002582958","bridge_role":"deck"}},{"type":"Feature","id":"way/1004348830","geometry":{"type":"Polygon","coordinates":[[[4.7812208,44.088641],[4.781231,44.0886345],[4.7813334,44.08857],[4.7813631,44.0885512],[4.7814657,44.0884865],[4.7814772,44.0884792],[4.7817015,44.0886651],[4.7816946,44.0886696],[4.7815908,44.0887373],[4.78156,44.0887565],[4.7814593,44.0888231],[4.7812208,44.088641]]]},"properties":{"bridge:structure":"beam","layer":"1","man_made":"bridge","osm_type":"way","osm_id":1004348830,"@id":"way/1004348830","bridge_role":"deck"}},{"type":"Feature","id":"way/1004348831","geometry":{"type":"Polygon","coordinates":[[[4.7807067,44.0890644],[4.7807942,44.0891359],[4.7809549,44.0890344],[4.7808673,44.0889629],[4.7807067,44.0890644]]]},"properties":{"layer":"1","man_made":"bridge","osm_type":"way","osm_id":1004348831,"@id":"way/1004348831","bridge_role":"deck"}},{"type":"Feature","id":"way/1004348834","geometry":{"type":"Polygon","coordinates":[[[4.7680983,44.0782513],[4.7682608,44.0782135],[4.7681887,44.0780705],[4.7678181,44.0773517],[4.7676924,44.0771054],[4.7675656,44.0771996],[4.7676581,44.0773898],[4.7680375,44.0781301],[4.7680983,44.0782513]]]},"properties":{"bridge":"yes","layer":"1","man_made":"bridge","osm_type":"way","osm_id":1004348834,"@id":"way/1004348834","bridge_role":"deck"}},{"type":"Feature","id":"way/1004354232","geometry":{"type":"Polygon","coordinates":[[[4.7719374,44.0866872],[4.7719214,44.0866452],[4.7718876,44.0865568],[4.7720493,44.0865317],[4.7720759,44.0866081],[4.7720971,44.0866691],[4.7719374,44.0866872]]]},"properties":{"bridge":"yes","layer":"1","man_made":"bridge","osm_type":"way","osm_id":1004354232,"@id":"way/1004354232","bridge_role":"deck"}},{"type":"Feature","id":"way/1009627878","geometry":{"type":"Polygon","coordinates":[[[4.8199854,43.9467563],[4.8198842,43.9465993],[4.8199472,43.9465748],[4.8199327,43.94651],[4.8199919,43.9465066],[4.8200133,43.9466105],[4.820096,43.9467325],[4.8200392,43.9467548],[4.8200674,43.9468361],[4.8200691,43.9468411],[4.8200257,43.9468463],[4.8199854,43.9467563]]]},"properties":{"layer":"1","man_made":"bridge","osm_type":"way","osm_id":1009627878,"@id":"way/1009627878","bridge_role":"deck"}},{"type":"Feature","id":"way/1011077201","geometry":{"type":"Polygon","coordinates":[[[4.985406,43.9279964],[4.9854769,43.9280034],[4.9855545,43.9280111],[4.9855159,43.9282123],[4.9854407,43.9282048],[4.9853675,43.9281975],[4.985406,43.9279964]]]},"properties":{"layer":"1","man_made":"bridge","operator":"CD84","osm_type":"way","osm_id":1011077201,"@id":"way/1011077201","bridge_role":"deck"}},{"type":"Feature","id":"way/1011077202","geometry":{"type":"Polygon","coordinates":[[[4.9848452,43.9261133],[4.9848739,43.926108],[4.9849751,43.9260891],[4.9850263,43.9260795],[4.9852066,43.9264693],[4.9851466,43.9264648],[4.9850983,43.9264612],[4.9850111,43.9264547],[4.9849793,43.9264524],[4.9848452,43.9261133]]]},"properties":{"layer":"1","man_made":"bridge","osm_type":"way","osm_id":1011077202,"@id":"way/1011077202","bridge_role":"deck"}},{"type":"Feature","id":"way/1011096826","geometry":{"type":"Polygon","coordinates":[[[5.0285605,44.0452448],[5.0286312,44.0452121],[5.0287128,44.0451739],[5.0288733,44.0454032],[5.0287972,44.0454383],[5.0287251,44.0454713],[5.0285605,44.0452448]]]},"properties":{"bridge:structure":"beam","layer":"1","man_made":"bridge","osm_type":"way","osm_id":1011096826,"@id":"way/1011096826","bridge_role":"deck"}},{"type":"Feature","id":"way/1014614917","geometry":{"type":"Polygon","coordinates":[[[5.0851246,43.8360521],[5.08512,43.835958],[5.0851572,43.835957],[5.0851968,43.835956],[5.0852015,43.8360501],[5.085162,43.8360512],[5.0851246,43.8360521]]]},"properties":{"layer":"1","man_made":"bridge","osm_type":"way","osm_id":1014614917,"@id":"way/1014614917","bridge_role":"deck"}},{"type":"Feature","id":"way/1017088459","geometry":{"type":"Polygon","coordinates":[[[5.0416933,44.2439855],[5.0416965,44.2439342],[5.0423799,44.2440649],[5.0423624,44.244105],[5.0416933,44.2439855]]]},"properties":{"layer":"1","man_made":"bridge","osm_type":"way","osm_id":1017088459,"@id":"way/1017088459","bridge_role":"deck"}},{"type":"Feature","id":"way/1017825099","geometry":{"type":"Polygon","coordinates":[[[5.042902,43.8374054],[5.0430354,43.8374342],[5.043076,43.8373122],[5.0429483,43.8372858],[5.042902,43.8374054]]]},"properties":{"bridge:structure":"beam","layer":"1","man_made":"bridge","osm_type":"way","osm_id":1017825099,"@id":"way/1017825099","bridge_role":"deck"}},{"type":"Feature","id":"way/1020487148","geometry":{"type":"Polygon","coordinates":[[[4.9990306,44.0461601],[4.9992056,44.0461627],[4.9992358,44.046102],[4.9992491,44.0460491],[4.9992491,44.0459901],[4.9992189,44.0459042],[4.9991489,44.0458201],[4.9989872,44.0458478],[4.9990403,44.0458773],[4.9990777,44.0459164],[4.9991054,44.0459675],[4.9991115,44.0460074],[4.9991115,44.0460543],[4.9990897,44.0461081],[4.9990306,44.0461601]]]},"properties":{"bridge:structure":"beam","layer":"1","man_made":"bridge","osm_type":"way","osm_id":1020487148,"@id":"way/1020487148","bridge_role":"deck"}},{"type":"Feature","id":"way/1020487149","geometry":{"type":"Polygon","coordinates":[[[4.9984307,44.0461784],[4.9985961,44.046161],[4.9985538,44.046128],[4.9985176,44.0460586],[4.998508,44.0460118],[4.9985225,44.0459554],[4.9985538,44.0458947],[4.9984138,44.0458877],[4.9983861,44.0459354],[4.9983728,44.0459875],[4.9983704,44.046043],[4.9983788,44.0460821],[4.9984018,44.0461298],[4.9984174,44.0461558],[4.9984307,44.0461784]]]},"properties":{"bridge:structure":"beam","layer":"1","man_made":"bridge","osm_type":"way","osm_id":1020487149,"@id":"way/1020487149","bridge_role":"deck"}},{"type":"Feature","id":"way/1020487178","geometry":{"type":"Polygon","coordinates":[[[4.9983971,44.0385703],[4.9983657,44.0383899],[4.9984755,44.0383699],[4.9985009,44.0385452],[4.9983971,44.0385703]]]},"properties":{"layer":"1","man_made":"bridge","osm_type":"way","osm_id":1020487178,"@id":"way/1020487178","bridge_role":"deck"}},{"type":"Feature","id":"way/1021094450","geometry":{"type":"Polygon","coordinates":[[[4.9104467,43.9384998],[4.9104454,43.9384548],[4.9104439,43.9384094],[4.9107335,43.9383558],[4.9107334,43.9384013],[4.9107335,43.9384462],[4.9104467,43.9384998]]]},"properties":{"layer":"1","man_made":"bridge","osm_type":"way","osm_id":1021094450,"@id":"way/1021094450","bridge_role":"deck"}},{"type":"Feature","id":"way/1021094454","geometry":{"type":"Polygon","coordinates":[[[4.9075128,43.9391308],[4.9073695,43.938896],[4.9075302,43.9388643],[4.9076609,43.9391024],[4.9075128,43.9391308]]]},"properties":{"layer":"1","man_made":"bridge","osm_type":"way","osm_id":1021094454,"@id":"way/1021094454","bridge_role":"deck"}},{"type":"Feature","id":"way/1021162207","geometry":{"type":"Polygon","coordinates":[[[5.0602606,43.8493069],[5.0603254,43.8488411],[5.0604402,43.8488494],[5.0603753,43.8493152],[5.0602606,43.8493069]]]},"properties":{"layer":"1","man_made":"bridge","osm_type":"way","osm_id":1021162207,"@id":"way/1021162207","bridge_role":"deck"}},{"type":"Feature","id":"way/1021162208","geometry":{"type":"Polygon","coordinates":[[[5.0485962,43.8494252],[5.0487109,43.8493865],[5.0489414,43.8497418],[5.0488267,43.8497805],[5.0485962,43.8494252]]]},"properties":{"layer":"1","man_made":"bridge","operator":"CD84","osm_type":"way","osm_id":1021162208,"@id":"way/1021162208","bridge_role":"deck"}},{"type":"Feature","id":"way/1021210274","geometry":{"type":"Polygon","coordinates":[[[4.9776451,44.0864315],[4.9776472,44.0864112],[4.9776492,44.0863916],[4.9780363,44.0864122],[4.9780341,44.0864334],[4.9780322,44.0864521],[4.9776451,44.0864315]]]},"properties":{"layer":"1","man_made":"bridge","osm_type":"way","osm_id":1021210274,"@id":"way/1021210274","bridge_role":"deck"}},{"type":"Feature","id":"way/1021210282","geometry":{"type":"Polygon","coordinates":[[[5.0001919,44.0999221],[5.0001672,44.0998415],[5.0005628,44.0998388],[5.0005742,44.0999166],[5.0001919,44.0999221]]]},"properties":{"layer":"1","man_made":"bridge","osm_type":"way","osm_id":1021210282,"@id":"way/1021210282","bridge_role":"deck"}},{"type":"Feature","id":"way/1021212296","geometry":{"type":"Polygon","coordinates":[[[5.0166714,44.086803],[5.016772,44.0868387],[5.0174358,44.0866412],[5.0173191,44.0866133],[5.0166714,44.086803]]]},"properties":{"layer":"1","man_made":"bridge","osm_type":"way","osm_id":1021212296,"@id":"way/1021212296","bridge_role":"deck"}},{"type":"Feature","id":"way/1021587385","geometry":{"type":"Polygon","coordinates":[[[5.0076889,44.181693],[5.0078234,44.1816518],[5.0077533,44.1813878],[5.0076254,44.1814207],[5.0076889,44.181693]]]},"properties":{"layer":"1","man_made":"bridge","osm_type":"way","osm_id":1021587385,"@id":"way/1021587385","bridge_role":"deck"}},{"type":"Feature","id":"way/1022826875","geometry":{"type":"Polygon","coordinates":[[[4.8102406,44.1116929],[4.8102605,44.1116095],[4.8103073,44.1116152],[4.8102874,44.1116986],[4.8102406,44.1116929]]]},"properties":{"layer":"1","man_made":"bridge","osm_type":"way","osm_id":1022826875,"@id":"way/1022826875","bridge_role":"deck"}},{"type":"Feature","id":"way/1023157463","geometry":{"type":"Polygon","coordinates":[[[4.7590466,44.1839349],[4.7589074,44.1838147],[4.7589564,44.1837868],[4.7590952,44.1839036],[4.7590466,44.1839349]]]},"properties":{"layer":"1","man_made":"bridge","osm_type":"way","osm_id":1023157463,"@id":"way/1023157463","bridge_role":"deck"}},{"type":"Feature","id":"way/1023403204","geometry":{"type":"Polygon","coordinates":[[[4.8852576,44.179637],[4.8851909,44.1795622],[4.8852429,44.1795391],[4.8853125,44.1796118],[4.8852576,44.179637]]]},"properties":{"layer":"1","man_made":"bridge","osm_type":"way","osm_id":1023403204,"@id":"way/1023403204","bridge_role":"deck"}},{"type":"Feature","id":"way/1023406467","geometry":{"type":"Polygon","coordinates":[[[4.9218979,44.2299834],[4.9218987,44.2299443],[4.9218995,44.2299011],[4.9228803,44.2299108],[4.9228795,44.2299556],[4.9228788,44.2299931],[4.9218979,44.2299834]]]},"properties":{"layer":"1","man_made":"bridge","osm_type":"way","osm_id":1023406467,"@id":"way/1023406467","bridge_role":"deck"}},{"type":"Feature","id":"way/1023707265","geometry":{"type":"Polygon","coordinates":[[[4.9015814,43.934286],[4.9016269,43.9342063],[4.9015311,43.9341736],[4.9014825,43.93425],[4.9015814,43.934286]]]},"properties":{"bridge:support":"yes","height":"4","material":"stone","osm_type":"way","osm_id":1023707265,"@id":"way/1023707265","bridge_role":"yes"}},{"type":"Feature","id":"way/1024271688","geometry":{"type":"Polygon","coordinates":[[[5.1523791,44.1042201],[5.1524777,44.1041683],[5.1526605,44.1043171],[5.1525703,44.1043574],[5.1523791,44.1042201]]]},"properties":{"layer":"1","man_made":"bridge","osm_type":"way","osm_id":1024271688,"@id":"way/1024271688","bridge_role":"deck"}},{"type":"Feature","id":"way/1024466410","geometry":{"type":"Polygon","coordinates":[[[4.9709537,44.1780235],[4.9709735,44.177968],[4.971814,44.1780654],[4.9718027,44.1781176],[4.9709537,44.1780235]]]},"properties":{"layer":"1","man_made":"bridge","osm_type":"way","osm_id":1024466410,"@id":"way/1024466410","bridge_role":"deck"}},{"type":"Feature","id":"way/1024468886","geometry":{"type":"Polygon","coordinates":[[[4.9837518,44.1945152],[4.9836982,44.1944375],[4.9845352,44.1941749],[4.9845734,44.1942527],[4.9837518,44.1945152]]]},"properties":{"layer":"1","man_made":"bridge","osm_type":"way","osm_id":1024468886,"@id":"way/1024468886","bridge_role":"deck"}},{"type":"Feature","id":"way/1026214482","geometry":{"type":"Polygon","coordinates":[[[4.8327809,44.1269198],[4.8327771,44.1268626],[4.8328404,44.1268593],[4.832847,44.1269169],[4.8327809,44.1269198]]]},"properties":{"bridge:structure":"beam","layer":"1","man_made":"bridge","osm_type":"way","osm_id":1026214482,"@id":"way/1026214482","bridge_role":"deck"}},{"type":"Feature","id":"way/1027307273","geometry":{"type":"Polygon","coordinates":[[[4.9897986,44.2854907],[4.9898379,44.2854982],[4.9898829,44.2855067],[4.9895556,44.2863865],[4.9895116,44.2863781],[4.9894713,44.2863704],[4.9897986,44.2854907]]]},"properties":{"layer":"1","man_made":"bridge","osm_type":"way","osm_id":1027307273,"@id":"way/1027307273","bridge_role":"deck"}},{"type":"Feature","id":"way/1028466038","geometry":{"type":"Polygon","coordinates":[[[4.9285434,43.8888682],[4.928508,43.8887426],[4.9288851,43.8887109],[4.9289205,43.8888171],[4.9285434,43.8888682]]]},"properties":{"bridge:structure":"beam","layer":"1","man_made":"bridge","osm_type":"way","osm_id":1028466038,"@id":"way/1028466038","bridge_role":"deck"}},{"type":"Feature","id":"way/1028581335","geometry":{"type":"Polygon","coordinates":[[[5.486711,43.6900466],[5.4868013,43.6899654],[5.4880037,43.6906083],[5.4879233,43.6906895],[5.486711,43.6900466]]]},"properties":{"bridge":"yes","layer":"1","man_made":"bridge","osm_type":"way","osm_id":1028581335,"@id":"way/1028581335","bridge_role":"deck"}},{"type":"Feature","id":"way/1028887208","geometry":{"type":"Polygon","coordinates":[[[4.8267363,44.1329269],[4.8267468,44.1328725],[4.8267875,44.1328766],[4.8268216,44.13288],[4.8268252,44.1328804],[4.8268147,44.1329347],[4.8268084,44.1329341],[4.8267753,44.1329308],[4.8267403,44.1329273],[4.8267363,44.1329269]]]},"properties":{"layer":"1","man_made":"bridge","osm_type":"way","osm_id":1028887208,"@id":"way/1028887208","bridge_role":"deck"}},{"type":"Feature","id":"way/1030338431","geometry":{"type":"Polygon","coordinates":[[[4.9864561,44.0791116],[4.9864703,44.0790652],[4.9864841,44.0790204],[4.9867733,44.0789333],[4.9867415,44.078987],[4.9867172,44.0790341],[4.9864561,44.0791116]]]},"properties":{"layer":"1","man_made":"bridge","osm_type":"way","osm_id":1030338431,"@id":"way/1030338431","bridge_role":"deck"}},{"type":"Feature","id":"way/1030610474","geometry":{"type":"Polygon","coordinates":[[[5.0655512,43.999139],[5.0655446,43.9990939],[5.0656634,43.9990848],[5.06567,43.9991299],[5.0655512,43.999139]]]},"properties":{"layer":"1","man_made":"bridge","osm_type":"way","osm_id":1030610474,"@id":"way/1030610474","bridge_role":"deck"}},{"type":"Feature","id":"way/1030610487","geometry":{"type":"Polygon","coordinates":[[[5.0628717,43.9968061],[5.0629677,43.9967339],[5.0631158,43.9967544],[5.0630149,43.9968339],[5.0628717,43.9968061]]]},"properties":{"layer":"1","man_made":"bridge","osm_type":"way","osm_id":1030610487,"@id":"way/1030610487","bridge_role":"deck"}},{"type":"Feature","id":"way/1030610505","geometry":{"type":"Polygon","coordinates":[[[5.0617052,43.9999838],[5.0617637,43.9998966],[5.0618426,43.9999367],[5.0617803,44.0000309],[5.0617052,43.9999838]]]},"properties":{"layer":"1","man_made":"bridge","osm_type":"way","osm_id":1030610505,"@id":"way/1030610505","bridge_role":"deck"}},{"type":"Feature","id":"way/1036215484","geometry":{"type":"Polygon","coordinates":[[[5.0299832,43.9276432],[5.0296751,43.9272585],[5.0297332,43.9272344],[5.029788,43.9272116],[5.0300961,43.9275963],[5.0300355,43.9276215],[5.0299832,43.9276432]]]},"properties":{"layer":"1","man_made":"bridge","osm_type":"way","osm_id":1036215484,"@id":"way/1036215484","bridge_role":"deck"}},{"type":"Feature","id":"way/1037324819","geometry":{"type":"Polygon","coordinates":[[[4.827924,44.134282],[4.8279337,44.1342342],[4.8280656,44.1342385],[4.8280603,44.1342908],[4.827924,44.134282]]]},"properties":{"bridge:structure":"beam","layer":"1","man_made":"bridge","osm_type":"way","osm_id":1037324819,"@id":"way/1037324819","bridge_role":"deck"}},{"type":"Feature","id":"way/1040171978","geometry":{"type":"Polygon","coordinates":[[[5.062772,44.0427063],[5.062745,44.0426839],[5.0627159,44.042659],[5.0627969,44.0425765],[5.062835,44.042601],[5.0628703,44.0426228],[5.062772,44.0427063]]]},"properties":{"layer":"1","man_made":"bridge","operator":"CD84","osm_type":"way","osm_id":1040171978,"@id":"way/1040171978","bridge_role":"deck"}},{"type":"Feature","id":"way/1040433231","geometry":{"type":"Polygon","coordinates":[[[5.0484001,43.9171234],[5.0483326,43.9169872],[5.048535,43.9169434],[5.048613,43.9170758],[5.0484001,43.9171234]]]},"properties":{"layer":"1","man_made":"bridge","osm_type":"way","osm_id":1040433231,"@id":"way/1040433231","bridge_role":"deck"}},{"type":"Feature","id":"way/1040560348","geometry":{"type":"Polygon","coordinates":[[[5.0974164,43.8574155],[5.0974155,43.8573684],[5.0974146,43.8573242],[5.0979755,43.8573185],[5.0979764,43.8573649],[5.0979773,43.8574098],[5.0974164,43.8574155]]]},"properties":{"layer":"1","man_made":"bridge","osm_type":"way","osm_id":1040560348,"@id":"way/1040560348","bridge_role":"deck"}},{"type":"Feature","id":"way/1042331036","geometry":{"type":"Polygon","coordinates":[[[5.747252,43.7332819],[5.7477251,43.7329657],[5.7478147,43.733039],[5.7478107,43.7330417],[5.7473433,43.7333515],[5.747252,43.7332819]]]},"properties":{"bridge:structure":"beam","layer":"1","man_made":"bridge","osm_type":"way","osm_id":1042331036,"@id":"way/1042331036","bridge_role":"deck"}},{"type":"Feature","id":"way/1043789127","geometry":{"type":"Polygon","coordinates":[[[5.0682742,44.2403742],[5.0681492,44.2397181],[5.0682088,44.239712],[5.0682675,44.239706],[5.0683773,44.2403403],[5.068329,44.2403555],[5.0682742,44.2403742]]]},"properties":{"bridge:structure":"arch","layer":"1","man_made":"bridge","osm_type":"way","osm_id":1043789127,"@id":"way/1043789127","bridge_role":"deck"}},{"type":"Feature","id":"way/1044784674","geometry":{"type":"Polygon","coordinates":[[[5.0183658,44.1142334],[5.0184734,44.1140813],[5.0185429,44.1141067],[5.0186141,44.1141326],[5.0185065,44.1142847],[5.0184258,44.1142553],[5.0183658,44.1142334]]]},"properties":{"layer":"1","man_made":"bridge","osm_type":"way","osm_id":1044784674,"@id":"way/1044784674","bridge_role":"deck"}},{"type":"Feature","id":"way/1047145215","geometry":{"type":"Polygon","coordinates":[[[4.7745482,44.0829529],[4.7745659,44.0829423],[4.7746656,44.0828923],[4.7747018,44.0828738],[4.7747993,44.0828242],[4.7748136,44.0828169],[4.7753392,44.0833516],[4.7753225,44.08336],[4.7752224,44.0834105],[4.7751893,44.0834271],[4.7750873,44.0834785],[4.775075,44.0834847],[4.7745482,44.0829529]]]},"properties":{"bridge":"yes","bridge:structure":"beam","layer":"1","man_made":"bridge","osm_type":"way","osm_id":1047145215,"@id":"way/1047145215","bridge_role":"deck"}},{"type":"Feature","id":"way/1049586336","geometry":{"type":"Polygon","coordinates":[[[5.068506,43.9401534],[5.0684238,43.9400742],[5.0684589,43.9400554],[5.068541,43.9401346],[5.068506,43.9401534]]]},"properties":{"bridge:structure":"arch","layer":"1","man_made":"bridge","osm_type":"way","osm_id":1049586336,"@id":"way/1049586336","bridge_role":"deck"}},{"type":"Feature","id":"way/1049586337","geometry":{"type":"Polygon","coordinates":[[[5.0666835,43.9431159],[5.0666132,43.9430272],[5.0666828,43.9429745],[5.0667675,43.9430814],[5.0666835,43.9431159]]]},"properties":{"layer":"1","man_made":"bridge","osm_type":"way","osm_id":1049586337,"@id":"way/1049586337","bridge_role":"deck"}},{"type":"Feature","id":"way/1049594389","geometry":{"type":"Polygon","coordinates":[[[5.0246584,43.9548811],[5.0247553,43.9548198],[5.0249993,43.9550139],[5.0249187,43.9550702],[5.0246584,43.9548811]]]},"properties":{"layer":"1","man_made":"bridge","operator":"CD84","osm_type":"way","osm_id":1049594389,"@id":"way/1049594389","bridge_role":"deck"}},{"type":"Feature","id":"way/1050698554","geometry":{"type":"Polygon","coordinates":[[[5.0171139,44.2430747],[5.0171784,44.2430698],[5.0172426,44.2430639],[5.0170538,44.242157],[5.0169854,44.2421623],[5.0169229,44.242167],[5.0171139,44.2430747]]]},"properties":{"layer":"1","man_made":"bridge","osm_type":"way","osm_id":1050698554,"@id":"way/1050698554","bridge_role":"deck"}},{"type":"Feature","id":"way/1051259874","geometry":{"type":"Polygon","coordinates":[[[4.7821665,44.0894158],[4.7821624,44.0894184],[4.782152,44.0894249],[4.7822739,44.0895251],[4.782286,44.0895178],[4.78239,44.0894554],[4.782421,44.0894368],[4.7825268,44.0893733],[4.7825385,44.0893663],[4.7824112,44.0892544],[4.7823977,44.0892637],[4.7822983,44.0893321],[4.7822709,44.0893509],[4.7821665,44.0894158]]]},"properties":{"bridge":"yes","bridge:structure":"beam","layer":"1","man_made":"bridge","osm_type":"way","osm_id":1051259874,"@id":"way/1051259874","bridge_role":"deck"}},{"type":"Feature","id":"way/1051778420","geometry":{"type":"Polygon","coordinates":[[[4.8433611,44.1102158],[4.8430593,44.1098151],[4.8429741,44.1097021],[4.8430218,44.1096956],[4.8430491,44.1096919],[4.8430784,44.1096879],[4.8431155,44.1096828],[4.8431268,44.1096813],[4.8432158,44.1098033],[4.8432467,44.1098459],[4.8433158,44.1099402],[4.8435053,44.1101998],[4.84346,44.1102048],[4.8434323,44.1102079],[4.843429,44.1102083],[4.843425,44.1102087],[4.8434005,44.1102114],[4.8433611,44.1102158]]]},"properties":{"bridge:structure":"beam","layer":"1","man_made":"bridge","osm_type":"way","osm_id":1051778420,"@id":"way/1051778420","bridge_role":"deck"}},{"type":"Feature","id":"way/1051787163","geometry":{"type":"Polygon","coordinates":[[[4.8476255,44.1095991],[4.8475155,44.1096139],[4.8475261,44.1095137],[4.8475393,44.1093479],[4.8475557,44.1091398],[4.8475587,44.1090912],[4.8476688,44.1090707],[4.8476566,44.1091948],[4.8476456,44.1093305],[4.8476442,44.1093527],[4.847633,44.1094934],[4.8476255,44.1095991]]]},"properties":{"bridge":"yes","bridge:structure":"beam","layer":"1","man_made":"bridge","osm_type":"way","osm_id":1051787163,"@id":"way/1051787163","bridge_role":"deck"}},{"type":"Feature","id":"way/1052520763","geometry":{"type":"Polygon","coordinates":[[[5.1749925,43.7396161],[5.1750033,43.739612],[5.1750214,43.7396052],[5.1750041,43.7395811],[5.1749751,43.739592],[5.1749925,43.7396161]]]},"properties":{"bridge:support":"pier","building":"bridge","material":"stone","ref:mhs":"PA00081320","wikipedia":"fr:Pont suspendu sur la Durance","osm_type":"way","osm_id":1052520763,"@id":"way/1052520763","bridge_role":"pillar"}},{"type":"Feature","id":"way/1052520764","geometry":{"type":"Polygon","coordinates":[[[5.1749039,43.7396534],[5.1749167,43.7396486],[5.1749287,43.7396441],[5.1749329,43.7396425],[5.1749155,43.7396184],[5.1748865,43.7396293],[5.1749039,43.7396534]]]},"properties":{"bridge:support":"pier","building":"bridge","material":"stone","ref:mhs":"PA00081320","wikipedia":"fr:Pont suspendu sur la Durance","osm_type":"way","osm_id":1052520764,"@id":"way/1052520764","bridge_role":"pillar"}},{"type":"Feature","id":"way/1052520770","geometry":{"type":"Polygon","coordinates":[[[5.1744436,43.7388294],[5.1743206,43.738879],[5.1742747,43.7388195],[5.1743977,43.7387699],[5.1744436,43.7388294]]]},"properties":{"bridge:support":"pier","material":"stone","ref:mhs":"PA00081320","wikipedia":"fr:Pont suspendu sur la Durance","osm_type":"way","osm_id":1052520770,"@id":"way/1052520770","bridge_role":"pillar"}},{"type":"Feature","id":"way/1052523801","geometry":{"type":"Polygon","coordinates":[[[5.1730861,43.7371818],[5.1731514,43.7371574],[5.1731658,43.7371766],[5.1749751,43.739592],[5.1749925,43.7396161],[5.1749578,43.7396318],[5.1749329,43.7396425],[5.1749155,43.7396184],[5.1730861,43.7371818]]]},"properties":{"abandoned":"yes","access":"no","bridge":"abandoned","bridge:structure":"suspension","layer":"1","man_made":"bridge","maxweight":"0","name":"Pont suspendu sur la Durance","ref:mhs":"PA00081320","surface":"wood","wikipedia":"fr:Pont suspendu sur la Durance","osm_type":"way","osm_id":1052523801,"@id":"way/1052523801","bridge_role":"deck"}},{"type":"Feature","id":"way/1053274035","geometry":{"type":"Polygon","coordinates":[[[4.9080008,43.9475333],[4.907986,43.9474974],[4.9079731,43.947466],[4.9083748,43.9473805],[4.9083877,43.947412],[4.9084024,43.9474478],[4.9080008,43.9475333]]]},"properties":{"layer":"1","man_made":"bridge","osm_type":"way","osm_id":1053274035,"@id":"way/1053274035","bridge_role":"deck"}},{"type":"Feature","id":"way/1056032654","geometry":{"type":"Polygon","coordinates":[[[4.9990475,43.9653056],[4.999075,43.9653257],[4.9991015,43.9653451],[4.9993255,43.9651863],[4.999299,43.9651669],[4.9992715,43.9651468],[4.9990475,43.9653056]]]},"properties":{"layer":"1","man_made":"bridge","osm_type":"way","osm_id":1056032654,"@id":"way/1056032654","bridge_role":"deck"}},{"type":"Feature","id":"way/1057848071","geometry":{"type":"Polygon","coordinates":[[[4.7445983,44.1559849],[4.7443383,44.1559382],[4.7445672,44.1557428],[4.7448213,44.1555259],[4.7449488,44.155417],[4.7451569,44.1555117],[4.7450394,44.1556217],[4.744813,44.1558136],[4.7445983,44.1559849]]]},"properties":{"layer":"1","man_made":"bridge","osm_type":"way","osm_id":1057848071,"@id":"way/1057848071","bridge_role":"deck"}},{"type":"Feature","id":"way/1058349160","geometry":{"type":"Polygon","coordinates":[[[5.0564404,43.9295938],[5.0562969,43.9294698],[5.0563596,43.9294322],[5.0564256,43.9293926],[5.0565691,43.9295165],[5.0565059,43.9295545],[5.0564404,43.9295938]]]},"properties":{"layer":"1","man_made":"bridge","osm_type":"way","osm_id":1058349160,"@id":"way/1058349160","bridge_role":"deck"}},{"type":"Feature","id":"way/1058460708","geometry":{"type":"LineString","coordinates":[[4.7982873,43.9520272],[4.7992106,43.9517554],[4.8001875,43.9514669],[4.8013344,43.9511378],[4.8019967,43.950955]]},"properties":{"bridge":"yes","bridge:structure":"arch","footway":"sidewalk","highway":"footway","layer":"1","lit":"yes","smoothness":"intermediate","surface":"asphalt","osm_type":"way","osm_id":1058460708,"@id":"way/1058460708","bridge_role":"structure"}},{"type":"Feature","id":"way/1059223594","geometry":{"type":"Polygon","coordinates":[[[4.7743703,44.0955834],[4.7745379,44.0955675],[4.7745207,44.095474],[4.7744267,44.0949626],[4.7742592,44.0949785],[4.7743527,44.0954877],[4.7743703,44.0955834]]]},"properties":{"bridge":"yes","layer":"1","man_made":"bridge","osm_type":"way","osm_id":1059223594,"@id":"way/1059223594","bridge_role":"deck"}},{"type":"Feature","id":"way/1065425152","geometry":{"type":"Polygon","coordinates":[[[5.6671676,43.6903886],[5.6671569,43.6903878],[5.6671538,43.6903843],[5.6671543,43.6903779],[5.667157,43.6903749],[5.6671665,43.6903735],[5.6673192,43.6903693],[5.6673251,43.690372],[5.6673262,43.6903778],[5.6673251,43.6903814],[5.6673203,43.6903847],[5.6671676,43.6903886]]]},"properties":{"bridge:support":"yes","osm_type":"way","osm_id":1065425152,"@id":"way/1065425152","bridge_role":"yes"}},{"type":"Feature","id":"way/1065869333","geometry":{"type":"Polygon","coordinates":[[[4.9700096,43.8743987],[4.9699138,43.8743015],[4.9703812,43.8740363],[4.9704891,43.8741407],[4.9700096,43.8743987]]]},"properties":{"layer":"1","man_made":"bridge","osm_type":"way","osm_id":1065869333,"@id":"way/1065869333","bridge_role":"deck"}},{"type":"Feature","id":"way/1071504073","geometry":{"type":"Polygon","coordinates":[[[4.6923597,44.2350455],[4.6925358,44.2350611],[4.6927029,44.2342429],[4.6925332,44.2342273],[4.6923597,44.2350455]]]},"properties":{"layer":"1","man_made":"bridge","osm_type":"way","osm_id":1071504073,"@id":"way/1071504073","bridge_role":"deck"}},{"type":"Feature","id":"way/1071504074","geometry":{"type":"Polygon","coordinates":[[[4.6929641,44.2323495],[4.6931325,44.2323724],[4.6933294,44.2316207],[4.6931631,44.231598],[4.6929641,44.2323495]]]},"properties":{"layer":"1","man_made":"bridge","osm_type":"way","osm_id":1071504074,"@id":"way/1071504074","bridge_role":"deck"}},{"type":"Feature","id":"way/1071504075","geometry":{"type":"Polygon","coordinates":[[[4.6942896,44.227899],[4.694458,44.2279274],[4.6946661,44.2273278],[4.6945009,44.2272955],[4.6942896,44.227899]]]},"properties":{"layer":"1","man_made":"bridge","osm_type":"way","osm_id":1071504075,"@id":"way/1071504075","bridge_role":"deck"}},{"type":"Feature","id":"way/1071504076","geometry":{"type":"Polygon","coordinates":[[[4.6979968,44.2194495],[4.6981533,44.2194909],[4.6982268,44.2193484],[4.6980703,44.2193069],[4.6979968,44.2194495]]]},"properties":{"layer":"1","man_made":"bridge","osm_type":"way","osm_id":1071504076,"@id":"way/1071504076","bridge_role":"deck"}},{"type":"Feature","id":"way/1071504077","geometry":{"type":"Polygon","coordinates":[[[4.6990657,44.2173666],[4.6992218,44.2174065],[4.6997931,44.2163379],[4.7001643,44.2156104],[4.7021116,44.211774],[4.7019453,44.2117355],[4.699969,44.2156097],[4.6995946,44.2163356],[4.6990657,44.2173666]]]},"properties":{"layer":"1","man_made":"bridge","osm_type":"way","osm_id":1071504077,"@id":"way/1071504077","bridge_role":"deck"}},{"type":"Feature","id":"way/1080234116","geometry":{"type":"Polygon","coordinates":[[[4.8970026,44.0053926],[4.8970648,44.0053659],[4.8972611,44.0054813],[4.8971962,44.005499],[4.8970026,44.0053926]]]},"properties":{"layer":"1","man_made":"bridge","osm_type":"way","osm_id":1080234116,"@id":"way/1080234116","bridge_role":"deck"}},{"type":"Feature","id":"way/1085872184","geometry":{"type":"Polygon","coordinates":[[[4.8013899,43.9511367],[4.8013115,43.9510221],[4.8013822,43.9509967],[4.8014655,43.9511169],[4.8013899,43.9511367]]]},"properties":{"bridge:support":"yes","height":"3.1","osm_type":"way","osm_id":1085872184,"@id":"way/1085872184","bridge_role":"yes"}},{"type":"Feature","id":"way/1085872185","geometry":{"type":"Polygon","coordinates":[[[4.8017102,43.9510466],[4.8016408,43.9509221],[4.8017556,43.9508899],[4.8018225,43.9510153],[4.8017102,43.9510466]]]},"properties":{"bridge:support":"yes","height":"3.1","osm_type":"way","osm_id":1085872185,"@id":"way/1085872185","bridge_role":"yes"}},{"type":"Feature","id":"way/1085872186","geometry":{"type":"Polygon","coordinates":[[[4.8013316,43.9511574],[4.8013291,43.9511537],[4.8012588,43.9510508],[4.8012485,43.9510351],[4.8013115,43.9510221],[4.8013899,43.9511367],[4.8013316,43.9511574]]]},"properties":{"bridge:support":"yes","height":"4.3","osm_type":"way","osm_id":1085872186,"@id":"way/1085872186","bridge_role":"yes"}},{"type":"Feature","id":"way/1085872187","geometry":{"type":"Polygon","coordinates":[[[4.8018225,43.9510153],[4.8017556,43.9508899],[4.8018064,43.9508727],[4.8018798,43.9509982],[4.8018225,43.9510153]]]},"properties":{"bridge:support":"yes","height":"4.3","osm_type":"way","osm_id":1085872187,"@id":"way/1085872187","bridge_role":"yes"}},{"type":"Feature","id":"way/1085872188","geometry":{"type":"Polygon","coordinates":[[[4.8018798,43.9509982],[4.8018064,43.9508727],[4.8018588,43.9508569],[4.8019321,43.9509823],[4.8018798,43.9509982]]]},"properties":{"bridge:support":"yes","height":"3.1","osm_type":"way","osm_id":1085872188,"@id":"way/1085872188","bridge_role":"yes"}},{"type":"Feature","id":"way/1085954698","geometry":{"type":"Polygon","coordinates":[[[4.9131766,44.0327116],[4.9132517,44.0327225],[4.9132883,44.0326146],[4.9132204,44.0326036],[4.9131766,44.0327116]]]},"properties":{"layer":"1","man_made":"bridge","osm_type":"way","osm_id":1085954698,"@id":"way/1085954698","bridge_role":"deck"}},{"type":"Feature","id":"way/1085954700","geometry":{"type":"Polygon","coordinates":[[[4.913659,44.0314491],[4.913735,44.0314523],[4.9137771,44.0312177],[4.9136966,44.0312093],[4.913659,44.0314491]]]},"properties":{"layer":"1","man_made":"bridge","osm_type":"way","osm_id":1085954700,"@id":"way/1085954700","bridge_role":"deck"}},{"type":"Feature","id":"way/1087218353","geometry":{"type":"Polygon","coordinates":[[[4.7814935,43.9365606],[4.7815115,43.9365053],[4.7821281,43.9366095],[4.7821101,43.9366648],[4.7814935,43.9365606]]]},"properties":{"bridge:structure":"truss","layer":"1","man_made":"bridge","osm_type":"way","osm_id":1087218353,"@id":"way/1087218353","bridge_role":"deck"}},{"type":"Feature","id":"way/1092623210","geometry":{"type":"Polygon","coordinates":[[[4.9689186,43.8750075],[4.9688214,43.8749074],[4.9693029,43.8746422],[4.9694108,43.8747466],[4.9689186,43.8750075]]]},"properties":{"layer":"1","man_made":"bridge","osm_type":"way","osm_id":1092623210,"@id":"way/1092623210","bridge_role":"deck"}},{"type":"Feature","id":"way/1092623211","geometry":{"type":"Polygon","coordinates":[[[4.9678302,43.8756001],[4.9677303,43.8754986],[4.9681971,43.8752445],[4.9683057,43.8753445],[4.9678302,43.8756001]]]},"properties":{"layer":"1","man_made":"bridge","osm_type":"way","osm_id":1092623211,"@id":"way/1092623211","bridge_role":"deck"}},{"type":"Feature","id":"way/1092623212","geometry":{"type":"Polygon","coordinates":[[[4.965705,43.8767128],[4.9656087,43.8766119],[4.9658989,43.8764649],[4.9659914,43.8765623],[4.965705,43.8767128]]]},"properties":{"layer":"1","man_made":"bridge","osm_type":"way","osm_id":1092623212,"@id":"way/1092623212","bridge_role":"deck"}},{"type":"Feature","id":"way/1094510739","geometry":{"type":"Polygon","coordinates":[[[4.8094653,44.147795],[4.8094868,44.1477709],[4.8094889,44.147768],[4.8095124,44.1477347],[4.809516,44.1477296],[4.8095247,44.1477013],[4.8096531,44.1477487],[4.8096239,44.1477717],[4.8095951,44.1478128],[4.8095859,44.1478341],[4.8094653,44.147795]]]},"properties":{"bridge":"yes","layer":"1","man_made":"bridge","osm_type":"way","osm_id":1094510739,"@id":"way/1094510739","bridge_role":"deck"}},{"type":"Feature","id":"way/1094510741","geometry":{"type":"Polygon","coordinates":[[[4.8043713,44.1549113],[4.8043942,44.1548914],[4.8044209,44.1548511],[4.804426,44.1548242],[4.8045605,44.1548697],[4.8045306,44.1548896],[4.8044996,44.1549327],[4.804492,44.1549579],[4.8043713,44.1549113]]]},"properties":{"bridge":"yes","layer":"1","man_made":"bridge","osm_type":"way","osm_id":1094510741,"@id":"way/1094510741","bridge_role":"deck"}},{"type":"Feature","id":"way/1094728082","geometry":{"type":"Polygon","coordinates":[[[5.736618,43.719323],[5.736604,43.7191043],[5.7369698,43.7193048],[5.736995,43.7195122],[5.736618,43.719323]]]},"properties":{"bridge:structure":"beam","layer":"1","man_made":"bridge","osm_type":"way","osm_id":1094728082,"@id":"way/1094728082","bridge_role":"deck"}},{"type":"Feature","id":"way/1096977784","geometry":{"type":"Polygon","coordinates":[[[4.7264714,44.1714256],[4.7266622,44.1714478],[4.7267439,44.1713609],[4.7265594,44.1713363],[4.7264714,44.1714256]]]},"properties":{"layer":"1","man_made":"bridge","osm_type":"way","osm_id":1096977784,"@id":"way/1096977784","bridge_role":"deck"}},{"type":"Feature","id":"way/1097221581","geometry":{"type":"Polygon","coordinates":[[[4.8151383,44.132957],[4.8151332,44.132947],[4.8151142,44.1328926],[4.8151122,44.1328814],[4.815149,44.132873],[4.815152,44.1328825],[4.8151705,44.1329418],[4.8151734,44.132951],[4.8151383,44.132957]]]},"properties":{"bridge":"yes","bridge:structure":"beam","layer":"1","man_made":"bridge","surface":"wood","osm_type":"way","osm_id":1097221581,"@id":"way/1097221581","bridge_role":"deck"}},{"type":"Feature","id":"way/1103392138","geometry":{"type":"Polygon","coordinates":[[[4.7943154,44.1687761],[4.794378,44.1687076],[4.7944347,44.1686456],[4.7945435,44.1686935],[4.7944852,44.1687587],[4.7944252,44.1688257],[4.7943154,44.1687761]]]},"properties":{"bridge":"yes","layer":"1","man_made":"bridge","osm_type":"way","osm_id":1103392138,"@id":"way/1103392138","bridge_role":"deck"}},{"type":"Feature","id":"way/1103628817","geometry":{"type":"Polygon","coordinates":[[[5.102531,43.853077],[5.1026478,43.8529393],[5.1027196,43.852971],[5.1027541,43.8529863],[5.1026374,43.8531239],[5.1025978,43.8531065],[5.102531,43.853077]]]},"properties":{"layer":"1","man_made":"bridge","osm_type":"way","osm_id":1103628817,"@id":"way/1103628817","bridge_role":"deck"}},{"type":"Feature","id":"way/1105435550","geometry":{"type":"Polygon","coordinates":[[[4.8856597,44.1063773],[4.8857899,44.1063972],[4.8858256,44.1062772],[4.8856954,44.1062572],[4.8856597,44.1063773]]]},"properties":{"bridge":"yes","layer":"1","man_made":"bridge","osm_type":"way","osm_id":1105435550,"@id":"way/1105435550","bridge_role":"deck"}},{"type":"Feature","id":"way/1106515060","geometry":{"type":"Polygon","coordinates":[[[4.8854223,44.0976753],[4.8853794,44.0976217],[4.8855076,44.0975601],[4.8855408,44.0976209],[4.8854223,44.0976753]]]},"properties":{"layer":"1","man_made":"bridge","osm_type":"way","osm_id":1106515060,"@id":"way/1106515060","bridge_role":"deck"}},{"type":"Feature","id":"way/1117659124","geometry":{"type":"Polygon","coordinates":[[[4.9946139,43.9304316],[4.9947307,43.9304682],[4.9949747,43.9300847],[4.994868,43.9300385],[4.9946623,43.9303567],[4.9946139,43.9304316]]]},"properties":{"layer":"1","man_made":"bridge","osm_type":"way","osm_id":1117659124,"@id":"way/1117659124","bridge_role":"deck"}},{"type":"Feature","id":"way/1119889124","geometry":{"type":"Polygon","coordinates":[[[4.9318298,43.8893459],[4.9317695,43.8892241],[4.9332172,43.8888341],[4.9332662,43.8889529],[4.9318298,43.8893459]]]},"properties":{"layer":"1","man_made":"bridge","osm_type":"way","osm_id":1119889124,"@id":"way/1119889124","bridge_role":"deck"}},{"type":"Feature","id":"way/1124083057","geometry":{"type":"Polygon","coordinates":[[[4.7904589,44.1112402],[4.7905636,44.1112161],[4.7905492,44.1111771],[4.7905352,44.1111392],[4.7904291,44.111163],[4.7904441,44.1112018],[4.7904589,44.1112402]]]},"properties":{"bridge":"yes","layer":"1","man_made":"bridge","osm_type":"way","osm_id":1124083057,"@id":"way/1124083057","bridge_role":"deck"}},{"type":"Feature","id":"way/1126039693","geometry":{"type":"Polygon","coordinates":[[[5.0446264,44.0662345],[5.0447105,44.0662716],[5.0448027,44.0663127],[5.0447993,44.0662996],[5.0447973,44.0662837],[5.0447996,44.066264],[5.0449009,44.0661456],[5.0449176,44.0661294],[5.044951,44.0661096],[5.0448692,44.0660735],[5.0447735,44.0660312],[5.0447819,44.0660503],[5.0447812,44.0660707],[5.0447745,44.0660886],[5.0446768,44.0662076],[5.0446539,44.0662246],[5.0446264,44.0662345]]]},"properties":{"bridge:structure":"beam","layer":"1","man_made":"bridge","osm_type":"way","osm_id":1126039693,"@id":"way/1126039693","bridge_role":"deck"}},{"type":"Feature","id":"way/1126644961","geometry":{"type":"Polygon","coordinates":[[[5.0070919,43.8608418],[5.0071526,43.8608708],[5.0072018,43.8608943],[5.0075593,43.8607243],[5.007513,43.8606975],[5.0074602,43.860667],[5.0070919,43.8608418]]]},"properties":{"bridge:structure":"beam","layer":"1","man_made":"bridge","osm_type":"way","osm_id":1126644961,"@id":"way/1126644961","bridge_role":"deck"}},{"type":"Feature","id":"way/1126644962","geometry":{"type":"Polygon","coordinates":[[[5.0079079,43.8612655],[5.0079549,43.8612705],[5.0080017,43.8612742],[5.0081872,43.8606654],[5.0081227,43.860691],[5.008064,43.8607132],[5.0079079,43.8612655]]]},"properties":{"bridge:structure":"arch","layer":"1","man_made":"bridge","osm_type":"way","osm_id":1126644962,"@id":"way/1126644962","bridge_role":"deck"}},{"type":"Feature","id":"way/1126649368","geometry":{"type":"Polygon","coordinates":[[[5.0455349,44.0573096],[5.0455764,44.0573088],[5.0456153,44.057308],[5.0456227,44.057492],[5.0455807,44.0574929],[5.0455423,44.0574937],[5.0455349,44.0573096]]]},"properties":{"layer":"1","man_made":"bridge","osm_type":"way","osm_id":1126649368,"@id":"way/1126649368","bridge_role":"deck"}},{"type":"Feature","id":"way/1132716659","geometry":{"type":"Polygon","coordinates":[[[5.0212408,43.8631264],[5.0212119,43.8631019],[5.0211869,43.8630808],[5.0215315,43.8628688],[5.0215577,43.8628909],[5.0215855,43.8629144],[5.0212408,43.8631264]]]},"properties":{"layer":"1","man_made":"bridge","osm_type":"way","osm_id":1132716659,"@id":"way/1132716659","bridge_role":"deck"}},{"type":"Feature","id":"way/1149714876","geometry":{"type":"Polygon","coordinates":[[[4.6503234,44.2587895],[4.6503625,44.2587131],[4.6510969,44.2589062],[4.6511008,44.258898],[4.6511173,44.2589009],[4.6511449,44.2588841],[4.6511847,44.2588833],[4.6512175,44.2589023],[4.6512196,44.2589279],[4.651235,44.2589344],[4.6512321,44.2589412],[4.6515865,44.2590436],[4.651654,44.2589932],[4.6516863,44.2590695],[4.6520485,44.25917],[4.6521196,44.2591172],[4.6521334,44.2591935],[4.6525035,44.2592961],[4.6525752,44.2592371],[4.6525998,44.2593228],[4.6529952,44.2594324],[4.653037,44.2593813],[4.6530619,44.2594508],[4.6534541,44.2595596],[4.6535043,44.2595095],[4.6535276,44.2595799],[4.653961,44.2597001],[4.6540268,44.259639],[4.6540557,44.2597263],[4.654474,44.2598422],[4.6545112,44.2598107],[4.6545407,44.2598607],[4.6563292,44.2603565],[4.6563646,44.2603066],[4.6563871,44.2603495],[4.6564401,44.2603519],[4.6564337,44.2603675],[4.6574252,44.260472],[4.6576456,44.2604807],[4.6597257,44.260563],[4.6597276,44.2606492],[4.6573968,44.2605371],[4.6564179,44.2604334],[4.6563478,44.2604854],[4.6563088,44.2604212],[4.6545449,44.2599343],[4.6544989,44.2599741],[4.6544748,44.2599149],[4.6540468,44.2597967],[4.6539893,44.2598489],[4.6539706,44.2597756],[4.6535193,44.2596505],[4.6534657,44.2597065],[4.653449,44.259631],[4.6530578,44.2595226],[4.6529905,44.2595906],[4.652982,44.2595016],[4.6525736,44.2593883],[4.6525183,44.2594443],[4.6525034,44.2593689],[4.6520941,44.2592554],[4.6520342,44.259309],[4.6520282,44.2592372],[4.6516332,44.2591277],[4.6515631,44.2591847],[4.6515698,44.2591101],[4.6512039,44.2590087],[4.6511999,44.2590151],[4.651181,44.2590106],[4.6511521,44.2590282],[4.6511124,44.2590287],[4.6510816,44.2590125],[4.6510766,44.2589926],[4.6510556,44.2589871],[4.6510625,44.2589748],[4.6503234,44.2587895]]]},"properties":{"bridge:structure":"arch","historic":"bridge","layer":"1","man_made":"bridge","name":"Pont du Saint-Esprit","start_date":"1265..1309","tourism":"yes","wikidata":"Q3397494","wikimedia_commons":"Category:Pont_du_Saint-Esprit","wikipedia":"fr:Pont du Saint-Esprit","osm_type":"way","osm_id":1149714876,"@id":"way/1149714876","bridge_role":"deck"}},{"type":"Feature","id":"way/1176841414","geometry":{"type":"Polygon","coordinates":[[[4.6921191,44.2528423],[4.6920383,44.2523652],[4.6922127,44.2523526],[4.6922874,44.2528278],[4.6921191,44.2528423]]]},"properties":{"bridge:structure":"beam","layer":"1","man_made":"bridge","osm_type":"way","osm_id":1176841414,"@id":"way/1176841414","bridge_role":"deck"}},{"type":"Feature","id":"way/1180246673","geometry":{"type":"Polygon","coordinates":[[[5.4116166,43.7134593],[5.4115243,43.7134313],[5.4118214,43.713329],[5.4119145,43.7133563],[5.4120138,43.713392],[5.4117302,43.7134904],[5.4116166,43.7134593]]]},"properties":{"layer":"1","man_made":"bridge","osm_type":"way","osm_id":1180246673,"@id":"way/1180246673","bridge_role":"deck"}},{"type":"Feature","id":"way/1186432569","geometry":{"type":"Polygon","coordinates":[[[5.1586923,44.2432905],[5.1586464,44.2431976],[5.1591644,44.2430662],[5.1591877,44.2431134],[5.1592103,44.2431591],[5.1586923,44.2432905]]]},"properties":{"layer":"1","man_made":"bridge","osm_type":"way","osm_id":1186432569,"@id":"way/1186432569","bridge_role":"deck"}},{"type":"Feature","id":"way/1190186138","geometry":{"type":"Polygon","coordinates":[[[5.2026183,43.8569937],[5.2026764,43.857013],[5.2027293,43.8570305],[5.2029685,43.8566548],[5.2029139,43.8566367],[5.2028575,43.856618],[5.2026183,43.8569937]]]},"properties":{"layer":"1","man_made":"bridge","osm_type":"way","osm_id":1190186138,"@id":"way/1190186138","bridge_role":"deck"}},{"type":"Feature","id":"way/1192340313","geometry":{"type":"Polygon","coordinates":[[[5.2677909,43.8569776],[5.2678645,43.8570407],[5.2683139,43.8567183],[5.2682381,43.8566644],[5.2677909,43.8569776]]]},"properties":{"layer":"1","man_made":"bridge","osm_type":"way","osm_id":1192340313,"@id":"way/1192340313","bridge_role":"deck"}},{"type":"Feature","id":"way/1192415321","geometry":{"type":"Polygon","coordinates":[[[4.9803862,44.3877699],[4.9803554,44.3876763],[4.9810949,44.3876026],[4.9811395,44.3876862],[4.9803862,44.3877699]]]},"properties":{"layer":"1","man_made":"bridge","osm_type":"way","osm_id":1192415321,"@id":"way/1192415321","bridge_role":"deck"}},{"type":"Feature","id":"way/1192947719","geometry":{"type":"Polygon","coordinates":[[[5.3063112,43.8631952],[5.3063455,43.8632005],[5.3063796,43.8632057],[5.3066614,43.8622526],[5.3066272,43.8622474],[5.306593,43.8622421],[5.3063112,43.8631952]]]},"properties":{"heritage":"2","heritage:operator":"mhs","heritage:ref":"PA00081981","heritage:since":"1914-04-18","heritage:website":"https://www.pop.culture.gouv.fr/notice/merimee/PA00081981","historic":"yes","layer":"1","man_made":"bridge","name":"Pont Julien","wikidata":"Q1780937","wikipedia":"fr:Pont Julien","osm_type":"way","osm_id":1192947719,"@id":"way/1192947719","bridge_role":"deck"}},{"type":"Feature","id":"way/1204580847","geometry":{"type":"Polygon","coordinates":[[[5.0271927,43.9499801],[5.0272181,43.9498234],[5.0272791,43.9498227],[5.0273375,43.9498221],[5.0273169,43.9499785],[5.0272502,43.9499794],[5.0271927,43.9499801]]]},"properties":{"layer":"1","man_made":"bridge","osm_type":"way","osm_id":1204580847,"@id":"way/1204580847","bridge_role":"deck"}},{"type":"Feature","id":"way/1205506938","geometry":{"type":"Polygon","coordinates":[[[5.0437998,44.133424],[5.0438393,44.1333913],[5.0438724,44.1333639],[5.044126,44.133517],[5.0440925,44.1335441],[5.044055,44.1335743],[5.0437998,44.133424]]]},"properties":{"layer":"1","man_made":"bridge","osm_type":"way","osm_id":1205506938,"@id":"way/1205506938","bridge_role":"deck"}},{"type":"Feature","id":"way/1207980453","geometry":{"type":"Polygon","coordinates":[[[5.2374296,43.8581331],[5.237456,43.8581408],[5.237485,43.8581503],[5.2375249,43.8580836],[5.2375762,43.8579978],[5.2375838,43.857985],[5.2376346,43.8579001],[5.2376427,43.8578865],[5.2376963,43.8577968],[5.2377374,43.8577281],[5.2377102,43.8577196],[5.237682,43.8577109],[5.2376411,43.8577793],[5.2375854,43.8578726],[5.2375775,43.8578856],[5.2375266,43.8579708],[5.2375186,43.8579842],[5.2374673,43.85807],[5.2374296,43.8581331]]]},"properties":{"bridge:structure":"beam","layer":"1","man_made":"bridge","operator":"CD84","osm_type":"way","osm_id":1207980453,"@id":"way/1207980453","bridge_role":"deck"}},{"type":"Feature","id":"way/1222191636","geometry":{"type":"Polygon","coordinates":[[[5.1808693,43.7532484],[5.1808343,43.7530671],[5.1809744,43.7530055],[5.1810071,43.7531868],[5.1808693,43.7532484]]]},"properties":{"layer":"1","man_made":"bridge","osm_type":"way","osm_id":1222191636,"@id":"way/1222191636","bridge_role":"deck"}},{"type":"Feature","id":"way/1230364977","geometry":{"type":"Polygon","coordinates":[[[5.5133512,43.6998973],[5.513222,43.6998333],[5.5133901,43.6997105],[5.5135229,43.6997745],[5.5133512,43.6998973]]]},"properties":{"bridge:structure":"beam","layer":"1","man_made":"bridge","osm_type":"way","osm_id":1230364977,"@id":"way/1230364977","bridge_role":"deck"}},{"type":"Feature","id":"way/1237049216","geometry":{"type":"Polygon","coordinates":[[[5.505226,43.7228657],[5.5051497,43.7227649],[5.5051905,43.7227259],[5.5052314,43.7226871],[5.5053186,43.7227978],[5.5052725,43.722831],[5.505226,43.7228657]]]},"properties":{"layer":"1","man_made":"bridge","operator":"CD84","osm_type":"way","osm_id":1237049216,"@id":"way/1237049216","bridge_role":"deck"}},{"type":"Feature","id":"way/1239349767","geometry":{"type":"Polygon","coordinates":[[[4.8835603,43.997321],[4.8835693,43.9973143],[4.8836129,43.9972826],[4.8836458,43.9972586],[4.8836549,43.9972518],[4.8835486,43.9971811],[4.883539,43.997189],[4.8835105,43.9972125],[4.8834853,43.9972332],[4.8834778,43.9972393],[4.88351,43.9972685],[4.8835409,43.9973005],[4.8835603,43.997321]]]},"properties":{"layer":"1","man_made":"bridge","osm_type":"way","osm_id":1239349767,"@id":"way/1239349767","bridge_role":"deck"}},{"type":"Feature","id":"way/1239418990","geometry":{"type":"Polygon","coordinates":[[[5.0385169,44.056564],[5.0385458,44.0565753],[5.0385672,44.0565852],[5.0384364,44.0567331],[5.0381206,44.0571191],[5.0379127,44.0574053],[5.0376867,44.0577427],[5.0375882,44.0578973],[5.0374863,44.0580747],[5.0374654,44.0580696],[5.0374407,44.0580621],[5.0376351,44.0577301],[5.0378584,44.0573947],[5.0380757,44.0571008],[5.0383895,44.0567138],[5.0385169,44.056564]]]},"properties":{"layer":"1","man_made":"bridge","osm_type":"way","osm_id":1239418990,"@id":"way/1239418990","bridge_role":"deck"}},{"type":"Feature","id":"way/1239418991","geometry":{"type":"Polygon","coordinates":[[[5.0372542,44.0584166],[5.0372751,44.0584315],[5.0372978,44.0584479],[5.0370893,44.0589086],[5.0370654,44.0588928],[5.0370437,44.0588784],[5.0372542,44.0584166]]]},"properties":{"layer":"1","man_made":"bridge","osm_type":"way","osm_id":1239418991,"@id":"way/1239418991","bridge_role":"deck"}},{"type":"Feature","id":"way/1239418992","geometry":{"type":"Polygon","coordinates":[[[5.0367333,44.0598021],[5.0367594,44.0598053],[5.0367843,44.0598084],[5.0367637,44.0598945],[5.0367373,44.0598912],[5.0367127,44.0598882],[5.0367333,44.0598021]]]},"properties":{"layer":"1","man_made":"bridge","osm_type":"way","osm_id":1239418992,"@id":"way/1239418992","bridge_role":"deck"}},{"type":"Feature","id":"way/1239418993","geometry":{"type":"Polygon","coordinates":[[[5.0362112,44.0617605],[5.0361763,44.0618715],[5.0362039,44.0618616],[5.0362374,44.0618496],[5.0362762,44.0617381],[5.0362454,44.0617474],[5.0362112,44.0617605]]]},"properties":{"layer":"1","man_made":"bridge","osm_type":"way","osm_id":1239418993,"@id":"way/1239418993","bridge_role":"deck"}},{"type":"Feature","id":"way/1239418996","geometry":{"type":"Polygon","coordinates":[[[5.0293438,44.0771027],[5.0293686,44.0771094],[5.0293915,44.0771156],[5.0294336,44.0770351],[5.0294122,44.0770293],[5.0293859,44.0770222],[5.0293438,44.0771027]]]},"properties":{"layer":"1","man_made":"bridge","osm_type":"way","osm_id":1239418996,"@id":"way/1239418996","bridge_role":"deck"}},{"type":"Feature","id":"way/1239418997","geometry":{"type":"Polygon","coordinates":[[[5.0016792,44.0877895],[5.0016816,44.0877712],[5.001684,44.087753],[5.0017587,44.0877581],[5.0017564,44.0877756],[5.0017539,44.0877946],[5.0016792,44.0877895]]]},"properties":{"layer":"1","man_made":"bridge","osm_type":"way","osm_id":1239418997,"@id":"way/1239418997","bridge_role":"deck"}},{"type":"Feature","id":"way/1239418998","geometry":{"type":"Polygon","coordinates":[[[5.0118078,44.0878718],[5.011804,44.0878558],[5.0117999,44.0878389],[5.0119494,44.0878205],[5.0119536,44.0878379],[5.0119572,44.0878534],[5.0118078,44.0878718]]]},"properties":{"layer":"1","man_made":"bridge","osm_type":"way","osm_id":1239418998,"@id":"way/1239418998","bridge_role":"deck"}},{"type":"Feature","id":"way/1239418999","geometry":{"type":"Polygon","coordinates":[[[4.9944909,44.0873824],[4.9944926,44.087366],[4.9944942,44.0873505],[4.994641,44.0873582],[4.9946395,44.0873733],[4.9946378,44.0873901],[4.9944909,44.0873824]]]},"properties":{"layer":"1","man_made":"bridge","osm_type":"way","osm_id":1239418999,"@id":"way/1239418999","bridge_role":"deck"}},{"type":"Feature","id":"way/1239419000","geometry":{"type":"Polygon","coordinates":[[[4.9906632,44.0871639],[4.9906653,44.0871459],[4.9906672,44.0871299],[4.9908604,44.0871417],[4.9908585,44.087157],[4.9908563,44.0871757],[4.9906632,44.0871639]]]},"properties":{"layer":"1","man_made":"bridge","osm_type":"way","osm_id":1239419000,"@id":"way/1239419000","bridge_role":"deck"}},{"type":"Feature","id":"way/1239419001","geometry":{"type":"Polygon","coordinates":[[[4.9888066,44.0870604],[4.9888091,44.0870389],[4.9888112,44.0870209],[4.9894916,44.0870621],[4.9894898,44.0870781],[4.989487,44.0871017],[4.9888066,44.0870604]]]},"properties":{"layer":"1","man_made":"bridge","osm_type":"way","osm_id":1239419001,"@id":"way/1239419001","bridge_role":"deck"}},{"type":"Feature","id":"way/1239419002","geometry":{"type":"Polygon","coordinates":[[[4.985763,44.0868921],[4.9857656,44.0868693],[4.9857682,44.0868471],[4.9860969,44.0868666],[4.9860943,44.0868888],[4.9860917,44.0869117],[4.985763,44.0868921]]]},"properties":{"layer":"1","man_made":"bridge","osm_type":"way","osm_id":1239419002,"@id":"way/1239419002","bridge_role":"deck"}},{"type":"Feature","id":"way/1239419003","geometry":{"type":"Polygon","coordinates":[[[4.9806242,44.0865984],[4.9806261,44.0865797],[4.980628,44.0865609],[4.9808555,44.0865729],[4.9808537,44.0865902],[4.9808517,44.0866103],[4.9806242,44.0865984]]]},"properties":{"layer":"1","man_made":"bridge","osm_type":"way","osm_id":1239419003,"@id":"way/1239419003","bridge_role":"deck"}},{"type":"Feature","id":"way/1239594163","geometry":{"type":"Polygon","coordinates":[[[5.3763578,43.8868236],[5.3763549,43.8868088],[5.3763512,43.8867904],[5.3765592,43.886769],[5.3765625,43.8867859],[5.3765657,43.8868022],[5.3763578,43.8868236]]]},"properties":{"layer":"1","man_made":"bridge","osm_type":"way","osm_id":1239594163,"@id":"way/1239594163","bridge_role":"deck"}},{"type":"Feature","id":"way/1239594164","geometry":{"type":"Polygon","coordinates":[[[5.3810564,43.8852348],[5.3810814,43.88525],[5.3811047,43.8852657],[5.3807909,43.8854501],[5.3805234,43.8856047],[5.3802592,43.8857444],[5.3799688,43.8858826],[5.3795115,43.8860769],[5.3792332,43.8861842],[5.3788282,43.8863269],[5.3788149,43.8863107],[5.3788029,43.8862911],[5.3792198,43.8861474],[5.3794934,43.8860416],[5.3799514,43.885843],[5.3802404,43.8857043],[5.3804999,43.8855675],[5.3807587,43.8854215],[5.3810564,43.8852348]]]},"properties":{"layer":"1","man_made":"bridge","osm_type":"way","osm_id":1239594164,"@id":"way/1239594164","bridge_role":"deck"}},{"type":"Feature","id":"way/1239594169","geometry":{"type":"Polygon","coordinates":[[[5.265952,43.853064],[5.2659584,43.853044],[5.2659645,43.8530254],[5.266158,43.8530581],[5.2661515,43.853078],[5.2661454,43.8530967],[5.265952,43.853064]]]},"properties":{"layer":"1","man_made":"bridge","osm_type":"way","osm_id":1239594169,"@id":"way/1239594169","bridge_role":"deck"}},{"type":"Feature","id":"way/1239594170","geometry":{"type":"Polygon","coordinates":[[[5.2464807,43.8530501],[5.2464879,43.8530715],[5.2464163,43.853084],[5.2464097,43.8530645],[5.2464038,43.8530469],[5.2464755,43.8530344],[5.2464807,43.8530501]]]},"properties":{"layer":"1","man_made":"bridge","osm_type":"way","osm_id":1239594170,"@id":"way/1239594170","bridge_role":"deck"}},{"type":"Feature","id":"way/1239594171","geometry":{"type":"Polygon","coordinates":[[[5.2314002,43.8566557],[5.2314433,43.8566686],[5.2314844,43.8566809],[5.2310935,43.8568736],[5.2310523,43.856863],[5.23101,43.856852],[5.2314002,43.8566557]]]},"properties":{"layer":"1","man_made":"bridge","osm_type":"way","osm_id":1239594171,"@id":"way/1239594171","bridge_role":"deck"}},{"type":"Feature","id":"way/1239594189","geometry":{"type":"Polygon","coordinates":[[[5.1144509,43.8599901],[5.1144771,43.8599844],[5.1145038,43.8599786],[5.1145208,43.8600189],[5.1144961,43.8600243],[5.1144678,43.8600304],[5.1144509,43.8599901]]]},"properties":{"layer":"1","man_made":"bridge","osm_type":"way","osm_id":1239594189,"@id":"way/1239594189","bridge_role":"deck"}},{"type":"Feature","id":"way/1239594190","geometry":{"type":"Polygon","coordinates":[[[5.1141082,43.8592945],[5.1141435,43.8592981],[5.114188,43.8593027],[5.1143436,43.85963],[5.1143043,43.8596221],[5.1142642,43.8596136],[5.1141082,43.8592945]]]},"properties":{"layer":"1","man_made":"bridge","osm_type":"way","osm_id":1239594190,"@id":"way/1239594190","bridge_role":"deck"}},{"type":"Feature","id":"way/1239594191","geometry":{"type":"Polygon","coordinates":[[[5.1127023,43.8576758],[5.1127216,43.8576609],[5.1127383,43.8576479],[5.1128268,43.8577073],[5.1128077,43.8577221],[5.1127908,43.8577352],[5.1127023,43.8576758]]]},"properties":{"layer":"1","man_made":"bridge","osm_type":"way","osm_id":1239594191,"@id":"way/1239594191","bridge_role":"deck"}},{"type":"Feature","id":"way/1239594192","geometry":{"type":"Polygon","coordinates":[[[5.1107488,43.8567619],[5.1107501,43.8567814],[5.1107515,43.8568022],[5.1108826,43.8568513],[5.1108822,43.8568317],[5.1108819,43.8568131],[5.1107488,43.8567619]]]},"properties":{"layer":"1","man_made":"bridge","osm_type":"way","osm_id":1239594192,"@id":"way/1239594192","bridge_role":"deck"}},{"type":"Feature","id":"way/1240245936","geometry":{"type":"Polygon","coordinates":[[[5.0049983,44.3864287],[5.0050698,44.3863164],[5.0053917,44.3862753],[5.0052767,44.3863985],[5.0049983,44.3864287]]]},"properties":{"layer":"1","man_made":"bridge","osm_type":"way","osm_id":1240245936,"@id":"way/1240245936","bridge_role":"deck"}},{"type":"Feature","id":"way/1241012786","geometry":{"type":"Polygon","coordinates":[[[4.9636766,43.9263336],[4.9636571,43.9263147],[4.9636306,43.9262889],[4.963611,43.92627],[4.9638233,43.9261563],[4.9638456,43.926178],[4.9638726,43.9262041],[4.963889,43.92622],[4.9636766,43.9263336]]]},"properties":{"layer":"1","man_made":"bridge","osm_type":"way","osm_id":1241012786,"@id":"way/1241012786","bridge_role":"deck"}},{"type":"Feature","id":"way/1241875587","geometry":{"type":"Polygon","coordinates":[[[4.8802202,43.9999024],[4.8801359,43.9998233],[4.8801741,43.9998007],[4.8802099,43.9997799],[4.8802497,43.9997546],[4.8802683,43.9997434],[4.8803334,43.9998064],[4.8802592,43.9998665],[4.8802202,43.9999024]]]},"properties":{"layer":"1","man_made":"bridge","osm_type":"way","osm_id":1241875587,"@id":"way/1241875587","bridge_role":"deck"}},{"type":"Feature","id":"way/1244116051","geometry":{"type":"Polygon","coordinates":[[[5.3737396,43.8672247],[5.3737884,43.8671957],[5.3738228,43.8671752],[5.3743835,43.8676648],[5.3743359,43.8676932],[5.3743004,43.8677143],[5.3737396,43.8672247]]]},"properties":{"layer":"1","man_made":"bridge","operator":"CD84","osm_type":"way","osm_id":1244116051,"@id":"way/1244116051","bridge_role":"deck"}},{"type":"Feature","id":"way/1248237811","geometry":{"type":"Polygon","coordinates":[[[5.4070052,44.0896571],[5.4070564,44.0896503],[5.4070444,44.0896247],[5.4069813,44.0887072],[5.4069422,44.0887072],[5.4068982,44.0887128],[5.4069609,44.0893392],[5.4069652,44.0896117],[5.4069713,44.0896623],[5.4070052,44.0896571]]]},"properties":{"bridge:structure":"arch","layer":"1","man_made":"bridge","operator":"CD84","osm_type":"way","osm_id":1248237811,"@id":"way/1248237811","bridge_role":"deck"}},{"type":"Feature","id":"way/1253296874","geometry":{"type":"Polygon","coordinates":[[[5.380312,43.7265226],[5.3802753,43.726421],[5.3813163,43.7262366],[5.3816579,43.7261711],[5.3818735,43.7261237],[5.3818994,43.7261725],[5.3819251,43.726221],[5.3817122,43.7262661],[5.3805768,43.726475],[5.380312,43.7265226]]]},"properties":{"layer":"1","man_made":"bridge","osm_type":"way","osm_id":1253296874,"@id":"way/1253296874","bridge_role":"deck"}},{"type":"Feature","id":"way/1260617664","geometry":{"type":"Polygon","coordinates":[[[5.7397305,43.7383466],[5.7398227,43.7384604],[5.7399104,43.7385686],[5.7399627,43.7385464],[5.7400242,43.7385204],[5.7398443,43.7382985],[5.7397826,43.7383245],[5.7397305,43.7383466]]]},"properties":{"layer":"1","man_made":"bridge","osm_type":"way","osm_id":1260617664,"@id":"way/1260617664","bridge_role":"deck"}},{"type":"Feature","id":"way/1266118016","geometry":{"type":"Polygon","coordinates":[[[5.4819102,43.6922733],[5.4820093,43.6922744],[5.4821098,43.6922756],[5.4823894,43.6918322],[5.4822801,43.6918243],[5.4821836,43.6918173],[5.4819102,43.6922733]]]},"properties":{"bridge":"yes","layer":"1","man_made":"bridge","osm_type":"way","osm_id":1266118016,"@id":"way/1266118016","bridge_role":"deck"}},{"type":"Feature","id":"way/1277773372","geometry":{"type":"Polygon","coordinates":[[[4.8568104,43.9498019],[4.8568365,43.9498145],[4.8568676,43.9498295],[4.8569059,43.9498479],[4.8570012,43.9497453],[4.8569722,43.9497313],[4.8569357,43.9497137],[4.8569057,43.9496993],[4.8568104,43.9498019]]]},"properties":{"layer":"1","man_made":"bridge","osm_type":"way","osm_id":1277773372,"@id":"way/1277773372","bridge_role":"deck"}},{"type":"Feature","id":"way/1277883039","geometry":{"type":"Polygon","coordinates":[[[4.823234,43.9388676],[4.8235334,43.9387971],[4.8235263,43.938776],[4.8235121,43.9387556],[4.8232179,43.9388301],[4.8232234,43.9388488],[4.823234,43.9388676]]]},"properties":{"layer":"1","man_made":"bridge","osm_type":"way","osm_id":1277883039,"@id":"way/1277883039","bridge_role":"deck"}},{"type":"Feature","id":"way/1279858883","geometry":{"type":"Polygon","coordinates":[[[4.9404432,43.9596879],[4.9404669,43.9596517],[4.9406639,43.9597186],[4.9406406,43.9597542],[4.9406169,43.9597904],[4.9404199,43.9597235],[4.9404432,43.9596879]]]},"properties":{"layer":"1","man_made":"bridge","osm_type":"way","osm_id":1279858883,"@id":"way/1279858883","bridge_role":"deck"}},{"type":"Feature","id":"way/1279858899","geometry":{"type":"Polygon","coordinates":[[[5.0005358,43.9655913],[5.0005396,43.9656411],[5.0005438,43.9656963],[5.0007578,43.9657392],[5.0007545,43.965695],[5.0007506,43.9656427],[5.0005358,43.9655913]]]},"properties":{"layer":"1","man_made":"bridge","osm_type":"way","osm_id":1279858899,"@id":"way/1279858899","bridge_role":"deck"}},{"type":"Feature","id":"way/1285905312","geometry":{"type":"Polygon","coordinates":[[[4.9291473,43.9555628],[4.9291936,43.9554629],[4.9292982,43.9554716],[4.9292546,43.9555686],[4.9291473,43.9555628]]]},"properties":{"layer":"1","man_made":"bridge","osm_type":"way","osm_id":1285905312,"@id":"way/1285905312","bridge_role":"deck"}},{"type":"Feature","id":"way/1298590313","geometry":{"type":"Polygon","coordinates":[[[5.6836081,43.7017253],[5.6836009,43.7017738],[5.6838398,43.7017966],[5.6838459,43.7017474],[5.6836081,43.7017253]]]},"properties":{"bridge":"yes","layer":"1","man_made":"bridge","osm_type":"way","osm_id":1298590313,"@id":"way/1298590313","bridge_role":"deck"}},{"type":"Feature","id":"way/1300260897","geometry":{"type":"Polygon","coordinates":[[[4.7940608,44.1239059],[4.7940583,44.1238601],[4.7942304,44.1238553],[4.7942329,44.1239011],[4.7940608,44.1239059]]]},"properties":{"layer":"1","man_made":"bridge","osm_type":"way","osm_id":1300260897,"@id":"way/1300260897","bridge_role":"deck"}},{"type":"Feature","id":"way/1300519853","geometry":{"type":"Polygon","coordinates":[[[4.7973657,43.9212096],[4.7973433,43.9211495],[4.7975039,43.9211202],[4.7975242,43.9211839],[4.7973657,43.9212096]]]},"properties":{"layer":"1","man_made":"bridge","osm_type":"way","osm_id":1300519853,"@id":"way/1300519853","bridge_role":"deck"}},{"type":"Feature","id":"way/1300906388","geometry":{"type":"Polygon","coordinates":[[[5.5045287,43.6980555],[5.5045874,43.6977851],[5.5047049,43.6977985],[5.5046463,43.6980688],[5.5045287,43.6980555]]]},"properties":{"bridge:structure":"beam","layer":"1","man_made":"bridge","osm_type":"way","osm_id":1300906388,"@id":"way/1300906388","bridge_role":"deck"}},{"type":"Feature","id":"way/1301927680","geometry":{"type":"Polygon","coordinates":[[[4.8976028,43.9232867],[4.8975967,43.9232523],[4.8976968,43.9232519],[4.8977009,43.9232867],[4.8976028,43.9232867]]]},"properties":{"layer":"1","man_made":"bridge","osm_type":"way","osm_id":1301927680,"@id":"way/1301927680","bridge_role":"deck"}},{"type":"Feature","id":"way/1304975837","geometry":{"type":"Polygon","coordinates":[[[4.9954384,43.9284582],[4.9955403,43.9283935],[4.9957012,43.9284442],[4.9955852,43.92852],[4.9954384,43.9284582]]]},"properties":{"bridge:structure":"beam","layer":"1","man_made":"bridge","osm_type":"way","osm_id":1304975837,"@id":"way/1304975837","bridge_role":"deck"}},{"type":"Feature","id":"way/1304975842","geometry":{"type":"Polygon","coordinates":[[[4.9985205,43.9295334],[4.9985506,43.9295022],[4.9985731,43.9295042],[4.998544,43.9295334],[4.9985205,43.9295334]]]},"properties":{"layer":"1","man_made":"bridge","osm_type":"way","osm_id":1304975842,"@id":"way/1304975842","bridge_role":"deck"}},{"type":"Feature","id":"way/1304975843","geometry":{"type":"Polygon","coordinates":[[[4.9987054,43.9293461],[4.9987218,43.9293531],[4.998767,43.9293072],[4.9987483,43.9292961],[4.9987054,43.9293461]]]},"properties":{"layer":"1","man_made":"bridge","osm_type":"way","osm_id":1304975843,"@id":"way/1304975843","bridge_role":"deck"}},{"type":"Feature","id":"way/1305005670","geometry":{"type":"Polygon","coordinates":[[[4.8538179,43.9629775],[4.8539267,43.9629272],[4.8540789,43.9630826],[4.8539709,43.9631291],[4.8538179,43.9629775]]]},"properties":{"layer":"1","man_made":"bridge","osm_type":"way","osm_id":1305005670,"@id":"way/1305005670","bridge_role":"deck"}},{"type":"Feature","id":"way/1305192781","geometry":{"type":"Polygon","coordinates":[[[4.851898,43.9987716],[4.851869,43.9986899],[4.8527279,43.9985319],[4.852757,43.9986137],[4.851898,43.9987716]]]},"properties":{"layer":"1","man_made":"bridge","osm_type":"way","osm_id":1305192781,"@id":"way/1305192781","bridge_role":"deck"}},{"type":"Feature","id":"way/1305216078","geometry":{"type":"Polygon","coordinates":[[[4.7397061,44.2892521],[4.7396683,44.2891919],[4.7397994,44.2891497],[4.7398373,44.2892098],[4.7397061,44.2892521]]]},"properties":{"layer":"1","man_made":"bridge","osm_type":"way","osm_id":1305216078,"@id":"way/1305216078","bridge_role":"deck"}},{"type":"Feature","id":"way/1306375593","geometry":{"type":"Polygon","coordinates":[[[4.997686,43.9265225],[4.997739,43.9264438],[4.9977819,43.9264621],[4.997906,43.9264901],[4.9978584,43.9265655],[4.997686,43.9265225]]]},"properties":{"layer":"1","man_made":"bridge","maxheight":"3.1","osm_type":"way","osm_id":1306375593,"@id":"way/1306375593","bridge_role":"deck"}},{"type":"Feature","id":"way/1306375594","geometry":{"type":"Polygon","coordinates":[[[4.9975774,43.9266741],[4.9976357,43.9265978],[4.997802,43.926622],[4.9977457,43.9266954],[4.9975774,43.9266741]]]},"properties":{"layer":"1","man_made":"bridge","maxheight":"3.1","osm_type":"way","osm_id":1306375594,"@id":"way/1306375594","bridge_role":"deck"}},{"type":"Feature","id":"way/1309265385","geometry":{"type":"Polygon","coordinates":[[[5.518098,43.8501277],[5.5178988,43.8498298],[5.5179945,43.8497965],[5.5181937,43.8500945],[5.518098,43.8501277]]]},"properties":{"layer":"1","man_made":"bridge","operator":"CD84","osm_type":"way","osm_id":1309265385,"@id":"way/1309265385","bridge_role":"deck"}},{"type":"Feature","id":"way/1309965955","geometry":{"type":"Polygon","coordinates":[[[4.8371865,44.1339773],[4.8369992,44.1332372],[4.8371486,44.1332048],[4.8373311,44.1339501],[4.8371865,44.1339773]]]},"properties":{"layer":"1","man_made":"bridge","osm_type":"way","osm_id":1309965955,"@id":"way/1309965955","bridge_role":"deck"}},{"type":"Feature","id":"way/1310801268","geometry":{"type":"Polygon","coordinates":[[[5.0883232,44.2291247],[5.0884129,44.2290704],[5.0888276,44.2296161],[5.0887399,44.2296446],[5.0883232,44.2291247]]]},"properties":{"layer":"1","man_made":"bridge","osm_type":"way","osm_id":1310801268,"@id":"way/1310801268","bridge_role":"deck"}},{"type":"Feature","id":"way/1310801269","geometry":{"type":"Polygon","coordinates":[[[5.0888406,44.2296134],[5.0884696,44.2290282],[5.0885241,44.2290078],[5.0888892,44.2296041],[5.0888406,44.2296134]]]},"properties":{"layer":"1","man_made":"bridge","osm_type":"way","osm_id":1310801269,"@id":"way/1310801269","bridge_role":"deck"}},{"type":"Feature","id":"way/1311452264","geometry":{"type":"Polygon","coordinates":[[[4.9913921,44.0464221],[4.991333,44.0460792],[4.9914396,44.0460697],[4.9914988,44.0464126],[4.9913921,44.0464221]]]},"properties":{"layer":"1","man_made":"bridge","osm_type":"way","osm_id":1311452264,"@id":"way/1311452264","bridge_role":"deck"}},{"type":"Feature","id":"way/1312099231","geometry":{"type":"Polygon","coordinates":[[[5.3510659,43.7751379],[5.3510448,43.7750483],[5.3510879,43.775043],[5.351109,43.7751326],[5.3510659,43.7751379]]]},"properties":{"layer":"1","man_made":"bridge","osm_type":"way","osm_id":1312099231,"@id":"way/1312099231","bridge_role":"deck"}},{"type":"Feature","id":"way/1312101984","geometry":{"type":"Polygon","coordinates":[[[5.3496692,43.7568221],[5.3497131,43.7567443],[5.3500799,43.7568322],[5.35004,43.7569042],[5.3496692,43.7568221]]]},"properties":{"layer":"1","man_made":"bridge","osm_type":"way","osm_id":1312101984,"@id":"way/1312101984","bridge_role":"deck"}},{"type":"Feature","id":"way/1314772745","geometry":{"type":"Polygon","coordinates":[[[5.0834577,43.8353513],[5.0834329,43.8353262],[5.0835372,43.8352727],[5.0835619,43.8352978],[5.0834577,43.8353513]]]},"properties":{"layer":"1","man_made":"bridge","osm_type":"way","osm_id":1314772745,"@id":"way/1314772745","bridge_role":"deck"}},{"type":"Feature","id":"way/1314877337","geometry":{"type":"Polygon","coordinates":[[[5.1077805,43.855303],[5.1078221,43.8553195],[5.1078752,43.855236],[5.1078292,43.8552226],[5.1077805,43.855303]]]},"properties":{"layer":"1","man_made":"bridge","osm_type":"way","osm_id":1314877337,"@id":"way/1314877337","bridge_role":"deck"}},{"type":"Feature","id":"way/1323804493","geometry":{"type":"Polygon","coordinates":[[[4.931039,44.0048289],[4.931227,44.0047858],[4.9311935,44.0047727],[4.9311457,44.0047332],[4.931101,44.0046937],[4.9310624,44.0046498],[4.9310461,44.0046038],[4.9309018,44.0046301],[4.9309485,44.0046754],[4.9309892,44.0047244],[4.931039,44.0048289]]]},"properties":{"layer":"1","man_made":"bridge","osm_type":"way","osm_id":1323804493,"@id":"way/1323804493","bridge_role":"deck"}},{"type":"Feature","id":"way/1334861328","geometry":{"type":"Polygon","coordinates":[[[4.6551658,44.2517039],[4.6552289,44.2516667],[4.6552754,44.2516377],[4.655646,44.2519689],[4.6561155,44.2523868],[4.656707,44.252927],[4.6579348,44.2540219],[4.6584857,44.2545387],[4.6589166,44.2550279],[4.6592703,44.2554851],[4.6594717,44.2557884],[4.6594048,44.2558086],[4.6593371,44.2558292],[4.6590853,44.2554661],[4.6589268,44.2552376],[4.6583495,44.2545751],[4.6574937,44.2537802],[4.6566034,44.2529867],[4.6551658,44.2517039]]]},"properties":{"layer":"1","man_made":"bridge","osm_type":"way","osm_id":1334861328,"@id":"way/1334861328","bridge_role":"deck"}},{"type":"Feature","id":"way/1338230945","geometry":{"type":"Polygon","coordinates":[[[5.0827287,43.8146638],[5.0827173,43.8145389],[5.082846,43.8145113],[5.0828574,43.8146221],[5.0827287,43.8146638]]]},"properties":{"layer":"1","man_made":"bridge","osm_type":"way","osm_id":1338230945,"@id":"way/1338230945","bridge_role":"deck"}},{"type":"Feature","id":"way/1340020393","geometry":{"type":"Polygon","coordinates":[[[5.0841282,43.8037399],[5.084096,43.8036997],[5.0842336,43.8036424],[5.0842658,43.8036826],[5.0841282,43.8037399]]]},"properties":{"layer":"1","man_made":"bridge","osm_type":"way","osm_id":1340020393,"@id":"way/1340020393","bridge_role":"deck"}},{"type":"Feature","id":"way/1340020395","geometry":{"type":"Polygon","coordinates":[[[5.0820435,43.8243003],[5.0820427,43.8242606],[5.0821882,43.8242591],[5.082189,43.8242988],[5.0820435,43.8243003]]]},"properties":{"layer":"1","man_made":"bridge","osm_type":"way","osm_id":1340020395,"@id":"way/1340020395","bridge_role":"deck"}},{"type":"Feature","id":"way/1341498319","geometry":{"type":"Polygon","coordinates":[[[4.9607924,43.9724136],[4.9607481,43.9723032],[4.9608029,43.9722918],[4.9608472,43.9724022],[4.9607924,43.9724136]]]},"properties":{"layer":"1","man_made":"bridge","osm_type":"way","osm_id":1341498319,"@id":"way/1341498319","bridge_role":"deck"}},{"type":"Feature","id":"way/1341498356","geometry":{"type":"Polygon","coordinates":[[[4.980896,43.967498],[4.9807964,43.967371],[4.980894,43.9673313],[4.9809937,43.9674584],[4.980896,43.967498]]]},"properties":{"layer":"1","man_made":"bridge","osm_type":"way","osm_id":1341498356,"@id":"way/1341498356","bridge_role":"deck"}},{"type":"Feature","id":"way/1341731343","geometry":{"type":"Polygon","coordinates":[[[5.472713,43.7365381],[5.4727095,43.7364505],[5.4728893,43.7364468],[5.4728928,43.7365343],[5.472713,43.7365381]]]},"properties":{"layer":"1","man_made":"bridge","osm_type":"way","osm_id":1341731343,"@id":"way/1341731343","bridge_role":"deck"}},{"type":"Feature","id":"way/1341737552","geometry":{"type":"Polygon","coordinates":[[[5.4378822,43.7235569],[5.4374912,43.723241],[5.437608,43.7232167],[5.4380097,43.7235377],[5.4378822,43.7235569]]]},"properties":{"layer":"1","man_made":"bridge","osm_type":"way","osm_id":1341737552,"@id":"way/1341737552","bridge_role":"deck"}},{"type":"Feature","id":"way/1342188232","geometry":{"type":"Polygon","coordinates":[[[4.947896,43.9535117],[4.9479076,43.9534684],[4.9481261,43.9534984],[4.9481146,43.9535418],[4.947896,43.9535117]]]},"properties":{"layer":"1","man_made":"bridge","osm_type":"way","osm_id":1342188232,"@id":"way/1342188232","bridge_role":"deck"}},{"type":"Feature","id":"way/1342188234","geometry":{"type":"Polygon","coordinates":[[[4.945769,43.9451817],[4.9457817,43.9451459],[4.9459013,43.9451679],[4.9458886,43.9452037],[4.945769,43.9451817]]]},"properties":{"layer":"1","man_made":"bridge","osm_type":"way","osm_id":1342188234,"@id":"way/1342188234","bridge_role":"deck"}},{"type":"Feature","id":"way/1342194813","geometry":{"type":"Polygon","coordinates":[[[4.941152,43.9913947],[4.941155,43.9913734],[4.941364,43.9913889],[4.941361,43.9914102],[4.941152,43.9913947]]]},"properties":{"layer":"1","man_made":"bridge","osm_type":"way","osm_id":1342194813,"@id":"way/1342194813","bridge_role":"deck"}},{"type":"Feature","id":"way/1343974745","geometry":{"type":"Polygon","coordinates":[[[4.9482759,43.9388161],[4.9482835,43.938726],[4.9485149,43.9386664],[4.9485065,43.9387588],[4.9482759,43.9388161]]]},"properties":{"layer":"1","man_made":"bridge","osm_type":"way","osm_id":1343974745,"@id":"way/1343974745","bridge_role":"deck"}},{"type":"Feature","id":"way/1347961934","geometry":{"type":"Polygon","coordinates":[[[5.0939375,43.844696],[5.0939822,43.8445985],[5.0941641,43.8446344],[5.0941093,43.8447304],[5.0939375,43.844696]]]},"properties":{"layer":"1","man_made":"bridge","osm_type":"way","osm_id":1347961934,"@id":"way/1347961934","bridge_role":"deck"}},{"type":"Feature","id":"way/1349785696","geometry":{"type":"Polygon","coordinates":[[[5.1277047,43.9220051],[5.1276902,43.9219418],[5.1279389,43.9219123],[5.1279534,43.9219755],[5.1277047,43.9220051]]]},"properties":{"bridge:structure":"arch","layer":"1","man_made":"bridge","osm_type":"way","osm_id":1349785696,"@id":"way/1349785696","bridge_role":"deck"}},{"type":"Feature","id":"way/1356232757","geometry":{"type":"Polygon","coordinates":[[[5.4941695,43.8481848],[5.4939596,43.8478542],[5.4940169,43.8478352],[5.4942267,43.8481659],[5.4941695,43.8481848]]]},"properties":{"layer":"1","man_made":"bridge","osm_type":"way","osm_id":1356232757,"@id":"way/1356232757","bridge_role":"deck"}},{"type":"Feature","id":"way/1356372056","geometry":{"type":"Polygon","coordinates":[[[5.1118561,43.8646933],[5.1118551,43.8646208],[5.1120228,43.8646867],[5.1120218,43.8647527],[5.1118561,43.8646933]]]},"properties":{"layer":"1","man_made":"bridge","osm_type":"way","osm_id":1356372056,"@id":"way/1356372056","bridge_role":"deck"}},{"type":"Feature","id":"way/1356856486","geometry":{"type":"Polygon","coordinates":[[[5.3644542,43.7099568],[5.3645581,43.7099339],[5.3655329,43.7121463],[5.3654829,43.7121572],[5.3654303,43.7121686],[5.3644542,43.7099568]]]},"properties":{"bridge":"viaduct","demolished":"1974","destroyed:building":"yes","height":"22","heritage":"3","historic:civilization":"modern","layer":"1","length":"232","man_made":"bridge","name":"Ancien Pont suspendu de Cadenet 1838","note":"Fleuve franchi : la Durance, d\u00e9partement : Vaucluse, \u00e0 proximit\u00e9 : Cadenet\nType d'ouvrage : Pont suspendu en fil de fer\nDestruction de l'ouvrage : 1974\nArchitecte(s) : Adolphe Boulland ,.\nRemise en \u00e9tat par le(les) architecte(s): Ferdinand Arnodin ,.\nLong","website":"https://www.art-et-histoire.com/index.php?r=1&w=1920&perspective=Ouvrages&PHP_file=segreap.php&cb=Cadenet","osm_type":"way","osm_id":1356856486,"@id":"way/1356856486","bridge_role":"deck"}},{"type":"Feature","id":"way/1356859690","geometry":{"type":"Polygon","coordinates":[[[5.3650858,43.7114145],[5.3650703,43.7113826],[5.3651956,43.7113507],[5.3652112,43.7113826],[5.3650858,43.7114145]]]},"properties":{"bridge:support":"pier","destroyed":"yes","material":"stone","osm_type":"way","osm_id":1356859690,"@id":"way/1356859690","bridge_role":"pillar"}},{"type":"Feature","id":"way/1360291842","geometry":{"type":"Polygon","coordinates":[[[5.0440493,43.8442411],[5.04411,43.8443692],[5.0440629,43.844403],[5.0440222,43.8444324],[5.0440064,43.8444425],[5.0439417,43.8443122],[5.0439599,43.8443005],[5.0439999,43.8442739],[5.0440493,43.8442411]]]},"properties":{"layer":"1","man_made":"bridge","osm_type":"way","osm_id":1360291842,"@id":"way/1360291842","bridge_role":"deck"}},{"type":"Feature","id":"way/1362810484","geometry":{"type":"Polygon","coordinates":[[[4.9783232,43.9676098],[4.9787338,43.9675818],[4.9790372,43.9676933],[4.9785311,43.9676958],[4.9783232,43.9676098]]]},"properties":{"layer":"1","man_made":"bridge","osm_type":"way","osm_id":1362810484,"@id":"way/1362810484","bridge_role":"deck"}},{"type":"Feature","id":"way/1363914272","geometry":{"type":"Polygon","coordinates":[[[4.6603559,44.2578647],[4.6599526,44.2570524],[4.6601069,44.2570131],[4.66051,44.2578255],[4.6603559,44.2578647]]]},"properties":{"layer":"1","man_made":"bridge","osm_type":"way","osm_id":1363914272,"@id":"way/1363914272","bridge_role":"deck"}},{"type":"Feature","id":"way/1363978525","geometry":{"type":"Polygon","coordinates":[[[4.948295,44.3088549],[4.9482218,44.3087561],[4.9483516,44.3087097],[4.9484247,44.308816],[4.948295,44.3088549]]]},"properties":{"layer":"1","man_made":"bridge","osm_type":"way","osm_id":1363978525,"@id":"way/1363978525","bridge_role":"deck"}},{"type":"Feature","id":"way/1363978526","geometry":{"type":"Polygon","coordinates":[[[4.9469908,44.3085139],[4.9470073,44.3084701],[4.9471161,44.3084912],[4.9470996,44.3085349],[4.9469908,44.3085139]]]},"properties":{"layer":"1","man_made":"bridge","osm_type":"way","osm_id":1363978526,"@id":"way/1363978526","bridge_role":"deck"}},{"type":"Feature","id":"way/1365950367","geometry":{"type":"Polygon","coordinates":[[[4.6942897,44.2823835],[4.6942236,44.2822998],[4.6944797,44.2823187],[4.6945295,44.2823908],[4.6942897,44.2823835]]]},"properties":{"layer":"1","man_made":"bridge","osm_type":"way","osm_id":1365950367,"@id":"way/1365950367","bridge_role":"deck"}},{"type":"Feature","id":"way/1370282182","geometry":{"type":"Polygon","coordinates":[[[5.4446411,43.7696622],[5.4446196,43.7696269],[5.4445995,43.7695939],[5.4446662,43.7695728],[5.4446855,43.7696046],[5.4447078,43.7696411],[5.4446411,43.7696622]]]},"properties":{"layer":"1","man_made":"bridge","osm_type":"way","osm_id":1370282182,"@id":"way/1370282182","bridge_role":"deck"}},{"type":"Feature","id":"way/1370286473","geometry":{"type":"Polygon","coordinates":[[[5.5251619,43.9193958],[5.5251247,43.919353],[5.5252617,43.9192912],[5.5252989,43.919334],[5.5251619,43.9193958]]]},"properties":{"layer":"1","man_made":"bridge","osm_type":"way","osm_id":1370286473,"@id":"way/1370286473","bridge_role":"deck"}},{"type":"Feature","id":"way/1370293717","geometry":{"type":"Polygon","coordinates":[[[5.5860595,43.764444],[5.5860912,43.7644619],[5.586132,43.7644849],[5.586497,43.7641477],[5.5864622,43.7641281],[5.5864244,43.7641067],[5.5860595,43.764444]]]},"properties":{"layer":"1","man_made":"bridge","osm_type":"way","osm_id":1370293717,"@id":"way/1370293717","bridge_role":"deck"}},{"type":"Feature","id":"way/1370300940","geometry":{"type":"Polygon","coordinates":[[[5.1221601,44.0990867],[5.1222319,44.0987861],[5.1223123,44.0988114],[5.122244,44.099097],[5.1221601,44.0990867]]]},"properties":{"layer":"1","man_made":"bridge","osm_type":"way","osm_id":1370300940,"@id":"way/1370300940","bridge_role":"deck"}},{"type":"Feature","id":"way/1370319377","geometry":{"type":"Polygon","coordinates":[[[5.2181784,44.0484939],[5.2181858,44.0483928],[5.2182698,44.048396],[5.2182624,44.048497],[5.2181784,44.0484939]]]},"properties":{"layer":"1","man_made":"bridge","osm_type":"way","osm_id":1370319377,"@id":"way/1370319377","bridge_role":"deck"}},{"type":"Feature","id":"way/1370501330","geometry":{"type":"Polygon","coordinates":[[[5.6966023,43.737202],[5.6966328,43.737159],[5.6969537,43.7372775],[5.6969233,43.7373205],[5.6966023,43.737202]]]},"properties":{"layer":"1","man_made":"bridge","osm_type":"way","osm_id":1370501330,"@id":"way/1370501330","bridge_role":"deck"}},{"type":"Feature","id":"way/1370509544","geometry":{"type":"Polygon","coordinates":[[[5.1976036,43.8585066],[5.1975827,43.8584111],[5.1978919,43.858376],[5.1979128,43.8584715],[5.1976036,43.8585066]]]},"properties":{"bridge:structure":"beam","layer":"1","man_made":"bridge","osm_type":"way","osm_id":1370509544,"@id":"way/1370509544","bridge_role":"deck"}},{"type":"Feature","id":"way/1370897070","geometry":{"type":"Polygon","coordinates":[[[5.3510515,43.7684306],[5.3510277,43.7683834],[5.3516091,43.7682307],[5.3516329,43.7682778],[5.3510515,43.7684306]]]},"properties":{"layer":"1","man_made":"bridge","osm_type":"way","osm_id":1370897070,"@id":"way/1370897070","bridge_role":"deck"}},{"type":"Feature","id":"way/1371057114","geometry":{"type":"Polygon","coordinates":[[[4.9828062,43.9783808],[4.9828117,43.9783486],[4.982993,43.9783648],[4.9829874,43.9783969],[4.9828062,43.9783808]]]},"properties":{"layer":"1","man_made":"bridge","osm_type":"way","osm_id":1371057114,"@id":"way/1371057114","bridge_role":"deck"}},{"type":"Feature","id":"way/1371057124","geometry":{"type":"Polygon","coordinates":[[[5.0808753,43.9301608],[5.0807662,43.9300901],[5.0807942,43.9300676],[5.0809034,43.9301383],[5.0808753,43.9301608]]]},"properties":{"layer":"1","man_made":"bridge","osm_type":"way","osm_id":1371057124,"@id":"way/1371057124","bridge_role":"deck"}},{"type":"Feature","id":"way/1371214635","geometry":{"type":"Polygon","coordinates":[[[5.0372238,43.8571599],[5.0372824,43.8570934],[5.0375621,43.8572216],[5.0375035,43.8572882],[5.0372238,43.8571599]]]},"properties":{"layer":"1","man_made":"bridge","name":"pont aqueduc de la Cana\u00f9","wikidata":"Q19945484","osm_type":"way","osm_id":1371214635,"@id":"way/1371214635","bridge_role":"deck"}},{"type":"Feature","id":"way/1371642907","geometry":{"type":"Polygon","coordinates":[[[5.1072937,43.9121084],[5.1073263,43.9121204],[5.1073559,43.9121314],[5.1074879,43.9119465],[5.1074578,43.9119353],[5.1074257,43.9119234],[5.1072937,43.9121084]]]},"properties":{"layer":"1","man_made":"bridge","osm_type":"way","osm_id":1371642907,"@id":"way/1371642907","bridge_role":"deck"}},{"type":"Feature","id":"way/1371837446","geometry":{"type":"Polygon","coordinates":[[[5.2029247,43.8318891],[5.2029401,43.8318482],[5.2031735,43.8318939],[5.2031581,43.8319348],[5.2029247,43.8318891]]]},"properties":{"layer":"1","man_made":"bridge","osm_type":"way","osm_id":1371837446,"@id":"way/1371837446","bridge_role":"deck"}},{"type":"Feature","id":"way/1376052234","geometry":{"type":"Polygon","coordinates":[[[5.4125653,43.7131998],[5.4125305,43.7131445],[5.4124941,43.7130866],[5.412627,43.7130429],[5.4126631,43.7131002],[5.4126983,43.7131561],[5.4125653,43.7131998]]]},"properties":{"layer":"1","man_made":"bridge","osm_type":"way","osm_id":1376052234,"@id":"way/1376052234","bridge_role":"deck"}},{"type":"Feature","id":"way/1376052235","geometry":{"type":"Polygon","coordinates":[[[5.4228962,43.7091768],[5.4228633,43.7091328],[5.422924,43.7091091],[5.4229569,43.709153],[5.4228962,43.7091768]]]},"properties":{"layer":"1","man_made":"bridge","osm_type":"way","osm_id":1376052235,"@id":"way/1376052235","bridge_role":"deck"}},{"type":"Feature","id":"way/1376052236","geometry":{"type":"Polygon","coordinates":[[[5.4247934,43.7086428],[5.4247577,43.7085912],[5.4248437,43.7085601],[5.4248795,43.7086117],[5.4247934,43.7086428]]]},"properties":{"layer":"1","man_made":"bridge","osm_type":"way","osm_id":1376052236,"@id":"way/1376052236","bridge_role":"deck"}},{"type":"Feature","id":"way/1376052237","geometry":{"type":"Polygon","coordinates":[[[5.4249644,43.7089397],[5.4249351,43.7088919],[5.4249047,43.7088422],[5.4249962,43.7088129],[5.4250257,43.7088611],[5.4250558,43.7089104],[5.4249644,43.7089397]]]},"properties":{"layer":"1","man_made":"bridge","osm_type":"way","osm_id":1376052237,"@id":"way/1376052237","bridge_role":"deck"}},{"type":"Feature","id":"way/1376404562","geometry":{"type":"Polygon","coordinates":[[[5.0330574,44.0690529],[5.0330781,44.0690022],[5.033244,44.0690373],[5.0332232,44.0690879],[5.0330574,44.0690529]]]},"properties":{"layer":"1","man_made":"bridge","osm_type":"way","osm_id":1376404562,"@id":"way/1376404562","bridge_role":"deck"}},{"type":"Feature","id":"way/1376404563","geometry":{"type":"Polygon","coordinates":[[[5.0334739,44.0689939],[5.0334965,44.0689417],[5.0335637,44.0689568],[5.0335412,44.0690089],[5.0334739,44.0689939]]]},"properties":{"layer":"1","man_made":"bridge","osm_type":"way","osm_id":1376404563,"@id":"way/1376404563","bridge_role":"deck"}},{"type":"Feature","id":"way/1376404564","geometry":{"type":"Polygon","coordinates":[[[5.0284769,44.0701685],[5.028483,44.0701389],[5.0284873,44.0701109],[5.0285939,44.0701208],[5.0285887,44.0701494],[5.0285835,44.0701784],[5.0284769,44.0701685]]]},"properties":{"layer":"1","man_made":"bridge","osm_type":"way","osm_id":1376404564,"@id":"way/1376404564","bridge_role":"deck"}},{"type":"Feature","id":"way/1376672471","geometry":{"type":"Polygon","coordinates":[[[5.1333527,43.858762],[5.1332039,43.8583737],[5.1333008,43.8583544],[5.1334497,43.8587427],[5.1333527,43.858762]]]},"properties":{"bridge:structure":"beam","layer":"1","man_made":"bridge","osm_type":"way","osm_id":1376672471,"@id":"way/1376672471","bridge_role":"deck"}},{"type":"Feature","id":"way/1377390583","geometry":{"type":"Polygon","coordinates":[[[5.4963009,43.6677921],[5.4964149,43.6677799],[5.4958567,43.6654846],[5.4957124,43.6654943],[5.4957148,43.6655038],[5.4957468,43.6656287],[5.4963009,43.6677921]]]},"properties":{"bridge":"viaduct","layer":"1","man_made":"bridge","name":"Ancien Pont de Pertuis","razed:building":"yes","osm_type":"way","osm_id":1377390583,"@id":"way/1377390583","bridge_role":"deck"}},{"type":"Feature","id":"way/1377589428","geometry":{"type":"Polygon","coordinates":[[[5.1452374,44.1044727],[5.1453551,44.1045171],[5.1454527,44.1043811],[5.1455444,44.1042966],[5.1459232,44.1040118],[5.1458495,44.1039817],[5.1454846,44.1042723],[5.1452933,44.104424],[5.1452374,44.1044727]]]},"properties":{"layer":"1","man_made":"bridge","osm_type":"way","osm_id":1377589428,"@id":"way/1377589428","bridge_role":"deck"}},{"type":"Feature","id":"way/1377782407","geometry":{"type":"Polygon","coordinates":[[[4.8859075,44.0427044],[4.8857476,44.0424083],[4.8863535,44.0426576],[4.8865446,44.0430046],[4.8859075,44.0427044]]]},"properties":{"layer":"1","man_made":"bridge","osm_type":"way","osm_id":1377782407,"@id":"way/1377782407","bridge_role":"deck"}},{"type":"Feature","id":"way/1377797028","geometry":{"type":"Polygon","coordinates":[[[4.9654554,44.0904559],[4.9654606,44.0904191],[4.9656282,44.0904314],[4.9656229,44.0904681],[4.9654554,44.0904559]]]},"properties":{"layer":"1","man_made":"bridge","osm_type":"way","osm_id":1377797028,"@id":"way/1377797028","bridge_role":"deck"}},{"type":"Feature","id":"way/1378285309","geometry":{"type":"Polygon","coordinates":[[[5.3780688,43.8297011],[5.3780418,43.8296595],[5.3781112,43.82963],[5.3781943,43.8295533],[5.3782452,43.8295978],[5.3781728,43.8296539],[5.3780688,43.8297011]]]},"properties":{"layer":"1","man_made":"bridge","osm_type":"way","osm_id":1378285309,"@id":"way/1378285309","bridge_role":"deck"}},{"type":"Feature","id":"way/1378318279","geometry":{"type":"Polygon","coordinates":[[[5.1383507,44.097905],[5.138508,44.097712],[5.1385682,44.0977373],[5.1384108,44.0979302],[5.1383507,44.097905]]]},"properties":{"layer":"1","man_made":"bridge","osm_type":"way","osm_id":1378318279,"@id":"way/1378318279","bridge_role":"deck"}},{"type":"Feature","id":"way/1378318280","geometry":{"type":"Polygon","coordinates":[[[5.1634417,44.109339],[5.1634545,44.1092622],[5.1635067,44.1092667],[5.1634939,44.1093434],[5.1634417,44.109339]]]},"properties":{"layer":"1","man_made":"bridge","osm_type":"way","osm_id":1378318280,"@id":"way/1378318280","bridge_role":"deck"}},{"type":"Feature","id":"way/1378321165","geometry":{"type":"Polygon","coordinates":[[[4.796244,44.2332353],[4.7962081,44.2331847],[4.796339,44.233137],[4.7963749,44.2331876],[4.796244,44.2332353]]]},"properties":{"layer":"1","man_made":"bridge","osm_type":"way","osm_id":1378321165,"@id":"way/1378321165","bridge_role":"deck"}},{"type":"Feature","id":"way/1378590511","geometry":{"type":"Polygon","coordinates":[[[5.5504776,43.7740375],[5.5504606,43.7739357],[5.5505361,43.7739285],[5.5505492,43.7740291],[5.5504776,43.7740375]]]},"properties":{"layer":"1","man_made":"bridge","osm_type":"way","osm_id":1378590511,"@id":"way/1378590511","bridge_role":"deck"}},{"type":"Feature","id":"way/1378590512","geometry":{"type":"Polygon","coordinates":[[[5.5497443,43.7783966],[5.5497817,43.7783257],[5.5499816,43.7783808],[5.5499443,43.7784516],[5.5497443,43.7783966]]]},"properties":{"layer":"1","man_made":"bridge","osm_type":"way","osm_id":1378590512,"@id":"way/1378590512","bridge_role":"deck"}},{"type":"Feature","id":"way/1378593196","geometry":{"type":"Polygon","coordinates":[[[5.5818917,43.7912271],[5.5819321,43.7911689],[5.5820405,43.791208],[5.5820001,43.7912662],[5.5818917,43.7912271]]]},"properties":{"layer":"1","man_made":"bridge","osm_type":"way","osm_id":1378593196,"@id":"way/1378593196","bridge_role":"deck"}},{"type":"Feature","id":"way/1378660204","geometry":{"type":"Polygon","coordinates":[[[5.5916979,43.8087063],[5.5917262,43.8086698],[5.5917996,43.8086994],[5.5917714,43.8087359],[5.5916979,43.8087063]]]},"properties":{"layer":"1","man_made":"bridge","osm_type":"way","osm_id":1378660204,"@id":"way/1378660204","bridge_role":"deck"}},{"type":"Feature","id":"way/1378660205","geometry":{"type":"Polygon","coordinates":[[[5.591619,43.8097166],[5.591555,43.8097071],[5.5914645,43.8096704],[5.5913985,43.8096359],[5.5913385,43.8095912],[5.5912989,43.809531],[5.5912785,43.809501],[5.5913548,43.8094804],[5.591371,43.8095149],[5.5914036,43.8095574],[5.5914432,43.8095919],[5.591496,43.8096191],[5.591557,43.8096403],[5.591616,43.8096579],[5.5916434,43.8096594],[5.591619,43.8097166]]]},"properties":{"layer":"1","man_made":"bridge","osm_type":"way","osm_id":1378660205,"@id":"way/1378660205","bridge_role":"deck"}},{"type":"Feature","id":"way/1378667628","geometry":{"type":"Polygon","coordinates":[[[5.0962483,44.2478984],[5.0963489,44.2476894],[5.0964048,44.2477021],[5.0962986,44.2479144],[5.0962483,44.2478984]]]},"properties":{"layer":"1","man_made":"bridge","osm_type":"way","osm_id":1378667628,"@id":"way/1378667628","bridge_role":"deck"}},{"type":"Feature","id":"way/1379330515","geometry":{"type":"Polygon","coordinates":[[[4.7948706,44.1989649],[4.7948586,44.198912],[4.7949553,44.198907],[4.7949703,44.1989599],[4.7948706,44.1989649]]]},"properties":{"layer":"1","man_made":"bridge","osm_type":"way","osm_id":1379330515,"@id":"way/1379330515","bridge_role":"deck"}},{"type":"Feature","id":"way/1380224073","geometry":{"type":"Polygon","coordinates":[[[5.1111394,43.8594047],[5.1110951,43.8591123],[5.1111688,43.8591065],[5.1112131,43.8593989],[5.1111394,43.8594047]]]},"properties":{"layer":"1","man_made":"bridge","osm_type":"way","osm_id":1380224073,"@id":"way/1380224073","bridge_role":"deck"}},{"type":"Feature","id":"way/1380224081","geometry":{"type":"Polygon","coordinates":[[[5.1110642,43.8708155],[5.1110422,43.870743],[5.1111066,43.8707328],[5.1111287,43.8708054],[5.1110642,43.8708155]]]},"properties":{"layer":"1","man_made":"bridge","osm_type":"way","osm_id":1380224081,"@id":"way/1380224081","bridge_role":"deck"}},{"type":"Feature","id":"way/1380224082","geometry":{"type":"Polygon","coordinates":[[[5.1128215,43.8703159],[5.1128038,43.870196],[5.1128967,43.8701877],[5.1129144,43.8703108],[5.1128215,43.8703159]]]},"properties":{"bridge":"aqueduct","layer":"1","man_made":"bridge","osm_type":"way","osm_id":1380224082,"@id":"way/1380224082","bridge_role":"deck"}},{"type":"Feature","id":"way/1380246677","geometry":{"type":"Polygon","coordinates":[[[5.0868582,43.850017],[5.0868583,43.8499758],[5.0870996,43.849976],[5.0870995,43.8500172],[5.0868582,43.850017]]]},"properties":{"layer":"1","man_made":"bridge","osm_type":"way","osm_id":1380246677,"@id":"way/1380246677","bridge_role":"deck"}},{"type":"Feature","id":"way/1380836710","geometry":{"type":"Polygon","coordinates":[[[5.4464458,43.8795578],[5.4461415,43.8791836],[5.4461819,43.8791666],[5.4462255,43.8791481],[5.4465297,43.8795224],[5.4464837,43.8795418],[5.4464458,43.8795578]]]},"properties":{"layer":"1","man_made":"bridge","osm_type":"way","osm_id":1380836710,"@id":"way/1380836710","bridge_role":"deck"}},{"type":"Feature","id":"way/1381068227","geometry":{"type":"Polygon","coordinates":[[[4.7195405,44.2214018],[4.7194636,44.2213301],[4.719608,44.2212505],[4.7196849,44.2213222],[4.7195405,44.2214018]]]},"properties":{"bridge:structure":"arch","layer":"1","man_made":"bridge","osm_type":"way","osm_id":1381068227,"@id":"way/1381068227","bridge_role":"deck"}},{"type":"Feature","id":"way/1381068228","geometry":{"type":"Polygon","coordinates":[[[4.7265343,44.2126727],[4.7266535,44.212703],[4.7267249,44.2125586],[4.7266057,44.2125283],[4.7265343,44.2126727]]]},"properties":{"bridge:structure":"beam","layer":"1","man_made":"bridge","osm_type":"way","osm_id":1381068228,"@id":"way/1381068228","bridge_role":"deck"}},{"type":"Feature","id":"way/1381167292","geometry":{"type":"Polygon","coordinates":[[[5.0675532,43.7788538],[5.0676841,43.7789343],[5.06661,43.7797814],[5.0657694,43.7804739],[5.0650014,43.7811242],[5.0645042,43.7815586],[5.0638813,43.7821016],[5.0632495,43.7826778],[5.0624497,43.7834124],[5.0618621,43.783986],[5.0611826,43.7846478],[5.0602447,43.7856021],[5.0600925,43.7855434],[5.0605049,43.7851192],[5.06108,43.7845418],[5.0617188,43.7839183],[5.0624266,43.7832438],[5.0632371,43.7824989],[5.0640175,43.781795],[5.0649218,43.781008],[5.0659375,43.7801545],[5.0667215,43.7795182],[5.0675532,43.7788538]]]},"properties":{"layer":"1","man_made":"bridge","osm_type":"way","osm_id":1381167292,"@id":"way/1381167292","bridge_role":"deck"}},{"type":"Feature","id":"way/1381953059","geometry":{"type":"Polygon","coordinates":[[[5.0706008,44.1715463],[5.070576,44.1715218],[5.0705458,44.1714752],[5.0706169,44.1714434],[5.0706323,44.1714727],[5.0706665,44.1715074],[5.0706008,44.1715463]]]},"properties":{"layer":"1","man_made":"bridge","osm_type":"way","osm_id":1381953059,"@id":"way/1381953059","bridge_role":"deck"}},{"type":"Feature","id":"way/1381956644","geometry":{"type":"Polygon","coordinates":[[[5.1011512,44.1302681],[5.1011591,44.1301785],[5.1016582,44.1301938],[5.1016484,44.1302827],[5.1011512,44.1302681]]]},"properties":{"layer":"1","man_made":"bridge","osm_type":"way","osm_id":1381956644,"@id":"way/1381956644","bridge_role":"deck"}},{"type":"Feature","id":"way/1382503390","geometry":{"type":"Polygon","coordinates":[[[4.8516839,43.9484053],[4.8516848,43.9483371],[4.8518892,43.9483887],[4.8518848,43.9484492],[4.8516839,43.9484053]]]},"properties":{"layer":"1","man_made":"bridge","osm_type":"way","osm_id":1382503390,"@id":"way/1382503390","bridge_role":"deck"}},{"type":"Feature","id":"way/1382503391","geometry":{"type":"Polygon","coordinates":[[[4.8661212,43.954084],[4.8661065,43.9539898],[4.8662091,43.9539815],[4.8662238,43.9540757],[4.8661212,43.954084]]]},"properties":{"layer":"1","man_made":"bridge","osm_type":"way","osm_id":1382503391,"@id":"way/1382503391","bridge_role":"deck"}},{"type":"Feature","id":"way/1382712139","geometry":{"type":"Polygon","coordinates":[[[5.0585747,44.0599878],[5.0586786,44.0598377],[5.0587859,44.0598725],[5.0586774,44.0600225],[5.0585747,44.0599878]]]},"properties":{"layer":"1","man_made":"bridge","osm_type":"way","osm_id":1382712139,"@id":"way/1382712139","bridge_role":"deck"}},{"type":"Feature","id":"way/1383274628","geometry":{"type":"Polygon","coordinates":[[[5.0262492,43.937815],[5.0262698,43.9377188],[5.0263273,43.9377252],[5.0263068,43.9378214],[5.0262492,43.937815]]]},"properties":{"layer":"1","man_made":"bridge","osm_type":"way","osm_id":1383274628,"@id":"way/1383274628","bridge_role":"deck"}},{"type":"Feature","id":"way/1385631347","geometry":{"type":"Polygon","coordinates":[[[4.8652448,44.2116173],[4.86521,44.21159],[4.865294,44.211535],[4.8653288,44.2115623],[4.8652448,44.2116173]]]},"properties":{"layer":"1","man_made":"bridge","osm_type":"way","osm_id":1385631347,"@id":"way/1385631347","bridge_role":"deck"}},{"type":"Feature","id":"way/1386056987","geometry":{"type":"Polygon","coordinates":[[[4.9980669,43.8525482],[4.9979363,43.8524741],[4.998081,43.8523415],[4.9982116,43.8524156],[4.9980669,43.8525482]]]},"properties":{"layer":"1","man_made":"bridge","osm_type":"way","osm_id":1386056987,"@id":"way/1386056987","bridge_role":"deck"}},{"type":"Feature","id":"way/1386056988","geometry":{"type":"Polygon","coordinates":[[[4.9945112,43.8555878],[4.9946442,43.8556622],[4.9951418,43.8551992],[4.9950089,43.8551249],[4.9945112,43.8555878]]]},"properties":{"layer":"1","man_made":"bridge","osm_type":"way","osm_id":1386056988,"@id":"way/1386056988","bridge_role":"deck"}},{"type":"Feature","id":"way/1386056994","geometry":{"type":"Polygon","coordinates":[[[5.1187212,43.8596215],[5.1188023,43.8596241],[5.1188249,43.859256],[5.1187437,43.8592534],[5.1187212,43.8596215]]]},"properties":{"layer":"1","man_made":"bridge","osm_type":"way","osm_id":1386056994,"@id":"way/1386056994","bridge_role":"deck"}},{"type":"Feature","id":"way/1386057787","geometry":{"type":"Polygon","coordinates":[[[5.1654471,43.8943128],[5.1654545,43.8942577],[5.1655376,43.8943075],[5.1655283,43.8943544],[5.1654471,43.8943128]]]},"properties":{"layer":"1","man_made":"bridge","osm_type":"way","osm_id":1386057787,"@id":"way/1386057787","bridge_role":"deck"}},{"type":"Feature","id":"way/1386102917","geometry":{"type":"Polygon","coordinates":[[[5.1293455,44.0550153],[5.1293186,44.0548762],[5.129441,44.054864],[5.1294679,44.0550031],[5.1293455,44.0550153]]]},"properties":{"layer":"1","man_made":"bridge","osm_type":"way","osm_id":1386102917,"@id":"way/1386102917","bridge_role":"deck"}},{"type":"Feature","id":"way/1387184861","geometry":{"type":"Polygon","coordinates":[[[4.9479188,43.9465083],[4.947877,43.9464095],[4.9479338,43.946397],[4.9479756,43.9464959],[4.9479188,43.9465083]]]},"properties":{"layer":"1","man_made":"bridge","osm_type":"way","osm_id":1387184861,"@id":"way/1387184861","bridge_role":"deck"}},{"type":"Feature","id":"way/1388429479","geometry":{"type":"Polygon","coordinates":[[[4.8111745,44.1529799],[4.8111322,44.1529234],[4.811178,44.1529058],[4.8112203,44.1529623],[4.8111745,44.1529799]]]},"properties":{"layer":"1","man_made":"bridge","osm_type":"way","osm_id":1388429479,"@id":"way/1388429479","bridge_role":"deck"}},{"type":"Feature","id":"way/1390544116","geometry":{"type":"Polygon","coordinates":[[[5.384719,43.7233222],[5.3847944,43.7233669],[5.3848518,43.7234008],[5.3850382,43.7231807],[5.3849847,43.7231442],[5.3849148,43.7230993],[5.384719,43.7233222]]]},"properties":{"layer":"1","man_made":"bridge","osm_type":"way","osm_id":1390544116,"@id":"way/1390544116","bridge_role":"deck"}},{"type":"Feature","id":"way/1390712351","geometry":{"type":"Polygon","coordinates":[[[5.5443051,43.7246048],[5.5443142,43.7245872],[5.5443236,43.7245689],[5.5443294,43.7245578],[5.5445765,43.7246245],[5.5445724,43.7246324],[5.5445616,43.7246534],[5.5445522,43.7246715],[5.5443051,43.7246048]]]},"properties":{"layer":"1","man_made":"bridge","osm_type":"way","osm_id":1390712351,"@id":"way/1390712351","bridge_role":"deck"}},{"type":"Feature","id":"way/1392116862","geometry":{"type":"Polygon","coordinates":[[[4.8622617,43.957381],[4.8623434,43.9572826],[4.8623981,43.9573061],[4.8623164,43.9574045],[4.8622617,43.957381]]]},"properties":{"layer":"1","man_made":"bridge","osm_type":"way","osm_id":1392116862,"@id":"way/1392116862","bridge_role":"deck"}},{"type":"Feature","id":"way/1392320465","geometry":{"type":"Polygon","coordinates":[[[5.0087105,44.1164303],[5.008742,44.1163493],[5.0087755,44.1163719],[5.008745,44.1164478],[5.0087105,44.1164303]]]},"properties":{"layer":"1","man_made":"bridge","osm_type":"way","osm_id":1392320465,"@id":"way/1392320465","bridge_role":"deck"}},{"type":"Feature","id":"way/1392320469","geometry":{"type":"Polygon","coordinates":[[[5.0064103,44.1063718],[5.0063768,44.1063282],[5.0065524,44.1062588],[5.0065859,44.1063024],[5.0064103,44.1063718]]]},"properties":{"layer":"1","man_made":"bridge","osm_type":"way","osm_id":1392320469,"@id":"way/1392320469","bridge_role":"deck"}},{"type":"Feature","id":"way/1408748668","geometry":{"type":"Polygon","coordinates":[[[5.0533164,43.9860654],[5.0533438,43.9860338],[5.0534295,43.9860723],[5.0534021,43.9861039],[5.0533164,43.9860654]]]},"properties":{"layer":"1","man_made":"bridge","osm_type":"way","osm_id":1408748668,"@id":"way/1408748668","bridge_role":"deck"}},{"type":"Feature","id":"way/1409169078","geometry":{"type":"Polygon","coordinates":[[[5.1944838,43.7467531],[5.1945342,43.7466892],[5.1947705,43.7467116],[5.1947121,43.7467761],[5.1944838,43.7467531]]]},"properties":{"layer":"1","man_made":"bridge","osm_type":"way","osm_id":1409169078,"@id":"way/1409169078","bridge_role":"deck"}},{"type":"Feature","id":"way/1409169079","geometry":{"type":"Polygon","coordinates":[[[5.1958865,43.74584],[5.1958395,43.7457327],[5.195888,43.7457009],[5.195942,43.7458028],[5.1958865,43.74584]]]},"properties":{"layer":"1","man_made":"bridge","osm_type":"way","osm_id":1409169079,"@id":"way/1409169079","bridge_role":"deck"}},{"type":"Feature","id":"way/1409169080","geometry":{"type":"Polygon","coordinates":[[[5.1963589,43.7452405],[5.1963811,43.7451915],[5.1968119,43.7451865],[5.1967897,43.7452346],[5.1963589,43.7452405]]]},"properties":{"layer":"1","man_made":"bridge","osm_type":"way","osm_id":1409169080,"@id":"way/1409169080","bridge_role":"deck"}},{"type":"Feature","id":"way/1409169081","geometry":{"type":"Polygon","coordinates":[[[5.198783,43.74372],[5.1988165,43.7436522],[5.1989399,43.7437558],[5.198901,43.7438178],[5.198783,43.74372]]]},"properties":{"layer":"1","man_made":"bridge","osm_type":"way","osm_id":1409169081,"@id":"way/1409169081","bridge_role":"deck"}},{"type":"Feature","id":"way/1409230976","geometry":{"type":"Polygon","coordinates":[[[4.8142963,44.0541107],[4.8143292,44.0540801],[4.8144191,44.0541302],[4.8143862,44.0541607],[4.8142963,44.0541107]]]},"properties":{"layer":"1","man_made":"bridge","osm_type":"way","osm_id":1409230976,"@id":"way/1409230976","bridge_role":"deck"}},{"type":"Feature","id":"way/1409230978","geometry":{"type":"Polygon","coordinates":[[[4.8127202,44.0550517],[4.8127325,44.0550252],[4.8126097,44.0549956],[4.8125974,44.0550221],[4.8127202,44.0550517]]]},"properties":{"layer":"1","man_made":"bridge","osm_type":"way","osm_id":1409230978,"@id":"way/1409230978","bridge_role":"deck"}},{"type":"Feature","id":"way/1411192396","geometry":{"type":"Polygon","coordinates":[[[5.1102668,43.9045781],[5.1102954,43.9045556],[5.1103697,43.9046046],[5.110341,43.9046271],[5.1102668,43.9045781]]]},"properties":{"layer":"1","man_made":"bridge","osm_type":"way","osm_id":1411192396,"@id":"way/1411192396","bridge_role":"deck"}},{"type":"Feature","id":"way/1411192400","geometry":{"type":"Polygon","coordinates":[[[5.1081139,43.8908665],[5.108147,43.8907806],[5.1082753,43.8908062],[5.1082422,43.8908921],[5.1081139,43.8908665]]]},"properties":{"bridge:structure":"arch","layer":"1","man_made":"bridge","osm_type":"way","osm_id":1411192400,"@id":"way/1411192400","bridge_role":"deck"}},{"type":"Feature","id":"way/1411192403","geometry":{"type":"Polygon","coordinates":[[[5.1091161,43.8860166],[5.1091098,43.885973],[5.1092445,43.8859628],[5.1092509,43.8860064],[5.1091161,43.8860166]]]},"properties":{"layer":"1","man_made":"bridge","osm_type":"way","osm_id":1411192403,"@id":"way/1411192403","bridge_role":"deck"}},{"type":"Feature","id":"way/1413004285","geometry":{"type":"Polygon","coordinates":[[[5.1753895,43.7395446],[5.1753316,43.7395638],[5.1752744,43.7395828],[5.1743997,43.7384059],[5.1736857,43.7374533],[5.1733935,43.7370693],[5.1735085,43.7370231],[5.1745202,43.7383716],[5.1753895,43.7395446]]]},"properties":{"layer":"1","man_made":"bridge","osm_type":"way","osm_id":1413004285,"@id":"way/1413004285","bridge_role":"deck"}},{"type":"Feature","id":"way/1413435910","geometry":{"type":"Polygon","coordinates":[[[4.9583783,44.0150953],[4.9585178,44.0149594],[4.9589266,44.0151765],[4.9587871,44.0153124],[4.9583783,44.0150953]]]},"properties":{"layer":"1","man_made":"bridge","osm_type":"way","osm_id":1413435910,"@id":"way/1413435910","bridge_role":"deck"}},{"type":"Feature","id":"way/1414900527","geometry":{"type":"Polygon","coordinates":[[[5.1436042,44.0065421],[5.1436976,44.0064993],[5.143603,44.0062616],[5.1435201,44.0063011],[5.1436042,44.0065421]]]},"properties":{"layer":"1","man_made":"bridge","operator":"CD84","osm_type":"way","osm_id":1414900527,"@id":"way/1414900527","bridge_role":"deck"}},{"type":"Feature","id":"way/1416311453","geometry":{"type":"Polygon","coordinates":[[[4.8375073,44.122336],[4.8374781,44.122135],[4.8377347,44.122102],[4.8377666,44.1223014],[4.8375073,44.122336]]]},"properties":{"bridge:structure":"beam","layer":"1","man_made":"bridge","maxheight":"4.6","osm_type":"way","osm_id":1416311453,"@id":"way/1416311453","bridge_role":"deck"}},{"type":"Feature","id":"way/1417155010","geometry":{"type":"Polygon","coordinates":[[[4.9817567,43.9942308],[4.9817598,43.9941671],[4.9821021,43.9941756],[4.982099,43.9942394],[4.9817567,43.9942308]]]},"properties":{"layer":"1","man_made":"bridge","osm_type":"way","osm_id":1417155010,"@id":"way/1417155010","bridge_role":"deck"}},{"type":"Feature","id":"way/1417171635","geometry":{"type":"Polygon","coordinates":[[[5.0608035,44.0510156],[5.060839,44.0509547],[5.0609791,44.0509547],[5.0609476,44.0510134],[5.0608035,44.0510156]]]},"properties":{"layer":"1","man_made":"bridge","osm_type":"way","osm_id":1417171635,"@id":"way/1417171635","bridge_role":"deck"}},{"type":"Feature","id":"way/1417485884","geometry":{"type":"Polygon","coordinates":[[[5.0633717,44.043691],[5.0633469,44.0436569],[5.0634709,44.0436103],[5.0634957,44.0436444],[5.0633717,44.043691]]]},"properties":{"layer":"1","man_made":"bridge","osm_type":"way","osm_id":1417485884,"@id":"way/1417485884","bridge_role":"deck"}},{"type":"Feature","id":"way/1417998710","geometry":{"type":"Polygon","coordinates":[[[4.8556293,43.970116],[4.8555462,43.9700427],[4.8556468,43.9699809],[4.8558225,43.9698979],[4.8559727,43.9698226],[4.8560625,43.9697686],[4.8561121,43.9698506],[4.8558681,43.9699809],[4.8557259,43.9700475],[4.8556293,43.970116]]]},"properties":{"layer":"1","man_made":"bridge","osm_type":"way","osm_id":1417998710,"@id":"way/1417998710","bridge_role":"deck"}},{"type":"Feature","id":"way/1421594354","geometry":{"type":"Polygon","coordinates":[[[5.161355,43.8581618],[5.1614006,43.8581966],[5.1618076,43.8579756],[5.1617654,43.857936],[5.161355,43.8581618]]]},"properties":{"layer":"1","man_made":"bridge","osm_type":"way","osm_id":1421594354,"@id":"way/1421594354","bridge_role":"deck"}},{"type":"Feature","id":"way/1421734406","geometry":{"type":"Polygon","coordinates":[[[5.489778,43.6894624],[5.4897408,43.6894208],[5.4899718,43.6893377],[5.4900063,43.6893761],[5.489778,43.6894624]]]},"properties":{"layer":"1","man_made":"bridge","osm_type":"way","osm_id":1421734406,"@id":"way/1421734406","bridge_role":"deck"}},{"type":"Feature","id":"way/1422592637","geometry":{"type":"Polygon","coordinates":[[[4.7052862,44.2550736],[4.7052667,44.2550381],[4.7055415,44.2550183],[4.7055519,44.2550571],[4.7052862,44.2550736]]]},"properties":{"layer":"1","man_made":"bridge","osm_type":"way","osm_id":1422592637,"@id":"way/1422592637","bridge_role":"deck"}},{"type":"Feature","id":"way/1429895448","geometry":{"type":"Polygon","coordinates":[[[5.0505386,43.9625443],[5.0504767,43.9624657],[5.0505217,43.9624473],[5.0505837,43.9625259],[5.0505386,43.9625443]]]},"properties":{"layer":"1","man_made":"bridge","osm_type":"way","osm_id":1429895448,"@id":"way/1429895448","bridge_role":"deck"}},{"type":"Feature","id":"way/1429912687","geometry":{"type":"Polygon","coordinates":[[[4.7867268,43.9230024],[4.7866483,43.9228686],[4.7866745,43.9228595],[4.7867603,43.9229918],[4.7867268,43.9230024]]]},"properties":{"layer":"1","man_made":"bridge","osm_type":"way","osm_id":1429912687,"@id":"way/1429912687","bridge_role":"deck"}},{"type":"Feature","id":"way/1429912688","geometry":{"type":"Polygon","coordinates":[[[4.7869413,43.9231],[4.7868307,43.9229227],[4.7868609,43.9229136],[4.7869715,43.9230889],[4.7869413,43.9231]]]},"properties":{"layer":"1","man_made":"bridge","osm_type":"way","osm_id":1429912688,"@id":"way/1429912688","bridge_role":"deck"}},{"type":"Feature","id":"way/1429943993","geometry":{"type":"Polygon","coordinates":[[[5.0535712,44.0598802],[5.0535764,44.0597955],[5.0536173,44.0597922],[5.0536115,44.0598744],[5.0535712,44.0598802]]]},"properties":{"layer":"1","man_made":"bridge","osm_type":"way","osm_id":1429943993,"@id":"way/1429943993","bridge_role":"deck"}},{"type":"Feature","id":"way/1430815060","geometry":{"type":"Polygon","coordinates":[[[4.6892502,44.2970559],[4.6892913,44.2969625],[4.6894701,44.2969869],[4.6896277,44.2970184],[4.6897242,44.2970427],[4.6898803,44.2970996],[4.6898377,44.2971697],[4.6896717,44.2971281],[4.6895454,44.2971006],[4.6894049,44.2970732],[4.6892502,44.2970559]]]},"properties":{"layer":"1","man_made":"bridge","osm_type":"way","osm_id":1430815060,"@id":"way/1430815060","bridge_role":"deck"}},{"type":"Feature","id":"way/1430815066","geometry":{"type":"Polygon","coordinates":[[[4.6983176,44.276332],[4.6984984,44.2763011],[4.6987182,44.2770115],[4.6985497,44.2770379],[4.6983176,44.276332]]]},"properties":{"layer":"1","man_made":"bridge","osm_type":"way","osm_id":1430815066,"@id":"way/1430815066","bridge_role":"deck"}},{"type":"Feature","id":"way/1430815067","geometry":{"type":"Polygon","coordinates":[[[4.7003504,44.2716594],[4.7004038,44.2715315],[4.7008577,44.2717065],[4.7008084,44.2718271],[4.7003504,44.2716594]]]},"properties":{"bridge:structure":"beam","layer":"1","man_made":"bridge","osm_type":"way","osm_id":1430815067,"@id":"way/1430815067","bridge_role":"deck"}},{"type":"Feature","id":"way/1430840789","geometry":{"type":"Polygon","coordinates":[[[4.8916475,44.1766446],[4.8915991,44.1766052],[4.8916604,44.1765617],[4.8917199,44.176601],[4.8916475,44.1766446]]]},"properties":{"layer":"1","man_made":"bridge","osm_type":"way","osm_id":1430840789,"@id":"way/1430840789","bridge_role":"deck"}},{"type":"Feature","id":"way/1431696575","geometry":{"type":"Polygon","coordinates":[[[5.3738755,43.9112066],[5.3739324,43.9111681],[5.374033,43.911245],[5.3739751,43.9112853],[5.3738755,43.9112066]]]},"properties":{"layer":"1","man_made":"bridge","osm_type":"way","osm_id":1431696575,"@id":"way/1431696575","bridge_role":"deck"}},{"type":"Feature","id":"way/1431805862","geometry":{"type":"Polygon","coordinates":[[[4.7051313,44.2055006],[4.705287,44.205545],[4.7092509,44.1978217],[4.709081,44.1977836],[4.7051313,44.2055006]]]},"properties":{"layer":"1","man_made":"bridge","osm_type":"way","osm_id":1431805862,"@id":"way/1431805862","bridge_role":"deck"}},{"type":"Feature","id":"way/1432300782","geometry":{"type":"Polygon","coordinates":[[[5.0910891,43.839923],[5.0910062,43.8398691],[5.0911178,43.8397798],[5.0912007,43.8398337],[5.0910891,43.839923]]]},"properties":{"layer":"1","man_made":"bridge","osm_type":"way","osm_id":1432300782,"@id":"way/1432300782","bridge_role":"deck"}},{"type":"Feature","id":"way/1433833046","geometry":{"type":"Polygon","coordinates":[[[4.7593752,44.1276596],[4.7593996,44.1276176],[4.7594377,44.1276264],[4.7594169,44.1276734],[4.7593752,44.1276596]]]},"properties":{"layer":"1","man_made":"bridge","osm_type":"way","osm_id":1433833046,"@id":"way/1433833046","bridge_role":"deck"}},{"type":"Feature","id":"way/1434903259","geometry":{"type":"Polygon","coordinates":[[[5.2323024,43.8586355],[5.2322931,43.858542],[5.232773,43.8584705],[5.2327776,43.8585648],[5.2323024,43.8586355]]]},"properties":{"layer":"1","man_made":"bridge","osm_type":"way","osm_id":1434903259,"@id":"way/1434903259","bridge_role":"deck"}},{"type":"Feature","id":"way/1434929697","geometry":{"type":"Polygon","coordinates":[[[5.406948,43.8769774],[5.4069851,43.8769117],[5.4071382,43.876934],[5.4071019,43.8769997],[5.406948,43.8769774]]]},"properties":{"bridge:structure":"beam","layer":"1","man_made":"bridge","osm_type":"way","osm_id":1434929697,"@id":"way/1434929697","bridge_role":"deck"}},{"type":"Feature","id":"way/1435249477","geometry":{"type":"Polygon","coordinates":[[[5.1607282,43.7556058],[5.1606774,43.7555192],[5.1607265,43.7555042],[5.1607773,43.7555908],[5.1607282,43.7556058]]]},"properties":{"layer":"1","man_made":"bridge","osm_type":"way","osm_id":1435249477,"@id":"way/1435249477","bridge_role":"deck"}},{"type":"Feature","id":"way/1435249478","geometry":{"type":"Polygon","coordinates":[[[5.1631084,43.7552811],[5.1630984,43.755201],[5.1631524,43.7551974],[5.1631624,43.7552776],[5.1631084,43.7552811]]]},"properties":{"layer":"1","man_made":"bridge","osm_type":"way","osm_id":1435249478,"@id":"way/1435249478","bridge_role":"deck"}},{"type":"Feature","id":"way/1435249479","geometry":{"type":"Polygon","coordinates":[[[5.1714827,43.7547362],[5.1715131,43.7546915],[5.1715061,43.7546232],[5.171617,43.7546131],[5.171631,43.7546856],[5.1716789,43.7547235],[5.1714827,43.7547362]]]},"properties":{"layer":"1","man_made":"bridge","osm_type":"way","osm_id":1435249479,"@id":"way/1435249479","bridge_role":"deck"}},{"type":"Feature","id":"way/1435249482","geometry":{"type":"Polygon","coordinates":[[[5.1799671,43.75416],[5.1799683,43.7540562],[5.180078,43.7540436],[5.1800909,43.7541498],[5.1799671,43.75416]]]},"properties":{"layer":"1","man_made":"bridge","osm_type":"way","osm_id":1435249482,"@id":"way/1435249482","bridge_role":"deck"}},{"type":"Feature","id":"way/1435914265","geometry":{"type":"Polygon","coordinates":[[[5.7520916,43.7348446],[5.7521191,43.7349077],[5.7525531,43.734802],[5.7525145,43.7347366],[5.7520916,43.7348446]]]},"properties":{"layer":"1","man_made":"bridge","osm_type":"way","osm_id":1435914265,"@id":"way/1435914265","bridge_role":"deck"}},{"type":"Feature","id":"way/1436363047","geometry":{"type":"Polygon","coordinates":[[[5.410891,43.7137675],[5.4108234,43.7136561],[5.4109594,43.713613],[5.4110271,43.7137244],[5.410891,43.7137675]]]},"properties":{"layer":"1","man_made":"bridge","osm_type":"way","osm_id":1436363047,"@id":"way/1436363047","bridge_role":"deck"}},{"type":"Feature","id":"way/1436475255","geometry":{"type":"Polygon","coordinates":[[[5.3135051,43.7435046],[5.3134783,43.7434525],[5.3136526,43.7434057],[5.3136794,43.7434578],[5.3135051,43.7435046]]]},"properties":{"layer":"1","man_made":"bridge","osm_type":"way","osm_id":1436475255,"@id":"way/1436475255","bridge_role":"deck"}},{"type":"Feature","id":"way/1436704450","geometry":{"type":"Polygon","coordinates":[[[5.0763684,43.9211952],[5.0763195,43.9211338],[5.0764134,43.9210764],[5.0764663,43.9211377],[5.0763684,43.9211952]]]},"properties":{"layer":"1","man_made":"bridge","osm_type":"way","osm_id":1436704450,"@id":"way/1436704450","bridge_role":"deck"}},{"type":"Feature","id":"way/1436704491","geometry":{"type":"Polygon","coordinates":[[[5.0505369,43.9022381],[5.0504741,43.9021361],[5.0505396,43.9021132],[5.050598,43.9022197],[5.0505369,43.9022381]]]},"properties":{"layer":"1","man_made":"bridge","osm_type":"way","osm_id":1436704491,"@id":"way/1436704491","bridge_role":"deck"}},{"type":"Feature","id":"way/1444461016","geometry":{"type":"Polygon","coordinates":[[[4.8995201,44.0381005],[4.8995705,44.0380254],[4.8998862,44.0381349],[4.8998357,44.0382101],[4.8995201,44.0381005]]]},"properties":{"layer":"1","man_made":"bridge","osm_type":"way","osm_id":1444461016,"@id":"way/1444461016","bridge_role":"deck"}},{"type":"Feature","id":"way/1444532314","geometry":{"type":"Polygon","coordinates":[[[5.057384,43.7884839],[5.0575609,43.7885133],[5.0582493,43.7877392],[5.0580777,43.7876996],[5.057384,43.7884839]]]},"properties":{"layer":"1","man_made":"bridge","usage":"railway","osm_type":"way","osm_id":1444532314,"@id":"way/1444532314","bridge_role":"deck"}},{"type":"Feature","id":"way/1445721785","geometry":{"type":"Polygon","coordinates":[[[4.9982501,43.9308443],[4.9982285,43.9307318],[4.9983022,43.9307245],[4.9983239,43.930837],[4.9982501,43.9308443]]]},"properties":{"layer":"1","man_made":"bridge","osm_type":"way","osm_id":1445721785,"@id":"way/1445721785","bridge_role":"deck"}},{"type":"Feature","id":"way/1445955938","geometry":{"type":"Polygon","coordinates":[[[5.2532424,43.9142293],[5.2532405,43.9141779],[5.2534613,43.9142044],[5.2534574,43.9142524],[5.2532424,43.9142293]]]},"properties":{"layer":"1","man_made":"bridge","osm_type":"way","osm_id":1445955938,"@id":"way/1445955938","bridge_role":"deck"}},{"type":"Feature","id":"way/1447437086","geometry":{"type":"Polygon","coordinates":[[[5.0719685,43.7910249],[5.0719767,43.7909769],[5.0722277,43.7909061],[5.0722265,43.79096],[5.0719685,43.7910249]]]},"properties":{"layer":"1","man_made":"bridge","osm_type":"way","osm_id":1447437086,"@id":"way/1447437086","bridge_role":"deck"}},{"type":"Feature","id":"way/1447437087","geometry":{"type":"Polygon","coordinates":[[[5.1011946,43.7820302],[5.1012156,43.7819211],[5.1012892,43.7819076],[5.1012652,43.7820227],[5.1011946,43.7820302]]]},"properties":{"layer":"1","man_made":"bridge","osm_type":"way","osm_id":1447437087,"@id":"way/1447437087","bridge_role":"deck"}},{"type":"Feature","id":"way/1451130519","geometry":{"type":"Polygon","coordinates":[[[5.1148838,43.7733453],[5.1147322,43.7731716],[5.1147823,43.7731488],[5.114934,43.7733225],[5.1148838,43.7733453]]]},"properties":{"layer":"1","man_made":"bridge","osm_type":"way","osm_id":1451130519,"@id":"way/1451130519","bridge_role":"deck"}},{"type":"Feature","id":"way/1472244256","geometry":{"type":"Polygon","coordinates":[[[4.6941132,44.2624177],[4.6942856,44.2623921],[4.69446,44.2631513],[4.694288,44.2631685],[4.6941132,44.2624177]]]},"properties":{"layer":"1","man_made":"bridge","usage":"railway","osm_type":"way","osm_id":1472244256,"@id":"way/1472244256","bridge_role":"deck"}},{"type":"Feature","id":"way/1472244257","geometry":{"type":"Polygon","coordinates":[[[4.6938573,44.2612469],[4.6940229,44.2612276],[4.6941338,44.2617502],[4.6939696,44.2617642],[4.6938573,44.2612469]]]},"properties":{"layer":"1","man_made":"bridge","usage":"railway","osm_type":"way","osm_id":1472244257,"@id":"way/1472244257","bridge_role":"deck"}},{"type":"Feature","id":"way/1472323679","geometry":{"type":"Polygon","coordinates":[[[4.6764004,44.2737393],[4.6763761,44.2736946],[4.6766171,44.2736275],[4.6766414,44.2736722],[4.6764004,44.2737393]]]},"properties":{"layer":"1","man_made":"bridge","osm_type":"way","osm_id":1472323679,"@id":"way/1472323679","bridge_role":"deck"}},{"type":"Feature","id":"way/1472323680","geometry":{"type":"Polygon","coordinates":[[[4.6665823,44.2699306],[4.666451,44.2697667],[4.6665153,44.2697403],[4.6666466,44.2699042],[4.6665823,44.2699306]]]},"properties":{"layer":"1","man_made":"bridge","osm_type":"way","osm_id":1472323680,"@id":"way/1472323680","bridge_role":"deck"}},{"type":"Feature","id":"way/1472378436","geometry":{"type":"Polygon","coordinates":[[[4.752735,44.1925723],[4.7526488,44.1925006],[4.7527106,44.1924709],[4.7527911,44.1925344],[4.752735,44.1925723]]]},"properties":{"layer":"1","man_made":"bridge","osm_type":"way","osm_id":1472378436,"@id":"way/1472378436","bridge_role":"deck"}},{"type":"Feature","id":"way/1473635210","geometry":{"type":"Polygon","coordinates":[[[5.026378,44.0686123],[5.0264452,44.068592],[5.0248349,44.0668511],[5.0247825,44.066878],[5.026378,44.0686123]]]},"properties":{"bridge":"aqueduct","layer":"1","man_made":"bridge","name":"Pont-Aqueduc des 5 cantons","panoramax:NW":"b72d3a22-ca8d-46ae-8a6a-8478cd0b3e21","panoramax:W":"a4583f76-7a57-45bb-85fe-653371452e47","wikidata":"Q22980707","wikimedia_commons":"Category:Pont-Aqueduc_des_5_cantons","osm_type":"way","osm_id":1473635210,"@id":"way/1473635210","bridge_role":"deck"}},{"type":"Feature","id":"way/1473652587","geometry":{"type":"Polygon","coordinates":[[[4.9419997,44.1436425],[4.9419508,44.1435658],[4.9420794,44.1435236],[4.9421283,44.1436002],[4.9419997,44.1436425]]]},"properties":{"layer":"1","man_made":"bridge","osm_type":"way","osm_id":1473652587,"@id":"way/1473652587","bridge_role":"deck"}},{"type":"Feature","id":"way/1473901715","geometry":{"type":"Polygon","coordinates":[[[5.1063028,44.2740828],[5.1063862,44.2740188],[5.106664,44.2742044],[5.1065806,44.2742684],[5.1063028,44.2740828]]]},"properties":{"layer":"1","man_made":"bridge","osm_type":"way","osm_id":1473901715,"@id":"way/1473901715","bridge_role":"deck"}},{"type":"Feature","id":"way/1473903921","geometry":{"type":"Polygon","coordinates":[[[5.0992575,44.2605445],[5.0991532,44.2604268],[5.0992234,44.2603949],[5.0993278,44.2605126],[5.0992575,44.2605445]]]},"properties":{"layer":"1","man_made":"bridge","osm_type":"way","osm_id":1473903921,"@id":"way/1473903921","bridge_role":"deck"}},{"type":"Feature","id":"way/1473911645","geometry":{"type":"Polygon","coordinates":[[[5.1001793,44.21706],[5.1001692,44.2170016],[5.1004617,44.2169757],[5.1004718,44.2170341],[5.1001793,44.21706]]]},"properties":{"layer":"1","man_made":"bridge","osm_type":"way","osm_id":1473911645,"@id":"way/1473911645","bridge_role":"deck"}},{"type":"Feature","id":"way/1474093117","geometry":{"type":"Polygon","coordinates":[[[5.1014877,44.2107236],[5.1016118,44.2106198],[5.101739,44.2106979],[5.1016149,44.2108018],[5.1014877,44.2107236]]]},"properties":{"layer":"1","man_made":"bridge","osm_type":"way","osm_id":1474093117,"@id":"way/1474093117","bridge_role":"deck"}},{"type":"Feature","id":"way/1474093124","geometry":{"type":"Polygon","coordinates":[[[5.1051886,44.2070446],[5.1052769,44.2068958],[5.1053943,44.2069315],[5.105306,44.2070804],[5.1051886,44.2070446]]]},"properties":{"layer":"1","man_made":"bridge","osm_type":"way","osm_id":1474093124,"@id":"way/1474093124","bridge_role":"deck"}},{"type":"Feature","id":"way/1474093127","geometry":{"type":"Polygon","coordinates":[[[5.1174605,44.1964089],[5.1175732,44.1962983],[5.1176698,44.1963733],[5.1175196,44.196506],[5.1174605,44.1964089]]]},"properties":{"layer":"1","man_made":"bridge","osm_type":"way","osm_id":1474093127,"@id":"way/1474093127","bridge_role":"deck"}},{"type":"Feature","id":"way/1474116089","geometry":{"type":"Polygon","coordinates":[[[5.1081031,44.1482487],[5.1078754,44.1481051],[5.1079551,44.1480401],[5.1082046,44.1481976],[5.1081031,44.1482487]]]},"properties":{"layer":"1","man_made":"bridge","osm_type":"way","osm_id":1474116089,"@id":"way/1474116089","bridge_role":"deck"}},{"type":"Feature","id":"way/1474116091","geometry":{"type":"Polygon","coordinates":[[[5.1034116,44.134419],[5.1034647,44.1343444],[5.1034901,44.1342748],[5.1034824,44.1342068],[5.1034724,44.1341476],[5.1034462,44.1340829],[5.1033946,44.1340315],[5.1036088,44.1340216],[5.1036704,44.1341918],[5.103675,44.1342659],[5.1036134,44.1343826],[5.1035772,44.1344506],[5.1034116,44.134419]]]},"properties":{"layer":"1","man_made":"bridge","osm_type":"way","osm_id":1474116091,"@id":"way/1474116091","bridge_role":"deck"}},{"type":"Feature","id":"way/1474123755","geometry":{"type":"Polygon","coordinates":[[[5.0782715,44.1085494],[5.0782217,44.1084275],[5.0782776,44.1083304],[5.0783335,44.108456],[5.0782715,44.1085494]]]},"properties":{"layer":"1","man_made":"bridge","osm_type":"way","osm_id":1474123755,"@id":"way/1474123755","bridge_role":"deck"}},{"type":"Feature","id":"way/1474130855","geometry":{"type":"Polygon","coordinates":[[[5.0743086,44.0922188],[5.0741795,44.0919809],[5.0742879,44.0919506],[5.0744169,44.0921885],[5.0743086,44.0922188]]]},"properties":{"layer":"1","man_made":"bridge","osm_type":"way","osm_id":1474130855,"@id":"way/1474130855","bridge_role":"deck"}},{"type":"Feature","id":"way/1474130856","geometry":{"type":"Polygon","coordinates":[[[5.0695883,44.082691],[5.0695025,44.082564],[5.0695991,44.0825303],[5.0696849,44.0826573],[5.0695883,44.082691]]]},"properties":{"layer":"1","man_made":"bridge","osm_type":"way","osm_id":1474130856,"@id":"way/1474130856","bridge_role":"deck"}},{"type":"Feature","id":"way/1474133092","geometry":{"type":"Polygon","coordinates":[[[5.0488052,44.0589749],[5.0488067,44.0585974],[5.0489138,44.0585996],[5.0489169,44.0589777],[5.0488052,44.0589749]]]},"properties":{"layer":"1","man_made":"bridge","osm_type":"way","osm_id":1474133092,"@id":"way/1474133092","bridge_role":"deck"}},{"type":"Feature","id":"way/1474190473","geometry":{"type":"Polygon","coordinates":[[[5.050559,43.9893252],[5.0505397,43.9892836],[5.0506669,43.9892529],[5.0506863,43.9892945],[5.050559,43.9893252]]]},"properties":{"layer":"1","man_made":"bridge","osm_type":"way","osm_id":1474190473,"@id":"way/1474190473","bridge_role":"deck"}},{"type":"Feature","id":"way/1474190474","geometry":{"type":"Polygon","coordinates":[[[5.050381,43.9869649],[5.0504328,43.9869699],[5.0504523,43.9868642],[5.0504005,43.9868593],[5.050381,43.9869649]]]},"properties":{"layer":"1","man_made":"bridge","osm_type":"way","osm_id":1474190474,"@id":"way/1474190474","bridge_role":"deck"}},{"type":"Feature","id":"way/1474197613","geometry":{"type":"Polygon","coordinates":[[[5.0473892,43.8968278],[5.0474127,43.896807],[5.0473577,43.8967862],[5.04729,43.8967664],[5.0472102,43.8967495],[5.0471317,43.8967408],[5.0470774,43.8967446],[5.046997,43.8967524],[5.0469239,43.8967678],[5.0468494,43.8967935],[5.0467971,43.896822],[5.0467482,43.896851],[5.0467743,43.8968688],[5.0468226,43.8968394],[5.0468971,43.896805],[5.0469634,43.8967848],[5.0470231,43.8967727],[5.0470989,43.8967664],[5.0471633,43.8967678],[5.047239,43.8967785],[5.0473068,43.8967963],[5.047351,43.8968118],[5.0473892,43.8968278]]]},"properties":{"layer":"1","man_made":"bridge","osm_type":"way","osm_id":1474197613,"@id":"way/1474197613","bridge_role":"deck"}},{"type":"Feature","id":"way/1475506638","geometry":{"type":"Polygon","coordinates":[[[5.0441342,43.8443616],[5.044068,43.8442283],[5.0441727,43.8441705],[5.0442367,43.8443016],[5.0441342,43.8443616]]]},"properties":{"layer":"1","man_made":"bridge","osm_type":"way","osm_id":1475506638,"@id":"way/1475506638","bridge_role":"deck"}},{"type":"Feature","id":"way/1476094937","geometry":{"type":"Polygon","coordinates":[[[5.0426667,44.2502635],[5.0426201,44.2501903],[5.0429622,44.2500786],[5.0430087,44.2501517],[5.0426667,44.2502635]]]},"properties":{"layer":"1","man_made":"bridge","osm_type":"way","osm_id":1476094937,"@id":"way/1476094937","bridge_role":"deck"}},{"type":"Feature","id":"way/1476094939","geometry":{"type":"Polygon","coordinates":[[[5.0308678,44.2512662],[5.0308616,44.2511821],[5.0311574,44.2511709],[5.0311636,44.2512549],[5.0308678,44.2512662]]]},"properties":{"layer":"1","man_made":"bridge","osm_type":"way","osm_id":1476094939,"@id":"way/1476094939","bridge_role":"deck"}},{"type":"Feature","id":"way/1476104138","geometry":{"type":"Polygon","coordinates":[[[5.7103768,43.6960883],[5.7105067,43.6959393],[5.7105523,43.6959601],[5.7104225,43.6961091],[5.7103768,43.6960883]]]},"properties":{"bridge":"viaduct","layer":"1","man_made":"bridge","osm_type":"way","osm_id":1476104138,"@id":"way/1476104138","bridge_role":"deck"}},{"type":"Feature","id":"way/1476542344","geometry":{"type":"Polygon","coordinates":[[[5.3399031,43.8796302],[5.3399083,43.8795183],[5.3401082,43.8795231],[5.340103,43.879635],[5.3399031,43.8796302]]]},"properties":{"layer":"1","man_made":"bridge","osm_type":"way","osm_id":1476542344,"@id":"way/1476542344","bridge_role":"deck"}},{"type":"Feature","id":"way/1476542915","geometry":{"type":"Polygon","coordinates":[[[5.3410482,43.8804132],[5.3410735,43.8803478],[5.3414625,43.8804262],[5.3414372,43.8804916],[5.3410482,43.8804132]]]},"properties":{"layer":"1","man_made":"bridge","osm_type":"way","osm_id":1476542915,"@id":"way/1476542915","bridge_role":"deck"}},{"type":"Feature","id":"way/1476758850","geometry":{"type":"Polygon","coordinates":[[[5.3413075,43.8796275],[5.3413043,43.8795126],[5.3416897,43.8795071],[5.3416929,43.8796219],[5.3413075,43.8796275]]]},"properties":{"layer":"1","man_made":"bridge","osm_type":"way","osm_id":1476758850,"@id":"way/1476758850","bridge_role":"deck"}},{"type":"Feature","id":"way/1476781776","geometry":{"type":"Polygon","coordinates":[[[5.0289512,44.3917721],[5.0290147,44.3916986],[5.0293116,44.3918294],[5.0292482,44.391903],[5.0289512,44.3917721]]]},"properties":{"layer":"1","man_made":"bridge","osm_type":"way","osm_id":1476781776,"@id":"way/1476781776","bridge_role":"deck"}},{"type":"Feature","id":"way/1480626122","geometry":{"type":"Polygon","coordinates":[[[4.8055987,43.9531384],[4.8055815,43.9531574],[4.8055451,43.9531978],[4.8054084,43.9533365],[4.8053772,43.953368],[4.8052944,43.953452],[4.8051588,43.953584],[4.8051462,43.953612],[4.8050836,43.9536663],[4.8051307,43.9537091],[4.8051436,43.9537389],[4.8051438,43.9537581],[4.80512,43.953764],[4.8050781,43.9537653],[4.8050231,43.9537395],[4.8047867,43.9539893],[4.8048184,43.9540399],[4.804815,43.9540482],[4.8047294,43.9540453],[4.8047023,43.9540776],[4.8045077,43.9542748],[4.8045209,43.9543305],[4.8045426,43.9543679],[4.8044558,43.9543736],[4.8044517,43.9543715],[4.8043921,43.9543412],[4.8043733,43.9543317],[4.8043462,43.9542745],[4.8043476,43.9542626],[4.804436,43.9542735],[4.80468,43.9540078],[4.8046581,43.953946],[4.8046693,43.9539416],[4.8047309,43.9539548],[4.8049597,43.9537223],[4.8049448,43.9536996],[4.8049249,43.9536673],[4.8049916,43.9536626],[4.8050068,43.9536682],[4.8053045,43.9533641],[4.8053152,43.9533685],[4.8053339,43.9533481],[4.8053594,43.9533204],[4.805493,43.9531749],[4.8055296,43.9531373],[4.805552,43.9531144],[4.8055808,43.9531292],[4.8055987,43.9531384]]]},"properties":{"access":"customers","alt_name":"Pont d'Avignon","bridge:structure":"arch","heritage":"2","historic":"ruins","historic:civilization":"medieval","layer":"1","level":"1","man_made":"bridge","mhs:inscription_date":"1840","name":"Pont Saint-B\u00e9nezet","name:he":"\u05d2\u05e9\u05e8 \u05e1\u05df \u05d1\u05e0\u05d6\u05d4","name:lt":"Sen Benz\u0117 tiltas","name:zh":"\u8056\u8c9d\u5167\u6fa4\u6a4b","ruins":"bridge","source":"cadastre-dgi-fr source : Direction G\u00e9n\u00e9rale des Imp\u00f4ts - Cadastre. Mise \u00e0 jour : 2010","tourism":"attraction","wheelchair":"yes","wikidata":"Q284444","osm_type":"way","osm_id":1480626122,"@id":"way/1480626122","bridge_role":"deck"}},{"type":"Feature","id":"way/1484639185","geometry":{"type":"Polygon","coordinates":[[[5.0011859,44.073789],[5.0011443,44.073736],[5.0011992,44.0737138],[5.0012407,44.0737668],[5.0011859,44.073789]]]},"properties":{"description":"Limitation de charge par essieu 13t","layer":"1","man_made":"bridge","name":"Pont sur la Sauzette","ref:CD84":"PT0062","wikidata":"Q138499031","osm_type":"way","osm_id":1484639185,"@id":"way/1484639185","bridge_role":"deck"}},{"type":"Feature","id":"way/1484962358","geometry":{"type":"Polygon","coordinates":[[[4.8944731,44.0998118],[4.8944606,44.0996907],[4.8944969,44.0996888],[4.8945094,44.0998099],[4.8944731,44.0998118]]]},"properties":{"layer":"1","man_made":"bridge","ref":"PT0248","wikidata":"Q138499023","osm_type":"way","osm_id":1484962358,"@id":"way/1484962358","bridge_role":"deck"}},{"type":"Feature","id":"way/1484962359","geometry":{"type":"Polygon","coordinates":[[[4.8958007,44.0996201],[4.8957936,44.0995129],[4.8958203,44.099512],[4.8958274,44.0996192],[4.8958007,44.0996201]]]},"properties":{"layer":"1","man_made":"bridge","ref":"PT0249","wikidata":"Q138499024","osm_type":"way","osm_id":1484962359,"@id":"way/1484962359","bridge_role":"deck"}},{"type":"Feature","id":"way/1484968290","geometry":{"type":"Polygon","coordinates":[[[4.8822466,44.1011761],[4.8824239,44.1010209],[4.8824766,44.1010313],[4.8822995,44.1011761],[4.8822466,44.1011761]]]},"properties":{"layer":"1","man_made":"bridge","ref":"PT0247","wikidata":"Q138499021","osm_type":"way","osm_id":1484968290,"@id":"way/1484968290","bridge_role":"deck"}},{"type":"Feature","id":"way/1484997647","geometry":{"type":"Polygon","coordinates":[[[4.9948111,44.0764979],[4.9947536,44.0764205],[4.9951261,44.0763548],[4.99515,44.0764417],[4.9948111,44.0764979]]]},"properties":{"layer":"1","man_made":"bridge","ref":"PT0050","wikidata":"Q138499030","osm_type":"way","osm_id":1484997647,"@id":"way/1484997647","bridge_role":"deck"}},{"type":"Feature","id":"way/1486173797","geometry":{"type":"Polygon","coordinates":[[[5.433663,44.1086187],[5.4336972,44.1085402],[5.4337481,44.1085532],[5.4337153,44.1086317],[5.433663,44.1086187]]]},"properties":{"layer":"1","man_made":"bridge","name":"Pont du Ravin de la Curni","operator":"CD84","wikidata":"Q138499032","osm_type":"way","osm_id":1486173797,"@id":"way/1486173797","bridge_role":"deck"}},{"type":"Feature","id":"way/1486479508","geometry":{"type":"Polygon","coordinates":[[[5.2455817,43.9005377],[5.2454416,43.9003384],[5.2455291,43.9003065],[5.2456692,43.9005057],[5.2455817,43.9005377]]]},"properties":{"layer":"1","man_made":"bridge","osm_type":"way","osm_id":1486479508,"@id":"way/1486479508","bridge_role":"deck"}},{"type":"Feature","id":"way/1486480223","geometry":{"type":"Polygon","coordinates":[[[5.2472627,43.9091825],[5.2473081,43.9091273],[5.2473501,43.9091428],[5.2472981,43.909205],[5.2472627,43.9091825]]]},"properties":{"layer":"1","man_made":"bridge","osm_type":"way","osm_id":1486480223,"@id":"way/1486480223","bridge_role":"deck"}},{"type":"Feature","id":"way/1486480224","geometry":{"type":"Polygon","coordinates":[[[5.2422978,43.9020292],[5.2422991,43.9019961],[5.242423,43.9019983],[5.2424217,43.9020296],[5.2422978,43.9020292]]]},"properties":{"layer":"1","man_made":"bridge","osm_type":"way","osm_id":1486480224,"@id":"way/1486480224","bridge_role":"deck"}},{"type":"Feature","id":"way/1486480225","geometry":{"type":"Polygon","coordinates":[[[5.0951364,43.8746662],[5.0950988,43.8746043],[5.0951446,43.8745999],[5.0951786,43.8746516],[5.0951364,43.8746662]]]},"properties":{"layer":"1","man_made":"bridge","osm_type":"way","osm_id":1486480225,"@id":"way/1486480225","bridge_role":"deck"}},{"type":"Feature","id":"way/1486876664","geometry":{"type":"Polygon","coordinates":[[[5.4702062,44.1035215],[5.4701807,44.1033754],[5.4702285,44.1033793],[5.4702516,44.1035226],[5.4702062,44.1035215]]]},"properties":{"layer":"1","man_made":"bridge","ref":"PT0243","wikidata":"Q138499035","osm_type":"way","osm_id":1486876664,"@id":"way/1486876664","bridge_role":"deck"}},{"type":"Feature","id":"way/1486879893","geometry":{"type":"Polygon","coordinates":[[[5.4681798,44.0992618],[5.468188,44.0992157],[5.4681938,44.0991828],[5.4682718,44.0991928],[5.4683514,44.099203],[5.4683428,44.0992368],[5.4683333,44.0992738],[5.468254,44.0992676],[5.4681798,44.0992618]]]},"properties":{"layer":"1","man_made":"bridge","osm_type":"way","osm_id":1486879893,"@id":"way/1486879893","bridge_role":"deck"}},{"type":"Feature","id":"way/1487215825","geometry":{"type":"Polygon","coordinates":[[[5.374761,43.867055],[5.374784,43.8670232],[5.3749116,43.8670712],[5.3748885,43.867103],[5.374761,43.867055]]]},"properties":{"layer":"1","man_made":"bridge","osm_type":"way","osm_id":1487215825,"@id":"way/1487215825","bridge_role":"deck"}},{"type":"Feature","id":"way/1487684138","geometry":{"type":"Polygon","coordinates":[[[5.0585632,44.0530494],[5.0585203,44.0530162],[5.0586665,44.0529786],[5.0587034,44.0530128],[5.0585632,44.0530494]]]},"properties":{"layer":"1","man_made":"bridge","osm_type":"way","osm_id":1487684138,"@id":"way/1487684138","bridge_role":"deck"}},{"type":"Feature","id":"way/1488373534","geometry":{"type":"Polygon","coordinates":[[[5.4713876,44.0826757],[5.4714303,44.0826188],[5.4717454,44.0825552],[5.4716895,44.0826107],[5.4713876,44.0826757]]]},"properties":{"layer":"1","man_made":"bridge","osm_type":"way","osm_id":1488373534,"@id":"way/1488373534","bridge_role":"deck"}},{"type":"Feature","id":"way/1488399233","geometry":{"type":"Polygon","coordinates":[[[5.4721951,44.1052539],[5.472219,44.1052296],[5.472334,44.1052765],[5.4722973,44.1052962],[5.4721951,44.1052539]]]},"properties":{"layer":"1","man_made":"bridge","osm_type":"way","osm_id":1488399233,"@id":"way/1488399233","bridge_role":"deck"}},{"type":"Feature","id":"way/1488404544","geometry":{"type":"Polygon","coordinates":[[[5.4463959,44.1099524],[5.4464345,44.1099025],[5.4465156,44.1099277],[5.4464812,44.1099776],[5.4463959,44.1099524]]]},"properties":{"layer":"1","man_made":"bridge","osm_type":"way","osm_id":1488404544,"@id":"way/1488404544","bridge_role":"deck"}},{"type":"Feature","id":"way/1488637785","geometry":{"type":"Polygon","coordinates":[[[4.807124,44.1394929],[4.8071538,44.1395039],[4.8072041,44.1394338],[4.8071742,44.1394228],[4.807124,44.1394929]]]},"properties":{"layer":"1","man_made":"bridge","osm_type":"way","osm_id":1488637785,"@id":"way/1488637785","bridge_role":"deck"}},{"type":"Feature","id":"way/1488760030","geometry":{"type":"Polygon","coordinates":[[[5.5165624,43.8767702],[5.5165952,43.8767103],[5.516671,43.8767359],[5.5167468,43.8767485],[5.5167253,43.876807],[5.5166435,43.8767929],[5.5165624,43.8767702]]]},"properties":{"layer":"1","man_made":"bridge","osm_type":"way","osm_id":1488760030,"@id":"way/1488760030","bridge_role":"deck"}},{"type":"Feature","id":"way/1488812332","geometry":{"type":"Polygon","coordinates":[[[5.0213827,44.3785725],[5.0213851,44.3785268],[5.0215599,44.3784987],[5.0215568,44.3785455],[5.0213827,44.3785725]]]},"properties":{"layer":"1","man_made":"bridge","osm_type":"way","osm_id":1488812332,"@id":"way/1488812332","bridge_role":"deck"}},{"type":"Feature","id":"way/1488812333","geometry":{"type":"Polygon","coordinates":[[[5.0097029,44.3825943],[5.0097384,44.3825546],[5.0098932,44.3825706],[5.0098578,44.3826069],[5.0097029,44.3825943]]]},"properties":{"layer":"1","man_made":"bridge","osm_type":"way","osm_id":1488812333,"@id":"way/1488812333","bridge_role":"deck"}},{"type":"Feature","id":"way/1488812336","geometry":{"type":"Polygon","coordinates":[[[4.9993301,44.3874084],[4.9993891,44.3873811],[4.9993891,44.3872968],[4.9995212,44.3872843],[4.9995105,44.3873873],[4.9995514,44.3874118],[4.9993301,44.3874084]]]},"properties":{"layer":"1","man_made":"bridge","osm_type":"way","osm_id":1488812336,"@id":"way/1488812336","bridge_role":"deck"}},{"type":"Feature","id":"way/1488962520","geometry":{"type":"Polygon","coordinates":[[[4.7920326,44.2151594],[4.7920117,44.2151239],[4.792242,44.2150473],[4.7922664,44.2150834],[4.7920326,44.2151594]]]},"properties":{"layer":"1","man_made":"bridge","osm_type":"way","osm_id":1488962520,"@id":"way/1488962520","bridge_role":"deck"}},{"type":"Feature","id":"way/1488962522","geometry":{"type":"Polygon","coordinates":[[[4.7840121,44.2204496],[4.7840038,44.2203969],[4.7841289,44.2203539],[4.7841282,44.2203841],[4.7841277,44.2204089],[4.7840121,44.2204496]]]},"properties":{"layer":"1","man_made":"bridge","osm_type":"way","osm_id":1488962522,"@id":"way/1488962522","bridge_role":"deck"}},{"type":"Feature","id":"way/1488962526","geometry":{"type":"Polygon","coordinates":[[[4.7663098,44.2193619],[4.7662887,44.2193111],[4.7664031,44.21928],[4.7664248,44.2193376],[4.7663098,44.2193619]]]},"properties":{"layer":"1","man_made":"bridge","osm_type":"way","osm_id":1488962526,"@id":"way/1488962526","bridge_role":"deck"}},{"type":"Feature","id":"way/1489248097","geometry":{"type":"Polygon","coordinates":[[[5.084701,43.9278106],[5.0847487,43.9277272],[5.0850042,43.9277391],[5.0849155,43.9278269],[5.084701,43.9278106]]]},"properties":{"layer":"1","man_made":"bridge","osm_type":"way","osm_id":1489248097,"@id":"way/1489248097","bridge_role":"deck"}},{"type":"Feature","id":"way/1489277810","geometry":{"type":"Polygon","coordinates":[[[5.361156,44.0674686],[5.3611317,44.0674154],[5.3614632,44.0673491],[5.3614764,44.0673986],[5.361156,44.0674686]]]},"properties":{"layer":"1","man_made":"bridge","osm_type":"way","osm_id":1489277810,"@id":"way/1489277810","bridge_role":"deck"}},{"type":"Feature","id":"way/1489279201","geometry":{"type":"Polygon","coordinates":[[[5.246318,43.8688628],[5.2462622,43.8686443],[5.2463702,43.8686299],[5.246426,43.8688485],[5.246318,43.8688628]]]},"properties":{"layer":"1","man_made":"bridge","osm_type":"way","osm_id":1489279201,"@id":"way/1489279201","bridge_role":"deck"}},{"type":"Feature","id":"way/1489461002","geometry":{"type":"Polygon","coordinates":[[[4.8247823,44.0418001],[4.8247459,44.0416618],[4.8248383,44.041643],[4.8248822,44.0417739],[4.8247823,44.0418001]]]},"properties":{"layer":"1","man_made":"bridge","osm_type":"way","osm_id":1489461002,"@id":"way/1489461002","bridge_role":"deck"}},{"type":"Feature","id":"way/1489663142","geometry":{"type":"Polygon","coordinates":[[[4.7877401,44.3074836],[4.7877448,44.3073865],[4.787791,44.3073876],[4.7877862,44.3074848],[4.7877401,44.3074836]]]},"properties":{"layer":"1","man_made":"bridge","osm_type":"way","osm_id":1489663142,"@id":"way/1489663142","bridge_role":"deck"}},{"type":"Feature","id":"way/1489789052","geometry":{"type":"Polygon","coordinates":[[[4.9186362,44.107284],[4.9186481,44.1072914],[4.918672,44.1072868],[4.9186823,44.1072755],[4.9186457,44.1071918],[4.9186405,44.1071887],[4.9186253,44.107187],[4.9186055,44.1071929],[4.9186001,44.1072001],[4.9186362,44.107284]]]},"properties":{"bridge:support":"pillar","height":"8.10","material":"stone","panoramax:NE":"eddcd407-5325-42fe-8d7e-924eaffbd6e4","wikidata":"Q138499025","osm_type":"way","osm_id":1489789052,"@id":"way/1489789052","bridge_role":"pillar"}},{"type":"Feature","id":"way/1489789053","geometry":{"type":"Polygon","coordinates":[[[4.9189232,44.1072315],[4.91894,44.1072369],[4.9189639,44.1072323],[4.9189714,44.1072227],[4.9189395,44.1071382],[4.9189324,44.1071342],[4.9189172,44.1071325],[4.9188974,44.1071384],[4.9188916,44.1071469],[4.9189232,44.1072315]]]},"properties":{"bridge:support":"pillar","height":"8.10","material":"stone","panoramax":"7a559963-b4fd-4d1f-931c-54b9263883bf","wikidata":"Q138499025","osm_type":"way","osm_id":1489789053,"@id":"way/1489789053","bridge_role":"pillar"}},{"type":"Feature","id":"way/1489789054","geometry":{"type":"Polygon","coordinates":[[[4.9183693,44.1073327],[4.9183393,44.1072478],[4.918434,44.1072305],[4.9184642,44.1073154],[4.9183693,44.1073327]]]},"properties":{"bridge:support":"abutment","osm_type":"way","osm_id":1489789054,"@id":"way/1489789054","bridge_role":"abutment"}},{"type":"Feature","id":"way/1489789055","geometry":{"type":"Polygon","coordinates":[[[4.9191324,44.1071935],[4.9191023,44.1071095],[4.9191759,44.1070966],[4.919192,44.1071401],[4.9192068,44.1071803],[4.9191324,44.1071935]]]},"properties":{"bridge:support":"abutment","osm_type":"way","osm_id":1489789055,"@id":"way/1489789055","bridge_role":"abutment"}},{"type":"Feature","id":"way/1490185628","geometry":{"type":"Polygon","coordinates":[[[5.0047194,44.0358231],[5.0048271,44.0357486],[5.0049059,44.0357577],[5.0047997,44.0358344],[5.0047194,44.0358231]]]},"properties":{"layer":"1","man_made":"bridge","osm_type":"way","osm_id":1490185628,"@id":"way/1490185628","bridge_role":"deck"}},{"type":"Feature","id":"way/1491783065","geometry":{"type":"Polygon","coordinates":[[[4.7117031,44.2454503],[4.7118871,44.2450281],[4.7120359,44.2450614],[4.7118519,44.2454836],[4.7117031,44.2454503]]]},"properties":{"layer":"1","man_made":"bridge","osm_type":"way","osm_id":1491783065,"@id":"way/1491783065","bridge_role":"deck"}},{"type":"Feature","id":"way/1491794806","geometry":{"type":"Polygon","coordinates":[[[4.6958755,44.2687075],[4.6960782,44.2687991],[4.6963079,44.2695247],[4.6964518,44.2699748],[4.6962538,44.2698759],[4.696109,44.2694398],[4.6958755,44.2687075]]]},"properties":{"layer":"1","man_made":"bridge","osm_type":"way","osm_id":1491794806,"@id":"way/1491794806","bridge_role":"deck"}},{"type":"Feature","id":"way/1491794807","geometry":{"type":"Polygon","coordinates":[[[4.6954909,44.2833178],[4.695573,44.2830821],[4.695743,44.2831548],[4.6956625,44.2833789],[4.6954909,44.2833178]]]},"properties":{"layer":"1","man_made":"bridge","osm_type":"way","osm_id":1491794807,"@id":"way/1491794807","bridge_role":"deck"}},{"type":"Feature","id":"way/1491794808","geometry":{"type":"Polygon","coordinates":[[[4.6947329,44.2851016],[4.6948353,44.2848751],[4.6950166,44.2849473],[4.6949117,44.2851813],[4.6947329,44.2851016]]]},"properties":{"layer":"1","man_made":"bridge","osm_type":"way","osm_id":1491794808,"@id":"way/1491794808","bridge_role":"deck"}},{"type":"Feature","id":"way/1491794810","geometry":{"type":"Polygon","coordinates":[[[4.6884261,44.2980341],[4.6884646,44.2979988],[4.6885076,44.2979592],[4.6886385,44.2980322],[4.6887511,44.2980905],[4.6888456,44.2981316],[4.6890167,44.298198],[4.6889781,44.2982393],[4.6889437,44.298276],[4.6887946,44.298218],[4.6886723,44.2981631],[4.6885569,44.2981086],[4.6884261,44.2980341]]]},"properties":{"layer":"1","man_made":"bridge","osm_type":"way","osm_id":1491794810,"@id":"way/1491794810","bridge_role":"deck"}},{"type":"Feature","id":"way/1491796970","geometry":{"type":"Polygon","coordinates":[[[4.7297008,44.2852514],[4.7296315,44.285146],[4.7300944,44.2850456],[4.7304978,44.2849514],[4.73183,44.2846494],[4.7323396,44.2845308],[4.7323864,44.2846403],[4.7318739,44.2847578],[4.7305715,44.2850497],[4.7297008,44.2852514]]]},"properties":{"layer":"1","man_made":"bridge","osm_type":"way","osm_id":1491796970,"@id":"way/1491796970","bridge_role":"deck"}},{"type":"Feature","id":"way/1491828596","geometry":{"type":"Polygon","coordinates":[[[4.7590579,44.2819589],[4.7591245,44.281971],[4.7591888,44.2819827],[4.7592414,44.2815272],[4.7591735,44.2815101],[4.7591137,44.2814927],[4.7590579,44.2819589]]]},"properties":{"layer":"1","man_made":"bridge","osm_type":"way","osm_id":1491828596,"@id":"way/1491828596","bridge_role":"deck"}},{"type":"Feature","id":"way/1492167466","geometry":{"type":"Polygon","coordinates":[[[5.4058838,44.0972311],[5.4058538,44.0971902],[5.4058961,44.0971747],[5.4059539,44.097162],[5.4059786,44.0971587],[5.4060063,44.097209],[5.4059485,44.0972145],[5.4058838,44.0972311]]]},"properties":{"layer":"1","man_made":"bridge","osm_type":"way","osm_id":1492167466,"@id":"way/1492167466","bridge_role":"deck"}},{"type":"Feature","id":"way/1492167467","geometry":{"type":"Polygon","coordinates":[[[5.398932,44.0911631],[5.3989324,44.0911339],[5.3991355,44.0911295],[5.3991386,44.0911584],[5.398932,44.0911631]]]},"properties":{"layer":"1","man_made":"bridge","osm_type":"way","osm_id":1492167467,"@id":"way/1492167467","bridge_role":"deck"}},{"type":"Feature","id":"way/1492523609","geometry":{"type":"Polygon","coordinates":[[[5.4049806,43.8774191],[5.404962,43.8773661],[5.405584,43.8772749],[5.4055991,43.8773355],[5.4049806,43.8774191]]]},"properties":{"layer":"1","man_made":"bridge","osm_type":"way","osm_id":1492523609,"@id":"way/1492523609","bridge_role":"deck"}},{"type":"Feature","id":"way/1492711757","geometry":{"type":"Polygon","coordinates":[[[4.9480021,43.8916251],[4.9479869,43.8915808],[4.9480494,43.8915753],[4.9480621,43.891627],[4.9480021,43.8916251]]]},"properties":{"layer":"1","man_made":"bridge","osm_type":"way","osm_id":1492711757,"@id":"way/1492711757","bridge_role":"deck"}},{"type":"Feature","id":"way/1493001384","geometry":{"type":"Polygon","coordinates":[[[5.0021871,44.3934557],[5.0022504,44.3934617],[5.0022999,44.3932847],[5.0022353,44.3932781],[5.0021871,44.3934557]]]},"properties":{"layer":"1","man_made":"bridge","osm_type":"way","osm_id":1493001384,"@id":"way/1493001384","bridge_role":"deck"}},{"type":"Feature","id":"way/1493002190","geometry":{"type":"Polygon","coordinates":[[[4.9888366,44.3913578],[4.9889264,44.3914019],[4.9892291,44.3910576],[4.9891442,44.3910136],[4.9888366,44.3913578]]]},"properties":{"layer":"1","man_made":"bridge","osm_type":"way","osm_id":1493002190,"@id":"way/1493002190","bridge_role":"deck"}},{"type":"Feature","id":"way/1493002191","geometry":{"type":"Polygon","coordinates":[[[4.9794675,44.3860256],[4.9794296,44.3859647],[4.9799549,44.3857757],[4.9799946,44.3858392],[4.9794675,44.3860256]]]},"properties":{"layer":"1","man_made":"bridge","osm_type":"way","osm_id":1493002191,"@id":"way/1493002191","bridge_role":"deck"}},{"type":"Feature","id":"way/1493002192","geometry":{"type":"Polygon","coordinates":[[[4.9639814,44.3780628],[4.964037,44.3780867],[4.964372,44.377801],[4.9643218,44.3777826],[4.9639814,44.3780628]]]},"properties":{"layer":"1","man_made":"bridge","osm_type":"way","osm_id":1493002192,"@id":"way/1493002192","bridge_role":"deck"}},{"type":"Feature","id":"way/1493002193","geometry":{"type":"Polygon","coordinates":[[[4.9455112,44.3694713],[4.9455403,44.3693662],[4.9456081,44.3693758],[4.9455789,44.3694809],[4.9455112,44.3694713]]]},"properties":{"layer":"1","man_made":"bridge","osm_type":"way","osm_id":1493002193,"@id":"way/1493002193","bridge_role":"deck"}},{"type":"Feature","id":"way/1493003721","geometry":{"type":"Polygon","coordinates":[[[4.993303,44.3884118],[4.9929076,44.3882488],[4.9929968,44.3881705],[4.9934145,44.388348],[4.993303,44.3884118]]]},"properties":{"layer":"1","man_made":"bridge","osm_type":"way","osm_id":1493003721,"@id":"way/1493003721","bridge_role":"deck"}},{"type":"Feature","id":"way/1494213610","geometry":{"type":"Polygon","coordinates":[[[4.8865527,44.1008955],[4.8865771,44.1008918],[4.886583,44.1007679],[4.8865593,44.1007714],[4.8865527,44.1008955]]]},"properties":{"bridge:support":"pillar","mapillary:N:2015":"462211285008039","mapillary:S:2016":"470046304231643","material":"concrete","panoramax:E":"87276efb-13b5-4c2d-82e5-1cb6b63cca0f","panoramax:E:0":"c98ee63c-ab4f-4454-a615-1615e4c67d23","panoramax:SW":"c1e79272-c3db-4f1d-a9cc-6c0b0105118b","panoramax:W":"92567e41-9929-4513-b4f2-7f6be151bd45","osm_type":"way","osm_id":1494213610,"@id":"way/1494213610","bridge_role":"pillar"}},{"type":"Feature","id":"way/1494213611","geometry":{"type":"Polygon","coordinates":[[[4.8867576,44.1008668],[4.8867859,44.100863],[4.8868023,44.1007386],[4.8867755,44.1007421],[4.8867576,44.1008668]]]},"properties":{"bridge:support":"pillar","material":"concrete","panoramax:E":"5d92bbd6-1759-4666-967b-b84e69892e88","panoramax:SW":"c643cfb0-990b-482c-848a-6d8c64ec9636","panoramax:W":"087aad1c-c0e0-4f24-8b99-6ea027515cf8","osm_type":"way","osm_id":1494213611,"@id":"way/1494213611","bridge_role":"pillar"}},{"type":"Feature","id":"way/1494223517","geometry":{"type":"Polygon","coordinates":[[[4.8869345,44.1007217],[4.8869178,44.1008472],[4.8869913,44.1008385],[4.8870033,44.1007714],[4.887014,44.1007116],[4.8869345,44.1007217]]]},"properties":{"bridge:support":"abutment","panoramax:NW":"a665fac4-bd27-4c66-8678-10dabcad2920","panoramax:SW":"26fe28ca-fc78-41f3-a48e-9ba9df7133d4","panoramax:W":"ba249180-88a2-45bd-9147-c4176d13b1a9","osm_type":"way","osm_id":1494223517,"@id":"way/1494223517","bridge_role":"abutment"}},{"type":"Feature","id":"way/1494223518","geometry":{"type":"Polygon","coordinates":[[[4.8863681,44.1009233],[4.8863781,44.1008562],[4.88638,44.1007958],[4.8864816,44.1007823],[4.8864637,44.1009087],[4.8863681,44.1009233]]]},"properties":{"bridge:support":"abutment","panoramax:E":"ba2c4d36-d2c4-42f3-a73b-769635ab9b56","panoramax:N:detail":"822bb66a-7a22-4e16-a089-3c0a598566b3","panoramax:S":"02ba9a71-8f4e-4d54-a452-43d0eb615772","osm_type":"way","osm_id":1494223518,"@id":"way/1494223518","bridge_role":"abutment"}},{"type":"Feature","id":"way/1494552914","geometry":{"type":"Polygon","coordinates":[[[5.6683471,43.692797],[5.6683626,43.6927903],[5.6683543,43.6927705],[5.6683172,43.6927125],[5.6683009,43.6926951],[5.6682909,43.6926946],[5.6682809,43.6926806],[5.6683283,43.6926656],[5.6683668,43.692654],[5.6683842,43.6926809],[5.6683719,43.6926896],[5.6684065,43.6927374],[5.6684226,43.6927697],[5.6684388,43.6927697],[5.6684434,43.6927787],[5.6684002,43.6927895],[5.6683518,43.6928016],[5.6683471,43.692797]]]},"properties":{"layer":"1","man_made":"bridge","osm_type":"way","osm_id":1494552914,"@id":"way/1494552914","bridge_role":"deck"}},{"type":"Feature","id":"way/1494552915","geometry":{"type":"Polygon","coordinates":[[[5.668452,43.6923884],[5.6687046,43.6928719],[5.6687629,43.692858],[5.6688078,43.6928474],[5.6685536,43.6923539],[5.668452,43.6923884]]]},"properties":{"layer":"1","man_made":"bridge","osm_type":"way","osm_id":1494552915,"@id":"way/1494552915","bridge_role":"deck"}},{"type":"Feature","id":"way/1495782491","geometry":{"type":"Polygon","coordinates":[[[4.7025867,44.2448616],[4.7025577,44.2447993],[4.7008497,44.2454318],[4.7008925,44.2454832],[4.7025867,44.2448616]]]},"properties":{"bridge:structure":"cable-stayed","layer":"1","man_made":"bridge","wikidata":"Q138638848","osm_type":"way","osm_id":1495782491,"@id":"way/1495782491","bridge_role":"deck"}},{"type":"Feature","id":"way/1495825266","geometry":{"type":"Polygon","coordinates":[[[4.9838199,44.4233043],[4.9837113,44.4228915],[4.9837912,44.4228716],[4.9838999,44.4232863],[4.9838199,44.4233043]]]},"properties":{"layer":"1","man_made":"bridge","operator":"CD26","owner":"CD84","osm_type":"way","osm_id":1495825266,"@id":"way/1495825266","bridge_role":"deck"}},{"type":"Feature","id":"way/1498119981","geometry":{"type":"Polygon","coordinates":[[[5.100788,43.9209043],[5.1007369,43.920828],[5.1007727,43.9208156],[5.1008238,43.9208919],[5.100788,43.9209043]]]},"properties":{"layer":"1","man_made":"bridge","osm_type":"way","osm_id":1498119981,"@id":"way/1498119981","bridge_role":"deck"}},{"type":"Feature","id":"way/1498135180","geometry":{"type":"Polygon","coordinates":[[[4.9366777,44.3131444],[4.9367045,44.3130927],[4.9370688,44.3131801],[4.937042,44.3132308],[4.9366777,44.3131444]]]},"properties":{"layer":"1","man_made":"bridge","osm_type":"way","osm_id":1498135180,"@id":"way/1498135180","bridge_role":"deck"}},{"type":"Feature","id":"way/1498220426","geometry":{"type":"Polygon","coordinates":[[[4.8756218,44.0333615],[4.8756057,44.0333163],[4.8756588,44.0333045],[4.8756717,44.0333516],[4.8756218,44.0333615]]]},"properties":{"layer":"1","man_made":"bridge","osm_type":"way","osm_id":1498220426,"@id":"way/1498220426","bridge_role":"deck"}},{"type":"Feature","id":"way/1498223692","geometry":{"type":"Polygon","coordinates":[[[5.5841975,43.8860586],[5.5842618,43.8859913],[5.5845258,43.8861282],[5.5844662,43.886185],[5.5841975,43.8860586]]]},"properties":{"layer":"1","man_made":"bridge","osm_type":"way","osm_id":1498223692,"@id":"way/1498223692","bridge_role":"deck"}},{"type":"Feature","id":"way/1498223693","geometry":{"type":"Polygon","coordinates":[[[5.5781299,43.9131794],[5.5780966,43.9131155],[5.5781651,43.913083],[5.5782027,43.9131551],[5.5781299,43.9131794]]]},"properties":{"layer":"1","man_made":"bridge","osm_type":"way","osm_id":1498223693,"@id":"way/1498223693","bridge_role":"deck"}},{"type":"Feature","id":"way/1498343169","geometry":{"type":"Polygon","coordinates":[[[4.9985209,44.0373276],[4.9985123,44.0372814],[4.9987109,44.0372623],[4.9987195,44.0373084],[4.9985209,44.0373276]]]},"properties":{"layer":"1","man_made":"bridge","panoramax:S":"5b2d98ca-8831-4bb8-8ca9-ea989e9dad07","osm_type":"way","osm_id":1498343169,"@id":"way/1498343169","bridge_role":"deck"}},{"type":"Feature","id":"way/1501415464","geometry":{"type":"Polygon","coordinates":[[[4.9597679,43.9488427],[4.9596962,43.9487423],[4.959737,43.9487272],[4.9598088,43.9488276],[4.9597679,43.9488427]]]},"properties":{"layer":"1","man_made":"bridge","osm_type":"way","osm_id":1501415464,"@id":"way/1501415464","bridge_role":"deck"}},{"type":"Feature","id":"way/1501415465","geometry":{"type":"Polygon","coordinates":[[[4.9606065,43.9513185],[4.9604792,43.9512179],[4.9605154,43.9511942],[4.9606339,43.9512878],[4.9606065,43.9513185]]]},"properties":{"layer":"1","man_made":"bridge","osm_type":"way","osm_id":1501415465,"@id":"way/1501415465","bridge_role":"deck"}},{"type":"Feature","id":"way/1501789375","geometry":{"type":"Polygon","coordinates":[[[4.9367325,44.0321033],[4.9367696,44.0319973],[4.9368169,44.0320059],[4.9367798,44.0321119],[4.9367325,44.0321033]]]},"properties":{"layer":"1","man_made":"bridge","osm_type":"way","osm_id":1501789375,"@id":"way/1501789375","bridge_role":"deck"}},{"type":"Feature","id":"way/1502878691","geometry":{"type":"Polygon","coordinates":[[[4.8163348,44.0984324],[4.8163496,44.0983345],[4.8163864,44.0983373],[4.8163716,44.0984353],[4.8163348,44.0984324]]]},"properties":{"layer":"1","man_made":"bridge","osm_type":"way","osm_id":1502878691,"@id":"way/1502878691","bridge_role":"deck"}},{"type":"Feature","id":"way/1503280481","geometry":{"type":"Polygon","coordinates":[[[5.240394,43.8887117],[5.2403546,43.8886699],[5.240678,43.8885119],[5.2407173,43.8885537],[5.240394,43.8887117]]]},"properties":{"layer":"1","man_made":"bridge","osm_type":"way","osm_id":1503280481,"@id":"way/1503280481","bridge_role":"deck"}},{"type":"Feature","id":"way/1503307127","geometry":{"type":"Polygon","coordinates":[[[5.0015595,44.1720323],[5.0015707,44.1719971],[5.0016323,44.1720121],[5.0016202,44.1720458],[5.0015595,44.1720323]]]},"properties":{"layer":"1","man_made":"bridge","osm_type":"way","osm_id":1503307127,"@id":"way/1503307127","bridge_role":"deck"}},{"type":"Feature","id":"way/1503578565","geometry":{"type":"Polygon","coordinates":[[[4.9221519,44.2096173],[4.922093,44.2095015],[4.9221712,44.2095025],[4.9222256,44.2096136],[4.9221519,44.2096173]]]},"properties":{"layer":"1","man_made":"bridge","osm_type":"way","osm_id":1503578565,"@id":"way/1503578565","bridge_role":"deck"}},{"type":"Feature","id":"way/1504787254","geometry":{"type":"Polygon","coordinates":[[[4.8762311,44.0060241],[4.876211,44.0059715],[4.8760126,44.0061225],[4.8760394,44.0061812],[4.8761148,44.0063631],[4.8763211,44.006251],[4.8762913,44.006181],[4.8762311,44.0060241]]]},"properties":{"layer":"1","man_made":"bridge","panoramax:NW":"c8f836cf-5f45-451a-a4ba-91bc06a6007c","panoramax:SE":"50c0b9a7-07ab-4451-bfbd-17eb390f6d0c","osm_type":"way","osm_id":1504787254,"@id":"way/1504787254","bridge_role":"deck"}},{"type":"Feature","id":"way/1511951298","geometry":{"type":"Polygon","coordinates":[[[5.0415839,44.0640541],[5.0415586,44.064029],[5.0419481,44.0638327],[5.0419766,44.0638588],[5.0415839,44.0640541]]]},"properties":{"layer":"1","man_made":"bridge","osm_type":"way","osm_id":1511951298,"@id":"way/1511951298","bridge_role":"deck"}},{"type":"Feature","id":"way/1512103386","geometry":{"type":"Polygon","coordinates":[[[4.8962686,44.0393734],[4.8962989,44.0393654],[4.8961145,44.0389437],[4.8960911,44.0389483],[4.8962686,44.0393734]]]},"properties":{"layer":"1","man_made":"bridge","osm_type":"way","osm_id":1512103386,"@id":"way/1512103386","bridge_role":"deck"}},{"type":"Feature","id":"way/1513975275","geometry":{"type":"Polygon","coordinates":[[[4.7986082,43.9417583],[4.7987646,43.9417546],[4.7989901,43.9417618],[4.7988041,43.9413405],[4.7982525,43.9412623],[4.7986082,43.9417583]]]},"properties":{"bridge:structure":"beam","layer":"1","man_made":"bridge","wikidata":"Q138638636","osm_type":"way","osm_id":1513975275,"@id":"way/1513975275","bridge_role":"deck"}},{"type":"Feature","id":"way/1515463704","geometry":{"type":"Polygon","coordinates":[[[4.8112948,44.1452256],[4.8113278,44.1452214],[4.8113993,44.1451208],[4.8115016,44.1451576],[4.8114298,44.1452587],[4.8114069,44.1452841],[4.8112948,44.1452256]]]},"properties":{"bridge:support":"abutment","panoramax":"105b2ea0-04f7-419e-a3c1-6a18855bfad5","panoramax:SW":"d154c4ce-9f39-4cf4-9778-955971821a9e","osm_type":"way","osm_id":1515463704,"@id":"way/1515463704","bridge_role":"abutment"}},{"type":"Feature","id":"way/1515463705","geometry":{"type":"Polygon","coordinates":[[[4.8118005,44.1445558],[4.8118977,44.1445911],[4.8119146,44.1445667],[4.8118165,44.1445333],[4.8118005,44.1445558]]]},"properties":{"bridge:support":"pillar","panoramax":"91b88a60-345c-4453-ac24-21227cd83995","osm_type":"way","osm_id":1515463705,"@id":"way/1515463705","bridge_role":"pillar"}},{"type":"Feature","id":"way/1515463706","geometry":{"type":"Polygon","coordinates":[[[4.8116362,44.1447871],[4.8117364,44.1448241],[4.8117527,44.1448006],[4.8116516,44.1447655],[4.8116362,44.1447871]]]},"properties":{"bridge:support":"pillar","osm_type":"way","osm_id":1515463706,"@id":"way/1515463706","bridge_role":"pillar"}},{"type":"Feature","id":"way/1515463707","geometry":{"type":"Polygon","coordinates":[[[4.8114673,44.1450249],[4.8115705,44.1450607],[4.8115868,44.1450378],[4.8114843,44.145001],[4.8114673,44.1450249]]]},"properties":{"bridge:support":"pillar","panoramax:E":"37660082-0258-476c-8394-95fa59dd342f","osm_type":"way","osm_id":1515463707,"@id":"way/1515463707","bridge_role":"pillar"}},{"type":"Feature","id":"way/1515463708","geometry":{"type":"Polygon","coordinates":[[[4.8117593,44.1446138],[4.8118564,44.1446508],[4.8118741,44.1446253],[4.8117747,44.1445921],[4.8117593,44.1446138]]]},"properties":{"bridge:support":"pillar","osm_type":"way","osm_id":1515463708,"@id":"way/1515463708","bridge_role":"pillar"}},{"type":"Feature","id":"way/1515463709","geometry":{"type":"Polygon","coordinates":[[[4.8117197,44.1446696],[4.8118189,44.1447049],[4.8118357,44.1446807],[4.8117353,44.1446476],[4.8117197,44.1446696]]]},"properties":{"bridge:support":"pillar","panoramax":"3ea87b2f-0390-4b54-8e0a-2087316df491","osm_type":"way","osm_id":1515463709,"@id":"way/1515463709","bridge_role":"pillar"}},{"type":"Feature","id":"way/1515463710","geometry":{"type":"Polygon","coordinates":[[[4.8115555,44.1449009],[4.8116568,44.144939],[4.8116733,44.1449152],[4.8115704,44.1448797],[4.8115555,44.1449009]]]},"properties":{"bridge:support":"pillar","panoramax":"e20d94af-01d5-4d33-bf3f-3dbb3d9f45b3","panoramax:W":"75e83a65-5be6-439c-a386-12374b4aa58c","osm_type":"way","osm_id":1515463710,"@id":"way/1515463710","bridge_role":"pillar"}},{"type":"Feature","id":"way/1515463711","geometry":{"type":"Polygon","coordinates":[[[4.8115111,44.1449632],[4.811613,44.1450008],[4.8116285,44.1449791],[4.8115268,44.1449412],[4.8115111,44.1449632]]]},"properties":{"bridge:support":"pillar","panoramax":"b28b7331-91a2-4ef3-a8cb-6a35305f57ad","panoramax:E":"37660082-0258-476c-8394-95fa59dd342f","panoramax:W":"75e83a65-5be6-439c-a386-12374b4aa58c","osm_type":"way","osm_id":1515463711,"@id":"way/1515463711","bridge_role":"pillar"}},{"type":"Feature","id":"way/1515463712","geometry":{"type":"Polygon","coordinates":[[[4.8118422,44.144497],[4.8119407,44.1445314],[4.8119579,44.1445081],[4.8118588,44.1444737],[4.8118422,44.144497]]]},"properties":{"bridge:support":"pillar","panoramax":"c7d07353-b5b9-4503-8eeb-20b5fa369d6b","osm_type":"way","osm_id":1515463712,"@id":"way/1515463712","bridge_role":"pillar"}},{"type":"Feature","id":"way/1515463713","geometry":{"type":"Polygon","coordinates":[[[4.8115977,44.1448414],[4.8116966,44.1448815],[4.8117097,44.1448626],[4.8116084,44.1448262],[4.8115977,44.1448414]]]},"properties":{"bridge:support":"pillar","osm_type":"way","osm_id":1515463713,"@id":"way/1515463713","bridge_role":"pillar"}},{"type":"Feature","id":"way/1515463714","geometry":{"type":"Polygon","coordinates":[[[4.8114309,44.1450762],[4.8115317,44.1451152],[4.8115461,44.1450949],[4.8114435,44.1450585],[4.8114309,44.1450762]]]},"properties":{"bridge:support":"pillar","panoramax":"de7fd13f-2a3f-4350-a81e-b23691fe5a62","osm_type":"way","osm_id":1515463714,"@id":"way/1515463714","bridge_role":"pillar"}},{"type":"Feature","id":"way/1515463715","geometry":{"type":"Polygon","coordinates":[[[4.8118875,44.1444333],[4.8119868,44.1444689],[4.8120004,44.1444516],[4.8118993,44.1444167],[4.8118875,44.1444333]]]},"properties":{"bridge:support":"pillar","panoramax":"557fd120-3732-4c23-9637-d732a8d06d8b","osm_type":"way","osm_id":1515463715,"@id":"way/1515463715","bridge_role":"pillar"}},{"type":"Feature","id":"way/1515463716","geometry":{"type":"Polygon","coordinates":[[[4.8116794,44.1447263],[4.8117797,44.1447615],[4.8117914,44.1447447],[4.8116923,44.1447082],[4.8116794,44.1447263]]]},"properties":{"bridge:support":"pillar","panoramax":"667f8728-6fb1-46f3-99a0-e98a3690fffd","osm_type":"way","osm_id":1515463716,"@id":"way/1515463716","bridge_role":"pillar"}},{"type":"Feature","id":"way/1515463717","geometry":{"type":"Polygon","coordinates":[[[4.8119349,44.1443665],[4.8120368,44.1444019],[4.8120973,44.1443193],[4.811995,44.1442819],[4.8119349,44.1443665]]]},"properties":{"bridge:support":"abutment","osm_type":"way","osm_id":1515463717,"@id":"way/1515463717","bridge_role":"abutment"}},{"type":"Feature","id":"way/1516624431","geometry":{"type":"Polygon","coordinates":[[[4.8768843,44.0079917],[4.8767772,44.007746],[4.8769466,44.0077012],[4.8770353,44.0079],[4.8768843,44.0079917]]]},"properties":{"layer":"1","man_made":"bridge","osm_type":"way","osm_id":1516624431,"@id":"way/1516624431","bridge_role":"deck"}},{"type":"Feature","id":"way/1523783155","geometry":{"type":"Polygon","coordinates":[[[5.0870982,43.7923168],[5.0871098,43.792279],[5.0872479,43.7923009],[5.0872364,43.7923387],[5.0870982,43.7923168]]]},"properties":{"layer":"1","man_made":"bridge","osm_type":"way","osm_id":1523783155,"@id":"way/1523783155","bridge_role":"deck"}},{"type":"Feature","id":"way/1523783156","geometry":{"type":"Polygon","coordinates":[[[5.0974468,43.7826849],[5.0974317,43.782591],[5.0974874,43.7825863],[5.0975025,43.7826802],[5.0974468,43.7826849]]]},"properties":{"layer":"1","man_made":"bridge","osm_type":"way","osm_id":1523783156,"@id":"way/1523783156","bridge_role":"deck"}},{"type":"Feature","id":"way/1523783158","geometry":{"type":"Polygon","coordinates":[[[5.1064425,43.7801839],[5.1063649,43.7801005],[5.1064254,43.7800711],[5.1065031,43.7801546],[5.1064425,43.7801839]]]},"properties":{"layer":"1","man_made":"bridge","osm_type":"way","osm_id":1523783158,"@id":"way/1523783158","bridge_role":"deck"}},{"type":"Feature","id":"way/1523783159","geometry":{"type":"Polygon","coordinates":[[[5.1255917,43.7668412],[5.1256357,43.7668074],[5.1255029,43.7667171],[5.1254589,43.7667509],[5.1255917,43.7668412]]]},"properties":{"layer":"1","man_made":"bridge","osm_type":"way","osm_id":1523783159,"@id":"way/1523783159","bridge_role":"deck"}},{"type":"Feature","id":"way/1523783160","geometry":{"type":"Polygon","coordinates":[[[5.1368182,43.7603127],[5.136765,43.7602155],[5.1368138,43.7602016],[5.1368669,43.7602988],[5.1368182,43.7603127]]]},"properties":{"layer":"1","man_made":"bridge","osm_type":"way","osm_id":1523783160,"@id":"way/1523783160","bridge_role":"deck"}},{"type":"Feature","id":"way/1523783162","geometry":{"type":"Polygon","coordinates":[[[5.1476222,43.7571758],[5.1475708,43.7570878],[5.1476252,43.7570712],[5.1476765,43.7571592],[5.1476222,43.7571758]]]},"properties":{"layer":"1","man_made":"bridge","osm_type":"way","osm_id":1523783162,"@id":"way/1523783162","bridge_role":"deck"}},{"type":"Feature","id":"way/1523783163","geometry":{"type":"Polygon","coordinates":[[[5.1502971,43.7563941],[5.1502532,43.7563152],[5.1503038,43.7563005],[5.1503478,43.7563794],[5.1502971,43.7563941]]]},"properties":{"layer":"1","man_made":"bridge","osm_type":"way","osm_id":1523783163,"@id":"way/1523783163","bridge_role":"deck"}},{"type":"Feature","id":"way/1523783164","geometry":{"type":"Polygon","coordinates":[[[5.1520491,43.755949],[5.1520549,43.7558641],[5.1521073,43.755866],[5.1521014,43.7559509],[5.1520491,43.755949]]]},"properties":{"layer":"1","man_made":"bridge","osm_type":"way","osm_id":1523783164,"@id":"way/1523783164","bridge_role":"deck"}},{"type":"Feature","id":"way/1523783165","geometry":{"type":"Polygon","coordinates":[[[5.159322,43.7560018],[5.1592833,43.7559327],[5.1593334,43.7559181],[5.159372,43.7559873],[5.159322,43.7560018]]]},"properties":{"layer":"1","man_made":"bridge","osm_type":"way","osm_id":1523783165,"@id":"way/1523783165","bridge_role":"deck"}},{"type":"Feature","id":"way/1523783167","geometry":{"type":"Polygon","coordinates":[[[5.1754932,43.7544609],[5.1754792,43.7543631],[5.175524,43.7543598],[5.175538,43.7544575],[5.1754932,43.7544609]]]},"properties":{"layer":"1","man_made":"bridge","osm_type":"way","osm_id":1523783167,"@id":"way/1523783167","bridge_role":"deck"}},{"type":"Feature","id":"way/1523783168","geometry":{"type":"Polygon","coordinates":[[[5.1843317,43.7512925],[5.1843901,43.7512628],[5.1845587,43.7512925],[5.1845157,43.7513228],[5.1843317,43.7512925]]]},"properties":{"layer":"1","man_made":"bridge","osm_type":"way","osm_id":1523783168,"@id":"way/1523783168","bridge_role":"deck"}},{"type":"Feature","id":"way/1523783169","geometry":{"type":"Polygon","coordinates":[[[5.1889878,43.7494865],[5.1889425,43.7494087],[5.1889945,43.7493929],[5.1890398,43.7494707],[5.1889878,43.7494865]]]},"properties":{"layer":"1","man_made":"bridge","osm_type":"way","osm_id":1523783169,"@id":"way/1523783169","bridge_role":"deck"}},{"type":"Feature","id":"way/1525697080","geometry":{"type":"Polygon","coordinates":[[[4.7052472,44.2996264],[4.7052346,44.2995174],[4.7056753,44.2994658],[4.7056867,44.2995666],[4.7052472,44.2996264]]]},"properties":{"layer":"1","man_made":"bridge","osm_type":"way","osm_id":1525697080,"@id":"way/1525697080","bridge_role":"deck"}},{"type":"Feature","id":"way/1525699401","geometry":{"type":"Polygon","coordinates":[[[4.7115081,44.2962514],[4.7114511,44.2961741],[4.7117718,44.2960531],[4.7118288,44.2961305],[4.7115081,44.2962514]]]},"properties":{"layer":"1","man_made":"bridge","osm_type":"way","osm_id":1525699401,"@id":"way/1525699401","bridge_role":"deck"}},{"type":"Feature","id":"way/1525805561","geometry":{"type":"Polygon","coordinates":[[[4.7212303,44.2784467],[4.7212249,44.2784085],[4.721361,44.2783786],[4.7213664,44.2784168],[4.7212303,44.2784467]]]},"properties":{"layer":"1","man_made":"bridge","osm_type":"way","osm_id":1525805561,"@id":"way/1525805561","bridge_role":"deck"}},{"type":"Feature","id":"way/1525849724","geometry":{"type":"Polygon","coordinates":[[[4.71855,44.2595579],[4.718634,44.259561],[4.7186988,44.2589682],[4.7186281,44.258965],[4.71855,44.2595579]]]},"properties":{"bridge:structure":"beam","layer":"1","man_made":"bridge","osm_type":"way","osm_id":1525849724,"@id":"way/1525849724","bridge_role":"deck"}},{"type":"Feature","id":"way/1526081587","geometry":{"type":"Polygon","coordinates":[[[4.8043921,43.9543412],[4.8044517,43.9543715],[4.8045023,43.9542979],[4.8044402,43.9542744],[4.8043921,43.9543412]]]},"properties":{"bridge:support":"pillar","panoramax:SW":"69626e0a-febb-47da-8b8f-69fd0a2f06cd","osm_type":"way","osm_id":1526081587,"@id":"way/1526081587","bridge_role":"pillar"}},{"type":"Feature","id":"way/1526081588","geometry":{"type":"Polygon","coordinates":[[[4.8046835,43.9540108],[4.804733,43.9539587],[4.8047867,43.9539893],[4.8047442,43.9540357],[4.8046835,43.9540108]]]},"properties":{"bridge:support":"pillar","panoramax:SW":"253cfbc0-84b0-459c-bdf0-23ee242d056b","osm_type":"way","osm_id":1526081588,"@id":"way/1526081588","bridge_role":"pillar"}},{"type":"Feature","id":"way/1526081589","geometry":{"type":"Polygon","coordinates":[[[4.805493,43.9531749],[4.8055451,43.9531978],[4.8055815,43.9531574],[4.8055296,43.9531373],[4.805493,43.9531749]]]},"properties":{"bridge:support":"abutment","panoramax:E":"9f5394ad-eb8b-4fe7-8f65-91fb1cf762fd","osm_type":"way","osm_id":1526081589,"@id":"way/1526081589","bridge_role":"abutment"}},{"type":"Feature","id":"way/1526081590","geometry":{"type":"Polygon","coordinates":[[[4.8049639,43.9537214],[4.8050162,43.9536676],[4.805063,43.9536955],[4.8050127,43.9537456],[4.8049639,43.9537214]]]},"properties":{"bridge:support":"pillar","panoramax":"af568233-2124-4c59-b059-71113d64e0e2","osm_type":"way","osm_id":1526081590,"@id":"way/1526081590","bridge_role":"pillar"}},{"type":"Feature","id":"way/1526081591","geometry":{"type":"Polygon","coordinates":[[[4.8052495,43.9534214],[4.8053019,43.9533676],[4.8053589,43.9533956],[4.8053068,43.9534486],[4.8052495,43.9534214]]]},"properties":{"bridge:support":"pillar","panoramax":"2c79ed6d-9fff-40ee-b2f3-32d6794bccb9","panoramax:S":"5710dc36-29f1-4f29-ae8b-b80890e387b3","osm_type":"way","osm_id":1526081591,"@id":"way/1526081591","bridge_role":"pillar"}},{"type":"Feature","id":"way/1526118275","geometry":{"type":"Polygon","coordinates":[[[4.8053339,43.9533481],[4.8053594,43.9533204],[4.8054084,43.9533365],[4.8053772,43.953368],[4.8053339,43.9533481]]]},"properties":{"bridge:support":"pillar","osm_type":"way","osm_id":1526118275,"@id":"way/1526118275","bridge_role":"pillar"}},{"type":"Feature","id":"way/1526130735","geometry":{"type":"Polygon","coordinates":[[[4.9184642,44.1073154],[4.9186362,44.107284],[4.9186001,44.1072001],[4.918434,44.1072305],[4.9184642,44.1073154]]]},"properties":{"bridge:structure":"arch","osm_type":"way","osm_id":1526130735,"@id":"way/1526130735","bridge_role":"structure"}},{"type":"Feature","id":"way/1526130736","geometry":{"type":"Polygon","coordinates":[[[4.9186823,44.1072755],[4.9186457,44.1071918],[4.9188916,44.1071469],[4.9189232,44.1072315],[4.9186823,44.1072755]]]},"properties":{"bridge:structure":"arch","osm_type":"way","osm_id":1526130736,"@id":"way/1526130736","bridge_role":"structure"}},{"type":"Feature","id":"way/1526130737","geometry":{"type":"Polygon","coordinates":[[[4.9189714,44.1072227],[4.9189395,44.1071382],[4.9191023,44.1071095],[4.9191324,44.1071935],[4.9189714,44.1072227]]]},"properties":{"bridge:structure":"arch","osm_type":"way","osm_id":1526130737,"@id":"way/1526130737","bridge_role":"structure"}},{"type":"Feature","id":"way/1526412709","geometry":{"type":"Polygon","coordinates":[[[4.8007689,44.16129],[4.8008121,44.1612385],[4.8009125,44.1612819],[4.8008693,44.1613333],[4.8007689,44.16129]]]},"properties":{"bridge:structure":"arch","layer":"1","man_made":"bridge","panoramax":"d8b4f526-0bb6-4ff7-a41a-dbd07064ea49","osm_type":"way","osm_id":1526412709,"@id":"way/1526412709","bridge_role":"deck"}},{"type":"Feature","id":"way/1526438111","geometry":{"type":"Polygon","coordinates":[[[4.8000319,44.1609607],[4.8000447,44.1609429],[4.8001689,44.1609887],[4.8001559,44.1610061],[4.8000319,44.1609607]]]},"properties":{"bridge:support":"pillar","layer":"-1","osm_type":"way","osm_id":1526438111,"@id":"way/1526438111","bridge_role":"pillar"}},{"type":"Feature","id":"way/1526438112","geometry":{"type":"Polygon","coordinates":[[[4.7999705,44.161046],[4.8000159,44.160983],[4.8001427,44.161024],[4.8000967,44.1610861],[4.7999705,44.161046]]]},"properties":{"bridge:support":"abutment","layer":"-1","osm_type":"way","osm_id":1526438112,"@id":"way/1526438112","bridge_role":"abutment"}},{"type":"Feature","id":"way/1526438113","geometry":{"type":"Polygon","coordinates":[[[4.8000632,44.1609172],[4.8001048,44.1608594],[4.8002325,44.1609028],[4.8001919,44.1609586],[4.8000632,44.1609172]]]},"properties":{"bridge:support":"abutment","layer":"-1","osm_type":"way","osm_id":1526438113,"@id":"way/1526438113","bridge_role":"abutment"}},{"type":"Feature","id":"way/1526448981","geometry":{"type":"Polygon","coordinates":[[[4.7745331,44.1495407],[4.7746106,44.1495417],[4.7746982,44.1495429],[4.7747513,44.1494349],[4.7746628,44.149434],[4.774584,44.1494332],[4.7745331,44.1495407]]]},"properties":{"bridge:support":"abutment","osm_type":"way","osm_id":1526448981,"@id":"way/1526448981","bridge_role":"abutment"}},{"type":"Feature","id":"way/1526448982","geometry":{"type":"Polygon","coordinates":[[[4.7741437,44.1503551],[4.7742195,44.1503561],[4.774296,44.1503571],[4.7743557,44.1502362],[4.7742778,44.1502348],[4.7742023,44.1502326],[4.7741437,44.1503551]]]},"properties":{"bridge:support":"abutment","osm_type":"way","osm_id":1526448982,"@id":"way/1526448982","bridge_role":"abutment"}},{"type":"Feature","id":"way/1526448983","geometry":{"type":"Polygon","coordinates":[[[4.7984623,44.1581957],[4.7985545,44.1582508],[4.7986093,44.1582036],[4.7985171,44.1581485],[4.7984623,44.1581957]]]},"properties":{"bridge:support":"pillar","panoramax:E":"0739d696-2bdf-4a5d-85af-1a6206005a6b","panoramax:SE":"efe9be89-88c3-48cc-9f91-445ca0e9dc11","panoramax:SW":"c1d44c3a-ad87-4bc2-a8f0-fe4017629e5b","panoramax:W":"bcacd675-6fe0-430d-8599-0b80406601aa","osm_type":"way","osm_id":1526448983,"@id":"way/1526448983","bridge_role":"pillar"}},{"type":"Feature","id":"way/1526448984","geometry":{"type":"Polygon","coordinates":[[[4.7986171,44.1580655],[4.798708,44.1581218],[4.7987647,44.1580716],[4.7986722,44.1580167],[4.7986171,44.1580655]]]},"properties":{"bridge:support":"pillar","panoramax:E":"f6e7c6c9-c223-4d8e-bf2b-421a316f06c3","panoramax:N":"6715e0ad-ea75-45f7-ae92-587694b3334b","panoramax:NW":"e70fc53b-6f78-450d-a99c-736ac47dfe87","panoramax:SE":"0907d1ab-ee00-4853-8d9e-fd75ec6f5849","panoramax:W":"a739f83f-47ba-42a8-bed7-b2e25e527e6f","osm_type":"way","osm_id":1526448984,"@id":"way/1526448984","bridge_role":"pillar"}},{"type":"Feature","id":"way/1526448985","geometry":{"type":"Polygon","coordinates":[[[4.798236,44.1584033],[4.7982804,44.1584274],[4.798333,44.158456],[4.7984222,44.1583717],[4.7983252,44.1583189],[4.798236,44.1584033]]]},"properties":{"bridge:support":"abutment","panoramax:SE":"c2813b02-f020-468f-9931-848888d5515f","panoramax:W":"50feec08-47d8-4974-98c9-261c78605cd5","osm_type":"way","osm_id":1526448985,"@id":"way/1526448985","bridge_role":"abutment"}},{"type":"Feature","id":"way/1526448986","geometry":{"type":"Polygon","coordinates":[[[4.7988129,44.157886],[4.798913,44.1579314],[4.7990244,44.1578323],[4.7989286,44.157783],[4.7988129,44.157886]]]},"properties":{"bridge:support":"abutment","panoramax":"db2b4dee-9d0e-4f4f-bcfc-e4db6d4829cc","panoramax:NE":"40d48c20-cc31-4355-ba8f-11351eaac2cb","panoramax:NW":"e195e436-70c9-495c-a2c2-e1c7cf5e1ec2","osm_type":"way","osm_id":1526448986,"@id":"way/1526448986","bridge_role":"abutment"}},{"type":"Feature","id":"way/1526451761","geometry":{"type":"Polygon","coordinates":[[[4.8013632,44.1591273],[4.8014823,44.1591656],[4.8014975,44.1591527],[4.8014994,44.1591413],[4.8013797,44.1591041],[4.8013677,44.1591037],[4.8013569,44.1591097],[4.8013578,44.1591201],[4.8013632,44.1591273]]]},"properties":{"bridge:support":"pillar","panoramax:NW":"31eccbd7-ec51-4b9c-9376-b19516e6a0b8","osm_type":"way","osm_id":1526451761,"@id":"way/1526451761","bridge_role":"pillar"}},{"type":"Feature","id":"way/1526451762","geometry":{"type":"Polygon","coordinates":[[[4.801463,44.158987],[4.801581,44.1590253],[4.8015999,44.1590135],[4.801598,44.1590011],[4.8014785,44.1589652],[4.8014604,44.1589679],[4.8014563,44.1589769],[4.801463,44.158987]]]},"properties":{"bridge:support":"pillar","osm_type":"way","osm_id":1526451762,"@id":"way/1526451762","bridge_role":"pillar"}},{"type":"Feature","id":"way/1526451763","geometry":{"type":"Polygon","coordinates":[[[4.8011665,44.159404],[4.8012876,44.1594422],[4.8013002,44.1594326],[4.801303,44.1594203],[4.8011823,44.1593818],[4.8011718,44.159382],[4.8011591,44.1593884],[4.8011573,44.1593979],[4.8011665,44.159404]]]},"properties":{"bridge:support":"pillar","panoramax":"a554ea1d-82e0-4ac9-af6c-b9989f64a16d","osm_type":"way","osm_id":1526451763,"@id":"way/1526451763","bridge_role":"pillar"}},{"type":"Feature","id":"way/1526451764","geometry":{"type":"Polygon","coordinates":[[[4.8012658,44.1592644],[4.8013862,44.1593021],[4.8014023,44.1592914],[4.8014021,44.1592795],[4.801281,44.1592429],[4.8012678,44.1592433],[4.8012617,44.1592495],[4.8012605,44.159259],[4.8012658,44.1592644]]]},"properties":{"bridge:support":"pillar","panoramax":"a07ac05d-8992-4d4e-94f1-098583f3c27d","osm_type":"way","osm_id":1526451764,"@id":"way/1526451764","bridge_role":"pillar"}},{"type":"Feature","id":"way/1526451765","geometry":{"type":"Polygon","coordinates":[[[4.8010151,44.1596186],[4.801135,44.159659],[4.8011987,44.1595684],[4.8010803,44.1595252],[4.8010151,44.1596186]]]},"properties":{"bridge:support":"abutment","osm_type":"way","osm_id":1526451765,"@id":"way/1526451765","bridge_role":"abutment"}},{"type":"Feature","id":"way/1526451766","geometry":{"type":"Polygon","coordinates":[[[4.8015223,44.1589035],[4.8016408,44.1589404],[4.8017158,44.1588338],[4.8015935,44.1588034],[4.8015223,44.1589035]]]},"properties":{"bridge:support":"abutment","osm_type":"way","osm_id":1526451766,"@id":"way/1526451766","bridge_role":"abutment"}},{"type":"Feature","id":"way/1526708768","geometry":{"type":"Polygon","coordinates":[[[4.7889728,44.1511858],[4.7889669,44.1511633],[4.7890877,44.1511443],[4.7890947,44.1511665],[4.7889728,44.1511858]]]},"properties":{"bridge:support":"abutmentq","panoramax:SE":"8f3091a4-4bc1-40e2-a214-c8fef1bcf76d","osm_type":"way","osm_id":1526708768,"@id":"way/1526708768","bridge_role":"abutment"}},{"type":"Feature","id":"way/1526708769","geometry":{"type":"Polygon","coordinates":[[[4.7901222,44.1510073],[4.7901176,44.1509822],[4.7902358,44.1509636],[4.7902396,44.1509891],[4.7901222,44.1510073]]]},"properties":{"bridge:support":"abutment","osm_type":"way","osm_id":1526708769,"@id":"way/1526708769","bridge_role":"abutment"}},{"type":"Feature","id":"way/1526708770","geometry":{"type":"Polygon","coordinates":[[[4.7899918,44.1510284],[4.789984,44.1510271],[4.7899804,44.151011],[4.7899873,44.1510067],[4.7899938,44.1510086],[4.7899978,44.1510251],[4.7899918,44.1510284]]]},"properties":{"bridge:support":"pillar","panoramax":"c5156b19-637a-4ccb-af47-d2255a276499","osm_type":"way","osm_id":1526708770,"@id":"way/1526708770","bridge_role":"pillar"}},{"type":"Feature","id":"way/1526708771","geometry":{"type":"Polygon","coordinates":[[[4.7897927,44.1510586],[4.7897849,44.1510573],[4.7897814,44.1510412],[4.7897883,44.1510369],[4.7897947,44.1510388],[4.7897987,44.1510552],[4.7897927,44.1510586]]]},"properties":{"bridge:support":"pillar","osm_type":"way","osm_id":1526708771,"@id":"way/1526708771","bridge_role":"pillar"}},{"type":"Feature","id":"way/1526708772","geometry":{"type":"Polygon","coordinates":[[[4.7892168,44.1511477],[4.789209,44.1511464],[4.7892054,44.1511303],[4.7892123,44.151126],[4.7892188,44.1511279],[4.7892228,44.1511443],[4.7892168,44.1511477]]]},"properties":{"bridge:support":"pillar","panoramax":"a2b8b673-b58b-43c5-8e61-273ca3cc1329","osm_type":"way","osm_id":1526708772,"@id":"way/1526708772","bridge_role":"pillar"}},{"type":"Feature","id":"way/1526708773","geometry":{"type":"Polygon","coordinates":[[[4.7894496,44.1511098],[4.7894418,44.1511085],[4.7894383,44.1510924],[4.7894452,44.1510881],[4.7894516,44.15109],[4.7894556,44.1511064],[4.7894496,44.1511098]]]},"properties":{"bridge:support":"pillar","panoramax":"7a4d8b9a-e1f4-4030-9a3d-865233c06f52","osm_type":"way","osm_id":1526708773,"@id":"way/1526708773","bridge_role":"pillar"}},{"type":"Feature","id":"way/1526854952","geometry":{"type":"Polygon","coordinates":[[[4.8660404,44.0097558],[4.8660646,44.0097272],[4.8662,44.0097821],[4.8662709,44.0098091],[4.8663397,44.0098273],[4.866415,44.0098323],[4.866451,44.0098319],[4.8665058,44.0098257],[4.8665735,44.0098064],[4.866645,44.0097716],[4.8669078,44.0095961],[4.8669465,44.0096193],[4.866839,44.0096904],[4.8667509,44.0097484],[4.8666885,44.0097882],[4.8666219,44.0098253],[4.8665397,44.0098497],[4.8664811,44.0098609],[4.8663886,44.0098628],[4.8663166,44.0098512],[4.8661903,44.0098114],[4.8660404,44.0097558]]]},"properties":{"layer":"1","man_made":"bridge","osm_type":"way","osm_id":1526854952,"@id":"way/1526854952","bridge_role":"deck"}},{"type":"Feature","id":"way/1527285908","geometry":{"type":"Polygon","coordinates":[[[5.0627411,43.8009269],[5.0627589,43.8008569],[5.0628337,43.8008793],[5.0628212,43.8009545],[5.0627411,43.8009269]]]},"properties":{"layer":"1","man_made":"bridge","osm_type":"way","osm_id":1527285908,"@id":"way/1527285908","bridge_role":"deck"}},{"type":"Feature","id":"way/1528685063","geometry":{"type":"Polygon","coordinates":[[[4.9001185,44.0392234],[4.9001356,44.0392126],[4.9001398,44.0392064],[4.9001528,44.0391986],[4.9001545,44.0391873],[4.9002261,44.0391885],[4.9002239,44.0392016],[4.900243,44.039231],[4.9001185,44.0392234]]]},"properties":{"bridge:support":"abutment","osm_type":"way","osm_id":1528685063,"@id":"way/1528685063","bridge_role":"abutment"}},{"type":"Feature","id":"way/1528685064","geometry":{"type":"Polygon","coordinates":[[[4.9002172,44.0388714],[4.9002896,44.0388758],[4.9002947,44.0388563],[4.9003293,44.0388382],[4.9002082,44.0388303],[4.9002221,44.0388473],[4.9002172,44.0388714]]]},"properties":{"bridge:support":"abutment","osm_type":"way","osm_id":1528685064,"@id":"way/1528685064","bridge_role":"abutment"}},{"type":"Feature","id":"way/1528685065","geometry":{"type":"Polygon","coordinates":[[[4.9001675,44.0390991],[4.9002398,44.039109],[4.9002625,44.039097],[4.9002442,44.0390798],[4.9001718,44.0390737],[4.9001505,44.0390844],[4.9001675,44.0390991]]]},"properties":{"bridge:support":"pillar","osm_type":"way","osm_id":1528685065,"@id":"way/1528685065","bridge_role":"pillar"}},{"type":"Feature","id":"way/1528685067","geometry":{"type":"Polygon","coordinates":[[[4.9001929,44.0389566],[4.9002661,44.0389676],[4.9002912,44.0389538],[4.9002733,44.0389377],[4.9002047,44.0389326],[4.9001794,44.0389424],[4.9001929,44.0389566]]]},"properties":{"bridge:support":"pillar","osm_type":"way","osm_id":1528685067,"@id":"way/1528685067","bridge_role":"pillar"}},{"type":"Feature","id":"way/1528769282","geometry":{"type":"Polygon","coordinates":[[[4.8636462,44.1010446],[4.8636325,44.1010344],[4.8637208,44.1009735],[4.8637345,44.1009837],[4.8636462,44.1010446]]]},"properties":{"bridge:support":"pillar","osm_type":"way","osm_id":1528769282,"@id":"way/1528769282","bridge_role":"pillar"}},{"type":"Feature","id":"way/1528769283","geometry":{"type":"Polygon","coordinates":[[[4.8637802,44.1011523],[4.8637925,44.1011629],[4.863877,44.1011086],[4.8638665,44.1010998],[4.8637802,44.1011523]]]},"properties":{"bridge:support":"pillar","panoramax:E":"3f1ada60-8e08-455a-bc3a-604e5ca1730c","panoramax:S":"609741f6-9b77-4bf6-8bde-977ccedc88e7","osm_type":"way","osm_id":1528769283,"@id":"way/1528769283","bridge_role":"pillar"}},{"type":"Feature","id":"way/1528769284","geometry":{"type":"Polygon","coordinates":[[[4.8633921,44.1008413],[4.8634811,44.1007809],[4.8635359,44.1008226],[4.8634469,44.100883],[4.8633921,44.1008413]]]},"properties":{"bridge:support":"abutment","osm_type":"way","osm_id":1528769284,"@id":"way/1528769284","bridge_role":"abutment"}},{"type":"Feature","id":"way/1528769285","geometry":{"type":"Polygon","coordinates":[[[4.8639476,44.1012921],[4.8639366,44.1012831],[4.8640201,44.1012244],[4.8640311,44.1012343],[4.8639476,44.1012921]]]},"properties":{"bridge:support":"pillar","panoramax:S":"cd7075c6-d659-4cc3-9a7c-aa06d9c534f8","panoramax:SW":"1b267530-56af-40b3-9650-bb16dc505d9a","osm_type":"way","osm_id":1528769285,"@id":"way/1528769285","bridge_role":"pillar"}},{"type":"Feature","id":"way/1528769286","geometry":{"type":"Polygon","coordinates":[[[4.86351,44.100934],[4.8634987,44.1009249],[4.8635903,44.1008665],[4.8636011,44.1008753],[4.86351,44.100934]]]},"properties":{"bridge:support":"pillar","osm_type":"way","osm_id":1528769286,"@id":"way/1528769286","bridge_role":"pillar"}},{"type":"Feature","id":"way/1528769287","geometry":{"type":"Polygon","coordinates":[[[4.8639726,44.1013093],[4.8640563,44.1012525],[4.8641614,44.1013323],[4.8640781,44.1013865],[4.8639726,44.1013093]]]},"properties":{"bridge:support":"abutment","panoramax:W":"0d7442a6-310a-4d2a-abd2-57f1bf7eda6b","osm_type":"way","osm_id":1528769287,"@id":"way/1528769287","bridge_role":"abutment"}},{"type":"Feature","id":"way/1528889729","geometry":{"type":"Polygon","coordinates":[[[4.8931473,44.0413818],[4.8931412,44.041367],[4.8932797,44.0413375],[4.8932858,44.0413523],[4.8931473,44.0413818]]]},"properties":{"bridge:support":"pillar","osm_type":"way","osm_id":1528889729,"@id":"way/1528889729","bridge_role":"pillar"}},{"type":"Feature","id":"way/1528889730","geometry":{"type":"Polygon","coordinates":[[[4.8931669,44.0414364],[4.8931627,44.0414246],[4.8933013,44.0413889],[4.8933067,44.0414016],[4.8931669,44.0414364]]]},"properties":{"bridge:support":"pillar","osm_type":"way","osm_id":1528889730,"@id":"way/1528889730","bridge_role":"pillar"}},{"type":"Feature","id":"way/1528954560","geometry":{"type":"Polygon","coordinates":[[[5.4212421,43.8815529],[5.4212067,43.8814888],[5.4214471,43.8814199],[5.4214825,43.881484],[5.4212421,43.8815529]]]},"properties":{"layer":"1","man_made":"bridge","operator":"CD84","osm_type":"way","osm_id":1528954560,"@id":"way/1528954560","bridge_role":"deck"}},{"type":"Feature","id":"way/1528959577","geometry":{"type":"Polygon","coordinates":[[[5.2375186,43.8579842],[5.2375266,43.8579708],[5.2375838,43.857985],[5.2375762,43.8579978],[5.2375186,43.8579842]]]},"properties":{"bridge:support":"pillar","osm_type":"way","osm_id":1528959577,"@id":"way/1528959577","bridge_role":"pillar"}},{"type":"Feature","id":"way/1528959578","geometry":{"type":"Polygon","coordinates":[[[5.2375775,43.8578856],[5.2375854,43.8578726],[5.2376427,43.8578865],[5.2376346,43.8579001],[5.2375775,43.8578856]]]},"properties":{"bridge:support":"pillar","osm_type":"way","osm_id":1528959578,"@id":"way/1528959578","bridge_role":"pillar"}},{"type":"Feature","id":"way/1528959579","geometry":{"type":"Polygon","coordinates":[[[5.2374296,43.8581331],[5.2374673,43.85807],[5.2375249,43.8580836],[5.237485,43.8581503],[5.2374296,43.8581331]]]},"properties":{"bridge:support":"abutment","osm_type":"way","osm_id":1528959579,"@id":"way/1528959579","bridge_role":"abutment"}},{"type":"Feature","id":"way/1528959580","geometry":{"type":"Polygon","coordinates":[[[5.2376411,43.8577793],[5.237682,43.8577109],[5.2377374,43.8577281],[5.2376963,43.8577968],[5.2376411,43.8577793]]]},"properties":{"bridge:support":"abutment","osm_type":"way","osm_id":1528959580,"@id":"way/1528959580","bridge_role":"abutment"}},{"type":"Feature","id":"way/1529682493","geometry":{"type":"Polygon","coordinates":[[[4.7152714,44.2340768],[4.7152524,44.2340484],[4.7152342,44.2340211],[4.7154186,44.2339579],[4.715435,44.2339825],[4.7154558,44.2340136],[4.7152714,44.2340768]]]},"properties":{"layer":"1","man_made":"bridge","osm_type":"way","osm_id":1529682493,"@id":"way/1529682493","bridge_role":"deck"}},{"type":"Feature","id":"way/1529915376","geometry":{"type":"Polygon","coordinates":[[[4.7119986,44.2337311],[4.7121266,44.2337433],[4.7121601,44.2335931],[4.7120382,44.2335809],[4.7119986,44.2337311]]]},"properties":{"layer":"1","man_made":"bridge","osm_type":"way","osm_id":1529915376,"@id":"way/1529915376","bridge_role":"deck"}},{"type":"Feature","id":"way/1529917446","geometry":{"type":"Polygon","coordinates":[[[4.7496928,44.2384112],[4.7496911,44.2383118],[4.7497667,44.2383067],[4.7497622,44.2384119],[4.7496928,44.2384112]]]},"properties":{"layer":"1","man_made":"bridge","osm_type":"way","osm_id":1529917446,"@id":"way/1529917446","bridge_role":"deck"}},{"type":"Feature","id":"way/1530266493","geometry":{"type":"Polygon","coordinates":[[[5.3370951,44.1976676],[5.3370375,44.1976302],[5.3370848,44.1975789],[5.3371139,44.1975373],[5.3371241,44.1975042],[5.3371284,44.1974738],[5.3372036,44.1974711],[5.3371998,44.1975238],[5.3371784,44.1975805],[5.3371402,44.1976263],[5.3370951,44.1976676]]]},"properties":{"layer":"1","man_made":"bridge","osm_type":"way","osm_id":1530266493,"@id":"way/1530266493","bridge_role":"deck"}},{"type":"Feature","id":"way/1530266496","geometry":{"type":"Polygon","coordinates":[[[5.3743359,44.1881028],[5.3743402,44.1880446],[5.3742612,44.1880473],[5.3741671,44.1880284],[5.3740715,44.1880045],[5.3739586,44.187971],[5.3739183,44.1880215],[5.3740403,44.1880534],[5.3741682,44.1880881],[5.3742574,44.1881001],[5.3743359,44.1881028]]]},"properties":{"layer":"1","man_made":"bridge","osm_type":"way","osm_id":1530266496,"@id":"way/1530266496","bridge_role":"deck"}},{"type":"Feature","id":"way/1530266497","geometry":{"type":"Polygon","coordinates":[[[5.3770767,44.184823],[5.377021,44.1847791],[5.3770625,44.1847516],[5.3770963,44.1847296],[5.3771386,44.1846886],[5.3771684,44.1846537],[5.3772139,44.1846987],[5.3771794,44.1847437],[5.3771174,44.1847932],[5.3770767,44.184823]]]},"properties":{"layer":"1","man_made":"bridge","osm_type":"way","osm_id":1530266497,"@id":"way/1530266497","bridge_role":"deck"}},{"type":"Feature","id":"way/1530506973","geometry":{"type":"Polygon","coordinates":[[[4.9819342,44.3498498],[4.9819593,44.349732],[4.9820267,44.3497315],[4.9820016,44.3498532],[4.9819342,44.3498498]]]},"properties":{"layer":"1","man_made":"bridge","osm_type":"way","osm_id":1530506973,"@id":"way/1530506973","bridge_role":"deck"}},{"type":"Feature","id":"way/1530506984","geometry":{"type":"Polygon","coordinates":[[[4.9922853,44.3266928],[4.9922279,44.3265775],[4.9922901,44.3265616],[4.9923475,44.326677],[4.9922853,44.3266928]]]},"properties":{"layer":"1","man_made":"bridge","osm_type":"way","osm_id":1530506984,"@id":"way/1530506984","bridge_role":"deck"}},{"type":"Feature","id":"way/1530780112","geometry":{"type":"Polygon","coordinates":[[[5.0204787,44.0875229],[5.0205641,44.0875355],[5.020703,44.0871417],[5.020621,44.087126],[5.0204787,44.0875229]]]},"properties":{"layer":"1","man_made":"bridge","osm_type":"way","osm_id":1530780112,"@id":"way/1530780112","bridge_role":"deck"}},{"type":"Feature","id":"way/1530857364","geometry":{"type":"Polygon","coordinates":[[[4.7758268,44.0793145],[4.7758661,44.0792131],[4.7761127,44.0793957],[4.7760356,44.0794798],[4.7758268,44.0793145]]]},"properties":{"layer":"1","man_made":"bridge","osm_type":"way","osm_id":1530857364,"@id":"way/1530857364","bridge_role":"deck"}},{"type":"Feature","id":"way/1531397554","geometry":{"type":"Polygon","coordinates":[[[5.3459315,43.9200487],[5.3459773,43.9199904],[5.3460299,43.9200118],[5.345984,43.9200702],[5.3459315,43.9200487]]]},"properties":{"layer":"1","man_made":"bridge","osm_type":"way","osm_id":1531397554,"@id":"way/1531397554","bridge_role":"deck"}},{"type":"Feature","id":"way/1533821605","geometry":{"type":"Polygon","coordinates":[[[5.4430896,44.0819869],[5.443055,44.0819191],[5.44326,44.0818652],[5.4432946,44.081933],[5.4430896,44.0819869]]]},"properties":{"layer":"1","man_made":"bridge","osm_type":"way","osm_id":1533821605,"@id":"way/1533821605","bridge_role":"deck"}},{"type":"Feature","id":"way/1533821607","geometry":{"type":"Polygon","coordinates":[[[5.4263195,44.0852922],[5.4263147,44.0852306],[5.4265507,44.0852514],[5.42654,44.0853073],[5.4263195,44.0852922]]]},"properties":{"layer":"1","man_made":"bridge","osm_type":"way","osm_id":1533821607,"@id":"way/1533821607","bridge_role":"deck"}},{"type":"Feature","id":"way/1533870747","geometry":{"type":"Polygon","coordinates":[[[4.6829244,44.27518],[4.6828357,44.2748155],[4.6829338,44.2748206],[4.6830213,44.2751967],[4.6829244,44.27518]]]},"properties":{"layer":"1","man_made":"bridge","osm_type":"way","osm_id":1533870747,"@id":"way/1533870747","bridge_role":"deck"}},{"type":"Feature","id":"way/1533913272","geometry":{"type":"Polygon","coordinates":[[[4.7597227,44.1725439],[4.7597743,44.1724597],[4.7599104,44.1724613],[4.7598621,44.1725452],[4.7597227,44.1725439]]]},"properties":{"bridge:support":"abutment","osm_type":"way","osm_id":1533913272,"@id":"way/1533913272","bridge_role":"abutment"}},{"type":"Feature","id":"way/1533913273","geometry":{"type":"Polygon","coordinates":[[[4.7590202,44.1725379],[4.7590655,44.1724555],[4.7591909,44.1724563],[4.7591461,44.172539],[4.7590202,44.1725379]]]},"properties":{"bridge:support":"abutment","osm_type":"way","osm_id":1533913273,"@id":"way/1533913273","bridge_role":"abutment"}},{"type":"Feature","id":"way/1533913274","geometry":{"type":"Polygon","coordinates":[[[4.7594372,44.1725415],[4.7594561,44.1725416],[4.7595064,44.1724581],[4.7594881,44.172458],[4.7594372,44.1725415]]]},"properties":{"bridge:support":"pillar","osm_type":"way","osm_id":1533913274,"@id":"way/1533913274","bridge_role":"pillar"}},{"type":"Feature","id":"way/1533913275","geometry":{"type":"Polygon","coordinates":[[[4.7592025,44.1725395],[4.7592183,44.1725396],[4.7592696,44.1724567],[4.7592508,44.1724566],[4.7592025,44.1725395]]]},"properties":{"bridge:support":"pillar","osm_type":"way","osm_id":1533913275,"@id":"way/1533913275","bridge_role":"pillar"}},{"type":"Feature","id":"way/1533913276","geometry":{"type":"Polygon","coordinates":[[[4.7596619,44.1725434],[4.7596822,44.1725436],[4.7597447,44.1724596],[4.7597213,44.1724594],[4.7596619,44.1725434]]]},"properties":{"bridge:support":"pillar","osm_type":"way","osm_id":1533913276,"@id":"way/1533913276","bridge_role":"pillar"}},{"type":"Feature","id":"way/1534303348","geometry":{"type":"Polygon","coordinates":[[[4.8928266,44.3633131],[4.8928034,44.3632696],[4.8929154,44.363239],[4.8929386,44.3632825],[4.8928266,44.3633131]]]},"properties":{"layer":"1","man_made":"bridge","osm_type":"way","osm_id":1534303348,"@id":"way/1534303348","bridge_role":"deck"}},{"type":"Feature","id":"way/1534321200","geometry":{"type":"Polygon","coordinates":[[[4.8006448,44.2361004],[4.800575,44.2360677],[4.8007001,44.2359637],[4.8007638,44.2360014],[4.8006448,44.2361004]]]},"properties":{"layer":"1","man_made":"bridge","osm_type":"way","osm_id":1534321200,"@id":"way/1534321200","bridge_role":"deck"}},{"type":"Feature","id":"way/1534475498","geometry":{"type":"Polygon","coordinates":[[[5.278805,44.2093884],[5.2788777,44.2089992],[5.2789904,44.2089884],[5.2789178,44.209383],[5.278805,44.2093884]]]},"properties":{"layer":"1","man_made":"bridge","osm_type":"way","osm_id":1534475498,"@id":"way/1534475498","bridge_role":"deck"}},{"type":"Feature","id":"way/1534475499","geometry":{"type":"Polygon","coordinates":[[[5.3018206,44.1994669],[5.301788,44.1994016],[5.30191,44.1993663],[5.302042,44.1993346],[5.302143,44.1993136],[5.3022257,44.199301],[5.3022508,44.1993705],[5.3021105,44.1993963],[5.3019434,44.1994316],[5.3018206,44.1994669]]]},"properties":{"layer":"1","man_made":"bridge","osm_type":"way","osm_id":1534475499,"@id":"way/1534475499","bridge_role":"deck"}},{"type":"Feature","id":"way/1534475502","geometry":{"type":"Polygon","coordinates":[[[5.3189986,44.1950701],[5.3189816,44.195015],[5.3190724,44.1950017],[5.3190928,44.195055],[5.3189986,44.1950701]]]},"properties":{"layer":"1","man_made":"bridge","osm_type":"way","osm_id":1534475502,"@id":"way/1534475502","bridge_role":"deck"}},{"type":"Feature","id":"way/1534475506","geometry":{"type":"Polygon","coordinates":[[[5.3337599,44.1907939],[5.3337387,44.1907397],[5.3339248,44.1906827],[5.3339534,44.1907377],[5.3337599,44.1907939]]]},"properties":{"layer":"1","man_made":"bridge","osm_type":"way","osm_id":1534475506,"@id":"way/1534475506","bridge_role":"deck"}},{"type":"Feature","id":"way/1536149600","geometry":{"type":"Polygon","coordinates":[[[4.9478229,43.9622333],[4.9478752,43.9621631],[4.9482058,43.9622906],[4.9481535,43.9623609],[4.9478229,43.9622333]]]},"properties":{"layer":"1","man_made":"bridge","osm_type":"way","osm_id":1536149600,"@id":"way/1536149600","bridge_role":"deck"}},{"type":"Feature","id":"way/1541028339","geometry":{"type":"Polygon","coordinates":[[[5.4470226,43.8803596],[5.4469566,43.8802574],[5.4470282,43.8802334],[5.4470942,43.8803356],[5.4470226,43.8803596]]]},"properties":{"layer":"1","man_made":"bridge","operator":"CD84","osm_type":"way","osm_id":1541028339,"@id":"way/1541028339","bridge_role":"deck"}},{"type":"Feature","id":"way/1541251901","geometry":{"type":"Polygon","coordinates":[[[4.7866326,44.0901644],[4.7866149,44.0901218],[4.7866666,44.0901198],[4.7867341,44.0901041],[4.7867945,44.0900834],[4.7868122,44.090119],[4.7866326,44.0901644]]]},"properties":{"layer":"1","man_made":"bridge","osm_type":"way","osm_id":1541251901,"@id":"way/1541251901","bridge_role":"deck"}},{"type":"Feature","id":"way/1541251902","geometry":{"type":"Polygon","coordinates":[[[4.7873931,44.0901819],[4.7873719,44.0901298],[4.7875984,44.090133],[4.7875873,44.0901679],[4.7875971,44.0901962],[4.7873931,44.0901819]]]},"properties":{"layer":"1","man_made":"bridge","osm_type":"way","osm_id":1541251902,"@id":"way/1541251902","bridge_role":"deck"}},{"type":"Feature","id":"way/1541251903","geometry":{"type":"Polygon","coordinates":[[[4.8053159,44.0955236],[4.8053434,44.0954456],[4.8053892,44.095446],[4.8053641,44.0955213],[4.8053159,44.0955236]]]},"properties":{"layer":"1","man_made":"bridge","osm_type":"way","osm_id":1541251903,"@id":"way/1541251903","bridge_role":"deck"}},{"type":"Feature","id":"way/1541326409","geometry":{"type":"Polygon","coordinates":[[[5.2986268,43.9237062],[5.2986849,43.9236133],[5.2987789,43.9236438],[5.2987209,43.9237367],[5.2986268,43.9237062]]]},"properties":{"layer":"1","man_made":"bridge","osm_type":"way","osm_id":1541326409,"@id":"way/1541326409","bridge_role":"deck"}},{"type":"Feature","id":"way/1541326411","geometry":{"type":"Polygon","coordinates":[[[5.2837345,43.9322581],[5.2837045,43.9322087],[5.2840989,43.9321005],[5.2841312,43.9321527],[5.2837345,43.9322581]]]},"properties":{"layer":"1","man_made":"bridge","operator":"CD84","osm_type":"way","osm_id":1541326411,"@id":"way/1541326411","bridge_role":"deck"}},{"type":"Feature","id":"way/1541326426","geometry":{"type":"Polygon","coordinates":[[[5.1443854,44.0006342],[5.1443773,44.0005758],[5.1444853,44.0005744],[5.144486,44.0006371],[5.1443854,44.0006342]]]},"properties":{"layer":"1","man_made":"bridge","osm_type":"way","osm_id":1541326426,"@id":"way/1541326426","bridge_role":"deck"}},{"type":"Feature","id":"way/1542821045","geometry":{"type":"Polygon","coordinates":[[[4.8375244,44.1266482],[4.8375639,44.126522],[4.837881,44.1265105],[4.8378495,44.1266371],[4.8375244,44.1266482]]]},"properties":{"layer":"1","man_made":"bridge","osm_type":"way","osm_id":1542821045,"@id":"way/1542821045","bridge_role":"deck"}},{"type":"Feature","id":"way/1542915081","geometry":{"type":"Polygon","coordinates":[[[5.0341501,44.1217247],[5.0341266,44.1216354],[5.0341943,44.1216239],[5.0342268,44.1217088],[5.0341501,44.1217247]]]},"properties":{"layer":"1","man_made":"bridge","osm_type":"way","osm_id":1542915081,"@id":"way/1542915081","bridge_role":"deck"}},{"type":"Feature","id":"way/1542984093","geometry":{"type":"Polygon","coordinates":[[[5.0940032,44.1163269],[5.0939821,44.1162611],[5.0941327,44.1161428],[5.094157,44.1162104],[5.0940032,44.1163269]]]},"properties":{"layer":"1","man_made":"bridge","osm_type":"way","osm_id":1542984093,"@id":"way/1542984093","bridge_role":"deck"}},{"type":"Feature","id":"way/1542988303","geometry":{"type":"Polygon","coordinates":[[[5.1026792,44.1131386],[5.1026405,44.1130721],[5.1027753,44.113018],[5.1027954,44.1130855],[5.1026792,44.1131386]]]},"properties":{"layer":"1","man_made":"bridge","operator":"CD84","osm_type":"way","osm_id":1542988303,"@id":"way/1542988303","bridge_role":"deck"}},{"type":"Feature","id":"way/1544093174","geometry":{"type":"Polygon","coordinates":[[[5.2946385,44.0152148],[5.29459,44.0151864],[5.2946212,44.0151598],[5.2946425,44.0151253],[5.2946541,44.0151006],[5.294659,44.0150786],[5.2947284,44.0150885],[5.2947177,44.0151259],[5.2946866,44.0151777],[5.2946626,44.0151995],[5.2946385,44.0152148]]]},"properties":{"layer":"1","man_made":"bridge","operator":"CD84","osm_type":"way","osm_id":1544093174,"@id":"way/1544093174","bridge_role":"deck"}},{"type":"Feature","id":"way/1544190211","geometry":{"type":"Polygon","coordinates":[[[5.2047904,44.0109381],[5.2047939,44.0108804],[5.2052357,44.0108788],[5.2052254,44.0109356],[5.2047904,44.0109381]]]},"properties":{"layer":"1","man_made":"bridge","operator":"CD84","osm_type":"way","osm_id":1544190211,"@id":"way/1544190211","bridge_role":"deck"}},{"type":"Feature","id":"way/1544190219","geometry":{"type":"Polygon","coordinates":[[[5.1779868,44.0097402],[5.1779499,44.0097114],[5.1781068,44.0095963],[5.178157,44.009633],[5.1779868,44.0097402]]]},"properties":{"layer":"1","man_made":"bridge","operator":"CD84","osm_type":"way","osm_id":1544190219,"@id":"way/1544190219","bridge_role":"deck"}},{"type":"Feature","id":"way/1544557494","geometry":{"type":"Polygon","coordinates":[[[5.5115201,43.8961148],[5.5115152,43.8960621],[5.5117662,43.8960443],[5.5117624,43.8960997],[5.5115201,43.8961148]]]},"properties":{"layer":"1","man_made":"bridge","operator":"CD84","osm_type":"way","osm_id":1544557494,"@id":"way/1544557494","bridge_role":"deck"}},{"type":"Feature","id":"way/1544879668","geometry":{"type":"Polygon","coordinates":[[[5.2812706,43.9021085],[5.2813011,43.902072],[5.2814413,43.902123],[5.2815047,43.9021542],[5.2814681,43.9021867],[5.2814108,43.9021577],[5.2812706,43.9021085]]]},"properties":{"layer":"1","man_made":"bridge","osm_type":"way","osm_id":1544879668,"@id":"way/1544879668","bridge_role":"deck"}},{"type":"Feature","id":"way/1544879670","geometry":{"type":"Polygon","coordinates":[[[5.2616228,43.9035693],[5.2615557,43.9034842],[5.2616095,43.9034622],[5.2616765,43.9035474],[5.2616228,43.9035693]]]},"properties":{"layer":"1","man_made":"bridge","osm_type":"way","osm_id":1544879670,"@id":"way/1544879670","bridge_role":"deck"}},{"type":"Feature","id":"way/1545037413","geometry":{"type":"Polygon","coordinates":[[[5.0113306,43.9930048],[5.0113282,43.99281],[5.0114883,43.9928334],[5.0114786,43.9930183],[5.0113306,43.9930048]]]},"properties":{"layer":"1","man_made":"bridge","osm_type":"way","osm_id":1545037413,"@id":"way/1545037413","bridge_role":"deck"}},{"type":"Feature","id":"way/1545067830","geometry":{"type":"Polygon","coordinates":[[[5.1050033,43.9204566],[5.1049864,43.9203393],[5.1051619,43.9203067],[5.105118,43.9204484],[5.1050033,43.9204566]]]},"properties":{"layer":"1","man_made":"bridge","osm_type":"way","osm_id":1545067830,"@id":"way/1545067830","bridge_role":"deck"}},{"type":"Feature","id":"way/1546120928","geometry":{"type":"Polygon","coordinates":[[[5.422961,43.8396101],[5.4229255,43.8395322],[5.4229018,43.8394873],[5.4229712,43.8394663],[5.4230271,43.8395962],[5.422961,43.8396101]]]},"properties":{"layer":"1","man_made":"bridge","operator":"CD84","osm_type":"way","osm_id":1546120928,"@id":"way/1546120928","bridge_role":"deck"}},{"type":"Feature","id":"way/1547210975","geometry":{"type":"Polygon","coordinates":[[[5.1930339,43.9132297],[5.1930211,43.913195],[5.1933551,43.9131308],[5.193368,43.9131655],[5.1930339,43.9132297]]]},"properties":{"layer":"1","man_made":"bridge","osm_type":"way","osm_id":1547210975,"@id":"way/1547210975","bridge_role":"deck"}},{"type":"Feature","id":"way/1547240584","geometry":{"type":"Polygon","coordinates":[[[4.948501,43.9342906],[4.9484848,43.9342501],[4.9488584,43.9340293],[4.9488799,43.9340698],[4.948501,43.9342906]]]},"properties":{"layer":"1","man_made":"bridge","osm_type":"way","osm_id":1547240584,"@id":"way/1547240584","bridge_role":"deck"}},{"type":"Feature","id":"way/1547240585","geometry":{"type":"Polygon","coordinates":[[[4.9490296,43.9377326],[4.949053,43.9376969],[4.9491767,43.9377461],[4.9491575,43.9377806],[4.9490296,43.9377326]]]},"properties":{"layer":"1","man_made":"bridge","osm_type":"way","osm_id":1547240585,"@id":"way/1547240585","bridge_role":"deck"}},{"type":"Feature","id":"way/1547248904","geometry":{"type":"Polygon","coordinates":[[[5.3294759,43.8371101],[5.3294135,43.8370351],[5.3294446,43.8370194],[5.3294751,43.837004],[5.3295413,43.8370812],[5.3295119,43.8370942],[5.3294759,43.8371101]]]},"properties":{"layer":"1","man_made":"bridge","osm_type":"way","osm_id":1547248904,"@id":"way/1547248904","bridge_role":"deck"}},{"type":"Feature","id":"way/1547648236","geometry":{"type":"Polygon","coordinates":[[[5.3334824,43.9641374],[5.3334859,43.964075],[5.3336487,43.9641176],[5.3338018,43.9641514],[5.3339283,43.9641718],[5.3340885,43.9641896],[5.3341318,43.9641851],[5.3340867,43.9642361],[5.334031,43.9642354],[5.333877,43.9642151],[5.3336469,43.9641737],[5.3334824,43.9641374]]]},"properties":{"layer":"1","man_made":"bridge","osm_type":"way","osm_id":1547648236,"@id":"way/1547648236","bridge_role":"deck"}},{"type":"Feature","id":"way/1547648237","geometry":{"type":"Polygon","coordinates":[[[5.3348043,43.9639735],[5.3348114,43.9639105],[5.334912,43.9639193],[5.3350553,43.9639479],[5.3351986,43.9639676],[5.335342,43.9639874],[5.3354263,43.9640035],[5.3355401,43.9640035],[5.3356326,43.9639852],[5.3355066,43.9640539],[5.3353938,43.964043],[5.3351417,43.964013],[5.3349283,43.96398],[5.3348043,43.9639735]]]},"properties":{"layer":"1","man_made":"bridge","operator":"CD84","osm_type":"way","osm_id":1547648237,"@id":"way/1547648237","bridge_role":"deck"}},{"type":"Feature","id":"way/1547669239","geometry":{"type":"Polygon","coordinates":[[[5.3656089,43.9467707],[5.3656109,43.9467157],[5.3659932,43.946721],[5.3659972,43.9467736],[5.3656089,43.9467707]]]},"properties":{"layer":"1","man_made":"bridge","operator":"CD84","osm_type":"way","osm_id":1547669239,"@id":"way/1547669239","bridge_role":"deck"}},{"type":"Feature","id":"way/1547669240","geometry":{"type":"Polygon","coordinates":[[[5.3747877,43.944442],[5.3747569,43.9444079],[5.3748879,43.9443621],[5.3749117,43.9443981],[5.3747877,43.944442]]]},"properties":{"layer":"1","man_made":"bridge","operator":"CD84","osm_type":"way","osm_id":1547669240,"@id":"way/1547669240","bridge_role":"deck"}},{"type":"Feature","id":"way/1547728898","geometry":{"type":"Polygon","coordinates":[[[5.38211,43.8924916],[5.3820939,43.8924364],[5.3821348,43.8924298],[5.3821713,43.8924239],[5.3821867,43.8924824],[5.38215,43.8924868],[5.38211,43.8924916]]]},"properties":{"layer":"1","man_made":"bridge","operator":"CD84","osm_type":"way","osm_id":1547728898,"@id":"way/1547728898","bridge_role":"deck"}},{"type":"Feature","id":"way/1547728907","geometry":{"type":"Polygon","coordinates":[[[5.3687491,43.8795554],[5.3688263,43.8794611],[5.3688923,43.8794848],[5.3689476,43.8795046],[5.3688759,43.8796032],[5.3688166,43.8795809],[5.3687491,43.8795554]]]},"properties":{"layer":"1","man_made":"bridge","operator":"CD84","osm_type":"way","osm_id":1547728907,"@id":"way/1547728907","bridge_role":"deck"}},{"type":"Feature","id":"way/1547728914","geometry":{"type":"Polygon","coordinates":[[[5.3548067,43.8445437],[5.3547974,43.8445054],[5.3547822,43.8444805],[5.3547559,43.8444574],[5.3547268,43.8444401],[5.3547822,43.844385],[5.3548283,43.8444182],[5.3548628,43.8444553],[5.3548861,43.8444919],[5.3548067,43.8445437]]]},"properties":{"layer":"1","man_made":"bridge","operator":"CD84","osm_type":"way","osm_id":1547728914,"@id":"way/1547728914","bridge_role":"deck"}},{"type":"Feature","id":"way/1547728922","geometry":{"type":"Polygon","coordinates":[[[5.3415563,43.8104972],[5.3415068,43.8104749],[5.3414714,43.8104404],[5.3414457,43.8104129],[5.3414218,43.8103676],[5.3414174,43.8103274],[5.3415006,43.8103127],[5.3415015,43.8103523],[5.3415227,43.8103842],[5.3415625,43.8104231],[5.341605,43.810448],[5.3415563,43.8104972]]]},"properties":{"layer":"1","man_made":"bridge","operator":"CD84","osm_type":"way","osm_id":1547728922,"@id":"way/1547728922","bridge_role":"deck"}},{"type":"Feature","id":"way/1547728923","geometry":{"type":"Polygon","coordinates":[[[5.3420359,43.8094098],[5.3419987,43.8093613],[5.3421686,43.8092853],[5.3421978,43.8093466],[5.3420359,43.8094098]]]},"properties":{"layer":"1","man_made":"bridge","operator":"CD84","osm_type":"way","osm_id":1547728923,"@id":"way/1547728923","bridge_role":"deck"}}],"_cache":{"generated_at":"2026-08-10T04:58:56.716871+00:00","endpoint":"https://overpass-api.de/api/interpreter","user_agent":"dataroads-FR84/0.12.1 (https://github.com/thepriben/dataroads-FR84)","source_format":"overpass-json","source_elements":918}}
