{"type":"FeatureCollection","features":[{"type":"Feature","id":"node/14840355","geometry":{"type":"Point","coordinates":[4.6823614,44.2659601]},"properties":{"name":"Lamotte-du-Rh\u00f4ne","traffic_sign":"city_limit","osm_id":14840355,"@id":"node/14840355"}},{"type":"Feature","id":"node/14842767","geometry":{"type":"Point","coordinates":[4.7412214,44.2858346]},"properties":{"name":"Boll\u00e8ne","traffic_sign":"city_limit","osm_id":14842767,"@id":"node/14842767"}},{"type":"Feature","id":"node/79153515","geometry":{"type":"Point","coordinates":[5.1968538,43.9047007]},"properties":{"name":"Gordes","traffic_sign":"city_limit","osm_id":79153515,"@id":"node/79153515"}},{"type":"Feature","id":"node/82797858","geometry":{"type":"Point","coordinates":[5.0651503,44.0779788]},"properties":{"name":"Hameau de Serres","traffic_sign":"city_limit","osm_id":82797858,"@id":"node/82797858"}},{"type":"Feature","id":"node/138018259","geometry":{"type":"Point","coordinates":[5.025596,43.9204655]},"properties":{"name":"L'Isle-sur-la-Sorgue","traffic_sign":"city_limit","osm_id":138018259,"@id":"node/138018259"}},{"type":"Feature","id":"node/249604659","geometry":{"type":"Point","coordinates":[4.8906961,43.941846]},"properties":{"name":"Mori\u00e8res-l\u00e8s-Avignon","traffic_sign":"city_limit","osm_id":249604659,"@id":"node/249604659"}},{"type":"Feature","id":"node/249605516","geometry":{"type":"Point","coordinates":[4.9477408,43.903776]},"properties":{"name":"Caumont-sur-Durance","traffic_sign":"city_limit","osm_id":249605516,"@id":"node/249605516"}},{"type":"Feature","id":"node/253238959","geometry":{"type":"Point","coordinates":[4.9872272,43.951603]},"properties":{"city_limit":"both","name":"Le Thor","traffic_sign":"city_limit","osm_id":253238959,"@id":"node/253238959"}},{"type":"Feature","id":"node/265733141","geometry":{"type":"Point","coordinates":[5.5653193,43.7017568]},"properties":{"direction":"forward","name":"La Bastidonne","traffic_sign":"city_limit","osm_id":265733141,"@id":"node/265733141"}},{"type":"Feature","id":"node/265733199","geometry":{"type":"Point","coordinates":[5.524976,43.6883588]},"properties":{"name":"Pertuis","traffic_sign":"city_limit","osm_id":265733199,"@id":"node/265733199"}},{"type":"Feature","id":"node/265784927","geometry":{"type":"Point","coordinates":[5.524998,43.7730367]},"properties":{"name":"La Motte-d'Aigues","traffic_sign":"city_limit","osm_id":265784927,"@id":"node/265784927"}},{"type":"Feature","id":"node/266041487","geometry":{"type":"Point","coordinates":[5.4971897,43.6712758]},"properties":{"name":"Pertuis","traffic_sign":"city_limit","osm_id":266041487,"@id":"node/266041487"}},{"type":"Feature","id":"node/266404698","geometry":{"type":"Point","coordinates":[5.3583791,43.7595121]},"properties":{"name":"Lourmarin","traffic_sign":"city_limit","osm_id":266404698,"@id":"node/266404698"}},{"type":"Feature","id":"node/266404735","geometry":{"type":"Point","coordinates":[5.3211669,43.7491947]},"properties":{"name":"Lauris","traffic_sign":"city_limit","osm_id":266404735,"@id":"node/266404735"}},{"type":"Feature","id":"node/266406012","geometry":{"type":"Point","coordinates":[5.5199731,43.6833811]},"properties":{"name":"Pertuis","traffic_sign":"city_limit","osm_id":266406012,"@id":"node/266406012"}},{"type":"Feature","id":"node/266407270","geometry":{"type":"Point","coordinates":[5.2109677,43.7544408]},"properties":{"name":"M\u00e9rindol","traffic_sign":"city_limit","osm_id":266407270,"@id":"node/266407270"}},{"type":"Feature","id":"node/266719075","geometry":{"type":"Point","coordinates":[5.0692312,43.9243145]},"properties":{"name":"L'Isle-sur-la-Sorgue","traffic_sign":"city_limit","osm_id":266719075,"@id":"node/266719075"}},{"type":"Feature","id":"node/266816562","geometry":{"type":"Point","coordinates":[5.6425821,43.7864583]},"properties":{"name":"La Bastide-des-Jourdans","traffic_sign":"city_limit","osm_id":266816562,"@id":"node/266816562"}},{"type":"Feature","id":"node/267186732","geometry":{"type":"Point","coordinates":[5.5150241,43.6982507]},"properties":{"name":"Pertuis","traffic_sign":"city_limit","osm_id":267186732,"@id":"node/267186732"}},{"type":"Feature","id":"node/268154032","geometry":{"type":"Point","coordinates":[5.5054331,43.7106492]},"properties":{"name":"Pertuis","traffic_sign":"city_limit","osm_id":268154032,"@id":"node/268154032"}},{"type":"Feature","id":"node/268154144","geometry":{"type":"Point","coordinates":[5.5083648,43.7031209]},"properties":{"name":"Pertuis","traffic_sign":"city_limit","osm_id":268154144,"@id":"node/268154144"}},{"type":"Feature","id":"node/268154450","geometry":{"type":"Point","coordinates":[5.5637531,43.7008889]},"properties":{"name":"La Bastidonne","traffic_sign":"city_limit","osm_id":268154450,"@id":"node/268154450"}},{"type":"Feature","id":"node/271807359","geometry":{"type":"Point","coordinates":[5.6325688,43.787029]},"properties":{"name":"La Bastide-des-Jourdans","traffic_sign":"city_limit","osm_id":271807359,"@id":"node/271807359"}},{"type":"Feature","id":"node/274390117","geometry":{"type":"Point","coordinates":[5.5947976,43.8125125]},"properties":{"name":"Vitrolles-en-Luberon","traffic_sign":"city_limit","osm_id":274390117,"@id":"node/274390117"}},{"type":"Feature","id":"node/277264935","geometry":{"type":"Point","coordinates":[4.8838413,44.2529411]},"properties":{"name":"Sainte-C\u00e9cile-les-Vignes","traffic_sign":"city_limit","osm_id":277264935,"@id":"node/277264935"}},{"type":"Feature","id":"node/281388860","geometry":{"type":"Point","coordinates":[5.4071028,44.0923505]},"properties":{"name":"Sault","traffic_sign":"city_limit","osm_id":281388860,"@id":"node/281388860"}},{"type":"Feature","id":"node/281388944","geometry":{"type":"Point","coordinates":[5.411729,44.0887446]},"properties":{"name":"Sault","traffic_sign":"city_limit","osm_id":281388944,"@id":"node/281388944"}},{"type":"Feature","id":"node/292078782","geometry":{"type":"Point","coordinates":[5.5659572,43.8938248]},"properties":{"name":"Viens","traffic_sign":"city_limit","osm_id":292078782,"@id":"node/292078782"}},{"type":"Feature","id":"node/296659253","geometry":{"type":"Point","coordinates":[5.6510994,43.7064692]},"properties":{"name":"Mirabeau","traffic_sign":"city_limit","osm_id":296659253,"@id":"node/296659253"}},{"type":"Feature","id":"node/296659620","geometry":{"type":"Point","coordinates":[5.6676994,43.7025806]},"properties":{"name":"Mirabeau","traffic_sign":"city_limit","osm_id":296659620,"@id":"node/296659620"}},{"type":"Feature","id":"node/297374890","geometry":{"type":"Point","coordinates":[5.5399749,43.7196044]},"properties":{"name":"La Tour-d'Aigues","traffic_sign":"city_limit","osm_id":297374890,"@id":"node/297374890"}},{"type":"Feature","id":"node/301282028","geometry":{"type":"Point","coordinates":[5.529135,43.6958678]},"properties":{"name":"Pertuis","traffic_sign":"city_limit","osm_id":301282028,"@id":"node/301282028"}},{"type":"Feature","id":"node/301282874","geometry":{"type":"Point","coordinates":[5.476812,43.6981566]},"properties":{"name":"Pertuis","traffic_sign":"city_limit","osm_id":301282874,"@id":"node/301282874"}},{"type":"Feature","id":"node/301283103","geometry":{"type":"Point","coordinates":[5.4413489,43.7068303]},"properties":{"name":"Villelaure","traffic_sign":"city_limit","osm_id":301283103,"@id":"node/301283103"}},{"type":"Feature","id":"node/301283656","geometry":{"type":"Point","coordinates":[5.3808799,43.7310102]},"properties":{"name":"Cadenet","traffic_sign":"city_limit","osm_id":301283656,"@id":"node/301283656"}},{"type":"Feature","id":"node/301283658","geometry":{"type":"Point","coordinates":[5.371564,43.7288232]},"properties":{"name":"Cadenet","traffic_sign":"city_limit","osm_id":301283658,"@id":"node/301283658"}},{"type":"Feature","id":"node/301283922","geometry":{"type":"Point","coordinates":[5.2104348,43.7520174]},"properties":{"name":"M\u00e9rindol","traffic_sign":"city_limit","osm_id":301283922,"@id":"node/301283922"}},{"type":"Feature","id":"node/304890653","geometry":{"type":"Point","coordinates":[5.4466316,43.7051281]},"properties":{"name":"Villelaure","traffic_sign":"city_limit","osm_id":304890653,"@id":"node/304890653"}},{"type":"Feature","id":"node/305544322","geometry":{"type":"Point","coordinates":[5.2086974,43.8311561]},"properties":{"name":"M\u00e9nerbes","traffic_sign":"city_limit","osm_id":305544322,"@id":"node/305544322"}},{"type":"Feature","id":"node/306424765","geometry":{"type":"Point","coordinates":[5.4288941,43.7163235]},"properties":{"name":"Villelaure","traffic_sign":"city_limit","osm_id":306424765,"@id":"node/306424765"}},{"type":"Feature","id":"node/309882273","geometry":{"type":"Point","coordinates":[5.3626811,43.9040654]},"properties":{"name":"Gargas","traffic_sign":"city_limit","osm_id":309882273,"@id":"node/309882273"}},{"type":"Feature","id":"node/312385992","geometry":{"type":"Point","coordinates":[4.9081825,44.3610828]},"properties":{"name":"Richerenches","traffic_sign":"city_limit","osm_id":312385992,"@id":"node/312385992"}},{"type":"Feature","id":"node/313091937","geometry":{"type":"Point","coordinates":[5.0139241,43.8579503]},"properties":{"name":"Cavaillon","traffic_sign":"city_limit","traffic_sign:direction":"299","osm_id":313091937,"@id":"node/313091937"}},{"type":"Feature","id":"node/313631752","geometry":{"type":"Point","coordinates":[5.1082533,43.9112696]},"properties":{"name":"Fontaine de Vaucluse","traffic_sign":"city_limit","osm_id":313631752,"@id":"node/313631752"}},{"type":"Feature","id":"node/348056804","geometry":{"type":"Point","coordinates":[5.3656105,43.7583161]},"properties":{"name":"Lourmarin","traffic_sign":"city_limit","osm_id":348056804,"@id":"node/348056804"}},{"type":"Feature","id":"node/368373677","geometry":{"type":"Point","coordinates":[5.302898,43.82605]},"properties":{"name":"Bonnieux","traffic_sign":"city_limit","osm_id":368373677,"@id":"node/368373677"}},{"type":"Feature","id":"node/387501030","geometry":{"type":"Point","coordinates":[5.0524007,44.1494083]},"properties":{"name":"Lafare","traffic_sign":"city_limit","osm_id":387501030,"@id":"node/387501030"}},{"type":"Feature","id":"node/406889372","geometry":{"type":"Point","coordinates":[5.3627905,43.7364828]},"properties":{"name":"Cadenet","traffic_sign":"city_limit","osm_id":406889372,"@id":"node/406889372"}},{"type":"Feature","id":"node/412320884","geometry":{"type":"Point","coordinates":[5.2740872,44.2127357]},"properties":{"name":"Saint-L\u00e9ger-du-Ventoux","traffic_sign":"city_limit","osm_id":412320884,"@id":"node/412320884"}},{"type":"Feature","id":"node/414253965","geometry":{"type":"Point","coordinates":[5.3318095,43.9196714]},"properties":{"name":"Plaine de Sylla","traffic_sign":"city_limit","traffic_sign:direction":"backward","osm_id":414253965,"@id":"node/414253965"}},{"type":"Feature","id":"node/430011154","geometry":{"type":"Point","coordinates":[5.278613,44.210293]},"properties":{"name":"Saint-L\u00e9ger-du-Ventoux","traffic_sign":"city_limit","osm_id":430011154,"@id":"node/430011154"}},{"type":"Feature","id":"node/457666700","geometry":{"type":"Point","coordinates":[5.2726077,43.8296305]},"properties":{"name":"Lacoste","traffic_sign":"city_limit","osm_id":457666700,"@id":"node/457666700"}},{"type":"Feature","id":"node/551982070","geometry":{"type":"Point","coordinates":[4.8841577,43.9377084]},"properties":{"name":"Montfavet","traffic_sign":"city_limit","osm_id":551982070,"@id":"node/551982070"}},{"type":"Feature","id":"node/616497040","geometry":{"type":"Point","coordinates":[5.4289507,44.1302214]},"properties":{"traffic_sign":"city_limit","osm_id":616497040,"@id":"node/616497040"}},{"type":"Feature","id":"node/635072635","geometry":{"type":"Point","coordinates":[4.8673215,43.9988031]},"properties":{"name":"Sorgues","panoramax":"d1204073-1b47-48e7-b1e3-7ee041301052","traffic_sign":"city_limit","osm_id":635072635,"@id":"node/635072635"}},{"type":"Feature","id":"node/650622834","geometry":{"type":"Point","coordinates":[5.2489228,43.9236504]},"properties":{"name":"Joucas","traffic_sign":"city_limit","osm_id":650622834,"@id":"node/650622834"}},{"type":"Feature","id":"node/691549143","geometry":{"type":"Point","coordinates":[5.5332268,43.7677504]},"properties":{"name":"Saint-Martin-de-la-Brasque","traffic_sign":"city_limit","osm_id":691549143,"@id":"node/691549143"}},{"type":"Feature","id":"node/748159014","geometry":{"type":"Point","coordinates":[5.4152927,44.097727]},"properties":{"traffic_sign":"city_limit","osm_id":748159014,"@id":"node/748159014"}},{"type":"Feature","id":"node/753225068","geometry":{"type":"Point","coordinates":[5.4267133,44.1299575]},"properties":{"traffic_sign":"city_limit","osm_id":753225068,"@id":"node/753225068"}},{"type":"Feature","id":"node/765016270","geometry":{"type":"Point","coordinates":[4.9345251,43.9955324]},"properties":{"name":"Entraigues sur la Sorgue","traffic_sign":"city_limit","osm_id":765016270,"@id":"node/765016270"}},{"type":"Feature","id":"node/820934775","geometry":{"type":"Point","coordinates":[5.6912467,43.73569]},"properties":{"name":"Beaumont-de-Pertuis","traffic_sign":"city_limit","osm_id":820934775,"@id":"node/820934775"}},{"type":"Feature","id":"node/848277130","geometry":{"type":"Point","coordinates":[4.9251644,43.9662391]},"properties":{"name":"Saint-Saturnin-l\u00e8s-Avignon","traffic_sign":"city_limit","osm_id":848277130,"@id":"node/848277130"}},{"type":"Feature","id":"node/848277509","geometry":{"type":"Point","coordinates":[4.9479082,43.932893]},"properties":{"name":"Ch\u00e2teauneuf-de-Gadagne","traffic_sign":"city_limit","osm_id":848277509,"@id":"node/848277509"}},{"type":"Feature","id":"node/848277829","geometry":{"type":"Point","coordinates":[4.9424128,43.9464637]},"properties":{"name":"Jonquerettes","traffic_sign":"city_limit","osm_id":848277829,"@id":"node/848277829"}},{"type":"Feature","id":"node/848277989","geometry":{"type":"Point","coordinates":[4.9149022,43.9721386]},"properties":{"name":"Ved\u00e8ne","traffic_sign":"city_limit","osm_id":848277989,"@id":"node/848277989"}},{"type":"Feature","id":"node/848284085","geometry":{"type":"Point","coordinates":[5.0079482,43.8782794]},"properties":{"name":"Les Vign\u00e8res","traffic_sign":"city_limit","osm_id":848284085,"@id":"node/848284085"}},{"type":"Feature","id":"node/848284226","geometry":{"type":"Point","coordinates":[5.0322603,43.8549036]},"properties":{"name":"Cavaillon","traffic_sign":"city_limit","osm_id":848284226,"@id":"node/848284226"}},{"type":"Feature","id":"node/872434651","geometry":{"type":"Point","coordinates":[4.8769739,44.1580752]},"properties":{"name":"Camaret-sur-Aigues","traffic_sign":"city_limit","osm_id":872434651,"@id":"node/872434651"}},{"type":"Feature","id":"node/878336775","geometry":{"type":"Point","coordinates":[5.1267616,44.1704612]},"properties":{"traffic_sign":"city_limit","osm_id":878336775,"@id":"node/878336775"}},{"type":"Feature","id":"node/893642068","geometry":{"type":"Point","coordinates":[4.7510441,44.2890873]},"properties":{"traffic_sign":"city_limit","osm_id":893642068,"@id":"node/893642068"}},{"type":"Feature","id":"node/898913198","geometry":{"type":"Point","coordinates":[5.1041613,44.1420058]},"properties":{"name":"Le Barroux","name:oc":"Aubarr\u00f3s","traffic_sign":"city_limit","osm_id":898913198,"@id":"node/898913198"}},{"type":"Feature","id":"node/917808378","geometry":{"type":"Point","coordinates":[5.6310784,43.7840293]},"properties":{"name":"La Bastide-des-Jourdans","traffic_sign":"city_limit","osm_id":917808378,"@id":"node/917808378"}},{"type":"Feature","id":"node/917808526","geometry":{"type":"Point","coordinates":[5.498149,43.7802984]},"properties":{"name":"Cabri\u00e8res-d'Aigues","traffic_sign":"city_limit","osm_id":917808526,"@id":"node/917808526"}},{"type":"Feature","id":"node/917808684","geometry":{"type":"Point","coordinates":[5.5559945,43.7803302]},"properties":{"name":"Les Roux","traffic_sign":"city_limit","osm_id":917808684,"@id":"node/917808684"}},{"type":"Feature","id":"node/917808691","geometry":{"type":"Point","coordinates":[5.583186,43.7914183]},"properties":{"name":"Les Dones","traffic_sign":"city_limit","osm_id":917808691,"@id":"node/917808691"}},{"type":"Feature","id":"node/917808746","geometry":{"type":"Point","coordinates":[5.5710367,43.788542]},"properties":{"name":"Peypin-d'Aigues","traffic_sign":"city_limit","osm_id":917808746,"@id":"node/917808746"}},{"type":"Feature","id":"node/917808779","geometry":{"type":"Point","coordinates":[5.5673809,43.7871903]},"properties":{"name":"Peypin-d'Aigues","traffic_sign":"city_limit","osm_id":917808779,"@id":"node/917808779"}},{"type":"Feature","id":"node/917808785","geometry":{"type":"Point","coordinates":[5.5951165,43.8102514]},"properties":{"name":"Vitrolles-en-Luberon","traffic_sign":"city_limit","osm_id":917808785,"@id":"node/917808785"}},{"type":"Feature","id":"node/917808854","geometry":{"type":"Point","coordinates":[5.4988582,43.7821268]},"properties":{"name":"Cabri\u00e8res-d'Aigues","traffic_sign":"city_limit","osm_id":917808854,"@id":"node/917808854"}},{"type":"Feature","id":"node/917809017","geometry":{"type":"Point","coordinates":[5.531692,43.7707759]},"properties":{"name":"Saint-Martin-de-la-Brasque","traffic_sign":"city_limit","osm_id":917809017,"@id":"node/917809017"}},{"type":"Feature","id":"node/917809263","geometry":{"type":"Point","coordinates":[5.5573867,43.7808045]},"properties":{"name":"Les Roux","traffic_sign":"city_limit","osm_id":917809263,"@id":"node/917809263"}},{"type":"Feature","id":"node/928651971","geometry":{"type":"Point","coordinates":[5.245097,43.950744]},"properties":{"name":"Murs","traffic_sign":"city_limit","traffic_sign:direction":"backward","osm_id":928651971,"@id":"node/928651971"}},{"type":"Feature","id":"node/939180623","geometry":{"type":"Point","coordinates":[4.7722679,43.9319229]},"properties":{"name":"Avignon","traffic_sign":"city_limit","osm_id":939180623,"@id":"node/939180623"}},{"type":"Feature","id":"node/945475971","geometry":{"type":"Point","coordinates":[5.3665116,43.7300371]},"properties":{"name":"Cadenet","traffic_sign":"city_limit","osm_id":945475971,"@id":"node/945475971"}},{"type":"Feature","id":"node/960873193","geometry":{"type":"Point","coordinates":[5.5650807,43.6998041]},"properties":{"name":"La Bastidonne","traffic_sign":"city_limit","osm_id":960873193,"@id":"node/960873193"}},{"type":"Feature","id":"node/976569843","geometry":{"type":"Point","coordinates":[5.1272667,43.9143731]},"properties":{"name":"Fontaine-de-Vaucluse","traffic_sign":"city_limit","osm_id":976569843,"@id":"node/976569843"}},{"type":"Feature","id":"node/976681897","geometry":{"type":"Point","coordinates":[5.1483106,43.8737268]},"properties":{"name":"Coustellet","traffic_sign":"city_limit","osm_id":976681897,"@id":"node/976681897"}},{"type":"Feature","id":"node/976682129","geometry":{"type":"Point","coordinates":[5.120723,43.920566]},"properties":{"name":"Fontaine-de-Vaucluse","traffic_sign":"city_limit","osm_id":976682129,"@id":"node/976682129"}},{"type":"Feature","id":"node/976688839","geometry":{"type":"Point","coordinates":[5.6938037,43.737148]},"properties":{"name":"Beaumont-de-Pertuis","traffic_sign":"city_limit","osm_id":976688839,"@id":"node/976688839"}},{"type":"Feature","id":"node/987817432","geometry":{"type":"Point","coordinates":[5.4890456,43.6912269]},"properties":{"name":"Pertuis","traffic_sign":"city_limit","osm_id":987817432,"@id":"node/987817432"}},{"type":"Feature","id":"node/992094992","geometry":{"type":"Point","coordinates":[5.3948249,43.871167]},"properties":{"name":"Apt","traffic_sign":"city_limit","osm_id":992094992,"@id":"node/992094992"}},{"type":"Feature","id":"node/992094998","geometry":{"type":"Point","coordinates":[5.4025935,43.9236661]},"properties":{"name":"Villars","traffic_sign":"city_limit","osm_id":992094998,"@id":"node/992094998"}},{"type":"Feature","id":"node/992095048","geometry":{"type":"Point","coordinates":[5.4818481,43.9213686]},"properties":{"name":"Rustrel","traffic_sign":"city_limit","osm_id":992095048,"@id":"node/992095048"}},{"type":"Feature","id":"node/992095341","geometry":{"type":"Point","coordinates":[5.4447279,43.769591]},"properties":{"name":"Cucuron","traffic_sign":"city_limit","osm_id":992095341,"@id":"node/992095341"}},{"type":"Feature","id":"node/992095420","geometry":{"type":"Point","coordinates":[5.4918048,43.9234065]},"properties":{"name":"Rustrel","traffic_sign":"city_limit","osm_id":992095420,"@id":"node/992095420"}},{"type":"Feature","id":"node/992095444","geometry":{"type":"Point","coordinates":[5.3563171,43.8987932]},"properties":{"name":"Gargas","traffic_sign":"city_limit","osm_id":992095444,"@id":"node/992095444"}},{"type":"Feature","id":"node/992095465","geometry":{"type":"Point","coordinates":[5.5397773,43.7320311]},"properties":{"name":"La Tour-d'Aigues","traffic_sign":"city_limit","osm_id":992095465,"@id":"node/992095465"}},{"type":"Feature","id":"node/992095717","geometry":{"type":"Point","coordinates":[5.3275719,43.8853096]},"properties":{"name":"Perrotet","traffic_sign":"city_limit","osm_id":992095717,"@id":"node/992095717"}},{"type":"Feature","id":"node/992095794","geometry":{"type":"Point","coordinates":[5.3108548,43.8262428]},"properties":{"name":"Bonnieux","traffic_sign":"city_limit","osm_id":992095794,"@id":"node/992095794"}},{"type":"Feature","id":"node/992095969","geometry":{"type":"Point","coordinates":[5.4350954,43.7723138]},"properties":{"name":"Cucuron","traffic_sign":"city_limit","osm_id":992095969,"@id":"node/992095969"}},{"type":"Feature","id":"node/992096016","geometry":{"type":"Point","coordinates":[5.4080363,43.9254155]},"properties":{"name":"Villars","traffic_sign":"city_limit","osm_id":992096016,"@id":"node/992096016"}},{"type":"Feature","id":"node/992096113","geometry":{"type":"Point","coordinates":[5.327757,43.8826894]},"properties":{"name":"Perrotet","traffic_sign":"city_limit","osm_id":992096113,"@id":"node/992096113"}},{"type":"Feature","id":"node/992096228","geometry":{"type":"Point","coordinates":[5.369471,43.7647322]},"properties":{"name":"Lourmarin","traffic_sign":"city_limit","osm_id":992096228,"@id":"node/992096228"}},{"type":"Feature","id":"node/993795519","geometry":{"type":"Point","coordinates":[5.6386889,43.7902884]},"properties":{"name":"La Bastide-des-Jourdans","traffic_sign":"city_limit","osm_id":993795519,"@id":"node/993795519"}},{"type":"Feature","id":"node/994155546","geometry":{"type":"Point","coordinates":[5.4684083,43.7383485]},"properties":{"name":"Ansouis","traffic_sign":"city_limit","osm_id":994155546,"@id":"node/994155546"}},{"type":"Feature","id":"node/994155637","geometry":{"type":"Point","coordinates":[5.5211838,43.7706866]},"properties":{"name":"La Motte-d'Aigues","traffic_sign":"city_limit","osm_id":994155637,"@id":"node/994155637"}},{"type":"Feature","id":"node/994155788","geometry":{"type":"Point","coordinates":[5.536451,43.7675411]},"properties":{"name":"Saint-Martin-de-la-Brasque","traffic_sign":"city_limit","osm_id":994155788,"@id":"node/994155788"}},{"type":"Feature","id":"node/994155847","geometry":{"type":"Point","coordinates":[5.4683484,43.7383229]},"properties":{"name":"Ansouis","traffic_sign":"city_limit","osm_id":994155847,"@id":"node/994155847"}},{"type":"Feature","id":"node/995488508","geometry":{"type":"Point","coordinates":[5.3664734,43.7298823]},"properties":{"name":"Cadenet","traffic_sign":"city_limit","osm_id":995488508,"@id":"node/995488508"}},{"type":"Feature","id":"node/995488585","geometry":{"type":"Point","coordinates":[5.3045461,43.7590417]},"properties":{"name":"Lauris","traffic_sign":"city_limit","osm_id":995488585,"@id":"node/995488585"}},{"type":"Feature","id":"node/1024935917","geometry":{"type":"Point","coordinates":[4.6859555,44.3117046]},"properties":{"name":"Lapalud","traffic_sign":"city_limit","osm_id":1024935917,"@id":"node/1024935917"}},{"type":"Feature","id":"node/1025738575","geometry":{"type":"Point","coordinates":[5.3017922,43.7517159]},"properties":{"name":"Lauris","traffic_sign":"city_limit","osm_id":1025738575,"@id":"node/1025738575"}},{"type":"Feature","id":"node/1025738599","geometry":{"type":"Point","coordinates":[5.4355373,43.7751858]},"properties":{"name":"Cucuron","traffic_sign":"city_limit","osm_id":1025738599,"@id":"node/1025738599"}},{"type":"Feature","id":"node/1025738730","geometry":{"type":"Point","coordinates":[5.236288,43.7564312]},"properties":{"name":"Les Borrys","traffic_sign":"city_limit","osm_id":1025738730,"@id":"node/1025738730"}},{"type":"Feature","id":"node/1025738774","geometry":{"type":"Point","coordinates":[5.3724809,43.7685071]},"properties":{"name":"Lourmarin","traffic_sign":"city_limit","osm_id":1025738774,"@id":"node/1025738774"}},{"type":"Feature","id":"node/1025739108","geometry":{"type":"Point","coordinates":[5.4179015,43.7786527]},"properties":{"name":"Vaugines","traffic_sign":"city_limit","osm_id":1025739108,"@id":"node/1025739108"}},{"type":"Feature","id":"node/1025739274","geometry":{"type":"Point","coordinates":[5.4136621,43.7782115]},"properties":{"name":"Vaugines","traffic_sign":"city_limit","osm_id":1025739274,"@id":"node/1025739274"}},{"type":"Feature","id":"node/1025739628","geometry":{"type":"Point","coordinates":[5.2317353,43.7555488]},"properties":{"name":"Les Borrys","traffic_sign":"city_limit","osm_id":1025739628,"@id":"node/1025739628"}},{"type":"Feature","id":"node/1089937962","geometry":{"type":"Point","coordinates":[5.5073189,43.8610257]},"properties":{"name":"Saint-Martin-de-Castillon","traffic_sign":"city_limit","osm_id":1089937962,"@id":"node/1089937962"}},{"type":"Feature","id":"node/1089939670","geometry":{"type":"Point","coordinates":[5.555251,43.7339673]},"properties":{"name":"La Tour-d'Aigues","traffic_sign":"city_limit","osm_id":1089939670,"@id":"node/1089939670"}},{"type":"Feature","id":"node/1089940435","geometry":{"type":"Point","coordinates":[5.5137793,43.8626504]},"properties":{"name":"Saint-Martin-de-Castillon","traffic_sign":"city_limit","osm_id":1089940435,"@id":"node/1089940435"}},{"type":"Feature","id":"node/1089940458","geometry":{"type":"Point","coordinates":[5.4828368,43.8856129]},"properties":{"name":"Caseneuve","traffic_sign":"city_limit","osm_id":1089940458,"@id":"node/1089940458"}},{"type":"Feature","id":"node/1105631296","geometry":{"type":"Point","coordinates":[5.3785222,43.9423556]},"properties":{"name":"Saint-Saturnin-l\u00e8s-Apt","traffic_sign":"city_limit","osm_id":1105631296,"@id":"node/1105631296"}},{"type":"Feature","id":"node/1105632019","geometry":{"type":"Point","coordinates":[5.3963963,44.0423733]},"properties":{"name":"Saint-Jean","traffic_sign":"city_limit","osm_id":1105632019,"@id":"node/1105632019"}},{"type":"Feature","id":"node/1105632200","geometry":{"type":"Point","coordinates":[5.3951025,44.039462]},"properties":{"name":"Saint-Jean","traffic_sign":"city_limit","osm_id":1105632200,"@id":"node/1105632200"}},{"type":"Feature","id":"node/1119476156","geometry":{"type":"Point","coordinates":[4.7625388,44.108308]},"properties":{"name":"Caderousse","traffic_sign":"city_limit","osm_id":1119476156,"@id":"node/1119476156"}},{"type":"Feature","id":"node/1119476165","geometry":{"type":"Point","coordinates":[4.7545766,44.0997375]},"properties":{"name":"Caderousse","traffic_sign":"city_limit","osm_id":1119476165,"@id":"node/1119476165"}},{"type":"Feature","id":"node/1192025319","geometry":{"type":"Point","coordinates":[5.4217992,43.8785339]},"properties":{"name":"Apt","traffic_sign":"city_limit","osm_id":1192025319,"@id":"node/1192025319"}},{"type":"Feature","id":"node/1192025705","geometry":{"type":"Point","coordinates":[5.3083567,43.8202992]},"properties":{"name":"Bonnieux","traffic_sign":"city_limit","osm_id":1192025705,"@id":"node/1192025705"}},{"type":"Feature","id":"node/1192025942","geometry":{"type":"Point","coordinates":[5.2708383,43.8356556]},"properties":{"name":"Lacoste","traffic_sign":"city_limit","osm_id":1192025942,"@id":"node/1192025942"}},{"type":"Feature","id":"node/1192025950","geometry":{"type":"Point","coordinates":[5.2333083,43.8610657]},"properties":{"name":"Lumi\u00e8res","traffic_sign":"city_limit","osm_id":1192025950,"@id":"node/1192025950"}},{"type":"Feature","id":"node/1245784990","geometry":{"type":"Point","coordinates":[5.6543862,43.7076761]},"properties":{"name":"Mirabeau","traffic_sign":"city_limit","osm_id":1245784990,"@id":"node/1245784990"}},{"type":"Feature","id":"node/1288351693","geometry":{"type":"Point","coordinates":[5.4983598,44.0271155]},"properties":{"name":"Saint-Christol-d'Albion","traffic_sign":"city_limit","osm_id":1288351693,"@id":"node/1288351693"}},{"type":"Feature","id":"node/1288354894","geometry":{"type":"Point","coordinates":[5.4923081,44.0351398]},"properties":{"name":"Saint-Christol-d'Albion","traffic_sign":"city_limit","traffic_sign:direction":"both","osm_id":1288354894,"@id":"node/1288354894"}},{"type":"Feature","id":"node/1304258866","geometry":{"type":"Point","coordinates":[5.1014036,44.210931]},"properties":{"name":"Crestet","traffic_sign":"city_limit","osm_id":1304258866,"@id":"node/1304258866"}},{"type":"Feature","id":"node/1350883965","geometry":{"type":"Point","coordinates":[5.2428122,43.947828]},"properties":{"name":"Murs","traffic_sign":"city_limit","traffic_sign:direction":"backward","osm_id":1350883965,"@id":"node/1350883965"}},{"type":"Feature","id":"node/1350885236","geometry":{"type":"Point","coordinates":[5.2446979,43.9531906]},"properties":{"name":"Murs","traffic_sign":"city_limit","traffic_sign:direction":"backward","osm_id":1350885236,"@id":"node/1350885236"}},{"type":"Feature","id":"node/1377233455","geometry":{"type":"Point","coordinates":[5.4718742,43.740104]},"properties":{"name":"Ansouis","traffic_sign":"city_limit","osm_id":1377233455,"@id":"node/1377233455"}},{"type":"Feature","id":"node/1406562197","geometry":{"type":"Point","coordinates":[5.6871572,43.7401248]},"properties":{"name":"Beaumont-de-Pertuis","traffic_sign":"city_limit","osm_id":1406562197,"@id":"node/1406562197"}},{"type":"Feature","id":"node/1406562198","geometry":{"type":"Point","coordinates":[5.6575077,43.7066857]},"properties":{"name":"Mirabeau","traffic_sign":"city_limit","osm_id":1406562198,"@id":"node/1406562198"}},{"type":"Feature","id":"node/1510558946","geometry":{"type":"Point","coordinates":[5.1458823,43.8427993]},"properties":{"name":"Maubec","traffic_sign":"city_limit","osm_id":1510558946,"@id":"node/1510558946"}},{"type":"Feature","id":"node/1655289934","geometry":{"type":"Point","coordinates":[5.5607818,43.8942038]},"properties":{"name":"Viens","traffic_sign":"city_limit","osm_id":1655289934,"@id":"node/1655289934"}},{"type":"Feature","id":"node/1672854902","geometry":{"type":"Point","coordinates":[4.8825129,43.9684486]},"properties":{"direction":"backward","name":"Ved\u00e8ne","traffic_sign":"city_limit","osm_id":1672854902,"@id":"node/1672854902"}},{"type":"Feature","id":"node/1673755866","geometry":{"type":"Point","coordinates":[5.1096131,44.1215739]},"properties":{"name":"Caromb","traffic_sign":"city_limit","osm_id":1673755866,"@id":"node/1673755866"}},{"type":"Feature","id":"node/1673758115","geometry":{"type":"Point","coordinates":[5.0892392,44.2305247]},"properties":{"alt_name":"Veisoun","name":"Vaison La Romaine","traffic_sign":"city_limit","osm_id":1673758115,"@id":"node/1673758115"}},{"type":"Feature","id":"node/1674626305","geometry":{"type":"Point","coordinates":[5.3809207,43.8864561]},"properties":{"name":"Apt","traffic_sign":"city_limit","osm_id":1674626305,"@id":"node/1674626305"}},{"type":"Feature","id":"node/1674626306","geometry":{"type":"Point","coordinates":[5.3869028,43.942127]},"properties":{"name":"Saint-Saturnin-l\u00e8s-Apt","traffic_sign":"city_limit","osm_id":1674626306,"@id":"node/1674626306"}},{"type":"Feature","id":"node/1779396957","geometry":{"type":"Point","coordinates":[5.0997277,44.1314071]},"properties":{"name":"Le Barroux","name:oc":"Aubarr\u00f3s","traffic_sign":"city_limit","osm_id":1779396957,"@id":"node/1779396957"}},{"type":"Feature","id":"node/1789641100","geometry":{"type":"Point","coordinates":[5.0672163,44.1428197]},"properties":{"name":"La Roque-Alric","traffic_sign":"city_limit","osm_id":1789641100,"@id":"node/1789641100"}},{"type":"Feature","id":"node/1789656101","geometry":{"type":"Point","coordinates":[5.0948099,44.1312034]},"properties":{"name":"Le Barroux","name:oc":"Aubarr\u00f3s","traffic_sign":"city_limit","osm_id":1789656101,"@id":"node/1789656101"}},{"type":"Feature","id":"node/1802734195","geometry":{"type":"Point","coordinates":[5.5519766,43.7240732]},"properties":{"direction":"forward","name":"La Tour-d'Aigues","traffic_sign":"city_limit","osm_id":1802734195,"@id":"node/1802734195"}},{"type":"Feature","id":"node/1815749025","geometry":{"type":"Point","coordinates":[5.0639624,44.1421899]},"properties":{"name":"La Roque-Alric","traffic_sign":"city_limit","osm_id":1815749025,"@id":"node/1815749025"}},{"type":"Feature","id":"node/1823736425","geometry":{"type":"Point","coordinates":[5.0953579,44.141346]},"properties":{"name":"Le Barroux","name:oc":"Aubarr\u00f3s","traffic_sign":"city_limit","osm_id":1823736425,"@id":"node/1823736425"}},{"type":"Feature","id":"node/1833207486","geometry":{"type":"Point","coordinates":[5.4014886,44.0922779]},"properties":{"name":"La Loge","traffic_sign":"city_limit","osm_id":1833207486,"@id":"node/1833207486"}},{"type":"Feature","id":"node/1833207492","geometry":{"type":"Point","coordinates":[5.1119469,44.001549]},"properties":{"name":"Saint-Didier","traffic_sign":"city_limit","osm_id":1833207492,"@id":"node/1833207492"}},{"type":"Feature","id":"node/1834858652","geometry":{"type":"Point","coordinates":[5.4081019,44.0955087]},"properties":{"name":"Sault","traffic_sign":"city_limit","osm_id":1834858652,"@id":"node/1834858652"}},{"type":"Feature","id":"node/1853254043","geometry":{"type":"Point","coordinates":[4.9312722,44.3976219]},"properties":{"name":"Grillon","traffic_sign":"city_limit","osm_id":1853254043,"@id":"node/1853254043"}},{"type":"Feature","id":"node/1861387558","geometry":{"type":"Point","coordinates":[4.6607361,44.260823]},"properties":{"name":"Le Bout du Pont","traffic_sign":"city_limit","osm_id":1861387558,"@id":"node/1861387558"}},{"type":"Feature","id":"node/1861519775","geometry":{"type":"Point","coordinates":[4.6803782,44.2663258]},"properties":{"traffic_sign":"city_limit","osm_id":1861519775,"@id":"node/1861519775"}},{"type":"Feature","id":"node/1862998328","geometry":{"type":"Point","coordinates":[4.7507262,44.2890508]},"properties":{"name":"Boll\u00e8ne","traffic_sign":"city_limit","osm_id":1862998328,"@id":"node/1862998328"}},{"type":"Feature","id":"node/1905702593","geometry":{"type":"Point","coordinates":[5.3211954,43.7491466]},"properties":{"name":"Lauris","traffic_sign":"city_limit","osm_id":1905702593,"@id":"node/1905702593"}},{"type":"Feature","id":"node/1915059837","geometry":{"type":"Point","coordinates":[5.066875,43.8119948]},"properties":{"name":"Cheval-Blanc - La Canebi\u00e8re","traffic_sign":"city_limit","osm_id":1915059837,"@id":"node/1915059837"}},{"type":"Feature","id":"node/1970554818","geometry":{"type":"Point","coordinates":[4.9482934,43.9197392]},"properties":{"name":"Ch\u00e2teauneuf-de-Gadagne","traffic_sign":"city_limit","osm_id":1970554818,"@id":"node/1970554818"}},{"type":"Feature","id":"node/2310504518","geometry":{"type":"Point","coordinates":[5.5398768,43.7196599]},"properties":{"name":"La Tour-d'Aigues","traffic_sign":"city_limit","osm_id":2310504518,"@id":"node/2310504518"}},{"type":"Feature","id":"node/2421369308","geometry":{"type":"Point","coordinates":[5.1384921,43.8646677]},"properties":{"name":"Coustellet","traffic_sign":"city_limit","osm_id":2421369308,"@id":"node/2421369308"}},{"type":"Feature","id":"node/2479300804","geometry":{"type":"Point","coordinates":[5.110203,43.9127178]},"properties":{"name":"Galas","traffic_sign":"city_limit","osm_id":2479300804,"@id":"node/2479300804"}},{"type":"Feature","id":"node/2590936117","geometry":{"type":"Point","coordinates":[5.3740386,43.7281659]},"properties":{"name":"Cadenet","traffic_sign":"city_limit","osm_id":2590936117,"@id":"node/2590936117"}},{"type":"Feature","id":"node/2590936119","geometry":{"type":"Point","coordinates":[5.0618809,43.9374417]},"properties":{"name":"L'Isle-sur-la-Sorgue","traffic_sign":"city_limit","osm_id":2590936119,"@id":"node/2590936119"}},{"type":"Feature","id":"node/2590936121","geometry":{"type":"Point","coordinates":[5.3583448,43.7695866]},"properties":{"name":"Lourmarin","traffic_sign":"city_limit","osm_id":2590936121,"@id":"node/2590936121"}},{"type":"Feature","id":"node/2653527741","geometry":{"type":"Point","coordinates":[4.9193156,44.362306]},"properties":{"name":"Richerenches","traffic_sign":"city_limit","osm_id":2653527741,"@id":"node/2653527741"}},{"type":"Feature","id":"node/2710571922","geometry":{"type":"Point","coordinates":[4.8326115,44.1208693]},"properties":{"city_limit":"begin","description":"fr:Orange,Ville fleurie, non aux OGM, vid\u00e9osurveillance, march\u00e9 du jeudi","name":"Orange","operator":"Mairie d'Orange","panoramax":"05c143b8-8f44-48a3-b3f9-9e6d08d56794","traffic_sign":"city_limit","osm_id":2710571922,"@id":"node/2710571922"}},{"type":"Feature","id":"node/2710573992","geometry":{"type":"Point","coordinates":[4.8325123,44.1207729]},"properties":{"city_limit":"end","description":"fr:Orange","name":"Orange","operator":"Mairie d'Orange","panoramax":"c065b04b-a963-42f2-a340-544baf69ef4a","traffic_sign":"city_limit","osm_id":2710573992,"@id":"node/2710573992"}},{"type":"Feature","id":"node/2855981015","geometry":{"type":"Point","coordinates":[5.0605289,43.8240273]},"properties":{"name":"Cavaillon","traffic_sign":"city_limit","osm_id":2855981015,"@id":"node/2855981015"}},{"type":"Feature","id":"node/3342569366","geometry":{"type":"Point","coordinates":[5.1409468,43.8683885]},"properties":{"name":"Coustellet","traffic_sign":"city_limit","osm_id":3342569366,"@id":"node/3342569366"}},{"type":"Feature","id":"node/3342733394","geometry":{"type":"Point","coordinates":[5.1408691,43.8684317]},"properties":{"name":"Coustellet","traffic_sign":"city_limit","osm_id":3342733394,"@id":"node/3342733394"}},{"type":"Feature","id":"node/3600089320","geometry":{"type":"Point","coordinates":[4.7996,44.1571829]},"properties":{"city_limit":"begin","name":"Orange","traffic_sign":"city_limit","osm_id":3600089320,"@id":"node/3600089320"}},{"type":"Feature","id":"node/3600089321","geometry":{"type":"Point","coordinates":[4.7997285,44.1572759]},"properties":{"city_limit":"end","name":"Orange","traffic_sign":"city_limit","osm_id":3600089321,"@id":"node/3600089321"}},{"type":"Feature","id":"node/3600211409","geometry":{"type":"Point","coordinates":[4.8257255,44.1442088]},"properties":{"name":"Orange","traffic_sign":"city_limit","osm_id":3600211409,"@id":"node/3600211409"}},{"type":"Feature","id":"node/3600211410","geometry":{"type":"Point","coordinates":[4.8257079,44.1443048]},"properties":{"name":"Orange","traffic_sign":"city_limit","osm_id":3600211410,"@id":"node/3600211410"}},{"type":"Feature","id":"node/3600211411","geometry":{"type":"Point","coordinates":[4.8423417,44.1209596]},"properties":{"city_limit":"end","direction":"290","name":"Orange","panoramax":"06ff64da-df9a-4306-8339-5491f4594f73","traffic_sign":"city_limit","osm_id":3600211411,"@id":"node/3600211411"}},{"type":"Feature","id":"node/3600211412","geometry":{"type":"Point","coordinates":[4.8423848,44.1210518]},"properties":{"city_limit":"begin","direction":"110","name":"Orange","panoramax":"090d6ae0-1a59-47ec-a0ea-809582ba2927","panoramax:wide":"fb0681ea-ff1b-4930-b4ec-1bae4816ab76","traffic_sign":"city_limit","osm_id":3600211412,"@id":"node/3600211412"}},{"type":"Feature","id":"node/3600404819","geometry":{"type":"Point","coordinates":[4.8009485,44.1255114]},"properties":{"city_limit":"begin","name":"Orange","panoramax":"57b3d875-8a8c-4f66-9d89-5ab2385af6b3","traffic_sign":"city_limit","osm_id":3600404819,"@id":"node/3600404819"}},{"type":"Feature","id":"node/3600404820","geometry":{"type":"Point","coordinates":[4.8008188,44.1255352]},"properties":{"city_limit":"end","name":"Orange","panoramax":"64fd1d8b-1a0b-4990-b94f-e11ef997d5bf","traffic_sign":"city_limit","osm_id":3600404820,"@id":"node/3600404820"}},{"type":"Feature","id":"node/3600549033","geometry":{"type":"Point","coordinates":[4.7967619,44.136163]},"properties":{"city_limit":"begin","name":"Orange","panoramax":"73901c4d-cf04-4282-8dea-e7ebf39551ae","traffic_sign":"city_limit","osm_id":3600549033,"@id":"node/3600549033"}},{"type":"Feature","id":"node/3600549034","geometry":{"type":"Point","coordinates":[4.7965512,44.1362792]},"properties":{"name":"Orange","traffic_sign":"city_limit","osm_id":3600549034,"@id":"node/3600549034"}},{"type":"Feature","id":"node/3602453464","geometry":{"type":"Point","coordinates":[4.8788415,44.1168685]},"properties":{"city_limit":"begin","name":"Jonqui\u00e8res","traffic_sign":"city_limit","osm_id":3602453464,"@id":"node/3602453464"}},{"type":"Feature","id":"node/3602453465","geometry":{"type":"Point","coordinates":[4.8788578,44.1169763]},"properties":{"city_limit":"end","name":"Jonqui\u00e8res","traffic_sign":"city_limit","osm_id":3602453465,"@id":"node/3602453465"}},{"type":"Feature","id":"node/3602498151","geometry":{"type":"Point","coordinates":[4.9162835,44.1078637]},"properties":{"name":"Jonqui\u00e8res","traffic_sign":"city_limit","osm_id":3602498151,"@id":"node/3602498151"}},{"type":"Feature","id":"node/3602498152","geometry":{"type":"Point","coordinates":[4.9166314,44.1078583]},"properties":{"name":"Jonqui\u00e8res","traffic_sign":"city_limit","osm_id":3602498152,"@id":"node/3602498152"}},{"type":"Feature","id":"node/3602653066","geometry":{"type":"Point","coordinates":[4.8954466,44.1112578]},"properties":{"city_limit":"end","name":"Jonqui\u00e8res","traffic_sign":"city_limit","osm_id":3602653066,"@id":"node/3602653066"}},{"type":"Feature","id":"node/3602653067","geometry":{"type":"Point","coordinates":[4.8955743,44.1112233]},"properties":{"city_limit":"begin","name":"Jonqui\u00e8res","traffic_sign":"city_limit","osm_id":3602653067,"@id":"node/3602653067"}},{"type":"Feature","id":"node/3602689099","geometry":{"type":"Point","coordinates":[4.9131928,44.1212111]},"properties":{"city_limit":"end","name":"Jonqui\u00e8res","panoramax":"4c314e5b-56fe-49d7-a1cc-dca147063648","traffic_sign":"city_limit","osm_id":3602689099,"@id":"node/3602689099"}},{"type":"Feature","id":"node/3602689100","geometry":{"type":"Point","coordinates":[4.9131637,44.1212806]},"properties":{"city_limit":"begin","name":"Jonqui\u00e8res","panoramax":"1e17f4a0-7f9a-4c83-a1c4-d0b8723c76bb","traffic_sign":"city_limit","osm_id":3602689100,"@id":"node/3602689100"}},{"type":"Feature","id":"node/3602750331","geometry":{"type":"Point","coordinates":[4.8202395,44.0569993]},"properties":{"name":"Ch\u00e2teauneuf-du-Pape","traffic_sign":"city_limit","osm_id":3602750331,"@id":"node/3602750331"}},{"type":"Feature","id":"node/3602750332","geometry":{"type":"Point","coordinates":[4.8202918,44.0570761]},"properties":{"name":"Ch\u00e2teauneuf-du-Pape","traffic_sign":"city_limit","osm_id":3602750332,"@id":"node/3602750332"}},{"type":"Feature","id":"node/3602755747","geometry":{"type":"Point","coordinates":[4.840132,44.0483061]},"properties":{"direction":"285","name":"Ch\u00e2teauneuf-du-Pape","traffic_sign":"city_limit","osm_id":3602755747,"@id":"node/3602755747"}},{"type":"Feature","id":"node/3602788275","geometry":{"type":"Point","coordinates":[4.8417543,44.0542429]},"properties":{"name":"Ch\u00e2teauneuf-du-Pape","traffic_sign":"city_limit","osm_id":3602788275,"@id":"node/3602788275"}},{"type":"Feature","id":"node/3602788276","geometry":{"type":"Point","coordinates":[4.8417302,44.0543215]},"properties":{"name":"Ch\u00e2teauneuf-du-Pape","traffic_sign":"city_limit","osm_id":3602788276,"@id":"node/3602788276"}},{"type":"Feature","id":"node/3602801451","geometry":{"type":"Point","coordinates":[4.8288252,44.0620467]},"properties":{"name":"Ch\u00e2teauneuf-du-Pape","traffic_sign":"city_limit","osm_id":3602801451,"@id":"node/3602801451"}},{"type":"Feature","id":"node/3602801452","geometry":{"type":"Point","coordinates":[4.8287081,44.0621996]},"properties":{"name":"Ch\u00e2teauneuf-du-Pape","traffic_sign":"city_limit","osm_id":3602801452,"@id":"node/3602801452"}},{"type":"Feature","id":"node/3604584762","geometry":{"type":"Point","coordinates":[4.8782216,44.0914583]},"properties":{"name":"Courth\u00e9zon","traffic_sign":"city_limit","osm_id":3604584762,"@id":"node/3604584762"}},{"type":"Feature","id":"node/3604584763","geometry":{"type":"Point","coordinates":[4.8783457,44.0914809]},"properties":{"name":"Courth\u00e9zon","traffic_sign":"city_limit","osm_id":3604584763,"@id":"node/3604584763"}},{"type":"Feature","id":"node/3604586132","geometry":{"type":"Point","coordinates":[4.8797222,44.096962]},"properties":{"name":"Courth\u00e9zon","traffic_sign":"city_limit","osm_id":3604586132,"@id":"node/3604586132"}},{"type":"Feature","id":"node/3604586133","geometry":{"type":"Point","coordinates":[4.8798103,44.0969602]},"properties":{"name":"Courth\u00e9zon","traffic_sign":"city_limit","osm_id":3604586133,"@id":"node/3604586133"}},{"type":"Feature","id":"node/3604589868","geometry":{"type":"Point","coordinates":[4.8744795,44.0778666]},"properties":{"name":"Courth\u00e9zon","traffic_sign":"city_limit","osm_id":3604589868,"@id":"node/3604589868"}},{"type":"Feature","id":"node/3604589869","geometry":{"type":"Point","coordinates":[4.8737544,44.0774681]},"properties":{"name":"Courth\u00e9zon","traffic_sign":"city_limit","osm_id":3604589869,"@id":"node/3604589869"}},{"type":"Feature","id":"node/3604602071","geometry":{"type":"Point","coordinates":[4.8824506,44.0943914]},"properties":{"name":"Courth\u00e9zon","panoramax":"e807a02d-cf36-47ca-9817-c5dc282a5f39","traffic_sign":"city_limit","osm_id":3604602071,"@id":"node/3604602071"}},{"type":"Feature","id":"node/3604632031","geometry":{"type":"Point","coordinates":[4.877429,44.0869611]},"properties":{"name":"Courth\u00e9zon","traffic_sign":"city_limit","osm_id":3604632031,"@id":"node/3604632031"}},{"type":"Feature","id":"node/3604664422","geometry":{"type":"Point","coordinates":[4.8861751,44.043559]},"properties":{"name":"B\u00e9darrides","traffic_sign":"city_limit","osm_id":3604664422,"@id":"node/3604664422"}},{"type":"Feature","id":"node/3604664423","geometry":{"type":"Point","coordinates":[4.8887799,44.0422447]},"properties":{"name":"B\u00e9darrides","traffic_sign":"city_limit","osm_id":3604664423,"@id":"node/3604664423"}},{"type":"Feature","id":"node/3604664424","geometry":{"type":"Point","coordinates":[4.8884963,44.0498787]},"properties":{"name":"B\u00e9darrides","traffic_sign":"city_limit","osm_id":3604664424,"@id":"node/3604664424"}},{"type":"Feature","id":"node/3604664425","geometry":{"type":"Point","coordinates":[4.8886789,44.0498856]},"properties":{"name":"B\u00e9darrides","traffic_sign":"city_limit","osm_id":3604664425,"@id":"node/3604664425"}},{"type":"Feature","id":"node/3604675193","geometry":{"type":"Point","coordinates":[4.9087484,44.0384163]},"properties":{"name":"B\u00e9darrides","traffic_sign":"city_limit","osm_id":3604675193,"@id":"node/3604675193"}},{"type":"Feature","id":"node/3604675194","geometry":{"type":"Point","coordinates":[4.9086479,44.0385514]},"properties":{"name":"B\u00e9darrides","traffic_sign":"city_limit","osm_id":3604675194,"@id":"node/3604675194"}},{"type":"Feature","id":"node/3604681785","geometry":{"type":"Point","coordinates":[4.9006554,44.047899]},"properties":{"name":"B\u00e9darrides","traffic_sign":"city_limit","osm_id":3604681785,"@id":"node/3604681785"}},{"type":"Feature","id":"node/3604681786","geometry":{"type":"Point","coordinates":[4.9005575,44.0479088]},"properties":{"name":"B\u00e9darrides","traffic_sign":"city_limit","osm_id":3604681786,"@id":"node/3604681786"}},{"type":"Feature","id":"node/3628526947","geometry":{"type":"Point","coordinates":[4.8686224,44.0163443]},"properties":{"name":"Sorgues","traffic_sign":"city_limit","osm_id":3628526947,"@id":"node/3628526947"}},{"type":"Feature","id":"node/3628526948","geometry":{"type":"Point","coordinates":[4.8695279,44.0175565]},"properties":{"name":"Sorgues","traffic_sign":"city_limit","osm_id":3628526948,"@id":"node/3628526948"}},{"type":"Feature","id":"node/3628526949","geometry":{"type":"Point","coordinates":[4.8687009,44.017824]},"properties":{"name":"Sorgues","traffic_sign":"city_limit","osm_id":3628526949,"@id":"node/3628526949"}},{"type":"Feature","id":"node/3628526950","geometry":{"type":"Point","coordinates":[4.8696454,44.018858]},"properties":{"name":"Sorgues","traffic_sign":"city_limit","osm_id":3628526950,"@id":"node/3628526950"}},{"type":"Feature","id":"node/3628533450","geometry":{"type":"Point","coordinates":[4.8629738,44.028874]},"properties":{"name":"Sorgues","traffic_sign":"city_limit","osm_id":3628533450,"@id":"node/3628533450"}},{"type":"Feature","id":"node/3628533451","geometry":{"type":"Point","coordinates":[4.8630716,44.0287938]},"properties":{"name":"Sorgues","traffic_sign":"city_limit","osm_id":3628533451,"@id":"node/3628533451"}},{"type":"Feature","id":"node/3628668290","geometry":{"type":"Point","coordinates":[4.8518892,44.0157686]},"properties":{"name":"Sorgues","traffic_sign":"city_limit","osm_id":3628668290,"@id":"node/3628668290"}},{"type":"Feature","id":"node/3628668291","geometry":{"type":"Point","coordinates":[4.8519932,44.0158027]},"properties":{"name":"Sorgues","traffic_sign":"city_limit","osm_id":3628668291,"@id":"node/3628668291"}},{"type":"Feature","id":"node/3628689017","geometry":{"type":"Point","coordinates":[4.8638366,44.0351363]},"properties":{"name":"B\u00e9darrides","traffic_sign":"city_limit","osm_id":3628689017,"@id":"node/3628689017"}},{"type":"Feature","id":"node/3628689018","geometry":{"type":"Point","coordinates":[4.8639604,44.0351545]},"properties":{"name":"B\u00e9darrides","traffic_sign":"city_limit","osm_id":3628689018,"@id":"node/3628689018"}},{"type":"Feature","id":"node/3628719533","geometry":{"type":"Point","coordinates":[4.8807328,43.9989581]},"properties":{"name":"Sorgues","traffic_sign":"city_limit","osm_id":3628719533,"@id":"node/3628719533"}},{"type":"Feature","id":"node/3628719534","geometry":{"type":"Point","coordinates":[4.8808384,43.9990544]},"properties":{"name":"Sorgues","traffic_sign":"city_limit","osm_id":3628719534,"@id":"node/3628719534"}},{"type":"Feature","id":"node/3628719535","geometry":{"type":"Point","coordinates":[4.904874,44.003149]},"properties":{"name":"Sorgues","traffic_sign":"city_limit","osm_id":3628719535,"@id":"node/3628719535"}},{"type":"Feature","id":"node/3628719536","geometry":{"type":"Point","coordinates":[4.9049201,44.003239]},"properties":{"name":"Sorgues","traffic_sign":"city_limit","osm_id":3628719536,"@id":"node/3628719536"}},{"type":"Feature","id":"node/3628723526","geometry":{"type":"Point","coordinates":[4.8839097,44.0195443]},"properties":{"city_limit":"end","mapillary":"1369134954123021","name":"Sorgues","traffic_sign":"city_limit","osm_id":3628723526,"@id":"node/3628723526"}},{"type":"Feature","id":"node/3628723527","geometry":{"type":"Point","coordinates":[4.8837146,44.0195343]},"properties":{"city_limit":"begin","name":"Sorgues","panoramax":"bcab74c3-a70b-45aa-9cbe-35ac54dcd001","traffic_sign":"city_limit","osm_id":3628723527,"@id":"node/3628723527"}},{"type":"Feature","id":"node/3628734194","geometry":{"type":"Point","coordinates":[4.8677432,43.9919755]},"properties":{"name":"Sorgues","traffic_sign":"city_limit","osm_id":3628734194,"@id":"node/3628734194"}},{"type":"Feature","id":"node/3628734195","geometry":{"type":"Point","coordinates":[4.8677184,43.9920733]},"properties":{"name":"Sorgues","traffic_sign":"city_limit","osm_id":3628734195,"@id":"node/3628734195"}},{"type":"Feature","id":"node/3628773082","geometry":{"type":"Point","coordinates":[4.8672815,43.9988164]},"properties":{"city_limit":"end","name":"Sorgues","traffic_sign":"city_limit","osm_id":3628773082,"@id":"node/3628773082"}},{"type":"Feature","id":"node/3628838687","geometry":{"type":"Point","coordinates":[4.8651445,44.0102659]},"properties":{"name":"Sorgues","traffic_sign":"city_limit","osm_id":3628838687,"@id":"node/3628838687"}},{"type":"Feature","id":"node/3628838688","geometry":{"type":"Point","coordinates":[4.8642099,44.0108062]},"properties":{"name":"Sorgues","traffic_sign":"city_limit","osm_id":3628838688,"@id":"node/3628838688"}},{"type":"Feature","id":"node/3629008398","geometry":{"type":"Point","coordinates":[4.9066748,44.0428429]},"properties":{"name":"B\u00e9darrides","traffic_sign":"city_limit","osm_id":3629008398,"@id":"node/3629008398"}},{"type":"Feature","id":"node/3629008399","geometry":{"type":"Point","coordinates":[4.9066807,44.0427579]},"properties":{"name":"B\u00e9darrides","traffic_sign":"city_limit","osm_id":3629008399,"@id":"node/3629008399"}},{"type":"Feature","id":"node/3629032159","geometry":{"type":"Point","coordinates":[4.8787825,44.0356381]},"properties":{"name":"B\u00e9darrides","traffic_sign":"city_limit","osm_id":3629032159,"@id":"node/3629032159"}},{"type":"Feature","id":"node/3629032160","geometry":{"type":"Point","coordinates":[4.8789729,44.0357177]},"properties":{"name":"B\u00e9darrides","traffic_sign":"city_limit","osm_id":3629032160,"@id":"node/3629032160"}},{"type":"Feature","id":"node/3629033986","geometry":{"type":"Point","coordinates":[4.8881017,44.0401868]},"properties":{"city_limit":"begin","name":"B\u00e9darrides","traffic_sign":"city_limit","osm_id":3629033986,"@id":"node/3629033986"}},{"type":"Feature","id":"node/3629033987","geometry":{"type":"Point","coordinates":[4.8880747,44.0403457]},"properties":{"name":"B\u00e9darrides","traffic_sign":"city_limit","osm_id":3629033987,"@id":"node/3629033987"}},{"type":"Feature","id":"node/3629040353","geometry":{"type":"Point","coordinates":[4.8893527,44.0432678]},"properties":{"name":"B\u00e9darrides","traffic_sign":"city_limit","osm_id":3629040353,"@id":"node/3629040353"}},{"type":"Feature","id":"node/3629040354","geometry":{"type":"Point","coordinates":[4.8891578,44.0433057]},"properties":{"name":"B\u00e9darrides","traffic_sign":"city_limit","osm_id":3629040354,"@id":"node/3629040354"}},{"type":"Feature","id":"node/3629346707","geometry":{"type":"Point","coordinates":[4.8886691,44.0786129]},"properties":{"name":"Courth\u00e9zon","traffic_sign":"city_limit","osm_id":3629346707,"@id":"node/3629346707"}},{"type":"Feature","id":"node/3629346708","geometry":{"type":"Point","coordinates":[4.8885407,44.0785008]},"properties":{"name":"Courth\u00e9zon","traffic_sign":"city_limit","osm_id":3629346708,"@id":"node/3629346708"}},{"type":"Feature","id":"node/3629346709","geometry":{"type":"Point","coordinates":[4.889661,44.0818022]},"properties":{"name":"Courth\u00e9zon","traffic_sign":"city_limit","osm_id":3629346709,"@id":"node/3629346709"}},{"type":"Feature","id":"node/3629346710","geometry":{"type":"Point","coordinates":[4.8902204,44.0909482]},"properties":{"city_limit":"end","name":"Courth\u00e9zon","traffic_sign":"city_limit","osm_id":3629346710,"@id":"node/3629346710"}},{"type":"Feature","id":"node/3629346711","geometry":{"type":"Point","coordinates":[4.8902834,44.0908925]},"properties":{"city_limit":"end","mapillary":"1759218854415000","name":"Courth\u00e9zon","traffic_sign":"city_limit","osm_id":3629346711,"@id":"node/3629346711"}},{"type":"Feature","id":"node/3630621303","geometry":{"type":"Point","coordinates":[4.8964251,44.12963]},"properties":{"name":"Jonqui\u00e8res","traffic_sign":"city_limit","osm_id":3630621303,"@id":"node/3630621303"}},{"type":"Feature","id":"node/3630621304","geometry":{"type":"Point","coordinates":[4.8965522,44.1296643]},"properties":{"name":"Jonqui\u00e8res","traffic_sign":"city_limit","osm_id":3630621304,"@id":"node/3630621304"}},{"type":"Feature","id":"node/3630727462","geometry":{"type":"Point","coordinates":[4.7626505,44.1081599]},"properties":{"name":"Caderousse","traffic_sign":"city_limit","osm_id":3630727462,"@id":"node/3630727462"}},{"type":"Feature","id":"node/3630728119","geometry":{"type":"Point","coordinates":[4.7611656,44.0964694]},"properties":{"alt_name":"Cadarousso","name":"Caderousse","traffic_sign":"city_limit","osm_id":3630728119,"@id":"node/3630728119"}},{"type":"Feature","id":"node/3630728120","geometry":{"type":"Point","coordinates":[4.7613066,44.0965383]},"properties":{"alt_name":"Cadarousso","name":"Caderousse","traffic_sign":"city_limit","osm_id":3630728120,"@id":"node/3630728120"}},{"type":"Feature","id":"node/3630732147","geometry":{"type":"Point","coordinates":[4.7541905,44.0999658]},"properties":{"name":"Caderousse","traffic_sign":"city_limit","osm_id":3630732147,"@id":"node/3630732147"}},{"type":"Feature","id":"node/3630739236","geometry":{"type":"Point","coordinates":[4.7654743,44.0989544]},"properties":{"name":"Caderousse","traffic_sign":"city_limit","osm_id":3630739236,"@id":"node/3630739236"}},{"type":"Feature","id":"node/3630739237","geometry":{"type":"Point","coordinates":[4.7658775,44.0990148]},"properties":{"name":"Caderousse","traffic_sign":"city_limit","osm_id":3630739237,"@id":"node/3630739237"}},{"type":"Feature","id":"node/3631357500","geometry":{"type":"Point","coordinates":[4.9086059,44.049769]},"properties":{"name":"B\u00e9darrides","traffic_sign":"city_limit","osm_id":3631357500,"@id":"node/3631357500"}},{"type":"Feature","id":"node/3716578414","geometry":{"type":"Point","coordinates":[5.3953146,44.0937514]},"properties":{"city_limit":"begin","mapillary":"1297461515619514","name":"La Loge","ref":"D 942","traffic_sign":"city_limit","osm_id":3716578414,"@id":"node/3716578414"}},{"type":"Feature","id":"node/3716853555","geometry":{"type":"Point","coordinates":[4.936503,43.9911391]},"properties":{"name":"Quartier Malgouvert","traffic_sign":"city_limit","osm_id":3716853555,"@id":"node/3716853555"}},{"type":"Feature","id":"node/3729357010","geometry":{"type":"Point","coordinates":[5.3712416,43.8908156]},"properties":{"name":"Apt","traffic_sign":"city_limit","osm_id":3729357010,"@id":"node/3729357010"}},{"type":"Feature","id":"node/3733144995","geometry":{"type":"Point","coordinates":[5.3568194,44.063745]},"properties":{"name":"Monieux","traffic_sign":"city_limit","osm_id":3733144995,"@id":"node/3733144995"}},{"type":"Feature","id":"node/3894888923","geometry":{"type":"Point","coordinates":[4.8360341,44.0465932]},"properties":{"name":"Ch\u00e2teauneuf-du-Pape","traffic_sign":"city_limit","osm_id":3894888923,"@id":"node/3894888923"}},{"type":"Feature","id":"node/3894888924","geometry":{"type":"Point","coordinates":[4.8359878,44.0471958]},"properties":{"name":"Ch\u00e2teauneuf-du-Pape","traffic_sign":"city_limit","osm_id":3894888924,"@id":"node/3894888924"}},{"type":"Feature","id":"node/3894888925","geometry":{"type":"Point","coordinates":[4.8377535,44.0473212]},"properties":{"name":"Ch\u00e2teauneuf-du-Pape","traffic_sign":"city_limit","osm_id":3894888925,"@id":"node/3894888925"}},{"type":"Feature","id":"node/3894888926","geometry":{"type":"Point","coordinates":[4.8378005,44.0473995]},"properties":{"name":"Ch\u00e2teauneuf-du-Pape","traffic_sign":"city_limit","osm_id":3894888926,"@id":"node/3894888926"}},{"type":"Feature","id":"node/3894888927","geometry":{"type":"Point","coordinates":[4.8418228,44.0626831]},"properties":{"direction":"230","name":"Ch\u00e2teauneuf-du-Pape","traffic_sign":"city_limit","osm_id":3894888927,"@id":"node/3894888927"}},{"type":"Feature","id":"node/3894888932","geometry":{"type":"Point","coordinates":[4.87936,44.0805864]},"properties":{"name":"Les Sourci\u00e8res","traffic_sign":"city_limit","osm_id":3894888932,"@id":"node/3894888932"}},{"type":"Feature","id":"node/3894888933","geometry":{"type":"Point","coordinates":[4.8795867,44.080489]},"properties":{"name":"Les Sourci\u00e8res","traffic_sign":"city_limit","osm_id":3894888933,"@id":"node/3894888933"}},{"type":"Feature","id":"node/3894888934","geometry":{"type":"Point","coordinates":[4.878775,44.0824206]},"properties":{"name":"Les Sourci\u00e8res","traffic_sign":"city_limit","osm_id":3894888934,"@id":"node/3894888934"}},{"type":"Feature","id":"node/3894888935","geometry":{"type":"Point","coordinates":[4.8787462,44.0825507]},"properties":{"name":"Les Sourci\u00e8res","traffic_sign":"city_limit","osm_id":3894888935,"@id":"node/3894888935"}},{"type":"Feature","id":"node/3894888936","geometry":{"type":"Point","coordinates":[4.8782509,44.087279]},"properties":{"name":"Courth\u00e9zon","traffic_sign":"city_limit","osm_id":3894888936,"@id":"node/3894888936"}},{"type":"Feature","id":"node/3894888937","geometry":{"type":"Point","coordinates":[4.8923898,44.0904056]},"properties":{"city_limit":"end","name":"Courth\u00e9zon","panoramax":"cedc15b9-e194-4823-b4f4-17246423ddc7","traffic_sign":"city_limit","osm_id":3894888937,"@id":"node/3894888937"}},{"type":"Feature","id":"node/3894888938","geometry":{"type":"Point","coordinates":[4.892267,44.0904351]},"properties":{"name":"Courth\u00e9zon","traffic_sign":"city_limit","osm_id":3894888938,"@id":"node/3894888938"}},{"type":"Feature","id":"node/3894888939","geometry":{"type":"Point","coordinates":[4.8822656,44.0948458]},"properties":{"name":"Courth\u00e9zon","traffic_sign":"city_limit","osm_id":3894888939,"@id":"node/3894888939"}},{"type":"Feature","id":"node/3895014286","geometry":{"type":"Point","coordinates":[4.8805763,44.0817526]},"properties":{"traffic_sign":"city_limit","osm_id":3895014286,"@id":"node/3895014286"}},{"type":"Feature","id":"node/3895175402","geometry":{"type":"Point","coordinates":[4.8806471,44.0819386]},"properties":{"name":"Courth\u00e9zon","traffic_sign":"city_limit","osm_id":3895175402,"@id":"node/3895175402"}},{"type":"Feature","id":"node/3895175403","geometry":{"type":"Point","coordinates":[4.8747996,44.0915431]},"properties":{"name":"La Plantade","traffic_sign":"city_limit","osm_id":3895175403,"@id":"node/3895175403"}},{"type":"Feature","id":"node/3895175404","geometry":{"type":"Point","coordinates":[4.8744842,44.0917108]},"properties":{"name":"La Plantade","traffic_sign":"city_limit","osm_id":3895175404,"@id":"node/3895175404"}},{"type":"Feature","id":"node/3895175405","geometry":{"type":"Point","coordinates":[4.8666664,44.0949197]},"properties":{"name":"La Plantade","traffic_sign":"city_limit","osm_id":3895175405,"@id":"node/3895175405"}},{"type":"Feature","id":"node/3895175406","geometry":{"type":"Point","coordinates":[4.8667162,44.0948447]},"properties":{"name":"La Plantade","traffic_sign":"city_limit","osm_id":3895175406,"@id":"node/3895175406"}},{"type":"Feature","id":"node/3895222884","geometry":{"type":"Point","coordinates":[4.8802171,44.0814605]},"properties":{"name":"Courth\u00e9zon","traffic_sign":"city_limit","osm_id":3895222884,"@id":"node/3895222884"}},{"type":"Feature","id":"node/3895222885","geometry":{"type":"Point","coordinates":[4.8802336,44.0816985]},"properties":{"name":"Courth\u00e9zon","traffic_sign":"city_limit","osm_id":3895222885,"@id":"node/3895222885"}},{"type":"Feature","id":"node/3901863726","geometry":{"type":"Point","coordinates":[5.3161871,43.8226937]},"properties":{"name":"Bonnieux","traffic_sign":"city_limit","osm_id":3901863726,"@id":"node/3901863726"}},{"type":"Feature","id":"node/3901863727","geometry":{"type":"Point","coordinates":[5.3139806,43.8265111]},"properties":{"name":"Bonnieux","traffic_sign":"city_limit","osm_id":3901863727,"@id":"node/3901863727"}},{"type":"Feature","id":"node/3901863728","geometry":{"type":"Point","coordinates":[5.2488293,43.8630779]},"properties":{"name":"Goult","traffic_sign":"city_limit","osm_id":3901863728,"@id":"node/3901863728"}},{"type":"Feature","id":"node/3901863729","geometry":{"type":"Point","coordinates":[5.2303316,43.8590072]},"properties":{"name":"Lumi\u00e8res","traffic_sign":"city_limit","osm_id":3901863729,"@id":"node/3901863729"}},{"type":"Feature","id":"node/3901863730","geometry":{"type":"Point","coordinates":[5.2302397,43.8590388]},"properties":{"name":"Lumi\u00e8res","traffic_sign":"city_limit","osm_id":3901863730,"@id":"node/3901863730"}},{"type":"Feature","id":"node/3901863731","geometry":{"type":"Point","coordinates":[5.2339671,43.8606032]},"properties":{"name":"Lumi\u00e8res","traffic_sign":"city_limit","osm_id":3901863731,"@id":"node/3901863731"}},{"type":"Feature","id":"node/3901863732","geometry":{"type":"Point","coordinates":[5.4927454,43.7571881]},"properties":{"name":"Sannes","traffic_sign":"city_limit","osm_id":3901863732,"@id":"node/3901863732"}},{"type":"Feature","id":"node/3901863733","geometry":{"type":"Point","coordinates":[5.4882194,43.7575776]},"properties":{"name":"Sannes","traffic_sign":"city_limit","osm_id":3901863733,"@id":"node/3901863733"}},{"type":"Feature","id":"node/3901903364","geometry":{"type":"Point","coordinates":[5.1371963,43.868594]},"properties":{"name":"Coustellet","traffic_sign":"city_limit","osm_id":3901903364,"@id":"node/3901903364"}},{"type":"Feature","id":"node/3901909630","geometry":{"type":"Point","coordinates":[5.0067018,43.8826497]},"properties":{"name":"Les Vign\u00e8res","traffic_sign":"city_limit","osm_id":3901909630,"@id":"node/3901909630"}},{"type":"Feature","id":"node/3901909631","geometry":{"type":"Point","coordinates":[5.0067986,43.8826585]},"properties":{"name":"Les Vign\u00e8res","traffic_sign":"city_limit","osm_id":3901909631,"@id":"node/3901909631"}},{"type":"Feature","id":"node/3979534213","geometry":{"type":"Point","coordinates":[5.1520583,43.8672729]},"properties":{"name":"Coustellet","traffic_sign":"city_limit","osm_id":3979534213,"@id":"node/3979534213"}},{"type":"Feature","id":"node/4075584421","geometry":{"type":"Point","coordinates":[4.9669018,43.8859435]},"properties":{"name":"Caumont-sur-Durance","traffic_sign":"city_limit","osm_id":4075584421,"@id":"node/4075584421"}},{"type":"Feature","id":"node/4083284447","geometry":{"type":"Point","coordinates":[5.0320705,43.8279595]},"properties":{"name":"Cavaillon","traffic_sign":"city_limit","traffic_sign:direction":"backward","osm_id":4083284447,"@id":"node/4083284447"}},{"type":"Feature","id":"node/4083344730","geometry":{"type":"Point","coordinates":[5.039897,43.8565268]},"properties":{"name":"Cavaillon","traffic_sign":"city_limit","osm_id":4083344730,"@id":"node/4083344730"}},{"type":"Feature","id":"node/4086743012","geometry":{"type":"Point","coordinates":[5.0762534,43.8005605]},"properties":{"name":"Cheval-Blanc - La Canebi\u00e8re","traffic_sign":"city_limit","traffic_sign:direction":"forward","osm_id":4086743012,"@id":"node/4086743012"}},{"type":"Feature","id":"node/4089023280","geometry":{"type":"Point","coordinates":[4.9482434,43.9197442]},"properties":{"name":"Ch\u00e2teauneuf-de-Gadagne","traffic_sign":"city_limit","osm_id":4089023280,"@id":"node/4089023280"}},{"type":"Feature","id":"node/4092162482","geometry":{"type":"Point","coordinates":[4.9421111,43.9456195]},"properties":{"name":"Jonquerettes","traffic_sign":"city_limit","osm_id":4092162482,"@id":"node/4092162482"}},{"type":"Feature","id":"node/4092261376","geometry":{"type":"Point","coordinates":[4.9248755,43.9662726]},"properties":{"name":"Saint-Saturnin-les-Avignon","traffic_sign":"city_limit","osm_id":4092261376,"@id":"node/4092261376"}},{"type":"Feature","id":"node/4172914533","geometry":{"type":"Point","coordinates":[5.7360529,43.7328653]},"properties":{"name":"Le Plan","traffic_sign":"city_limit","osm_id":4172914533,"@id":"node/4172914533"}},{"type":"Feature","id":"node/4172926478","geometry":{"type":"Point","coordinates":[5.7338802,43.7292877]},"properties":{"name":"Le Plan","traffic_sign":"city_limit","osm_id":4172926478,"@id":"node/4172926478"}},{"type":"Feature","id":"node/4252185669","geometry":{"type":"Point","coordinates":[4.9536462,43.998347]},"properties":{"city_limit":"both","mapillary":"536109948840727","name":"Les Hautures","ref":"D 16","traffic_sign":"city_limit","osm_id":4252185669,"@id":"node/4252185669"}},{"type":"Feature","id":"node/4296095806","geometry":{"type":"Point","coordinates":[5.5095926,43.6820331]},"properties":{"name":"Pertuis","traffic_sign":"city_limit","osm_id":4296095806,"@id":"node/4296095806"}},{"type":"Feature","id":"node/4296095807","geometry":{"type":"Point","coordinates":[5.5031408,43.6840944]},"properties":{"name":"Pertuis","traffic_sign":"city_limit","osm_id":4296095807,"@id":"node/4296095807"}},{"type":"Feature","id":"node/4296152423","geometry":{"type":"Point","coordinates":[5.4962264,43.6867606]},"properties":{"name":"Pertuis","traffic_sign":"city_limit","osm_id":4296152423,"@id":"node/4296152423"}},{"type":"Feature","id":"node/4359141743","geometry":{"type":"Point","coordinates":[5.5245822,43.8516992]},"properties":{"name":"La B\u00e9gude","traffic_sign":"city_limit","osm_id":4359141743,"@id":"node/4359141743"}},{"type":"Feature","id":"node/4460332538","geometry":{"type":"Point","coordinates":[5.5811222,43.7909108]},"properties":{"name":"Les Dones","traffic_sign":"city_limit","osm_id":4460332538,"@id":"node/4460332538"}},{"type":"Feature","id":"node/4568562396","geometry":{"type":"Point","coordinates":[5.51967,43.852209]},"properties":{"name":"La B\u00e9gude","traffic_sign":"city_limit","osm_id":4568562396,"@id":"node/4568562396"}},{"type":"Feature","id":"node/4568562397","geometry":{"type":"Point","coordinates":[5.5195326,43.8520853]},"properties":{"name":"La B\u00e9gude","traffic_sign":"city_limit","osm_id":4568562397,"@id":"node/4568562397"}},{"type":"Feature","id":"node/4741123123","geometry":{"type":"Point","coordinates":[5.0325483,43.8276452]},"properties":{"name":"Cavaillon","name:oc":"Cavalhon","traffic_sign":"city_limit","osm_id":4741123123,"@id":"node/4741123123"}},{"type":"Feature","id":"node/4805993681","geometry":{"type":"Point","coordinates":[5.2554633,44.1804353]},"properties":{"name":"Le Mont Serein","traffic_sign":"city_limit","osm_id":4805993681,"@id":"node/4805993681"}},{"type":"Feature","id":"node/4938092851","geometry":{"type":"Point","coordinates":[5.5643957,43.897352]},"properties":{"name":"Viens","traffic_sign":"city_limit","osm_id":4938092851,"@id":"node/4938092851"}},{"type":"Feature","id":"node/4938138477","geometry":{"type":"Point","coordinates":[5.4911188,43.8816215]},"properties":{"name":"Caseneuve","traffic_sign":"city_limit","osm_id":4938138477,"@id":"node/4938138477"}},{"type":"Feature","id":"node/4938146966","geometry":{"type":"Point","coordinates":[5.5104339,43.8625245]},"properties":{"name":"Saint-Martin-de-Castillon","traffic_sign":"city_limit","osm_id":4938146966,"@id":"node/4938146966"}},{"type":"Feature","id":"node/4948938333","geometry":{"type":"Point","coordinates":[4.8794981,44.1687604]},"properties":{"traffic_sign":"city_limit","osm_id":4948938333,"@id":"node/4948938333"}},{"type":"Feature","id":"node/4952236440","geometry":{"type":"Point","coordinates":[5.3072072,43.7462674]},"properties":{"name":"Lauris","traffic_sign":"city_limit","osm_id":4952236440,"@id":"node/4952236440"}},{"type":"Feature","id":"node/4961626709","geometry":{"type":"Point","coordinates":[5.1715904,43.8468949]},"properties":{"name":"Opp\u00e8de","traffic_sign":"city_limit","osm_id":4961626709,"@id":"node/4961626709"}},{"type":"Feature","id":"node/4963706687","geometry":{"type":"Point","coordinates":[5.193763,43.7531498]},"properties":{"name":"M\u00e9rindol","traffic_sign":"city_limit","osm_id":4963706687,"@id":"node/4963706687"}},{"type":"Feature","id":"node/4987979463","geometry":{"type":"Point","coordinates":[5.1117402,43.9140669]},"properties":{"name":"Galas","traffic_sign":"city_limit","osm_id":4987979463,"@id":"node/4987979463"}},{"type":"Feature","id":"node/5005287273","geometry":{"type":"Point","coordinates":[4.9130611,43.9946191]},"properties":{"name":"Entraigues sur la Sorgue","traffic_sign":"city_limit","osm_id":5005287273,"@id":"node/5005287273"}},{"type":"Feature","id":"node/5005287274","geometry":{"type":"Point","coordinates":[4.9130142,43.9946469]},"properties":{"name":"Entraigues sur la Sorgue","traffic_sign":"city_limit","osm_id":5005287274,"@id":"node/5005287274"}},{"type":"Feature","id":"node/5019828946","geometry":{"type":"Point","coordinates":[5.5911574,43.7609014]},"properties":{"name":"Grambois","traffic_sign":"city_limit","osm_id":5019828946,"@id":"node/5019828946"}},{"type":"Feature","id":"node/5038717494","geometry":{"type":"Point","coordinates":[5.1425713,44.1691594]},"properties":{"name":"Malauc\u00e8ne","traffic_sign":"city_limit","osm_id":5038717494,"@id":"node/5038717494"}},{"type":"Feature","id":"node/5338606665","geometry":{"type":"Point","coordinates":[5.0956393,44.2209744]},"properties":{"name":"Crestet","traffic_sign":"city_limit","osm_id":5338606665,"@id":"node/5338606665"}},{"type":"Feature","id":"node/5412750859","geometry":{"type":"Point","coordinates":[5.0521983,44.0677185]},"properties":{"city_limit":"both","name":"Carpentras","traffic_sign":"city_limit","osm_id":5412750859,"@id":"node/5412750859"}},{"type":"Feature","id":"node/5418399931","geometry":{"type":"Point","coordinates":[5.1054584,43.9794114]},"properties":{"name":"La Roque-sur-Pernes","traffic_sign":"city_limit","osm_id":5418399931,"@id":"node/5418399931"}},{"type":"Feature","id":"node/5523127848","geometry":{"type":"Point","coordinates":[5.0575612,44.2353523]},"properties":{"name":"Vaison-la-Romaine","traffic_sign":"city_limit","osm_id":5523127848,"@id":"node/5523127848"}},{"type":"Feature","id":"node/5756852039","geometry":{"type":"Point","coordinates":[5.3372526,43.8795212]},"properties":{"name":"Le Ch\u00eane","traffic_sign":"city_limit","osm_id":5756852039,"@id":"node/5756852039"}},{"type":"Feature","id":"node/5756879021","geometry":{"type":"Point","coordinates":[5.342512,43.8806433]},"properties":{"name":"Le Ch\u00eane","traffic_sign":"city_limit","osm_id":5756879021,"@id":"node/5756879021"}},{"type":"Feature","id":"node/5812811556","geometry":{"type":"Point","coordinates":[4.7709886,43.9310492]},"properties":{"name":"Avignon","traffic_sign":"city_limit","osm_id":5812811556,"@id":"node/5812811556"}},{"type":"Feature","id":"node/5812811557","geometry":{"type":"Point","coordinates":[4.7710483,43.9310269]},"properties":{"name":"Avignon","traffic_sign":"city_limit","osm_id":5812811557,"@id":"node/5812811557"}},{"type":"Feature","id":"node/5923624064","geometry":{"type":"Point","coordinates":[5.2413736,43.9179543]},"properties":{"name":"La Vignasse","traffic_sign":"city_limit","osm_id":5923624064,"@id":"node/5923624064"}},{"type":"Feature","id":"node/6210171200","geometry":{"type":"Point","coordinates":[5.0253676,44.1088934]},"properties":{"name":"Aubignan","traffic_sign":"city_limit","traffic_sign:direction":"forward","osm_id":6210171200,"@id":"node/6210171200"}},{"type":"Feature","id":"node/6210171201","geometry":{"type":"Point","coordinates":[5.0253551,44.1088216]},"properties":{"name":"Aubignan","traffic_sign":"city_limit","traffic_sign:direction":"backward","osm_id":6210171201,"@id":"node/6210171201"}},{"type":"Feature","id":"node/6511797123","geometry":{"type":"Point","coordinates":[5.0498915,43.9026603]},"properties":{"name":"Velorgues","traffic_sign":"city_limit","osm_id":6511797123,"@id":"node/6511797123"}},{"type":"Feature","id":"node/6511797130","geometry":{"type":"Point","coordinates":[5.0482024,43.9115809]},"properties":{"name":"L'Isle-sur-Sorgue","traffic_sign":"city_limit","osm_id":6511797130,"@id":"node/6511797130"}},{"type":"Feature","id":"node/6679519180","geometry":{"type":"Point","coordinates":[4.9367639,43.9524191]},"properties":{"direction":"backward","name":"Jonquerettes","traffic_sign":"city_limit","osm_id":6679519180,"@id":"node/6679519180"}},{"type":"Feature","id":"node/6679628911","geometry":{"type":"Point","coordinates":[4.9367601,43.9524237]},"properties":{"direction":"forward","name":"Saint-Saturnin-les-Avignon","traffic_sign":"city_limit","osm_id":6679628911,"@id":"node/6679628911"}},{"type":"Feature","id":"node/6680077483","geometry":{"type":"Point","coordinates":[4.9147998,43.9879283]},"properties":{"name":"Ved\u00e8ne","traffic_sign":"city_limit","osm_id":6680077483,"@id":"node/6680077483"}},{"type":"Feature","id":"node/6753257447","geometry":{"type":"Point","coordinates":[4.8874681,44.034063]},"properties":{"name":"B\u00e9darrides","traffic_sign":"city_limit","osm_id":6753257447,"@id":"node/6753257447"}},{"type":"Feature","id":"node/6753257448","geometry":{"type":"Point","coordinates":[4.8877893,44.0341763]},"properties":{"name":"B\u00e9darrides","traffic_sign":"city_limit","osm_id":6753257448,"@id":"node/6753257448"}},{"type":"Feature","id":"node/6755411125","geometry":{"type":"Point","coordinates":[5.0032294,44.02384]},"properties":{"city_limit":"end","name":"Monteux","panoramax":"eb7665c0-9512-4fdb-9877-39953a09d79b","ref":"D 31","traffic_sign":"city_limit","osm_id":6755411125,"@id":"node/6755411125"}},{"type":"Feature","id":"node/6755411126","geometry":{"type":"Point","coordinates":[5.0033478,44.0238902]},"properties":{"city_limit":"begin","mapillary":"219019043615757","name":"Monteux","panoramax":"4cce32bb-9029-49fb-aceb-302456af71d1","traffic_sign":"city_limit","osm_id":6755411126,"@id":"node/6755411126"}},{"type":"Feature","id":"node/6755411127","geometry":{"type":"Point","coordinates":[4.9886191,44.0385793]},"properties":{"name":"Monteux","traffic_sign":"city_limit","osm_id":6755411127,"@id":"node/6755411127"}},{"type":"Feature","id":"node/6755411128","geometry":{"type":"Point","coordinates":[4.9886137,44.0386699]},"properties":{"name":"Monteux","traffic_sign":"city_limit","osm_id":6755411128,"@id":"node/6755411128"}},{"type":"Feature","id":"node/6755411129","geometry":{"type":"Point","coordinates":[4.9987625,44.0454364]},"properties":{"name":"Monteux","traffic_sign":"city_limit","osm_id":6755411129,"@id":"node/6755411129"}},{"type":"Feature","id":"node/6755411130","geometry":{"type":"Point","coordinates":[4.9989087,44.0454446]},"properties":{"name":"Monteux","traffic_sign":"city_limit","osm_id":6755411130,"@id":"node/6755411130"}},{"type":"Feature","id":"node/6755411131","geometry":{"type":"Point","coordinates":[4.9872502,44.0430143]},"properties":{"name":"Monteux","traffic_sign":"city_limit","osm_id":6755411131,"@id":"node/6755411131"}},{"type":"Feature","id":"node/6755411132","geometry":{"type":"Point","coordinates":[4.9873428,44.0430341]},"properties":{"name":"Monteux","traffic_sign":"city_limit","osm_id":6755411132,"@id":"node/6755411132"}},{"type":"Feature","id":"node/6755440822","geometry":{"type":"Point","coordinates":[5.0105981,44.0304684]},"properties":{"name":"Monteux","traffic_sign":"city_limit","osm_id":6755440822,"@id":"node/6755440822"}},{"type":"Feature","id":"node/6755440823","geometry":{"type":"Point","coordinates":[5.0106705,44.030506]},"properties":{"name":"Monteux","traffic_sign":"city_limit","osm_id":6755440823,"@id":"node/6755440823"}},{"type":"Feature","id":"node/6755482575","geometry":{"type":"Point","coordinates":[4.9553149,44.0124183]},"properties":{"city_limit":"begin","name":"Althen-des-Paluds","panoramax":"80487e24-090a-4d04-b9a7-865501fff018","traffic_sign":"city_limit","osm_id":6755482575,"@id":"node/6755482575"}},{"type":"Feature","id":"node/6755482576","geometry":{"type":"Point","coordinates":[4.9554173,44.0124963]},"properties":{"city_limit":"end","name":"Althen-des-Paluds","traffic_sign":"city_limit","osm_id":6755482576,"@id":"node/6755482576"}},{"type":"Feature","id":"node/6755482577","geometry":{"type":"Point","coordinates":[5.0126498,44.0378001]},"properties":{"name":"Monteux","traffic_sign":"city_limit","osm_id":6755482577,"@id":"node/6755482577"}},{"type":"Feature","id":"node/6755482578","geometry":{"type":"Point","coordinates":[5.0126297,44.037885]},"properties":{"name":"Monteux","traffic_sign":"city_limit","osm_id":6755482578,"@id":"node/6755482578"}},{"type":"Feature","id":"node/6755482579","geometry":{"type":"Point","coordinates":[5.0481944,44.0108977]},"properties":{"name":"Pernes les Fontaines","traffic_sign":"city_limit","osm_id":6755482579,"@id":"node/6755482579"}},{"type":"Feature","id":"node/6755482580","geometry":{"type":"Point","coordinates":[5.0482212,44.010998]},"properties":{"name":"Pernes les Fontaines","traffic_sign":"city_limit","osm_id":6755482580,"@id":"node/6755482580"}},{"type":"Feature","id":"node/6755639017","geometry":{"type":"Point","coordinates":[4.9534674,43.9991552]},"properties":{"city_limit":"begin","name":"Althen-des-Paluds","traffic_sign":"city_limit","osm_id":6755639017,"@id":"node/6755639017"}},{"type":"Feature","id":"node/6755639018","geometry":{"type":"Point","coordinates":[4.9533661,43.9992196]},"properties":{"city_limit":"end","name":"Althen-des-Paluds","panoramax":"53ac1e8f-26df-4a15-b601-4a42e15d5301","traffic_sign":"city_limit","osm_id":6755639018,"@id":"node/6755639018"}},{"type":"Feature","id":"node/6755639019","geometry":{"type":"Point","coordinates":[4.9601231,43.9994669]},"properties":{"name":"Althen des Paluds","traffic_sign":"city_limit","osm_id":6755639019,"@id":"node/6755639019"}},{"type":"Feature","id":"node/6755639020","geometry":{"type":"Point","coordinates":[4.9600976,43.9995103]},"properties":{"name":"Althen des Paluds","traffic_sign":"city_limit","osm_id":6755639020,"@id":"node/6755639020"}},{"type":"Feature","id":"node/6755639021","geometry":{"type":"Point","coordinates":[4.9503741,44.001523]},"properties":{"alt_name":"Les Hautures","name":"Althen des Paluds","traffic_sign":"city_limit","osm_id":6755639021,"@id":"node/6755639021"}},{"type":"Feature","id":"node/6755639022","geometry":{"type":"Point","coordinates":[4.9503868,44.0015573]},"properties":{"alt_name":"Les Hautures","name":"Althen des Paluds","traffic_sign":"city_limit","osm_id":6755639022,"@id":"node/6755639022"}},{"type":"Feature","id":"node/6755639023","geometry":{"type":"Point","coordinates":[4.9677365,44.0019404]},"properties":{"name":"Althen des Paluds","traffic_sign":"city_limit","osm_id":6755639023,"@id":"node/6755639023"}},{"type":"Feature","id":"node/6755639024","geometry":{"type":"Point","coordinates":[4.9678116,44.001979]},"properties":{"name":"Althen des Paluds","traffic_sign":"city_limit","osm_id":6755639024,"@id":"node/6755639024"}},{"type":"Feature","id":"node/6755639025","geometry":{"type":"Point","coordinates":[4.9705115,44.0275918]},"properties":{"name":"Monteux","traffic_sign":"city_limit","osm_id":6755639025,"@id":"node/6755639025"}},{"type":"Feature","id":"node/6755639026","geometry":{"type":"Point","coordinates":[4.9704183,44.0276704]},"properties":{"name":"Monteux","traffic_sign":"city_limit","osm_id":6755639026,"@id":"node/6755639026"}},{"type":"Feature","id":"node/6755669379","geometry":{"type":"Point","coordinates":[5.0678918,44.0088926]},"properties":{"name":"Pernes les Fontaines","traffic_sign":"city_limit","osm_id":6755669379,"@id":"node/6755669379"}},{"type":"Feature","id":"node/6755669380","geometry":{"type":"Point","coordinates":[5.0678019,44.008938]},"properties":{"name":"Pernes les Fontaines","traffic_sign":"city_limit","osm_id":6755669380,"@id":"node/6755669380"}},{"type":"Feature","id":"node/6755669381","geometry":{"type":"Point","coordinates":[5.0507069,44.0104441]},"properties":{"name":"Pernes les Fontaines","traffic_sign":"city_limit","osm_id":6755669381,"@id":"node/6755669381"}},{"type":"Feature","id":"node/6755669382","geometry":{"type":"Point","coordinates":[5.0505781,44.0104644]},"properties":{"name":"Pernes les Fontaines","traffic_sign":"city_limit","osm_id":6755669382,"@id":"node/6755669382"}},{"type":"Feature","id":"node/6755953797","geometry":{"type":"Point","coordinates":[5.0733608,43.9981671]},"properties":{"name":"Pernes les Fontaines","traffic_sign":"city_limit","osm_id":6755953797,"@id":"node/6755953797"}},{"type":"Feature","id":"node/6755953798","geometry":{"type":"Point","coordinates":[5.0733668,43.9982395]},"properties":{"name":"Pernes les Fontaines","traffic_sign":"city_limit","osm_id":6755953798,"@id":"node/6755953798"}},{"type":"Feature","id":"node/6756035749","geometry":{"type":"Point","coordinates":[5.0413269,44.0003927]},"properties":{"name":"Pernes les Fontaines","traffic_sign":"city_limit","osm_id":6756035749,"@id":"node/6756035749"}},{"type":"Feature","id":"node/6756035750","geometry":{"type":"Point","coordinates":[5.0413336,44.0004554]},"properties":{"name":"Pernes les Fontaines","traffic_sign":"city_limit","osm_id":6756035750,"@id":"node/6756035750"}},{"type":"Feature","id":"node/6756055408","geometry":{"type":"Point","coordinates":[4.9638356,43.9848539]},"properties":{"alt_name":"Les Valayans","city_limit":"begin","name":"Pernes les Fontaines","traffic_sign":"city_limit","osm_id":6756055408,"@id":"node/6756055408"}},{"type":"Feature","id":"node/6756055409","geometry":{"type":"Point","coordinates":[4.9639039,43.9848954]},"properties":{"alt_name":"Les Valayans","city_limit":"end","name":"Pernes les Fontaines","traffic_sign":"city_limit","osm_id":6756055409,"@id":"node/6756055409"}},{"type":"Feature","id":"node/6756088823","geometry":{"type":"Point","coordinates":[4.9732662,43.9774725]},"properties":{"alt_name":"Les Valayans","name":"Pernes les Fontaines","traffic_sign":"city_limit","osm_id":6756088823,"@id":"node/6756088823"}},{"type":"Feature","id":"node/6756088824","geometry":{"type":"Point","coordinates":[4.9733815,43.9774922]},"properties":{"alt_name":"Les Valayans","name":"Pernes les Fontaines","traffic_sign":"city_limit","osm_id":6756088824,"@id":"node/6756088824"}},{"type":"Feature","id":"node/6756137406","geometry":{"type":"Point","coordinates":[5.0464032,43.9917961]},"properties":{"name":"Pernes les Fontaines","traffic_sign":"city_limit","osm_id":6756137406,"@id":"node/6756137406"}},{"type":"Feature","id":"node/6756137407","geometry":{"type":"Point","coordinates":[5.0463576,43.9918791]},"properties":{"name":"Pernes les Fontaines","traffic_sign":"city_limit","osm_id":6756137407,"@id":"node/6756137407"}},{"type":"Feature","id":"node/6756918116","geometry":{"type":"Point","coordinates":[5.0462225,43.9871714]},"properties":{"name":"Pernes les Fontaines","traffic_sign":"city_limit","osm_id":6756918116,"@id":"node/6756918116"}},{"type":"Feature","id":"node/6756918117","geometry":{"type":"Point","coordinates":[5.0460709,43.9872062]},"properties":{"name":"Pernes les Fontaines","traffic_sign":"city_limit","osm_id":6756918117,"@id":"node/6756918117"}},{"type":"Feature","id":"node/7405465122","geometry":{"type":"Point","coordinates":[5.339743,43.7561071]},"properties":{"name":"Puyvert","traffic_sign":"city_limit","osm_id":7405465122,"@id":"node/7405465122"}},{"type":"Feature","id":"node/7593457852","geometry":{"type":"Point","coordinates":[4.9324664,44.3972857]},"properties":{"name":"Grillon","traffic_sign":"city_limit","osm_id":7593457852,"@id":"node/7593457852"}},{"type":"Feature","id":"node/7603370685","geometry":{"type":"Point","coordinates":[5.4962754,43.7084447]},"properties":{"traffic_sign":"city_limit","osm_id":7603370685,"@id":"node/7603370685"}},{"type":"Feature","id":"node/7612632672","geometry":{"type":"Point","coordinates":[5.3711557,43.8857149]},"properties":{"name":"Apt","traffic_sign":"city_limit","osm_id":7612632672,"@id":"node/7612632672"}},{"type":"Feature","id":"node/8190010685","geometry":{"type":"Point","coordinates":[5.4970937,43.6713271]},"properties":{"name":"Pertuis","traffic_sign":"city_limit","osm_id":8190010685,"@id":"node/8190010685"}},{"type":"Feature","id":"node/8227533438","geometry":{"type":"Point","coordinates":[5.0027251,44.0736078]},"properties":{"city_limit":"begin","mapillary":"484875375970909","name":"Loriol-du-Comtat","traffic_sign":"city_limit","osm_id":8227533438,"@id":"node/8227533438"}},{"type":"Feature","id":"node/8227533443","geometry":{"type":"Point","coordinates":[5.0025823,44.0735359]},"properties":{"city_limit":"end","mapillary":"968295453906482","name":"Loriol-du-Comtat","traffic_sign":"city_limit","osm_id":8227533443,"@id":"node/8227533443"}},{"type":"Feature","id":"node/8823392454","geometry":{"type":"Point","coordinates":[4.8765846,44.1057931]},"properties":{"name":"La P\u00e9coulette","traffic_sign":"city_limit","osm_id":8823392454,"@id":"node/8823392454"}},{"type":"Feature","id":"node/8823392455","geometry":{"type":"Point","coordinates":[4.8748183,44.1121861]},"properties":{"name":"La P\u00e9coulette","traffic_sign":"city_limit","osm_id":8823392455,"@id":"node/8823392455"}},{"type":"Feature","id":"node/8823392456","geometry":{"type":"Point","coordinates":[4.8747399,44.1121918]},"properties":{"name":"La P\u00e9coulette","traffic_sign":"city_limit","osm_id":8823392456,"@id":"node/8823392456"}},{"type":"Feature","id":"node/8823392457","geometry":{"type":"Point","coordinates":[4.8766556,44.105797]},"properties":{"name":"La P\u00e9coulette","traffic_sign":"city_limit","osm_id":8823392457,"@id":"node/8823392457"}},{"type":"Feature","id":"node/8823392458","geometry":{"type":"Point","coordinates":[4.8907957,44.0821941]},"properties":{"name":"Courth\u00e9zon","traffic_sign":"city_limit","osm_id":8823392458,"@id":"node/8823392458"}},{"type":"Feature","id":"node/8823392459","geometry":{"type":"Point","coordinates":[4.8907895,44.0822395]},"properties":{"name":"Courth\u00e9zon","traffic_sign":"city_limit","osm_id":8823392459,"@id":"node/8823392459"}},{"type":"Feature","id":"node/9662798903","geometry":{"type":"Point","coordinates":[4.8640893,44.1575534]},"properties":{"name":"Camaret-sur-Aygues","traffic_sign":"city_limit","osm_id":9662798903,"@id":"node/9662798903"}},{"type":"Feature","id":"node/9858681814","geometry":{"type":"Point","coordinates":[5.028225,44.1181331]},"properties":{"name":"Beaumes-de-Venise","traffic_sign":"city_limit","osm_id":9858681814,"@id":"node/9858681814"}},{"type":"Feature","id":"node/10312796394","geometry":{"type":"Point","coordinates":[4.9117235,44.3560866]},"properties":{"name":"Richerenches","traffic_sign":"city_limit","osm_id":10312796394,"@id":"node/10312796394"}},{"type":"Feature","id":"node/11054659183","geometry":{"type":"Point","coordinates":[5.25614,43.924442]},"properties":{"name":"Joucas","traffic_sign":"city_limit","osm_id":11054659183,"@id":"node/11054659183"}},{"type":"Feature","id":"node/11059778615","geometry":{"type":"Point","coordinates":[5.2450524,43.9213295]},"properties":{"name":"La Vignasse","traffic_sign":"city_limit","osm_id":11059778615,"@id":"node/11059778615"}},{"type":"Feature","id":"node/11275678119","geometry":{"type":"Point","coordinates":[5.0204461,43.8507537]},"properties":{"name":"Cavaillon","traffic_sign":"city_limit","traffic_sign:direction":"forward","osm_id":11275678119,"@id":"node/11275678119"}},{"type":"Feature","id":"node/11280895194","geometry":{"type":"Point","coordinates":[4.8513579,43.9244474]},"properties":{"city_limit":"begin","name":"Avignon","traffic_sign":"city_limit","osm_id":11280895194,"@id":"node/11280895194"}},{"type":"Feature","id":"node/11281831098","geometry":{"type":"Point","coordinates":[4.832231,43.9374826]},"properties":{"city_limit":"end","direction":"180","name":"Avignon","traffic_sign":"city_limit","osm_id":11281831098,"@id":"node/11281831098"}},{"type":"Feature","id":"node/11281839638","geometry":{"type":"Point","coordinates":[4.832986,43.9414195]},"properties":{"city_limit":"begin","direction":"230","name":"Avignon","traffic_sign":"city_limit","osm_id":11281839638,"@id":"node/11281839638"}},{"type":"Feature","id":"node/11286819203","geometry":{"type":"Point","coordinates":[4.7964462,43.9439122]},"properties":{"city_limit":"end","direction":"100","name":"Avignon","traffic_sign":"city_limit","osm_id":11286819203,"@id":"node/11286819203"}},{"type":"Feature","id":"node/11323185698","geometry":{"type":"Point","coordinates":[5.0627732,43.8106121]},"properties":{"name":"Cheval-Blanc","traffic_sign":"city_limit","traffic_sign:direction":"forward","osm_id":11323185698,"@id":"node/11323185698"}},{"type":"Feature","id":"node/11323185708","geometry":{"type":"Point","coordinates":[5.0532557,43.8185711]},"properties":{"name":"Cavaillon","traffic_sign":"city_limit","traffic_sign:direction":"backward","osm_id":11323185708,"@id":"node/11323185708"}},{"type":"Feature","id":"node/11386332377","geometry":{"type":"Point","coordinates":[4.9453751,44.3189318]},"properties":{"name":"Visan","traffic_sign":"city_limit","osm_id":11386332377,"@id":"node/11386332377"}},{"type":"Feature","id":"node/11399757733","geometry":{"type":"Point","coordinates":[5.1644311,43.8419754]},"properties":{"traffic_sign":"city_limit","osm_id":11399757733,"@id":"node/11399757733"}},{"type":"Feature","id":"node/11399987834","geometry":{"type":"Point","coordinates":[4.9248087,44.3855553]},"properties":{"name":"Grillon","traffic_sign":"city_limit","osm_id":11399987834,"@id":"node/11399987834"}},{"type":"Feature","id":"node/11408015131","geometry":{"type":"Point","coordinates":[4.9202309,44.3973143]},"properties":{"name":"Grillon","traffic_sign":"city_limit","osm_id":11408015131,"@id":"node/11408015131"}},{"type":"Feature","id":"node/11419958342","geometry":{"type":"Point","coordinates":[4.9682666,44.3722234]},"properties":{"name":"Z.A. la Gr\u00e8ze Commune de Valreas","traffic_sign":"city_limit","osm_id":11419958342,"@id":"node/11419958342"}},{"type":"Feature","id":"node/11438500053","geometry":{"type":"Point","coordinates":[4.9112021,44.3640669]},"properties":{"name":"Richerenches","traffic_sign":"city_limit","osm_id":11438500053,"@id":"node/11438500053"}},{"type":"Feature","id":"node/11443719654","geometry":{"type":"Point","coordinates":[4.9122717,44.3634848]},"properties":{"name":"Richerenches","traffic_sign":"city_limit","osm_id":11443719654,"@id":"node/11443719654"}},{"type":"Feature","id":"node/11510409018","geometry":{"type":"Point","coordinates":[5.0249095,44.0429209]},"properties":{"city_limit":"both","name":"Carpentras","traffic_sign":"city_limit","osm_id":11510409018,"@id":"node/11510409018"}},{"type":"Feature","id":"node/11922099925","geometry":{"type":"Point","coordinates":[4.8417316,44.0627285]},"properties":{"direction":"50","name":"Ch\u00e2teauneuf-du-Pape","traffic_sign":"city_limit","osm_id":11922099925,"@id":"node/11922099925"}},{"type":"Feature","id":"node/12213983787","geometry":{"type":"Point","coordinates":[5.3745709,43.7257706]},"properties":{"name":"Cadenet","traffic_sign":"city_limit","osm_id":12213983787,"@id":"node/12213983787"}},{"type":"Feature","id":"node/12221890607","geometry":{"type":"Point","coordinates":[4.7862261,44.1360501]},"properties":{"city_limit":"end","direction":"45","name":"Orange","panoramax":"902e3930-a00e-4510-83da-9ee2072e6a14","traffic_sign":"city_limit","osm_id":12221890607,"@id":"node/12221890607"}},{"type":"Feature","id":"node/12221890608","geometry":{"type":"Point","coordinates":[4.7862886,44.1359707]},"properties":{"city_limit":"begin","direction":"235","name":"Orange","panoramax":"65ea3b49-316c-4c5e-a417-482f0799fb68","traffic_sign":"city_limit","osm_id":12221890608,"@id":"node/12221890608"}},{"type":"Feature","id":"node/12222042308","geometry":{"type":"Point","coordinates":[4.8203625,44.114103]},"properties":{"direction":"180","name":"Orange","traffic_sign":"city_limit","osm_id":12222042308,"@id":"node/12222042308"}},{"type":"Feature","id":"node/12222042309","geometry":{"type":"Point","coordinates":[4.820236,44.1140927]},"properties":{"city_limit":"end","direction":"0","name":"Orange","panoramax":"358a29b0-9eb0-43c7-a432-843ca97da455","traffic_sign":"city_limit","osm_id":12222042309,"@id":"node/12222042309"}},{"type":"Feature","id":"node/12231486426","geometry":{"type":"Point","coordinates":[4.8800816,44.0792161]},"properties":{"name":"Les Sourci\u00e8res","traffic_sign":"city_limit","osm_id":12231486426,"@id":"node/12231486426"}},{"type":"Feature","id":"node/12231486427","geometry":{"type":"Point","coordinates":[4.8801484,44.079229]},"properties":{"name":"Les Sourci\u00e8res","traffic_sign":"city_limit","osm_id":12231486427,"@id":"node/12231486427"}},{"type":"Feature","id":"node/12234821665","geometry":{"type":"Point","coordinates":[4.8401713,44.0483847]},"properties":{"direction":"105","name":"Ch\u00e2teauneuf-du-Pape","traffic_sign":"city_limit","osm_id":12234821665,"@id":"node/12234821665"}},{"type":"Feature","id":"node/12386349856","geometry":{"type":"Point","coordinates":[5.0922436,44.2470186]},"properties":{"name":"Vaison-la-Romaine","traffic_sign":"city_limit","osm_id":12386349856,"@id":"node/12386349856"}},{"type":"Feature","id":"node/12386405013","geometry":{"type":"Point","coordinates":[5.1441637,44.0030881]},"properties":{"name":"Le Colombier","traffic_sign":"city_limit","osm_id":12386405013,"@id":"node/12386405013"}},{"type":"Feature","id":"node/12640876625","geometry":{"type":"Point","coordinates":[4.8318642,43.9421075]},"properties":{"direction":"75","traffic_sign":"city_limit","osm_id":12640876625,"@id":"node/12640876625"}},{"type":"Feature","id":"node/13062880654","geometry":{"type":"Point","coordinates":[5.2382513,43.9528428]},"properties":{"name":"Murs","traffic_sign":"city_limit","traffic_sign:direction":"backward","osm_id":13062880654,"@id":"node/13062880654"}},{"type":"Feature","id":"node/13062880657","geometry":{"type":"Point","coordinates":[5.2386321,43.9535722]},"properties":{"name":"Murs","traffic_sign":"city_limit","traffic_sign:direction":"forward","osm_id":13062880657,"@id":"node/13062880657"}},{"type":"Feature","id":"node/13062897572","geometry":{"type":"Point","coordinates":[5.4190234,43.9291123]},"properties":{"name":"Les Petits Cl\u00e9ments","traffic_sign":"city_limit","traffic_sign:direction":"forward","osm_id":13062897572,"@id":"node/13062897572"}},{"type":"Feature","id":"node/13062897573","geometry":{"type":"Point","coordinates":[5.4256183,43.9280339]},"properties":{"name":"Les Petits Cl\u00e9ments","traffic_sign":"city_limit","traffic_sign:direction":"backward","osm_id":13062897573,"@id":"node/13062897573"}},{"type":"Feature","id":"node/13074405854","geometry":{"type":"Point","coordinates":[5.0862983,44.2302103]},"properties":{"alt_name":"Veisoun","name":"Vaison La Romaine","traffic_sign":"city_limit","osm_id":13074405854,"@id":"node/13074405854"}},{"type":"Feature","id":"node/13183866059","geometry":{"type":"Point","coordinates":[5.3394639,43.9257861]},"properties":{"name":"Plaine de Sylla","traffic_sign":"city_limit","traffic_sign:direction":"forward","osm_id":13183866059,"@id":"node/13183866059"}},{"type":"Feature","id":"node/13228372924","geometry":{"type":"Point","coordinates":[5.217351,44.0124051]},"properties":{"direction":"300","name":"M\u00e9thamis","traffic_sign":"city_limit","osm_id":13228372924,"@id":"node/13228372924"}},{"type":"Feature","id":"node/13228372925","geometry":{"type":"Point","coordinates":[5.2174058,44.0124727]},"properties":{"direction":"120","name":"M\u00e9thamis","traffic_sign":"city_limit","osm_id":13228372925,"@id":"node/13228372925"}},{"type":"Feature","id":"node/13410674986","geometry":{"type":"Point","coordinates":[4.8962513,43.9869226]},"properties":{"name":"Ved\u00e8ne","name:oc":"Vedena","traffic_sign":"city_limit","osm_id":13410674986,"@id":"node/13410674986"}},{"type":"Feature","id":"node/13412964694","geometry":{"type":"Point","coordinates":[4.9437284,43.9606113]},"properties":{"name":"Saint-Saturnin-l\u00e8s-Avignon","traffic_sign":"city_limit","osm_id":13412964694,"@id":"node/13412964694"}},{"type":"Feature","id":"node/13423382682","geometry":{"type":"Point","coordinates":[5.0192596,43.9220199]},"properties":{"city_limit":"end","name":"Le Thor","traffic_sign":"city_limit","osm_id":13423382682,"@id":"node/13423382682"}},{"type":"Feature","id":"node/13720630606","geometry":{"type":"Point","coordinates":[4.9675051,44.0876258]},"properties":{"city_limit":"begin","name":"Sarrians","panoramax":"e8e4dd92-b3b6-4c3a-83e1-5efb3d4e2d1c","traffic_sign":"city_limit","osm_id":13720630606,"@id":"node/13720630606"}},{"type":"Feature","id":"node/13720645659","geometry":{"type":"Point","coordinates":[4.9676129,44.087718]},"properties":{"city_limit":"end","name":"Sarrians","panoramax:2026":"da48a3de-c70d-46e5-b671-cf816410e24a","traffic_sign":"city_limit","osm_id":13720645659,"@id":"node/13720645659"}},{"type":"Feature","id":"node/13732176837","geometry":{"type":"Point","coordinates":[4.8379083,44.1293552]},"properties":{"city_limit":"end","direction":"270","mapillary":"2085533049007534","name":"Orange","traffic_sign":"city_limit","osm_id":13732176837,"@id":"node/13732176837"}},{"type":"Feature","id":"node/13732184393","geometry":{"type":"Point","coordinates":[4.837943,44.1294323]},"properties":{"city_limit":"begin","direction":"90","name":"Orange","panoramax":"7faa3390-9dc5-41cf-9428-8225ac0937ae","traffic_sign":"city_limit","osm_id":13732184393,"@id":"node/13732184393"}},{"type":"Feature","id":"node/13937785133","geometry":{"type":"Point","coordinates":[4.8326313,44.1208615]},"properties":{"city_limit":"begin","description":"fr:Orange","name":"Orange","operator":"Mairie d'Orange","panoramax":"05c143b8-8f44-48a3-b3f9-9e6d08d56794","traffic_sign":"city_limit","osm_id":13937785133,"@id":"node/13937785133"}},{"type":"Feature","id":"node/13978707929","geometry":{"type":"Point","coordinates":[5.1870253,44.1195563]},"properties":{"city_limit":"begin","traffic_sign":"city_limit","osm_id":13978707929,"@id":"node/13978707929"}},{"type":"Feature","id":"node/13978707930","geometry":{"type":"Point","coordinates":[5.1869372,44.1195078]},"properties":{"city_limit":"end","traffic_sign":"city_limit","osm_id":13978707930,"@id":"node/13978707930"}},{"type":"Feature","id":"node/13985452379","geometry":{"type":"Point","coordinates":[4.968615,44.0263909]},"properties":{"city_limit":"begin","panoramax":"3ccadc01-4bb5-49b8-9f35-886bf4cca65e","traffic_sign":"city_limit","osm_id":13985452379,"@id":"node/13985452379"}},{"type":"Feature","id":"node/13985579335","geometry":{"type":"Point","coordinates":[4.9683255,44.0273148]},"properties":{"city_limit":"end","panoramax":"3af10a8c-3ba8-43cd-91a0-b8cc0fb8df55","ref":"D 942","traffic_sign":"city_limit","osm_id":13985579335,"@id":"node/13985579335"}},{"type":"Feature","id":"node/13985705919","geometry":{"type":"Point","coordinates":[4.9670211,44.0270126]},"properties":{"city_limit":"end","name":"Monteux","panoramax":"52f413be-1c97-42c6-8e6e-672ac52bb02c","traffic_sign":"city_limit","osm_id":13985705919,"@id":"node/13985705919"}},{"type":"Feature","id":"node/14032110946","geometry":{"type":"Point","coordinates":[5.1466242,43.8452263]},"properties":{"city_limit":"end","name":"Maubec","traffic_sign":"city_limit","osm_id":14032110946,"@id":"node/14032110946"}},{"type":"Feature","id":"node/14032110947","geometry":{"type":"Point","coordinates":[5.1466204,43.8452848]},"properties":{"city_limit":"end","name":"Maubec","traffic_sign":"city_limit","osm_id":14032110947,"@id":"node/14032110947"}},{"type":"Feature","id":"node/14038616268","geometry":{"type":"Point","coordinates":[4.7117475,44.2333741]},"properties":{"city_limit":"end","name":"Mondragon","traffic_sign":"city_limit","osm_id":14038616268,"@id":"node/14038616268"}},{"type":"Feature","id":"node/14038616269","geometry":{"type":"Point","coordinates":[4.711911,44.2332983]},"properties":{"city_limit":"begin","name":"Mondragon","traffic_sign":"city_limit","osm_id":14038616269,"@id":"node/14038616269"}},{"type":"Feature","id":"node/14046823288","geometry":{"type":"Point","coordinates":[5.1500608,44.0232629]},"properties":{"city_limit":"begin","name":"Malemort-du-Comtat","ref":"D 5","traffic_sign":"city_limit","osm_id":14046823288,"@id":"node/14046823288"}},{"type":"Feature","id":"node/14046823289","geometry":{"type":"Point","coordinates":[5.1499255,44.0233383]},"properties":{"city_limit":"end","name":"Malemort-du-Comtat","ref":"D 5","traffic_sign":"city_limit","osm_id":14046823289,"@id":"node/14046823289"}},{"type":"Feature","id":"node/14062492239","geometry":{"type":"Point","coordinates":[5.4036424,43.8292188]},"properties":{"city_limit":"end","name":"Sivergues","traffic_sign":"city_limit","osm_id":14062492239,"@id":"node/14062492239"}},{"type":"Feature","id":"node/14062517329","geometry":{"type":"Point","coordinates":[5.4035882,43.8292453]},"properties":{"city_limit":"begin","name":"Sivergues","traffic_sign":"city_limit","osm_id":14062517329,"@id":"node/14062517329"}},{"type":"Feature","id":"node/14089894813","geometry":{"type":"Point","coordinates":[5.3955645,44.0938351]},"properties":{"city_limit":"end","name":"La Loge","ref":"D 942","traffic_sign":"city_limit","osm_id":14089894813,"@id":"node/14089894813"}},{"type":"Feature","id":"node/14091708394","geometry":{"type":"Point","coordinates":[5.109871,44.0589629]},"properties":{"city_limit":"begin","name":"Mazan","traffic_sign":"city_limit","osm_id":14091708394,"@id":"node/14091708394"}},{"type":"Feature","id":"node/14091708396","geometry":{"type":"Point","coordinates":[5.1098781,44.0590581]},"properties":{"city_limit":"end","name":"Mazan","traffic_sign":"city_limit","osm_id":14091708396,"@id":"node/14091708396"}},{"type":"Feature","id":"node/14099580404","geometry":{"type":"Point","coordinates":[4.8358332,44.1292843]},"properties":{"city_limit":"end","name":"Orange","traffic_sign":"city_limit","osm_id":14099580404,"@id":"node/14099580404"}},{"type":"Feature","id":"node/14099580406","geometry":{"type":"Point","coordinates":[4.8358254,44.1294017]},"properties":{"city_limit":"begin","name":"Orange","traffic_sign":"city_limit","osm_id":14099580406,"@id":"node/14099580406"}},{"type":"Feature","id":"node/14109427295","geometry":{"type":"Point","coordinates":[5.1139628,43.9739795]},"properties":{"city_limit":"begin","name":"La Roque-sur-Pernes","operator":"CD84","ref":"D 57","traffic_sign":"city_limit","osm_id":14109427295,"@id":"node/14109427295"}},{"type":"Feature","id":"node/14109427296","geometry":{"type":"Point","coordinates":[5.1138496,43.973974]},"properties":{"city_limit":"end","name":"La Roque-sur-Pernes","operator":"CD84","ref":"D 57","traffic_sign":"city_limit","osm_id":14109427296,"@id":"node/14109427296"}},{"type":"Feature","id":"node/14122441340","geometry":{"type":"Point","coordinates":[5.0521871,44.0676327]},"properties":{"city_limit":"end","mapillary":"637147934518844","name":"Carpentras","traffic_sign":"city_limit","osm_id":14122441340,"@id":"node/14122441340"}},{"type":"Feature","id":"node/14122441341","geometry":{"type":"Point","coordinates":[5.0522029,44.0678134]},"properties":{"city_limit":"begin","name":"Carpentras","traffic_sign":"city_limit","osm_id":14122441341,"@id":"node/14122441341"}},{"type":"Feature","id":"node/14122449147","geometry":{"type":"Point","coordinates":[5.1520868,43.8673457]},"properties":{"city_limit":"begin","name":"Coustellet","panoramax":"b3bdbfc0-7ea1-48fa-924c-3e63c35e6b1f","traffic_sign":"city_limit","osm_id":14122449147,"@id":"node/14122449147"}},{"type":"Feature","id":"node/14122449148","geometry":{"type":"Point","coordinates":[5.1520154,43.8672054]},"properties":{"city_limit":"end","name":"Coustellet","panoramax":"f7f68e73-274d-418e-b178-cc48f951b1f3","traffic_sign":"city_limit","osm_id":14122449148,"@id":"node/14122449148"}},{"type":"Feature","id":"node/14122449838","geometry":{"type":"Point","coordinates":[5.0651622,44.0779538]},"properties":{"city_limit":"begin","mapillary":"291533292629685","name":"Hameau de Serres","traffic_sign":"city_limit","osm_id":14122449838,"@id":"node/14122449838"}},{"type":"Feature","id":"node/14122449839","geometry":{"type":"Point","coordinates":[5.0651348,44.0780237]},"properties":{"city_limit":"end","name":"Hameau de Serres","traffic_sign":"city_limit","osm_id":14122449839,"@id":"node/14122449839"}},{"type":"Feature","id":"node/14122479556","geometry":{"type":"Point","coordinates":[5.138544,43.8646137]},"properties":{"city_limit":"begin","name":"Coustellet","panoramax":"0e3062c5-d498-45c2-a71d-1f644e7dab1f","traffic_sign":"city_limit","osm_id":14122479556,"@id":"node/14122479556"}},{"type":"Feature","id":"node/14122479557","geometry":{"type":"Point","coordinates":[5.1384263,43.8646911]},"properties":{"city_limit":"end","name":"Coustellet","traffic_sign":"city_limit","osm_id":14122479557,"@id":"node/14122479557"}},{"type":"Feature","id":"node/14123757692","geometry":{"type":"Point","coordinates":[4.9536092,43.9983244]},"properties":{"city_limit":"end","name":"Les Hautures","ref":"D 16","traffic_sign":"city_limit","osm_id":14123757692,"@id":"node/14123757692"}},{"type":"Feature","id":"node/14123757693","geometry":{"type":"Point","coordinates":[4.9536907,43.9983578]},"properties":{"city_limit":"begin","name":"Les Hautures","ref":"D 16","traffic_sign":"city_limit","osm_id":14123757693,"@id":"node/14123757693"}},{"type":"Feature","id":"node/14123823540","geometry":{"type":"Point","coordinates":[5.0249469,44.0428906]},"properties":{"city_limit":"begin","mapillary":"1324619036511874","name":"Carpentras","traffic_sign":"city_limit","osm_id":14123823540,"@id":"node/14123823540"}},{"type":"Feature","id":"node/14123823543","geometry":{"type":"Point","coordinates":[5.0248274,44.042964]},"properties":{"city_limit":"end","mapillary":"846037639332042","name":"Carpentras","traffic_sign":"city_limit","osm_id":14123823543,"@id":"node/14123823543"}},{"type":"Feature","id":"node/14124757625","geometry":{"type":"Point","coordinates":[4.9872728,43.9516218]},"properties":{"city_limit":"end","name":"Le Thor","ref":"D 16","traffic_sign":"city_limit","osm_id":14124757625,"@id":"node/14124757625"}},{"type":"Feature","id":"node/14124757626","geometry":{"type":"Point","coordinates":[4.9871888,43.9515794]},"properties":{"city_limit":"begin","name":"Le Thor","ref":"D 16","traffic_sign":"city_limit","osm_id":14124757626,"@id":"node/14124757626"}}],"_cache":{"generated_at":"2026-08-27T14:22:33.978384+00:00","endpoint":"https://overpass-api.de/api/interpreter","user_agent":"dataroads-FR84/0.17.7 (https://github.com/thepriben/dataroads-FR84)","source_format":"overpass-json","source_elements":482}}
