{"type":"FeatureCollection","features":[{"type":"Feature","id":"node/303075984","geometry":{"type":"Point","coordinates":[4.805529,43.9525103]},"properties":{"information":"guidepost","name":"Avignon Tourism","tourism":"information","osm_id":303075984,"@id":"node/303075984"}},{"type":"Feature","id":"node/561250101","geometry":{"type":"Point","coordinates":[5.1567475,43.759142]},"properties":{"destination":"Opp\u00e8de-le-Vieux;Barri\u00e9|Chemin de Rioufret|M\u00e9rindol;La Muse","hiking":"yes","information":"guidepost","name":"R\u00e9galon","operator":"CD84","panoramax":"31ceea88-1208-4fcc-915d-a22f77169b97","ref":"3849","tourism":"information","osm_id":561250101,"@id":"node/561250101"}},{"type":"Feature","id":"node/621902120","geometry":{"type":"Point","coordinates":[5.2927853,43.9452964]},"properties":{"destination":"Murs;Bois de Bezaure|Joucas;Vaumale|Lioux - Le Ch\u00e2teau Est","hiking":"yes","information":"guidepost","name":"Lioux - Le Ch\u00e2teau","operator":"CD84","panoramax":"c800aa15-1f45-497e-87db-791b2fac0c32","ref":"15462","tourism":"information","osm_id":621902120,"@id":"node/621902120"}},{"type":"Feature","id":"node/621902371","geometry":{"type":"Point","coordinates":[5.2845555,43.9619725]},"properties":{"hiking":"yes","information":"guidepost","name":"Bois de Bezaure","operator":"CD84","ref":"15454","tourism":"information","osm_id":621902371,"@id":"node/621902371"}},{"type":"Feature","id":"node/621902581","geometry":{"type":"Point","coordinates":[5.2965969,43.9732028]},"properties":{"destination":"Lioux - Le Ch\u00e2teau Est|Murs;Bois de Bezaure|Col de la Ligne;Coteau de Ragagnade","hiking":"yes","information":"guidepost","name":"Les Rouvi\u00e8res","operator":"CD84","panoramax":"406c807b-13fe-461f-9ef0-7cd6838ed0b7","ref":"15592","tourism":"information","osm_id":621902581,"@id":"node/621902581"}},{"type":"Feature","id":"node/748037314","geometry":{"type":"Point","coordinates":[5.4258537,44.0969466]},"properties":{"hiking":"yes","information":"guidepost","name":"Mougne","operator":"CD84","tourism":"information","osm_id":748037314,"@id":"node/748037314"}},{"type":"Feature","id":"node/748112319","geometry":{"type":"Point","coordinates":[5.4118509,44.095522]},"properties":{"destination":"Aurel;Roumane","hiking":"yes","information":"guidepost","name":"Cimeti\u00e8re de Sault","operator":"CD84","panoramax":"5ab176ea-ff6a-4194-832e-2881f36bb661;f5f37476-dd4e-4704-93ca-6b014058b1f3","tourism":"information","osm_id":748112319,"@id":"node/748112319"}},{"type":"Feature","id":"node/748191236","geometry":{"type":"Point","coordinates":[5.4212306,44.1018439]},"properties":{"destination":"Loutar du Loup|Sault;Mougne|Aurel;Le Defends","hiking":"yes","information":"guidepost","mtb":"yes","name":"Hippodrome du D\u00e9fends","operator":"CD84","panoramax":"cdf8ef39-4622-4269-8965-35ea82bbf605","ref":"4280","tourism":"information","osm_id":748191236,"@id":"node/748191236"}},{"type":"Feature","id":"node/749534306","geometry":{"type":"Point","coordinates":[5.4116099,44.0928755]},"properties":{"destination":"St-Trinit;Mougne","hiking":"yes","information":"guidepost","name":"Jardin Public","operator":"CD84","panoramax":"6ad823dc-d216-4d07-a7c3-137e2db1398d;f75d3f37-9095-45d7-bc3a-5bc51acae445","tourism":"information","osm_id":749534306,"@id":"node/749534306"}},{"type":"Feature","id":"node/767451463","geometry":{"type":"Point","coordinates":[5.0552044,43.9938337]},"properties":{"destination":"St-Gilles|Les Valettes|Les Barrades","hiking":"yes","information":"guidepost","name":"L'Aurofou","operator":"CD84","panoramax":"ddf6f403-7550-46e3-9725-de277691e469&xyz=191.30/-2.24/88;38a96325-dc8b-4765-942f-759fe58e968a","ref":"17370","tourism":"information","osm_id":767451463,"@id":"node/767451463"}},{"type":"Feature","id":"node/788237780","geometry":{"type":"Point","coordinates":[5.4810003,43.9022002]},"properties":{"destination":"Caseneuve;La L\u00e8gue|La Croix de Christol","hiking":"yes","information":"guidepost","name":"Combaury","operator":"CD84","tourism":"information","osm_id":788237780,"@id":"node/788237780"}},{"type":"Feature","id":"node/788408130","geometry":{"type":"Point","coordinates":[5.4228053,43.9189516]},"properties":{"destination":"Villars;Clastre|Rustrel;Les Bruy\u00e8res|Apt;St Philibert","hiking":"yes","information":"guidepost","mtb":"yes","name":"Trou des Am\u00e9ricains","operator":"CD84","panoramax":"7f01e28b-8308-45db-8548-4c84b78c675d","ref":"27937","tourism":"information","osm_id":788408130,"@id":"node/788408130"}},{"type":"Feature","id":"node/797632134","geometry":{"type":"Point","coordinates":[5.0489331,43.9776258]},"properties":{"destination":"Pernes-les-Fontaines;L'Aurofou|Pernes-les-Fontaines;Pont des Arrayes|Foncev\u00e9rance","hiking":"yes","information":"guidepost","name":"Les Barrades","operator":"CD84","ref":"16620","tourism":"information","osm_id":797632134,"@id":"node/797632134"}},{"type":"Feature","id":"node/797632807","geometry":{"type":"Point","coordinates":[5.07246,43.969706]},"properties":{"destination":"?|Foncev\u00e9rance;Pernes-les-Fontaines|Pont des Arrayes","hiking":"yes","information":"guidepost","name":"Vedelle","operator":"CD84","ref":"16637","tourism":"information","osm_id":797632807,"@id":"node/797632807"}},{"type":"Feature","id":"node/797632819","geometry":{"type":"Point","coordinates":[5.068618,43.9808023]},"properties":{"destination":"Pernes-les-Fontaines;Les Valettes|Vedelle|Les Barrades","hiking":"yes","information":"guidepost","name":"Foncev\u00e9rance","operator":"CD84","tourism":"information","osm_id":797632819,"@id":"node/797632819"}},{"type":"Feature","id":"node/879467222","geometry":{"type":"Point","coordinates":[5.2798384,44.1010767]},"properties":{"destination":"Flassan;Esp\u00e8re du Loup|Chapelle St-Jean;Les Grigauds","hiking":"yes","information":"guidepost","name":"Le Mortier","operator":"CD84","panoramax":"ec7ca82e-5494-4d0d-9e05-9304846f2b72","ref":"1568","tourism":"information","osm_id":879467222,"@id":"node/879467222"}},{"type":"Feature","id":"node/879468236","geometry":{"type":"Point","coordinates":[5.2471839,44.1046224]},"properties":{"destination":"Flassan|St-Est\u00e8ve;Les Baysses|Chapelle St-Jean;Les Tourreus","hiking":"yes","information":"guidepost","mapillary":"1156740218165195;217546816550947;523766662113591","name":"Combe de Canaud","operator":"CD84","ref":"1517","tourism":"information","osm_id":879468236,"@id":"node/879468236"}},{"type":"Feature","id":"node/879469145","geometry":{"type":"Point","coordinates":[5.2433482,44.0930949]},"properties":{"destination":"Flassan|Esp\u00e8re du Loup","hiking":"yes","information":"guidepost","mapillary":"298054432028462","name":"La Boissi\u00e8re","operator":"CD84","ref":"14595","tourism":"information","osm_id":879469145,"@id":"node/879469145"}},{"type":"Feature","id":"node/879470156","geometry":{"type":"Point","coordinates":[5.2475081,44.0929375]},"properties":{"destination":"Chapelle St-Jean;Le Mortier|Flassan;La Boissi\u00e8re|Villes-sur-Auzon;Patey","hiking":"yes","information":"guidepost","mapillary":"924136641739758","name":"Esp\u00e8re du Loup","operator":"CD84","tourism":"information","osm_id":879470156,"@id":"node/879470156"}},{"type":"Feature","id":"node/945412037","geometry":{"type":"Point","coordinates":[5.1086765,43.8287371]},"properties":{"destination":"Le Pin de Maillet|Robion;Boulon|Les Taillades;Gorge de Badarel","hiking":"yes","information":"guidepost","name":"Le Castelas","operator":"CD84","panoramax":"a9b961bb-9d60-4117-b842-68830ce493a1;5dc0e2fa-f7af-4e12-9ab5-ee7b6a30f7c3;9609a142-b8d8-4681-b24a-b99268bb5d56","tourism":"information","osm_id":945412037,"@id":"node/945412037"}},{"type":"Feature","id":"node/945412581","geometry":{"type":"Point","coordinates":[5.1095593,43.8394523]},"properties":{"destination":"Robion;Th\u00e9\u00e2tre de Verdure|Le Castelas|Les Taillades","hiking":"yes","information":"guidepost","mtb":"yes","name":"Boulon","operator":"CD84","panoramax":"a55bec42-3ebc-429d-80c4-73e276c9ecd8;9c8f7c64-4d00-4ef5-9d24-cb5a0a4bfd01","tourism":"information","osm_id":945412581,"@id":"node/945412581"}},{"type":"Feature","id":"node/945412714","geometry":{"type":"Point","coordinates":[5.0997065,43.8320733]},"properties":{"destination":"Vidauque|Les Taillades|Le Castelas","hiking":"yes","information":"guidepost","mtb":"yes","name":"Gorge de Badarel","operator":"CD84","panoramax":"441095b4-4a1f-43bc-b6bd-5b69f40b1d6e;43ad114b-eb3f-4590-9b0a-4596270e9de3;0ba49192-5f48-45d9-915d-be2c2260830d","ref":"3991","tourism":"information","osm_id":945412714,"@id":"node/945412714"}},{"type":"Feature","id":"node/986016103","geometry":{"type":"Point","coordinates":[4.7912836,44.0559428]},"properties":{"hiking":"yes","information":"guidepost","name":"Domaine de l'Hers","operator":"CD84","tourism":"information","osm_id":986016103,"@id":"node/986016103"}},{"type":"Feature","id":"node/986016118","geometry":{"type":"Point","coordinates":[4.8432975,44.0224126]},"properties":{"hiking":"yes","information":"guidepost","name":"Peupleraie blanche","operator":"CD84","tourism":"information","osm_id":986016118,"@id":"node/986016118"}},{"type":"Feature","id":"node/986016166","geometry":{"type":"Point","coordinates":[4.8183199,44.034716]},"properties":{"hiking":"yes","information":"guidepost","name":"Le Dragonnet","operator":"CD84","tourism":"information","osm_id":986016166,"@id":"node/986016166"}},{"type":"Feature","id":"node/1191833801","geometry":{"type":"Point","coordinates":[5.1221481,43.9344373]},"properties":{"destination":"Saumane-de-Vaucluse;Les Lauses|St-Gens;Valescure|Fontaine-de-Vaucluse;Les Soleillants","hiking":"yes","information":"guidepost","mapillary":"183157620265088","mtb":"yes","name":"Les Fayardes","operator":"CD84","ref":"16350","tourism":"information","osm_id":1191833801,"@id":"node/1191833801"}},{"type":"Feature","id":"node/1191833904","geometry":{"type":"Point","coordinates":[5.1289412,43.937036]},"properties":{"destination":"St-Gens;Mourre Pel\u00e9|Fontaine-de-Vaucluse;Cabanes|Saumane-de-Vaucluse;Les Fayardes|Fontaine-de-Vaucluse;La P\u00e8riere","hiking":"yes","information":"guidepost","mtb":"yes","name":"Valescure","operator":"CD84","panoramax":"5e0727b3-784e-4b58-9c83-9e5111ad5177;a1c82023-3d32-4679-96bd-6d9c0482f1fd;729cf19c-52ef-48b9-b086-9f16d4b631bf","ref":"14757","tourism":"information","osm_id":1191833904,"@id":"node/1191833904"}},{"type":"Feature","id":"node/1191834011","geometry":{"type":"Point","coordinates":[5.1257952,43.9217874]},"properties":{"destination":"Fontaine-de-Vaucluse|Saumane-de-Vaucluse;Les Fayardes","hiking":"yes","information":"guidepost","mapillary":"764480970886905","name":"Les Soleillants","operator":"CD84","panoramax":"5a50496d-31cf-48b9-b506-761c18c458fc","tourism":"information","osm_id":1191834011,"@id":"node/1191834011"}},{"type":"Feature","id":"node/1191834045","geometry":{"type":"Point","coordinates":[5.1286569,43.9260717]},"properties":{"destination":"St-Gens;Cabanes|Le Gouffre|St-Gens;Valescure|Fontaine-de-Vaucluse","hiking":"yes","information":"guidepost","name":"La P\u00e8ri\u00e8re","operator":"CD84","panoramax":"87f46863-c310-492e-951d-2c9903239187;6f9fb0ba-9360-4233-8c17-0edb917d247d","ref":"14760","tourism":"information","osm_id":1191834045,"@id":"node/1191834045"}},{"type":"Feature","id":"node/1319407798","geometry":{"type":"Point","coordinates":[5.1257442,43.8278787]},"properties":{"destination":"Robion;Th\u00e9\u00e2tre de Verdure|Maubec;La Draille de Maubec|Les Taillades;Le Pin de Maillet","hiking":"yes","information":"guidepost","name":"Le Quillot","operator":"CD84","panoramax":"d8298f74-87c5-4ded-8800-de218a563720","ref":"3985","tourism":"information","osm_id":1319407798,"@id":"node/1319407798"}},{"type":"Feature","id":"node/1319407854","geometry":{"type":"Point","coordinates":[5.125129,43.827575]},"properties":{"destination":"Le Quillot|La Citerne|Les Taillades;Le Castelas","hiking":"yes","information":"guidepost","name":"Le Pin de Maillet","operator":"CD84","panoramax":"4ddc4624-c7cd-4f6a-98d2-2f9f30992bda","ref":"4198","tourism":"information","osm_id":1319407854,"@id":"node/1319407854"}},{"type":"Feature","id":"node/1319407866","geometry":{"type":"Point","coordinates":[5.1305578,43.8401865]},"properties":{"destination":"Le Quillot|Opp\u00e8de-le-Vieux;Combr\u00e8s|?","hiking":"yes","information":"guidepost","name":"La Draille de Maubec","operator":"CD84","ref":"4102","tourism":"information","osm_id":1319407866,"@id":"node/1319407866"}},{"type":"Feature","id":"node/1334329939","geometry":{"type":"Point","coordinates":[5.2635087,44.1851529]},"properties":{"destination":"Col du Comte;Grand Valat|Serri\u00e8re|Le Mont Serein","hiking":"yes","information":"guidepost","name":"Chalet des Sports","operator":"CD84","panoramax":"a88db7cc-075f-417d-a72e-fc7541403b91","ref":"2017","tourism":"information","osm_id":1334329939,"@id":"node/1334329939"}},{"type":"Feature","id":"node/1360200049","geometry":{"type":"Point","coordinates":[5.2551448,44.0638934]},"properties":{"destination":"Blauvac;Grand D\u00e9fends|Pi\u00e9 Gros|Flassan;Combe du Salut|Villes-sur-Auzon;R\u00e9gan\u00e9ou","hiking":"yes","information":"guidepost","mapillary":"458065981953506;852801738915598;2657817751179004;","name":"Les Escampeaux","operator":"CD84","ref":"14636","tourism":"information","osm_id":1360200049,"@id":"node/1360200049"}},{"type":"Feature","id":"node/1363448016","geometry":{"type":"Point","coordinates":[5.3155418,44.1620009]},"properties":{"destination":"Chalet Reynard;Le Signal|Mont Ventoux;Col des Temp\u00eates|Le Mont Serein;Serres Gros","hiking":"yes","information":"guidepost","name":"T\u00eate de la Grave","operator":"CD84","panoramax":"6072df4c-aadc-4fb2-8172-73b2507e8875","ref":"2255","tourism":"information","osm_id":1363448016,"@id":"node/1363448016"}},{"type":"Feature","id":"node/1387492612","geometry":{"type":"Point","coordinates":[5.3409457,43.9406125]},"properties":{"destination":"St-Saturnin-les-Apt;La Gypi\u00e8re|Javon;Font-Jouvale|Lioux;Chapelle Ste-Madeleine","hiking":"yes","information":"guidepost","mtb":"yes","name":"Croix de la Lave","operator":"CD84","ref":"23712","tourism":"information","osm_id":1387492612,"@id":"node/1387492612"}},{"type":"Feature","id":"node/1388382205","geometry":{"type":"Point","coordinates":[5.2824975,43.8783283]},"properties":{"destination":"Goult;La Gouiranne|Pont Julien;St Sers Sud|Roussillon;Pi\u00e8 Matarel","hiking":"yes","information":"guidepost","name":"La Petite Verrerie","operator":"CD84","panoramax":"9d3de507-c9a3-429f-ab37-f445977ea5e4","ref":"16773","tourism":"information","osm_id":1388382205,"@id":"node/1388382205"}},{"type":"Feature","id":"node/1388382210","geometry":{"type":"Point","coordinates":[5.2817928,43.8933478]},"properties":{"destination":"?|Goult;Pi\u00e8 Matarel","hiking":"yes","information":"guidepost","mapillary":"504410144046679;808240103411784","name":"Pi\u00e8 Conil","operator":"CD84","ref":"16763","tourism":"information","osm_id":1388382210,"@id":"node/1388382210"}},{"type":"Feature","id":"node/1388382503","geometry":{"type":"Point","coordinates":[5.2950637,43.8743521]},"properties":{"destination":"Goult;La Petite Verrerie|Pont Julien;Les Huguets","hiking":"yes","information":"guidepost","name":"St Sers Sud","operator":"CD84","panoramax":"b0ca01a8-1a26-4b81-ae6e-7340bd72bd17;fdd56ef8-d5c4-4b5f-a6b0-2b8e883a5e1f","ref":"26901","tourism":"information","osm_id":1388382503,"@id":"node/1388382503"}},{"type":"Feature","id":"node/1388443783","geometry":{"type":"Point","coordinates":[5.2566573,43.7998738]},"properties":{"destination":"Les Cassandrons|M\u00e9nerbes;L'Homme mort|For\u00eat des C\u00e8dres;Le Pr\u00e9 de Roustan","hiking":"yes","information":"guidepost","mtb":"yes","name":"Falabr\u00e8gue","operator":"CD84","panoramax":"1b0d4dc8-22c3-4da3-91cf-91052c343954","ref":"3778","tourism":"information","osm_id":1388443783,"@id":"node/1388443783"}},{"type":"Feature","id":"node/1388443889","geometry":{"type":"Point","coordinates":[5.3015737,43.8055102]},"properties":{"destination":"Lauris;Combe du Sautadou|Bonnieux;Lunel","hiking":"yes","information":"guidepost","name":"Tour Philippe","operator":"CD84","panoramax":"a3db6624-b374-4be2-a489-5235489f5c27","ref":"4126","tourism":"information","osm_id":1388443889,"@id":"node/1388443889"}},{"type":"Feature","id":"node/1391073781","geometry":{"type":"Point","coordinates":[5.2726242,43.8537164]},"properties":{"bicycle":"yes","destination":"Pont Julien;APT|Gare de GOULT|BEAUMETTES;CAVAILLON","information":"guidepost","name":"V\u00e9loroute du Calavon","tourism":"information","wikimedia_commons":"File:Bonnieux - panneaux V\u00e9loroute.jpg","osm_id":1391073781,"@id":"node/1391073781"}},{"type":"Feature","id":"node/1392832171","geometry":{"type":"Point","coordinates":[5.279278,43.8979013]},"properties":{"destination":"Roussillon;Ribas|Goult;Pi\u00e8 Conil|Gordes;L'Imergue","hiking":"yes","information":"guidepost","name":"Cabiscol","operator":"CD84","ref":"16845","tourism":"information","osm_id":1392832171,"@id":"node/1392832171"}},{"type":"Feature","id":"node/1392832172","geometry":{"type":"Point","coordinates":[5.2612078,43.9029039]},"properties":{"destination":"Gordes;Le Buis|Roussillon;Cabiscol","hiking":"yes","information":"guidepost","name":"L'Imergue","operator":"CD84","panoramax":"cf83979e-e2bf-4fdb-9966-44b4ea52c341","ref":"26880","tourism":"information","osm_id":1392832172,"@id":"node/1392832172"}},{"type":"Feature","id":"node/1399578786","geometry":{"type":"Point","coordinates":[5.3754789,44.1355463]},"properties":{"destination":"Sault;Notre Dame des Anges|Aurel;La Carri\u00e8re|La Tune;Les Caussets","hiking":"yes","information":"guidepost","name":"Le Ventouret","operator":"CD84","ref":"30715","tourism":"information","osm_id":1399578786,"@id":"node/1399578786"}},{"type":"Feature","id":"node/1399591727","geometry":{"type":"Point","coordinates":[5.196328,44.162347]},"properties":{"destination":"Bedoin;Combe de Maraval|Le Belv\u00e9d\u00e8re;Les Ramayettes|Jas de Landerot;Collet Rouge","hiking":"yes","information":"guidepost","name":"Rocher du Midi","operator":"CD84","panoramax":"b1adde7f-053f-4888-991d-4b15697e8db0","ref":"1406","tourism":"information","osm_id":1399591727,"@id":"node/1399591727"}},{"type":"Feature","id":"node/1439572324","geometry":{"type":"Point","coordinates":[4.8225471,44.0179578]},"properties":{"hiking":"yes","information":"guidepost","name":"La Perrine","operator":"CD84","tourism":"information","osm_id":1439572324,"@id":"node/1439572324"}},{"type":"Feature","id":"node/1580050826","geometry":{"type":"Point","coordinates":[5.1097029,43.93448]},"properties":{"destination":"St-Gens;Marculy|Fontaine-de-Vaucluse;Malaisan|Fontaine-de-Vaucluse;Les Fayardes","hiking":"yes","information":"guidepost","mapillary":"2619531435006881;1085429171945767","mtb":"yes","name":"Les Lauses","operator":"CD84","tourism":"information","osm_id":1580050826,"@id":"node/1580050826"}},{"type":"Feature","id":"node/1580050831","geometry":{"type":"Point","coordinates":[5.1094281,43.9343708]},"properties":{"destination":"Saumane|Le Serraire|Fontaine-de-Vaucluse;Les Lauses","hiking":"yes","information":"guidepost","mapillary":"222375872668869;983218932422337","name":"Malaisan","operator":"CD84","tourism":"information","osm_id":1580050831,"@id":"node/1580050831"}},{"type":"Feature","id":"node/1590999125","geometry":{"type":"Point","coordinates":[5.1580136,43.7745931]},"properties":{"destination":"L'Agranier|M\u00e9rindol;Vallon du Canebier","hiking":"yes","information":"guidepost","name":"Gorges de Regalon","operator":"CD84","ref":"3799","tourism":"information","osm_id":1590999125,"@id":"node/1590999125"}},{"type":"Feature","id":"node/1756392067","geometry":{"type":"Point","coordinates":[5.2283741,43.9158111]},"properties":{"destination":"Roussillon;Le Buis|Murs;Moulin Jean de Mare|Joucas;Bois d'Audibert|Gordes;St-Eyri\u00e8s","hiking":"yes","image":"https://www.altituderando.com/IMG/jpg/7/0/1/3f805ba6-7055-4178-8f92-f181517be0be_1_105_c.jpg","information":"guidepost","name":"Les Grailles","operator":"CD84","ref":"15558","tourism":"information","osm_id":1756392067,"@id":"node/1756392067"}},{"type":"Feature","id":"node/1756392088","geometry":{"type":"Point","coordinates":[5.2129521,43.9310159]},"properties":{"destination":"Gordes;Fontanille|Murs|Murs;Moulin Jean de Mare","hiking":"yes","information":"guidepost","mtb":"yes","name":"V\u00e9zaule","operator":"CD84","ref":"15583","tourism":"information","osm_id":1756392088,"@id":"node/1756392088"}},{"type":"Feature","id":"node/1756392092","geometry":{"type":"Point","coordinates":[5.221296,43.9337954]},"properties":{"destination":"Gordes;V\u00e9zaule|V\u00e9roncle;Les Grailles|Murs;Lauzi\u00e8re","hiking":"yes","image":"https://www.altituderando.com/IMG/jpg/9/e/9/4c87fe39-ce26-41f4-92c3-df0bd72152b3_1_105_c.jpg","information":"guidepost","name":"Moulin Jean de Mare","operator":"CD84","ref":"15553","tourism":"information","osm_id":1756392092,"@id":"node/1756392092"}},{"type":"Feature","id":"node/1852993385","geometry":{"type":"Point","coordinates":[5.0704396,44.1962917]},"properties":{"destination":"La Pousterle;Les Cypr\u00e8s des Ev\u00eaques|Sablet;La Grande Montagne|Le Crestet;Croix de la Verri\u00e8re","hiking":"yes","information":"guidepost","name":"La Verri\u00e8re","operator":"CD84","panoramax":"c9709172-a836-4ddc-ab56-2bc0408568b1;90363b40-f90f-469a-9095-844f9e350287","ref":"232","tourism":"information","osm_id":1852993385,"@id":"node/1852993385"}},{"type":"Feature","id":"node/1852993386","geometry":{"type":"Point","coordinates":[5.0859539,44.2117153]},"properties":{"destination":"Le Crestet|La Pousterle;Les Chastelas|Font du Pommier","hiking":"yes","information":"guidepost","name":"Le Veran","operator":"CD84","panoramax":"2332feb7-88b3-419c-af4f-c645e549bca3;4977d9c0-97fb-4539-b6ea-e74bfad94d81","ref":"679","tourism":"information","osm_id":1852993386,"@id":"node/1852993386"}},{"type":"Feature","id":"node/1852998245","geometry":{"type":"Point","coordinates":[5.0766389,44.2020777]},"properties":{"destination":"Le Crestet;Le Veran|La Pousterle;Croix de la Verri\u00e8re|Le Crestet;Les Faysses","hiking":"yes","information":"guidepost","name":"Les Chastelas","operator":"CD84","panoramax":"480587be-91ae-4d4d-b09d-60e856775409","ref":"678","tourism":"information","osm_id":1852998245,"@id":"node/1852998245"}},{"type":"Feature","id":"node/1853026961","geometry":{"type":"Point","coordinates":[5.2145228,44.13287]},"properties":{"destination":"Jas de Landerot|Mont Ventoux;Les F\u00e9brier|Bedoin;Maison des C\u00e8dres|Grand Replanas","hiking":"yes","information":"guidepost","mapillary":"373915680696468","mtb":"yes","name":"Les Colombets","operator":"CD84","ref":"1323","tourism":"information","osm_id":1853026961,"@id":"node/1853026961"}},{"type":"Feature","id":"node/1853038839","geometry":{"type":"Point","coordinates":[5.2575882,44.1820375]},"properties":{"destination":"Le Mont Serein|Les Alazards;Faysses|Le Casse\u00f9","hiking":"yes","information":"guidepost","name":"Bergerie de l'Avocat","operator":"CD84","panoramax":"ff96c130-8ee0-42ce-b508-406dc120f3c3","ref":"2019","tourism":"information","osm_id":1853038839,"@id":"node/1853038839"}},{"type":"Feature","id":"node/1853038857","geometry":{"type":"Point","coordinates":[5.2601559,44.188526]},"properties":{"destination":"Les Alazards;Faysses|Col du Comte;Pra-Long|Chalet des Sports","hiking":"yes","information":"guidepost","name":"Grand Valat","operator":"CD84","panoramax":"794d4fc7-1792-4465-8360-83835604d7f4;7cc9c707-4d88-4284-9ebc-f5ada68c2601","ref":"2012","tourism":"information","osm_id":1853038857,"@id":"node/1853038857"}},{"type":"Feature","id":"node/1885334464","geometry":{"type":"Point","coordinates":[5.1627585,43.8273725]},"properties":{"destination":"M\u00e9nerbes;Poudarigue|Maubec;Combr\u00e8s|R\u00e9galon;Le Pradon","hiking":"yes","information":"guidepost","name":"Le Vieil-Opp\u00e8de","operator":"CD84","ref":"4005","tourism":"information","osm_id":1885334464,"@id":"node/1885334464"}},{"type":"Feature","id":"node/1885334472","geometry":{"type":"Point","coordinates":[5.1512149,43.7888981]},"properties":{"destination":"R\u00e9galon;Montagnas|Opp\u00e8de-le-Vieux;Le Pradon|M\u00e9rindol;L'Agranier","hiking":"yes","information":"guidepost","mtb":"yes","name":"Vallon de la Gal\u00e8re","operator":"CD84","panoramax":"2908aabc-1810-435a-b303-c77169698738","tourism":"information","osm_id":1885334472,"@id":"node/1885334472"}},{"type":"Feature","id":"node/1885334568","geometry":{"type":"Point","coordinates":[5.1541578,43.7866133]},"properties":{"hiking":"yes","information":"guidepost","tourism":"information","osm_id":1885334568,"@id":"node/1885334568"}},{"type":"Feature","id":"node/1898503753","geometry":{"type":"Point","coordinates":[5.4354377,43.9219175]},"properties":{"destination":"Rustrel;La Glaurivette|Villars;Trou des Am\u00e9ricains|Apt;Les Jean-Jean","hiking":"yes","information":"guidepost","mtb":"yes","name":"Les Bruy\u00e8res","operator":"CD84","panoramax":"9365b258-443b-4489-b96d-bc4c30400031;0d849873-e4ef-4f8c-9401-b2b483c180c6","ref":"27934","tourism":"information","osm_id":1898503753,"@id":"node/1898503753"}},{"type":"Feature","id":"node/1898540246","geometry":{"type":"Point","coordinates":[5.2720775,43.8003377]},"properties":{"destination":"Lauris;Le Portalas|Le Pr\u00e9 de Roustan|Bonnieux;Peyrafio","hiking":"yes","information":"guidepost","name":"For\u00eat des C\u00e8dres","operator":"CD84","panoramax":"d87ff0b5-0acc-48f1-a4cc-47b6e6ae43cb;7b07ead9-4110-48cc-ae0a-ed454288d9df","tourism":"information","osm_id":1898540246,"@id":"node/1898540246"}},{"type":"Feature","id":"node/1898540251","geometry":{"type":"Point","coordinates":[5.2709043,43.7937385]},"properties":{"destination":"For\u00eat des C\u00e8dres|Le Pr\u00e9 de Roustan|Lauris;L'Aire des Bosses","hiking":"yes","information":"guidepost","mtb":"yes","name":"Le Portalas","operator":"CD84","panoramax":"9b6d215e-77dc-48a6-9bbe-acac56872a7b;0eaec469-ccac-46dd-bfe2-9f31d8532a73;e753fabf-f079-4779-a708-04c77380c0cd","ref":"3484","tourism":"information","osm_id":1898540251,"@id":"node/1898540251"}},{"type":"Feature","id":"node/1898540256","geometry":{"type":"Point","coordinates":[5.267347,43.8010966]},"properties":{"destination":"Le Portalas|For\u00eat des C\u00e8dres|La Valmasque|Falabr\u00e8gue","hiking":"yes","information":"guidepost","mtb":"yes","name":"Le Pr\u00e9 de Roustan","operator":"CD84","panoramax":"51c280e7-a76b-4d42-a6ab-1e570305be49;df571b52-a39c-46d9-af82-5e61db6ce793;d99edd28-6cb6-4315-ab0f-b6992a037890","ref":"3474","tourism":"information","osm_id":1898540256,"@id":"node/1898540256"}},{"type":"Feature","id":"node/1941936557","geometry":{"type":"Point","coordinates":[5.4835498,43.9262273]},"properties":{"hiking":"yes","information":"guidepost","name":"Le Gibas","operator":"CD84","ref":"21647","tourism":"information","osm_id":1941936557,"@id":"node/1941936557"}},{"type":"Feature","id":"node/1969626913","geometry":{"type":"Point","coordinates":[4.8075728,44.1359982]},"properties":{"destination":"Office de tourisme;Temple protestant;L'Aliz\u00e9e;Arc de triomphe antique;H\u00f4tel de ville &cath\u00e9drale","direction":"260;350","information":"guidepost","mapillary":"Mwocaro56iIof-C8dyHSdA","operator":"Lacroix Signalisation","ref":"02 - 03","tourism":"information","osm_id":1969626913,"@id":"node/1969626913"}},{"type":"Feature","id":"node/1969626917","geometry":{"type":"Point","coordinates":[4.8082362,44.1362242]},"properties":{"destination":"Arc de triomphe antique:Hotel de ville & cath\u00e9drale","information":"guidepost","mapillary":"cSnVUn8cvrdg3VLMBmw0FA","ref":"04","tourism":"information","osm_id":1969626917,"@id":"node/1969626917"}},{"type":"Feature","id":"node/1969626925","geometry":{"type":"Point","coordinates":[4.8107106,44.137586]},"properties":{"information":"guidepost","mapillary":"2912542689016773","operator":"Lacroix Signalisation","ref":"14","tourism":"information","osm_id":1969626925,"@id":"node/1969626925"}},{"type":"Feature","id":"node/1969636203","geometry":{"type":"Point","coordinates":[4.807433,44.137253]},"properties":{"information":"guidepost","mapillary":"2974455029506102","ref":"13","tourism":"information","osm_id":1969636203,"@id":"node/1969636203"}},{"type":"Feature","id":"node/1969822986","geometry":{"type":"Point","coordinates":[4.8081959,44.138578]},"properties":{"information":"guidepost","mapillary":"509980350022344","operator":"Lacroix Signalisation","ref":"21","tourism":"information","osm_id":1969822986,"@id":"node/1969822986"}},{"type":"Feature","id":"node/1969824779","geometry":{"type":"Point","coordinates":[4.806124,44.13863]},"properties":{"information":"guidepost","mapillary":"367964257936991","operator":"Lacroix Signalisation","ref":"18","tourism":"information","osm_id":1969824779,"@id":"node/1969824779"}},{"type":"Feature","id":"node/1969826612","geometry":{"type":"Point","coordinates":[4.8067483,44.1369724]},"properties":{"information":"guidepost","mapillary":"234135988485365","operator":"Lacroix Signalisation","panoramax":"747ddede-f647-4fbf-a723-5daeae315b56","ref":"07","tourism":"information","osm_id":1969826612,"@id":"node/1969826612"}},{"type":"Feature","id":"node/1969828893","geometry":{"type":"Point","coordinates":[4.8052953,44.1365937]},"properties":{"information":"guidepost","mapillary":"174881557735161","operator":"Lacroix Signalisation","ref":"12","tourism":"information","osm_id":1969828893,"@id":"node/1969828893"}},{"type":"Feature","id":"node/1969831092","geometry":{"type":"Point","coordinates":[4.8058421,44.1355492]},"properties":{"destination":"Th\u00e9\u00e2tre antique / Mus\u00e9e;Temple protestant;L'Aliz\u00e9","information":"guidepost","mapillary":"527947048571032","operator":"Lacroix Signalisation","ref":"16","tourism":"information","osm_id":1969831092,"@id":"node/1969831092"}},{"type":"Feature","id":"node/2000048981","geometry":{"type":"Point","coordinates":[4.8072881,44.1377961]},"properties":{"information":"guidepost","mapillary":"878186322746296","operator":"Lacroix Signalisation","ref":"17","tourism":"information","osm_id":2000048981,"@id":"node/2000048981"}},{"type":"Feature","id":"node/2069400338","geometry":{"type":"Point","coordinates":[5.1031996,43.9554344]},"properties":{"destination":"Saumane-de-Vaucluse;Les Catouni\u00e8res","hiking":"yes","information":"guidepost","mapillary":"282398293621832;134527981967069;217665919827896","name":"La Tuilli\u00e8re","operator":"CD84","ref":"15983","tourism":"information","osm_id":2069400338,"@id":"node/2069400338"}},{"type":"Feature","id":"node/2303032177","geometry":{"type":"Point","coordinates":[5.1642469,43.806545]},"properties":{"destination":"Maubec;Combr\u00e8s|Opp\u00e8de-le-Vieux;Le Pradon|Vidauque;Les Aires de Bedoin","hiking":"yes","information":"guidepost","name":"La Jassine","operator":"CD84","panoramax":"c6391291-38d5-47c1-a9ac-242e0788da21","ref":"3815","tourism":"information","osm_id":2303032177,"@id":"node/2303032177"}},{"type":"Feature","id":"node/2303032188","geometry":{"type":"Point","coordinates":[5.1682796,43.806665]},"properties":{"destination":"For\u00eat des C\u00e8dres;Les Hautes Plaines|R\u00e9galon;Vallon de la Gal\u00e8re|Vidauque;La Jassine|Le Vieil-Opp\u00e8de","hiking":"yes","information":"guidepost","name":"Le Pradon","operator":"CD84","panoramax":"589575bf-e879-4d60-9c94-d343851ea64b","ref":"3816","tourism":"information","osm_id":2303032188,"@id":"node/2303032188"}},{"type":"Feature","id":"node/2303589315","geometry":{"type":"Point","coordinates":[5.1278651,43.9336429]},"properties":{"destination":"Fontaine de Vaucluse;La P\u00e8riere|St-Gens;Valescure","hiking":"yes","information":"guidepost","name":"Cabane","operator":"CD84","panoramax":"b3508c78-fecf-458b-82b2-a5c1fa21cb96","ref":"30992","tourism":"information","osm_id":2303589315,"@id":"node/2303589315"}},{"type":"Feature","id":"node/2303589366","geometry":{"type":"Point","coordinates":[5.1279419,43.9135735]},"properties":{"destination":"Lagnes;Valette|Fontaine-de-Vaucluse;Les Bastides|La Pouraque;Lauzas Nord","hiking":"yes","information":"guidepost","name":"Font de l'Oule","operator":"CD84","panoramax":"1f6a5c68-9f05-4702-a452-9cdf4ca91802;be732c39-0c39-4fbc-a5e2-c1c7b0cd28a7","ref":"16143","tourism":"information","osm_id":2303589366,"@id":"node/2303589366"}},{"type":"Feature","id":"node/2303590115","geometry":{"type":"Point","coordinates":[5.1573234,43.9492143]},"properties":{"destination":"La Pouraque;La Plaine|Cabri\u00e8res d'Avignon;Le Su\u00e9i|Fontaine-de-Vaucluse;Lauzas Nord","hiking":"yes","information":"guidepost","mtb":"yes","name":"La Plaine Est","operator":"CD84","panoramax":"3f353fd9-3f3c-4325-954d-08fcd3462807","ref":"14787","tourism":"information","osm_id":2303590115,"@id":"node/2303590115"}},{"type":"Feature","id":"node/2303590118","geometry":{"type":"Point","coordinates":[5.1557006,43.9496217]},"properties":{"destination":"Fontaine-de-Vaucluse;La Plaine Est|St-Gens;Les Trois Luisants|S\u00e9nanque;Croix de Pouracon","hiking":"yes","information":"guidepost","mtb":"yes","name":"La Plaine","operator":"CD84","panoramax":"e42b7402-25ef-47e3-95c1-7b79a86d936f","ref":"14784","tourism":"information","osm_id":2303590118,"@id":"node/2303590118"}},{"type":"Feature","id":"node/2303590125","geometry":{"type":"Point","coordinates":[5.1419641,43.9505707]},"properties":{"destination":"Mourre Pel\u00e9|Les Trois Luisants","hiking":"yes","information":"guidepost","name":"Poste de Vigie","operator":"CD84","panoramax":"c3f98251-ffba-4c78-9503-a496f333a7e2","tourism":"information","osm_id":2303590125,"@id":"node/2303590125"}},{"type":"Feature","id":"node/2303590157","geometry":{"type":"Point","coordinates":[5.1468843,43.9527648]},"properties":{"destination":"Fontaine-de-Vaucluse;Poste de Vigie|Senanque;La Plaine|St-Gens;Rocher des 3 Luisants","hiking":"yes","information":"guidepost","mtb":"yes","name":"Les Trois Luisants","operator":"CD84","panoramax":"da45e19a-2337-496c-b7e2-5cd007bcb6c1","ref":"14745","tourism":"information","osm_id":2303590157,"@id":"node/2303590157"}},{"type":"Feature","id":"node/2326381760","geometry":{"type":"Point","coordinates":[5.3028107,43.8068359]},"properties":{"destination":"Lauris;Tour Philippe|Bonnieux;L'Arrigner","hiking":"yes","information":"guidepost","name":"Lunel","operator":"CD84","panoramax":"a561346a-97bb-4996-b771-c3b9c2275653","ref":"3508","tourism":"information","osm_id":2326381760,"@id":"node/2326381760"}},{"type":"Feature","id":"node/2393777999","geometry":{"type":"Point","coordinates":[5.211753,44.1866571]},"properties":{"destination":"Les Alazards|Le Mont Serein;Valat de Mont Serein|Col du Comte;Le Plan","hiking":"yes","information":"guidepost","mtb":"yes","name":"Le Plan de Vau","operator":"CD84","panoramax":"359c073c-60e7-4ed6-80fd-cf5f482a629d;201f3886-17bd-4bb0-901d-75c9a400f5ef;50c82c1f-c5d9-4aec-8cc6-15b2c082184a","tourism":"information","osm_id":2393777999,"@id":"node/2393777999"}},{"type":"Feature","id":"node/2393778001","geometry":{"type":"Point","coordinates":[5.2768093,44.1882843]},"properties":{"destination":"Col du Comte;La Patte d'Oie|Le Contrat Sud;Le Contrat|Chalet des Sports|Col du Comte;Pra-Long","hiking":"yes","information":"guidepost","name":"Serri\u00e8re","operator":"CD84","panoramax":"cc3af0ea-2a40-431e-8d22-1a49be5d0b3c;125c98e5-0e6e-44cd-a125-7b9a04186885","ref":"2022","tourism":"information","osm_id":2393778001,"@id":"node/2393778001"}},{"type":"Feature","id":"node/2393778378","geometry":{"type":"Point","coordinates":[5.2797589,44.1844485]},"properties":{"destination":"Caravaneige|Le Contrat|Mont Ventoux;Le Contrat Sud","hiking":"yes","information":"guidepost","name":"Le Contrat Ouest","operator":"CD84","panoramax":"13687398-bb35-4917-88cd-2475370122cd;2c59304b-44ef-4c1f-84dc-34df72cd9508;84b9dca6-7ba2-444b-89e6-19f279b34338;2bd34bca-ce4e-4b62-aff6-180d9c98e946","ref":"2036","tourism":"information","osm_id":2393778378,"@id":"node/2393778378"}},{"type":"Feature","id":"node/2393805789","geometry":{"type":"Point","coordinates":[5.1232591,43.9036669]},"properties":{"destination":"Lagnes|Fontaine-de-Vaucluse;La Bastide Rouge|Galas","hiking":"yes","information":"guidepost","mtb":"yes","name":"Basse Capiane","operator":"CD84","ref":"16164","tourism":"information","osm_id":2393805789,"@id":"node/2393805789"}},{"type":"Feature","id":"node/2396207676","geometry":{"type":"Point","coordinates":[5.2401309,43.8639733]},"properties":{"destination":"La Gouiranne|St Pantal\u00e9on;Jerusalem|Gordes;Trabari","hiking":"yes","information":"guidepost","name":"Goult","operator":"CD84","panoramax":"eaeaffc4-13e0-4bb7-a9f4-1e88a3d49739;58c552ab-4d30-4124-802c-3a25836ccb42;a51a07d4-c06e-4590-bdd0-89bef79bb9a3","ref":"31078","tourism":"information","osm_id":2396207676,"@id":"node/2396207676"}},{"type":"Feature","id":"node/2396207686","geometry":{"type":"Point","coordinates":[5.2391541,43.8631383]},"properties":{"destination":"St Pantal\u00e9on;La Grande Garrigue Sud|Croix de la Roche Redone|Goult","hiking":"yes","information":"guidepost","mapillary":"490354649086672;191128706079445","name":"J\u00e9rusalem","operator":"CD84","ref":"16674","tourism":"information","osm_id":2396207686,"@id":"node/2396207686"}},{"type":"Feature","id":"node/2396207695","geometry":{"type":"Point","coordinates":[5.2244892,43.8650899]},"properties":{"destination":"Goult;Trabari|Goult;Jerusalem|St-Pantal\u00e9on;Mange-Tian","hiking":"yes","information":"guidepost","name":"La Grande Garrigue Sud","operator":"CD84","ref":"30639","tourism":"information","osm_id":2396207695,"@id":"node/2396207695"}},{"type":"Feature","id":"node/2396208845","geometry":{"type":"Point","coordinates":[5.2326071,43.8674841]},"properties":{"destination":"Gordes;Les Dragonettes|Goult|St-Pantal\u00e9on;La Grande Garrigue Sud","hiking":"yes","information":"guidepost","name":"Trabari","operator":"CD84","panoramax":"e14e17a0-e7ea-421f-ad8b-8db9869b9f3d;4d41128d-80b1-4b62-beee-2a38d10e9fd8","ref":"16563","tourism":"information","osm_id":2396208845,"@id":"node/2396208845"}},{"type":"Feature","id":"node/2423430256","geometry":{"type":"Point","coordinates":[5.3245764,44.1599036]},"properties":{"destination":"Pas de la Frache;Combe Brune|Chalet Reynard;Chalet Reynard Haut|Mont Ventoux;T\u00eate de la Grave","hiking":"yes","information":"guidepost","mtb":"yes","name":"Le Signal","operator":"CD84","panoramax":"279764a2-27e1-4868-b8cc-22d11f34750b;db9b3f32-37d8-4d3e-9895-de6e0baa6ed8;1127b997-2a6f-4fda-aed3-494fadd00793","ref":"2206","tourism":"information","osm_id":2423430256,"@id":"node/2423430256"}},{"type":"Feature","id":"node/2423461510","geometry":{"type":"Point","coordinates":[5.2417816,44.1129945]},"properties":{"destination":"Chalet Reynard;Jas de Montagard|Bedoin;Les Pins de Constant|Flassan;Les Baysses","hiking":"yes","information":"guidepost","mapillary":"2861339577451566;892180644694110;326100349069710","name":"Saint-Est\u00e8ve","operator":"CD84","ref":"1499","tourism":"information","osm_id":2423461510,"@id":"node/2423461510"}},{"type":"Feature","id":"node/2435278316","geometry":{"type":"Point","coordinates":[5.1457572,43.7651286]},"properties":{"destination":"Le Trou du Rat;La Roquette|Opp\u00e8de-Le-Vieux;Les Mayorques|R\u00e9galon","hiking":"yes","information":"guidepost","name":"Barri\u00e9","operator":"CD84","panoramax":"2d4f957f-f915-4a90-8e65-bff76e7676fb;ab2f8cc5-0e33-428e-9987-ac48db50e6c6","tourism":"information","osm_id":2435278316,"@id":"node/2435278316"}},{"type":"Feature","id":"node/2435278332","geometry":{"type":"Point","coordinates":[5.1377477,43.7650346]},"properties":{"destination":"Ecole de la Roquette|Le Trou du Rat|R\u00e9galon;Barri\u00e9","hiking":"yes","information":"guidepost","mapillary":"201605511800859","name":"La Roquette","operator":"CD84","ref":"30747","tourism":"information","osm_id":2435278332,"@id":"node/2435278332"}},{"type":"Feature","id":"node/2435278335","geometry":{"type":"Point","coordinates":[5.1431674,43.7766288]},"properties":{"destination":"Opp\u00e8de-le-Vieux;Montagnas|R\u00e9galon;Barri\u00e9","hiking":"yes","information":"guidepost","name":"Les Mayorques","operator":"CD84","panoramax":"c83979e2-a71c-4a46-8876-fb8f35f48dbe;f098581a-93da-46f6-9de5-9bf53fcfdd30","tourism":"information","osm_id":2435278335,"@id":"node/2435278335"}},{"type":"Feature","id":"node/2436862760","geometry":{"type":"Point","coordinates":[4.8073185,44.1370756]},"properties":{"destination":"Office de tourisme;Th\u00e9\u00e2tre municipal;Th\u00e9\u00e2tre Ar\u00e8ne","information":"guidepost","mapillary":"2974455029506102","operator":"Lacroix Signalisation","ref":"01","tourism":"information","osm_id":2436862760,"@id":"node/2436862760"}},{"type":"Feature","id":"node/2437244362","geometry":{"type":"Point","coordinates":[5.1581241,43.7800859]},"properties":{"destination":"Gorges de R\u00e9galon|Vallon de la Gal\u00e8re|M\u00e9rindol;Vallon du Canebier","hiking":"yes","information":"guidepost","mtb":"yes","name":"L'Agranier","operator":"CD84","panoramax":"39d6b754-11bd-41fe-954e-17cfaf0f9ad1","ref":"3803","tourism":"information","osm_id":2437244362,"@id":"node/2437244362"}},{"type":"Feature","id":"node/2437244370","geometry":{"type":"Point","coordinates":[5.132176,43.7845866]},"properties":{"destination":"Vidauque;Les Quatre Chemins|R\u00e9galon;La Roquette|Montagnas","hiking":"yes","information":"guidepost","name":"Le Trou du Rat","operator":"CD84","panoramax":"7f8f5a8b-178a-4d1b-8563-a0a5e5b3b007;751215f3-ec51-407a-b519-6a39f27ec2c9;e42ab411-47f7-418f-99c8-ffe26487ac28","tourism":"information","osm_id":2437244370,"@id":"node/2437244370"}},{"type":"Feature","id":"node/2437244377","geometry":{"type":"Point","coordinates":[5.1499607,43.7856565]},"properties":{"destination":"Le Trou du Rat|R\u00e9galon;Les Mayorques|Vidauque;Les Quatre Chemins|Opp\u00e8de-le-Vieux;Vallon de la Gal\u00e8re","hiking":"yes","information":"guidepost","name":"Montagnas","operator":"CD84","panoramax":"b603c4e1-7fa3-43da-9972-7d5851ebc0c1","ref":"3886","tourism":"information","osm_id":2437244377,"@id":"node/2437244377"}},{"type":"Feature","id":"node/2448007849","geometry":{"type":"Point","coordinates":[4.8099853,44.1354735]},"properties":{"information":"guidepost","mapillary":"1125706547897410","operator":"Lacroix Signalisation","ref":"10","tourism":"information","osm_id":2448007849,"@id":"node/2448007849"}},{"type":"Feature","id":"node/2452663279","geometry":{"type":"Point","coordinates":[5.1264761,43.8261861]},"properties":{"destination":"Vidauque|Les Taillades;Le Pin de Maillet|Les Aires de Bedoin","hiking":"yes","information":"guidepost","name":"La citerne","operator":"CD84","panoramax":"793066a3-334c-4580-8a44-62f2a522ac10","ref":"3974","tourism":"information","osm_id":2452663279,"@id":"node/2452663279"}},{"type":"Feature","id":"node/2452663323","geometry":{"type":"Point","coordinates":[5.1217978,43.8269855]},"properties":{"hiking":"yes","information":"guidepost","mapillary":"242914140600950","tourism":"information","osm_id":2452663323,"@id":"node/2452663323"}},{"type":"Feature","id":"node/2478153461","geometry":{"type":"Point","coordinates":[5.1902333,43.9034261]},"properties":{"destination":"S\u00e9nanque;Village des Bories|Gordes;Bel-Air|Cabri\u00e8res-d'Avignon;La Croix des Baux","hiking":"yes","information":"guidepost","name":"Les Grangiers","operator":"CD84","ref":"16265","tourism":"information","osm_id":2478153461,"@id":"node/2478153461"}},{"type":"Feature","id":"node/2478153477","geometry":{"type":"Point","coordinates":[5.1971369,43.9068042]},"properties":{"destination":"Gordes|Cabri\u00e8res-d'Avignon;Les Grangiers|Col de Gordes","hiking":"yes","information":"guidepost","mtb":"yes","name":"Bel-Air","operator":"CD84","panoramax":"ec8bbfaf-31ef-4849-9515-104ae9f31507","ref":"16269","tourism":"information","osm_id":2478153477,"@id":"node/2478153477"}},{"type":"Feature","id":"node/2478153604","geometry":{"type":"Point","coordinates":[5.1867548,43.9234688]},"properties":{"destination":"Abbaye de S\u00e9nanque|Les Dilais|Gordes;La Rougui\u00e8re","hiking":"yes","information":"guidepost","name":"C\u00f4te de S\u00e9nancole","operator":"CD84","panoramax":"84ee947f-9691-4f82-ade6-ca0dc760c6ae","ref":"16118","tourism":"information","osm_id":2478153604,"@id":"node/2478153604"}},{"type":"Feature","id":"node/2478153630","geometry":{"type":"Point","coordinates":[5.1892786,43.9309753]},"properties":{"destination":"La Pouraque;Croix de Pouracon|Gordes;C\u00f4te de S\u00e9nancole","hiking":"yes","information":"guidepost","name":"Abbaye de S\u00e9nanque","operator":"CD84","panoramax":"2ee51e32-8594-4594-9e39-57c673084039","tourism":"information","osm_id":2478153630,"@id":"node/2478153630"}},{"type":"Feature","id":"node/2491944073","geometry":{"type":"Point","coordinates":[4.8123302,44.1353587]},"properties":{"information":"guidepost","mapillary":"760377994600260","operator":"Mairie d'Orange","osm_id":2491944073,"@id":"node/2491944073"}},{"type":"Feature","id":"node/2530763347","geometry":{"type":"Point","coordinates":[4.8066712,44.1305094]},"properties":{"information":"guidepost","tourism":"information","osm_id":2530763347,"@id":"node/2530763347"}},{"type":"Feature","id":"node/2530763348","geometry":{"type":"Point","coordinates":[4.8066734,44.1306305]},"properties":{"information":"guidepost","tourism":"information","osm_id":2530763348,"@id":"node/2530763348"}},{"type":"Feature","id":"node/2530763349","geometry":{"type":"Point","coordinates":[4.8072842,44.1306527]},"properties":{"information":"guidepost","tourism":"information","osm_id":2530763349,"@id":"node/2530763349"}},{"type":"Feature","id":"node/2530763350","geometry":{"type":"Point","coordinates":[4.8067611,44.1306616]},"properties":{"information":"guidepost","tourism":"information","osm_id":2530763350,"@id":"node/2530763350"}},{"type":"Feature","id":"node/2530763351","geometry":{"type":"Point","coordinates":[4.8071272,44.1306668]},"properties":{"information":"guidepost","tourism":"information","osm_id":2530763351,"@id":"node/2530763351"}},{"type":"Feature","id":"node/2530763352","geometry":{"type":"Point","coordinates":[4.8077758,44.130842]},"properties":{"information":"guidepost","tourism":"information","osm_id":2530763352,"@id":"node/2530763352"}},{"type":"Feature","id":"node/2530763353","geometry":{"type":"Point","coordinates":[4.8089026,44.1309283]},"properties":{"information":"guidepost","tourism":"information","osm_id":2530763353,"@id":"node/2530763353"}},{"type":"Feature","id":"node/2530763354","geometry":{"type":"Point","coordinates":[4.8085527,44.1320314]},"properties":{"information":"guidepost","mapillary":"377629590334892","tourism":"information","osm_id":2530763354,"@id":"node/2530763354"}},{"type":"Feature","id":"node/2530763355","geometry":{"type":"Point","coordinates":[4.8086131,44.1321733]},"properties":{"information":"guidepost","tourism":"information","osm_id":2530763355,"@id":"node/2530763355"}},{"type":"Feature","id":"node/2530763356","geometry":{"type":"Point","coordinates":[4.8092613,44.1330901]},"properties":{"hiking":"yes","information":"guidepost","mapillary":"462374328173166","tourism":"information","osm_id":2530763356,"@id":"node/2530763356"}},{"type":"Feature","id":"node/2530763357","geometry":{"type":"Point","coordinates":[4.8087269,44.133652]},"properties":{"information":"guidepost","tourism":"information","osm_id":2530763357,"@id":"node/2530763357"}},{"type":"Feature","id":"node/2530763358","geometry":{"type":"Point","coordinates":[4.8082752,44.1338339]},"properties":{"information":"guidepost","tourism":"information","osm_id":2530763358,"@id":"node/2530763358"}},{"type":"Feature","id":"node/2530763359","geometry":{"type":"Point","coordinates":[4.8087453,44.1338355]},"properties":{"information":"guidepost","tourism":"information","osm_id":2530763359,"@id":"node/2530763359"}},{"type":"Feature","id":"node/2530763360","geometry":{"type":"Point","coordinates":[4.8085094,44.1346998]},"properties":{"information":"guidepost","tourism":"information","osm_id":2530763360,"@id":"node/2530763360"}},{"type":"Feature","id":"node/2530763361","geometry":{"type":"Point","coordinates":[4.8079298,44.1348055]},"properties":{"information":"guidepost","tourism":"information","osm_id":2530763361,"@id":"node/2530763361"}},{"type":"Feature","id":"node/2530763362","geometry":{"type":"Point","coordinates":[4.8084467,44.1348501]},"properties":{"information":"guidepost","tourism":"information","osm_id":2530763362,"@id":"node/2530763362"}},{"type":"Feature","id":"node/2653823760","geometry":{"type":"Point","coordinates":[4.8101626,44.1354235]},"properties":{"destination":"Th\u00e9\u00e2tre antique/Mus\u00e9e;Eglise St Florent/H\u00f4tel Dieu;H\u00f4tel le Glacier;H\u00f4tel l'Herbier;La Cantina","direction":"240","information":"guidepost","mapillary":"306465000891691","tourism":"information","osm_id":2653823760,"@id":"node/2653823760"}},{"type":"Feature","id":"node/2705427278","geometry":{"type":"Point","coordinates":[4.8289946,44.1254921]},"properties":{"destination":"Jonqui\u00e8res;Zone industrielle;Zone dactivit\u00e9s","direction":"120","information":"guidepost","mapillary":"294151212288528","osm_id":2705427278,"@id":"node/2705427278"}},{"type":"Feature","id":"node/2705432899","geometry":{"type":"Point","coordinates":[4.8379506,44.1223307]},"properties":{"destination":"fr:Zone industrielle;Zone d'activit\u00e9s;Isover;Avenue de la Gr\u00e8ce","information":"guidepost","mapillary":"579820113013442","operator":"Mairie d'Orange","osm_id":2705432899,"@id":"node/2705432899"}},{"type":"Feature","id":"node/2705440381","geometry":{"type":"Point","coordinates":[4.8407027,44.1214797]},"properties":{"destination":"Carpentras;Jonqui\u00e8res","direction":"90","information":"guidepost","mapillary":"132572442197534","panoramax":"398c85c2-c222-47af-887a-aa72597798c5","osm_id":2705440381,"@id":"node/2705440381"}},{"type":"Feature","id":"node/2705443525","geometry":{"type":"Point","coordinates":[4.8404295,44.1212962]},"properties":{"direction":"40;200","information":"guidepost","mapillary":"1170733803443898","panoramax:N":"5b3362c7-f227-43a0-a9bb-fc1493af8758","panoramax:W":"3561fa7c-27c4-44b7-85df-a5b6086bb74a","osm_id":2705443525,"@id":"node/2705443525"}},{"type":"Feature","id":"node/2705463378","geometry":{"type":"Point","coordinates":[4.8465429,44.1143377]},"properties":{"information":"guidepost","mapillary":"1478597219139543","osm_id":2705463378,"@id":"node/2705463378"}},{"type":"Feature","id":"node/2705464522","geometry":{"type":"Point","coordinates":[4.8462513,44.1142772]},"properties":{"direction":"300","information":"guidepost","mapillary":"324950615721258","osm_id":2705464522,"@id":"node/2705464522"}},{"type":"Feature","id":"node/2705466459","geometry":{"type":"Point","coordinates":[4.8461978,44.1144892]},"properties":{"destination":"fr:Zone du Coudoulet,-","information":"guidepost","mapillary":"822561051703021","operator":"Mairie d'Orange","osm_id":2705466459,"@id":"node/2705466459"}},{"type":"Feature","id":"node/2705659014","geometry":{"type":"Point","coordinates":[4.8063591,44.1513079]},"properties":{"destination":"Camaret, Vaison la R.;Gare SNCF,H\u00f4pital;D\u00e9viation P.L.","direction":"120","information":"guidepost","mapillary":"1124008068067418","operator":"Mairie d'Orange","osm_id":2705659014,"@id":"node/2705659014"}},{"type":"Feature","id":"node/2705659015","geometry":{"type":"Point","coordinates":[4.806136,44.1511847]},"properties":{"destination":"Les r\u00eaves Bleus;Mission locale","direction":"220","information":"guidepost","mapillary":"206524411023907","operator":"Mairie d'Orange","osm_id":2705659015,"@id":"node/2705659015"}},{"type":"Feature","id":"node/2706644682","geometry":{"type":"Point","coordinates":[4.8121322,44.1352929]},"properties":{"information":"guidepost","mapillary":"1368336373544349","operator":"Mairie d'Orange","osm_id":2706644682,"@id":"node/2706644682"}},{"type":"Feature","id":"node/2706644683","geometry":{"type":"Point","coordinates":[4.8122847,44.1354522]},"properties":{"information":"guidepost","mapillary":"154747286555416","operator":"Mairie d'Orange","osm_id":2706644683,"@id":"node/2706644683"}},{"type":"Feature","id":"node/2710524888","geometry":{"type":"Point","coordinates":[4.8192184,44.1229827]},"properties":{"information":"guidepost","operator":"Mairie d'Orange","osm_id":2710524888,"@id":"node/2710524888"}},{"type":"Feature","id":"node/2710542642","geometry":{"type":"Point","coordinates":[4.8503027,44.1096094]},"properties":{"destination":"ZA Porte Sud A;Orange,ZA du Coudoulet,ZA Porte Sud B;A7;La Gironde","direction":"140","information":"guidepost","mapillary":"554180358899234","osm_id":2710542642,"@id":"node/2710542642"}},{"type":"Feature","id":"node/2710545980","geometry":{"type":"Point","coordinates":[4.846659,44.1118807]},"properties":{"direction":"310","information":"guidepost","mapillary":"2800433646936920","osm_id":2710545980,"@id":"node/2710545980"}},{"type":"Feature","id":"node/2710546401","geometry":{"type":"Point","coordinates":[4.8465934,44.1112893]},"properties":{"destination":"Valence,Lyon;Avignon,Marseille","direction":"200","information":"guidepost","mapillary":"474263967188463","osm_id":2710546401,"@id":"node/2710546401"}},{"type":"Feature","id":"node/2710547075","geometry":{"type":"Point","coordinates":[4.8471354,44.1110728]},"properties":{"information":"guidepost","mapillary":"175636357766877","osm_id":2710547075,"@id":"node/2710547075"}},{"type":"Feature","id":"node/2710553337","geometry":{"type":"Point","coordinates":[4.847402,44.1112297]},"properties":{"information":"guidepost","mapillary":"455332462433847","osm_id":2710553337,"@id":"node/2710553337"}},{"type":"Feature","id":"node/2710553340","geometry":{"type":"Point","coordinates":[4.837671,44.1190147]},"properties":{"destination":"Centre commercial;ZAC du Coudoulet;Zone d'activit\u00e9;Zone industrielle","direction":"200","information":"guidepost","mapillary":"951956552287455","operator":"Mairie d'Orange","osm_id":2710553340,"@id":"node/2710553340"}},{"type":"Feature","id":"node/2710554874","geometry":{"type":"Point","coordinates":[4.8365149,44.1190115]},"properties":{"destination":"A9;Orange;Centre fun\u00e9raire;Camping","information":"guidepost","mapillary":"880656202780396","osm_id":2710554874,"@id":"node/2710554874"}},{"type":"Feature","id":"node/2710586752","geometry":{"type":"Point","coordinates":[4.8284794,44.123301]},"properties":{"information":"guidepost","mapillary":"282293456946866","operator":"Mairie d'Orange","osm_id":2710586752,"@id":"node/2710586752"}},{"type":"Feature","id":"node/2710602823","geometry":{"type":"Point","coordinates":[4.8261549,44.1250675]},"properties":{"destination":"Carpentras;Jonqui\u00e8res;-;Coll\u00e8ge Aurosio,LEP Argensol;;ZI et zone d'activit\u00e9","direction":"60","information":"guidepost","mapillary":"479261740007422","panoramax":"f6de9066-40d8-4a0b-8d22-6384caa2c56b","osm_id":2710602823,"@id":"node/2710602823"}},{"type":"Feature","id":"node/2710602824","geometry":{"type":"Point","coordinates":[4.8259219,44.1249601]},"properties":{"destination":"fr:A7,Avignon,D\u00e9chetterie","information":"guidepost","mapillary":"176203030959679","panoramax":"6fd8ca98-d714-4b82-b273-322f98de90c9","tourism":"information","osm_id":2710602824,"@id":"node/2710602824"}},{"type":"Feature","id":"node/2710602825","geometry":{"type":"Point","coordinates":[4.8261349,44.125056]},"properties":{"direction":"280","information":"guidepost","mapillary":"1366866507014604","panoramax":"367501f8-0803-4755-b2e7-08bf2b9683f4","osm_id":2710602825,"@id":"node/2710602825"}},{"type":"Feature","id":"node/2710676071","geometry":{"type":"Point","coordinates":[4.8108479,44.1348655]},"properties":{"information":"guidepost","mapillary":"950752745699171","operator":"Mairie d'Orange","osm_id":2710676071,"@id":"node/2710676071"}},{"type":"Feature","id":"node/2710676072","geometry":{"type":"Point","coordinates":[4.8104792,44.1349141]},"properties":{"information":"guidepost","mapillary":"3445340682238123","operator":"Mairie d'Orange","osm_id":2710676072,"@id":"node/2710676072"}},{"type":"Feature","id":"node/2710679989","geometry":{"type":"Point","coordinates":[4.8124127,44.133893]},"properties":{"information":"guidepost","mapillary":"314166130226796","operator":"Mairie d'Orange","osm_id":2710679989,"@id":"node/2710679989"}},{"type":"Feature","id":"node/2710679990","geometry":{"type":"Point","coordinates":[4.8122082,44.1339769]},"properties":{"destination":"Valr\u00e9as,Vaison-la-Romaine;PTT;A7-A9 p\u00e9age;Mont\u00e9limar,Gap","direction":"20","information":"guidepost","mapillary":"333133484905165","operator":"Mairie d'Orange","osm_id":2710679990,"@id":"node/2710679990"}},{"type":"Feature","id":"node/2710680810","geometry":{"type":"Point","coordinates":[4.8126925,44.1334581]},"properties":{"destination":"Avignon,Carpentras,Ch\u00e2teauneuf du Pape,Ch\u00e2teauneuf du Pape 5.5t;Quartier de l'\u00c9tang","direction":"20;220","information":"guidepost","mapillary":"769853527255898","operator":"Mairie d'Orange","osm_id":2710680810,"@id":"node/2710680810"}},{"type":"Feature","id":"node/2710683681","geometry":{"type":"Point","coordinates":[4.812771,44.133588]},"properties":{"destination":"P Th\u00e9\u00e2tre antique Est,Valence,H\u00f4pital,Avignon","information":"guidepost","mapillary":"4401975339888378","operator":"Mairie d'Orange","panoramax":"4a534cc8-6ace-4777-8942-d26ec28ff346","osm_id":2710683681,"@id":"node/2710683681"}},{"type":"Feature","id":"node/2710690457","geometry":{"type":"Point","coordinates":[4.816025,44.1313246]},"properties":{"information":"guidepost","osm_id":2710690457,"@id":"node/2710690457"}},{"type":"Feature","id":"node/2710693025","geometry":{"type":"Point","coordinates":[4.8182942,44.1300244]},"properties":{"destination":"fr:Clinique du Parc;Meyne claire;Les sables Est","direction":"290","information":"guidepost","mapillary":"224785419051065","operator":"Mairie d'Orange","osm_id":2710693025,"@id":"node/2710693025"}},{"type":"Feature","id":"node/2710730080","geometry":{"type":"Point","coordinates":[4.8172004,44.1354494]},"properties":{"destination":"Vaison la Romaine,Camaret;Orange-Caritat;Gare SNCF;H\u00f4pital","direction":"280","information":"guidepost","mapillary:2017":"4067925486607758","operator":"Mairie d'Orange","panoramax":"bec754dc-4f4f-4381-8d6e-21f249049aff","osm_id":2710730080,"@id":"node/2710730080"}},{"type":"Feature","id":"node/2710746740","geometry":{"type":"Point","coordinates":[4.8161278,44.1375224]},"properties":{"destination":"Gare routi\u00e8re;Gare SNCF;H\u00f4pital;Autres directions","information":"guidepost","mapillary:2021":"3697177650387801","operator":"Mairie d'Orange","panoramax":"38d7cd3d-df3a-41a9-b85c-a57d228e859a","osm_id":2710746740,"@id":"node/2710746740"}},{"type":"Feature","id":"node/2710749974","geometry":{"type":"Point","coordinates":[4.8141162,44.1375873]},"properties":{"destination":"fr:Vaison la Romaine,Camaret; Orange -Caritat;H\u00f4pital","direction":"0","information":"guidepost","mapillary":"327014092154222","operator":"Mairie d'Orange","panoramax":"ae0310f9-e139-453d-94b9-22a903673f08","osm_id":2710749974,"@id":"node/2710749974"}},{"type":"Feature","id":"node/2713830574","geometry":{"type":"Point","coordinates":[4.8119157,44.1377674]},"properties":{"direction":"330","information":"guidepost","mapillary":"838929466714901","osm_id":2713830574,"@id":"node/2713830574"}},{"type":"Feature","id":"node/2713833625","geometry":{"type":"Point","coordinates":[4.8117494,44.1377298]},"properties":{"direction":"200","information":"guidepost","mapillary:2016":"3884120491678489","panoramax":"3e684b65-941e-4e90-ad1b-794201eec873","osm_id":2713833625,"@id":"node/2713833625"}},{"type":"Feature","id":"node/2713833628","geometry":{"type":"Point","coordinates":[4.8118106,44.1377421]},"properties":{"information":"guidepost","mapillary":"616886375939269","panoramax":"66065011-5f4f-4cb4-86d7-baf5494939a7","osm_id":2713833628,"@id":"node/2713833628"}},{"type":"Feature","id":"node/2713843774","geometry":{"type":"Point","coordinates":[4.8109284,44.1376424]},"properties":{"bicycle":"yes","information":"guidepost","mapillary":"767114217284042","panoramax":"9e9b3fba-0457-4ada-9787-5c6c2cd6b50f","osm_id":2713843774,"@id":"node/2713843774"}},{"type":"Feature","id":"node/2713844713","geometry":{"type":"Point","coordinates":[4.8109014,44.1376553]},"properties":{"information":"guidepost","mapillary":"1163805444045978","panoramax":"501c8a1d-36b3-4728-97c4-9d357d40f950","osm_id":2713844713,"@id":"node/2713844713"}},{"type":"Feature","id":"node/2713848512","geometry":{"type":"Point","coordinates":[4.810839,44.1374826]},"properties":{"destination":"Ch\u00e2teauneuf-du-Pape;Toutes directions,Orange sud;Centre-ville;Parking Th\u00e9\u00e2tre antique Est","information":"guidepost","mapillary":"141114377995094","panoramax":"0b4e3d4b-ea5d-4cf3-93ed-9b6c794cab3b","osm_id":2713848512,"@id":"node/2713848512"}},{"type":"Feature","id":"node/2715117266","geometry":{"type":"Point","coordinates":[4.8059578,44.1387447]},"properties":{"destination":"Mont\u00e9limar,Gap;Valr\u00e9as;Piolenc;Camping","direction":"0","information":"guidepost","mapillary":"290099979246966","osm_id":2715117266,"@id":"node/2715117266"}},{"type":"Feature","id":"node/2715117267","geometry":{"type":"Point","coordinates":[4.806138,44.1386559]},"properties":{"destination":"A7-A9","direction":"260","information":"guidepost","mapillary":"367964257936991","osm_id":2715117267,"@id":"node/2715117267"}},{"type":"Feature","id":"node/2715117268","geometry":{"type":"Point","coordinates":[4.8059472,44.1387243]},"properties":{"destination":"A7-A9 p\u00e9age;Caderoussse,N\u00eemes","direction":"180","information":"guidepost","mapillary":"290099979246966","osm_id":2715117268,"@id":"node/2715117268"}},{"type":"Feature","id":"node/2715117269","geometry":{"type":"Point","coordinates":[4.8059574,44.1387677]},"properties":{"destination":"Hotel Ibis centre,Decathlon;Premiere classe,Hotel F1 centre;Hotel Ibis,Peugeot","information":"guidepost","mapillary":"902512623626775","osm_id":2715117269,"@id":"node/2715117269"}},{"type":"Feature","id":"node/2715117271","geometry":{"type":"Point","coordinates":[4.8061942,44.1386662]},"properties":{"destination":"Avignon ,Carpentras;Camaret,Vaison la Romaine","direction":"90","information":"guidepost","mapillary":"275673454282368","osm_id":2715117271,"@id":"node/2715117271"}},{"type":"Feature","id":"node/2715119864","geometry":{"type":"Point","coordinates":[4.8061544,44.1388204]},"properties":{"destination":"Mont\u00e9limar,Gap;Valr\u00e9as;Piolenc","direction":"220","information":"guidepost","mapillary":"977840896323488","osm_id":2715119864,"@id":"node/2715119864"}},{"type":"Feature","id":"node/2715119865","geometry":{"type":"Point","coordinates":[4.8061774,44.1388113]},"properties":{"destination":"Avignon;Camaret,Vauson la Romaine;gare SNCF","direction":"200","information":"guidepost","mapillary":"298499441807247","osm_id":2715119865,"@id":"node/2715119865"}},{"type":"Feature","id":"node/2715412352","geometry":{"type":"Point","coordinates":[4.8050287,44.1367662]},"properties":{"destination":"Autres directions;Vayson la Romaine;H\u00f4pital,Gare SNCF,ZI et Zone d'activit\u00e9","information":"guidepost","mapillary":"503909577399984","panoramax":"ebd72968-6fcc-413c-84ee-8e31157924e6","osm_id":2715412352,"@id":"node/2715412352"}},{"type":"Feature","id":"node/2715413479","geometry":{"type":"Point","coordinates":[4.8046238,44.1366882]},"properties":{"destination":"Avignon,Carpentras;Mont\u00e9limar,Gap;Autres direction","direction":"60","information":"guidepost","panoramax":"5bf42834-3d48-4100-bcb0-3883d4cfc562","osm_id":2715413479,"@id":"node/2715413479"}},{"type":"Feature","id":"node/2715449727","geometry":{"type":"Point","coordinates":[4.8046522,44.1363905]},"properties":{"destination":"N\u00eemes;Ch\u00e2teauneuf du Pape;Palais des Princes,Parc des expositions,P souterrain th\u00e9\u00e2tre antique","information":"guidepost","panoramax":"c1f8ffb0-9d67-48a8-9359-a4319a0194ca","osm_id":2715449727,"@id":"node/2715449727"}},{"type":"Feature","id":"node/2715449728","geometry":{"type":"Point","coordinates":[4.8050934,44.1363622]},"properties":{"destination":"Avignon,Carpentras;N\u00eemes;Ch\u00e2teauneuf du Pape;Palais des princes,Parc des expositions,P souterrain th\u00e9\u00e2tre antique","direction":"200","information":"guidepost","mapillary":"4316938098370525","panoramax":"c5c812dd-5e70-4160-9503-53699cd77e50","osm_id":2715449728,"@id":"node/2715449728"}},{"type":"Feature","id":"node/2715449729","geometry":{"type":"Point","coordinates":[4.8046134,44.1364185]},"properties":{"destination":"A7-A9;Caderousse;P Espace Daudet","information":"guidepost","mapillary":"377172306945241","panoramax":"3233de66-f89b-4328-a455-6e556b64a929","osm_id":2715449729,"@id":"node/2715449729"}},{"type":"Feature","id":"node/2715449730","geometry":{"type":"Point","coordinates":[4.805163,44.1364624]},"properties":{"destination":"Autres directions","information":"guidepost","mapillary":"218368626491336","osm_id":2715449730,"@id":"node/2715449730"}},{"type":"Feature","id":"node/2716961886","geometry":{"type":"Point","coordinates":[4.7967009,44.1364398]},"properties":{"destination":"H\u00f4tel Mercure;Caderousse,Maison des associations;P\u00f4le emploi,-","information":"guidepost","mapillary":"248636180381906","panoramax":"83c53f9c-e85c-4ac8-89a4-834cbd39df76","osm_id":2716961886,"@id":"node/2716961886"}},{"type":"Feature","id":"node/2716961887","geometry":{"type":"Point","coordinates":[4.7966967,44.1362467]},"properties":{"destination":"Avignon,Marseille;Mont\u00e9limar,Lyon;N\u00eemes,Montpellier","direction":"220","information":"guidepost","mapillary":"2601522746817144","panoramax":"b99fdd19-b539-4f22-9f3b-1eb320e23aec","osm_id":2716961887,"@id":"node/2716961887"}},{"type":"Feature","id":"node/2716966541","geometry":{"type":"Point","coordinates":[4.797305,44.1363303]},"properties":{"destination":"Caderousse;Centre-ville;Autres directions","information":"guidepost","mapillary":"541445027239335","panoramax":"df95c7eb-f6e0-4791-a948-3f2a3d992581","ref":"D 17","osm_id":2716966541,"@id":"node/2716966541"}},{"type":"Feature","id":"node/2716966542","geometry":{"type":"Point","coordinates":[4.7972802,44.1362328]},"properties":{"destination":"Kyriad,Campanile;Premi\u00e8re classe,Concessionaires;Intermarch\u00e9,H\u00f4tel B&B","information":"guidepost","mapillary":"gMP8b9YJ9_Sc2h4Xs4mDnw","osm_id":2716966542,"@id":"node/2716966542"}},{"type":"Feature","id":"node/2716966549","geometry":{"type":"Point","coordinates":[4.7971444,44.1361305]},"properties":{"destination":"Citroen;H\u00f4tel Ar\u00e8ne,P\u00f4le emploi","information":"guidepost","mapillary:2018":"117507027025596","osm_id":2716966549,"@id":"node/2716966549"}},{"type":"Feature","id":"node/2716980680","geometry":{"type":"Point","coordinates":[4.8004489,44.1359226]},"properties":{"destination":"Roquemaure,N\u00eemes;Parc des expositions;Coll\u00e8ge J. Giono,Complexe sportif,Palais des expositions;S\u00e9curit\u00e9 sociale,Centre des finances publiques,Lyc\u00e9e viticole;Parking Espace A. Daudet;D\u00e9viation P.L.","direction":"180","information":"guidepost","mapillary":"280376553782065","panoramax":"83d4de68-2671-4e32-a1b5-98a2143c10c0","osm_id":2716980680,"@id":"node/2716980680"}},{"type":"Feature","id":"node/2716980681","geometry":{"type":"Point","coordinates":[4.8008053,44.1361995]},"properties":{"destination":"RN7 Nord;Autres directions;H\u00f4pital;Centre-ville;Centre fun\u00e9raire;Camping","direction":"230","information":"guidepost","mapillary":"473832790495982","panoramax":"579624c2-e882-4f92-ba40-9dbf55af015f","osm_id":2716980681,"@id":"node/2716980681"}},{"type":"Feature","id":"node/2716980682","geometry":{"type":"Point","coordinates":[4.8001984,44.1362682]},"properties":{"bicycle":"yes","destination":"A7-A9","direction":"220","information":"guidepost","mapillary":"906117286631432","panoramax":"47bc4d20-aa69-4fdd-bdae-1ac7b71bfafa","osm_id":2716980682,"@id":"node/2716980682"}},{"type":"Feature","id":"node/2716980683","geometry":{"type":"Point","coordinates":[4.8003339,44.1363594]},"properties":{"destination":"RN7 Direct;P Arc de triomphe gratuit;Gymnase Maurice Purpan;Services techniques municipaux","direction":"40","information":"guidepost","mapillary":"1068123833597676","panoramax":"30a13e7a-7e74-4234-9c9d-556de0ea1130","osm_id":2716980683,"@id":"node/2716980683"}},{"type":"Feature","id":"node/2716990595","geometry":{"type":"Point","coordinates":[4.8009903,44.1391716]},"properties":{"destination":"fr:Services techniques municipaux","information":"guidepost","mapillary":"299433011773378","osm_id":2716990595,"@id":"node/2716990595"}},{"type":"Feature","id":"node/2716994155","geometry":{"type":"Point","coordinates":[4.802655,44.1398681]},"properties":{"destination":"P Arc de triomphe gratuit;Lyon RN7;Gymnase Maurise Purpan;Camping Manon","direction":"300","information":"guidepost","mapillary":"940354460150714","osm_id":2716994155,"@id":"node/2716994155"}},{"type":"Feature","id":"node/2716997400","geometry":{"type":"Point","coordinates":[4.8016083,44.1442711]},"properties":{"destination":"Valence,Lyon;A7-A9","information":"guidepost","mapillary":"3765723220223678","panoramax":"50a66479-4b40-44b5-8254-f03a543b1fb1","osm_id":2716997400,"@id":"node/2716997400"}},{"type":"Feature","id":"node/2717001301","geometry":{"type":"Point","coordinates":[4.8010734,44.1442414]},"properties":{"destination":"Camping le Jonquier;Centre ville;Services techniques municipaux;A7-A9","direction":"80","information":"guidepost","mapillary":"5971452862894923","panoramax":"2fd58682-d3ea-4dc5-8300-08be8f630f54","osm_id":2717001301,"@id":"node/2717001301"}},{"type":"Feature","id":"node/2717001302","geometry":{"type":"Point","coordinates":[4.8039327,44.1448379]},"properties":{"destination":"Gymnase Maurice Purpan","information":"guidepost","mapillary":"796997664266918","osm_id":2717001302,"@id":"node/2717001302"}},{"type":"Feature","id":"node/2717001303","geometry":{"type":"Point","coordinates":[4.8038864,44.1448831]},"properties":{"destination":"Valence;Avignon;Quartier Champlain;Arc de triomphe;Gare routi\u00e8re","information":"guidepost","mapillary":"796997664266918","panoramax":"e7479ef7-f854-4169-9af2-1e09aaeaa20d","osm_id":2717001303,"@id":"node/2717001303"}},{"type":"Feature","id":"node/2717001304","geometry":{"type":"Point","coordinates":[4.8014842,44.1444885]},"properties":{"destination":"Valence,Lyon;quartier du Jonquier;Lyon RN7","information":"guidepost","mapillary:2019":"4737046516322444","panoramax":"6df04090-c99d-4d8d-8451-80335fcbc60e","osm_id":2717001304,"@id":"node/2717001304"}},{"type":"Feature","id":"node/2717005993","geometry":{"type":"Point","coordinates":[4.8036377,44.1448474]},"properties":{"destination":"Lyc\u00e9e de l'Arc;Le Jonquier;Coll\u00e8ge B. Hendricks,Gymnase M. Trintignant","information":"guidepost","panoramax":"04c62e22-5a88-493d-97c1-2195583972fe","osm_id":2717005993,"@id":"node/2717005993"}},{"type":"Feature","id":"node/2718737039","geometry":{"type":"Point","coordinates":[4.8381535,44.1294644]},"properties":{"destination":"Toutes directions;Coll\u00e8ge Arausio,L.P. Argensol","information":"guidepost","mapillary":"471360060811684","operator":"Mairie d'Orange","osm_id":2718737039,"@id":"node/2718737039"}},{"type":"Feature","id":"node/2731631258","geometry":{"type":"Point","coordinates":[4.8009517,44.1361191]},"properties":{"information":"guidepost","mapillary":"298046268597731","operator":"JCDecaux","ref":"4","osm_id":2731631258,"@id":"node/2731631258"}},{"type":"Feature","id":"node/2731674815","geometry":{"type":"Point","coordinates":[4.8011148,44.1390824]},"properties":{"information":"guidepost","mapillary":"310245027178670","osm_id":2731674815,"@id":"node/2731674815"}},{"type":"Feature","id":"node/2731675995","geometry":{"type":"Point","coordinates":[4.8025471,44.1396046]},"properties":{"information":"guidepost","osm_id":2731675995,"@id":"node/2731675995"}},{"type":"Feature","id":"node/2747417438","geometry":{"type":"Point","coordinates":[4.8180767,44.1302075]},"properties":{"destination":"Meyne Claire;Les Sables-Est;Clinique d'Orange","direction":"80","information":"guidepost","mapillary":"2873465166308193","osm_id":2747417438,"@id":"node/2747417438"}},{"type":"Feature","id":"node/2747424215","geometry":{"type":"Point","coordinates":[4.8165098,44.1312544]},"properties":{"destination":"Vaison la Romaine,Camaret;Orange Caritat,Cagnan-Golf Club;Argensol;H\u00f4pital;Stade Balmain,Gymnase Argensol;H\u00f4tel Louvre et Terminus","information":"guidepost","mapillary":"740832216601135","panoramax":"f155f5da-314b-4050-a3a3-d6ce60768dda","osm_id":2747424215,"@id":"node/2747424215"}},{"type":"Feature","id":"node/2747431073","geometry":{"type":"Point","coordinates":[4.8166696,44.1310824]},"properties":{"destination":"Vaison la Romaine,Camaret;Orange Caritat,Cagnan-Golf Club;Argensol;Gare SNCF;H\u00f4pital;ZI et Zone d'activit\u00e9s","information":"guidepost","mapillary":"344642920430748","panoramax":"46d4914e-e67f-4cbc-86a8-915cd39c9781","osm_id":2747431073,"@id":"node/2747431073"}},{"type":"Feature","id":"node/2747442588","geometry":{"type":"Point","coordinates":[4.8156726,44.1315738]},"properties":{"destination":"Avignon;Lyon","direction":"320;130","information":"guidepost","mapillary":"3071960509707329","osm_id":2747442588,"@id":"node/2747442588"}},{"type":"Feature","id":"node/2747455399","geometry":{"type":"Point","coordinates":[4.8147658,44.1322858]},"properties":{"destination":"Gendarmerie","direction":"130","information":"guidepost","mapillary":"1407753512921470","osm_id":2747455399,"@id":"node/2747455399"}},{"type":"Feature","id":"node/2747471759","geometry":{"type":"Point","coordinates":[4.8139599,44.1326631]},"properties":{"destination":"Gendarmerie","direction":"220","information":"guidepost","mapillary":"2913873452208679","osm_id":2747471759,"@id":"node/2747471759"}},{"type":"Feature","id":"node/2747481748","geometry":{"type":"Point","coordinates":[4.8125713,44.1335351]},"properties":{"destination":"Ch\u00e2teauneuf-du-Pape;Quartier de l'Etang","direction":"180","information":"guidepost","mapillary":"916642345571894","osm_id":2747481748,"@id":"node/2747481748"}},{"type":"Feature","id":"node/2749921498","geometry":{"type":"Point","coordinates":[4.8015378,44.1441527]},"properties":{"destination":"fr:Centre ville;Services techniques municipaux","information":"guidepost","mapillary":"1138601159951168","panoramax":"5bc56ac4-27fe-422c-9ed9-2ddeb7249bd8","osm_id":2749921498,"@id":"node/2749921498"}},{"type":"Feature","id":"node/2751495724","geometry":{"type":"Point","coordinates":[4.8043377,44.1364266]},"properties":{"destination":"Concessionnaires,H\u00f4tel IBIS;Decathlon,Kyriad;Lou Cigaloun,Peugeot","information":"guidepost","mapillary":"170800608182117","panoramax":"853477b6-cf4e-44b3-8297-38d4f8b6e1e0","osm_id":2751495724,"@id":"node/2751495724"}},{"type":"Feature","id":"node/2751516211","geometry":{"type":"Point","coordinates":[4.8038505,44.1362913]},"properties":{"destination":"N\u00eemes,Roquemaure;Th\u00e9\u00e2tre antique Ouest (parking)","information":"guidepost","mapillary":"485198469565919","osm_id":2751516211,"@id":"node/2751516211"}},{"type":"Feature","id":"node/2751527280","geometry":{"type":"Point","coordinates":[4.8038883,44.1363129]},"properties":{"destination":"Mont\u00e9limar,Gap;Avignon,Carpentras;Avignon,Carpentras","information":"guidepost","mapillary":"248329070410924","osm_id":2751527280,"@id":"node/2751527280"}},{"type":"Feature","id":"node/2751836902","geometry":{"type":"Point","coordinates":[4.8130508,44.1420623]},"properties":{"destination":"Quartier Le Terrier;Valence;Valr\u00e9as","information":"guidepost","mapillary":"229311481914452","panoramax":"a9963bb6-efbb-41c7-ac17-71b9b4cb9140","osm_id":2751836902,"@id":"node/2751836902"}},{"type":"Feature","id":"node/2751952989","geometry":{"type":"Point","coordinates":[4.8029625,44.1522735]},"properties":{"destination":"Vaison-la-Romaine,Camaret;Gare SNCF;H\u00f4pital;Clinique de Provence;Les restaurants du coeur","information":"guidepost","mapillary":"1105896119821603","panoramax":"02552288-5472-4ec1-afb2-11b572a26268","osm_id":2751952989,"@id":"node/2751952989"}},{"type":"Feature","id":"node/2752167013","geometry":{"type":"Point","coordinates":[4.8042573,44.1365036]},"properties":{"bicycle":"yes","destination":"De la pierre aux Galets;Les passages de Jean-Henri Fabre;D'Orange \u00e0 Caderousse","direction":"80;240","information":"guidepost","mapillary":"151720316891196","osm_id":2752167013,"@id":"node/2752167013"}},{"type":"Feature","id":"node/2761466278","geometry":{"type":"Point","coordinates":[4.840663,44.1216272]},"properties":{"direction":"300","information":"guidepost","mapillary":"140579998086208","operator":"JCDecaux","osm_id":2761466278,"@id":"node/2761466278"}},{"type":"Feature","id":"node/2796490799","geometry":{"type":"Point","coordinates":[4.8240715,44.14802]},"properties":{"information":"guidepost","osm_id":2796490799,"@id":"node/2796490799"}},{"type":"Feature","id":"node/2796497969","geometry":{"type":"Point","coordinates":[4.8236063,44.1485345]},"properties":{"information":"guidepost","osm_id":2796497969,"@id":"node/2796497969"}},{"type":"Feature","id":"node/2837202756","geometry":{"type":"Point","coordinates":[4.8103201,44.1459123]},"properties":{"destination":"Camaret,Vayson-la-Romaine","information":"guidepost","mapillary":"809041356377938","osm_id":2837202756,"@id":"node/2837202756"}},{"type":"Feature","id":"node/2837206993","geometry":{"type":"Point","coordinates":[4.8089117,44.1476196]},"properties":{"destination":"R.N.7 Nord;Fourchesvieilles;Centre ville","direction":"0;180","information":"guidepost","mapillary":"830902654439341","osm_id":2837206993,"@id":"node/2837206993"}},{"type":"Feature","id":"node/2841524436","geometry":{"type":"Point","coordinates":[4.8303528,44.1321308]},"properties":{"information":"guidepost","mapillary":"2958889314386563","osm_id":2841524436,"@id":"node/2841524436"}},{"type":"Feature","id":"node/2859711861","geometry":{"type":"Point","coordinates":[4.8353622,44.0564297]},"properties":{"information":"guidepost","mapillary":"150120470414257","osm_id":2859711861,"@id":"node/2859711861"}},{"type":"Feature","id":"node/2869785817","geometry":{"type":"Point","coordinates":[4.8047289,44.13696]},"properties":{"information":"guidepost","mapillary":"168413241774361","panoramax":"131aec0f-5757-4996-bc96-d8dd18123475","osm_id":2869785817,"@id":"node/2869785817"}},{"type":"Feature","id":"node/2869801447","geometry":{"type":"Point","coordinates":[4.8048185,44.1382447]},"properties":{"information":"guidepost","mapillary":"1148375045662480","osm_id":2869801447,"@id":"node/2869801447"}},{"type":"Feature","id":"node/2869803245","geometry":{"type":"Point","coordinates":[4.8046597,44.1383155]},"properties":{"destination":"Avignon,Carpentras;Mont\u00e9limar,Gap;Vayson la Romaine;H\u00f4pital.Gare SNCF,ZI et Zone d'activit\u00e9","information":"guidepost","mapillary":"483347989537659","osm_id":2869803245,"@id":"node/2869803245"}},{"type":"Feature","id":"node/2885437993","geometry":{"type":"Point","coordinates":[5.5448413,43.8175417]},"properties":{"destination":"Vitrolles;Les Cours|Le Mourre N\u00e8gre;Le Pas de Marseille|La Motte d'Aigues;Mirail","hiking":"yes","information":"guidepost","mtb":"yes","name":"Coteau de la Combe","operator":"CD84","panoramax":"8d0e1fb5-3d86-4d3a-8d0b-17fe48be9fd3","ref":"26405","tourism":"information","osm_id":2885437993,"@id":"node/2885437993"}},{"type":"Feature","id":"node/2885437994","geometry":{"type":"Point","coordinates":[5.5036924,43.8188218]},"properties":{"destination":"La Glorivette;Le Pas de Marseille|Cabri\u00e8res-d'Aigues;La Draille de Roche|Le Mourre N\u00e8gre;Le Coulet Redon","hiking":"yes","information":"guidepost","mtb":"yes","name":"Le Gros Coulet","operator":"CD84","panoramax":"d108a898-45cc-4359-8563-3203168f55c1","ref":"24058","tourism":"information","osm_id":2885437994,"@id":"node/2885437994"}},{"type":"Feature","id":"node/2885437995","geometry":{"type":"Point","coordinates":[5.5338423,43.8181722]},"properties":{"destination":"Le Mourre N\u00e8gre;Le Gros Coulet|La Motte d'Aigues;Coteau de la Combe|St Martin de Castillon;Saint Castor","hiking":"yes","information":"guidepost","mtb":"yes","name":"Le Pas de Marseille","operator":"CD84","panoramax":"86cf97df-5423-4122-88cc-a60c4484ad5a","ref":"24022","tourism":"information","osm_id":2885437995,"@id":"node/2885437995"}},{"type":"Feature","id":"node/2885437996","geometry":{"type":"Point","coordinates":[5.5427346,43.7857239]},"properties":{"destination":"Cr\u00eate du Luberon;Coteau de la Combe|La Motte d'Aigues;L'Arcade|Peypin d'Aigues;Fontjoyeuse","hiking":"yes","information":"guidepost","name":"Mirail","operator":"CD84","panoramax":"aa576bee-8f7a-4719-a9db-7e01a6cd7761","ref":"15060","tourism":"information","osm_id":2885437996,"@id":"node/2885437996"}},{"type":"Feature","id":"node/2885439538","geometry":{"type":"Point","coordinates":[5.5084487,43.8069171]},"properties":{"destination":"Cr\u00eate du Luberon;Le Gros Coulet|Cabri\u00e8res-d'Aigues;La Tombe du Pin|Le Couleton","hiking":"yes","information":"guidepost","mtb":"yes","name":"La Draille de Roche","operator":"CD84","panoramax":"86dfe70e-1c9f-4bdc-8e4a-2cfcd1e7bab2","ref":"14934","tourism":"information","osm_id":2885439538,"@id":"node/2885439538"}},{"type":"Feature","id":"node/2887207441","geometry":{"type":"Point","coordinates":[5.5115825,43.7613669]},"properties":{"destination":"Les Baronnes|St Martin de la Brasque;Les Loines|Cabri\u00e8res-d'Aigues;Les Vaucedes","hiking":"yes","information":"guidepost","name":"La Bonde","operator":"CD84","panoramax":"c1bc1350-c65e-4a9f-b2b6-56f5c6af46ce","ref":"14979","tourism":"information","osm_id":2887207441,"@id":"node/2887207441"}},{"type":"Feature","id":"node/2894340577","geometry":{"type":"Point","coordinates":[5.3675675,43.9202674]},"properties":{"destination":"Gargas|St-Saturnin-L\u00e8s-Apt;Le Ch\u00e2teau","hiking":"yes","information":"guidepost","name":"Perr\u00e9al","operator":"CD84","ref":"23815","tourism":"information","osm_id":2894340577,"@id":"node/2894340577"}},{"type":"Feature","id":"node/2894357789","geometry":{"type":"Point","coordinates":[5.2919021,43.9395932]},"properties":{"destination":"Roussillon;Le Sage|St-Saturnin-les-Apt;Plan des Yves|Lioux;Lioux-Ferraille","hiking":"yes","information":"guidepost","mtb":"yes","name":"Moulin de Lioux","operator":"CD84","ref":"15470","tourism":"information","osm_id":2894357789,"@id":"node/2894357789"}},{"type":"Feature","id":"node/2894357800","geometry":{"type":"Point","coordinates":[5.297758,43.9432333]},"properties":{"destination":"Joucas;Lioux - Le Ch\u00e2teau Est|Roussillon;Moulin de Lioux","hiking":"yes","information":"guidepost","mtb":"yes","name":"Lioux-Ferraille","operator":"CD84","ref":"15466","tourism":"information","osm_id":2894357800,"@id":"node/2894357800"}},{"type":"Feature","id":"node/2894412361","geometry":{"type":"Point","coordinates":[5.3255178,43.9417307]},"properties":{"destination":"Lioux;Plan des Yves|St-Saturnin-les-Apt;Croix de la Lave","hiking":"yes","information":"guidepost","mtb":"yes","name":"Chapelle Ste-Madeleine","operator":"CD84","ref":"23728","tourism":"information","wikimedia_commons":"File:Saint-Saturnin-l\u00e8s-Apt - Panneaux randonn\u00e9e chapelle Croagnes (juin 2025).jpg","osm_id":2894412361,"@id":"node/2894412361"}},{"type":"Feature","id":"node/2894444575","geometry":{"type":"Point","coordinates":[5.3802711,43.9416369]},"properties":{"hiking":"yes","information":"guidepost","mtb":"yes","name":"La Gypi\u00e8re","operator":"CD84","ref":"23689","tourism":"information","osm_id":2894444575,"@id":"node/2894444575"}},{"type":"Feature","id":"node/2897932869","geometry":{"type":"Point","coordinates":[5.5768859,43.9089879]},"properties":{"destination":"Rustrel;Pi\u00e9mayon|Viens","hiking":"yes","information":"guidepost","name":"St Ferr\u00e9ol","operator":"CD84","panoramax":"961e6940-032a-472f-9b9e-f1b323dd56d0","ref":"17853","tourism":"information","osm_id":2897932869,"@id":"node/2897932869"}},{"type":"Feature","id":"node/2908211915","geometry":{"type":"Point","coordinates":[5.1424855,43.9541643]},"properties":{"destination":"Fontaine-de-Vaucluse;Les Trois Luisants|Le Beaucet;Bourguigne|St Gens;Combe de la Fontaine","hiking":"yes","information":"guidepost","mapillary":"155626236453226;4424591460902082;318750256315148;890903614791998","mtb":"yes","name":"Rocher des 3 Luisants","operator":"CD84","ref":"14744","tourism":"information","osm_id":2908211915,"@id":"node/2908211915"}},{"type":"Feature","id":"node/2964697863","geometry":{"type":"Point","coordinates":[5.2052358,43.9109288]},"properties":{"destination":"St-Pantal\u00e9on;Le Touron|Cabri\u00e8res-d'Avignon;La Gorbeli\u00e8re|Gordes;Poulety","hiking":"yes","information":"guidepost","mtb":"yes","name":"Lourdanaud","operator":"CD84","ref":"16438","tourism":"information","osm_id":2964697863,"@id":"node/2964697863"}},{"type":"Feature","id":"node/3012013140","geometry":{"type":"Point","coordinates":[4.8376793,44.1222973]},"properties":{"information":"guidepost","osm_id":3012013140,"@id":"node/3012013140"}},{"type":"Feature","id":"node/3094502459","geometry":{"type":"Point","coordinates":[5.1942087,43.9167381]},"properties":{"destination":"S\u00e9nanque;C\u00f4te de S\u00e9nancole|Gordes;Les Beaumes|Les Dilais","hiking":"yes","information":"guidepost","name":"La Rougui\u00e8re","operator":"CD84","panoramax":"7c8df28d-5a73-4305-82da-03d12040c2ee","ref":"16360","tourism":"information","osm_id":3094502459,"@id":"node/3094502459"}},{"type":"Feature","id":"node/3094502460","geometry":{"type":"Point","coordinates":[5.1838165,43.9166867]},"properties":{"destination":"La Rougui\u00e8re|La S\u00e9nancole|S\u00e9nanque;C\u00f4te de S\u00e9nancole","hiking":"yes","information":"guidepost","name":"Les Dilais","operator":"CD84","panoramax":"d4bdece7-ca42-484c-bf1e-a683e2e4e4f7;a9923b1d-45ae-4166-ae2b-23b1526aceb1;cea05ead-d4be-4c96-8163-9f6d9cb9d4eb","ref":"17466","tourism":"information","osm_id":3094502460,"@id":"node/3094502460"}},{"type":"Feature","id":"node/3257549160","geometry":{"type":"Point","coordinates":[5.1204835,44.0062836]},"properties":{"destination":"Mazan;Jullias|Venasque;Les Ponts|St Didier;La For\u00eat D\u00e9partementale","hiking":"yes","information":"guidepost","mapillary":"2482777851869004;305180487901742","name":"La Dev\u00e8ze","operator":"CD84","tourism":"information","osm_id":3257549160,"@id":"node/3257549160"}},{"type":"Feature","id":"node/3283602843","geometry":{"type":"Point","coordinates":[5.1149461,44.0118936]},"properties":{"hiking":"yes","information":"guidepost","name":"Jullias","operator":"CD84","ref":"17494","tourism":"information","osm_id":3283602843,"@id":"node/3283602843"}},{"type":"Feature","id":"node/3294946844","geometry":{"type":"Point","coordinates":[5.1244802,43.9685428]},"properties":{"destination":"Le Beaucet;Rouv\u00e8re|La-Roque-sur-Pernes;Clapeyrouse|Le Beaucet;La Louvette|Saumane-de-Vaucluse;La Grande Cabane","hiking":"yes","information":"guidepost","name":"Le Haut du Fraischamps","operator":"CD84","ref":"17566","tourism":"information","osm_id":3294946844,"@id":"node/3294946844"}},{"type":"Feature","id":"node/3343768052","geometry":{"type":"Point","coordinates":[4.8117346,44.1372651]},"properties":{"direction":"160","information":"guidepost","mapillary":"4503295429685434","osm_id":3343768052,"@id":"node/3343768052"}},{"type":"Feature","id":"node/3389537791","geometry":{"type":"Point","coordinates":[5.0878289,43.8192831]},"properties":{"destination":"Les Taillades;Vidauque|Valloncourt|Le Trou du Rat;Le Jas de Ferland","hiking":"yes","information":"guidepost","mtb":"yes","name":"Montimaou","operator":"CD84","panoramax":"d1adc56c-53d7-4a36-8cbd-d899c17a32e9;1ab34140-699c-4075-ad07-c873677955e4","ref":"3957","tourism":"information","osm_id":3389537791,"@id":"node/3389537791"}},{"type":"Feature","id":"node/3425006248","geometry":{"type":"Point","coordinates":[4.8058742,44.1346634]},"properties":{"destination":"N\u00eemes;Roquemaure;Parc des expositions,Coll\u00e8ge J. Giono,Aire aux Nomades;Quartier du Gr\u00e8s;Lyc\u00e9e viticole","direction":"240","information":"guidepost","mapillary":"274716431062757","panoramax":"db072b59-bf11-459c-9049-6b688cc6c8d9","osm_id":3425006248,"@id":"node/3425006248"}},{"type":"Feature","id":"node/3533607752","geometry":{"type":"Point","coordinates":[5.4726918,43.983484]},"properties":{"destination":"Rustrel;Col de Lagarde-d'Apt|Villars;Les Esfourniaux|Simiane;St Pierre","hiking":"yes","information":"guidepost","name":"Lagarde-d'Apt","operator":"CD84","panoramax":"373a88f7-3345-4d32-8e32-0ff572a06b28","ref":"31135","tourism":"information","wikimedia_commons":"File:Panneau randonn\u00e9e Lagarde d'Apt.JPG","osm_id":3533607752,"@id":"node/3533607752"}},{"type":"Feature","id":"node/3546093971","geometry":{"type":"Point","coordinates":[5.1270333,43.8035843]},"properties":{"destination":"Vidauque;Montimaou|Les Aires de Bedoin|Le Trou du Rat;Les Quatre Chemins","hiking":"yes","information":"guidepost","name":"Le Jas de Ferland","operator":"CD84","ref":"3933","tourism":"information","osm_id":3546093971,"@id":"node/3546093971"}},{"type":"Feature","id":"node/3546093972","geometry":{"type":"Point","coordinates":[5.1516575,43.8048052]},"properties":{"destination":"La Jassine|Les Taillades;La Citerne|Vidauque;Le Jas de Ferland","hiking":"yes","information":"guidepost","name":"Les Aires de Bedoin","operator":"CD84","panoramax":"3e65d9a3-55aa-405b-bdc0-6cb9e23c4d22","ref":"3814","tourism":"information","osm_id":3546093972,"@id":"node/3546093972"}},{"type":"Feature","id":"node/3546093973","geometry":{"type":"Point","coordinates":[5.1279386,43.792398]},"properties":{"destination":"Valloncourt|Le Trou du Rat|Vidauque;Le Jas de Ferland|Montagnas","hiking":"yes","information":"guidepost","mtb":"yes","name":"Les Quatre Chemins","operator":"CD84","panoramax":"39672148-4b95-43f1-ace5-c0ae38005bce;bea6e298-13df-46e7-8330-5d46a961f38d","ref":"3929","tourism":"information","osm_id":3546093973,"@id":"node/3546093973"}},{"type":"Feature","id":"node/3546093975","geometry":{"type":"Point","coordinates":[5.0923376,43.8183992]},"properties":{"destination":"La citerne|Montimaou|Les Taillades;Gorges de Badarel","hiking":"yes","information":"guidepost","name":"Vidauque","operator":"CD84","panoramax":"285035f5-609a-439f-9938-d3fe68459a4f;fe55e9d0-c0a3-4f84-a73d-17238e7f19ca","ref":"3961","tourism":"information","osm_id":3546093975,"@id":"node/3546093975"}},{"type":"Feature","id":"node/3546093977","geometry":{"type":"Point","coordinates":[5.1228436,43.8265762]},"properties":{"information":"guidepost","mapillary":"819279439020233","tourism":"information","osm_id":3546093977,"@id":"node/3546093977"}},{"type":"Feature","id":"node/3549223239","geometry":{"type":"Point","coordinates":[5.1499239,43.7616194]},"properties":{"hiking":"yes","information":"guidepost","mapillary":"1695925277281911","mapillary:wide":"Mv5A93XnozvFDF2UVwnMxQ","tourism":"information","osm_id":3549223239,"@id":"node/3549223239"}},{"type":"Feature","id":"node/3549223240","geometry":{"type":"Point","coordinates":[5.1465674,43.7623093]},"properties":{"hiking":"yes","information":"guidepost","mapillary":"2280311395437825","tourism":"information","osm_id":3549223240,"@id":"node/3549223240"}},{"type":"Feature","id":"node/3551030994","geometry":{"type":"Point","coordinates":[5.2050762,43.7716799]},"properties":{"destination":"M\u00e9rindol;La Muse|Les Borrys;La Reveyrolle|La Font de l'Orme","hiking":"yes","information":"guidepost","mtb":"yes","name":"Sadaillan","operator":"CD84","panoramax":"a50b024c-3ead-47e0-8ba9-b29759dc45fe","ref":"3705","tourism":"information","osm_id":3551030994,"@id":"node/3551030994"}},{"type":"Feature","id":"node/3556286264","geometry":{"type":"Point","coordinates":[5.1148281,43.8443011]},"properties":{"destination":"Le Quillot|Cimeti\u00e8re de Robion|Les Taillades;Boulon","hiking":"yes","information":"guidepost","mtb":"yes","name":"Th\u00e9\u00e2tre de Verdure","operator":"CD84","panoramax":"6f488584-169f-4b3c-a3b5-0d8559df66df;9a357c44-1953-4d67-b9a8-bc40dbba27eb;9c499cf5-97f8-449a-9c70-9f595357d978","ref":"4059","tourism":"information","osm_id":3556286264,"@id":"node/3556286264"}},{"type":"Feature","id":"node/3579598621","geometry":{"type":"Point","coordinates":[4.8108962,44.135176]},"properties":{"information":"guidepost","mapillary":"2926357004350215","osm_id":3579598621,"@id":"node/3579598621"}},{"type":"Feature","id":"node/3711397741","geometry":{"type":"Point","coordinates":[5.6298516,43.7978653]},"properties":{"destination":"La Bastide des Jourdans|Vitrolles;Le Pas du Loup|Montjustin;Bagne L\u00e8bre","hiking":"yes","information":"guidepost","name":"La Verrerie","operator":"CD84","ref":"25542","tourism":"information","osm_id":3711397741,"@id":"node/3711397741"}},{"type":"Feature","id":"node/3721792395","geometry":{"type":"Point","coordinates":[5.2574867,44.1871819]},"properties":{"destination":"Le Mont-Serein;Grand Valat|Bergerie de l'Avocat|Les Alazards;Valat de Mont Serein","hiking":"yes","information":"guidepost","name":"Faysses","operator":"CD84","panoramax":"45147171-c64d-4b2f-b16c-bed9f597af7c","ref":"2013","tourism":"information","osm_id":3721792395,"@id":"node/3721792395"}},{"type":"Feature","id":"node/3741531595","geometry":{"type":"Point","coordinates":[5.6250262,43.8041041]},"properties":{"destination":"Vitrolles;La Tuili\u00e8re|La Bastide des Jourdans;La Verrerie|La Varanque","hiking":"yes","information":"guidepost","name":"Le Pas du Loup","operator":"CD84","ref":"25546","tourism":"information","osm_id":3741531595,"@id":"node/3741531595"}},{"type":"Feature","id":"node/3741531766","geometry":{"type":"Point","coordinates":[5.610598,43.7989034]},"properties":{"hiking":"yes","information":"guidepost","name":"La Tuili\u00e8re","operator":"CD84","ref":"26518","tourism":"information","osm_id":3741531766,"@id":"node/3741531766"}},{"type":"Feature","id":"node/3741531813","geometry":{"type":"Point","coordinates":[5.6111057,43.797497]},"properties":{"destination":"La Tuili\u00e8re|Le Pas du Loup","hiking":"yes","information":"guidepost","name":"La Varanque","operator":"CD84","ref":"26575","tourism":"information","osm_id":3741531813,"@id":"node/3741531813"}},{"type":"Feature","id":"node/3818325249","geometry":{"type":"Point","coordinates":[4.8178674,44.1301486]},"properties":{"direction":"310","information":"guidepost","mapillary":"1250456855351025","ref":"20","osm_id":3818325249,"@id":"node/3818325249"}},{"type":"Feature","id":"node/3818332013","geometry":{"type":"Point","coordinates":[4.8367365,44.1186416]},"properties":{"destination":"Ch\u00e2teauneuf-du-Pape;Centre fun\u00e9raire","direction":"240","information":"guidepost","mapillary":"3770117753100769","osm_id":3818332013,"@id":"node/3818332013"}},{"type":"Feature","id":"node/3826196157","geometry":{"type":"Point","coordinates":[4.8891843,44.0443467]},"properties":{"information":"guidepost","mapillary":"220624906156098","ref":"D 907","osm_id":3826196157,"@id":"node/3826196157"}},{"type":"Feature","id":"node/3826983775","geometry":{"type":"Point","coordinates":[4.8929178,44.0418504]},"properties":{"bicycle":"yes","information":"guidepost","tourism":"information","osm_id":3826983775,"@id":"node/3826983775"}},{"type":"Feature","id":"node/3828051059","geometry":{"type":"Point","coordinates":[4.8372888,44.1185261]},"properties":{"information":"guidepost","mapillary":"742674523087800","osm_id":3828051059,"@id":"node/3828051059"}},{"type":"Feature","id":"node/3828053661","geometry":{"type":"Point","coordinates":[4.8666833,44.099814]},"properties":{"destination":"Avignon;Courthezon,B\u00e9darrides,Sorgues;Ch\u00e2teauneuf-du-pape","information":"guidepost","mapillary":"295545901937725","panoramax":"67c12692-491a-4c82-a71d-f7585a8e7683","osm_id":3828053661,"@id":"node/3828053661"}},{"type":"Feature","id":"node/3828066757","geometry":{"type":"Point","coordinates":[4.8891548,44.0445505]},"properties":{"information":"guidepost","mapillary":"106215578198288","ref":"D 907","osm_id":3828066757,"@id":"node/3828066757"}},{"type":"Feature","id":"node/3828079865","geometry":{"type":"Point","coordinates":[4.8887267,44.0400935]},"properties":{"information":"guidepost","mapillary":"321169756060175","osm_id":3828079865,"@id":"node/3828079865"}},{"type":"Feature","id":"node/3828085426","geometry":{"type":"Point","coordinates":[4.8909815,44.0389706]},"properties":{"destination":"ZA du Remourin","information":"guidepost","osm_id":3828085426,"@id":"node/3828085426"}},{"type":"Feature","id":"node/3828085427","geometry":{"type":"Point","coordinates":[4.8906919,44.038467]},"properties":{"destination":"ZA du Remourin","information":"guidepost","osm_id":3828085427,"@id":"node/3828085427"}},{"type":"Feature","id":"node/3828085429","geometry":{"type":"Point","coordinates":[4.8910636,44.0386227]},"properties":{"destination":"ZA du Remourin","information":"guidepost","osm_id":3828085429,"@id":"node/3828085429"}},{"type":"Feature","id":"node/3828085430","geometry":{"type":"Point","coordinates":[4.890587,44.0384025]},"properties":{"destination":"ZA du Remourin","information":"guidepost","osm_id":3828085430,"@id":"node/3828085430"}},{"type":"Feature","id":"node/3884988713","geometry":{"type":"Point","coordinates":[5.2491417,44.0690567]},"properties":{"destination":"Villes-sur-Auzon|Flassan;Patey|Blauvac;Les Escampeaux","hiking":"yes","information":"guidepost","mapillary":"471855347425400;853247402067339;940650623391695","name":"Combe du Salut","operator":"CD84","ref":"14629","tourism":"information","osm_id":3884988713,"@id":"node/3884988713"}},{"type":"Feature","id":"node/3912298370","geometry":{"type":"Point","coordinates":[5.235231,43.9451345]},"properties":{"destination":"Murs;Pr\u00e9s Longs|Joucas;N-D du Salut|Joucas;La Jaumi\u00e8re|V\u00e9roncle;Lauzi\u00e8re","hiking":"yes","information":"guidepost","name":"Village de Vacances","operator":"CD84","panoramax":"ec7e2cb5-d985-45b8-ad02-8bff637ab453;738d3609-67ce-4bb8-8bdb-b27b48de0c3b;963dea0f-fc55-4907-ac54-a59f371bab8b","ref":"15527","tourism":"information","osm_id":3912298370,"@id":"node/3912298370"}},{"type":"Feature","id":"node/3998587767","geometry":{"type":"Point","coordinates":[4.8778557,44.0914013]},"properties":{"information":"guidepost","mapillary":"806610123301832","osm_id":3998587767,"@id":"node/3998587767"}},{"type":"Feature","id":"node/4192755585","geometry":{"type":"Point","coordinates":[5.0513023,44.1473882]},"properties":{"destination":"Suzette;Lafare R\u00e9servoir|Col du Cayron;Le Collet|Beaumes de Venise;Lafare Mairie","hiking":"yes","information":"guidepost","mtb":"yes","name":"Lafare","operator":"CD84","panoramax":"86026368-78c9-473b-bd69-9211d488ecc7","ref":"289","tourism":"information","osm_id":4192755585,"@id":"node/4192755585"}},{"type":"Feature","id":"node/4192755785","geometry":{"type":"Point","coordinates":[5.0683538,44.1684609]},"properties":{"destination":"Malauc\u00e8ne;Cougne \u00e0 Banne|Lafare R\u00e9servoir","hiking":"yes","information":"guidepost","name":"Suzette","operator":"CD84","panoramax":"0926eb6a-6eb3-46f7-ae7f-f2cc55a09c46;22d1d69c-8df1-47c6-8734-bcd5d55355cb","ref":"30543","tourism":"information","osm_id":4192755785,"@id":"node/4192755785"}},{"type":"Feature","id":"node/4193126306","geometry":{"type":"Point","coordinates":[5.2299655,43.9330568]},"properties":{"destination":"Joucas;L'Auvi\u00e8res|V\u00e9roncle;Lauzi\u00e8re|Murs;La Jaumi\u00e8re","hiking":"yes","information":"guidepost","name":"Borne des Trois Ev\u00each\u00e9s","operator":"CD84","ref":"15515","tourism":"information","osm_id":4193126306,"@id":"node/4193126306"}},{"type":"Feature","id":"node/4193126307","geometry":{"type":"Point","coordinates":[5.2258879,43.9361405]},"properties":{"destination":"Joucas;Borne des Trois Ev\u00each\u00e9s|V\u00e9roncle;Moulin Jean de Mare|Murs;Village de Vacances","hiking":"yes","image":"https://www.altituderando.com/IMG/jpg/c/e/c/c7ad7842-89d3-44b3-9991-18d5dd221d3e_1_105_c.jpg","information":"guidepost","name":"Lauzi\u00e8re","operator":"CD84","ref":"15577","tourism":"information","osm_id":4193126307,"@id":"node/4193126307"}},{"type":"Feature","id":"node/4195405395","geometry":{"type":"Point","coordinates":[5.4582522,43.8332135]},"properties":{"destination":"Castellet|Auribeau|Le Mourre N\u00e8gre;Marauvi\u00e8re|Cr\u00eate du Luberon;Jas de Br\u00e9mond","hiking":"yes","information":"guidepost","name":"Aire L. Peysson","operator":"CD84","ref":"3225","tourism":"information","osm_id":4195405395,"@id":"node/4195405395"}},{"type":"Feature","id":"node/4195405398","geometry":{"type":"Point","coordinates":[5.458372,43.8370478]},"properties":{"destination":"Saignon;Chemin de la Fran\u00e7aise|Le Mourre N\u00e8gre;Aire L. Peysson","hiking":"yes","information":"guidepost","mtb":"yes","name":"Auribeau","operator":"CD84","panoramax":"8a08f99d-0c25-4c36-a303-b4160311a579","ref":"3252","tourism":"information","osm_id":4195405398,"@id":"node/4195405398"}},{"type":"Feature","id":"node/4195405399","geometry":{"type":"Point","coordinates":[5.457399,43.8198026]},"properties":{"destination":"Auribeau;Aire L. Peysson","hiking":"yes","information":"guidepost","name":"Jas de Br\u00e9mond","operator":"CD84","panoramax":"10e2146b-bf29-4ded-b30a-84952f8cfcdb","tourism":"information","osm_id":4195405399,"@id":"node/4195405399"}},{"type":"Feature","id":"node/4195405400","geometry":{"type":"Point","coordinates":[5.4805553,43.8174701]},"properties":{"destination":"Le Mourre N\u00e8gre|Le Coulet Redon|Cabri\u00e8res d'Aigues;Le Couleton|Castellet;Marauvi\u00e8re","hiking":"yes","information":"guidepost","mtb":"yes","name":"La Basse de Cabri\u00e8res","operator":"CD84","panoramax":"14489518-e07a-4975-a4b3-efc58e3e313f;43bdcc46-ba38-46c3-a555-6500c47020a8","ref":"3178","tourism":"information","osm_id":4195405400,"@id":"node/4195405400"}},{"type":"Feature","id":"node/4195405401","geometry":{"type":"Point","coordinates":[5.4695503,43.8154835]},"properties":{"destination":"Castellet;La Basse de Cabri\u00e8res","hiking":"yes","information":"guidepost","name":"Le Mourre N\u00e8gre","operator":"CD84","panoramax":"6a1f49c6-2b9a-4469-8867-9fedf34d7768","ref":"3172","tourism":"information","osm_id":4195405401,"@id":"node/4195405401"}},{"type":"Feature","id":"node/4195405402","geometry":{"type":"Point","coordinates":[5.4705319,43.829994]},"properties":{"destination":"Auribeau;Aire L. Peysson|Castellet|Le Mourre N\u00e8gre;La Basse de Cabri\u00e8res","hiking":"yes","information":"guidepost","name":"Marauvi\u00e8re","operator":"CD84","panoramax":"29f099e4-dde8-43cb-a440-475ad3710019","ref":"3187","tourism":"information","osm_id":4195405402,"@id":"node/4195405402"}},{"type":"Feature","id":"node/4197265309","geometry":{"type":"Point","coordinates":[5.166958,43.7759775]},"properties":{"destination":"Gorges de R\u00e9galon|M\u00e9rindol;La Font de l'Orme|L'Agranier","hiking":"yes","information":"guidepost","mapillary":"201567221786883","mtb":"yes","name":"Vallon du Canebier","operator":"CD84","ref":"3795","tourism":"information","osm_id":4197265309,"@id":"node/4197265309"}},{"type":"Feature","id":"node/4270763862","geometry":{"type":"Point","coordinates":[5.2417308,44.1958842]},"properties":{"destination":"Les Alazards;Le Plan|St-L\u00e9ger-du-Ventoux;Sous le col du Comte|Brantes;La Patte d'Oie","hiking":"yes","information":"guidepost","mtb":"yes","name":"Col du Comte","operator":"CD84","ref":"1903","tourism":"information","osm_id":4270763862,"@id":"node/4270763862"}},{"type":"Feature","id":"node/4270763863","geometry":{"type":"Point","coordinates":[5.3098842,44.1882955]},"properties":{"destination":"Le Mont Serein;Les Rouy\u00e8res|Brantes;Les Vaisses|Brantes;Maison Foresti\u00e8re","hiking":"yes","information":"guidepost","name":"Combe Rolland","operator":"CD84","panoramax":"c7b7021f-fb7e-4759-a60d-87e42b6e3c23;b0bcb01b-c746-467b-8d79-455a00ef4a99","ref":"2275","tourism":"information","osm_id":4270763863,"@id":"node/4270763863"}},{"type":"Feature","id":"node/4270763868","geometry":{"type":"Point","coordinates":[5.3762027,44.1828174]},"properties":{"destination":"Savoillan|Montbrun-les-Bains;Brian\u00e7on|Brantes;Les Imberts","hiking":"yes","information":"guidepost","mtb":"yes","name":"La Gendronne","operator":"CD84","panoramax":"c606cbb4-71db-448c-96b9-d05d47d40ce5;45f7c091-00eb-48b3-a92d-7aff3774a5b2","ref":"2349","tourism":"information","osm_id":4270763868,"@id":"node/4270763868"}},{"type":"Feature","id":"node/4270763869","geometry":{"type":"Point","coordinates":[5.2807568,44.1942445]},"properties":{"destination":"Col du Comte|Brantes;Les Rouy\u00e8res|Le Mont Serein;Serri\u00e8re|Sous le Col du Comte;L'Arjalas","hiking":"yes","information":"guidepost","name":"La Patte d'oie","operator":"CD84","panoramax":"79fc4b0a-25e4-46c5-a3f1-dd3a376cc43a;e0ef80f3-3a00-4f89-9347-b4ce200e44ac;7a5d3f93-4d44-4b16-9e79-7aae44fb50df","ref":"2270","tourism":"information","osm_id":4270763869,"@id":"node/4270763869"}},{"type":"Feature","id":"node/4270763870","geometry":{"type":"Point","coordinates":[5.2624831,44.1832299]},"properties":{"destination":"Mont Ventoux;Caravaneige|Bergerie de l'Avocat|Col du Comte;Chalet des Sports","hiking":"yes","information":"guidepost","name":"Le Mont Serein","operator":"CD84","panoramax":"048878ef-550d-4117-861e-5cae2d09648f","ref":"2018","tourism":"information","osm_id":4270763870,"@id":"node/4270763870"}},{"type":"Feature","id":"node/4270763871","geometry":{"type":"Point","coordinates":[5.3701924,44.1873362]},"properties":{"destination":"Brantes;Oratoire St Gens|Savoillan;La Gendronne","hiking":"yes","information":"guidepost","mtb":"yes","name":"Les Imberts","operator":"CD84","panoramax":"2fe51ed2-c49e-4984-b1b1-86a897b27942;9128ec6c-e792-4bf9-9b1a-b5b0ae20e5ca","tourism":"information","osm_id":4270763871,"@id":"node/4270763871"}},{"type":"Feature","id":"node/4270763872","geometry":{"type":"Point","coordinates":[5.3090095,44.1884316]},"properties":{"destination":"Le Mont Serein;Abri du Contrat|Brantes;Combe Rolland|Col du Comte;La Patte d'Oie","hiking":"yes","information":"guidepost","name":"Les Rouy\u00e8res","operator":"CD84","panoramax":"e2c91629-87c1-447f-964e-6df337374800","ref":"2272","tourism":"information","osm_id":4270763872,"@id":"node/4270763872"}},{"type":"Feature","id":"node/4270763873","geometry":{"type":"Point","coordinates":[5.3532783,44.1755252]},"properties":{"hiking":"yes","information":"guidepost","name":"Les Tatines","operator":"CD84","ref":"2388","tourism":"information","osm_id":4270763873,"@id":"node/4270763873"}},{"type":"Feature","id":"node/4270763875","geometry":{"type":"Point","coordinates":[5.3354703,44.1781532]},"properties":{"destination":"?|Chante-Loube|Brantes;Maison Foresti\u00e8re","hiking":"yes","information":"guidepost","name":"Lestellier","operator":"CD84","ref":"2391","tourism":"information","osm_id":4270763875,"@id":"node/4270763875"}},{"type":"Feature","id":"node/4270763876","geometry":{"type":"Point","coordinates":[5.2423364,44.1877544]},"properties":{"destination":"Le Mont-Serein;Pra-Long|Valat de Mont-Serein|Col du Comte","hiking":"yes","information":"guidepost","name":"Lou Round\u00e8u","operator":"CD84","ref":"1905","tourism":"information","osm_id":4270763876,"@id":"node/4270763876"}},{"type":"Feature","id":"node/4270763877","geometry":{"type":"Point","coordinates":[5.3242591,44.1849128]},"properties":{"destination":"Le Mont Serein;Combe Rolland|Brantes;Les Bernards|La Tune;Lestellier","hiking":"yes","information":"guidepost","name":"Maison Foresti\u00e8re","operator":"CD84","ref":"2276","tourism":"information","osm_id":4270763877,"@id":"node/4270763877"}},{"type":"Feature","id":"node/4270763879","geometry":{"type":"Point","coordinates":[5.3372288,44.1967984]},"properties":{"destination":"Savoillan;Les Imberts|Brantes;La Christole|Buis les Baronnies;Trou du Pertus","hiking":"yes","information":"guidepost","mtb":"yes","name":"Oratoire St Gens","operator":"CD84","panoramax":"accdcce2-39d6-4f0f-aaec-f66aca8e8948","ref":"2312","tourism":"information","osm_id":4270763879,"@id":"node/4270763879"}},{"type":"Feature","id":"node/4270763880","geometry":{"type":"Point","coordinates":[5.258675,44.1919494]},"properties":{"destination":"Col du Comte|Le Contrat Sud;Serri\u00e8re|Lou Round\u00e8u|Mont Serein;Grand Valat","hiking":"yes","information":"guidepost","name":"Pra-Long","operator":"CD84","ref":"2010","tourism":"information","osm_id":4270763880,"@id":"node/4270763880"}},{"type":"Feature","id":"node/4270763881","geometry":{"type":"Point","coordinates":[5.3743195,44.1801141]},"properties":{"destination":"Brantes;Masselles|La Tune;Vanarelle|La Gendronne","hiking":"yes","information":"guidepost","mtb":"yes","name":"Savoillan","operator":"CD84","panoramax":"d67536c8-ba35-43a5-931d-6c0ffe5d9661;d65955ad-d675-4bf0-9627-d95ba31a5824","ref":"2360","tourism":"information","osm_id":4270763881,"@id":"node/4270763881"}},{"type":"Feature","id":"node/4270763884","geometry":{"type":"Point","coordinates":[5.3367244,44.203323]},"properties":{"destination":"Ruisseau de S\u00e9naris|Brantes;Oratoire St Gens","hiking":"yes","information":"guidepost","name":"Trou du Pertus","operator":"CD84","panoramax":"ea980262-2323-45e9-93fd-6cad0f13cd32","tourism":"information","osm_id":4270763884,"@id":"node/4270763884"}},{"type":"Feature","id":"node/4270763885","geometry":{"type":"Point","coordinates":[5.2458038,44.1856655]},"properties":{"destination":"Les Alazards;Le Plan de Vau|Le belv\u00e9d\u00e8re;Les Pr\u00e9s de Michel|Col du Comte;Lou Round\u00e8u|Mont Serein;Faysses","hiking":"yes","information":"guidepost","name":"Valat de Mont Serein","operator":"CD84","panoramax":"f0e76f50-4882-4869-ae0c-85b62baf8129;165e7319-3407-4cf2-962b-3b3cd0c39690;a9218bce-ef0b-494c-b723-a4d31f423eed","ref":"1904","tourism":"information","osm_id":4270763885,"@id":"node/4270763885"}},{"type":"Feature","id":"node/4272328765","geometry":{"type":"Point","coordinates":[5.3483976,44.160267]},"properties":{"destination":"Jas Forest;La Baraque d'Aurel|Brantes;Fonfroide|Le Mont Serein;Epaulement de la Frache","hiking":"yes","information":"guidepost","mtb":"yes","name":"Col de la Frache","operator":"CD84","tourism":"information","osm_id":4272328765,"@id":"node/4272328765"}},{"type":"Feature","id":"node/4272328767","geometry":{"type":"Point","coordinates":[5.278644,44.1630422]},"properties":{"destination":"La Fr\u00e9chi\u00e8re|Mont Ventoux;Chapelle Ste-Croix|Bedoin;Petit Pierre|Le Mont Serein;Les Grands Pins","hiking":"yes","information":"guidepost","mapillary:wide":"no","mtb":"yes","name":"Jas des Pelerins","operator":"CD84","panoramax":"6ed8a1b8-ed79-411b-a806-fc63c8376955","ref":"2057","tourism":"information","osm_id":4272328767,"@id":"node/4272328767"}},{"type":"Feature","id":"node/4272328768","geometry":{"type":"Point","coordinates":[5.306462,44.1568283]},"properties":{"destination":"Mont Ventoux;Petit Pierre|La Grave|Jas des Pelerins|Chalet Reynard;Vallon de la Grave","hiking":"yes","information":"guidepost","mtb":"yes","name":"La Fr\u00e9chi\u00e8re","operator":"CD84","panoramax":"c9cdeab1-3c0d-4d7d-b18f-8b751280cdca;8b8d1894-def3-455b-a08c-98c21685c722;456ccfa2-52bb-43a2-80de-b433cde16c13;439013c1-0aab-4e32-bae6-3d2092d8903f","ref":"28142","tourism":"information","osm_id":4272328768,"@id":"node/4272328768"}},{"type":"Feature","id":"node/4272328769","geometry":{"type":"Point","coordinates":[5.3998234,44.1525278]},"properties":{"destination":"Aurel;Les Caussets|Savoillan;Vanarelle","hiking":"yes","information":"guidepost","name":"La Tune","operator":"CD84","ref":"2419","tourism":"information","osm_id":4272328769,"@id":"node/4272328769"}},{"type":"Feature","id":"node/4272328770","geometry":{"type":"Point","coordinates":[5.3402585,44.1505412]},"properties":{"destination":"Epaulement de la Frache|Jas Forest;Belv\u00e9d\u00e8re|Brantes;Col de la Frache|Mont Ventoux;Pas de la Frache","hiking":"yes","information":"guidepost","mtb":"yes","name":"La Baraque d'Aurel","operator":"CD84","panoramax":"a6f334c1-0ec9-42eb-9833-ce928bdb64fd","ref":"2199","tourism":"information","osm_id":4272328770,"@id":"node/4272328770"}},{"type":"Feature","id":"node/4272328771","geometry":{"type":"Point","coordinates":[5.2372335,44.1719189]},"properties":{"destination":"Le Mont Serein;Bergerie de l'Avocat|Chalet Reynard;Les Grands Pins","hiking":"yes","information":"guidepost","name":"Le Casse\u00f9","operator":"CD84","panoramax":"77fe6004-0df4-41dc-b7ad-fc7b1460bf6a","ref":"2052","tourism":"information","osm_id":4272328771,"@id":"node/4272328771"}},{"type":"Feature","id":"node/4272328772","geometry":{"type":"Point","coordinates":[5.3806445,44.140038]},"properties":{"destination":"Aurel;Jas de Reilhanette|La Tune|Le Ventouret","hiking":"yes","information":"guidepost","name":"Les Caussets","operator":"CD84","ref":"2422","tourism":"information","osm_id":4272328772,"@id":"node/4272328772"}},{"type":"Feature","id":"node/4272328773","geometry":{"type":"Point","coordinates":[5.2537306,44.1636391]},"properties":{"destination":"Le Mont Serein;Le Casse\u00f9|Collet Rouge Haut|Chalet Reynard;Jas des Pelerins","hiking":"yes","information":"guidepost","mtb":"yes","name":"Les Grands Pins","operator":"CD84","panoramax":"2338eef6-24b9-4eb6-bf92-34a31a95f329","ref":"2051","tourism":"information","osm_id":4272328773,"@id":"node/4272328773"}},{"type":"Feature","id":"node/4272328774","geometry":{"type":"Point","coordinates":[5.2808643,44.1647532]},"properties":{"destination":"Chalet Reynard;La Fr\u00e9chi\u00e8re|Mont Ventoux;Jas des Pelerins|Bedoin;Combe Fiole N","hiking":"yes","information":"guidepost","mtb":"yes","name":"Petit Pierre","operator":"CD84","panoramax":"337f3e71-a51f-48c9-8741-6047d268d537;bfcf6113-0436-4148-9f75-d2fe073b55d3","tourism":"information","osm_id":4272328774,"@id":"node/4272328774"}},{"type":"Feature","id":"node/4272328775","geometry":{"type":"Point","coordinates":[5.3131532,44.1511645]},"properties":{"destination":"Chalet Reynard|Mont ventoux;Vallon de la Grave|St Est\u00e8ve;Les Hermitants","hiking":"yes","information":"guidepost","mtb":"yes","name":"Plaine des Hermitants","operator":"CD84","panoramax":"52aeea4e-9537-4862-8ace-07dac073d0a9","ref":"2067","tourism":"information","osm_id":4272328775,"@id":"node/4272328775"}},{"type":"Feature","id":"node/4272328777","geometry":{"type":"Point","coordinates":[5.3136869,44.1536254]},"properties":{"destination":"Chalet Reynard;Plaine des Hermitants|Les C\u00e8dres;La Grave|Mont Ventoux;La Fr\u00e9chi\u00e8re","hiking":"yes","information":"guidepost","mtb":"yes","name":"Vallon de la Grave","operator":"CD84","panoramax":"0e69d97a-5ebd-4b7c-9c64-12cb22f0a608","tourism":"information","osm_id":4272328777,"@id":"node/4272328777"}},{"type":"Feature","id":"node/4360544686","geometry":{"type":"Point","coordinates":[5.1898132,44.1427669]},"properties":{"destination":"Le Paty|Les Combarets|Bedoin;La Dayanne|Rocher du Midi","hiking":"yes","information":"guidepost","mtb":"yes","name":"Combe de Maraval","operator":"CD84","panoramax":"eeeac6fb-91c8-4a0b-a56e-5e9d7510e637;19e56dc3-5475-42c8-a022-47dabf0a4c5c&xyz=10.04/5.34/62","ref":"1397","tourism":"information","osm_id":4360544686,"@id":"node/4360544686"}},{"type":"Feature","id":"node/4360544687","geometry":{"type":"Point","coordinates":[5.2113376,44.1638586]},"properties":{"destination":"Chalet Reynard;Les Grands Pins|Jas de Landerot;Mazanet|Collet Rouge","hiking":"yes","information":"guidepost","mtb":"yes","name":"Collet Rouge Haut","operator":"CD84","panoramax":"93b86592-c995-4287-9fe3-51a18107fdae","ref":"1386","tourism":"information","osm_id":4360544687,"@id":"node/4360544687"}},{"type":"Feature","id":"node/4360544688","geometry":{"type":"Point","coordinates":[5.1986267,44.1385929]},"properties":{"destination":"Bedoin;Maison des C\u00e8dres|Les Combarets|St Est\u00e8ve;Grand Replanas","hiking":"yes","information":"guidepost","mtb":"yes","name":"Les Clops","operator":"CD84","panoramax":"7f10b8e4-c09c-4518-af58-d3b26ae32560;dcd9e49d-bf09-4c22-86f3-15e73b48c8fe","ref":"1332","tourism":"information","osm_id":4360544688,"@id":"node/4360544688"}},{"type":"Feature","id":"node/4360544689","geometry":{"type":"Point","coordinates":[5.2100343,44.1645275]},"properties":{"destination":"Jas de Landerot;Collet Rouge Haut|Bedoin;Rocher du Midi|Les Pr\u00e9s de Michel","hiking":"yes","information":"guidepost","name":"Collet Rouge","operator":"CD84","panoramax":"d02ad8ce-84fd-4e6c-b024-5e49fab49aff","ref":"2737","tourism":"information","osm_id":4360544689,"@id":"node/4360544689"}},{"type":"Feature","id":"node/4363267894","geometry":{"type":"Point","coordinates":[5.2423316,44.1520025]},"properties":{"destination":"Jas du Tomple|Sainte-Colombe;Les F\u00e9brier|Jas de Pi\u00e9 Gros|Bedoin;Les Colombets","hiking":"yes","information":"guidepost","mapillary":"819443029008209;815152262456940","name":"Jas de Landerot","operator":"CD84","tourism":"information","osm_id":4363267894,"@id":"node/4363267894"}},{"type":"Feature","id":"node/4363267914","geometry":{"type":"Point","coordinates":[5.2258763,44.1548644]},"properties":{"destination":"Mazanet|Jas de Landerot|Grand Replanas","hiking":"yes","information":"guidepost","mapillary":"489770692470881","name":"Jas de Pi\u00e9 Gros","operator":"CD84","ref":"1381","tourism":"information","osm_id":4363267914,"@id":"node/4363267914"}},{"type":"Feature","id":"node/4380823635","geometry":{"type":"Point","coordinates":[5.2240071,44.1905191]},"properties":{"destination":"Col du Comte|Les Alazards;Le Plan de Vau","hiking":"yes","information":"guidepost","mtb":"yes","name":"Le Plan","operator":"CD84","panoramax":"c1d9a2d6-8ee3-4588-acc0-5dc3606e557d;067f03f5-f2ed-43d3-a038-8af15ac4382c","ref":"1901","tourism":"information","osm_id":4380823635,"@id":"node/4380823635"}},{"type":"Feature","id":"node/4481746335","geometry":{"type":"Point","coordinates":[5.3145414,43.8642]},"properties":{"hiking":"yes","information":"guidepost","tourism":"information","osm_id":4481746335,"@id":"node/4481746335"}},{"type":"Feature","id":"node/4489836889","geometry":{"type":"Point","coordinates":[4.8059758,44.1351085]},"properties":{"information":"guidepost","mapillary":"806759733283260","osm_id":4489836889,"@id":"node/4489836889"}},{"type":"Feature","id":"node/4494597341","geometry":{"type":"Point","coordinates":[4.9090044,44.0385071]},"properties":{"information":"guidepost","mapillary":"222560835875830","osm_id":4494597341,"@id":"node/4494597341"}},{"type":"Feature","id":"node/4635913180","geometry":{"type":"Point","coordinates":[4.9414015,43.8982456]},"properties":{"hiking":"yes","information":"guidepost","tourism":"information","osm_id":4635913180,"@id":"node/4635913180"}},{"type":"Feature","id":"node/4693877629","geometry":{"type":"Point","coordinates":[5.2846894,44.1816795]},"properties":{"destination":"Le Mont Serein;Combe de la Mine|Mont Ventoux|Caravaneige","hiking":"yes","information":"guidepost","name":"Les M\u00e9l\u00e8zes","operator":"CD84","panoramax":"13af116b-b7d0-46fc-99ab-0aaff03e7d89","ref":"28158","tourism":"information","osm_id":4693877629,"@id":"node/4693877629"}},{"type":"Feature","id":"node/4693877630","geometry":{"type":"Point","coordinates":[5.3089702,44.1684694]},"properties":{"destination":"Chalet Reynard;T\u00eate de la Grave|Le Mont Serein;Combe de la Mine|La Tune;Epaulement de la Frache","hiking":"yes","information":"guidepost","name":"Serres Gros","operator":"CD84","panoramax":"49b370ef-17c0-4235-96f8-863c4a8f0bcf","tourism":"information","osm_id":4693877630,"@id":"node/4693877630"}},{"type":"Feature","id":"node/4693877631","geometry":{"type":"Point","coordinates":[5.2846647,44.1820517]},"properties":{"destination":"Le Mont Serein;Le Contrat Sud|La Tune;Serres Gros|Mont Ventoux;Les M\u00e9l\u00e8zes","hiking":"yes","information":"guidepost","name":"Combe de la Mine","operator":"CD84","panoramax":"c688a8ef-8745-438f-b642-9f6d5a7af327","ref":"2243","tourism":"information","osm_id":4693877631,"@id":"node/4693877631"}},{"type":"Feature","id":"node/4693877632","geometry":{"type":"Point","coordinates":[5.286767,44.1804855]},"properties":{"hiking":"yes","information":"guidepost","tourism":"information","osm_id":4693877632,"@id":"node/4693877632"}},{"type":"Feature","id":"node/4704843662","geometry":{"type":"Point","coordinates":[5.2804001,44.1833496]},"properties":{"destination":"Brantes;Abri du Contrat|Le Mont Serein;Le Contrat Ouest|Mont Ventoux;Combe de la Mine","hiking":"yes","information":"guidepost","name":"Le Contrat Sud","operator":"CD84","panoramax":"4c0f4025-c9f8-4fe9-bbef-959462b06f58;1f0f042b-ac05-4c25-ab07-10b53d995616;efd3129b-5866-487b-bc10-02eca8f2c3a8","ref":"2244","tourism":"information","osm_id":4704843662,"@id":"node/4704843662"}},{"type":"Feature","id":"node/4704843682","geometry":{"type":"Point","coordinates":[5.2812097,44.1845796]},"properties":{"destination":"Mont Ventoux;Le Contrat Sud|Le Mont Serein;Le Contrat|Brantes;Les Rouy\u00e8res","hiking":"yes","information":"guidepost","name":"Abri du Contrat","operator":"CD84","panoramax":"1fd63c30-ca9a-435a-87b8-4ab94dc4247b;0415360a-a8ac-470a-b080-3736a6bef8d9","ref":"2045","tourism":"information","osm_id":4704843682,"@id":"node/4704843682"}},{"type":"Feature","id":"node/4704843686","geometry":{"type":"Point","coordinates":[5.3083804,44.1958408]},"properties":{"destination":"Le Mont Serein;Combe Rolland|Brantes;Les Bernards|St-Basile","hiking":"yes","information":"guidepost","name":"Les Vaisses","operator":"CD84","panoramax":"12daec13-1fb3-45aa-9021-4da76a3ec505","ref":"2332","tourism":"information","osm_id":4704843686,"@id":"node/4704843686"}},{"type":"Feature","id":"node/4704844341","geometry":{"type":"Point","coordinates":[5.2987573,44.1994755]},"properties":{"destination":"Brantes;Les Bernards","hiking":"yes","information":"guidepost","name":"St-Basile","operator":"CD84","panoramax":"bcb48df5-c305-43d9-9967-97d8d6b3c72e","ref":"2335","tourism":"information","osm_id":4704844341,"@id":"node/4704844341"}},{"type":"Feature","id":"node/4704947359","geometry":{"type":"Point","coordinates":[5.2838402,44.1741957]},"properties":{"destination":"Mont Ventoux|Chalet Reynard;T\u00eate de la Grave","hiking":"yes","information":"guidepost","mtb":"yes","name":"Col des Temp\u00eates","operator":"CD84","ref":"2225","tourism":"information","osm_id":4704947359,"@id":"node/4704947359"}},{"type":"Feature","id":"node/4706774008","geometry":{"type":"Point","coordinates":[5.1543917,44.1588323]},"properties":{"destination":"Bedoin;Combe Obscure|Malauc\u00e8ne;Les ar\u00e9niers","hiking":"yes","information":"guidepost","name":"Roucas di Pouares","operator":"CD84","panoramax":"f0ad3035-40be-4abe-aab1-1f8638e7420d;8706c72b-103c-4551-aff4-93f1d3d996f6;c9b5976a-6ab1-4b38-acb4-55d52828ae90","tourism":"information","osm_id":4706774008,"@id":"node/4706774008"}},{"type":"Feature","id":"node/4706774460","geometry":{"type":"Point","coordinates":[5.1412531,44.1631502]},"properties":{"destination":"Malauc\u00e8ne;N-D du Groseau|Bedoin;Roucas di Pouares","hiking":"yes","information":"guidepost","name":"Les Ar\u00e9niers","operator":"CD84","panoramax":"35333742-862a-4e12-8c37-b4d6cac24f42;baee9a53-6837-4aaa-b8bc-4a3922f08ba8&xyz=164.71/2.29/58","ref":"1730","tourism":"information","osm_id":4706774460,"@id":"node/4706774460"}},{"type":"Feature","id":"node/4706774461","geometry":{"type":"Point","coordinates":[5.148595,44.1672595]},"properties":{"destination":"La Baume","hiking":"yes","information":"guidepost","mtb":"yes","name":"Le Groseau","operator":"CD84","panoramax":"b5a07a2f-3f48-4419-ada9-a5e82c7a5405","ref":"1739","tourism":"information","osm_id":4706774461,"@id":"node/4706774461"}},{"type":"Feature","id":"node/4706774462","geometry":{"type":"Point","coordinates":[5.1423273,44.1692416]},"properties":{"destination":"Bedoin;Les Ar\u00e9niers|Malauc\u00e8ne;Pont Vieux|Le Groseau","hiking":"yes","information":"guidepost","mtb":"yes","name":"N-D du Groseau","operator":"CD84","panoramax":"fb03a729-7c58-4744-88fc-8b886c3e4691;cc4f8fc3-bf16-4a6a-8ac0-203ca82d84af;1d7644f1-16fa-44b9-a01a-2606812e134c&xyz=149.85/4.45/48","ref":"1734","tourism":"information","osm_id":4706774462,"@id":"node/4706774462"}},{"type":"Feature","id":"node/4706775026","geometry":{"type":"Point","coordinates":[5.2085914,44.1721046]},"properties":{"destination":"Les Pr\u00e9s de Michel|Le Belv\u00e9d\u00e8re","hiking":"yes","information":"guidepost","name":"Les Rams","operator":"CD84","panoramax":"3aa92e1c-3a43-4885-8b97-df43bc86f792","ref":"1705","tourism":"information","osm_id":4706775026,"@id":"node/4706775026"}},{"type":"Feature","id":"node/4706821178","geometry":{"type":"Point","coordinates":[5.1370793,44.1728812]},"properties":{"destination":"Le Groseau;N-D du Groseau|Malauc\u00e8ne;Le Paradou|Le Gros Noyer","hiking":"yes","information":"guidepost","mtb":"yes","name":"Pont Vieux","operator":"CD84","panoramax":"adb6d31b-f1be-42dd-a27b-e61fe55d1b58;23639555-9a21-4d84-beed-2fb67515c33f","ref":"1760","tourism":"information","osm_id":4706821178,"@id":"node/4706821178"}},{"type":"Feature","id":"node/4716335257","geometry":{"type":"Point","coordinates":[5.4034036,43.8291328]},"properties":{"destination":"Buoux;Ravin de l'Enfer|Cr\u00eate du Luberon;Lou Pas deis Ensarris|Apt;Barbe Blanche","hiking":"yes","information":"guidepost","name":"Sivergues","operator":"CD84","panoramax":"b03c0bb2-3471-442c-957c-aec340f0d7fe","ref":"3094","tourism":"information","osm_id":4716335257,"@id":"node/4716335257"}},{"type":"Feature","id":"node/4716782930","geometry":{"type":"Point","coordinates":[5.2651273,44.1239392]},"properties":{"destination":"Chalet Reynard;Pavillon de Roland|St-Est\u00e8ve;L'Ecluse du Grand Z\u00e8ne","hiking":"yes","information":"guidepost","mapillary":"494730708340157","name":"Collet de Feycinelle","operator":"CD84","tourism":"information","osm_id":4716782930,"@id":"node/4716782930"}},{"type":"Feature","id":"node/4716783303","geometry":{"type":"Point","coordinates":[5.3002728,44.1346241]},"properties":{"destination":"Flassan;Perrache|Chalet Reynard;Barragne|Font d'Angi\u00e9u;Pins Noirs","hiking":"yes","information":"guidepost","name":"Jas des Melettes","operator":"CD84","panoramax":"09a697d4-ff10-4430-8c32-c2f068d31b93;c26660ec-5300-4337-93f3-82c9ee3704c7","tourism":"information","osm_id":4716783303,"@id":"node/4716783303"}},{"type":"Feature","id":"node/4718930843","geometry":{"type":"Point","coordinates":[5.3567199,44.0668725]},"properties":{"destination":"Col de la Frache;Les Croix de Fer|Monieux|Chapelle St-Michel;Cabanes","hiking":"yes","information":"guidepost","name":"Combe de St-Andr\u00e9","operator":"CD84","ref":"8867","tourism":"information","osm_id":4718930843,"@id":"node/4718930843"}},{"type":"Feature","id":"node/4718930844","geometry":{"type":"Point","coordinates":[5.4808915,43.9027466]},"properties":{"destination":"Caseneuve;Combaury|Ubac de Pradenques|Rustrel;Istrane","hiking":"yes","information":"guidepost","mtb":"yes","name":"La Croix de Christol","operator":"CD84","ref":"23988","tourism":"information","osm_id":4718930844,"@id":"node/4718930844"}},{"type":"Feature","id":"node/4718930931","geometry":{"type":"Point","coordinates":[5.3405353,44.040279]},"properties":{"destination":"Monieux;Font de Jean|St-Hubert;Champ de Sicaude|Chapelle St-Michel","hiking":"yes","information":"guidepost","mtb":"yes","name":"La Peisse","operator":"CD84","ref":"9684","tourism":"information","osm_id":4718930931,"@id":"node/4718930931"}},{"type":"Feature","id":"node/4718930949","geometry":{"type":"Point","coordinates":[5.3404884,44.0470665]},"properties":{"destination":"Chapelle St-Michel|Monieux;Combe de St-Andr\u00e9","hiking":"yes","information":"guidepost","mapillary":"869652066923594;2858922741091858","name":"Cabanes","operator":"CD84","ref":"9680","tourism":"information","osm_id":4718930949,"@id":"node/4718930949"}},{"type":"Feature","id":"node/4722685632","geometry":{"type":"Point","coordinates":[5.1770386,43.9146112]},"properties":{"destination":"La Pouraque;Les Boujolles|S\u00e9nanque;Les Dilais|Gordes;Les Beaumes|Village des Bories","hiking":"yes","information":"guidepost","mtb":"yes","name":"La S\u00e9nancole","operator":"CD84","panoramax":"1d5625cd-0d66-4fe2-acf3-a2cf410db430;f7d62bc8-5e5e-46b9-8fdb-d1da2eaf4884;7b5c66c7-ddf8-479f-b0f0-a8065fd4ea72","ref":"16289","tourism":"information","osm_id":4722685632,"@id":"node/4722685632"}},{"type":"Feature","id":"node/4743123269","geometry":{"type":"Point","coordinates":[4.7583301,44.3201219]},"properties":{"information":"guidepost","name":"B 5","tourism":"information","osm_id":4743123269,"@id":"node/4743123269"}},{"type":"Feature","id":"node/4743123270","geometry":{"type":"Point","coordinates":[4.7604397,44.3180229]},"properties":{"information":"guidepost","name":"B 3","tourism":"information","osm_id":4743123270,"@id":"node/4743123270"}},{"type":"Feature","id":"node/4743123277","geometry":{"type":"Point","coordinates":[4.7604268,44.3210076]},"properties":{"information":"guidepost","name":"B 6","tourism":"information","osm_id":4743123277,"@id":"node/4743123277"}},{"type":"Feature","id":"node/4770804777","geometry":{"type":"Point","coordinates":[5.033459,44.0689048]},"properties":{"hiking":"yes","information":"guidepost","name":"La Tranch\u00e9e","operator":"CD84","tourism":"information","osm_id":4770804777,"@id":"node/4770804777"}},{"type":"Feature","id":"node/4784046282","geometry":{"type":"Point","coordinates":[5.1236945,43.9083881]},"properties":{"destination":"Fontaine-de-Vaucluse;Valette|Lagnes;Basse Capiane|Galas;Bondelon","hiking":"yes","information":"guidepost","mtb":"yes","name":"La Bastide Rouge","operator":"CD84","ref":"16188","tourism":"information","osm_id":4784046282,"@id":"node/4784046282"}},{"type":"Feature","id":"node/4784046384","geometry":{"type":"Point","coordinates":[5.108147,43.9110614]},"properties":{"destination":"Fontaine-de-Vaucluse;Bondelon|Lagnes;Basse Capiane","hiking":"yes","information":"guidepost","name":"Galas","operator":"CD84","ref":"16154","tourism":"information","osm_id":4784046384,"@id":"node/4784046384"}},{"type":"Feature","id":"node/4796488539","geometry":{"type":"Point","coordinates":[5.024467,44.1587407]},"properties":{"destination":"Lafare;Chapelle St Christophe|Beaumes de Venise;Col d'Alsau|Rocher du Midi / Belv\u00e9d\u00e8re|Gigondas;Les Florets","hiking":"yes","information":"guidepost","name":"Col du Cayron","operator":"CD84","panoramax":"84b96362-93a7-420a-b966-b1b734c2ba35;839d1de7-cfe0-4b1c-a229-157dfeeb859d","tourism":"information","osm_id":4796488539,"@id":"node/4796488539"}},{"type":"Feature","id":"node/4798811584","geometry":{"type":"Point","coordinates":[5.2797537,44.1743607]},"properties":{"destination":"Le Mont Serein;Les M\u00e9l\u00e8zes|Chalet Reynard;Col des Temp\u00eates|Bedoin;Chapelle Ste-Croix","hiking":"yes","information":"guidepost","name":"Mont Ventoux","operator":"CD84","panoramax":"0995cc5a-3767-4f22-b95a-9e40038b2909;5cda7901-9256-4f3e-a730-211fdeb6d5e8;0c57f7ae-60b8-45f4-933c-294398b1e727","ref":"2228","tourism":"information","osm_id":4798811584,"@id":"node/4798811584"}},{"type":"Feature","id":"node/4798811591","geometry":{"type":"Point","coordinates":[5.2768146,44.1841989]},"properties":{"destination":"Les M\u00e9l\u00e8zes|Le Mont Serein|Mont Ventoux;Le Contrat Ouest","hiking":"yes","information":"guidepost","name":"Caravaneige","operator":"CD84","panoramax":"f61b4ae3-ee9e-43b2-aa37-28d6b9a028f8;0415474b-b90a-4b8d-acf0-2a13c89bc5c3;530cfd37-4a8f-43c7-bd0a-6b6a865816c5","ref":"17055","tourism":"information","osm_id":4798811591,"@id":"node/4798811591"}},{"type":"Feature","id":"node/4799208405","geometry":{"type":"Point","coordinates":[5.1370472,44.2290667]},"properties":{"destination":"Les Trois Rivi\u00e8res|Entrechaux;Les Reyssasses","hiking":"yes","information":"guidepost","name":"Pont du Moulin","operator":"CD84","panoramax":"d9a39e4c-19b7-4d5a-b9cd-60c53c041755","ref":"28261","tourism":"information","osm_id":4799208405,"@id":"node/4799208405"}},{"type":"Feature","id":"node/4804272807","geometry":{"type":"Point","coordinates":[5.0474986,44.1565989]},"properties":{"destination":"Col du Cayron|Le Crestet;Ch\u00e2teau-Neuf-Redortier|Lafare;Le Collet","hiking":"yes","information":"guidepost","name":"Chapelle Saint-Christophe","operator":"CD84","panoramax":"3b13aff3-9d7b-4c88-b692-d77773c112de","ref":"296","tourism":"information","osm_id":4804272807,"@id":"node/4804272807"}},{"type":"Feature","id":"node/4824758123","geometry":{"type":"Point","coordinates":[5.2411702,44.0533425]},"properties":{"destination":"Flassan;Les Escampeaux|Blauvac;Le Plateau","hiking":"yes","information":"guidepost","mapillary":"1670640743130731","name":"R\u00e9gan\u00e9ou","operator":"CD84","ref":"14641","tourism":"information","osm_id":4824758123,"@id":"node/4824758123"}},{"type":"Feature","id":"node/4824758678","geometry":{"type":"Point","coordinates":[5.2244789,44.0140665]},"properties":{"destination":"Malemort-du-Comtat;Serre Clouvet|Col de la Ligne;Pr\u00e8s de la Grand Font","hiking":"yes","information":"guidepost","mapillary":"331801228335733;753723841934535","name":"M\u00e9thamis","operator":"CD84","ref":"14664","tourism":"information","osm_id":4824758678,"@id":"node/4824758678"}},{"type":"Feature","id":"node/4824772282","geometry":{"type":"Point","coordinates":[5.4990356,43.7706534]},"properties":{"destination":"La Bonde;Les Baronnes|Cabri\u00e8res-d'Aigues;Le Clot","hiking":"yes","information":"guidepost","name":"Le Renard","operator":"CD84","ref":"14989","tourism":"information","osm_id":4824772282,"@id":"node/4824772282"}},{"type":"Feature","id":"node/4824772290","geometry":{"type":"Point","coordinates":[5.4985334,43.7856796]},"properties":{"destination":"La Bonde;Le Renard|Cime de Vi\u00e8re|La Motte-d'Aigues;Les Vaucedes","hiking":"yes","information":"guidepost","name":"Le Clot","operator":"CD84","panoramax":"f3013cd5-459d-44f5-a4d0-34e0cb63e3ae","ref":"15005","tourism":"information","osm_id":4824772290,"@id":"node/4824772290"}},{"type":"Feature","id":"node/4824772295","geometry":{"type":"Point","coordinates":[5.4964634,43.7851413]},"properties":{"destination":"Sannes;Cimeti\u00e8re de Sannes|Le Mourre N\u00e8gre;Le Couleton|La Motte-d'Aigues;Le Clot","hiking":"yes","information":"guidepost","mtb":"yes","name":"Cime de Vi\u00e8re","operator":"CD84","panoramax":"9c8e5e4b-f5fc-4ac8-8282-6525d82bee18","ref":"15009","tourism":"information","osm_id":4824772295,"@id":"node/4824772295"}},{"type":"Feature","id":"node/4829151506","geometry":{"type":"Point","coordinates":[5.1055099,43.9255232]},"properties":{"destination":"Malaisan|Le Jonquier","hiking":"yes","information":"guidepost","mapillary":"899483093930719","name":"Le Serraire","operator":"CD84","ref":"16005","tourism":"information","osm_id":4829151506,"@id":"node/4829151506"}},{"type":"Feature","id":"node/4831530809","geometry":{"type":"Point","coordinates":[5.5944884,43.8138783]},"properties":{"destination":"Les Cr\u00eates;Les Ferrailles|Montjustin;Carbonnel","hiking":"yes","information":"guidepost","mtb":"yes","name":"Vitrolles","operator":"CD84","tourism":"information","osm_id":4831530809,"@id":"node/4831530809"}},{"type":"Feature","id":"node/4838516491","geometry":{"type":"Point","coordinates":[5.136842,43.7604581]},"properties":{"destination":"Le Trou du Rat;La Roquette|Vidauque;St-Ferr\u00e9ol|R\u00e9galon;Chemin de Rioufret","hiking":"yes","information":"guidepost","name":"Ecole de la Roquette","operator":"CD84","panoramax":"bcad744b-fd13-41d2-8fb3-9a06cd114085","ref":"3907","tourism":"information","osm_id":4838516491,"@id":"node/4838516491"}},{"type":"Feature","id":"node/4838516499","geometry":{"type":"Point","coordinates":[5.1879796,43.8015246]},"properties":{"destination":"M\u00e9nerbes;Poudarigue|Le Pradon|For\u00eat des C\u00e8dres;La Croix de Fer","hiking":"yes","information":"guidepost","mapillary":"345823833542653","name":"Les Hautes Plaines","operator":"CD84","ref":"3813","tourism":"information","osm_id":4838516499,"@id":"node/4838516499"}},{"type":"Feature","id":"node/4838516501","geometry":{"type":"Point","coordinates":[5.219609,43.7971218]},"properties":{"destination":"Les hautes Plaines|M\u00e9rindol;La Font de l'Orme|For\u00eat des C\u00e8dres;L'homme mort","hiking":"yes","information":"guidepost","name":"La Croix de Fer","operator":"CD84","panoramax":"96a7575e-fb4f-4577-b59b-627ef383cece","ref":"3764","tourism":"information","osm_id":4838516501,"@id":"node/4838516501"}},{"type":"Feature","id":"node/4839576078","geometry":{"type":"Point","coordinates":[5.1570692,43.7568214]},"properties":{"destination":"R\u00e9galon|Ecole de la Roquette","hiking":"yes","information":"guidepost","name":"Chemin de Rioufret","operator":"CD84","panoramax":"eadac737-11dc-40df-a1fc-e51c601ab5cc","ref":"3874","tourism":"information","osm_id":4839576078,"@id":"node/4839576078"}},{"type":"Feature","id":"node/4839576079","geometry":{"type":"Point","coordinates":[5.2007396,43.7563138]},"properties":{"destination":"Pont de Mallemort;La Bourdille|Font de L'Orme;Sadaillan|Regalon","hiking":"yes","information":"guidepost","name":"La Muse","operator":"CD84","panoramax":"c248aaa6-1b5a-4222-9b49-4c2caf2cc01a","ref":"3717","tourism":"information","osm_id":4839576079,"@id":"node/4839576079"}},{"type":"Feature","id":"node/4840012187","geometry":{"type":"Point","coordinates":[5.2927226,43.8215574]},"properties":{"destination":"Bonnieux|M\u00e9nerbes;La Valmasque|Lacoste","hiking":"yes","information":"guidepost","name":"Le Petit Moulin","operator":"CD84","panoramax":"72255329-82d9-4f43-b7b2-24123fbf2c0c","ref":"3608","tourism":"information","osm_id":4840012187,"@id":"node/4840012187"}},{"type":"Feature","id":"node/4840012950","geometry":{"type":"Point","coordinates":[5.3210745,43.8220529]},"properties":{"destination":"Le Pas de la Truie|La Garenne|Bonnieux;Les Blayons","hiking":"yes","information":"guidepost","mtb":"yes","name":"Les Cabanes","operator":"CD84","panoramax":"c58794c8-d5ad-4ded-a135-9bf5dc003d8a;02ce0512-a957-43fa-8969-a4876cb120ef","ref":"4134","tourism":"information","osm_id":4840012950,"@id":"node/4840012950"}},{"type":"Feature","id":"node/4840012958","geometry":{"type":"Point","coordinates":[5.3085811,43.8202666]},"properties":{"destination":"For\u00eat des C\u00e8dres;Peyrafio|Lauris;Lunel|Bonnieux;St Gervais","hiking":"yes","information":"guidepost","name":"L'Arrigner","operator":"CD84","panoramax":"9f05bfc0-34d2-4dc3-93bb-3bb5e0c268a1","ref":"3313","tourism":"information","osm_id":4840012958,"@id":"node/4840012958"}},{"type":"Feature","id":"node/4840012959","geometry":{"type":"Point","coordinates":[5.3088943,43.8206517]},"properties":{"destination":"Lourmarin;La Garenne|For\u00eat des C\u00e8dres;L'Arrigner","hiking":"yes","information":"guidepost","name":"St Gervais","operator":"CD84","panoramax":"b940f7d3-6eab-48fe-85c5-82924cce3dec","ref":"3308","tourism":"information","osm_id":4840012959,"@id":"node/4840012959"}},{"type":"Feature","id":"node/4895505697","geometry":{"type":"Point","coordinates":[5.2017783,43.7524221]},"properties":{"destination":"Pont de Mallemort|M\u00e9rindol;La Muse","hiking":"yes","information":"guidepost","name":"La Bourdille","operator":"CD84","panoramax":"7acdc8cf-1852-40dc-a571-1049171d119b","ref":"3727","tourism":"information","osm_id":4895505697,"@id":"node/4895505697"}},{"type":"Feature","id":"node/4899749798","geometry":{"type":"Point","coordinates":[5.2207677,43.7971402]},"properties":{"destination":"M\u00e9nerbes;La Reyne Est|For\u00eat des C\u00e8dres;Falabr\u00e8gue|M\u00e9rindol;La Croix de Fer","hiking":"yes","information":"guidepost","name":"L'homme mort","operator":"CD84","panoramax":"3436d11f-91a5-4606-945a-93eea4e402a4","ref":"3766","tourism":"information","osm_id":4899749798,"@id":"node/4899749798"}},{"type":"Feature","id":"node/4899750226","geometry":{"type":"Point","coordinates":[5.1913981,43.7749713]},"properties":{"destination":"For\u00eat des C\u00e8dres;La Croix de fer|M\u00e9rindol;Sadaillan|Vallon du Canebier","hiking":"yes","information":"guidepost","mtb":"yes","name":"La Font de L'Orme","operator":"CD84","panoramax":"408d80f2-4ae5-477b-9990-a07530651aea","ref":"3757","tourism":"information","osm_id":4899750226,"@id":"node/4899750226"}},{"type":"Feature","id":"node/4902019282","geometry":{"type":"Point","coordinates":[5.2392688,43.8167869]},"properties":{"destination":"M\u00e9nerbes;La Reyne|For\u00eat des C\u00e8dres;Falabr\u00e8gue|Bonnieux;La Valmasque","hiking":"yes","information":"guidepost","name":"Les Cassandrons","operator":"CD84","panoramax":"574c43df-d56a-42d6-b7df-a1f2267a421e;25fb30c6-4f87-4a39-b887-013d0a792c1d;b59e84d7-bb96-4e75-b3c7-46b89435d77b&xyz=298.09/3.76/52","ref":"3624","tourism":"information","osm_id":4902019282,"@id":"node/4902019282"}},{"type":"Feature","id":"node/4902019322","geometry":{"type":"Point","coordinates":[5.2670847,43.8165547]},"properties":{"destination":"M\u00e9nerbes;Les Cassandrons|Bonnieux;Le Petit Moulin|For\u00eat des C\u00e8dres;Le Pr\u00e9 de Roustan","hiking":"yes","information":"guidepost","name":"La Valmasque","operator":"CD84","panoramax":"23b96d5d-1adf-408e-8fa4-b574806f4129","ref":"3597","tourism":"information","osm_id":4902019322,"@id":"node/4902019322"}},{"type":"Feature","id":"node/4902019335","geometry":{"type":"Point","coordinates":[5.3439347,43.7945909]},"properties":{"destination":"Bonnieux;Gest","hiking":"yes","information":"guidepost","mapillary":"303529284560012","name":"Gu\u00e9 du Val du Loup","operator":"CD84","panoramax":"4f203f41-37db-480b-a6d9-a38e3982a494","ref":"3526","tourism":"information","osm_id":4902019335,"@id":"node/4902019335"}},{"type":"Feature","id":"node/4902019339","geometry":{"type":"Point","coordinates":[5.3636087,43.7658883]},"properties":{"destination":"Buoux;La Furge","hiking":"yes","information":"guidepost","mtb":"yes","name":"L'Estagniol","operator":"CD84","panoramax":"1175c64f-da26-4c54-92c9-4eec2afa6d49","ref":"26205","tourism":"information","osm_id":4902019339,"@id":"node/4902019339"}},{"type":"Feature","id":"node/4902019340","geometry":{"type":"Point","coordinates":[5.3647815,43.7619677]},"properties":{"destination":"Cadenet;St Andr\u00e9","hiking":"yes","information":"guidepost","name":"La Paccarde","operator":"CD84","panoramax":"c203d0d1-1fb2-4e13-95c5-4ac8d86dd6f3","ref":"26187","tourism":"information","osm_id":4902019340,"@id":"node/4902019340"}},{"type":"Feature","id":"node/4902019341","geometry":{"type":"Point","coordinates":[5.3095682,43.7495805]},"properties":{"destination":"Bonnieux;Combe de Bigonce","hiking":"yes","information":"guidepost","name":"Lauris","operator":"CD84","panoramax":"340e056c-d44c-4646-bf0a-b16831ab452b","ref":"30956","tourism":"information","osm_id":4902019341,"@id":"node/4902019341"}},{"type":"Feature","id":"node/4904408229","geometry":{"type":"Point","coordinates":[5.4462495,43.8428879]},"properties":{"destination":"St Martin de Castillon;La Moli\u00e8re|Saignon;Les Fondons|Auribeau","hiking":"yes","information":"guidepost","mtb":"yes","name":"Chemin de la Fran\u00e7aise","operator":"CD84","panoramax":"02ed9158-8727-4b94-b358-cdec66efed63","ref":"2886","tourism":"information","osm_id":4904408229,"@id":"node/4904408229"}},{"type":"Feature","id":"node/4906006964","geometry":{"type":"Point","coordinates":[5.0840682,43.8037692]},"properties":{"destination":"St-Ferr\u00e9ol|Vidauque;Montimaou|Le Trou du Rat;Les Quatre Chemins","hiking":"yes","information":"guidepost","name":"Valloncourt","operator":"CD84","panoramax":"4f7c41bf-9313-44f2-b2c5-6bd5ae3e1f53;99c0a54a-7a56-41e2-84b5-c72cbcbe3376","ref":"3950","tourism":"information","osm_id":4906006964,"@id":"node/4906006964"}},{"type":"Feature","id":"node/4906006966","geometry":{"type":"Point","coordinates":[5.1012336,43.7818695]},"properties":{"destination":"R\u00e9galon;Ecole de la Roquette|Vidauque;Valloncourt","hiking":"yes","information":"guidepost","name":"St-Ferr\u00e9ol","operator":"CD84","panoramax":"54a2c626-be62-4081-9f76-9a9e57a6a199;c98f85cf-8df5-4315-8b22-4ead209580e9","tourism":"information","osm_id":4906006966,"@id":"node/4906006966"}},{"type":"Feature","id":"node/4906007654","geometry":{"type":"Point","coordinates":[5.1564711,43.828251]},"properties":{"destination":"Le Vieil-Opp\u00e8de|Maubec;La Draille de Maubec|La Jassine","hiking":"yes","information":"guidepost","name":"Combr\u00e8s","operator":"CD84","panoramax":"019f4e24-f0bd-4e3a-a0b4-4bdbe05e316d","ref":"4014","tourism":"information","osm_id":4906007654,"@id":"node/4906007654"}},{"type":"Feature","id":"node/4906255445","geometry":{"type":"Point","coordinates":[5.1776203,43.7430252]},"properties":{"destination":"Merindol;La Bourdille","hiking":"yes","information":"guidepost","name":"Pont de Mallemort","operator":"CD84","panoramax":"31ece01b-cc51-480f-bd44-e2d5cbead552","tourism":"information","osm_id":4906255445,"@id":"node/4906255445"}},{"type":"Feature","id":"node/4916715345","geometry":{"type":"Point","coordinates":[5.1478154,43.994397]},"properties":{"bicycle":"yes","destination":"St-Gens;Espuys","hiking":"yes","information":"guidepost","mapillary":"4416641955013124","name":"Les Tours","operator":"CD84","ref":"15796","tourism":"information","osm_id":4916715345,"@id":"node/4916715345"}},{"type":"Feature","id":"node/4941155894","geometry":{"type":"Point","coordinates":[4.8772028,44.1681955]},"properties":{"information":"guidepost","mapillary":"548171963254529","osm_id":4941155894,"@id":"node/4941155894"}},{"type":"Feature","id":"node/4941155899","geometry":{"type":"Point","coordinates":[4.8776259,44.1682811]},"properties":{"information":"guidepost","mapillary":"755021332328007","osm_id":4941155899,"@id":"node/4941155899"}},{"type":"Feature","id":"node/4949008069","geometry":{"type":"Point","coordinates":[4.8774027,44.1684645]},"properties":{"information":"guidepost","mapillary":"140949068015028","osm_id":4949008069,"@id":"node/4949008069"}},{"type":"Feature","id":"node/4989824142","geometry":{"type":"Point","coordinates":[4.8737343,44.1654468]},"properties":{"information":"guidepost","mapillary":"169086165118344","osm_id":4989824142,"@id":"node/4989824142"}},{"type":"Feature","id":"node/5030412367","geometry":{"type":"Point","coordinates":[5.0116495,44.1570674]},"properties":{"hiking":"yes","information":"guidepost","name":"Sentier d'acc\u00e8s aux Dentelles Sarrasines","tourism":"information","osm_id":5030412367,"@id":"node/5030412367"}},{"type":"Feature","id":"node/5030799207","geometry":{"type":"Point","coordinates":[5.0117332,44.1233851]},"properties":{"destination":"Col du Cayron;Durban|Beaumes de Venise;Cave Ol\u00e9icole|Vacqueyras;Berard","hiking":"yes","information":"guidepost","name":"Notre Dame d'Aubune","operator":"CD84","panoramax":"8810cb83-4b6a-4ee0-be62-4c4875209da7","ref":"498","tourism":"information","osm_id":5030799207,"@id":"node/5030799207"}},{"type":"Feature","id":"node/5145543989","geometry":{"type":"Point","coordinates":[5.1560986,44.157609]},"properties":{"destination":"Malauc\u00e8ne;Combe obscure|Caromb;Le Gros Pata|Bedoin;Le Paty","hiking":"yes","information":"guidepost","name":"Combe de L'Ase","operator":"CD84","ref":"1707","tourism":"information","wikimedia_commons":"File:Combe de LAse.jpg","osm_id":5145543989,"@id":"node/5145543989"}},{"type":"Feature","id":"node/5145575285","geometry":{"type":"Point","coordinates":[5.1835725,44.1373553]},"properties":{"destination":"Combe de Maraval|Les Ardouin|Bedoin;Bedoin Monument","hiking":"yes","information":"guidepost","mtb":"yes","name":"La Dayanne","operator":"CD84","panoramax":"ea4c30c0-9c5d-497e-a8e2-6a858cc51e55","ref":"1418","tourism":"information","wikimedia_commons":"File:La Dayanne.jpg","osm_id":5145575285,"@id":"node/5145575285"}},{"type":"Feature","id":"node/5145575286","geometry":{"type":"Point","coordinates":[5.1543572,44.1446293]},"properties":{"destination":"Bedoin;Chapelle La Madeleine|Malauc\u00e8ne;Combe de l'Ase|Combe de Maraval","hiking":"yes","information":"guidepost","mapillary":"628359931896115","name":"Le Paty","operator":"CD84","ref":"1459","tourism":"information","wikimedia_commons":"File:Le Paty.jpg","osm_id":5145575286,"@id":"node/5145575286"}},{"type":"Feature","id":"node/5145575287","geometry":{"type":"Point","coordinates":[5.1649354,44.1393378]},"properties":{"destination":"Bedoin;La Font du Loup|La Dayanne|Malauc\u00e8ne;Chapelle la Madeleine","hiking":"yes","information":"guidepost","mtb":"yes","name":"Les Ardouin","operator":"CD84","panoramax":"50d8d4f5-b7ce-4e7d-920a-c432a4e5aeb8;247a4771-0835-4fb0-a45d-8edcfdfa19d8","ref":"1450","tourism":"information","wikimedia_commons":"File:Wegweiser Bedoin.jpg","osm_id":5145575287,"@id":"node/5145575287"}},{"type":"Feature","id":"node/5190260059","geometry":{"type":"Point","coordinates":[5.6257725,43.6954974]},"properties":{"destination":"Mirabeau;L'Escarasson|Les Palissades","hiking":"yes","information":"guidepost","name":"Pin de l'Eigoune","operator":"CD84","ref":"27921","tourism":"information","osm_id":5190260059,"@id":"node/5190260059"}},{"type":"Feature","id":"node/5190528559","geometry":{"type":"Point","coordinates":[4.876297,44.1170497]},"properties":{"destination":"Orange;Jonqui\u00e8res","direction":"180","information":"guidepost","mapillary":"1446071705754596","operator":"CD84","ref":"0","osm_id":5190528559,"@id":"node/5190528559"}},{"type":"Feature","id":"node/5196728928","geometry":{"type":"Point","coordinates":[5.098066,44.2350155]},"properties":{"destination":"Vaison;La Ramade|St Marcellin l\u00e8s Vaison","hiking":"yes","information":"guidepost","name":"La Magdelaine","operator":"CD84","panoramax":"e24c2de1-49a3-42d5-a8f4-b2bd0f93c224","ref":"28384","tourism":"information","osm_id":5196728928,"@id":"node/5196728928"}},{"type":"Feature","id":"node/5196728929","geometry":{"type":"Point","coordinates":[5.0947863,44.2357727]},"properties":{"destination":"Vaison la Romaine;Roche Double|St Marcellin l\u00e8s Vaison;La Magdelaine","hiking":"yes","information":"guidepost","name":"La Ramade","operator":"CD84","panoramax":"2d071979-9ed4-407f-b827-ed2802eee13e","ref":"28382","tourism":"information","osm_id":5196728929,"@id":"node/5196728929"}},{"type":"Feature","id":"node/5200406842","geometry":{"type":"Point","coordinates":[5.275026,44.1846482]},"properties":{"destination":"Les M\u00e9l\u00e8zes|Le Mont Serein|Mont Ventoux;Le Contrat Ouest","hiking":"yes","information":"guidepost","name":"Caravaneige","operator":"CD84","panoramax":"3faf0045-ea6f-44a2-97bd-2cbc55e59942","tourism":"information","osm_id":5200406842,"@id":"node/5200406842"}},{"type":"Feature","id":"node/5200406845","geometry":{"type":"Point","coordinates":[5.2754196,44.1731699]},"properties":{"destination":"Bedoin;Jas des Pelerins|Mont Ventoux","hiking":"yes","information":"guidepost","mapillary":"881454852777531;923089451616422;407551337389813","name":"Chapelle Ste-Croix","operator":"CD84","panoramax":"93b10427-ed28-458b-b635-1fac5effc7f0","tourism":"information","osm_id":5200406845,"@id":"node/5200406845"}},{"type":"Feature","id":"node/5200406873","geometry":{"type":"Point","coordinates":[5.2660701,44.1486036]},"properties":{"destination":"Mont Ventoux;Petit Pierre|Jas de Landerot;Jas du Tomple|Bedoin;Combe Fiole S","hiking":"yes","information":"guidepost","name":"Combe Fiole N","operator":"CD84","panoramax":"1c0f76a0-1fa5-4660-8323-930fdece4a38;487246b0-8103-44a1-b1b5-37892aae4d56","ref":"1668","tourism":"information","osm_id":5200406873,"@id":"node/5200406873"}},{"type":"Feature","id":"node/5200406874","geometry":{"type":"Point","coordinates":[5.2665308,44.1482052]},"properties":{"destination":"Jas de la Couanche|Bedoin;Guibert|Mont Ventoux;Combe Fiole N","hiking":"yes","information":"guidepost","name":"Combe Fiole S","operator":"CD84","panoramax":"ef5af510-020c-4fec-8a0f-09532011eacb","ref":"1586","tourism":"information","osm_id":5200406874,"@id":"node/5200406874"}},{"type":"Feature","id":"node/5200406881","geometry":{"type":"Point","coordinates":[5.25501,44.1357884]},"properties":{"destination":"Mont Ventoux;Combe Fiole S|Bedoin;Combe d'Ansis|St-Est\u00e8ve;Les C\u00e8dres","hiking":"yes","information":"guidepost","name":"Guibert","operator":"CD84","panoramax":"31684abf-7425-4000-b21c-a17c236d554c","ref":"1372","tourism":"information","osm_id":5200406881,"@id":"node/5200406881"}},{"type":"Feature","id":"node/5200406900","geometry":{"type":"Point","coordinates":[5.2291194,44.126565]},"properties":{"destination":"Bedoin;Les F\u00e9brier|Mont Ventoux;Guibert|St-Est\u00e8ve;Les Constants","hiking":"yes","information":"guidepost","name":"Combe d'Ansis","operator":"CD84","panoramax":"86f41930-62be-4c1c-b945-f1da7fdff075;df08756f-3e35-4219-9987-aa2053e9b59e","ref":"1318","tourism":"information","osm_id":5200406900,"@id":"node/5200406900"}},{"type":"Feature","id":"node/5200406907","geometry":{"type":"Point","coordinates":[5.2287432,44.1249094]},"properties":{"destination":"St-Est\u00e8ve;Les Pins de Constant|Sainte-Colombe|Bedoin;Combe d'Ansis","hiking":"yes","information":"guidepost","mapillary":"971119197031748","mtb":"yes","name":"Les Constants","operator":"CD84","panoramax":"fe93509e-70ac-473f-8509-947790cad041;fa3303fd-738e-450d-bd8c-b90b56abc02f","ref":"1316","tourism":"information","osm_id":5200406907,"@id":"node/5200406907"}},{"type":"Feature","id":"node/5200406914","geometry":{"type":"Point","coordinates":[5.2226147,44.1202415]},"properties":{"destination":"Les Constants|Bedoin;Les H\u00e9ritiers","hiking":"yes","information":"guidepost","name":"Sainte-Colombe","operator":"CD84","panoramax":"9fed3993-3d34-4d6a-96a0-12209e94a4cb","ref":"1309","tourism":"information","osm_id":5200406914,"@id":"node/5200406914"}},{"type":"Feature","id":"node/5201498616","geometry":{"type":"Point","coordinates":[5.2571592,44.1349403]},"properties":{"destination":"Mont-Ventoux;Jas de la Couanche|Jas du Mourre|St-Est\u00e8ve;Les Pins de Constant|Guibert","hiking":"yes","information":"guidepost","name":"Les C\u00e8dres","operator":"CD84","panoramax":"70546e11-f39f-4c99-b7fa-e4ed08a14669;2f2f79d7-2291-45b1-8fc0-5110c99a82b5;31cc369d-967f-4859-a7d1-875cb4cb19b2","ref":"2671","tourism":"information","osm_id":5201498616,"@id":"node/5201498616"}},{"type":"Feature","id":"node/5202093363","geometry":{"type":"Point","coordinates":[5.0867309,44.2394638]},"properties":{"destination":"St Marcellin l\u00e8s Vaison;Roche Double","hiking":"yes","information":"guidepost","name":"La Planchette","operator":"CD84","panoramax":"0d304e29-44b0-40c5-b5f0-1d8dac475d6e","ref":"28377","tourism":"information","osm_id":5202093363,"@id":"node/5202093363"}},{"type":"Feature","id":"node/5206739968","geometry":{"type":"Point","coordinates":[5.099045,44.2304507]},"properties":{"destination":"Vaison;La Magdelaine","hiking":"yes","information":"guidepost","name":"St Marcellin l\u00e8s Vaison","operator":"CD84","panoramax":"4cf69e9e-2fcf-476a-a224-a6a996afc83d","ref":"28375","tourism":"information","osm_id":5206739968,"@id":"node/5206739968"}},{"type":"Feature","id":"node/5206739971","geometry":{"type":"Point","coordinates":[5.0986351,44.2167578]},"properties":{"destination":"Entrechaux;Roche Gali\u00e8re|Le Crestet","hiking":"yes","information":"guidepost","name":"Piolard","operator":"CD84","panoramax":"de7f75b8-205a-4b04-bd24-67bb4c1cbdba","ref":"30906","tourism":"information","osm_id":5206739971,"@id":"node/5206739971"}},{"type":"Feature","id":"node/5206739975","geometry":{"type":"Point","coordinates":[5.1702221,44.1673614]},"properties":{"destination":"Le Sueil|Combe obscure","hiking":"yes","information":"guidepost","name":"Bramafam","operator":"CD84","panoramax":"e41aafd8-7b98-4be9-8867-c2482a406522","ref":"1880","tourism":"information","osm_id":5206739975,"@id":"node/5206739975"}},{"type":"Feature","id":"node/5206739976","geometry":{"type":"Point","coordinates":[5.1968189,44.1697827]},"properties":{"destination":"Le Belv\u00e9d\u00e8re|Bedoin;Rocher du Midi","hiking":"yes","information":"guidepost","name":"Les Ramayettes","operator":"CD84","panoramax":"5a242cf5-3600-4465-9718-0618df7b9c98","tourism":"information","osm_id":5206739976,"@id":"node/5206739976"}},{"type":"Feature","id":"node/5206739996","geometry":{"type":"Point","coordinates":[5.1350138,44.1730333]},"properties":{"destination":"Malauc\u00e8ne|Le Groseau;Pont Vieux","hiking":"yes","information":"guidepost","mtb":"yes","name":"Le Paradou","operator":"CD84","panoramax":"8c277beb-a0d7-42a6-ab04-698ad872865b;63090210-a17c-4e29-9910-7bd08d228679&xyz=205.53/-3.11/49","ref":"1762","tourism":"information","osm_id":5206739996,"@id":"node/5206739996"}},{"type":"Feature","id":"node/5206740014","geometry":{"type":"Point","coordinates":[5.0572843,44.1774354]},"properties":{"destination":"Le Crestet;Les Pradas|Suzette;La Bori|Cr\u00eate de St-Amand","hiking":"yes","information":"guidepost","name":"Les Clapas","operator":"CD84","panoramax":"970743bb-d2c8-4aaa-886f-4348e254c95a","ref":"803","tourism":"information","osm_id":5206740014,"@id":"node/5206740014"}},{"type":"Feature","id":"node/5206741629","geometry":{"type":"Point","coordinates":[5.0793884,44.1891139]},"properties":{"destination":"Le Crestet;Les Cypr\u00e8s des Ev\u00eaques|Malauc\u00e8ne;Combe Fr\u00e9u","hiking":"yes","information":"guidepost","mtb":"yes","name":"La Pousterle","operator":"CD84","panoramax":"a92ba8ab-c243-4d15-9fd5-7a82622e0a8e","ref":"209","tourism":"information","osm_id":5206741629,"@id":"node/5206741629"}},{"type":"Feature","id":"node/5206741630","geometry":{"type":"Point","coordinates":[5.0762676,44.1863667]},"properties":{"destination":"Le Crestet;La Pousterle|Suzette;Le Partifiage|Malauc\u00e8ne;La Cha\u00eene","hiking":"yes","information":"guidepost","mtb":"yes","name":"Combe Fr\u00e9u","operator":"CD84","panoramax":"14828aab-662d-4411-832e-d7fe8a186352","ref":"211","tourism":"information","osm_id":5206741630,"@id":"node/5206741630"}},{"type":"Feature","id":"node/5206741634","geometry":{"type":"Point","coordinates":[5.0732341,44.1862994]},"properties":{"destination":"La Roque-Alric;Suze|Suzette;Cougne \u00e0 Banne|Le Crestet;Combe Fr\u00e9u","hiking":"yes","information":"guidepost","mtb":"yes","name":"Le Partifiage","operator":"CD84","panoramax":"a1ccef0c-8f21-4d43-aa37-189284f1310f;5234a307-1670-482e-b6d2-f60823d6e3bf&xyz=108.73/1.33/57","ref":"215","tourism":"information","osm_id":5206741634,"@id":"node/5206741634"}},{"type":"Feature","id":"node/5206741738","geometry":{"type":"Point","coordinates":[5.0688017,44.171266]},"properties":{"destination":"Malauc\u00e8ne;Le Partifiage|Suzette;Cougne \u00e0 Banne|Ch\u00e2teau-Neuf-Redortier|Cr\u00eate de St-Amand;Les Clapas","hiking":"yes","information":"guidepost","name":"La Bori","operator":"CD84","panoramax":"7715bcba-0662-471b-8c3a-9905fbbc3ed5","ref":"260","tourism":"information","osm_id":5206741738,"@id":"node/5206741738"}},{"type":"Feature","id":"node/5206741758","geometry":{"type":"Point","coordinates":[5.0702297,44.1703753]},"properties":{"destination":"Malauc\u00e8ne;La Bori|Lafare;Suzette","hiking":"yes","information":"guidepost","name":"Cougne \u00e0 Banne","operator":"CD84","panoramax":"de40a2b6-8476-4900-800d-6de45e3f5666","ref":"262","tourism":"information","osm_id":5206741758,"@id":"node/5206741758"}},{"type":"Feature","id":"node/5206741759","geometry":{"type":"Point","coordinates":[5.0965555,44.1792184]},"properties":{"destination":"La Pousterle;Combe Fr\u00e9u|Le Barroux;Les Issards|Malauc\u00e8ne;Charombeau","hiking":"yes","information":"guidepost","mtb":"yes","name":"La Chaine","operator":"CD84","panoramax":"8c947ec6-3763-4d87-acd1-cf0d4bf66794","tourism":"information","osm_id":5206741759,"@id":"node/5206741759"}},{"type":"Feature","id":"node/5206741762","geometry":{"type":"Point","coordinates":[5.1171009,44.1967884]},"properties":{"destination":"Malauc\u00e8ne;Les Guillomins","hiking":"yes","information":"guidepost","name":"Le Pont Rouge","operator":"CD84","panoramax":"9f2ffe3a-bda0-4633-a785-2ce24e5c802b","ref":"634","tourism":"information","osm_id":5206741762,"@id":"node/5206741762"}},{"type":"Feature","id":"node/5206741845","geometry":{"type":"Point","coordinates":[5.1291917,44.2154069]},"properties":{"destination":"Les Amarens;La Prieuresse Nord|Vaillant;Le Dev\u00e8s","hiking":"yes","information":"guidepost","name":"La Prieuresse","operator":"CD84","panoramax":"e59bff03-6678-4a08-a252-91827b70c4df;1f8a031a-5302-46d7-b53a-b3ad449313de","ref":"29617","tourism":"information","osm_id":5206741845,"@id":"node/5206741845"}},{"type":"Feature","id":"node/5206741851","geometry":{"type":"Point","coordinates":[5.1396066,44.2183952]},"properties":{"destination":"Puyberlie","hiking":"yes","information":"guidepost","name":"Entrechaux","operator":"CD84","panoramax":"f8abf02f-9037-4617-80f2-bb775641521b","ref":"29618","tourism":"information","osm_id":5206741851,"@id":"node/5206741851"}},{"type":"Feature","id":"node/5206741852","geometry":{"type":"Point","coordinates":[5.1365744,44.2256054]},"properties":{"destination":"Trois Rivi\u00e8res;St-Michel|Entrechaux;Puyberlie","hiking":"yes","information":"guidepost","name":"Le Seguret","operator":"CD84","panoramax":"35b81899-61c1-4553-8dae-aedadb414a0d","ref":"28271","tourism":"information","osm_id":5206741852,"@id":"node/5206741852"}},{"type":"Feature","id":"node/5208316161","geometry":{"type":"Point","coordinates":[5.0516624,44.1566387]},"properties":{"destination":"LAFARE|Col du Cayron|Chapelle St Christophe","hiking":"yes","information":"guidepost","mtb":"yes","name":"Le Collet","operator":"CD84","panoramax":"4d71a1e1-a06a-4734-a251-f714fedbbc1e;345fb5b5-0bbd-4bba-bbbe-f212a4ab00c4","ref":"286","tourism":"information","osm_id":5208316161,"@id":"node/5208316161"}},{"type":"Feature","id":"node/5208316162","geometry":{"type":"Point","coordinates":[5.0508873,44.1460273]},"properties":{"destination":"Lafare|La Roque-Alric;Les M\u00f4les|Beaumes-de-Venise;La Galini\u00e8re","hiking":"yes","information":"guidepost","name":"Lafare Mairie","operator":"CD84","panoramax":"8b3545bb-0472-469f-8417-19ae149204b0;d8739cf9-2c3b-4883-b4b1-f9842d6d4658","ref":"522","tourism":"information","osm_id":5208316162,"@id":"node/5208316162"}},{"type":"Feature","id":"node/5211310419","geometry":{"type":"Point","coordinates":[5.0362873,44.0827703]},"properties":{"destination":"Carpentras;La Tranch\u00e9e|Chapelle St Martin de Serres;St Martin","hiking":"yes","information":"guidepost","mapillary":"302809081395316","name":"Baumajour","operator":"CD84","tourism":"information","osm_id":5211310419,"@id":"node/5211310419"}},{"type":"Feature","id":"node/5237526446","geometry":{"type":"Point","coordinates":[5.1985938,44.2145995]},"properties":{"destination":"Malauc\u00e8ne;Bois des Margauds|St-L\u00e9ger du Ventoux;Pont de Veaux|Le Planet","hiking":"yes","information":"guidepost","name":"Le Vallon","operator":"CD84","panoramax":"676d2ea1-936a-4c18-a1b2-f38d54ad8ea2","ref":"1937","tourism":"information","osm_id":5237526446,"@id":"node/5237526446"}},{"type":"Feature","id":"node/5246817631","geometry":{"type":"Point","coordinates":[5.1522902,43.9870426]},"properties":{"bicycle":"yes","destination":"Malemort-du-Comtat;Tournefort|St-Gens;Quinsan|Venasque;Espuys","hiking":"yes","information":"guidepost","mapillary":"371357757632522;396724941434282;187190763256767","name":"Maroane","operator":"CD84","ref":"15789","tourism":"information","osm_id":5246817631,"@id":"node/5246817631"}},{"type":"Feature","id":"node/5246817753","geometry":{"type":"Point","coordinates":[5.1497313,43.9954233]},"properties":{"destination":"Malemort-du-Comtat;Le Vas","hiking":"yes","information":"guidepost","mapillary":"214824130203169","name":"Bonne Fontaine","operator":"CD84","ref":"16961","tourism":"information","osm_id":5246817753,"@id":"node/5246817753"}},{"type":"Feature","id":"node/5248558067","geometry":{"type":"Point","coordinates":[5.3266468,44.1595065]},"properties":{"destination":"Col de la Frache|Flassan;Font d'Angi\u00e9u|Mont Ventoux;Le Signal","hiking":"yes","information":"guidepost","mtb":"yes","name":"Combe Brune","operator":"CD84","panoramax":"46ce4b98-b97d-4923-9634-0a2c89a64c83;2cdf8804-b066-4f01-9ae4-241ef30f9554","ref":"2212","tourism":"information","osm_id":5248558067,"@id":"node/5248558067"}},{"type":"Feature","id":"node/5248558068","geometry":{"type":"Point","coordinates":[5.3308125,44.158374]},"properties":{"destination":"Mont Ventoux;Combe Brune|Jas Forest;La Baraque d'Aurel","hiking":"yes","information":"guidepost","name":"Pas de la Frache","operator":"CD84","panoramax":"6ce42843-e931-4aa4-a395-fd412a444874;f250318b-425a-41c1-9183-0469d7e2afc6","ref":"2207","tourism":"information","osm_id":5248558068,"@id":"node/5248558068"}},{"type":"Feature","id":"node/5248558069","geometry":{"type":"Point","coordinates":[5.3506652,44.1193527]},"properties":{"destination":"Col des Abeilles;Le Frelon|Col de la Frache;La Grand C\u00f4te|Sault;Jas Forest","hiking":"yes","information":"guidepost","mapillary":"5582385415137161","name":"Les Laouses","operator":"CD84","ref":"2194","tourism":"information","osm_id":5248558069,"@id":"node/5248558069"}},{"type":"Feature","id":"node/5248558070","geometry":{"type":"Point","coordinates":[5.3541042,44.1164052]},"properties":{"destination":"Col de la Frache;Les Laouses|Sault;Les Grayaux","hiking":"yes","information":"guidepost","mapillary":"483139676340712","name":"Jas Forest","operator":"CD84","ref":"2151","tourism":"information","osm_id":5248558070,"@id":"node/5248558070"}},{"type":"Feature","id":"node/5297639997","geometry":{"type":"Point","coordinates":[5.3735183,43.8890861]},"properties":{"information":"guidepost","mapillary":"948671902592288","tourism":"information","osm_id":5297639997,"@id":"node/5297639997"}},{"type":"Feature","id":"node/5297639998","geometry":{"type":"Point","coordinates":[5.3737153,43.8889605]},"properties":{"information":"guidepost","mapillary":"2826865294243262","tourism":"information","osm_id":5297639998,"@id":"node/5297639998"}},{"type":"Feature","id":"node/5403347632","geometry":{"type":"Point","coordinates":[4.8669991,44.100073]},"properties":{"destination":"Carpentras;Jonqui\u00e8res,Sarrians;Vaison-la-Romaine","information":"guidepost","mapillary":"4254721994561440","panoramax":"5eae11fc-0a55-45e3-8231-a1d03798b8cc","osm_id":5403347632,"@id":"node/5403347632"}},{"type":"Feature","id":"node/5403348326","geometry":{"type":"Point","coordinates":[4.8660455,44.1002518]},"properties":{"destination":"A7;Orange","information":"guidepost","mapillary":"1070247050163778","panoramax":"e5d4762d-603c-4a1e-aeb4-9560b887b364","osm_id":5403348326,"@id":"node/5403348326"}},{"type":"Feature","id":"node/5403353517","geometry":{"type":"Point","coordinates":[4.8663977,44.1004763]},"properties":{"destination":"Caderousse;Beaucastel;Le Gr\u00e8s","information":"guidepost","mapillary:2017":"1517854448385313","mapillary:2025":"3839834296306646","panoramax":"092899ba-b8e8-4299-a6ba-203c47d09bdd","ref":"D72","osm_id":5403353517,"@id":"node/5403353517"}},{"type":"Feature","id":"node/5403993555","geometry":{"type":"Point","coordinates":[4.8987604,44.1153334]},"properties":{"destination":"Ambulance Cathy","information":"guidepost","tourism":"information","osm_id":5403993555,"@id":"node/5403993555"}},{"type":"Feature","id":"node/5403998229","geometry":{"type":"Point","coordinates":[4.8989435,44.1153327]},"properties":{"destination":"La Poste;Le Cercle;Assurance","information":"guidepost","mapillary":"524561528951926","tourism":"information","osm_id":5403998229,"@id":"node/5403998229"}},{"type":"Feature","id":"node/5404426340","geometry":{"type":"Point","coordinates":[4.8495628,44.1128707]},"properties":{"destination":"Zone Coudoulet","direction":"110","information":"guidepost","mapillary":"3043071652592902","osm_id":5404426340,"@id":"node/5404426340"}},{"type":"Feature","id":"node/5404433581","geometry":{"type":"Point","coordinates":[4.8465109,44.1142802]},"properties":{"destination":"A7","information":"guidepost","mapillary":"297265411983764","osm_id":5404433581,"@id":"node/5404433581"}},{"type":"Feature","id":"node/5404979306","geometry":{"type":"Point","coordinates":[4.8376842,44.1188971]},"properties":{"destination":"Concessionnaires,-;-,H\u00f4tel IBIS","direction":"220","information":"guidepost","mapillary":"951355628935638","osm_id":5404979306,"@id":"node/5404979306"}},{"type":"Feature","id":"node/5409449025","geometry":{"type":"Point","coordinates":[4.8758642,44.1170106]},"properties":{"destination":"Courthezon","direction":"90","information":"guidepost","osm_id":5409449025,"@id":"node/5409449025"}},{"type":"Feature","id":"node/5409449026","geometry":{"type":"Point","coordinates":[4.8761502,44.1169456]},"properties":{"destination":"Toutes directions;Courthezon","direction":"270","information":"guidepost","mapillary":"937068687118587","osm_id":5409449026,"@id":"node/5409449026"}},{"type":"Feature","id":"node/5410169021","geometry":{"type":"Point","coordinates":[4.9165074,44.1066297]},"properties":{"destination":"Carpentras;Sarrians","direction":"40","information":"guidepost","mapillary":"306543741007253","osm_id":5410169021,"@id":"node/5410169021"}},{"type":"Feature","id":"node/5410169022","geometry":{"type":"Point","coordinates":[4.9158026,44.1065813]},"properties":{"destination":"A7;Orange;Avignon;Courthezon;Z.A. la Grange Blanche","direction":"220","information":"guidepost","mapillary":"383412249589993","osm_id":5410169022,"@id":"node/5410169022"}},{"type":"Feature","id":"node/5410169023","geometry":{"type":"Point","coordinates":[4.9158081,44.1066003]},"properties":{"destination":"Vaison La Romaine,Viol\u00e8s;Jonqui\u00e8res centre;ZI de Beauregard","direction":"330","information":"guidepost","mapillary":"383412249589993","osm_id":5410169023,"@id":"node/5410169023"}},{"type":"Feature","id":"node/5410956891","geometry":{"type":"Point","coordinates":[4.8008407,44.1561033]},"properties":{"destination":"A7-A9;Avignon","direction":"290","information":"guidepost","mapillary":"901399887376463","osm_id":5410956891,"@id":"node/5410956891"}},{"type":"Feature","id":"node/5410956892","geometry":{"type":"Point","coordinates":[4.8004263,44.1564796]},"properties":{"destination":"Valence;Gap","direction":"100","information":"guidepost","mapillary":"540771636934723","osm_id":5410956892,"@id":"node/5410956892"}},{"type":"Feature","id":"node/5410959964","geometry":{"type":"Point","coordinates":[4.8003616,44.1561746]},"properties":{"destination":"Crois Rouge;Le Jonquier","direction":"0","information":"guidepost","mapillary":"4140280182695329","osm_id":5410959964,"@id":"node/5410959964"}},{"type":"Feature","id":"node/5411727795","geometry":{"type":"Point","coordinates":[4.9160444,44.1059682]},"properties":{"destination":"A7;Orange;Avignon;Courthezon;Z.A. la Grange Blanche","direction":"220","information":"guidepost","mapillary":"957074708456597","panoramax":"2aa8806e-70cb-4fe9-a61a-b48b6c3a5472","osm_id":5411727795,"@id":"node/5411727795"}},{"type":"Feature","id":"node/5411727796","geometry":{"type":"Point","coordinates":[4.9160618,44.1059749]},"properties":{"destination":"Carpentras;Sarrians","direction":"60","information":"guidepost","mapillary":"832955817574987","panoramax":"b1a28703-e72f-4430-820b-ddc00c073c81","osm_id":5411727796,"@id":"node/5411727796"}},{"type":"Feature","id":"node/5411797283","geometry":{"type":"Point","coordinates":[4.8429801,44.1165431]},"properties":{"destination":"ZAC Porte Sud","direction":"100","information":"guidepost","mapillary":"836144550593944","osm_id":5411797283,"@id":"node/5411797283"}},{"type":"Feature","id":"node/5413131408","geometry":{"type":"Point","coordinates":[4.8405323,44.1217038]},"properties":{"destination":"Orange centre;Coll\u00e8ge Arausio,LP Argensol","direction":"280;70","information":"guidepost","mapillary":"161378555928147","osm_id":5413131408,"@id":"node/5413131408"}},{"type":"Feature","id":"node/5416819638","geometry":{"type":"Point","coordinates":[5.1564181,44.1598373]},"properties":{"destination":"Bramafam|Bedoin;Combe de l'Ase|Malauc\u00e8ne;Roucas di Pouares","hiking":"yes","information":"guidepost","name":"Combe obscure","operator":"CD84","ref":"1709","tourism":"information","osm_id":5416819638,"@id":"node/5416819638"}},{"type":"Feature","id":"node/5416940306","geometry":{"type":"Point","coordinates":[4.8508301,44.112225]},"properties":{"destination":"Jonqui\u00e8res;-;Livraison,Orange les Vignes","direction":"70","information":"guidepost","mapillary":"839765163281915","osm_id":5416940306,"@id":"node/5416940306"}},{"type":"Feature","id":"node/5420052955","geometry":{"type":"Point","coordinates":[5.4200092,44.1427004]},"properties":{"destination":"Aurel;Le Chassis|Aurel;Les Granges","hiking":"yes","information":"guidepost","name":"Rabaste","operator":"CD84","panoramax":"82453af0-806f-488e-b30f-a5ad2935f5ff;1e3d618f-2e96-4227-9080-8fa1cf870fcf","tourism":"information","osm_id":5420052955,"@id":"node/5420052955"}},{"type":"Feature","id":"node/5429611345","geometry":{"type":"Point","coordinates":[4.8066581,43.9450346]},"properties":{"information":"guidepost","mapillary":"466151918003457","tourism":"information","osm_id":5429611345,"@id":"node/5429611345"}},{"type":"Feature","id":"node/5433046948","geometry":{"type":"Point","coordinates":[5.1366502,44.2218548]},"properties":{"destination":"Entrechaux|Trois Rivi\u00e8res;Le Seguret|Le Crestet;Le Bosquet Est","hiking":"yes","information":"guidepost","name":"Puyberlie","operator":"CD84","panoramax":"f807f98e-9a98-4973-89b7-70a60087ab83","ref":"28275","tourism":"information","osm_id":5433046948,"@id":"node/5433046948"}},{"type":"Feature","id":"node/5433046949","geometry":{"type":"Point","coordinates":[5.1496334,44.2370862]},"properties":{"destination":"Entrechaux;St-Michel|Entrechaux;Pont du Moulin","hiking":"yes","information":"guidepost","name":"Les Trois Rivi\u00e8res","operator":"CD84","panoramax":"79324e3b-e098-4af8-8305-51b76a91add8","ref":"28264","tourism":"information","osm_id":5433046949,"@id":"node/5433046949"}},{"type":"Feature","id":"node/5433046950","geometry":{"type":"Point","coordinates":[5.1272987,44.2167329]},"properties":{"destination":"Vaillant;La Prieuresse Nord|Les Amarens;Les Flauzi\u00e8res|Entrechaux;Le Plan","hiking":"yes","information":"guidepost","name":"St-Laurent","operator":"CD84","panoramax":"968eb556-60b0-4cdc-bd63-090c43a736ca;41debfca-514e-4ea9-905b-28be4eefd9ed","ref":"29616","tourism":"information","osm_id":5433046950,"@id":"node/5433046950"}},{"type":"Feature","id":"node/5433046951","geometry":{"type":"Point","coordinates":[5.1225445,44.2114092]},"properties":{"destination":"Entrechaux;Les Flauzi\u00e8res|Les Amarens;La Folie","hiking":"yes","information":"guidepost","name":"Le Laquet","operator":"CD84","panoramax":"7784a11d-e971-4431-9f9e-b4291cd956b8","ref":"29606","tourism":"information","osm_id":5433046951,"@id":"node/5433046951"}},{"type":"Feature","id":"node/5433046957","geometry":{"type":"Point","coordinates":[5.1194663,44.1926939]},"properties":{"destination":"Entrechaux;La Madeleine Ouest","hiking":"yes","information":"guidepost","name":"Entrevon Sud","operator":"CD84","panoramax":"a31560ac-752b-4ac4-ae10-53d2dc560298","ref":"28216","tourism":"information","osm_id":5433046957,"@id":"node/5433046957"}},{"type":"Feature","id":"node/5433047013","geometry":{"type":"Point","coordinates":[5.1284902,44.2212685]},"properties":{"destination":"Entrechaux;Le Bosquet|Les Amarens;St-Laurent|Trois Rivi\u00e8res;Les Reyssasses","hiking":"yes","information":"guidepost","name":"Le Plan","operator":"CD84","panoramax":"0c73a079-0437-41ea-9d9a-cee90f264b4b;bb0ddfcb-059d-4ef9-91d6-48201e6bb1ad","ref":"28246","tourism":"information","osm_id":5433047013,"@id":"node/5433047013"}},{"type":"Feature","id":"node/5433343818","geometry":{"type":"Point","coordinates":[5.0142017,44.1909237]},"properties":{"destination":"La Font di fades|Sablet;Chapelle St-Roch|S\u00e9guret;La Jacquette","hiking":"yes","information":"guidepost","name":"Le Four \u00e0 Chaux","operator":"CD84","panoramax":"e85dd28e-5a10-47a3-b908-aeab9c72f7b4","ref":"769","tourism":"information","osm_id":5433343818,"@id":"node/5433343818"}},{"type":"Feature","id":"node/5433344206","geometry":{"type":"Point","coordinates":[5.0834486,44.2154305]},"properties":{"destination":"La Pousterle;Les Chastelas|Vieux Vaison;Les Fontaines|Le Crestet","hiking":"yes","information":"guidepost","name":"Les Faysses","operator":"CD84","panoramax":"3b12a70c-2301-4541-9205-d32c08776210","ref":"954","tourism":"information","osm_id":5433344206,"@id":"node/5433344206"}},{"type":"Feature","id":"node/5433344269","geometry":{"type":"Point","coordinates":[5.0723771,44.2226232]},"properties":{"destination":"Le Crestet;Les Faysses|Vaison;Derri\u00e8re le Ch\u00e2teau|La Pousterle;Coste Belle","hiking":"yes","information":"guidepost","mtb":"yes","name":"Les Fontaines","operator":"CD84","panoramax":"daec6912-83d7-4bc2-8e40-6e733224b3f8","ref":"939","tourism":"information","osm_id":5433344269,"@id":"node/5433344269"}},{"type":"Feature","id":"node/5433344270","geometry":{"type":"Point","coordinates":[5.0678106,44.2149066]},"properties":{"destination":"Vaison;Les Fontaines|La Pousterle;Barbanot|Vaison;Derri\u00e8re le Ch\u00e2teau","hiking":"yes","information":"guidepost","name":"Coste Belle","operator":"CD84","panoramax":"e282dc15-0190-4a03-999a-deb1a56a1ef7","ref":"734","tourism":"information","osm_id":5433344270,"@id":"node/5433344270"}},{"type":"Feature","id":"node/5433344297","geometry":{"type":"Point","coordinates":[5.0732401,44.2355373]},"properties":{"destination":"Sablet;Coste Belle|Vaison;Frigouli\u00e8re|Le Crestet;Les Fontaines","hiking":"yes","information":"guidepost","mtb":"yes","name":"Derri\u00e8re le Ch\u00e2teau","operator":"CD84","panoramax":"c0069729-f5e0-4717-82b0-5758b6ed8572","ref":"917","tourism":"information","osm_id":5433344297,"@id":"node/5433344297"}},{"type":"Feature","id":"node/5433344298","geometry":{"type":"Point","coordinates":[5.0729404,44.2363516]},"properties":{"destination":"Vaison;Vieux Vaison|Vaison;Vaison Pont Romain|Le Crestet-S\u00e9guret;Derri\u00e8re le Ch\u00e2teau","hiking":"yes","information":"guidepost","mtb":"yes","name":"Frigouli\u00e8re","operator":"CD84","panoramax":"6ca5c280-57ed-40e1-99a2-d950df143297;a60c4734-4fbf-4db6-a8ee-1d18f94dbe32","tourism":"information","osm_id":5433344298,"@id":"node/5433344298"}},{"type":"Feature","id":"node/5433344305","geometry":{"type":"Point","coordinates":[5.07495,44.2381609]},"properties":{"destination":"Le Crestet;Frigouli\u00e8re","hiking":"yes","information":"guidepost","mtb":"yes","name":"Vaison Pont Romain","operator":"CD84","panoramax":"d95432b5-ce7e-49b0-b0b8-0cae0492928d;01d5c9d4-9134-4c68-9577-fbf266b195b8","ref":"1061","tourism":"information","osm_id":5433344305,"@id":"node/5433344305"}},{"type":"Feature","id":"node/5433344308","geometry":{"type":"Point","coordinates":[5.0894219,44.2399422]},"properties":{"destination":"Vaison la Romaine;St Marcellin l\u00e8s Vaison;La Planchette;La Ramade","hiking":"yes","information":"guidepost","name":"Roche Double","operator":"CD84","panoramax":"dca3cb6a-aeb3-4451-8f64-fdfa150886e0","ref":"28378","tourism":"information","osm_id":5433344308,"@id":"node/5433344308"}},{"type":"Feature","id":"node/5433687535","geometry":{"type":"Point","coordinates":[5.1483527,44.1938803]},"properties":{"destination":"Saint L\u00e9ger;Bois Margaud|Malauc\u00e8ne;Route des Crottes","hiking":"yes","information":"guidepost","name":"Les Margaud","operator":"CD84","panoramax":"4ffd64d0-d965-4c0a-8df7-ae882435f035;33447e46-015f-4829-858b-e762e1b74f1a","ref":"1852","tourism":"information","osm_id":5433687535,"@id":"node/5433687535"}},{"type":"Feature","id":"node/5433687570","geometry":{"type":"Point","coordinates":[5.1417229,44.1757633]},"properties":{"destination":"Pont Vieux|Malauc\u00e8ne;Le Gr\u00e8s|Les Alazards;La Baume","hiking":"yes","information":"guidepost","name":"Le Gros Noyer","operator":"CD84","panoramax":"8c6648d2-3ae6-4a35-84ac-0f5dcaff5827;7848655c-9e20-4648-bcff-f191e541d907","ref":"1753","tourism":"information","osm_id":5433687570,"@id":"node/5433687570"}},{"type":"Feature","id":"node/5433687571","geometry":{"type":"Point","coordinates":[5.1394384,44.1773056]},"properties":{"destination":"St-Roch|Malauc\u00e8ne;Le Gr\u00e8s|Les Margaud","hiking":"yes","information":"guidepost","name":"Route des Crottes","operator":"CD84","panoramax":"abd7b8fa-92a0-48a7-b2e2-733e184d338d;cf7ffe06-898f-42a9-b27a-17adc48b9a2c","ref":"1824","tourism":"information","osm_id":5433687571,"@id":"node/5433687571"}},{"type":"Feature","id":"node/5433687572","geometry":{"type":"Point","coordinates":[5.138749,44.176528]},"properties":{"bicycle":"yes","destination":"Le Gros Noyer|Le Toulourenc;Route des Crottes|Malauc\u00e8ne","hiking":"yes","information":"guidepost","name":"Le Gr\u00e8s","operator":"CD84","panoramax":"5adcd506-c24d-4db6-970e-c34b9cb3217b;10c3d5f5-e631-4ab8-8ab3-cd66d0334891","ref":"1754","tourism":"information","osm_id":5433687572,"@id":"node/5433687572"}},{"type":"Feature","id":"node/5433687956","geometry":{"type":"Point","coordinates":[5.1154963,44.1841899]},"properties":{"destination":"Le Bosquet|Le Pont Rouge|Malauc\u00e8ne;Charombeau","hiking":"yes","information":"guidepost","name":"Les Guillomins","operator":"CD84","panoramax":"195c43bb-b647-4a72-b092-59e0c11374d5","ref":"630","tourism":"information","osm_id":5433687956,"@id":"node/5433687956"}},{"type":"Feature","id":"node/5433687957","geometry":{"type":"Point","coordinates":[5.1191009,44.1691803]},"properties":{"destination":"Malauc\u00e8ne;Col de Ronin|Le Pont Rouge;Charombeau|Les Issards|Le Barroux;Saint Michel","hiking":"yes","information":"guidepost","name":"Champ Renier","operator":"CD84","panoramax":"883a808b-0fdb-454f-a99e-1b0ab51332cb","ref":"467","tourism":"information","osm_id":5433687957,"@id":"node/5433687957"}},{"type":"Feature","id":"node/5433687961","geometry":{"type":"Point","coordinates":[5.1185226,44.1721888]},"properties":{"destination":"La Pousterle;La Chaine|Champ Renier|Malauc\u00e8ne;Col de Ronin|Le Pont Rouge;Les Guillomins","hiking":"yes","information":"guidepost","mtb":"yes","name":"Charombeau","operator":"CD84","panoramax":"e8ca4f15-511a-4572-a41c-1d20bc3f22ac","ref":"468","tourism":"information","osm_id":5433687961,"@id":"node/5433687961"}},{"type":"Feature","id":"node/5433687970","geometry":{"type":"Point","coordinates":[5.1251442,44.171139]},"properties":{"destination":"Malauc\u00e8ne|La Pousterle;Charombeau|Champ Renier","hiking":"yes","information":"guidepost","mtb":"yes","name":"Col de Ronin","operator":"CD84","panoramax":"8c44856e-8550-4e5c-a646-4151a1d1b530;1caa4079-0bdc-437d-8963-57895ea0e956","ref":"623","tourism":"information","osm_id":5433687970,"@id":"node/5433687970"}},{"type":"Feature","id":"node/5433687971","geometry":{"type":"Point","coordinates":[5.1255546,44.1597945]},"properties":{"destination":"Le Barroux;Font de Pertus|Le pont pouge;Champ Renier|Malauc\u00e8ne;Le Paradou","hiking":"yes","information":"guidepost","name":"Saint Michel","operator":"CD84","panoramax":"2ae30e54-2600-45ff-9d70-445367f4214d","ref":"464","tourism":"information","osm_id":5433687971,"@id":"node/5433687971"}},{"type":"Feature","id":"node/5433688126","geometry":{"type":"Point","coordinates":[5.1018083,44.1486565]},"properties":{"destination":"Malauc\u00e8ne;Font de Pertus|La Pousterle;Bois Long|Le Barroux;Les Plantiers","hiking":"yes","information":"guidepost","mapillary":"821247742107044;3512849685482491;675001171516685;648027484449312","name":"Les Grands Terres","operator":"CD84","ref":"399","tourism":"information","osm_id":5433688126,"@id":"node/5433688126"}},{"type":"Feature","id":"node/5433688137","geometry":{"type":"Point","coordinates":[5.1015019,44.1381397]},"properties":{"destination":"Malauc\u00e8ne;Rocher de Talon","hiking":"yes","information":"guidepost","mtb":"yes","name":"Le Barroux","operator":"CD84","panoramax":"576cbc53-0980-4b33-8821-b5933ca60082;929100b8-d8cc-4755-90e9-4157fb0aaf22","ref":"30812","tourism":"information","osm_id":5433688137,"@id":"node/5433688137"}},{"type":"Feature","id":"node/5433688170","geometry":{"type":"Point","coordinates":[5.0982182,44.1383418]},"properties":{"destination":"La Roque Alric;La Lause|Beaumes de Venise;Pi\u00e9 Laugier","hiking":"yes","information":"guidepost","name":"Ch\u00e2teau du Barroux","operator":"CD84","panoramax":"f342160a-fdd1-4142-b999-f1f0f8398596;92c1c972-80b4-4a7d-aea8-3098cb4e4c60","ref":"325","tourism":"information","osm_id":5433688170,"@id":"node/5433688170"}},{"type":"Feature","id":"node/5433688189","geometry":{"type":"Point","coordinates":[5.0960007,44.1455839]},"properties":{"destination":"Le Barroux;La Lause|Rabassi\u00e8res|Malauc\u00e8ne;Les Grands Terres","hiking":"yes","information":"guidepost","name":"Les Plantiers","operator":"CD84","panoramax":"263cc5d1-8b89-4e0c-a9bd-3fa4cd3b288a;bfee2df9-e521-4b1f-8b1e-40c8dad7f9d1","ref":"327","tourism":"information","osm_id":5433688189,"@id":"node/5433688189"}},{"type":"Feature","id":"node/5433688211","geometry":{"type":"Point","coordinates":[5.0953671,44.1439083]},"properties":{"destination":"Malauc\u00e8ne;Les Plantiers|Ch\u00e2teau du Barroux|La Roque Alric;Serre de Saint-Michel","hiking":"yes","information":"guidepost","name":"La Lause","operator":"CD84","panoramax":"ee7bdf7f-1684-43a2-8c90-9d44db1fdbef;d35d5dbf-d8dc-4cdb-a4ed-cd56db58e97d","ref":"331","tourism":"information","osm_id":5433688211,"@id":"node/5433688211"}},{"type":"Feature","id":"node/5433688373","geometry":{"type":"Point","coordinates":[5.0619098,44.1415077]},"properties":{"destination":"Beaumes-de-Venise;La Galini\u00e8re|Le Barroux;Serre de Saint-Michel|Lafare;Les M\u00f4les","hiking":"yes","information":"guidepost","mtb":"yes","name":"Les Esplantades","operator":"CD84","panoramax":"d4bafdd2-f041-4b05-9341-1d125ec5a335;5c5a75ff-d22e-4b11-b286-f71672cd9c97;8f15912a-4069-4e9d-8ef9-ad64df6667b2","ref":"356","tourism":"information","osm_id":5433688373,"@id":"node/5433688373"}},{"type":"Feature","id":"node/5433688375","geometry":{"type":"Point","coordinates":[5.0669879,44.1430721]},"properties":{"destination":"Saint Hippolyte;Le Pontillard|Le Barroux;La Lause|Lafare;Les Esplantades","hiking":"yes","information":"guidepost","name":"Serre de Saint-Michel","operator":"CD84","panoramax":"57208096-a347-4e78-b7bb-3089505d9cb8;3ddfb84b-571e-4089-a6d1-23ae935143f2;25f89eb9-c6a3-4923-96d3-0f93eab9c00c","ref":"362","tourism":"information","osm_id":5433688375,"@id":"node/5433688375"}},{"type":"Feature","id":"node/5433688381","geometry":{"type":"Point","coordinates":[5.0642601,44.1453385]},"properties":{"destination":"La Pousterle;Suze|Lafare;Lafare Mairie|Beaumes de Venise;Les Esplantades","hiking":"yes","information":"guidepost","mapillary":"1103382193480821","name":"Les M\u00f4les","operator":"CD84","ref":"523","tourism":"information","osm_id":5433688381,"@id":"node/5433688381"}},{"type":"Feature","id":"node/5434095266","geometry":{"type":"Point","coordinates":[4.805888,44.1346718]},"properties":{"destination":"Avignon,Carpentras;Ch\u00e2teauneuf-du-Pape;Parking Palais des Pirnces souterrain,Th\u00e9\u00e2tre antique","direction":"60","information":"guidepost","mapillary":"274716431062757","panoramax":"ca8c6ede-3092-4e85-9452-5e0fc0ec7f34","osm_id":5434095266,"@id":"node/5434095266"}},{"type":"Feature","id":"node/5434176235","geometry":{"type":"Point","coordinates":[4.8056897,43.9451824]},"properties":{"information":"guidepost","mapillary":"323963672690036","tourism":"information","osm_id":5434176235,"@id":"node/5434176235"}},{"type":"Feature","id":"node/5434176236","geometry":{"type":"Point","coordinates":[4.8056763,43.9452022]},"properties":{"information":"guidepost","mapillary":"323963672690036","tourism":"information","osm_id":5434176236,"@id":"node/5434176236"}},{"type":"Feature","id":"node/5434998699","geometry":{"type":"Point","coordinates":[5.3463473,44.1689584]},"properties":{"destination":"La Tune;Fonfroide|Lestellier|Brantes;Les Tatines","hiking":"yes","information":"guidepost","name":"Chante-Loube","operator":"CD84","ref":"2395","tourism":"information","osm_id":5434998699,"@id":"node/5434998699"}},{"type":"Feature","id":"node/5434998700","geometry":{"type":"Point","coordinates":[5.2544669,44.1986739]},"properties":{"hiking":"yes","information":"guidepost","name":"L'Arjalas","operator":"CD84","ref":"1914","tourism":"information","osm_id":5434998700,"@id":"node/5434998700"}},{"type":"Feature","id":"node/5446659351","geometry":{"type":"Point","coordinates":[4.8139721,44.1384012]},"properties":{"destination":"A7-A9; Gare SNCF;Centre ville;Toutes directions;Office de tourisme","direction":"240","information":"guidepost","mapillary":"308993777489231","panoramax":"ceadd968-7750-46e5-a98a-020217f3cd01","osm_id":5446659351,"@id":"node/5446659351"}},{"type":"Feature","id":"node/5448942323","geometry":{"type":"Point","coordinates":[4.8309434,44.1319743]},"properties":{"destination":"Stade Balmin;Gymnase Argensol;L.P. Argensol;Coll\u00e8ge Arausio","direction":"290","information":"guidepost","mapillary":"318104606341070","osm_id":5448942323,"@id":"node/5448942323"}},{"type":"Feature","id":"node/5448942324","geometry":{"type":"Point","coordinates":[4.8310708,44.1318805]},"properties":{"destination":"Zone industrielle","direction":"200","information":"guidepost","mapillary":"216080016559453","osm_id":5448942324,"@id":"node/5448942324"}},{"type":"Feature","id":"node/5450629693","geometry":{"type":"Point","coordinates":[5.097219,43.8349099]},"properties":{"destination":"Robion;Boulon|Vidauque;Gorge de Badarel","hiking":"yes","information":"guidepost","mapillary":"464779474806305","mtb":"yes","name":"Les Taillades","operator":"CD84","ref":"3997","tourism":"information","osm_id":5450629693,"@id":"node/5450629693"}},{"type":"Feature","id":"node/5452267173","geometry":{"type":"Point","coordinates":[4.7974715,44.1592793]},"properties":{"information":"guidepost","mapillary":"316067623523771","osm_id":5452267173,"@id":"node/5452267173"}},{"type":"Feature","id":"node/5518708840","geometry":{"type":"Point","coordinates":[5.1331553,44.2224622]},"properties":{"destination":"Les Amarens;Le Bosquet|Entrechaux;Puyberlie|Le Crestet;Les Reyssasses","hiking":"yes","information":"guidepost","mapillary":"1683598491812041","name":"Le Bosquet Est","operator":"CD84","ref":"28257","tourism":"information","osm_id":5518708840,"@id":"node/5518708840"}},{"type":"Feature","id":"node/5518708852","geometry":{"type":"Point","coordinates":[5.130581,44.2233027]},"properties":{"destination":"Le Crestet;Roche Gali\u00e8re|Les Amarens;Le Plan|Entrechaux;Le Bosquet Est|Trois Rivi\u00e8res;Pont du Moulin","hiking":"yes","information":"guidepost","mapillary":"318378666566716","name":"Les Reyssasses","operator":"CD84","ref":"28258","tourism":"information","osm_id":5518708852,"@id":"node/5518708852"}},{"type":"Feature","id":"node/5518708862","geometry":{"type":"Point","coordinates":[5.1183754,44.218922]},"properties":{"destination":"Entrechaux;Les Reyssasses|Le Crestet;Piolard","hiking":"yes","information":"guidepost","mapillary":"828253464754784","name":"Roche Gali\u00e8re","operator":"CD84","ref":"30905","tourism":"information","osm_id":5518708862,"@id":"node/5518708862"}},{"type":"Feature","id":"node/5518708863","geometry":{"type":"Point","coordinates":[5.1218518,44.2150407]},"properties":{"destination":"Les Amarens;Le Laquet|Entrechaux;St-Laurent","hiking":"yes","information":"guidepost","mapillary":"199912851960293","name":"Les Flauzi\u00e8res","operator":"CD84","ref":"29605","tourism":"information","osm_id":5518708863,"@id":"node/5518708863"}},{"type":"Feature","id":"node/5518708873","geometry":{"type":"Point","coordinates":[5.1290032,44.2170515]},"properties":{"destination":"Vaillant;La Prieuresse|Les Amarens;St-Laurent","hiking":"yes","information":"guidepost","mapillary":"779234809433562","name":"La Prieuresse Nord","operator":"CD84","ref":"28235","tourism":"information","osm_id":5518708873,"@id":"node/5518708873"}},{"type":"Feature","id":"node/5518708876","geometry":{"type":"Point","coordinates":[5.1288403,44.2089166]},"properties":{"destination":"Les Amarens;La Prieuresse|Collet de Vaillant","hiking":"yes","information":"guidepost","mapillary":"1220741525007118","name":"Le Dev\u00e8s","operator":"CD84","ref":"28224","tourism":"information","osm_id":5518708876,"@id":"node/5518708876"}},{"type":"Feature","id":"node/5518708877","geometry":{"type":"Point","coordinates":[5.1261822,44.2021889]},"properties":{"destination":"Entrechaux;Tales|La Madeleine Ouest|Les Amarens;Le Dev\u00e8s","hiking":"yes","information":"guidepost","mapillary":"167813028604589","name":"Collet de Vaillant","operator":"CD84","ref":"28226","tourism":"information","osm_id":5518708877,"@id":"node/5518708877"}},{"type":"Feature","id":"node/5518708891","geometry":{"type":"Point","coordinates":[5.1417772,44.2090146]},"properties":{"destination":"Collet de Vaillant|Entrechaux;Cimeti\u00e8re d'Entrechaux","hiking":"yes","information":"guidepost","mapillary":"2605049253131862","name":"Tales","operator":"CD84","ref":"29597","tourism":"information","osm_id":5518708891,"@id":"node/5518708891"}},{"type":"Feature","id":"node/5518708899","geometry":{"type":"Point","coordinates":[5.1434825,44.2126228]},"properties":{"destination":"St-Andr\u00e9|Tales","hiking":"yes","information":"guidepost","mapillary":"586734938872959","name":"Cimeti\u00e8re d'Entrechaux","operator":"CD84","ref":"29594","tourism":"information","osm_id":5518708899,"@id":"node/5518708899"}},{"type":"Feature","id":"node/5518708900","geometry":{"type":"Point","coordinates":[5.1444782,44.217312]},"properties":{"destination":"Cimeti\u00e8re d'Entrechaux|Le Traversier","hiking":"yes","information":"guidepost","mapillary":"288169819668062","name":"St-Andr\u00e9","operator":"CD84","ref":"29582","tourism":"information","osm_id":5518708900,"@id":"node/5518708900"}},{"type":"Feature","id":"node/5518708901","geometry":{"type":"Point","coordinates":[5.1443431,44.2199189]},"properties":{"destination":"St-Andr\u00e9|Notre Dame","hiking":"yes","information":"guidepost","mapillary":"524224685436350","name":"Le Traversier","operator":"CD84","ref":"29590","tourism":"information","osm_id":5518708901,"@id":"node/5518708901"}},{"type":"Feature","id":"node/5518709125","geometry":{"type":"Point","coordinates":[5.1481555,44.2212637]},"properties":{"destination":"La Braysse|Chapelle St Andr\u00e9;Le Traversier","hiking":"yes","information":"guidepost","mapillary":"1416870172020046","name":"Notre Dame","operator":"CD84","ref":"29586","tourism":"information","osm_id":5518709125,"@id":"node/5518709125"}},{"type":"Feature","id":"node/5518709126","geometry":{"type":"Point","coordinates":[5.1455236,44.2228961]},"properties":{"destination":"St-Michel|Chapelle St Andr\u00e9;Notre Dame","hiking":"yes","information":"guidepost","mapillary":"317310433119747","name":"La Braysse","operator":"CD84","ref":"29583","tourism":"information","osm_id":5518709126,"@id":"node/5518709126"}},{"type":"Feature","id":"node/5518709127","geometry":{"type":"Point","coordinates":[5.1429534,44.227686]},"properties":{"destination":"Entrechaux;Le Seguret|Chapelle St Andr\u00e9;La Braysse|Les Trois Rivi\u00e8res","hiking":"yes","information":"guidepost","mapillary":"490103125651735","name":"St-Michel","operator":"CD84","ref":"28250","tourism":"information","osm_id":5518709127,"@id":"node/5518709127"}},{"type":"Feature","id":"node/5518742468","geometry":{"type":"Point","coordinates":[5.1337688,44.1732519]},"properties":{"destination":"Le Groseau;Le Paradou|Col de Ronin|Le Gr\u00e8s","hiking":"yes","information":"guidepost","mapillary":"909184876325612;440277554919170;220651422869875&x=0.69&y=0.41&zoom=0.78","name":"Malauc\u00e8ne","operator":"CD84","ref":"1763","tourism":"information","osm_id":5518742468,"@id":"node/5518742468"}},{"type":"Feature","id":"node/5518742473","geometry":{"type":"Point","coordinates":[5.1120134,44.2084061]},"properties":{"destination":"Entrechaux;La Folie","hiking":"yes","information":"guidepost","mapillary":"515569632792597","name":"Le Plan des Amarens","operator":"CD84","tourism":"information","osm_id":5518742473,"@id":"node/5518742473"}},{"type":"Feature","id":"node/5518742478","geometry":{"type":"Point","coordinates":[5.1166872,44.2119821]},"properties":{"destination":"Le Plan des Amarens|Entrechaux;Le Laquet","hiking":"yes","information":"guidepost","mapillary":"543035040019189","name":"La Folie","operator":"CD84","tourism":"information","osm_id":5518742478,"@id":"node/5518742478"}},{"type":"Feature","id":"node/5520482887","geometry":{"type":"Point","coordinates":[5.0849231,44.2143919]},"properties":{"destination":"Entrechaux;Piolard|Les Faysses|La Pousterle;Le Veran","hiking":"yes","information":"guidepost","mapillary":"2870871449846939","name":"Le Crestet","operator":"CD84","ref":"950","tourism":"information","osm_id":5520482887,"@id":"node/5520482887"}},{"type":"Feature","id":"node/5520482916","geometry":{"type":"Point","coordinates":[5.0719218,44.1920172]},"properties":{"destination":"Le Crestet;Font du Pommier|Le Crestet;La Verri\u00e8re|Lafare;Les Pradas|Malauc\u00e8ne;La Pousterle","hiking":"yes","information":"guidepost","mapillary":"521747269198024;900910110453838;264733725083741;297820165300437;479306083284193;153303856805350","mtb":"yes","name":"Les Cypr\u00e8s des Ev\u00eaques","operator":"CD84","ref":"227","tourism":"information","osm_id":5520482916,"@id":"node/5520482916"}},{"type":"Feature","id":"node/5520484286","geometry":{"type":"Point","coordinates":[5.0974088,44.167372]},"properties":{"destination":"Malauc\u00e8ne;Champ Renier|Le Barroux;Bois Long|La Pousterle;La Chaine","hiking":"yes","information":"guidepost","mapillary":"3026007277683319","name":"Les Issards","operator":"CD84","ref":"581","tourism":"information","osm_id":5520484286,"@id":"node/5520484286"}},{"type":"Feature","id":"node/5523126609","geometry":{"type":"Point","coordinates":[5.0199245,44.1523785]},"properties":{"destination":"Col du Cayron|Beaumes de Venise;Sourias","hiking":"yes","information":"guidepost","mapillary":"310883120629249","mtb":"yes","name":"Col d'Alsau","operator":"CD84","ref":"1016","tourism":"information","osm_id":5523126609,"@id":"node/5523126609"}},{"type":"Feature","id":"node/5523126618","geometry":{"type":"Point","coordinates":[5.0545914,44.1731302]},"properties":{"destination":"Crestet;Les Pradas|Suzette;La Bori|Lafare;Chapelle St Christophe","hiking":"yes","information":"guidepost","mapillary":"902332743661622","mtb":"yes","name":"Ch\u00e2teau-Neuf-Redortier","operator":"CD84","ref":"256","tourism":"information","osm_id":5523126618,"@id":"node/5523126618"}},{"type":"Feature","id":"node/5523127839","geometry":{"type":"Point","coordinates":[5.0546376,44.1796769]},"properties":{"destination":"Lafare;Ch\u00e2teau-Neuf-Redortier|Suzette;Les Clapas|Le Crestet;Les Cypr\u00e8s des Ev\u00eaques","hiking":"yes","information":"guidepost","mapillary":"478201016766250","mtb":"yes","name":"Les Pradas","operator":"CD84","ref":"254","tourism":"information","osm_id":5523127839,"@id":"node/5523127839"}},{"type":"Feature","id":"node/5523127850","geometry":{"type":"Point","coordinates":[5.0571281,44.2352447]},"properties":{"destination":"S\u00e9guret-Roaix;Les Roussillons","hiking":"yes","information":"guidepost","mapillary":"285372009902753","name":"Cimeti\u00e8re Ste-Catherine","operator":"CD84","ref":"894","tourism":"information","osm_id":5523127850,"@id":"node/5523127850"}},{"type":"Feature","id":"node/5527908528","geometry":{"type":"Point","coordinates":[5.0705438,44.2388925]},"properties":{"destination":"Le Crestet;Frigouli\u00e8re","hiking":"yes","information":"guidepost","mapillary":"243197134246179;4084516524917036;2817182435165155","name":"Vieux Vaison","operator":"CD84","tourism":"information","osm_id":5527908528,"@id":"node/5527908528"}},{"type":"Feature","id":"node/5527908572","geometry":{"type":"Point","coordinates":[5.0241352,44.2038885]},"properties":{"destination":"Sablet;La Jacquette|Vaison;Le Terron|Constant","hiking":"yes","information":"guidepost","mapillary":"176616071019388","name":"La Grand Font","operator":"CD84","ref":"778","tourism":"information","osm_id":5527908572,"@id":"node/5527908572"}},{"type":"Feature","id":"node/5527908614","geometry":{"type":"Point","coordinates":[5.022541,44.1926572]},"properties":{"destination":"Sablet;Le Four \u00e0 Chaux|S\u00e9guret;La Grand Font|La Font di fades","hiking":"yes","information":"guidepost","mapillary":"284011630046439","name":"La Jacquette","operator":"CD84","ref":"762","tourism":"information","osm_id":5527908614,"@id":"node/5527908614"}},{"type":"Feature","id":"node/5527908722","geometry":{"type":"Point","coordinates":[5.0241523,44.184075]},"properties":{"destination":"Sablet;Le Four \u00e0 Chaux|S\u00e9guret;La Jacquette|Dindoulette","hiking":"yes","information":"guidepost","mapillary":"1017231722363281;767906227230962;948435492582847","name":"La Font di fades","operator":"CD84","ref":"756","tourism":"information","osm_id":5527908722,"@id":"node/5527908722"}},{"type":"Feature","id":"node/5527908734","geometry":{"type":"Point","coordinates":[5.0409959,44.1910725]},"properties":{"destination":"Pr\u00e9bayon|Sablet;Dindoulette|Vaison;Les Planes","hiking":"yes","information":"guidepost","mapillary":"851569462100164;182559620314361;2045903832207965","name":"C\u00f4te Chaude","operator":"CD84","ref":"737","tourism":"information","osm_id":5527908734,"@id":"node/5527908734"}},{"type":"Feature","id":"node/5527908735","geometry":{"type":"Point","coordinates":[5.0391908,44.1899734]},"properties":{"destination":"Sablet;La Font di fades|S\u00e9guret;Constant|Vaison;C\u00f4te Chaude","hiking":"yes","information":"guidepost","mapillary":"296678465377739;1392483417802756;171765281430157;784442068720585","name":"Dindoulette","operator":"CD84","ref":"741","tourism":"information","osm_id":5527908735,"@id":"node/5527908735"}},{"type":"Feature","id":"node/5527908736","geometry":{"type":"Point","coordinates":[5.0392646,44.1900128]},"properties":{"hiking":"yes","information":"guidepost","mapillary":"499247518092134","tourism":"information","osm_id":5527908736,"@id":"node/5527908736"}},{"type":"Feature","id":"node/5527908793","geometry":{"type":"Point","coordinates":[5.0269914,44.203631]},"properties":{"destination":"Dindoulette|S\u00e9guret;La Grand Font|Roaix;Le Terron","hiking":"yes","information":"guidepost","mapillary":"516357209800333","name":"Constant","operator":"CD84","ref":"752","tourism":"information","osm_id":5527908793,"@id":"node/5527908793"}},{"type":"Feature","id":"node/5527908806","geometry":{"type":"Point","coordinates":[5.0283751,44.2078509]},"properties":{"bicycle":"yes","destination":"Constant|S\u00e9guret;La Grand Font|Vaison - Roaix;Le Besson","hiking":"yes","information":"guidepost","mapillary":"4079065632154846","name":"Le Terron","operator":"CD84","ref":"793","tourism":"information","osm_id":5527908806,"@id":"node/5527908806"}},{"type":"Feature","id":"node/5531400805","geometry":{"type":"Point","coordinates":[5.066029,44.2047285]},"properties":{"destination":"Vieux Vaison;Barbanot|La Pousterle;Croix de la Verri\u00e8re","hiking":"yes","information":"guidepost","mapillary":"2841593226151274","name":"Le Laquet","operator":"CD84","ref":"694","tourism":"information","osm_id":5531400805,"@id":"node/5531400805"}},{"type":"Feature","id":"node/5531400806","geometry":{"type":"Point","coordinates":[5.0663086,44.2138911]},"properties":{"destination":"Sablet;Grand Alizier|Vaison;Coste Belle|La Pousterle;Le Laquet","hiking":"yes","information":"guidepost","mapillary":"571611393807124","name":"Barbanot","operator":"CD84","ref":"732","tourism":"information","osm_id":5531400806,"@id":"node/5531400806"}},{"type":"Feature","id":"node/5531400811","geometry":{"type":"Point","coordinates":[5.0597392,44.1997801]},"properties":{"destination":"Barbanot|La Grande Montagne Ouest","hiking":"yes","information":"guidepost","mapillary":"491271888820599","name":"Grand Alizier","operator":"CD84","ref":"4183","tourism":"information","osm_id":5531400811,"@id":"node/5531400811"}},{"type":"Feature","id":"node/5531404320","geometry":{"type":"Point","coordinates":[5.0555798,44.1987619]},"properties":{"destination":"La Grande Montagne|Grand Alizier","hiking":"yes","information":"guidepost","mapillary":"294851492279035;1184705761991237;4032596660165256","name":"La Grande Montagne Ouest","operator":"CD84","ref":"30642","tourism":"information","osm_id":5531404320,"@id":"node/5531404320"}},{"type":"Feature","id":"node/5531404426","geometry":{"type":"Point","coordinates":[5.057918,44.1967745]},"properties":{"destination":"Les Planes|Malauc\u00e8ne;La Verri\u00e8re|Sablet;Pr\u00e9bayon|La Grande Montagne Ouest","hiking":"yes","information":"guidepost","mapillary":"1186911821730985;312075103842550;1044342409429096;1115672828944239;1074182036441214","name":"La Grande Montagne","operator":"CD84","tourism":"information","osm_id":5531404426,"@id":"node/5531404426"}},{"type":"Feature","id":"node/5531404427","geometry":{"type":"Point","coordinates":[5.0555181,44.1923346]},"properties":{"destination":"Sablet;C\u00f4te Chaude|Vaison;La Grande Montagne","hiking":"yes","information":"guidepost","mapillary":"819347645673205;169174851788793","name":"Pr\u00e9bayon","operator":"CD84","ref":"736","tourism":"information","osm_id":5531404427,"@id":"node/5531404427"}},{"type":"Feature","id":"node/5531404434","geometry":{"type":"Point","coordinates":[5.0500175,44.197386]},"properties":{"destination":"Sablet;C\u00f4te Chaude|Roy\u00e8re Sourde|La Grande Montagne","hiking":"yes","information":"guidepost","mapillary":"1457134037958707;1615599661971535;237246668164649;3815348465180628;825028061765427","mtb":"yes","name":"Les Planes","operator":"CD84","ref":"713","tourism":"information","osm_id":5531404434,"@id":"node/5531404434"}},{"type":"Feature","id":"node/5531404443","geometry":{"type":"Point","coordinates":[5.0440013,44.2048467]},"properties":{"destination":"Mourchon|Vaison;Pi\u00e8 Servi\u00e9|Les Planes","hiking":"yes","information":"guidepost","mapillary":"819142902356281","mtb":"yes","name":"Roy\u00e8re Sourde","operator":"CD84","ref":"707","tourism":"information","osm_id":5531404443,"@id":"node/5531404443"}},{"type":"Feature","id":"node/5531404444","geometry":{"type":"Point","coordinates":[5.0448114,44.2074299]},"properties":{"destination":"Roy\u00e8re Sourde|Vaison;Sainte-Catherine|Saint Siffren","hiking":"yes","information":"guidepost","mapillary":"526613008341644;310455207122897;3019042115085428","mtb":"yes","name":"Pi\u00e8 Servi\u00e9","operator":"CD84","tourism":"information","osm_id":5531404444,"@id":"node/5531404444"}},{"type":"Feature","id":"node/5531404466","geometry":{"type":"Point","coordinates":[5.0401745,44.2166267]},"properties":{"destination":"Pi\u00e8 Servi\u00e9|S\u00e9guret;Mourchon|Vaison;Sainte-Catherine","hiking":"yes","information":"guidepost","mapillary":"148927880468370;900246800822256;509508770178184;806969160211828","name":"Saint Siffren","operator":"CD84","ref":"837","tourism":"information","osm_id":5531404466,"@id":"node/5531404466"}},{"type":"Feature","id":"node/5531404478","geometry":{"type":"Point","coordinates":[5.0337141,44.214973]},"properties":{"bicycle":"yes","destination":"Roy\u00e8re Sourde|S\u00e9guret;Le Besson|Vaison;Saint Siffren","hiking":"yes","information":"guidepost","mapillary":"370235127756703","name":"Mourchon","operator":"CD84","ref":"822","tourism":"information","osm_id":5531404478,"@id":"node/5531404478"}},{"type":"Feature","id":"node/5531404479","geometry":{"type":"Point","coordinates":[5.0309638,44.2144758]},"properties":{"destination":"Roaix;Aubusson|S\u00e9guret;Le Terron|Vaison;Mourchon","hiking":"yes","information":"guidepost","mapillary":"1005617296846960;487480858975403;475342447052272","mtb":"yes","name":"Le Besson","operator":"CD84","ref":"818","tourism":"information","osm_id":5531404479,"@id":"node/5531404479"}},{"type":"Feature","id":"node/5531404486","geometry":{"type":"Point","coordinates":[5.0267219,44.2177734]},"properties":{"destination":"N-D d'Aubusson|Roaix;Saint-Just|S\u00e9guret;Le Besson","hiking":"yes","information":"guidepost","mapillary":"267803628465801","name":"Aubusson","operator":"CD84","ref":"843","tourism":"information","osm_id":5531404486,"@id":"node/5531404486"}},{"type":"Feature","id":"node/5534079844","geometry":{"type":"Point","coordinates":[5.1264598,44.1802713]},"properties":{"destination":"Le Pont Rouge;Les Guillomins","hiking":"yes","information":"guidepost","mapillary":"312509217104027","name":"Le Bosquet","operator":"CD84","tourism":"information","osm_id":5534079844,"@id":"node/5534079844"}},{"type":"Feature","id":"node/5534462915","geometry":{"type":"Point","coordinates":[5.2204914,44.1727397]},"properties":{"destination":"Collet Rouge|Le Belv\u00e9d\u00e8re;Les Rams|Col du Comte;Valat de Mont Serein","hiking":"yes","information":"guidepost","mapillary":"581325266125980","name":"Les Pr\u00e9s de Michel","operator":"CD84","tourism":"information","osm_id":5534462915,"@id":"node/5534462915"}},{"type":"Feature","id":"node/5534463327","geometry":{"type":"Point","coordinates":[5.2014913,44.1709404]},"properties":{"destination":"Les Rams|Bedoin;Les Ramayettes","hiking":"yes","information":"guidepost","mapillary":"264477498756405","name":"Le Belv\u00e9d\u00e8re","operator":"CD84","tourism":"information","osm_id":5534463327,"@id":"node/5534463327"}},{"type":"Feature","id":"node/5534463347","geometry":{"type":"Point","coordinates":[5.1800785,44.1700569]},"properties":{"destination":"Les Alazards;Chapelle St-Sidoine|Beaumont du Ventoux;Commentige|Bramafam","hiking":"yes","information":"guidepost","mapillary":"793043088013192","name":"Le Sueil","operator":"CD84","ref":"1879","tourism":"information","osm_id":5534463347,"@id":"node/5534463347"}},{"type":"Feature","id":"node/5551122026","geometry":{"type":"Point","coordinates":[5.007982,44.1908532]},"properties":{"destination":"S\u00e9guret;Le Four \u00e0 Chaux","hiking":"yes","information":"guidepost","mapillary":"397551817939254;385459832777134;530170464814439","name":"Chapelle St-Roch","operator":"CD84","ref":"770","tourism":"information","osm_id":5551122026,"@id":"node/5551122026"}},{"type":"Feature","id":"node/5585942392","geometry":{"type":"Point","coordinates":[5.4785896,43.8385907]},"properties":{"destination":"St-Martin de Castillon;Les Gaudins|Auribeau;Aire L. Peysson|Le Mourre N\u00e8gre;Marauvi\u00e8re","hiking":"yes","information":"guidepost","mapillary":"934750620424600","name":"Castellet","operator":"CD84","tourism":"information","osm_id":5585942392,"@id":"node/5585942392"}},{"type":"Feature","id":"node/5585942395","geometry":{"type":"Point","coordinates":[5.3924618,44.1421386]},"properties":{"destination":"La Tune;Les Caussets|Aurel;Le Collet Blanc","hiking":"yes","information":"guidepost","name":"Jas de Reilhanette","operator":"CD84","ref":"29299","tourism":"information","osm_id":5585942395,"@id":"node/5585942395"}},{"type":"Feature","id":"node/5586109892","geometry":{"type":"Point","coordinates":[5.4472728,43.8805783]},"properties":{"destination":"Rustrel;Les Blaces|Apt;Le Fangas Est|Caseneuve;Le Vignal","hiking":"yes","information":"guidepost","name":"Rablassin","operator":"CD84","ref":"23876","tourism":"information","osm_id":5586109892,"@id":"node/5586109892"}},{"type":"Feature","id":"node/5586109893","geometry":{"type":"Point","coordinates":[5.4456488,43.8788313]},"properties":{"hiking":"yes","information":"guidepost","name":"Le Fangas Est","operator":"CD84","ref":"23900","tourism":"information","osm_id":5586109893,"@id":"node/5586109893"}},{"type":"Feature","id":"node/5586109897","geometry":{"type":"Point","coordinates":[5.4995363,43.850565]},"properties":{"destination":"St-Martin-de-Castillon;Portail du Banquet|Castellet;Condamine","hiking":"yes","information":"guidepost","name":"Madrid","operator":"CD84","ref":"26777","tourism":"information","osm_id":5586109897,"@id":"node/5586109897"}},{"type":"Feature","id":"node/5586109898","geometry":{"type":"Point","coordinates":[5.495049,43.8504368]},"properties":{"destination":"St-Martin-de-Castillon;Madrid|Apt;Annezin|Castellet;Rioux des Planes|Chemin des Jonquiers","hiking":"yes","information":"guidepost","mapillary":"326043919188121;271277444773868;2574969972808050;483908353037389","name":"Condamine","operator":"CD84","tourism":"information","osm_id":5586109898,"@id":"node/5586109898"}},{"type":"Feature","id":"node/5586109899","geometry":{"type":"Point","coordinates":[5.4927309,43.8470334]},"properties":{"destination":"Castellet;Les Gaudins|St Martin de Castillon;Condamine","hiking":"yes","information":"guidepost","mapillary":"2215397285293000","name":"Rioux des Planes","operator":"CD84","ref":"17812","tourism":"information","osm_id":5586109899,"@id":"node/5586109899"}},{"type":"Feature","id":"node/5586109900","geometry":{"type":"Point","coordinates":[5.4647789,43.8635397]},"properties":{"destination":"St-Martin de Castillon;Condamine|Apt;Moulin des Fringands|Le Vignal","hiking":"yes","information":"guidepost","name":"Annezin","operator":"CD84","ref":"17816","tourism":"information","osm_id":5586109900,"@id":"node/5586109900"}},{"type":"Feature","id":"node/5586109915","geometry":{"type":"Point","coordinates":[5.4518554,43.8709323]},"properties":{"destination":"Saignon;Chemin du Bourget|St-Martin de Castillon;Moulin des Fringands|Apt;Le Fangas Est","hiking":"yes","information":"guidepost","name":"Carlet","operator":"CD84","ref":"23963","tourism":"information","osm_id":5586109915,"@id":"node/5586109915"}},{"type":"Feature","id":"node/5586109916","geometry":{"type":"Point","coordinates":[5.4247771,43.8611059]},"properties":{"destination":"Sivergues;Rocsali\u00e8re|Saignon;Le Quay","hiking":"yes","information":"guidepost","name":"St-Michel","operator":"CD84","ref":"2816","tourism":"information","osm_id":5586109916,"@id":"node/5586109916"}},{"type":"Feature","id":"node/5586109917","geometry":{"type":"Point","coordinates":[5.4268471,43.8642982]},"properties":{"destination":"Rue du Bourget|Sivergues;St-Michel|Apt;Ginesti\u00e8re","hiking":"yes","information":"guidepost","name":"Le Quay","operator":"CD84","ref":"2810","tourism":"information","osm_id":5586109917,"@id":"node/5586109917"}},{"type":"Feature","id":"node/5586110021","geometry":{"type":"Point","coordinates":[5.4399531,43.844465]},"properties":{"destination":"Auribeau;Chemin de la Fran\u00e7aise|Saignon;Le Colombier|Cr\u00eate du Luberon;L'Amourralhadou","hiking":"yes","information":"guidepost","mapillary":"284633083297266","mtb":"yes","name":"Les Fondons","operator":"CD84","ref":"2883","tourism":"information","osm_id":5586110021,"@id":"node/5586110021"}},{"type":"Feature","id":"node/5586462532","geometry":{"type":"Point","coordinates":[5.1751238,44.1735554]},"properties":{"destination":"Les Alazards;Le Sueil|Malauc\u00e8ne;La Baume|Beaumont du Ventoux","hiking":"yes","information":"guidepost","name":"Commentige","operator":"CD84","ref":"1783","tourism":"information","osm_id":5586462532,"@id":"node/5586462532"}},{"type":"Feature","id":"node/5586462533","geometry":{"type":"Point","coordinates":[5.4524602,43.8552429]},"properties":{"hiking":"yes","information":"guidepost","name":"La Moli\u00e8re","operator":"CD84","ref":"30398","tourism":"information","osm_id":5586462533,"@id":"node/5586462533"}},{"type":"Feature","id":"node/5586531815","geometry":{"type":"Point","coordinates":[5.1502611,44.1034901]},"properties":{"destination":"Mormoiron;Chapelle St-Alban|Bedoin;Pont de B\u00e9rard|Crillon Le Brave;St-Jean","hiking":"yes","information":"guidepost","mapillary":"306521064395788","name":"Pont de Crillon","operator":"CD84","ref":"1218","tourism":"information","osm_id":5586531815,"@id":"node/5586531815"}},{"type":"Feature","id":"node/5586531819","geometry":{"type":"Point","coordinates":[5.1633536,44.1173271]},"properties":{"destination":"Bedoin;Les Pr\u00e9s de la Ma\u00efre|Pont de Crillon","hiking":"yes","information":"guidepost","mapillary":"1158147367989167;378509870203487;392099208597257","name":"Pont de B\u00e9rard","operator":"CD84","ref":"1211","tourism":"information","osm_id":5586531819,"@id":"node/5586531819"}},{"type":"Feature","id":"node/5586531820","geometry":{"type":"Point","coordinates":[5.1672596,44.1255378]},"properties":{"bicycle":"yes","destination":"Les Pr\u00e9s de la Ma\u00efre|Le Casal|Bedoin Eglise","hiking":"yes","information":"guidepost","mapillary":"300460368283772","name":"Collet de Floran","operator":"CD84","tourism":"information","osm_id":5586531820,"@id":"node/5586531820"}},{"type":"Feature","id":"node/5586532221","geometry":{"type":"Point","coordinates":[5.1783559,44.1231725]},"properties":{"destination":"Collet de Floran","hiking":"yes","information":"guidepost","mapillary":"173979471290495;211645770550891;961820307980209","name":"Bedoin Eglise","operator":"CD84","tourism":"information","osm_id":5586532221,"@id":"node/5586532221"}},{"type":"Feature","id":"node/5586532224","geometry":{"type":"Point","coordinates":[5.1802858,44.1253614]},"properties":{"destination":"Mont Ventoux;Maison des C\u00e8dres","hiking":"yes","information":"guidepost","mapillary":"3859382527507970;1434281613587757;377772556911995","name":"Bedoin SI","operator":"CD84","ref":"1483","tourism":"information","osm_id":5586532224,"@id":"node/5586532224"}},{"type":"Feature","id":"node/5586532226","geometry":{"type":"Point","coordinates":[5.1987557,44.1830564]},"properties":{"destination":"Beaumont du Ventoux|Col du Comte;Le Plan de Vau|Chapelle St-Sidoine","hiking":"yes","information":"guidepost","mapillary":"458452365453777;969624230449823;136284465210803","mtb":"yes","name":"Les Alazards","operator":"CD84","ref":"1896","tourism":"information","osm_id":5586532226,"@id":"node/5586532226"}},{"type":"Feature","id":"node/5586998034","geometry":{"type":"Point","coordinates":[5.2073438,44.1164618]},"properties":{"destination":"Bedoin;L'Ouveirette|Sainte-Colombe","hiking":"yes","information":"guidepost","mapillary":"2929737920632147;511088236741315;318794236431817","name":"Les H\u00e9ritiers","operator":"CD84","ref":"1299","tourism":"information","osm_id":5586998034,"@id":"node/5586998034"}},{"type":"Feature","id":"node/5586998488","geometry":{"type":"Point","coordinates":[5.1563027,44.1418455]},"properties":{"destination":"Bedoin;Les Ardouin|Malauc\u00e8ne;Le Paty","hiking":"yes","information":"guidepost","mapillary":"157844349635271;229009405224585;124118379712519","name":"Chapelle La Madeleine","operator":"CD84","ref":"1457","tourism":"information","osm_id":5586998488,"@id":"node/5586998488"}},{"type":"Feature","id":"node/5586998489","geometry":{"type":"Point","coordinates":[5.2693874,44.146807]},"properties":{"destination":"St-Est\u00e8ve;Les C\u00e8dres|Jas du Mourre|Mont Ventoux;Combe Fiole S|Combe de la Grave","hiking":"yes","information":"guidepost","mapillary":"281173497046538","name":"Jas de la Couanche","operator":"CD84","ref":"1588","tourism":"information","osm_id":5586998489,"@id":"node/5586998489"}},{"type":"Feature","id":"node/5586998532","geometry":{"type":"Point","coordinates":[5.2250565,44.1283574]},"properties":{"destination":"Mont-Ventoux;Combe d'Ansis|Bedoin;Les Colombets|Jas de Landerot","hiking":"yes","information":"guidepost","mapillary":"214648606889092","name":"Les F\u00e9brier","operator":"CD84","ref":"1319","tourism":"information","osm_id":5586998532,"@id":"node/5586998532"}},{"type":"Feature","id":"node/5587028435","geometry":{"type":"Point","coordinates":[5.2820923,44.1348076]},"properties":{"destination":"Chalet Reynard;Le Roussas|St Est\u00e8ve;Pavillon de Roland|Les C\u00e8dres;Reillas","hiking":"yes","information":"guidepost","mapillary":"322478145922562;481712536218656;520874018925280","name":"Jas du Serre","operator":"CD84","ref":"1596","tourism":"information","osm_id":5587028435,"@id":"node/5587028435"}},{"type":"Feature","id":"node/5587028436","geometry":{"type":"Point","coordinates":[5.2663244,44.1249333]},"properties":{"destination":"Chalet Reynard;Jas du Serre|St Est\u00e8ve;Collet de Feycinelle","hiking":"yes","information":"guidepost","mapillary":"458463328557103;935902030286441;974151593322997","mtb":"yes","name":"Pavillon de Roland","operator":"CD84","tourism":"information","osm_id":5587028436,"@id":"node/5587028436"}},{"type":"Feature","id":"node/5587028443","geometry":{"type":"Point","coordinates":[5.0596654,44.1793865]},"properties":{"destination":"Suzette;Les Clapas","hiking":"yes","information":"guidepost","name":"Cr\u00eate de St-Amand","operator":"CD84","panoramax":"94ba2364-8422-43f4-80fe-2129f04d7323","ref":"17537","tourism":"information","osm_id":5587028443,"@id":"node/5587028443"}},{"type":"Feature","id":"node/5587028444","geometry":{"type":"Point","coordinates":[5.2963167,44.1364323]},"properties":{"destination":"Jas des Melettes|Col de la Frache;Chalet Reynard Haut|Jas du Roussas","hiking":"yes","information":"guidepost","mapillary":"275893727715068","mtb":"yes","name":"Barragne","operator":"CD84","ref":"2064","tourism":"information","osm_id":5587028444,"@id":"node/5587028444"}},{"type":"Feature","id":"node/5587028445","geometry":{"type":"Point","coordinates":[5.2840048,44.1427916]},"properties":{"destination":"Chalet Reynard;La Grave|Jas de la Couanche|Le Roussas|Les C\u00e8dres;Reillas","hiking":"yes","information":"guidepost","mapillary":"581022440010256;147039330974740","name":"Combe de la Grave","operator":"CD84","ref":"28139","tourism":"information","osm_id":5587028445,"@id":"node/5587028445"}},{"type":"Feature","id":"node/5587028446","geometry":{"type":"Point","coordinates":[5.5803828,43.8290133]},"properties":{"destination":"Les Cr\u00eates;Les Cours|Vitrolles;Les Roumis|Vitrolles;Carrefour de Pi\u00e9gros","hiking":"yes","information":"guidepost","mtb":"yes","name":"L'Aire des Mascas","operator":"CD84","tourism":"information","osm_id":5587028446,"@id":"node/5587028446"}},{"type":"Feature","id":"node/5588114207","geometry":{"type":"Point","coordinates":[5.3203595,44.1524521]},"properties":{"destination":"Chalet Reynard|Mont Ventoux;Le Signal|Flassan;Barragne","hiking":"yes","information":"guidepost","mapillary":"450285276313969;568933581021566;250794933630914","name":"Chalet Reynard Haut","operator":"CD84","ref":"2071","tourism":"information","osm_id":5588114207,"@id":"node/5588114207"}},{"type":"Feature","id":"node/5588117271","geometry":{"type":"Point","coordinates":[5.2900598,44.1365516]},"properties":{"destination":"Chalet Reynard;Plaine des Hermitants|St Est\u00e8ve;Le Roussas|Les Hermitants|Barragne","hiking":"yes","information":"guidepost","mapillary":"1548765208797096","name":"Jas du Roussas","operator":"CD84","ref":"1644","tourism":"information","osm_id":5588117271,"@id":"node/5588117271"}},{"type":"Feature","id":"node/5588117273","geometry":{"type":"Point","coordinates":[5.318457,43.8147707]},"properties":{"destination":"Bonnieux;Les Cabanes|?|Bonnieux;St Gervais","hiking":"yes","information":"guidepost","mapillary":"919684762203617","mtb":"yes","name":"La Garenne","operator":"CD84","ref":"3328","tourism":"information","osm_id":5588117273,"@id":"node/5588117273"}},{"type":"Feature","id":"node/5588117274","geometry":{"type":"Point","coordinates":[5.284623,43.8033734]},"properties":{"destination":"For\u00eat des C\u00e8dres|Bonnieux;L'Arrigner","hiking":"yes","information":"guidepost","mapillary":"801539263812534","name":"Peyrafio","operator":"CD84","ref":"3460","tourism":"information","osm_id":5588117274,"@id":"node/5588117274"}},{"type":"Feature","id":"node/5588558635","geometry":{"type":"Point","coordinates":[5.0193753,44.1389756]},"properties":{"destination":"Beaumes de Venise;Durban|Vacqueyras;Chante Coucou|Col du Cayron;Col d'Alsau","hiking":"yes","information":"guidepost","mapillary":"753971085297934;2890061291244475;307494074330784","name":"Sourias","operator":"CD84","tourism":"information","osm_id":5588558635,"@id":"node/5588558635"}},{"type":"Feature","id":"node/5588558647","geometry":{"type":"Point","coordinates":[5.1297274,44.2206945]},"properties":{"destination":"Les Amarens;Le Plan|Entrechaux;Le Bosquet Est","hiking":"yes","information":"guidepost","mapillary":"953674062050913","name":"Le Bosquet","operator":"CD84","ref":"28247","tourism":"information","osm_id":5588558647,"@id":"node/5588558647"}},{"type":"Feature","id":"node/5588558648","geometry":{"type":"Point","coordinates":[5.1254722,44.2009353]},"properties":{"destination":"Entrevon Sud|Entrechaux;Collet de Vaillant","hiking":"yes","information":"guidepost","mapillary":"309903603939196","name":"La Madeleine Ouest","operator":"CD84","ref":"28220","tourism":"information","osm_id":5588558648,"@id":"node/5588558648"}},{"type":"Feature","id":"node/5588558656","geometry":{"type":"Point","coordinates":[5.0898316,44.1923468]},"properties":{"destination":"Sablet;Les Cypr\u00e8s des Ev\u00eaques|Le Crestet;Le Veran","hiking":"yes","information":"guidepost","mapillary":"1439839046349078","name":"Font du Pommier","operator":"CD84","ref":"642","tourism":"information","osm_id":5588558656,"@id":"node/5588558656"}},{"type":"Feature","id":"node/5588558659","geometry":{"type":"Point","coordinates":[5.0724434,44.1986624]},"properties":{"destination":"La Pousterle;La Verri\u00e8re|Vaison;Le Laquet|Le Crestet;Les Chastelas","hiking":"yes","information":"guidepost","mapillary":"575652866746340","name":"Croix de la Verri\u00e8re","operator":"CD84","ref":"675","tourism":"information","osm_id":5588558659,"@id":"node/5588558659"}},{"type":"Feature","id":"node/5588765879","geometry":{"type":"Point","coordinates":[5.240557,43.9526415]},"properties":{"destination":"Col de Murs;Les Vallons|Gordes;Mallet","hiking":"yes","information":"guidepost","mapillary":"4416161598439850","name":"Le Village","operator":"CD84","ref":"16902","tourism":"information","osm_id":5588765879,"@id":"node/5588765879"}},{"type":"Feature","id":"node/5588765885","geometry":{"type":"Point","coordinates":[5.24235,43.9512987]},"properties":{"destination":"Joucas;Pr\u00e9s Longs|Lioux - Le Ch\u00e2teau;Les Cairades|Gordes;V\u00e9zaule","hiking":"yes","information":"guidepost","mapillary":"461598311738415","name":"Murs","operator":"CD84","ref":"17557","tourism":"information","osm_id":5588765885,"@id":"node/5588765885"}},{"type":"Feature","id":"node/5588987122","geometry":{"type":"Point","coordinates":[5.2599902,44.1569788]},"properties":{"destination":"Les c\u00e8dres;Combe Fiole|Bedoin;Jas de Landerot","hiking":"yes","information":"guidepost","mapillary":"2893667737561468;880819919132953;1051369059006856","name":"Jas du Toumple","operator":"CD84","tourism":"information","osm_id":5588987122,"@id":"node/5588987122"}},{"type":"Feature","id":"node/5588987123","geometry":{"type":"Point","coordinates":[5.3055664,44.1152609]},"properties":{"destination":"Flassan;Font de Canau|Col des Abeilles;Les Bonins","hiking":"yes","information":"guidepost","mapillary":"321630289354635","name":"Chapelle St-Jean","operator":"CD84","ref":"1627","tourism":"information","osm_id":5588987123,"@id":"node/5588987123"}},{"type":"Feature","id":"node/5588987124","geometry":{"type":"Point","coordinates":[5.2973763,44.1164274]},"properties":{"destination":"Col des Abeilles;Chapelle St-Jean|Col de la Frache;Font d'Angi\u00e9u|Flassan;Les Tourreus","hiking":"yes","information":"guidepost","mapillary":"974757510039669;477174086730495;770031680548365;319261976227248","mtb":"yes","name":"Font da Canau","operator":"CD84","tourism":"information","osm_id":5588987124,"@id":"node/5588987124"}},{"type":"Feature","id":"node/5588987125","geometry":{"type":"Point","coordinates":[5.3025636,44.1264451]},"properties":{"destination":"Font d'Angi\u00e9u;Petit Moutet Est|Flassan;Combe de Guer\u00e8ne|Chalet Reynard;Jas de Perrache","hiking":"yes","information":"guidepost","mapillary":"467273441028133;302900454759651;3886907838088707","name":"Petit Moutet","operator":"CD84","ref":"1620","tourism":"information","osm_id":5588987125,"@id":"node/5588987125"}},{"type":"Feature","id":"node/5588987130","geometry":{"type":"Point","coordinates":[5.3184963,44.1369376]},"properties":{"destination":"Les Melettes;Pins Noirs|Petit Moutet Est","hiking":"yes","information":"guidepost","mapillary":"429630568500214;155941250064428;920417418502755","mtb":"yes","name":"Font d'Angi\u00e9u","operator":"CD84","ref":"2117","tourism":"information","osm_id":5588987130,"@id":"node/5588987130"}},{"type":"Feature","id":"node/5588987137","geometry":{"type":"Point","coordinates":[5.3438052,44.1415332]},"properties":{"destination":"Pas de la Frache;La Baraque d'Aurel|Jas Forest;La Grand C\u00f4te","hiking":"yes","information":"guidepost","mapillary":"920105902250635","mtb":"yes","name":"Belv\u00e9d\u00e8re","operator":"CD84","ref":"2195","tourism":"information","osm_id":5588987137,"@id":"node/5588987137"}},{"type":"Feature","id":"node/5589403453","geometry":{"type":"Point","coordinates":[5.3191085,44.1522159]},"properties":{"destination":"Mont Ventoux;Chalet Reynard Haut|St-Est\u00e8ve;Plaine des Hermitants","hiking":"yes","information":"guidepost","mapillary":"242168417843760","name":"Chalet Reynard","operator":"CD84","ref":"2070","tourism":"information","osm_id":5589403453,"@id":"node/5589403453"}},{"type":"Feature","id":"node/5589403454","geometry":{"type":"Point","coordinates":[5.2189296,44.1580044]},"properties":{"destination":"Collet Rouge Haut|Jas de Pi\u00e9 Gros|Bedoin;Les Combarets","hiking":"yes","information":"guidepost","mapillary":"467527974332731","mtb":"yes","name":"Mazanet","operator":"CD84","ref":"1384","tourism":"information","osm_id":5589403454,"@id":"node/5589403454"}},{"type":"Feature","id":"node/5589403455","geometry":{"type":"Point","coordinates":[5.3146993,44.1342648]},"properties":{"destination":"Jas des Melettes|Perrache|Font d'Angi\u00e9u","hiking":"yes","information":"guidepost","mapillary":"1039426860124296","mtb":"yes","name":"Pins Noirs","operator":"CD84","tourism":"information","osm_id":5589403455,"@id":"node/5589403455"}},{"type":"Feature","id":"node/5589403456","geometry":{"type":"Point","coordinates":[5.3011689,44.1476038]},"properties":{"destination":"Plaine des Hermitants|Jas du Roussas|La Fr\u00e9chi\u00e8re;La Grave","hiking":"yes","information":"guidepost","name":"Les Hermitants","operator":"CD84","ref":"2063","tourism":"information","osm_id":5589403456,"@id":"node/5589403456"}},{"type":"Feature","id":"node/5589403457","geometry":{"type":"Point","coordinates":[5.3215885,44.1114581]},"properties":{"destination":"Chapelle St-Jean;Les Granges Rouges|Les Abeilles|L'Arigier","hiking":"yes","information":"guidepost","mapillary":"309432243964213","name":"L'Ortie","operator":"CD84","ref":"2146","tourism":"information","osm_id":5589403457,"@id":"node/5589403457"}},{"type":"Feature","id":"node/5589403475","geometry":{"type":"Point","coordinates":[5.3148951,44.1103344]},"properties":{"destination":"Chapelle St-Jean;Les Bonins|Col des Abeilles;L'Ortie","hiking":"yes","information":"guidepost","mapillary":"298890485228537","name":"Les Granges Rouges","operator":"CD84","ref":"1632","tourism":"information","osm_id":5589403475,"@id":"node/5589403475"}},{"type":"Feature","id":"node/5589403476","geometry":{"type":"Point","coordinates":[5.3052854,44.1110956]},"properties":{"destination":"Chapelle St-Jean|Col des Abeilles;Les Granges Rouges|Flassan;Les Grigauds","hiking":"yes","information":"guidepost","mapillary":"476394350307198","name":"Les Bonins","operator":"CD84","tourism":"information","osm_id":5589403476,"@id":"node/5589403476"}},{"type":"Feature","id":"node/5589403477","geometry":{"type":"Point","coordinates":[5.3461911,44.1073387]},"properties":{"destination":"Les Abeilles;L'Arigier|Col des Abeilles;Les Bataliers|Col de la Frache;Les Laouses","hiking":"yes","information":"guidepost","mapillary":"179049910779399","name":"Le Frelon","operator":"CD84","ref":"8746","tourism":"information","osm_id":5589403477,"@id":"node/5589403477"}},{"type":"Feature","id":"node/5589403483","geometry":{"type":"Point","coordinates":[5.3010184,44.1494264]},"properties":{"destination":"Mont Ventoux;La Fr\u00e9chi\u00e8re|Les C\u00e8dres;Combe de la Grave|Chalet Reynard;Vallon de la Grave|Les Hermitants","hiking":"yes","information":"guidepost","mapillary":"927917928047105;798201330808317;804229773838501","name":"La Grave","operator":"CD84","tourism":"information","osm_id":5589403483,"@id":"node/5589403483"}},{"type":"Feature","id":"node/5589403515","geometry":{"type":"Point","coordinates":[5.347099,44.1347777]},"properties":{"destination":"Font d'Angi\u00e9u;Le Rat|Col des Abeilles;Les Laouses|Pas de la Frache;Belv\u00e9d\u00e8re","hiking":"yes","information":"guidepost","mapillary":"1488226361533904","mtb":"yes","name":"La Grand C\u00f4te","operator":"CD84","ref":"2133","tourism":"information","osm_id":5589403515,"@id":"node/5589403515"}},{"type":"Feature","id":"node/5589403516","geometry":{"type":"Point","coordinates":[5.2720481,44.1373678]},"properties":{"destination":"Reillas|St-Est\u00e8ve;Les C\u00e8dres|Jas de la Couanche","hiking":"yes","information":"guidepost","mapillary":"1157097894703881;786363158679076","name":"Jas du Mourre","operator":"CD84","ref":"1590","tourism":"information","osm_id":5589403516,"@id":"node/5589403516"}},{"type":"Feature","id":"node/5589403517","geometry":{"type":"Point","coordinates":[5.2499306,44.1141281]},"properties":{"destination":"Flassan;Les Baysses Nord|Chalet Reynard;Chanvillard Nord|Saint-Est\u00e8ve","hiking":"yes","information":"guidepost","mapillary":"151158393690771;490636355469936;531092188251181;751457422216605","name":"Jas de Montagard","operator":"CD84","tourism":"information","osm_id":5589403517,"@id":"node/5589403517"}},{"type":"Feature","id":"node/5589465267","geometry":{"type":"Point","coordinates":[5.3445911,44.161038]},"properties":{"destination":"Brantes;Col de la Frache|Le Mont Serein;Serres Gros|Jas Forest;La Baraque d'Aurel","hiking":"yes","information":"guidepost","name":"Epaulement de la Frache","operator":"CD84","ref":"2252","tourism":"information","osm_id":5589465267,"@id":"node/5589465267"}},{"type":"Feature","id":"node/5590144468","geometry":{"type":"Point","coordinates":[5.3021144,44.1278438]},"properties":{"destination":"Chemin de Perrache|Chalet Reynard;Perrache|Flassan;Petit Moutet","hiking":"yes","information":"guidepost","mapillary":"473259333780433;380061583324464;161682049232130","name":"Jas de Perrache","operator":"CD84","ref":"28133","tourism":"information","osm_id":5590144468,"@id":"node/5590144468"}},{"type":"Feature","id":"node/5590144469","geometry":{"type":"Point","coordinates":[5.2882983,44.1295838]},"properties":{"destination":"Jas de Perrache","hiking":"yes","information":"guidepost","mapillary":"125843692858809;480706669865501","name":"Chemin de Perrache","operator":"CD84","ref":"2091","tourism":"information","osm_id":5590144469,"@id":"node/5590144469"}},{"type":"Feature","id":"node/5590144470","geometry":{"type":"Point","coordinates":[5.3075814,44.1321659]},"properties":{"destination":"Petit Moutet Est|Font d'Angi\u00e9u;Pins Noirs|Chalet Reynard;Jas des Melettes|Flassan;Jas de Perrache","hiking":"yes","information":"guidepost","mapillary":"285655423140386;1010471449776148;859150554801071","mtb":"yes","name":"Perrache","operator":"CD84","ref":"2090","tourism":"information","osm_id":5590144470,"@id":"node/5590144470"}},{"type":"Feature","id":"node/5590144471","geometry":{"type":"Point","coordinates":[5.2057748,44.1361858]},"properties":{"destination":"Les Clops|Les Colombets|Jas de Pi\u00e9 Gros","hiking":"yes","information":"guidepost","mapillary":"1897869517029071;799706130649278;340939247379978;171111858262416","name":"Grand Replanas","operator":"CD84","ref":"1330","tourism":"information","osm_id":5590144471,"@id":"node/5590144471"}},{"type":"Feature","id":"node/5590144472","geometry":{"type":"Point","coordinates":[5.2425451,44.1001478]},"properties":{"destination":"La Boissi\u00e8re|St-Est\u00e8ve;Combe de Canaud","hiking":"yes","information":"guidepost","mapillary":"1021870808614876","name":"Flassan","operator":"CD84","ref":"1523","tourism":"information","osm_id":5590144472,"@id":"node/5590144472"}},{"type":"Feature","id":"node/5590144473","geometry":{"type":"Point","coordinates":[5.2498998,44.1134253]},"properties":{"destination":"Chanvillard Nord|Chalet Reynard;Jas de Montagard|Flassan;Les Baysses","hiking":"yes","information":"guidepost","mapillary":"429274134831202","name":"Les Baysses Nord","operator":"CD84","ref":"1509","tourism":"information","osm_id":5590144473,"@id":"node/5590144473"}},{"type":"Feature","id":"node/5590144474","geometry":{"type":"Point","coordinates":[5.3233936,44.0941976]},"properties":{"destination":"Sault;Col des Abeilles|Chapelle St-Jean;L'Ortie","hiking":"yes","information":"guidepost","mapillary":"223028292574126","name":"Les Abeilles","operator":"CD84","ref":"8729","tourism":"information","osm_id":5590144474,"@id":"node/5590144474"}},{"type":"Feature","id":"node/5590144475","geometry":{"type":"Point","coordinates":[5.3302695,44.0931371]},"properties":{"destination":"Sault;Les Bataliers|Les Abeilles","hiking":"yes","information":"guidepost","mapillary":"374759750594243","name":"Col des Abeilles","operator":"CD84","ref":"14504","tourism":"information","osm_id":5590144475,"@id":"node/5590144475"}},{"type":"Feature","id":"node/5590144476","geometry":{"type":"Point","coordinates":[5.2751474,44.112604]},"properties":{"destination":"St-Est\u00e8ve;Combe de Guer\u00e8ne|Font de Canau|Flassan;Combe de Canaud","hiking":"yes","information":"guidepost","mapillary":"527392291612947","name":"Les Tourreus","operator":"CD84","ref":"1522","tourism":"information","osm_id":5590144476,"@id":"node/5590144476"}},{"type":"Feature","id":"node/5590144477","geometry":{"type":"Point","coordinates":[5.2734804,44.1354505]},"properties":{"destination":"Chalet Reynard;Vallon de la Grave|Combe de la Grave|Jas du Serre|Les C\u00e8dres;Jas du Mourre","hiking":"yes","information":"guidepost","mapillary":"1867372420099488","name":"Reillas","operator":"CD84","ref":"30810","tourism":"information","osm_id":5590144477,"@id":"node/5590144477"}},{"type":"Feature","id":"node/5590144478","geometry":{"type":"Point","coordinates":[5.2883881,44.1385526]},"properties":{"destination":"Chalet Reynard;Jas du Roussas|Combe de la Grave|St Est\u00e8ve;Jas du Serre","hiking":"yes","information":"guidepost","mapillary":"396735731930129;306117414470786;430336548451971","name":"Le Roussas","operator":"CD84","ref":"28137","tourism":"information","osm_id":5590144478,"@id":"node/5590144478"}},{"type":"Feature","id":"node/5590144479","geometry":{"type":"Point","coordinates":[5.377064,44.1214492]},"properties":{"destination":"Sault;Les Grandes Terres|Le Ventouret;Notre Dame des Anges","hiking":"yes","information":"guidepost","name":"Les Avens","operator":"CD84","ref":"2440","tourism":"information","osm_id":5590144479,"@id":"node/5590144479"}},{"type":"Feature","id":"node/5590144529","geometry":{"type":"Point","coordinates":[5.3741803,44.1353952]},"properties":{"destination":"Le Ventouret|Sault;Les Avens","hiking":"yes","information":"guidepost","name":"Notre Dame des Anges","operator":"CD84","ref":"30714","tourism":"information","osm_id":5590144529,"@id":"node/5590144529"}},{"type":"Feature","id":"node/5590144530","geometry":{"type":"Point","coordinates":[5.3659957,44.1581381]},"properties":{"destination":"Brantes;Fonfroide|Savoillan|La Tune","hiking":"yes","information":"guidepost","name":"Vanarelle","operator":"CD84","tourism":"information","osm_id":5590144530,"@id":"node/5590144530"}},{"type":"Feature","id":"node/5590144531","geometry":{"type":"Point","coordinates":[5.3590754,44.1619012]},"properties":{"destination":"Brantes;Chante-Loube|Col de la Frache|La Tune;Vanarelle","hiking":"yes","information":"guidepost","name":"Fonfroide","operator":"CD84","ref":"2407","tourism":"information","osm_id":5590144531,"@id":"node/5590144531"}},{"type":"Feature","id":"node/5590144532","geometry":{"type":"Point","coordinates":[5.1558387,44.1734291]},"properties":{"destination":"Malauc\u00e8ne;Le Gros Noyer|Les Alazards;Commentige|Le Groseau","hiking":"yes","information":"guidepost","name":"La Baume","operator":"CD84","ref":"1747","tourism":"information","osm_id":5590144532,"@id":"node/5590144532"}},{"type":"Feature","id":"node/5590144534","geometry":{"type":"Point","coordinates":[5.201333,44.1754416]},"properties":{"destination":"Les Alazards|Beaumont du Ventoux;Le Sueil","hiking":"yes","information":"guidepost","name":"Chapelle St-Sidoine","operator":"CD84","tourism":"information","osm_id":5590144534,"@id":"node/5590144534"}},{"type":"Feature","id":"node/5590345207","geometry":{"type":"Point","coordinates":[5.1900785,44.1294731]},"properties":{"bicycle":"yes","destination":"Mont-Ventoux;Les Colombets|Bedoin;Bedoin SI|Les Clops","hiking":"yes","information":"guidepost","mapillary":"529695201773486;2897378007198017;501251184446351","mtb":"yes","name":"Maison des C\u00e8dres","operator":"CD84","ref":"1470","tourism":"information","osm_id":5590345207,"@id":"node/5590345207"}},{"type":"Feature","id":"node/5590345209","geometry":{"type":"Point","coordinates":[5.1968269,44.1403177]},"properties":{"destination":"Bedoin;Les Clops|Combe de Maraval|Mazanet","hiking":"yes","information":"guidepost","mapillary":"323198612559465","mtb":"yes","name":"Les Combarets","operator":"CD84","ref":"1336","tourism":"information","osm_id":5590345209,"@id":"node/5590345209"}},{"type":"Feature","id":"node/5590345570","geometry":{"type":"Point","coordinates":[5.427521,44.1292748]},"properties":{"destination":"Le Ventouret;Sous le Village","hiking":"yes","information":"guidepost","name":"Fontaine d'Aurel","operator":"CD84","ref":"10890","tourism":"information","osm_id":5590345570,"@id":"node/5590345570"}},{"type":"Feature","id":"node/5590345594","geometry":{"type":"Point","coordinates":[5.2350256,44.1203036]},"properties":{"destination":"Mont-Ventoux;Les C\u00e8dres|Saint-Est\u00e8ve|Bedoin;Les Constants","hiking":"yes","information":"guidepost","mapillary":"138876294950003;486371472478706;853206658877587;472810107361056","mtb":"yes","name":"Les Pins de Constant","operator":"CD84","tourism":"information","osm_id":5590345594,"@id":"node/5590345594"}},{"type":"Feature","id":"node/5590383163","geometry":{"type":"Point","coordinates":[5.3317406,44.1385853]},"properties":{"destination":"Font d'Angi\u00e9u|Le Rat|Font d'Angi\u00e9u","hiking":"yes","information":"guidepost","mapillary":"553001712658405","mtb":"yes","name":"Le Rat Ouest","operator":"CD84","tourism":"information","osm_id":5590383163,"@id":"node/5590383163"}},{"type":"Feature","id":"node/5590699946","geometry":{"type":"Point","coordinates":[5.2440378,44.1100754]},"properties":{"destination":"Saint-Est\u00e8ve|Flassan;Combe de Canaud|Chalet Reynard;Jas de Montagard","hiking":"yes","information":"guidepost","mapillary":"1448771612129201;227950808666442;227950808666442;463344588296127;189029642968070;5758427117508745;199920368495153","name":"Les Baysses","operator":"CD84","ref":"1507","tourism":"information","osm_id":5590699946,"@id":"node/5590699946"}},{"type":"Feature","id":"node/5592866865","geometry":{"type":"Point","coordinates":[5.0520345,44.1468036]},"properties":{"destination":"Lafare|Cougne \u00e0 Banne;Suzette","hiking":"yes","information":"guidepost","mapillary":"830319874570197;709907630369926","name":"Lafare R\u00e9servoir","operator":"CD84","ref":"1052","tourism":"information","osm_id":5592866865,"@id":"node/5592866865"}},{"type":"Feature","id":"node/5595038375","geometry":{"type":"Point","coordinates":[5.3349137,44.1959673]},"properties":{"destination":"Buis les Baronnies;Oratoire St Gens|Brantes|St L\u00e9ger;Col de Fontaube","hiking":"yes","information":"guidepost","mapillary":"1158700724650585","mtb":"yes","name":"La Christole","operator":"CD84","ref":"2306","tourism":"information","osm_id":5595038375,"@id":"node/5595038375"}},{"type":"Feature","id":"node/5595038556","geometry":{"type":"Point","coordinates":[5.1036403,44.1565131]},"properties":{"destination":"Lafare;Rabassi\u00e8res|La Pousterle;Les Issards|Le Barroux;Les Grands Terres","hiking":"yes","information":"guidepost","mapillary":"322303496180418","name":"Bois Long","operator":"CD84","ref":"472","tourism":"information","osm_id":5595038556,"@id":"node/5595038556"}},{"type":"Feature","id":"node/5597354450","geometry":{"type":"Point","coordinates":[5.179131,44.1261688]},"properties":{"destination":"Malauc\u00e8ne;La Font du Loup|Combe de Maraval;La Dayanne","hiking":"yes","information":"guidepost","mapillary":"2937188029889368;1434281613587757;3858251737607502","name":"Bedoin Monument","operator":"CD84","ref":"1252","tourism":"information","osm_id":5597354450,"@id":"node/5597354450"}},{"type":"Feature","id":"node/5597932421","geometry":{"type":"Point","coordinates":[5.2736507,44.2127838]},"properties":{"destination":"Malaucene;Pont de Veaux|Malaucene;Gorges du Toulourenc","hiking":"yes","information":"guidepost","name":"St-L\u00e9ger-du-Ventoux","operator":"CD84","panoramax":"56c8d65e-f4bd-4a1b-8e74-07b4841f676d;7ad8f6c1-260f-4e65-9e34-7db93da4b501;a31df11b-16eb-4e29-b2f0-bd81856c4f98","ref":"1995","tourism":"information","osm_id":5597932421,"@id":"node/5597932421"}},{"type":"Feature","id":"node/5597932422","geometry":{"type":"Point","coordinates":[5.3339461,44.1929659]},"properties":{"destination":"St L\u00e9ger;La Christole|Savoillan;Masselles|Le Mont Serein;Les Bernards","hiking":"yes","information":"guidepost","name":"Brantes","operator":"CD84","panoramax":"775852ae-1e10-4b07-b1ef-cc3c8cb49c91","ref":"2297","tourism":"information","osm_id":5597932422,"@id":"node/5597932422"}},{"type":"Feature","id":"node/5597973021","geometry":{"type":"Point","coordinates":[5.3593232,44.1814519]},"properties":{"destination":"Brantes|Savoillan","hiking":"yes","information":"guidepost","name":"Masselles","operator":"CD84","tourism":"information","osm_id":5597973021,"@id":"node/5597973021"}},{"type":"Feature","id":"node/5599100462","geometry":{"type":"Point","coordinates":[5.1491667,44.1517069]},"properties":{"destination":"Sidoine|Malauc\u00e8ne;Combe de l'Ase|Caromb;Les Trois Termes","hiking":"yes","information":"guidepost","name":"Le Gros Pata","operator":"CD84","ref":"1714","tourism":"information","osm_id":5599100462,"@id":"node/5599100462"}},{"type":"Feature","id":"node/5599100463","geometry":{"type":"Point","coordinates":[5.0959342,44.1585966]},"properties":{"destination":"Lafare;Les Esplantades|Le Barroux;La Lause|Saint Hippolyte;Le Pontillard","hiking":"yes","information":"guidepost","mapillary":"1000482520782102","name":"Rabassi\u00e8res","operator":"CD84","ref":"471","tourism":"information","osm_id":5599100463,"@id":"node/5599100463"}},{"type":"Feature","id":"node/5599100508","geometry":{"type":"Point","coordinates":[5.3129511,44.2082158]},"properties":{"destination":"Brantes;La Christole|St-L\u00e9ger-du-Ventoux;Cimeti\u00e8re de St-L\u00e9ger","hiking":"yes","information":"guidepost","mapillary":"4071165509585966","mtb":"yes","name":"Col de Fontaube","operator":"CD84","ref":"2323","tourism":"information","osm_id":5599100508,"@id":"node/5599100508"}},{"type":"Feature","id":"node/5599443828","geometry":{"type":"Point","coordinates":[5.2182645,44.2049755]},"properties":{"destination":"Malauc\u00e8ne;T\u00eate de la Blache|Col du Comte;Sous le Col du Comte","hiking":"yes","information":"guidepost","name":"Coulet di Faus","operator":"CD84","tourism":"information","osm_id":5599443828,"@id":"node/5599443828"}},{"type":"Feature","id":"node/5599443829","geometry":{"type":"Point","coordinates":[5.2424714,44.1972302]},"properties":{"destination":"St L\u00e9ger;L'Arjalas|Brantes;Col du Comte|Malauc\u00e8ne;Coulet di Faus","hiking":"yes","information":"guidepost","mtb":"yes","name":"Sous le Col du Comte","operator":"CD84","ref":"1913","tourism":"information","osm_id":5599443829,"@id":"node/5599443829"}},{"type":"Feature","id":"node/5599443830","geometry":{"type":"Point","coordinates":[5.2013853,44.2037296]},"properties":{"destination":"Malauc\u00e8ne;Le Planet|Col du Comte;Coulet di Faus","hiking":"yes","information":"guidepost","name":"T\u00eate de la Blache","operator":"CD84","ref":"1919","tourism":"information","osm_id":5599443830,"@id":"node/5599443830"}},{"type":"Feature","id":"node/5599443831","geometry":{"type":"Point","coordinates":[5.1589045,44.1912059]},"properties":{"destination":"Bois Margaud|Malauc\u00e8ne;Route des Crottes","hiking":"yes","information":"guidepost","mapillary":"784904188820969","name":"St-Roch","operator":"CD84","tourism":"information","osm_id":5599443831,"@id":"node/5599443831"}},{"type":"Feature","id":"node/5599443834","geometry":{"type":"Point","coordinates":[5.1532034,44.1957611]},"properties":{"destination":"Malauc\u00e8ne;Les Margaud|Col du Comte;Le Planet","hiking":"yes","information":"guidepost","mapillary":"311241030605787;1075260816216193","name":"Bois Margaud","operator":"CD84","ref":"1848","tourism":"information","osm_id":5599443834,"@id":"node/5599443834"}},{"type":"Feature","id":"node/5599443835","geometry":{"type":"Point","coordinates":[5.1802522,44.1972456]},"properties":{"destination":"Col du Comte;T\u00eate de la Blache|Le Vallon|Malauc\u00e8ne;Bois des Margauds","hiking":"yes","information":"guidepost","name":"Le Planet","operator":"CD84","ref":"1917","tourism":"information","osm_id":5599443835,"@id":"node/5599443835"}},{"type":"Feature","id":"node/5599443836","geometry":{"type":"Point","coordinates":[5.1544795,44.1964985]},"properties":{"destination":"St-Roch|St-L\u00e9ger;Le Vallon|Col du Comte;Le Planet|Malauc\u00e8ne;Bois Margaud","hiking":"yes","information":"guidepost","mapillary":"1385068195194463;161059415963373;4086999704725397;180198280656855;962197404614600;509847110045615","name":"Bois des Margauds","operator":"CD84","ref":"1857","tourism":"information","osm_id":5599443836,"@id":"node/5599443836"}},{"type":"Feature","id":"node/5602682329","geometry":{"type":"Point","coordinates":[5.4218582,44.1280181]},"properties":{"destination":"La Tune;Le Collet Blanc|Aurel;Sous le Village|Le Ventouret;Saint-Pierre","hiking":"yes","information":"guidepost","mtb":"yes","name":"Les Sources du Riou","operator":"CD84","ref":"2461","tourism":"information","osm_id":5602682329,"@id":"node/5602682329"}},{"type":"Feature","id":"node/5602682330","geometry":{"type":"Point","coordinates":[5.4257387,44.1288512]},"properties":{"destination":"Les Granges|Aurel;Fontaine d'Aurel|Le Ventouret;Les Sources du Riou","hiking":"yes","information":"guidepost","name":"Sous le Village","operator":"CD84","ref":"2467","tourism":"information","osm_id":5602682330,"@id":"node/5602682330"}},{"type":"Feature","id":"node/5604593951","geometry":{"type":"Point","coordinates":[5.2783312,44.2104719]},"properties":{"destination":"Col du Comte;Chanteperdrix|Brantes;Col de Fontaube|St-L\u00e9ger-du-Ventoux","hiking":"yes","information":"guidepost","mapillary":"394679512255549","mtb":"yes","name":"Cimeti\u00e8re de St-L\u00e9ger","operator":"CD84","ref":"1992","tourism":"information","osm_id":5604593951,"@id":"node/5604593951"}},{"type":"Feature","id":"node/5604593952","geometry":{"type":"Point","coordinates":[5.1196463,44.1544223]},"properties":{"destination":"Le Barroux|Pi\u00e9 Couni\u00e9u;Les Grands Terres|Malauc\u00e8ne;T\u00eate de la Blache","hiking":"yes","information":"guidepost","mapillary":"756529858376381","name":"Font de Pertus","operator":"CD84","ref":"441","tourism":"information","osm_id":5604593952,"@id":"node/5604593952"}},{"type":"Feature","id":"node/5604593953","geometry":{"type":"Point","coordinates":[5.1086754,44.1127484]},"properties":{"destination":"Lac du Paty;La Petite Euzi\u00e8re","hiking":"yes","information":"guidepost","mapillary":"311519213915864","name":"Caromb","operator":"CD84","ref":"1114","tourism":"information","osm_id":5604593953,"@id":"node/5604593953"}},{"type":"Feature","id":"node/5604593955","geometry":{"type":"Point","coordinates":[5.1667285,44.1840774]},"properties":{"destination":"Les Alazards|Les Alazards;Commentige","hiking":"yes","information":"guidepost","mapillary":"180799417256371;1319833041746310","mtb":"yes","name":"Beaumont du Ventoux","operator":"CD84","tourism":"information","osm_id":5604593955,"@id":"node/5604593955"}},{"type":"Feature","id":"node/5605189640","geometry":{"type":"Point","coordinates":[5.4057582,44.0907161]},"properties":{"destination":"Sault village;Sault|Saint-Jean;La Crau","hiking":"yes","information":"guidepost","name":"Saint Jacques","operator":"CD84","panoramax":"192db07f-3825-4803-b23c-8b1a5ca50630","ref":"14404","tourism":"information","osm_id":5605189640,"@id":"node/5605189640"}},{"type":"Feature","id":"node/5605189641","geometry":{"type":"Point","coordinates":[5.4067392,44.092414]},"properties":{"destination":"Saint-Jean;Saint-Jacques|Monieux - Le Ventoux;La Coustiero|Centre Village","hiking":"yes","information":"guidepost","mtb":"yes","name":"Sault","operator":"CD84","panoramax":"230cd555-4746-4713-aa8b-a9f38d8fb91c;af522225-40ba-451e-bd97-b74e43656a66","ref":"2688","tourism":"information","osm_id":5605189641,"@id":"node/5605189641"}},{"type":"Feature","id":"node/5607473053","geometry":{"type":"Point","coordinates":[5.1148371,43.8481007]},"properties":{"destination":"Robion;Th\u00e9\u00e2tre de Verdure|Maubec;La Draille de Maubec|Lagnes;Le Moutillon","hiking":"yes","information":"guidepost","mapillary":"1194540647701812","mtb":"yes","name":"Cimeti\u00e8re de Robion","operator":"CD84","ref":"4065","tourism":"information","osm_id":5607473053,"@id":"node/5607473053"}},{"type":"Feature","id":"node/5607473054","geometry":{"type":"Point","coordinates":[5.2816866,44.1850958]},"properties":{"destination":"Col du Comte;Serri\u00e8re|Brantes;Abri du Contrat|Le Mont Serein;Le Contrat Ouest","hiking":"yes","information":"guidepost","name":"Le Contrat","operator":"CD84","panoramax":"1567218f-97ba-4d35-9738-fd103aa9e85c","ref":"30123","tourism":"information","osm_id":5607473054,"@id":"node/5607473054"}},{"type":"Feature","id":"node/5611348613","geometry":{"type":"Point","coordinates":[5.4040624,43.8463511]},"properties":{"destination":"Plaine Lambertes|Apt;Les Clapar\u00e8des|Sivergues;Barbe Blanche","hiking":"yes","information":"guidepost","mapillary":"993217064548825","mtb":"yes","name":"Pr\u00e9 des Masques","operator":"CD84","ref":"2857","tourism":"information","osm_id":5611348613,"@id":"node/5611348613"}},{"type":"Feature","id":"node/5611348614","geometry":{"type":"Point","coordinates":[5.4045945,43.8449759]},"properties":{"destination":"Buoux;Chante Duc|Apt;Pr\u00e9 des Masques|Sivergues","hiking":"yes","information":"guidepost","mapillary":"2217686685035585","mtb":"yes","name":"Barbe Blanche","operator":"CD84","tourism":"information","osm_id":5611348614,"@id":"node/5611348614"}},{"type":"Feature","id":"node/5611348620","geometry":{"type":"Point","coordinates":[5.3826677,43.8242768]},"properties":{"destination":"Sivergues;Chemin de Frau|Buoux;Escoufines|Chante Duc","hiking":"yes","information":"guidepost","mapillary":"484612405925429","name":"Les Ramades","operator":"CD84","ref":"29398","tourism":"information","osm_id":5611348620,"@id":"node/5611348620"}},{"type":"Feature","id":"node/5611352321","geometry":{"type":"Point","coordinates":[5.2575313,43.9096896]},"properties":{"destination":"Gordes;Les Grailles|Roussillon;Ribas|Goult;L'Imergue","hiking":"yes","information":"guidepost","name":"Le Buis","operator":"CD84","panoramax":"3827f888-654b-4cb9-87dd-f4c3c51780c8","ref":"16496","tourism":"information","osm_id":5611352321,"@id":"node/5611352321"}},{"type":"Feature","id":"node/5611352333","geometry":{"type":"Point","coordinates":[5.2168442,43.9125746]},"properties":{"hiking":"yes","information":"guidepost","name":"St-Eyri\u00e8s","operator":"CD84","ref":"30491","tourism":"information","osm_id":5611352333,"@id":"node/5611352333"}},{"type":"Feature","id":"node/5611352359","geometry":{"type":"Point","coordinates":[5.2293858,43.9166414]},"properties":{"destination":"Gordes;Les Grailles|Joucas|Joucas;Borne de Baume Brune","hiking":"yes","image":"https://www.altituderando.com/IMG/jpg/6/a/0/f7da8b71-3b4a-4aa5-b334-4377a7f51fd0_1_105_c.jpg","information":"guidepost","mtb":"yes","name":"Bois d'Audibert","operator":"CD84","ref":"17290","tourism":"information","osm_id":5611352359,"@id":"node/5611352359"}},{"type":"Feature","id":"node/5611352636","geometry":{"type":"Point","coordinates":[5.241951,43.9492163]},"properties":{"destination":"Joucas;N-D du Salut|Murs|Veroncle;Village de Vacances","hiking":"yes","information":"guidepost","mapillary":"123259909794956;548922609846762;2927084940896699;314738600167877","name":"Pr\u00e9s Longs","operator":"CD84","ref":"15531","tourism":"information","osm_id":5611352636,"@id":"node/5611352636"}},{"type":"Feature","id":"node/5611352649","geometry":{"type":"Point","coordinates":[5.2456776,43.9262322]},"properties":{"destination":"Joucas;Aires du Ch\u00e2teau|Murs;L'Auvi\u00e8res|V\u00e9roncle;Baume Brune","hiking":"yes","information":"guidepost","mapillary":"4001306939912727","name":"La Basse Auvi\u00e8res","operator":"CD84","ref":"15512","tourism":"information","osm_id":5611352649,"@id":"node/5611352649"}},{"type":"Feature","id":"node/5611352673","geometry":{"type":"Point","coordinates":[5.2380504,43.9314744]},"properties":{"destination":"Murs;La Jaumi\u00e8re|Gordes;L'Auvi\u00e8res|Joucas;Aires du Ch\u00e2teau","hiking":"yes","information":"guidepost","mapillary":"505617980572463","name":"C\u00f4te 345","operator":"CD84","ref":"17283","tourism":"information","osm_id":5611352673,"@id":"node/5611352673"}},{"type":"Feature","id":"node/5611352674","geometry":{"type":"Point","coordinates":[5.2372464,43.9249166]},"properties":{"destination":"Joucas;La Basse Auvi\u00e8res|Gordes;Bois d'Audibert|L'Auvi\u00e8res","hiking":"yes","information":"guidepost","mapillary":"5370322256317233","name":"Baume Brune","operator":"CD84","ref":"30509","tourism":"information","osm_id":5611352674,"@id":"node/5611352674"}},{"type":"Feature","id":"node/5611807339","geometry":{"type":"Point","coordinates":[5.2160745,43.816516]},"properties":{"destination":"Bonnieux;Les Cassandrons|M\u00e9nerbes;La Reyne|For\u00eat des C\u00e8dres;L'Homme mort","hiking":"yes","information":"guidepost","mapillary":"554666979240075","mtb":"yes","name":"La Reyne Est","operator":"CD84","ref":"3831","tourism":"information","osm_id":5611807339,"@id":"node/5611807339"}},{"type":"Feature","id":"node/5611807340","geometry":{"type":"Point","coordinates":[5.2135874,43.8169596]},"properties":{"destination":"M\u00e9nerbes|Opp\u00e8de-le-Vieux;Poudarigue|Bonnieux;La Reyne Est","hiking":"yes","information":"guidepost","mapillary":"188985749707033;224800912813251;946683689221769","mtb":"yes","name":"La Reyne","operator":"CD84","ref":"3830","tourism":"information","osm_id":5611807340,"@id":"node/5611807340"}},{"type":"Feature","id":"node/5611807341","geometry":{"type":"Point","coordinates":[5.3704973,43.8347048]},"properties":{"destination":"Buoux;Chapelle Ste-Marie|Buoux;Escoufines|Bonnieux;Ch\u00e2teau de Buoux","hiking":"yes","information":"guidepost","mapillary":"290130072789390","name":"Bosquet","operator":"CD84","ref":"3042","tourism":"information","osm_id":5611807341,"@id":"node/5611807341"}},{"type":"Feature","id":"node/5611807342","geometry":{"type":"Point","coordinates":[5.4468731,43.801876]},"properties":{"destination":"Saignon;L'Amourralhadou|Cucuron;La Figui\u00e8re","hiking":"yes","information":"guidepost","mapillary":"817278535870420","name":"Vallon de la Fayette","operator":"CD84","ref":"26326","tourism":"information","osm_id":5611807342,"@id":"node/5611807342"}},{"type":"Feature","id":"node/5611807381","geometry":{"type":"Point","coordinates":[5.1958036,43.9502459]},"properties":{"destination":"La Pouraque;La Haute Pouraque|Gordes;Fontanille|Murs;Mallet","hiking":"yes","information":"guidepost","mapillary":"332119544988140;327110608762398;484337802777780","name":"Trois Termes","operator":"CD84","ref":"16061","tourism":"information","osm_id":5611807381,"@id":"node/5611807381"}},{"type":"Feature","id":"node/5611807406","geometry":{"type":"Point","coordinates":[5.233598,43.9628428]},"properties":{"destination":"Col de Murs|Le Village|Col de la Ligne;La Grande Blaque","hiking":"yes","information":"guidepost","name":"Les Vallons","operator":"CD84","ref":"15282","tourism":"information","osm_id":5611807406,"@id":"node/5611807406"}},{"type":"Feature","id":"node/5611807407","geometry":{"type":"Point","coordinates":[5.2262199,43.977093]},"properties":{"destination":"Gordes;Mallet|Murs;Les Vallons|Malemort-du-Comtat;Croix de la Fuste","hiking":"yes","information":"guidepost","mapillary":"781009065888944","mtb":"yes","name":"Col de Murs","operator":"CD84","ref":"15275","tourism":"information","wikimedia_commons":"File:Col de Murs - randonn\u00e9es.jpg;File:Col de Murs 2.jpg","osm_id":5611807407,"@id":"node/5611807407"}},{"type":"Feature","id":"node/5611809538","geometry":{"type":"Point","coordinates":[5.3748304,43.8325533]},"properties":{"destination":"Buoux|Bonnieux;Bosquet","hiking":"yes","information":"guidepost","mapillary":"224972792726469","name":"Chapelle Ste-Marie","operator":"CD84","ref":"3031","tourism":"information","osm_id":5611809538,"@id":"node/5611809538"}},{"type":"Feature","id":"node/5611809539","geometry":{"type":"Point","coordinates":[5.3774656,43.8301027]},"properties":{"destination":"Bosquet|Sivergues;Les Ramades|Buoux","hiking":"yes","information":"guidepost","mapillary":"269031958339815","name":"Escoufines","operator":"CD84","ref":"3060","tourism":"information","osm_id":5611809539,"@id":"node/5611809539"}},{"type":"Feature","id":"node/5611809545","geometry":{"type":"Point","coordinates":[5.3780001,43.8314291]},"properties":{"destination":"Sivergues;Escoufines|Apt;Chapelle Ste-Marie|Chante Duc","hiking":"yes","information":"guidepost","mapillary":"4262546063768686","name":"Buoux","operator":"CD84","ref":"3028","tourism":"information","osm_id":5611809545,"@id":"node/5611809545"}},{"type":"Feature","id":"node/5611809550","geometry":{"type":"Point","coordinates":[5.3886678,43.8226934]},"properties":{"destination":"Buoux;Aiguebrun|Sivergues|Cr\u00eate du Luberon;L'Ourillon;Pelat de Buoux","hiking":"yes","information":"guidepost","mapillary":"1189571978208721","mtb":"yes","name":"Ravin d'Enfer","operator":"CD84","ref":"30528","tourism":"information","osm_id":5611809550,"@id":"node/5611809550"}},{"type":"Feature","id":"node/5611809552","geometry":{"type":"Point","coordinates":[5.3792352,43.8208022]},"properties":{"destination":"Fort de Buoux;Serre|Sivergues;Aiguebrun","hiking":"yes","information":"guidepost","mapillary":"290917819424169","name":"Moulin Clos","operator":"CD84","ref":"3146","tourism":"information","osm_id":5611809552,"@id":"node/5611809552"}},{"type":"Feature","id":"node/5611809555","geometry":{"type":"Point","coordinates":[5.3883903,43.8225535]},"properties":{"destination":"Buoux;Chemin de Frau|Fort de Buoux;Moulin Clos|Sivergues;Ravin d'Enfer","hiking":"yes","information":"guidepost","mapillary":"270205737866490","mtb":"yes","name":"Aiguebrun","operator":"CD84","ref":"3082","tourism":"information","osm_id":5611809555,"@id":"node/5611809555"}},{"type":"Feature","id":"node/5611809565","geometry":{"type":"Point","coordinates":[5.3872905,43.8231762]},"properties":{"destination":"Buoux;Les Ramades|Sivergues;Aiguebrun","hiking":"yes","information":"guidepost","mapillary":"868549327061039","name":"Chemin de Frau","operator":"CD84","ref":"3075","tourism":"information","osm_id":5611809565,"@id":"node/5611809565"}},{"type":"Feature","id":"node/5611809566","geometry":{"type":"Point","coordinates":[5.3877013,43.8313]},"properties":{"destination":"Barbe Blanche|Les Ramades|Apt;Buoux","hiking":"yes","information":"guidepost","mapillary":"372371777531038","name":"Chante Duc","operator":"CD84","tourism":"information","osm_id":5611809566,"@id":"node/5611809566"}},{"type":"Feature","id":"node/5611809567","geometry":{"type":"Point","coordinates":[5.2446842,43.9457287]},"properties":{"destination":"Joucas;La Rourette|Murs;Pr\u00e9s Longs|Veroncle;Village de Vacances","hiking":"yes","information":"guidepost","mapillary":"1456118558072927;849298839318540","name":"N-D du Salut","operator":"CD84","ref":"15542","tourism":"information","osm_id":5611809567,"@id":"node/5611809567"}},{"type":"Feature","id":"node/5611859916","geometry":{"type":"Point","coordinates":[5.4457219,43.8182699]},"properties":{"destination":"L'Amourralhadou|Saignon;Le Colombier|Sivergues;Lou Pas deis Ensarris","hiking":"yes","information":"guidepost","mapillary":"509613386755749","name":"Les Estrugets","operator":"CD84","ref":"3157","tourism":"information","osm_id":5611859916,"@id":"node/5611859916"}},{"type":"Feature","id":"node/5613316364","geometry":{"type":"Point","coordinates":[5.2938083,43.9018563]},"properties":{"destination":"Gargas;Piquebori|Lioux;Le Sage|Gordes;Ribas","hiking":"yes","information":"guidepost","name":"Roussillon","operator":"CD84","ref":"17632","tourism":"information","osm_id":5613316364,"@id":"node/5613316364"}},{"type":"Feature","id":"node/5613317871","geometry":{"type":"Point","coordinates":[5.2521931,43.9284257]},"properties":{"destination":"Murs;La Rourette|Joucas;Aires du Ch\u00e2teau|Lioux - Le Ch\u00e2teau;Plantades","hiking":"yes","information":"guidepost","mapillary":"166007558698526","name":"Le Mourre Blanc","operator":"CD84","ref":"15499","tourism":"information","osm_id":5613317871,"@id":"node/5613317871"}},{"type":"Feature","id":"node/5613317910","geometry":{"type":"Point","coordinates":[5.2045309,43.925555]},"properties":{"destination":"Gordes|La Pouraque;Trois Termes|Murs;V\u00e9zaule","hiking":"yes","information":"guidepost","mapillary":"948253702391345","mtb":"yes","name":"Fontanille","operator":"CD84","ref":"16083","tourism":"information","osm_id":5613317910,"@id":"node/5613317910"}},{"type":"Feature","id":"node/5613317911","geometry":{"type":"Point","coordinates":[5.435973,43.7728592]},"properties":{"destination":"Vaugines;Chemin de Lautin","hiking":"yes","information":"guidepost","mapillary":"502325124226281","name":"Cucuron","operator":"CD84","ref":"26245","tourism":"information","osm_id":5613317911,"@id":"node/5613317911"}},{"type":"Feature","id":"node/5614329481","geometry":{"type":"Point","coordinates":[5.2474724,43.9605091]},"properties":{"destination":"M\u00e9thamis;La Grande Blaque|Murs;Les Cairades|Les Calamels","hiking":"yes","information":"guidepost","mapillary":"825425471746264","name":"Les Vergiers","operator":"CD84","ref":"16871","tourism":"information","osm_id":5614329481,"@id":"node/5614329481"}},{"type":"Feature","id":"node/5614329501","geometry":{"type":"Point","coordinates":[5.2473892,43.9554427]},"properties":{"destination":"Lioux - Le Ch\u00e2teau;Les Calamels|M\u00e9thamis;Les Vergiers|Murs","hiking":"yes","information":"guidepost","mapillary":"171422565079275","mtb":"yes","name":"Les Cairades","operator":"CD84","ref":"15298","tourism":"information","osm_id":5614329501,"@id":"node/5614329501"}},{"type":"Feature","id":"node/5614329502","geometry":{"type":"Point","coordinates":[5.2354909,43.7565502]},"properties":{"destination":"For\u00eat des C\u00e8dres;La Reveyrolle","hiking":"yes","information":"guidepost","mapillary":"259805119175743","name":"Les Borrys","operator":"CD84","ref":"4157","tourism":"information","osm_id":5614329502,"@id":"node/5614329502"}},{"type":"Feature","id":"node/5614329503","geometry":{"type":"Point","coordinates":[5.4891971,43.8060225]},"properties":{"destination":"La Draille de Roche|Cabri\u00e8res d'Aigues;Cime de Vi\u00e8re|Le Mourre N\u00e8gre;La Basse de Cabri\u00e8res","hiking":"yes","information":"guidepost","mapillary":"317377943461203","name":"Le Couleton","operator":"CD84","ref":"4214","tourism":"information","osm_id":5614329503,"@id":"node/5614329503"}},{"type":"Feature","id":"node/5614329504","geometry":{"type":"Point","coordinates":[5.4930125,43.8185428]},"properties":{"destination":"Cabri\u00e8res d'Aigues;Le Gros Coulet|Castellet;Raymondette|Le Mourre N\u00e8gre;La Basse de Cabri\u00e8res","hiking":"yes","information":"guidepost","mapillary":"4183883121703010","mtb":"yes","name":"Le Coulet Redon","operator":"CD84","ref":"3180","tourism":"information","osm_id":5614329504,"@id":"node/5614329504"}},{"type":"Feature","id":"node/5614329505","geometry":{"type":"Point","coordinates":[5.5079162,43.795392]},"properties":{"destination":"Cabri\u00e8res d'Aigues;Les Vaucedes|Cr\u00eate du Luberon;La Draille de Roche","hiking":"yes","information":"guidepost","mapillary":"781672875880581","name":"La Tombe du Pin","operator":"CD84","ref":"28101","tourism":"information","osm_id":5614329505,"@id":"node/5614329505"}},{"type":"Feature","id":"node/5614329506","geometry":{"type":"Point","coordinates":[5.2402505,43.7651881]},"properties":{"destination":"Les Borrys|M\u00e9rindol;For\u00eat des C\u00e8dres;Sadaillan;La Tapi","hiking":"yes","information":"guidepost","mapillary":"892667868256026","name":"La Reveyrolle","operator":"CD84","ref":"3691","tourism":"information","osm_id":5614329506,"@id":"node/5614329506"}},{"type":"Feature","id":"node/5614329508","geometry":{"type":"Point","coordinates":[5.198274,43.816724]},"properties":{"destination":"Les Hautes Plaines|M\u00e9nerbes;La Reyne|Le Vieil-Opp\u00e8de","hiking":"yes","information":"guidepost","mtb":"yes","name":"Poudarigue","operator":"CD84","ref":"3820","tourism":"information","osm_id":5614329508,"@id":"node/5614329508"}},{"type":"Feature","id":"node/5614329517","geometry":{"type":"Point","coordinates":[5.5024492,43.7579102]},"properties":{"destination":"St Martin de la Brasque;La Bonde|Cabri\u00e8res-d'Aigues;Le Renard","hiking":"yes","information":"guidepost","mapillary":"223835409582290","name":"Les Baronnes","operator":"CD84","ref":"14973","tourism":"information","osm_id":5614329517,"@id":"node/5614329517"}},{"type":"Feature","id":"node/5614794492","geometry":{"type":"Point","coordinates":[5.5229896,43.7729527]},"properties":{"destination":"Peypin-d'Aigues;Mirail|Saint-Martin-de-la-Brasque;Les Loines","hiking":"yes","information":"guidepost","mapillary":"3884266401703125;1005371173599214","name":"L'Arcade","operator":"CD84","ref":"15040","tourism":"information","osm_id":5614794492,"@id":"node/5614794492"}},{"type":"Feature","id":"node/5614794493","geometry":{"type":"Point","coordinates":[5.5466419,43.7775625]},"properties":{"destination":"Peypin-d'Aigues;La Gravi\u00e8re|Cr\u00eate du Luberon;Mirail|Saint-Martin-de-la-Brasque;La Croix|La Tour-d'Aigues;Les Furets","hiking":"yes","information":"guidepost","name":"Fontjoyeuse","operator":"CD84","ref":"26377","tourism":"information","osm_id":5614794493,"@id":"node/5614794493"}},{"type":"Feature","id":"node/5614794494","geometry":{"type":"Point","coordinates":[5.3787578,43.742598]},"properties":{"destination":"Verni\u00e9re|Lourmarin;Coulongue|Cadenet","hiking":"yes","information":"guidepost","mapillary":"1175492926221416","name":"Les Fourques","operator":"CD84","ref":"26127","tourism":"information","osm_id":5614794494,"@id":"node/5614794494"}},{"type":"Feature","id":"node/5614794864","geometry":{"type":"Point","coordinates":[5.3862049,43.7576123]},"properties":{"destination":"Lourmarin;St Andr\u00e9|Cadenet;Les Fourques","hiking":"yes","information":"guidepost","mapillary":"150082697087396","name":"Coulongue","operator":"CD84","ref":"26197","tourism":"information","osm_id":5614794864,"@id":"node/5614794864"}},{"type":"Feature","id":"node/5614794865","geometry":{"type":"Point","coordinates":[5.373964,43.7591074]},"properties":{"destination":"Cadenet;Coulongue|Lourmarin;La Paccarde","hiking":"yes","information":"guidepost","mapillary":"468338084228906","name":"St Andr\u00e9","operator":"CD84","ref":"26193","tourism":"information","osm_id":5614794865,"@id":"node/5614794865"}},{"type":"Feature","id":"node/5614794867","geometry":{"type":"Point","coordinates":[5.2962376,43.7878137]},"properties":{"destination":"Bonnieux;Combe du Sautadou|For\u00eat des C\u00e8dres;L'aire des bosses|Lauris;Recaute","hiking":"yes","information":"guidepost","mapillary":"478648230123115","mtb":"yes","name":"Combe de Recaute","operator":"CD84","ref":"3495","tourism":"information","osm_id":5614794867,"@id":"node/5614794867"}},{"type":"Feature","id":"node/5614794868","geometry":{"type":"Point","coordinates":[5.5088644,43.7824804]},"properties":{"destination":"La Motte d'Aigues|Cr\u00eate du Luberon;La Tombe du Pin|La Bonde|Cabri\u00e8res d'Aigues;Le Clot","hiking":"yes","information":"guidepost","mapillary":"389169689202376;312575490496049","name":"Les Vaucedes","operator":"CD84","ref":"14949","tourism":"information","osm_id":5614794868,"@id":"node/5614794868"}},{"type":"Feature","id":"node/5614794935","geometry":{"type":"Point","coordinates":[5.3009449,43.7883322]},"properties":{"destination":"Bonnieux;Tour Philippe|Lauris;Valbigonce|For\u00eat des C\u00e8dres;Combe de Recaute","hiking":"yes","information":"guidepost","mapillary":"217770453197581","name":"Combe du Sautadou","operator":"CD84","tourism":"information","osm_id":5614794935,"@id":"node/5614794935"}},{"type":"Feature","id":"node/5614794936","geometry":{"type":"Point","coordinates":[5.3064635,43.7783261]},"properties":{"destination":"Lauris;Combe de Bigonce|Cadass\u00e8s|Bonnieux;Combe du Sautadou","hiking":"yes","information":"guidepost","mapillary":"219003329698672","mtb":"yes","name":"Valbigonce","operator":"CD84","ref":"3570","tourism":"information","osm_id":5614794936,"@id":"node/5614794936"}},{"type":"Feature","id":"node/5614794937","geometry":{"type":"Point","coordinates":[5.2943534,43.7736833]},"properties":{"destination":"Lauris;Combe de Bigonce|For\u00eat des C\u00e8dres;Combe de Recaute","hiking":"yes","information":"guidepost","mapillary":"524794901884062","mtb":"yes","name":"Recaute","operator":"CD84","tourism":"information","osm_id":5614794937,"@id":"node/5614794937"}},{"type":"Feature","id":"node/5614949852","geometry":{"type":"Point","coordinates":[5.150072,44.2397827]},"properties":{"destination":"L'Eyguemarse|L'Aparant;La Dame","hiking":"yes","information":"guidepost","mapillary":"913239682576803","name":"Les Beaumettes","operator":"CD84","ref":"28291","tourism":"information","osm_id":5614949852,"@id":"node/5614949852"}},{"type":"Feature","id":"node/5614949853","geometry":{"type":"Point","coordinates":[5.2644897,44.0430727]},"properties":{"destination":"La Gaillarde;Passichaud|Villes-sur-Auzon;La C\u00e9nita|L'Adret","hiking":"yes","information":"guidepost","mapillary":"4730440900316289","name":"La Lauze","operator":"CD84","ref":"15366","tourism":"information","osm_id":5614949853,"@id":"node/5614949853"}},{"type":"Feature","id":"node/5614949858","geometry":{"type":"Point","coordinates":[5.4670461,43.7352243]},"properties":{"destination":"Pertuis;Le Gav\u00e8de|Ansouis|Villelaure;Coulet Blanc","hiking":"yes","information":"guidepost","name":"Tuili\u00e8re","operator":"CD84","ref":"28097","tourism":"information","osm_id":5614949858,"@id":"node/5614949858"}},{"type":"Feature","id":"node/5615179023","geometry":{"type":"Point","coordinates":[5.1202901,44.1330471]},"properties":{"destination":"Caromb;La petite Euzi\u00e8re|La Madeleine|Malauc\u00e8ne;L'A\u00e9ropostale","hiking":"yes","information":"guidepost","mapillary":"288136269680603;928493148003866","mtb":"yes","name":"La Chapelle du Paty","operator":"CD84","ref":"1126","tourism":"information","osm_id":5615179023,"@id":"node/5615179023"}},{"type":"Feature","id":"node/5615179143","geometry":{"type":"Point","coordinates":[5.2663216,44.0546113]},"properties":{"destination":"Blauvac;Balavard|Flassan;Les Escampeaux|La Gaillarde;Perrin","hiking":"yes","information":"guidepost","mapillary":"2558724874271410;518652306168246;1114891869004601;253835006522725;2853549954863112;149039047237231","name":"Grand D\u00e9fends","operator":"CD84","ref":"15163","tourism":"information","osm_id":5615179143,"@id":"node/5615179143"}},{"type":"Feature","id":"node/5615179144","geometry":{"type":"Point","coordinates":[5.2826469,44.0629063]},"properties":{"destination":"La Lauze;Les Peyrards|La Gaillarde;Pi\u00e9 Gros|Grand D\u00e9fends","hiking":"yes","information":"guidepost","mapillary":"349123973299308;206484674469885;285559489943233;790904574735922;2827015750891762;816459515968624","name":"Perrin","operator":"CD84","ref":"15183","tourism":"information","osm_id":5615179144,"@id":"node/5615179144"}},{"type":"Feature","id":"node/5615179154","geometry":{"type":"Point","coordinates":[5.2847749,44.0626432]},"properties":{"destination":"La Gaillarde;Pas du Loup|Villes-sur-Auzon;Les Escampeaux|Perrin","hiking":"yes","information":"guidepost","mapillary":"1887261714783173;300267131797901;211504810598576","name":"Pi\u00e9 Gros","operator":"CD84","ref":"15227","tourism":"information","osm_id":5615179154,"@id":"node/5615179154"}},{"type":"Feature","id":"node/5615179155","geometry":{"type":"Point","coordinates":[5.2743025,44.1136053]},"properties":{"destination":"Flassan;Les Tourreus|St-Est\u00e8ve;L'Ecluse du Grand Zene|Chalet Reynard;Petit Moutet","hiking":"yes","information":"guidepost","mapillary":"952969862136215;2228754643921187;471326324099760","mtb":"yes","name":"Combe de Guer\u00e8ne","operator":"CD84","ref":"1610","tourism":"information","osm_id":5615179155,"@id":"node/5615179155"}},{"type":"Feature","id":"node/5632173899","geometry":{"type":"Point","coordinates":[5.4098215,43.7797395]},"properties":{"destination":"Chapelle de l'Ermitage;Vallis Jovina|Cr\u00eate du Luberon;Lou Pas deis Ensarris|Lourmarin;La Furge","hiking":"yes","information":"guidepost","name":"Vaugines","operator":"CD84","ref":"26256","tourism":"information","osm_id":5632173899,"@id":"node/5632173899"}},{"type":"Feature","id":"node/5632173900","geometry":{"type":"Point","coordinates":[5.4173863,43.7797635]},"properties":{"destination":"Chemin de Lautin|Cr\u00eate du Luberon;Vaugines|Chapelle de l'Ermitage;Guet","hiking":"yes","information":"guidepost","mapillary":"927635391363167","name":"Vallis Jovina","operator":"CD84","tourism":"information","osm_id":5632173900,"@id":"node/5632173900"}},{"type":"Feature","id":"node/5632173901","geometry":{"type":"Point","coordinates":[5.4166353,43.7785764]},"properties":{"destination":"Cucuron|Chapelle de l'Ermitage;Vallis Jovina","hiking":"yes","information":"guidepost","mapillary":"1675302709328042","name":"Chemin de Lautin","operator":"CD84","ref":"26217","tourism":"information","osm_id":5632173901,"@id":"node/5632173901"}},{"type":"Feature","id":"node/5632174222","geometry":{"type":"Point","coordinates":[5.4357594,43.7866723]},"properties":{"destination":"Cucuron;Ermitage","hiking":"yes","information":"guidepost","mapillary":"318648566330661","name":"Chapelle de l'Ermitage","operator":"CD84","ref":"26927","tourism":"information","osm_id":5632174222,"@id":"node/5632174222"}},{"type":"Feature","id":"node/5632174226","geometry":{"type":"Point","coordinates":[5.4422215,43.7727769]},"properties":{"destination":"Ansouis;St Victor|Chapelle de l'Ermitage;Cave de Cucuron|Saignon;Galon","hiking":"yes","information":"guidepost","mapillary":"517914282912317","name":"La Fontaite","operator":"CD84","ref":"26286","tourism":"information","osm_id":5632174226,"@id":"node/5632174226"}},{"type":"Feature","id":"node/5632174249","geometry":{"type":"Point","coordinates":[5.440807,43.7743561]},"properties":{"destination":"Saignon;La Figui\u00e8re|Chapelle de l'Ermitage;Ermitage|Ansouis;La Fontaite","hiking":"yes","information":"guidepost","mapillary":"410519073428110","name":"Cave de Cucuron","operator":"CD84","ref":"26219","tourism":"information","osm_id":5632174249,"@id":"node/5632174249"}},{"type":"Feature","id":"node/5632174250","geometry":{"type":"Point","coordinates":[5.4351707,43.7827419]},"properties":{"destination":"Cucuron;L'Etang|Vaugines;Guet|Chapelle de l'Ermitage","hiking":"yes","information":"guidepost","mapillary":"221147262793338","name":"Ermitage","operator":"CD84","ref":"26267","tourism":"information","osm_id":5632174250,"@id":"node/5632174250"}},{"type":"Feature","id":"node/5632174254","geometry":{"type":"Point","coordinates":[5.4302515,43.777045]},"properties":{"destination":"Vaugines;Vallis Jovina|Chapelle de l'Ermitage;Ermitage|Cucuron;L'Etang","hiking":"yes","information":"guidepost","mapillary":"472036397417108","name":"Guet","operator":"CD84","ref":"26240","tourism":"information","osm_id":5632174254,"@id":"node/5632174254"}},{"type":"Feature","id":"node/5643695038","geometry":{"type":"Point","coordinates":[5.4479119,43.8184494]},"properties":{"destination":"Sivergues;Les Estrugets|Saignon;Les Fondons|Cucuron;Vallon de la Fayette","hiking":"yes","information":"guidepost","mapillary":"928247088025982","name":"L'Amourralhadou","operator":"CD84","ref":"3239","tourism":"information","osm_id":5643695038,"@id":"node/5643695038"}},{"type":"Feature","id":"node/5643695963","geometry":{"type":"Point","coordinates":[5.3514254,43.8345819]},"properties":{"destination":"Bonnieux;Baume d'Estellan|Buoux;Ch\u00e2teau de Buoux","hiking":"yes","information":"guidepost","mapillary":"2326106000854097;458865678531573","name":"Col de Pointu","operator":"CD84","ref":"29396","tourism":"information","osm_id":5643695963,"@id":"node/5643695963"}},{"type":"Feature","id":"node/5643695965","geometry":{"type":"Point","coordinates":[5.3359608,43.825464]},"properties":{"destination":"Buoux;Col de Pointu|Bonnieux;Les Blayons|St Symphorien;Le Grand Verger","hiking":"yes","information":"guidepost","mapillary":"133629345478304","name":"Baume d'Estellan","operator":"CD84","ref":"3271","tourism":"information","osm_id":5643695965,"@id":"node/5643695965"}},{"type":"Feature","id":"node/5643695972","geometry":{"type":"Point","coordinates":[5.3422999,43.8093416]},"properties":{"destination":"Buoux;La Tour","hiking":"yes","information":"guidepost","mapillary":"557659838956145;1648957978827266","name":"Grotte des Brigands","operator":"CD84","ref":"3455","tourism":"information","osm_id":5643695972,"@id":"node/5643695972"}},{"type":"Feature","id":"node/5643695973","geometry":{"type":"Point","coordinates":[5.3539132,43.823064]},"properties":{"destination":"Buoux;St Symphorien|Bonnieux;Baume d'Estellan","hiking":"yes","information":"guidepost","mapillary":"1507974876078029;809520423311625","mtb":"yes","name":"Le Grand Verger","operator":"CD84","tourism":"information","osm_id":5643695973,"@id":"node/5643695973"}},{"type":"Feature","id":"node/5643695977","geometry":{"type":"Point","coordinates":[5.3587814,43.8237887]},"properties":{"destination":"Grotte des Brigands;La Tour|Buoux;Ch\u00e2teau de Buoux|Bonnieux;Le Grand Verger","hiking":"yes","information":"guidepost","mapillary":"240150894565087","mtb":"yes","name":"St Symphorien","operator":"CD84","ref":"3276","tourism":"information","osm_id":5643695977,"@id":"node/5643695977"}},{"type":"Feature","id":"node/5643695978","geometry":{"type":"Point","coordinates":[5.3135627,43.8233281]},"properties":{"destination":"Buoux;Les Blayons","hiking":"yes","information":"guidepost","mapillary":"152234130201633","name":"Aire des Croix","operator":"CD84","tourism":"information","osm_id":5643695978,"@id":"node/5643695978"}},{"type":"Feature","id":"node/5643695987","geometry":{"type":"Point","coordinates":[5.3188781,43.8226513]},"properties":{"destination":"Buoux;Baume d'Estellan|Bonnieux;Aire des Croix|Les Cabanes","hiking":"yes","information":"guidepost","mapillary":"1112816259201626","mtb":"yes","name":"Les Blayons","operator":"CD84","ref":"3290","tourism":"information","osm_id":5643695987,"@id":"node/5643695987"}},{"type":"Feature","id":"node/5643695993","geometry":{"type":"Point","coordinates":[5.3447588,43.8167724]},"properties":{"destination":"Bonnieux;Les Cabanes|Buoux;La Tour","hiking":"yes","information":"guidepost","mapillary":"268559155015569;187761643193268","name":"Le Pas de la Truie","operator":"CD84","ref":"30501","tourism":"information","osm_id":5643695993,"@id":"node/5643695993"}},{"type":"Feature","id":"node/5643695996","geometry":{"type":"Point","coordinates":[5.3299087,43.7876855]},"properties":{"destination":"Lourmarin;Cadass\u00e8s|Bonnieux;Bertet","hiking":"yes","information":"guidepost","name":"Vallon des Bourras","operator":"CD84","ref":"3529","tourism":"information","osm_id":5643695996,"@id":"node/5643695996"}},{"type":"Feature","id":"node/5643696025","geometry":{"type":"Point","coordinates":[5.3470584,43.7691489]},"properties":{"destination":"Lourmarin;Chemin de Pierrouret|Bonnieux;Cadass\u00e8s","hiking":"yes","information":"guidepost","mapillary":"141669437978092","name":"Pierrouret","operator":"CD84","ref":"30822","tourism":"information","osm_id":5643696025,"@id":"node/5643696025"}},{"type":"Feature","id":"node/5643696026","geometry":{"type":"Point","coordinates":[5.3296802,43.7847447]},"properties":{"destination":"Bonnieux;Vallon des Bourras|Lauris;Valbigonce|Lourmarin;Pierrouret","hiking":"yes","information":"guidepost","name":"Cadass\u00e8s","operator":"CD84","ref":"3533","tourism":"information","osm_id":5643696026,"@id":"node/5643696026"}},{"type":"Feature","id":"node/5643696091","geometry":{"type":"Point","coordinates":[5.3313249,43.7949094]},"properties":{"destination":"Bonnieux;Bertet|Gu\u00e9 du Val du Loup|Lourmarin;Vallon des Bourras","hiking":"yes","information":"guidepost","name":"Gest","operator":"CD84","tourism":"information","osm_id":5643696091,"@id":"node/5643696091"}},{"type":"Feature","id":"node/5643696119","geometry":{"type":"Point","coordinates":[5.3139187,43.8034343]},"properties":{"destination":"Gest|Lourmarin;Vallon des Bourras|Bonnieux;Les Crests","hiking":"yes","information":"guidepost","mapillary":"485356272777412","mtb":"yes","name":"Bertet","operator":"CD84","ref":"3555","tourism":"information","osm_id":5643696119,"@id":"node/5643696119"}},{"type":"Feature","id":"node/5643696128","geometry":{"type":"Point","coordinates":[5.313668,43.8040209]},"properties":{"destination":"Bonnieux;La Garenne|Lourmarin;Bertet|Chambarelle","hiking":"yes","information":"guidepost","mapillary":"218581810069595","mtb":"yes","name":"Les Crests","operator":"CD84","ref":"4192","tourism":"information","osm_id":5643696128,"@id":"node/5643696128"}},{"type":"Feature","id":"node/5643696129","geometry":{"type":"Point","coordinates":[5.3131396,43.8056256]},"properties":{"destination":"Les Crests","hiking":"yes","information":"guidepost","mapillary":"1465141940500954","name":"Chambarelle","operator":"CD84","ref":"4193","tourism":"information","osm_id":5643696129,"@id":"node/5643696129"}},{"type":"Feature","id":"node/5643873122","geometry":{"type":"Point","coordinates":[5.4099458,43.8491955]},"properties":{"destination":"Auribeau;Vouliou|Sivergues;Pr\u00e9 des Masques|Saignon;Rocsali\u00e8re","hiking":"yes","information":"guidepost","name":"Plaine Lambertes","operator":"CD84","ref":"2851","tourism":"information","osm_id":5643873122,"@id":"node/5643873122"}},{"type":"Feature","id":"node/5643873123","geometry":{"type":"Point","coordinates":[5.3847365,43.8053071]},"properties":{"destination":"Fort de Buoux;Serre|Buoux;L'Ourillon|Lourmarin;Combe des Cavaliers","hiking":"yes","information":"guidepost","mapillary":"209565697687395;520689285747401;952638801977438","name":"Vallon de Serre","operator":"CD84","tourism":"information","osm_id":5643873123,"@id":"node/5643873123"}},{"type":"Feature","id":"node/5643873124","geometry":{"type":"Point","coordinates":[5.398863,43.8088708]},"properties":{"destination":"Fort de Buoux;Serre|Buoux;Ravin de l'Enfer|Cr\u00eate du Luberon;Pelat de Buoux","hiking":"yes","information":"guidepost","mapillary":"220721489743585","name":"L'Ourillon","operator":"CD84","ref":"3449","tourism":"information","osm_id":5643873124,"@id":"node/5643873124"}},{"type":"Feature","id":"node/5643873129","geometry":{"type":"Point","coordinates":[5.4116953,43.8109501]},"properties":{"destination":"Pelat de Buoux|Sivergues|L'Amourralhadou;Les Estrugets|Vaugines","hiking":"yes","information":"guidepost","mapillary":"530690511274725","name":"Lou Pas deis Ensarris","operator":"CD84","ref":"3116","tourism":"information","osm_id":5643873129,"@id":"node/5643873129"}},{"type":"Feature","id":"node/5643873150","geometry":{"type":"Point","coordinates":[5.3990354,43.8075203]},"properties":{"destination":"Lou Pas deis Ensarris|Buoux;L'Ourillon","hiking":"yes","information":"guidepost","name":"Pelat de Buoux","operator":"CD84","ref":"30842","tourism":"information","osm_id":5643873150,"@id":"node/5643873150"}},{"type":"Feature","id":"node/5643873153","geometry":{"type":"Point","coordinates":[5.3714119,43.8450202]},"properties":{"destination":"Les Tourettes|Buoux;Chapelle Ste-Marie|Apt;Ch\u00e2teau des Tourettes","hiking":"yes","information":"guidepost","mapillary":"1196990704105051","name":"Les Picatiers","operator":"CD84","ref":"2986","tourism":"information","osm_id":5643873153,"@id":"node/5643873153"}},{"type":"Feature","id":"node/5643875931","geometry":{"type":"Point","coordinates":[5.3684568,43.8345413]},"properties":{"destination":"Bonnieux;Col de Pointu|Grotte des Brigands;St Symphorien|Buoux;Bosquet","hiking":"yes","information":"guidepost","mapillary":"520131639164269","name":"Ch\u00e2teau de Buoux","operator":"CD84","ref":"3040","tourism":"information","osm_id":5643875931,"@id":"node/5643875931"}},{"type":"Feature","id":"node/5644809934","geometry":{"type":"Point","coordinates":[5.3917377,43.719693]},"properties":{"destination":"Les Planes|Cadenet;Le Septen|Pont de Cadenet;Champ Long","hiking":"yes","information":"guidepost","mapillary":"503767221054694","name":"Le Septen Est","operator":"CD84","ref":"28164","tourism":"information","osm_id":5644809934,"@id":"node/5644809934"}},{"type":"Feature","id":"node/5644809935","geometry":{"type":"Point","coordinates":[5.3861091,43.7193121]},"properties":{"destination":"Cadenet;L'Argent|Le Septen Est","hiking":"yes","information":"guidepost","mapillary":"536476787520222","name":"Le Septen","operator":"CD84","ref":"27885","tourism":"information","osm_id":5644809935,"@id":"node/5644809935"}},{"type":"Feature","id":"node/5644809936","geometry":{"type":"Point","coordinates":[5.365684,43.727055]},"properties":{"destination":"Le Septen|Cadenet;Les Ferrages|Pont de Cadenet;Les Routes","hiking":"yes","information":"guidepost","mapillary":"949166502593313","name":"L'Argent","operator":"CD84","ref":"27888","tourism":"information","osm_id":5644809936,"@id":"node/5644809936"}},{"type":"Feature","id":"node/5644810465","geometry":{"type":"Point","coordinates":[5.387949,43.7365188]},"properties":{"destination":"Cadenet;Verni\u00e9re|La Petite Roy\u00e8re","hiking":"yes","information":"guidepost","mapillary":"765874914111595","name":"St Jean","operator":"CD84","ref":"27858","tourism":"information","osm_id":5644810465,"@id":"node/5644810465"}},{"type":"Feature","id":"node/5644810677","geometry":{"type":"Point","coordinates":[5.5577054,43.7845631]},"properties":{"destination":"Peypin-d'Aigues|St Martin de la Brasque;Fontjoyeuse","hiking":"yes","information":"guidepost","name":"La Gravi\u00e8re","operator":"CD84","ref":"26436","tourism":"information","osm_id":5644810677,"@id":"node/5644810677"}},{"type":"Feature","id":"node/5644811854","geometry":{"type":"Point","coordinates":[5.3955833,43.7236959]},"properties":{"destination":"Cadenet;Desportis|Cadenet sud;Le Septen Est","hiking":"yes","information":"guidepost","mapillary":"866578780592848","name":"Les Planes","operator":"CD84","ref":"26104","tourism":"information","osm_id":5644811854,"@id":"node/5644811854"}},{"type":"Feature","id":"node/5644812009","geometry":{"type":"Point","coordinates":[5.3841222,43.737327]},"properties":{"destination":"Cadenet;Les Fourques|St Jean","hiking":"yes","information":"guidepost","mapillary":"332405208303994","name":"Verni\u00e9re","operator":"CD84","ref":"27857","tourism":"information","osm_id":5644812009,"@id":"node/5644812009"}},{"type":"Feature","id":"node/5645650731","geometry":{"type":"Point","coordinates":[5.1422754,44.1194419]},"properties":{"destination":"St-Jean|Malauc\u00e8ne;Sidoine|Caromb;Chemin de Crillon","hiking":"yes","information":"guidepost","mapillary":"300627731658085","name":"Crillon Le Brave","operator":"CD84","ref":"1235","tourism":"information","osm_id":5645650731,"@id":"node/5645650731"}},{"type":"Feature","id":"node/5645650739","geometry":{"type":"Point","coordinates":[5.1196772,44.1339288]},"properties":{"destination":"Les Trois Termes|Lac du Paty|La Chapelle du Paty","hiking":"yes","information":"guidepost","mapillary":"1171771429951483","mtb":"yes","name":"La Madeleine","operator":"CD84","tourism":"information","osm_id":5645650739,"@id":"node/5645650739"}},{"type":"Feature","id":"node/5645652273","geometry":{"type":"Point","coordinates":[5.1327254,44.140309]},"properties":{"destination":"Malauc\u00e8ne;Le Gros Pata|Lac du Paty;La Madeleine|Caromb;L'A\u00e9ropostale","hiking":"yes","information":"guidepost","mapillary":"2901443600095154;811429903116699;767753200771711","mtb":"yes","name":"Les Trois Termes","operator":"CD84","ref":"1716","tourism":"information","osm_id":5645652273,"@id":"node/5645652273"}},{"type":"Feature","id":"node/5645652274","geometry":{"type":"Point","coordinates":[5.1076964,44.1257029]},"properties":{"destination":"Caromb;La Petite Euzi\u00e8re|Lac du Paty","hiking":"yes","information":"guidepost","mapillary":"2883179991939686;825733354703892","name":"Vallon du Paty","operator":"CD84","ref":"1096","tourism":"information","osm_id":5645652274,"@id":"node/5645652274"}},{"type":"Feature","id":"node/5645652275","geometry":{"type":"Point","coordinates":[5.1139782,44.1337618]},"properties":{"destination":"La Madeleine;Les Trois Termes|Caromb;Vallon du Paty|Malauc\u00e8ne;Font Mour\u00e8le","hiking":"yes","information":"guidepost","mapillary":"480946913179804;4962516863783972","mtb":"yes","name":"Lac du Paty","operator":"CD84","tourism":"information","osm_id":5645652275,"@id":"node/5645652275"}},{"type":"Feature","id":"node/5645652391","geometry":{"type":"Point","coordinates":[5.1270211,44.1364332]},"properties":{"destination":"Malauc\u00e8ne;Les Trois Termes|Caromb;La Chapelle du Paty|Caromb","hiking":"yes","information":"guidepost","mapillary":"1421249301567193","name":"A\u00e9ropostale","operator":"CD84","tourism":"information","osm_id":5645652391,"@id":"node/5645652391"}},{"type":"Feature","id":"node/5645652393","geometry":{"type":"Point","coordinates":[5.4451451,43.7695245]},"properties":{"destination":"Ansouis;Vieille Fontaine|Saignon;Galon|Cucuron;La Fontaite","hiking":"yes","information":"guidepost","mapillary":"487246682592190;517484579423077","name":"St Victor","operator":"CD84","ref":"26294","tourism":"information","osm_id":5645652393,"@id":"node/5645652393"}},{"type":"Feature","id":"node/5645652394","geometry":{"type":"Point","coordinates":[5.4646314,43.7402561]},"properties":{"bicycle":"yes","destination":"Cucuron;St Victor|Sannes;D\u00e9levy Nord","hiking":"yes","information":"guidepost","mapillary":"392307752175963","name":"Vieille Fontaine","operator":"CD84","ref":"26334","tourism":"information","osm_id":5645652394,"@id":"node/5645652394"}},{"type":"Feature","id":"node/5645652395","geometry":{"type":"Point","coordinates":[5.4547562,43.7725532]},"properties":{"destination":"Ansouis;St Victor|Saignon;La Figui\u00e8re|Cucuron;La Fontaite","hiking":"yes","information":"guidepost","mapillary":"190849752894919","mtb":"yes","name":"Galon","operator":"CD84","ref":"26299","tourism":"information","osm_id":5645652395,"@id":"node/5645652395"}},{"type":"Feature","id":"node/5645652398","geometry":{"type":"Point","coordinates":[5.4572996,43.7863058]},"properties":{"destination":"Cucuron;L'Etang|Saignon;Vallon de la Fayette|Ansouis;Galon","hiking":"yes","information":"guidepost","name":"La Figui\u00e8re","operator":"CD84","ref":"26306","tourism":"information","osm_id":5645652398,"@id":"node/5645652398"}},{"type":"Feature","id":"node/5645652399","geometry":{"type":"Point","coordinates":[5.3843374,43.8816716]},"properties":{"destination":"Le Fangas;Avenue de Viton|Pont Julien;Bosque","hiking":"yes","information":"guidepost","name":"Apt La Gare","operator":"CD84","tourism":"information","osm_id":5645652399,"@id":"node/5645652399"}},{"type":"Feature","id":"node/5645652417","geometry":{"type":"Point","coordinates":[5.4018,43.7285087]},"properties":{"destination":"Les Planes|Couguou","hiking":"yes","information":"guidepost","mapillary":"978066382932554","name":"Desportis","operator":"CD84","ref":"26107","tourism":"information","osm_id":5645652417,"@id":"node/5645652417"}},{"type":"Feature","id":"node/5645652459","geometry":{"type":"Point","coordinates":[5.3700976,43.7337189]},"properties":{"destination":"L'Argent","hiking":"yes","information":"guidepost","mapillary":"1234306723690092","name":"Les Ferrages","operator":"CD84","ref":"27877","tourism":"information","osm_id":5645652459,"@id":"node/5645652459"}},{"type":"Feature","id":"node/5645892892","geometry":{"type":"Point","coordinates":[5.2094574,43.910877]},"properties":{"destination":"Joucas;St-Eyri\u00e8s|St-Pantal\u00e9on;Les Daumas|Gordes;Lourdanaud","hiking":"yes","information":"guidepost","name":"Le Touron","operator":"CD84","ref":"30541","tourism":"information","osm_id":5645892892,"@id":"node/5645892892"}},{"type":"Feature","id":"node/5645893068","geometry":{"type":"Point","coordinates":[5.1960886,43.9121485]},"properties":{"destination":"La Pouraque;La S\u00e9nancole|S\u00e9nanque;La Rougui\u00e8re","hiking":"yes","information":"guidepost","mapillary":"2953074534970991","mtb":"yes","name":"Les Beaumes","operator":"CD84","tourism":"information","osm_id":5645893068,"@id":"node/5645893068"}},{"type":"Feature","id":"node/5648796819","geometry":{"type":"Point","coordinates":[4.8858508,43.9831232]},"properties":{"information":"guidepost","tourism":"information","osm_id":5648796819,"@id":"node/5648796819"}},{"type":"Feature","id":"node/5648796820","geometry":{"type":"Point","coordinates":[4.8865618,43.9824815]},"properties":{"information":"guidepost","mapillary":"2599734550328248","tourism":"information","osm_id":5648796820,"@id":"node/5648796820"}},{"type":"Feature","id":"node/5648797221","geometry":{"type":"Point","coordinates":[4.8870071,43.9826853]},"properties":{"information":"guidepost","mapillary":"302749558072878","tourism":"information","osm_id":5648797221,"@id":"node/5648797221"}},{"type":"Feature","id":"node/5648797222","geometry":{"type":"Point","coordinates":[4.8871086,43.9832618]},"properties":{"information":"guidepost","mapillary":"496611874912759","tourism":"information","osm_id":5648797222,"@id":"node/5648797222"}},{"type":"Feature","id":"node/5648797223","geometry":{"type":"Point","coordinates":[4.8863576,43.9834742]},"properties":{"information":"guidepost","mapillary":"473259927087673","tourism":"information","osm_id":5648797223,"@id":"node/5648797223"}},{"type":"Feature","id":"node/5648824523","geometry":{"type":"Point","coordinates":[4.8162205,43.9447604]},"properties":{"information":"guidepost","mapillary":"4010553652320735","panoramax":"ed38398b-da29-4fed-904e-83f18b2ee02d","osm_id":5648824523,"@id":"node/5648824523"}},{"type":"Feature","id":"node/5648824524","geometry":{"type":"Point","coordinates":[4.8148251,43.9438867]},"properties":{"information":"guidepost","mapillary":"525030202193219","osm_id":5648824524,"@id":"node/5648824524"}},{"type":"Feature","id":"node/5648835676","geometry":{"type":"Point","coordinates":[4.8044645,43.9425761]},"properties":{"information":"guidepost","osm_id":5648835676,"@id":"node/5648835676"}},{"type":"Feature","id":"node/5650033562","geometry":{"type":"Point","coordinates":[4.8409255,43.9526128]},"properties":{"information":"guidepost","mapillary":"2875059996095676","osm_id":5650033562,"@id":"node/5650033562"}},{"type":"Feature","id":"node/5658384135","geometry":{"type":"Point","coordinates":[5.4122002,43.8469198]},"properties":{"destination":"Plaine Lambertes|Auribeau;Le Colombier","hiking":"yes","information":"guidepost","name":"Vouliou","operator":"CD84","ref":"2853","tourism":"information","osm_id":5658384135,"@id":"node/5658384135"}},{"type":"Feature","id":"node/5658384136","geometry":{"type":"Point","coordinates":[5.3602808,43.8534722]},"properties":{"hiking":"yes","information":"guidepost","name":"Les Tourettes","operator":"CD84","ref":"2989","tourism":"information","osm_id":5658384136,"@id":"node/5658384136"}},{"type":"Feature","id":"node/5658384137","geometry":{"type":"Point","coordinates":[5.4027709,43.8555523]},"properties":{"destination":"Saignon;Rocsali\u00e8re|Sivergues;Les Clapar\u00e8des","hiking":"yes","information":"guidepost","name":"Rocher des Druides","operator":"CD84","ref":"2843","tourism":"information","osm_id":5658384137,"@id":"node/5658384137"}},{"type":"Feature","id":"node/5658384139","geometry":{"type":"Point","coordinates":[5.4050716,43.8556679]},"properties":{"destination":"Saignon;St-Michel|Plaine Lambertes|Sivergues;Rocher des Druides","hiking":"yes","information":"guidepost","name":"Rocsali\u00e8re","operator":"CD84","ref":"2833","tourism":"information","osm_id":5658384139,"@id":"node/5658384139"}},{"type":"Feature","id":"node/5658385035","geometry":{"type":"Point","coordinates":[5.4014084,43.8508977]},"properties":{"destination":"Saignon;Rocher des Druides|Sivergues;Pr\u00e9 des Masques|Apt;St Vincent","hiking":"yes","information":"guidepost","name":"Les Clapar\u00e8des","operator":"CD84","ref":"2835","tourism":"information","osm_id":5658385035,"@id":"node/5658385035"}},{"type":"Feature","id":"node/5658385039","geometry":{"type":"Point","coordinates":[5.3704288,43.8535379]},"properties":{"destination":"Apt;Av. des Bories|Buoux;Les Picatiers|St Vincent","hiking":"yes","information":"guidepost","name":"Ch\u00e2teau des Tourettes","operator":"CD84","ref":"2982","tourism":"information","osm_id":5658385039,"@id":"node/5658385039"}},{"type":"Feature","id":"node/5658385040","geometry":{"type":"Point","coordinates":[5.387776,43.8740575]},"properties":{"destination":"Buoux;Ch\u00e2teau des Tourettes","hiking":"yes","information":"guidepost","name":"Av. des Bories","operator":"CD84","ref":"2961","tourism":"information","osm_id":5658385040,"@id":"node/5658385040"}},{"type":"Feature","id":"node/5658385041","geometry":{"type":"Point","coordinates":[5.3936326,43.8613718]},"properties":{"destination":"Buoux;Ch\u00e2teau des Tourettes|Apt;Rue des Bassins|Sivergues;Les Clapar\u00e8des","hiking":"yes","information":"guidepost","name":"St Vincent","operator":"CD84","ref":"2827","tourism":"information","osm_id":5658385041,"@id":"node/5658385041"}},{"type":"Feature","id":"node/5658432058","geometry":{"type":"Point","coordinates":[5.3486587,43.8173966]},"properties":{"destination":"Grotte des Brigands|Bonnieux;Le Pas de la Truie|Buoux;St Symphorien","hiking":"yes","information":"guidepost","name":"La Tour","operator":"CD84","ref":"3282","tourism":"information","osm_id":5658432058,"@id":"node/5658432058"}},{"type":"Feature","id":"node/5659091749","geometry":{"type":"Point","coordinates":[5.140762,43.9032105]},"properties":{"destination":"Cabri\u00e8res d'Avignon;La Peithe Est|La Pouraque;Lauzas Sud|Lagnes;Le Vallon des Esperacons","hiking":"yes","information":"guidepost","mapillary":"1375886632791309","name":"Citerne","operator":"CD84","tourism":"information","osm_id":5659091749,"@id":"node/5659091749"}},{"type":"Feature","id":"node/5659091780","geometry":{"type":"Point","coordinates":[5.158366,43.9016051]},"properties":{"destination":"Gordes;Le Resquelet|Cabri\u00e8res-d'Avignon;Les C\u00e8dres|Lagnes;Citerne","hiking":"yes","information":"guidepost","mapillary":"299352161922755","name":"Beauregard","operator":"CD84","ref":"17403","tourism":"information","osm_id":5659091780,"@id":"node/5659091780"}},{"type":"Feature","id":"node/5659091782","geometry":{"type":"Point","coordinates":[5.1611006,43.9033033]},"properties":{"destination":"Cabri\u00e8res d'Avignon;Beauregard|La Pouraque;Puits des Cay\u00e8res|Gordes;La Croix des Baux","hiking":"yes","information":"guidepost","mapillary":"469772464252297","name":"Le Resquelet","operator":"CD84","ref":"16240","tourism":"information","osm_id":5659091782,"@id":"node/5659091782"}},{"type":"Feature","id":"node/5659093341","geometry":{"type":"Point","coordinates":[5.1205046,43.9093447]},"properties":{"destination":"Galas|Fontaine-de-Vaucluse;Les Bastides Ouest|Lagnes;La Bastide Rouge","hiking":"yes","information":"guidepost","name":"Bondelon","operator":"CD84","ref":"17379","tourism":"information","osm_id":5659093341,"@id":"node/5659093341"}},{"type":"Feature","id":"node/5659093379","geometry":{"type":"Point","coordinates":[5.115273,43.8945274]},"properties":{"destination":"Fontaine-de-Vaucluse;Basse Capiane|Fontaine-de-Vaucluse;La T\u00eate du Soldat","hiking":"yes","information":"guidepost","mapillary":"170215775019886","mtb":"yes","name":"Lagnes","operator":"CD84","tourism":"information","osm_id":5659093379,"@id":"node/5659093379"}},{"type":"Feature","id":"node/5659093380","geometry":{"type":"Point","coordinates":[5.1220829,43.8950587]},"properties":{"destination":"Lagnes|Fontaine-de-Vaucluse;Le Soldat","hiking":"yes","information":"guidepost","mapillary":"1472174449798089","name":"La T\u00eate du Soldat","operator":"CD84","ref":"16176","tourism":"information","osm_id":5659093380,"@id":"node/5659093380"}},{"type":"Feature","id":"node/5659093390","geometry":{"type":"Point","coordinates":[5.1354841,43.9045916]},"properties":{"destination":"Lagnes;Les Esperacons|Fontaine-de-Vaucluse;Valette|Cabri\u00e8res d'Avignon;Citerne","hiking":"yes","information":"guidepost","mapillary":"1132177923956627","name":"Le Vallon des Esperacons","operator":"CD84","tourism":"information","osm_id":5659093390,"@id":"node/5659093390"}},{"type":"Feature","id":"node/5659094217","geometry":{"type":"Point","coordinates":[5.1407393,43.9029886]},"properties":{"destination":"La Pouraque;Citerne|Fontaine-de-Vaucluse;La Combe Nord|Cabri\u00e8res d'Avignon;Le Mur de la Peste|Gordes;Beauregard","hiking":"yes","information":"guidepost","mapillary":"470255880915482","name":"La Peithe Est","operator":"CD84","tourism":"information","osm_id":5659094217,"@id":"node/5659094217"}},{"type":"Feature","id":"node/5659094519","geometry":{"type":"Point","coordinates":[5.1383829,43.8936542]},"properties":{"destination":"La Pouraque;La Peithe Est|La Pouraque;Citerne|Cabri\u00e8res-d'Avignon","hiking":"yes","information":"guidepost","name":"Le Mur de la Peste","operator":"CD84","panoramax":"e68af5a6-a3e4-4f4c-9bb6-dadc8c6f85e6","ref":"16335","tourism":"information","osm_id":5659094519,"@id":"node/5659094519"}},{"type":"Feature","id":"node/5659094520","geometry":{"type":"Point","coordinates":[5.132706,43.8924795]},"properties":{"destination":"Fontaine-de-Vaucluse;La Combe Nord|Cabri\u00e8res d'Avignon;Le Mur de la Peste|Lagnes;Chante-Perdrix","hiking":"yes","information":"guidepost","name":"Bourbourin","operator":"CD84","panoramax":"fa89d4dc-7e0d-459c-9882-63fce9eb3b0c","ref":"16193","tourism":"information","osm_id":5659094520,"@id":"node/5659094520"}},{"type":"Feature","id":"node/5659389320","geometry":{"type":"Point","coordinates":[5.1645458,43.9199819]},"properties":{"destination":"Cabri\u00e8res d'Avignon;Le Resquelet|La Pouraque;Le Su\u00e9i|Gordes;Les Boujolles","hiking":"yes","information":"guidepost","name":"Puits des Cay\u00e8res","operator":"CD84","tourism":"information","osm_id":5659389320,"@id":"node/5659389320"}},{"type":"Feature","id":"node/5659389523","geometry":{"type":"Point","coordinates":[5.1324774,43.9034656]},"properties":{"destination":"Lagnes;La Peithe|Lagnes;Le Soldat|Fontaine-de-Vaucluse;Le Vallon des Esperacons","hiking":"yes","information":"guidepost","mapillary":"956488468508402","name":"Les Esperacons","operator":"CD84","ref":"16327","tourism":"information","osm_id":5659389523,"@id":"node/5659389523"}},{"type":"Feature","id":"node/5659389524","geometry":{"type":"Point","coordinates":[5.1271954,43.9082104]},"properties":{"destination":"Lagnes;La Bastide Rouge|Cabri\u00e8res d'Avignon;Le Vallon des Esperacons|Fontaine-de-Vaucluse;Font de l'Oule","hiking":"yes","information":"guidepost","mapillary":"1168295216968302","name":"Valette","operator":"CD84","ref":"16142","tourism":"information","osm_id":5659389524,"@id":"node/5659389524"}},{"type":"Feature","id":"node/5659389620","geometry":{"type":"Point","coordinates":[5.1705614,43.9561711]},"properties":{"destination":"Malemort-du-Comtat;Genesti\u00e8re|Fontaine-de-Vaucluse;Pouraque Ouest|Gordes;La Haute Pouraque","hiking":"yes","information":"guidepost","mapillary":"3529586080599934","name":"La Pouraque","operator":"CD84","ref":"16342","tourism":"information","osm_id":5659389620,"@id":"node/5659389620"}},{"type":"Feature","id":"node/5659389727","geometry":{"type":"Point","coordinates":[5.1582031,43.9549243]},"properties":{"destination":"Pouraque Ouest|Venasque;Carroufra|Fontaine-de-Vaucluse;Croix du Pouracon","hiking":"yes","information":"guidepost","mapillary":"182485203747045;1843848545789329","name":"Croix du Jas d'Esprit","operator":"CD84","ref":"16041","tourism":"information","osm_id":5659389727,"@id":"node/5659389727"}},{"type":"Feature","id":"node/5659389730","geometry":{"type":"Point","coordinates":[5.1578785,43.9423162]},"properties":{"destination":"Gordes;Puits des Cay\u00e8res|Cabri\u00e8res d'Avignon;Lauzas Sud|La Pouraque;La Plaine Est","hiking":"yes","information":"guidepost","mapillary":"490895658685434","mtb":"yes","name":"Le Su\u00e9i","operator":"CD84","ref":"16127","tourism":"information","osm_id":5659389730,"@id":"node/5659389730"}},{"type":"Feature","id":"node/5659389731","geometry":{"type":"Point","coordinates":[5.1542455,43.940803]},"properties":{"destination":"La Pouraque;La Plaine Est|La Pouraque;Lauzas Sud|Fontaine-de-Vaucluse;Font de l'Oule","hiking":"yes","information":"guidepost","mapillary":"125676659704032","name":"Lauzas Nord","operator":"CD84","ref":"16032","tourism":"information","osm_id":5659389731,"@id":"node/5659389731"}},{"type":"Feature","id":"node/5659389732","geometry":{"type":"Point","coordinates":[5.1545096,43.9404165]},"properties":{"destination":"La Pouraque;Le Su\u00e9i|Cabri\u00e8res-d'Avignon;Citerne|Fontaine-de-Vaucluse;Lauzas Nord","hiking":"yes","information":"guidepost","mapillary":"1630309163847059","name":"Lauzas Sud","operator":"CD84","ref":"31068","tourism":"information","osm_id":5659389732,"@id":"node/5659389732"}},{"type":"Feature","id":"node/5659389734","geometry":{"type":"Point","coordinates":[5.1544158,43.8969657]},"properties":{"destination":"Gordes;Beauregard|Cabri\u00e8res-d'Avignon","hiking":"yes","information":"guidepost","mapillary":"2880143395581338","name":"Les C\u00e8dres","operator":"CD84","ref":"25473","tourism":"information","osm_id":5659389734,"@id":"node/5659389734"}},{"type":"Feature","id":"node/5659389745","geometry":{"type":"Point","coordinates":[5.1315594,43.8983553]},"properties":{"destination":"Lagnes;La T\u00eate du Soldat|Les Esperacons|Fontaine-de-Vaucluse;La Peithe","hiking":"yes","information":"guidepost","mapillary":"168580075188399","name":"Le Soldat","operator":"CD84","ref":"16173","tourism":"information","osm_id":5659389745,"@id":"node/5659389745"}},{"type":"Feature","id":"node/5659389746","geometry":{"type":"Point","coordinates":[5.1322602,43.8986186]},"properties":{"destination":"Cabri\u00e8res d'Avignon;La Combe Nord|Fontaine-de-Vaucluse;Les Esperacons|Lagnes;Le Soldat","hiking":"yes","information":"guidepost","mapillary":"517608535910124","name":"La Peithe","operator":"CD84","ref":"17404","tourism":"information","osm_id":5659389746,"@id":"node/5659389746"}},{"type":"Feature","id":"node/5659389749","geometry":{"type":"Point","coordinates":[5.1333377,43.8987505]},"properties":{"destination":"Fontaine-de-Vaucluse;La Peithe|La Pouraque;La Peithe Est|Cabri\u00e8res d'Avignon;Bourbourin","hiking":"yes","information":"guidepost","mapillary":"300917181537575","name":"La Combe Nord","operator":"CD84","ref":"16171","tourism":"information","osm_id":5659389749,"@id":"node/5659389749"}},{"type":"Feature","id":"node/5659389750","geometry":{"type":"Point","coordinates":[5.1274972,43.9195568]},"properties":{"destination":"Fontaine-de-Vaucluse|Lagnes;Font de l'Oule|Galas;Les Bastides Ouest","hiking":"yes","information":"guidepost","mtb":"yes","name":"Les Bastides","operator":"CD84","panoramax":"ed430fd8-76c8-4ec7-b5a8-7883e98d7404;578781e5-dbb8-410d-8f1f-f5f8f482aa8c;94c74fde-1f66-4c9a-99f3-d999db2ef6da","tourism":"information","osm_id":5659389750,"@id":"node/5659389750"}},{"type":"Feature","id":"node/5659389751","geometry":{"type":"Point","coordinates":[5.1255244,43.919651]},"properties":{"destination":"Lagnes;Bondelon|Fontaine-de-Vaucluse;Les Bastides","hiking":"yes","information":"guidepost","mapillary":"1207343746391041;520907079278645","mtb":"yes","name":"Les Bastides Ouest","operator":"CD84","ref":"16148","tourism":"information","osm_id":5659389751,"@id":"node/5659389751"}},{"type":"Feature","id":"node/5661602721","geometry":{"type":"Point","coordinates":[5.4121922,44.1308178]},"properties":{"destination":"Aurel;Les Sources du Riou|La Tune;Jas de Reilhanette|Le Ventouret;La Carri\u00e8re","hiking":"yes","information":"guidepost","mtb":"yes","name":"Le Collet Blanc","operator":"CD84","ref":"2453","tourism":"information","osm_id":5661602721,"@id":"node/5661602721"}},{"type":"Feature","id":"node/5661602722","geometry":{"type":"Point","coordinates":[5.4105299,44.1274766]},"properties":{"destination":"Aurel;Les Sources du Riou|Sault;Vallon|Le Ventouret;St Pierre Ouest","hiking":"yes","information":"guidepost","name":"Saint-Pierre","operator":"CD84","ref":"2473","tourism":"information","osm_id":5661602722,"@id":"node/5661602722"}},{"type":"Feature","id":"node/5661602723","geometry":{"type":"Point","coordinates":[5.4029345,44.1275238]},"properties":{"destination":"Le Collet Blanc|Aurel;St-Pierre Ouest|Le Ventouret","hiking":"yes","information":"guidepost","name":"La Carri\u00e8re","operator":"CD84","tourism":"information","osm_id":5661602723,"@id":"node/5661602723"}},{"type":"Feature","id":"node/5661602730","geometry":{"type":"Point","coordinates":[5.4095328,44.1273933]},"properties":{"destination":"Aurel;Saint-Pierre|Sault;Vallon|Le Ventouret;La Carri\u00e8re","hiking":"yes","information":"guidepost","name":"St-Pierre Ouest","operator":"CD84","ref":"2472","tourism":"information","osm_id":5661602730,"@id":"node/5661602730"}},{"type":"Feature","id":"node/5663994749","geometry":{"type":"Point","coordinates":[5.1870495,43.9901735]},"properties":{"destination":"Malemort-du-Comtat;Chinardon|Venasque;Le Vas|St Gens;Tournefort","hiking":"yes","information":"guidepost","mapillary":"520475269324739","name":"Malefianse","operator":"CD84","ref":"14700","tourism":"information","osm_id":5663994749,"@id":"node/5663994749"}},{"type":"Feature","id":"node/5667622582","geometry":{"type":"Point","coordinates":[5.1289892,43.9481677]},"properties":{"destination":"Saumane-de-Vaucluse;Marculy|St-Gens;Poste de Vigie|Fontaine-de-Vaucluse;Valescure","hiking":"yes","information":"guidepost","mapillary":"338583000960737;759464351407171;125785239538033","name":"Mourre Pel\u00e9","operator":"CD84","ref":"14750","tourism":"information","osm_id":5667622582,"@id":"node/5667622582"}},{"type":"Feature","id":"node/5676310554","geometry":{"type":"Point","coordinates":[5.1416646,43.9642005]},"properties":{"destination":"Saumane-de-Vaucluse;Carri\u00e8re|Fontaine-de-Vaucluse;Rocher des 3 Luisants|St Gens","hiking":"yes","information":"guidepost","name":"Combe de la Fontaine","operator":"CD84","ref":"14740","tourism":"information","osm_id":5676310554,"@id":"node/5676310554"}},{"type":"Feature","id":"node/5676310605","geometry":{"type":"Point","coordinates":[5.1727286,43.955883]},"properties":{"destination":"La Pouraque|Methamis;Mur de la Peste|Gordes;Trois Termes","hiking":"yes","information":"guidepost","mapillary":"3826602697389490","name":"La Haute Pouraque","operator":"CD84","ref":"16037","tourism":"information","osm_id":5676310605,"@id":"node/5676310605"}},{"type":"Feature","id":"node/5679383596","geometry":{"type":"Point","coordinates":[5.2242948,43.983041]},"properties":{"destination":"M\u00e9thamis;Plaine du Collet|Malemort-du-Comtat;La Fuste|Murs;Col de Murs","hiking":"yes","information":"guidepost","mapillary":"129351289164175","name":"Croix de la Fuste","operator":"CD84","ref":"15265","tourism":"information","osm_id":5679383596,"@id":"node/5679383596"}},{"type":"Feature","id":"node/5679383597","geometry":{"type":"Point","coordinates":[5.2390261,43.9906918]},"properties":{"destination":"M\u00e9thamis;Pointe de Lalade|Malemort-du-Comtat;Mourre des Coquins|Murs;Croix de la Fuste","hiking":"yes","information":"guidepost","mapillary":"1212029615923680","name":"Plaine du Collet","operator":"CD84","ref":"15268","tourism":"information","osm_id":5679383597,"@id":"node/5679383597"}},{"type":"Feature","id":"node/5679383602","geometry":{"type":"Point","coordinates":[5.2611423,43.9967055]},"properties":{"destination":"Murs;Plaine du Collet|Col de la Ligne;Combe de Boulet|M\u00e9thamis;Le D\u00e9vens","hiking":"yes","information":"guidepost","name":"Pointe de Lalade","operator":"CD84","ref":"15271","tourism":"information","osm_id":5679383602,"@id":"node/5679383602"}},{"type":"Feature","id":"node/5679383606","geometry":{"type":"Point","coordinates":[5.2721246,43.995161]},"properties":{"destination":"Col de la Ligne|M\u00e9thamis;Pointe de Lalade|Murs;Combe de la Roquette","hiking":"yes","information":"guidepost","mapillary":"885198128757838;965581590873354;","name":"Combe de Boulet","operator":"CD84","tourism":"information","osm_id":5679383606,"@id":"node/5679383606"}},{"type":"Feature","id":"node/5679383628","geometry":{"type":"Point","coordinates":[5.2636656,43.968021]},"properties":{"destination":"Col de la Ligne;Combe de la Roquette|Lioux;Bois de Bezaure|Murs;Gorges de Vaumale","hiking":"yes","information":"guidepost","mapillary":"169891858444092","mtb":"yes","name":"La D\u00e9brouss\u00e8de","operator":"CD84","ref":"15418","tourism":"information","osm_id":5679383628,"@id":"node/5679383628"}},{"type":"Feature","id":"node/5679383629","geometry":{"type":"Point","coordinates":[5.2648414,43.9616724]},"properties":{"destination":"Murs;La Tourbe|Col de la Ligne;La D\u00e9brouss\u00e8de","hiking":"yes","information":"guidepost","mapillary":"1472222046455500","mtb":"yes","name":"Gorges de Vaumale","operator":"CD84","ref":"15315","tourism":"information","osm_id":5679383629,"@id":"node/5679383629"}},{"type":"Feature","id":"node/5679383630","geometry":{"type":"Point","coordinates":[5.2640913,43.9839355]},"properties":{"destination":"M\u00e9thamis;Combe de la Roquette|Les Vallons|Murs;Les Vergiers","hiking":"yes","information":"guidepost","name":"La Grande Blaque","operator":"CD84","ref":"15320","tourism":"information","osm_id":5679383630,"@id":"node/5679383630"}},{"type":"Feature","id":"node/5679383686","geometry":{"type":"Point","coordinates":[5.3005345,43.771838]},"properties":{"destination":"For\u00eat des C\u00e8dres;Recaute|Lauris|Bonnieux;Valbigonce","hiking":"yes","information":"guidepost","mapillary":"516320309732689","mtb":"yes","name":"Combe de Bigonce","operator":"CD84","ref":"3568","tourism":"information","osm_id":5679383686,"@id":"node/5679383686"}},{"type":"Feature","id":"node/5679383687","geometry":{"type":"Point","coordinates":[5.2509378,43.9267267]},"properties":{"destination":"V\u00e9roncle;La Basse Auvi\u00e8res|Murs;C\u00f4te 345|Lioux;Le Mourre Blanc","hiking":"yes","information":"guidepost","mapillary":"315099359998446","name":"Aires du Ch\u00e2teau","operator":"CD84","ref":"15504","tourism":"information","osm_id":5679383687,"@id":"node/5679383687"}},{"type":"Feature","id":"node/5679383688","geometry":{"type":"Point","coordinates":[5.2369031,43.9278553]},"properties":{"destination":"Joucas;La Basse Auvi\u00e8res|Gordes;Borne de Baume Brune|V\u00e9roncle;Borne des Trois Ev\u00each\u00e9s|Murs;C\u00f4te 345","hiking":"yes","information":"guidepost","mapillary":"479657409757092","name":"L'Auvi\u00e8res","operator":"CD84","ref":"15513","tourism":"information","osm_id":5679383688,"@id":"node/5679383688"}},{"type":"Feature","id":"node/5679383689","geometry":{"type":"Point","coordinates":[5.4299471,44.1043737]},"properties":{"destination":"St-Trinit;Trou de l'Eimine|Aurel;Loutar du Loup","hiking":"yes","information":"guidepost","mtb":"yes","name":"L'Ermitage","operator":"CD84","panoramax":"9adf0e64-1d1e-48c5-93b4-4d18252ccde9;21b06cea-0328-4e51-a6b2-50dc8bd83d6e","ref":"4295","tourism":"information","osm_id":5679383689,"@id":"node/5679383689"}},{"type":"Feature","id":"node/5679383690","geometry":{"type":"Point","coordinates":[5.4187582,44.1048522]},"properties":{"destination":"Aurel;Aven du Defends|Hippodrome du D\u00e9fends|Sault;Roumane","hiking":"yes","information":"guidepost","mapillary":"572850943935975","mtb":"yes","name":"Le D\u00e9fends","operator":"CD84","ref":"4307","tourism":"information","osm_id":5679383690,"@id":"node/5679383690"}},{"type":"Feature","id":"node/5679383691","geometry":{"type":"Point","coordinates":[5.4241179,44.1147978]},"properties":{"destination":"Saint-Trinit;Aven du D\u00e9fends|Sault;La Rouy\u00e8re|Aurel","hiking":"yes","information":"guidepost","mapillary":"162781132702090;581741979681195","mtb":"yes","name":"Col de Mougne","operator":"CD84","ref":"4316","tourism":"information","osm_id":5679383691,"@id":"node/5679383691"}},{"type":"Feature","id":"node/5679383692","geometry":{"type":"Point","coordinates":[5.4284839,44.1297609]},"properties":{"destination":"Sault;Col de Mougne|Montbrun-les-Bains;Le Puits Aymar","hiking":"yes","horse":"yes","information":"guidepost","mtb":"yes","name":"Aurel","operator":"CD84","panoramax":"16eaf570-8d5e-4319-a690-60f7b8785f22;a29d93f5-b7cb-4430-8298-b6ae4c33fa1d;09fcac5f-b0c8-4678-84ee-8e7b55585df0","ref":"10898","tourism":"information","osm_id":5679383692,"@id":"node/5679383692"}},{"type":"Feature","id":"node/5679383693","geometry":{"type":"Point","coordinates":[5.1733924,43.9861877]},"properties":{"destination":"Malemort-du-Comtat;Malefianse|St-Gens;Camp-Long|Venasque;Maroane","hiking":"yes","information":"guidepost","mapillary":"820989908537364;145854037567709;818376478800024","name":"Tournefort","operator":"CD84","ref":"14708","tourism":"information","osm_id":5679383693,"@id":"node/5679383693"}},{"type":"Feature","id":"node/5679383694","geometry":{"type":"Point","coordinates":[5.1744526,43.9848266]},"properties":{"destination":"Malemort-du-Comtat;Tournefort|St-Gens;Quinsan|La Pouraque;L'Agas","hiking":"yes","information":"guidepost","mapillary":"956673488482451;926022021496589;311224920442747","name":"Camp-Long","operator":"CD84","ref":"14709","tourism":"information","osm_id":5679383694,"@id":"node/5679383694"}},{"type":"Feature","id":"node/5679383696","geometry":{"type":"Point","coordinates":[5.1761216,43.9824986]},"properties":{"destination":"St-Gens - Malemort;Camp-Long|La Pouraque;Mont Serein Sud|Malemort-du-Comtat;Combe de Vaulongue","hiking":"yes","information":"guidepost","mapillary":"984053645736797;528190994843172;978776752867637;510591160355660","name":"L'Agas","operator":"CD84","ref":"15773","tourism":"information","osm_id":5679383696,"@id":"node/5679383696"}},{"type":"Feature","id":"node/5679383716","geometry":{"type":"Point","coordinates":[5.1724342,43.9627718]},"properties":{"destination":"La Pouraque|Venasque;Ribasti\u00e9|Malemort-du-Comtat;Mont Serein Sud","hiking":"yes","information":"guidepost","mapillary":"4979502632140493;657666315304981;537211834678943;289720972798936","name":"Genesti\u00e8re","operator":"CD84","tourism":"information","osm_id":5679383716,"@id":"node/5679383716"}},{"type":"Feature","id":"node/5679383822","geometry":{"type":"Point","coordinates":[5.1598688,43.9733758]},"properties":{"destination":"Malemort-du-Comtat;Genesti\u00e8re|Venasque;La Nauque|Pouraque Ouest","hiking":"yes","information":"guidepost","mapillary":"484335636121342;3080384175517007","name":"Ribasti\u00e9","operator":"CD84","ref":"16045","tourism":"information","osm_id":5679383822,"@id":"node/5679383822"}},{"type":"Feature","id":"node/5679383823","geometry":{"type":"Point","coordinates":[5.1512428,43.9744868]},"properties":{"destination":"Venasque;Quinsan|La Pouraque;Ribasti\u00e9|St-Gens;Carroufra","hiking":"yes","information":"guidepost","mapillary":"474243597145607","name":"La Nauque","operator":"CD84","ref":"14718","tourism":"information","osm_id":5679383823,"@id":"node/5679383823"}},{"type":"Feature","id":"node/5679383824","geometry":{"type":"Point","coordinates":[5.1542602,43.9824707]},"properties":{"destination":"M\u00e9thamis;Camp-Long|St-Gens;La Nauque|Venasque;Maroane","hiking":"yes","information":"guidepost","mapillary":"484777242971506;850845005528820","name":"Quinsan","operator":"CD84","ref":"14712","tourism":"information","osm_id":5679383824,"@id":"node/5679383824"}},{"type":"Feature","id":"node/5679383948","geometry":{"type":"Point","coordinates":[5.1558334,44.1325581]},"properties":{"destination":"Sidoine|Bedoin;Collet de Floran|La Bernarde","hiking":"yes","information":"guidepost","mapillary":"2651416631825832","name":"Le Casal","operator":"CD84","tourism":"information","osm_id":5679383948,"@id":"node/5679383948"}},{"type":"Feature","id":"node/5679383967","geometry":{"type":"Point","coordinates":[5.1450008,44.1355386]},"properties":{"destination":"Crillon Le Brave|Bedoin;Le Casal|Malauc\u00e8ne;Le Gros Pata","hiking":"yes","information":"guidepost","mapillary":"1430324807327015","mtb":"yes","name":"Sidoine","operator":"CD84","ref":"1151","tourism":"information","osm_id":5679383967,"@id":"node/5679383967"}},{"type":"Feature","id":"node/5679383996","geometry":{"type":"Point","coordinates":[5.1072753,43.9384105]},"properties":{"destination":"Le Beaucet;Bourguigne|St-Gens;Marculy","hiking":"yes","information":"guidepost","mapillary":"2842419966009901","mtb":"yes","name":"Ch\u00e2teau de Saumane","operator":"CD84","ref":"16028","tourism":"information","osm_id":5679383996,"@id":"node/5679383996"}},{"type":"Feature","id":"node/5679383997","geometry":{"type":"Point","coordinates":[5.1181725,43.9425281]},"properties":{"destination":"Ch\u00e2teau de Saumane|Saumane-de-Vaucluse;Les Lauses|St-Gens;Mourre Pel\u00e9","hiking":"yes","information":"guidepost","mapillary":"579107853056779","name":"Marculy","operator":"CD84","ref":"16660","tourism":"information","osm_id":5679383997,"@id":"node/5679383997"}},{"type":"Feature","id":"node/5679383998","geometry":{"type":"Point","coordinates":[5.133573,43.9562822]},"properties":{"destination":"Saumane-de-Vaucluse;Ch\u00e2teau de Saumane|Le Beaucet;Carri\u00e8re|Fontaine-de-Vaucluse;Rocher des 3 Luisants","hiking":"yes","information":"guidepost","mapillary":"169290231840340;2852651661656210","mtb":"yes","name":"Bourguigne","operator":"CD84","ref":"17270","tourism":"information","osm_id":5679383998,"@id":"node/5679383998"}},{"type":"Feature","id":"node/5679384000","geometry":{"type":"Point","coordinates":[5.105269,43.9381609]},"properties":{"destination":"Les Catouni\u00e8res|Saumane","hiking":"yes","information":"guidepost","mapillary":"375747227143088;250505660154488;312294293815948","mtb":"yes","name":"Les Ferayes","operator":"CD84","ref":"15994","tourism":"information","osm_id":5679384000,"@id":"node/5679384000"}},{"type":"Feature","id":"node/5679384001","geometry":{"type":"Point","coordinates":[5.1066457,43.9364375]},"properties":{"destination":"Fontaine-de-Vaucluse;Malaisan","hiking":"yes","information":"guidepost","mapillary":"176320554390354","name":"Saumane","operator":"CD84","tourism":"information","osm_id":5679384001,"@id":"node/5679384001"}},{"type":"Feature","id":"node/5679589691","geometry":{"type":"Point","coordinates":[5.0853811,44.1324479]},"properties":{"destination":"Saint Hippolyte Le Graveyron|Ch\u00e2teau du Barroux;Falque Pi\u00e9 Laugier|Beaumes de Venise;Le Pontillard","hiking":"yes","information":"guidepost","mapillary":"1470906996583849","name":"Pi\u00e9 Laugier","operator":"CD84","ref":"337","tourism":"information","osm_id":5679589691,"@id":"node/5679589691"}},{"type":"Feature","id":"node/5713433045","geometry":{"type":"Point","coordinates":[5.3710276,44.1618503]},"properties":{"destination":"Savoillan|Borie de Pi\u00e9 Gu|Vanarelle","hiking":"yes","information":"guidepost","tourism":"information","osm_id":5713433045,"@id":"node/5713433045"}},{"type":"Feature","id":"node/5713433046","geometry":{"type":"Point","coordinates":[5.3923785,44.0412689]},"properties":{"destination":"Monieux;Champ de Courruoux|St-Jean-de-Durefort|La Balate","hiking":"yes","information":"guidepost","name":"Ste Marguerite","operator":"CD84","ref":"4662","tourism":"information","osm_id":5713433046,"@id":"node/5713433046"}},{"type":"Feature","id":"node/5713433048","geometry":{"type":"Point","coordinates":[5.3833359,44.0541061]},"properties":{"hiking":"yes","information":"guidepost","name":"La Balate","operator":"CD84","ref":"8891","tourism":"information","osm_id":5713433048,"@id":"node/5713433048"}},{"type":"Feature","id":"node/5713433051","geometry":{"type":"Point","coordinates":[5.3713364,44.1740368]},"properties":{"information":"guidepost","tourism":"information","osm_id":5713433051,"@id":"node/5713433051"}},{"type":"Feature","id":"node/5713433058","geometry":{"type":"Point","coordinates":[5.3888473,44.0654258]},"properties":{"hiking":"yes","information":"guidepost","name":"Buan","operator":"CD84","ref":"8878","tourism":"information","osm_id":5713433058,"@id":"node/5713433058"}},{"type":"Feature","id":"node/5713433063","geometry":{"type":"Point","coordinates":[5.4008132,44.086617]},"properties":{"destination":"La Loge;Dis\u00e8s|Sault;Saint-Jacques|St Jean de Durefort;Chapelle St-Pierre-des-Gr\u00e8s","hiking":"yes","information":"guidepost","mapillary":"1582829368721718","name":"La Crau","operator":"CD84","ref":"4441","tourism":"information","osm_id":5713433063,"@id":"node/5713433063"}},{"type":"Feature","id":"node/5715397239","geometry":{"type":"Point","coordinates":[4.8063924,43.9509799]},"properties":{"information":"guidepost","mapillary":"371908294103272","tourism":"information","osm_id":5715397239,"@id":"node/5715397239"}},{"type":"Feature","id":"node/5715397240","geometry":{"type":"Point","coordinates":[4.8062828,43.9507776]},"properties":{"information":"guidepost","mapillary":"2049421988538449","tourism":"information","osm_id":5715397240,"@id":"node/5715397240"}},{"type":"Feature","id":"node/5715397241","geometry":{"type":"Point","coordinates":[4.8068786,43.9516392]},"properties":{"information":"guidepost","mapillary":"497039478201930","tourism":"information","osm_id":5715397241,"@id":"node/5715397241"}},{"type":"Feature","id":"node/5715397242","geometry":{"type":"Point","coordinates":[4.8063513,43.9517217]},"properties":{"information":"guidepost","mapillary":"1238832869884815","tourism":"information","osm_id":5715397242,"@id":"node/5715397242"}},{"type":"Feature","id":"node/5715397243","geometry":{"type":"Point","coordinates":[4.8060025,43.9501429]},"properties":{"information":"guidepost","mapillary":"200440891744575","tourism":"information","osm_id":5715397243,"@id":"node/5715397243"}},{"type":"Feature","id":"node/5715397244","geometry":{"type":"Point","coordinates":[4.805724,43.9507533]},"properties":{"destination":"Palais des papes;Centre des congr\u00e8s","information":"guidepost","tourism":"information","osm_id":5715397244,"@id":"node/5715397244"}},{"type":"Feature","id":"node/5715397245","geometry":{"type":"Point","coordinates":[4.8056058,43.9507939]},"properties":{"information":"guidepost","mapillary":"306130650970740","tourism":"information","osm_id":5715397245,"@id":"node/5715397245"}},{"type":"Feature","id":"node/5715397246","geometry":{"type":"Point","coordinates":[4.8057629,43.951832]},"properties":{"information":"guidepost","mapillary":"525468918467212","tourism":"information","osm_id":5715397246,"@id":"node/5715397246"}},{"type":"Feature","id":"node/5715397247","geometry":{"type":"Point","coordinates":[4.8052572,43.951965]},"properties":{"information":"guidepost","mapillary":"838714310062141","tourism":"information","osm_id":5715397247,"@id":"node/5715397247"}},{"type":"Feature","id":"node/5715397248","geometry":{"type":"Point","coordinates":[4.8051917,43.9519749]},"properties":{"information":"guidepost","tourism":"information","osm_id":5715397248,"@id":"node/5715397248"}},{"type":"Feature","id":"node/5715397249","geometry":{"type":"Point","coordinates":[4.8053185,43.9522085]},"properties":{"destination":"Pont d'Avignon;","information":"guidepost","mapillary":"384859532825051","tourism":"information","osm_id":5715397249,"@id":"node/5715397249"}},{"type":"Feature","id":"node/5715397250","geometry":{"type":"Point","coordinates":[4.8055267,43.9525593]},"properties":{"information":"guidepost","tourism":"information","osm_id":5715397250,"@id":"node/5715397250"}},{"type":"Feature","id":"node/5715397251","geometry":{"type":"Point","coordinates":[4.8057974,43.9527727]},"properties":{"information":"guidepost","mapillary":"337906947713098","tourism":"information","osm_id":5715397251,"@id":"node/5715397251"}},{"type":"Feature","id":"node/5715397252","geometry":{"type":"Point","coordinates":[4.8059168,43.9528277]},"properties":{"information":"guidepost","mapillary":"228568288664556","tourism":"information","osm_id":5715397252,"@id":"node/5715397252"}},{"type":"Feature","id":"node/5715397253","geometry":{"type":"Point","coordinates":[4.8064858,43.953188]},"properties":{"information":"guidepost","tourism":"information","osm_id":5715397253,"@id":"node/5715397253"}},{"type":"Feature","id":"node/5715397254","geometry":{"type":"Point","coordinates":[4.8049229,43.952837]},"properties":{"destination":"Parking des Italiens;Parking Palais des papes;Pont d'Avignon,St B\u00e9n\u00e9zet,Centre des congr\u00e8s","information":"guidepost","mapillary":"1408551692832992","panoramax":"6314e99c-9380-4ed4-a714-06d363064718","tourism":"information","osm_id":5715397254,"@id":"node/5715397254"}},{"type":"Feature","id":"node/5715685847","geometry":{"type":"Point","coordinates":[5.3783856,43.8111431]},"properties":{"destination":"Lourmarin;Vallon de Serre|Fort de Buoux;Moulin Clos","hiking":"yes","information":"guidepost","mapillary":"940221540091864","name":"Serre","operator":"CD84","ref":"3142","tourism":"information","osm_id":5715685847,"@id":"node/5715685847"}},{"type":"Feature","id":"node/5777023489","geometry":{"type":"Point","coordinates":[5.1216661,43.8661479]},"properties":{"destination":"Cavaillon;La Tour de Sabran|Robion;Cimeti\u00e8re de Robion|Lagnes;Les Pendus|Coustellet;Maussan","hiking":"yes","information":"guidepost","mapillary":"328134738881113","name":"Le Moutillon","operator":"CD84","ref":"4083","tourism":"information","osm_id":5777023489,"@id":"node/5777023489"}},{"type":"Feature","id":"node/5777062562","geometry":{"type":"Point","coordinates":[5.3632358,43.7756564]},"properties":{"destination":"Lourmarin;La Furge|Buoux;Combe d'Apt","hiking":"yes","information":"guidepost","name":"Les Ramades Nord","operator":"CD84","ref":"26192","tourism":"information","osm_id":5777062562,"@id":"node/5777062562"}},{"type":"Feature","id":"node/5793544024","geometry":{"type":"Point","coordinates":[5.1132875,43.8916836]},"properties":{"destination":"Cabri\u00e8res d'Avignon;La Falaise","hiking":"yes","information":"guidepost","mapillary":"920642342028667","mtb":"yes","name":"Les Esperelles","operator":"CD84","ref":"16230","tourism":"information","osm_id":5793544024,"@id":"node/5793544024"}},{"type":"Feature","id":"node/5793544028","geometry":{"type":"Point","coordinates":[5.1170231,43.8877021]},"properties":{"destination":"Cabri\u00e8res d'Avignon;Chante-Perdrix|Lagnes;Les Esperelles","hiking":"yes","information":"guidepost","mapillary":"850459909013256","mtb":"yes","name":"La Falaise","operator":"CD84","ref":"16222","tourism":"information","osm_id":5793544028,"@id":"node/5793544028"}},{"type":"Feature","id":"node/5793544157","geometry":{"type":"Point","coordinates":[5.122688,43.8691442]},"properties":{"destination":"Lagnes|Chante Perdrix;Robion;Le Moutillon","hiking":"yes","information":"guidepost","mapillary":"137143101736384","name":"Les Pendus","operator":"CD84","ref":"4085","tourism":"information","osm_id":5793544157,"@id":"node/5793544157"}},{"type":"Feature","id":"node/5793544158","geometry":{"type":"Point","coordinates":[5.1317753,43.8899314]},"properties":{"destination":"Cabri\u00e8res d'Avignon;Bourbourin|Lagnes;La Falaise|Robion;Les Pendus","hiking":"yes","information":"guidepost","mtb":"yes","name":"Chante Perdrix","operator":"CD84","panoramax":"8d282b1f-f836-4209-962f-c4c3ba1a7bf4","tourism":"information","osm_id":5793544158,"@id":"node/5793544158"}},{"type":"Feature","id":"node/5793544166","geometry":{"type":"Point","coordinates":[5.3645562,43.7827041]},"properties":{"destination":"Lourmarin;Les Ramades Nord|Buoux;Combe des Cavaliers","hiking":"yes","information":"guidepost","name":"Combe d'Apt","operator":"CD84","ref":"26946","tourism":"information","osm_id":5793544166,"@id":"node/5793544166"}},{"type":"Feature","id":"node/5793544169","geometry":{"type":"Point","coordinates":[5.1696085,43.9126842]},"properties":{"destination":"La Pouraque;Puits des Cay\u00e8res|Cabri\u00e8res d'Avignon;La Croix des Baux|Gordes;La S\u00e9nancole","hiking":"yes","information":"guidepost","mapillary":"363420515114631;395761601766921;205681091428653","name":"Les Boujolles","operator":"CD84","ref":"16253","tourism":"information","osm_id":5793544169,"@id":"node/5793544169"}},{"type":"Feature","id":"node/5793544289","geometry":{"type":"Point","coordinates":[5.2003902,43.9079224]},"properties":{"destination":"Cabri\u00e8res d'Avignon;Col de Gordes|Lourdanaud","hiking":"yes","information":"guidepost","mapillary":"271280001408529","name":"La Gorbeli\u00e8re","operator":"CD84","ref":"16386","tourism":"information","osm_id":5793544289,"@id":"node/5793544289"}},{"type":"Feature","id":"node/5793544295","geometry":{"type":"Point","coordinates":[5.1735346,43.9034014]},"properties":{"destination":"La Pouraque;Les Boujolles|Gordes;Les Grangiers|Cabri\u00e8res d'Avignon;Le Resquelet","hiking":"yes","information":"guidepost","mapillary":"506706550598570;199165182102721","name":"La Croix des Baux","operator":"CD84","ref":"16246","tourism":"information","osm_id":5793544295,"@id":"node/5793544295"}},{"type":"Feature","id":"node/5793544326","geometry":{"type":"Point","coordinates":[5.3748371,43.806035]},"properties":{"destination":"Lourmarin;Combe d'Apt|Buoux;Vallon de Serre","hiking":"yes","information":"guidepost","mapillary":"595571158100741","name":"Combe des Cavaliers","operator":"CD84","ref":"26208","tourism":"information","osm_id":5793544326,"@id":"node/5793544326"}},{"type":"Feature","id":"node/5793544338","geometry":{"type":"Point","coordinates":[5.2534872,43.7823943]},"properties":{"destination":"For\u00eat des C\u00e8dres;L'Aire des Bosses|Les Borrys;La Tapi","hiking":"yes","information":"guidepost","mapillary":"529781331363435","name":"Vallon de la Tapi","operator":"CD84","tourism":"information","osm_id":5793544338,"@id":"node/5793544338"}},{"type":"Feature","id":"node/5793544339","geometry":{"type":"Point","coordinates":[5.2555713,43.7765032]},"properties":{"destination":"Les Borrys;La Reveyrolle|Vallon de la Tapi|For\u00eat des C\u00e8dres;L'Aire des Bosses","hiking":"yes","information":"guidepost","name":"La Tapi","operator":"CD84","ref":"3682","tourism":"information","osm_id":5793544339,"@id":"node/5793544339"}},{"type":"Feature","id":"node/5793612593","geometry":{"type":"Point","coordinates":[5.1924643,43.8955054]},"properties":{"destination":"La Gorbeli\u00e8re|Cabri\u00e8res d'Avignon;Bel-Air","hiking":"yes","information":"guidepost","name":"Col de Gordes","operator":"CD84","ref":"16369","tourism":"information","osm_id":5793612593,"@id":"node/5793612593"}},{"type":"Feature","id":"node/5807596536","geometry":{"type":"Point","coordinates":[5.1660311,43.9559043]},"properties":{"destination":"Fontaine de Vaucluse;Croix du Jas d'Esprit|La Pouraque|Venasque;Ribasti\u00e9","hiking":"yes","information":"guidepost","mapillary":"1700976720090350;801043723878443","name":"Pouraque Ouest","operator":"CD84","ref":"16039","tourism":"information","osm_id":5807596536,"@id":"node/5807596536"}},{"type":"Feature","id":"node/5807596537","geometry":{"type":"Point","coordinates":[5.1483634,43.9738613]},"properties":{"destination":"Venasque;La Nauque|Fontaine-de-Vaucluse;Croix du Jas d'Esprit|St Gens;Lou Planest\u00e8u","hiking":"yes","information":"guidepost","mapillary":"1224714397983422","name":"Carroufra","operator":"CD84","ref":"14721","tourism":"information","osm_id":5807596537,"@id":"node/5807596537"}},{"type":"Feature","id":"node/5807596668","geometry":{"type":"Point","coordinates":[5.1811226,43.9064366]},"properties":{"destination":"S\u00e9nanque;La S\u00e9nancole|Les Grangiers","hiking":"yes","information":"guidepost","mapillary":"321050819665980;130779699158325","mtb":"yes","name":"Village des Bories","operator":"CD84","ref":"16272","tourism":"information","osm_id":5807596668,"@id":"node/5807596668"}},{"type":"Feature","id":"node/5809076923","geometry":{"type":"Point","coordinates":[5.4332341,43.8450071]},"properties":{"destination":"Saignon;La Poste|Vouliou|Auribeau;Les Fondons|Cr\u00eate du Luberon;Les Estrugets","hiking":"yes","information":"guidepost","mapillary":"196452688983119","mtb":"yes","name":"Le Colombier","operator":"CD84","ref":"2870","tourism":"information","osm_id":5809076923,"@id":"node/5809076923"}},{"type":"Feature","id":"node/5809076924","geometry":{"type":"Point","coordinates":[5.4314431,43.8602293]},"properties":{"destination":"Auribeau;Le Colombier","hiking":"yes","information":"guidepost","name":"La Poste","operator":"CD84","ref":"2898","tourism":"information","osm_id":5809076924,"@id":"node/5809076924"}},{"type":"Feature","id":"node/5809076925","geometry":{"type":"Point","coordinates":[5.2305812,43.9362989]},"properties":{"destination":"Murs;Village de Vacances|Joucas;C\u00f4te 345|Joucas;Borne des Trois Ev\u00each\u00e9s","hiking":"yes","information":"guidepost","name":"La Jaumi\u00e8re","operator":"CD84","ref":"15516","tourism":"information","osm_id":5809076925,"@id":"node/5809076925"}},{"type":"Feature","id":"node/5824902585","geometry":{"type":"Point","coordinates":[5.4312211,43.7134875]},"properties":{"destination":"Ansouis;Coulet Blanc","hiking":"yes","information":"guidepost","mapillary":"830726824319299","name":"Le Vieux Moulin","operator":"CD84","ref":"26051","tourism":"information","osm_id":5824902585,"@id":"node/5824902585"}},{"type":"Feature","id":"node/5824902853","geometry":{"type":"Point","coordinates":[5.4654783,43.7274359]},"properties":{"destination":"Pertuis;La D\u00e9farde|?|Villelaure;Le Vieux Moulin","hiking":"yes","information":"guidepost","name":"Coulet Blanc","operator":"CD84","ref":"26058","tourism":"information","osm_id":5824902853,"@id":"node/5824902853"}},{"type":"Feature","id":"node/5825906545","geometry":{"type":"Point","coordinates":[5.3850703,43.8756729]},"properties":{"destination":"Bonnieux;Les Tourettes","hiking":"yes","information":"guidepost","name":"Av. P. de Girard","operator":"CD84","ref":"3011","tourism":"information","osm_id":5825906545,"@id":"node/5825906545"}},{"type":"Feature","id":"node/5825906952","geometry":{"type":"Point","coordinates":[5.3976801,43.8727059]},"properties":{"hiking":"yes","information":"guidepost","name":"Rue des Bassins","operator":"CD84","panoramax":"7b04d7fd-5ffa-4b74-a142-9f349bfd67f8&xyz=165.29/1.93/76","ref":"4185","tourism":"information","osm_id":5825906952,"@id":"node/5825906952"}},{"type":"Feature","id":"node/5833560990","geometry":{"type":"Point","coordinates":[5.2098711,43.8693782]},"properties":{"destination":"Goult;La Grande Garrigue|Les Martins|St-Pantal\u00e9on;Les Garrigues Nord","hiking":"yes","information":"guidepost","mapillary":"946343092800818","name":"Les Garrigues","operator":"CD84","ref":"16453","tourism":"information","osm_id":5833560990,"@id":"node/5833560990"}},{"type":"Feature","id":"node/5833560993","geometry":{"type":"Point","coordinates":[5.2113833,43.8677795]},"properties":{"destination":"St-Pantaleon;Les Garrigues|Goult;Mange-Tian|Les Beaumettes;Les Parties","hiking":"yes","information":"guidepost","mapillary":"214364597167448","name":"La Grande Garrigue","operator":"CD84","ref":"16455","tourism":"information","osm_id":5833560993,"@id":"node/5833560993"}},{"type":"Feature","id":"node/5833560994","geometry":{"type":"Point","coordinates":[5.2215005,43.8665322]},"properties":{"destination":"Les Dragonettes|St-Pantal\u00e9on;La Grande Garrigue|Goult;La Grande Garrigue Sud","hiking":"yes","information":"guidepost","name":"Mange-Tian","operator":"CD84","tourism":"information","osm_id":5833560994,"@id":"node/5833560994"}},{"type":"Feature","id":"node/5833561011","geometry":{"type":"Point","coordinates":[5.2163306,43.8910656]},"properties":{"destination":"St-Pantal\u00e9on|Gordes;Le Touron|Goult;Les Dragonettes","hiking":"yes","information":"guidepost","name":"Les Daumas","operator":"CD84","ref":"17462","tourism":"information","osm_id":5833561011,"@id":"node/5833561011"}},{"type":"Feature","id":"node/5833561361","geometry":{"type":"Point","coordinates":[5.2262776,43.8760726]},"properties":{"destination":"Mange-Tian|Gordes;Les Daumas|Goult;Trabari","hiking":"yes","information":"guidepost","name":"Les Dragonettes","operator":"CD84","ref":"16545","tourism":"information","osm_id":5833561361,"@id":"node/5833561361"}},{"type":"Feature","id":"node/5833561774","geometry":{"type":"Point","coordinates":[5.2444985,43.8642402]},"properties":{"destination":"Roussillon;La Petite Verrerie|Goult","hiking":"yes","information":"guidepost","mapillary":"165779415385859","name":"La Gouiranne","operator":"CD84","ref":"16575","tourism":"information","osm_id":5833561774,"@id":"node/5833561774"}},{"type":"Feature","id":"node/5833561878","geometry":{"type":"Point","coordinates":[5.2358698,43.8600437]},"properties":{"destination":"Jerusalem","hiking":"yes","information":"guidepost","name":"Croix de la Roche Redone","operator":"CD84","tourism":"information","osm_id":5833561878,"@id":"node/5833561878"}},{"type":"Feature","id":"node/5833561927","geometry":{"type":"Point","coordinates":[5.5037581,43.8645351]},"properties":{"destination":"Caseneuve;Chemin de la Galine|La Remise des Bories|St-Martin de Castillon","hiking":"yes","information":"guidepost","name":"Roquecan","operator":"CD84","tourism":"information","osm_id":5833561927,"@id":"node/5833561927"}},{"type":"Feature","id":"node/5833561947","geometry":{"type":"Point","coordinates":[5.510992,43.8606787]},"properties":{"destination":"Caseneuve;Roquecan","hiking":"yes","information":"guidepost","name":"St-Martin de Castillon","operator":"CD84","ref":"24082","tourism":"information","osm_id":5833561947,"@id":"node/5833561947"}},{"type":"Feature","id":"node/5833579462","geometry":{"type":"Point","coordinates":[5.2093662,43.8764032]},"properties":{"destination":"Les Martins|Goult;Les Garrigues|St-Pantal\u00e9on","hiking":"yes","information":"guidepost","mapillary":"455606755533170","name":"Les Garrigues Nord","operator":"CD84","ref":"16452","tourism":"information","osm_id":5833579462,"@id":"node/5833579462"}},{"type":"Feature","id":"node/5833579469","geometry":{"type":"Point","coordinates":[5.2150847,43.8831844]},"properties":{"destination":"Gordes;Les Daumas|Goult;Les Garrigues Nord","hiking":"yes","information":"guidepost","name":"St-Pantal\u00e9on","operator":"CD84","ref":"16419","tourism":"information","osm_id":5833579469,"@id":"node/5833579469"}},{"type":"Feature","id":"node/5833579476","geometry":{"type":"Point","coordinates":[5.2086005,43.8644931]},"properties":{"destination":"Les Beaumettes;Les Parties Ouest|La Brousse|Goult;La Grande Garrigue","hiking":"yes","information":"guidepost","mapillary":"3743616312417435","name":"Les Parties","operator":"CD84","ref":"16459","tourism":"information","osm_id":5833579476,"@id":"node/5833579476"}},{"type":"Feature","id":"node/5833976052","geometry":{"type":"Point","coordinates":[5.4893989,43.860281]},"properties":{"destination":"Castellet;Condamine|St-Martin-de-Castillon;La Remise des Bories","hiking":"yes","information":"guidepost","name":"Chemin des Jonquiers","operator":"CD84","tourism":"information","osm_id":5833976052,"@id":"node/5833976052"}},{"type":"Feature","id":"node/5833976077","geometry":{"type":"Point","coordinates":[5.4935349,43.8607302]},"properties":{"destination":"Castellet;Chemin des Jonquiers|St-Martin-de-Castillon;Roquecan","hiking":"yes","information":"guidepost","name":"La Remise des Bories","operator":"CD84","tourism":"information","osm_id":5833976077,"@id":"node/5833976077"}},{"type":"Feature","id":"node/5833976391","geometry":{"type":"Point","coordinates":[5.4588311,43.8668068]},"properties":{"destination":"Apt;Carlet|St-Martin de Castillon;Annezin|Auribeau;Les Fringants","hiking":"yes","information":"guidepost","name":"Moulin des Fringands","operator":"CD84","tourism":"information","osm_id":5833976391,"@id":"node/5833976391"}},{"type":"Feature","id":"node/5833976393","geometry":{"type":"Point","coordinates":[5.5102141,43.8595765]},"properties":{"destination":"Castellet;Madrid","hiking":"yes","information":"guidepost","name":"Portail du Banquet","operator":"CD84","ref":"27813","tourism":"information","osm_id":5833976393,"@id":"node/5833976393"}},{"type":"Feature","id":"node/5833976407","geometry":{"type":"Point","coordinates":[5.4833834,43.8869719]},"properties":{"destination":"St-Martin-de-Castillon;Chemin de la Galine|Croix de Christol;Le Pr\u00e9 Long|Apt;Le Vignal","hiking":"yes","information":"guidepost","name":"Caseneuve","operator":"CD84","ref":"17798","tourism":"information","osm_id":5833976407,"@id":"node/5833976407"}},{"type":"Feature","id":"node/5834018029","geometry":{"type":"Point","coordinates":[5.2081532,43.8626616]},"properties":{"destination":"Goult;Les Parties|La Fontaine du Loup|Les Beaumettes;La Roche Pointue","hiking":"yes","information":"guidepost","name":"Les Parties Ouest","operator":"CD84","ref":"31077","tourism":"information","osm_id":5834018029,"@id":"node/5834018029"}},{"type":"Feature","id":"node/5834018030","geometry":{"type":"Point","coordinates":[5.1975296,43.8603923]},"properties":{"destination":"Les Parties|La Roche Pointue","hiking":"yes","information":"guidepost","mapillary":"880855182466535","name":"La Brousse","operator":"CD84","ref":"16463","tourism":"information","osm_id":5834018030,"@id":"node/5834018030"}},{"type":"Feature","id":"node/5834018032","geometry":{"type":"Point","coordinates":[5.2055772,43.8600962]},"properties":{"destination":"Les Beaumettes|Goult;Les Parties Ouest|Cimeti\u00e8re des Beaumettes;La Brousse","hiking":"yes","information":"guidepost","name":"La Roche Pointue","operator":"CD84","ref":"31072","tourism":"information","osm_id":5834018032,"@id":"node/5834018032"}},{"type":"Feature","id":"node/5834018033","geometry":{"type":"Point","coordinates":[5.2088204,43.8583326]},"properties":{"destination":"Goult;Les Parties Ouest","hiking":"yes","information":"guidepost","mapillary":"498467164838166","name":"La Fontaine du Loup","operator":"CD84","ref":"29311","tourism":"information","osm_id":5834018033,"@id":"node/5834018033"}},{"type":"Feature","id":"node/5834018046","geometry":{"type":"Point","coordinates":[5.4582578,43.8656843]},"properties":{"hiking":"yes","information":"guidepost","name":"Les Fringants","operator":"CD84","tourism":"information","osm_id":5834018046,"@id":"node/5834018046"}},{"type":"Feature","id":"node/5834225315","geometry":{"type":"Point","coordinates":[5.5139539,43.9097408]},"properties":{"destination":"St-Martin-de-Castillon;Pradenques|Viens;La Cadeni\u00e8re|Rustrel;Cornet","hiking":"yes","information":"guidepost","mtb":"yes","name":"Barri\u00e8s","operator":"CD84","ref":"17878","tourism":"information","osm_id":5834225315,"@id":"node/5834225315"}},{"type":"Feature","id":"node/5834225316","geometry":{"type":"Point","coordinates":[5.4812564,43.9162902]},"properties":{"destination":"La Croix de Christol|Rustrel;Cornet|Apt;Les Eyssabli\u00e8res","hiking":"yes","information":"guidepost","name":"Istrane","operator":"CD84","ref":"23972","tourism":"information","osm_id":5834225316,"@id":"node/5834225316"}},{"type":"Feature","id":"node/5834225317","geometry":{"type":"Point","coordinates":[5.4366365,43.9061953]},"properties":{"destination":"Apt;Les Blaces|Villars;Les Bruy\u00e8res","hiking":"yes","information":"guidepost","mapillary":"500817854606272;114837554354208","name":"Les Jean-Jean","operator":"CD84","tourism":"information","osm_id":5834225317,"@id":"node/5834225317"}},{"type":"Feature","id":"node/5834225321","geometry":{"type":"Point","coordinates":[5.4102556,43.9611742]},"properties":{"destination":"St-Saturnin-les-Apt;Romanet|St-Christol;Travignon|Villars;Fontaine des Noyers","hiking":"yes","information":"guidepost","name":"Combe du Puits du Geay","operator":"CD84","ref":"22826","tourism":"information","osm_id":5834225321,"@id":"node/5834225321"}},{"type":"Feature","id":"node/5834225322","geometry":{"type":"Point","coordinates":[5.4105695,43.9196993]},"properties":{"destination":"Villars;St Joseph|Apt;St Philibert|Rustrel;Trou des Am\u00e9ricains","hiking":"yes","information":"guidepost","mtb":"yes","name":"Clastre","operator":"CD84","ref":"22207","tourism":"information","osm_id":5834225322,"@id":"node/5834225322"}},{"type":"Feature","id":"node/5834225326","geometry":{"type":"Point","coordinates":[5.4347938,43.9646899]},"properties":{"destination":"St Christol;Vallon des Jardins|Villars;Fontaine des Noyers","hiking":"yes","information":"guidepost","name":"Aiguier d'Auribeau","operator":"CD84","tourism":"information","osm_id":5834225326,"@id":"node/5834225326"}},{"type":"Feature","id":"node/5834225327","geometry":{"type":"Point","coordinates":[5.4051608,43.9572761]},"properties":{"destination":"St-Saturnin-L\u00e8s-Apt|St-Christol;Croix de Bonnefoy|Villars;Combe du Puits du Geay","hiking":"yes","information":"guidepost","name":"Romanet","operator":"CD84","ref":"22499","tourism":"information","osm_id":5834225327,"@id":"node/5834225327"}},{"type":"Feature","id":"node/5834226407","geometry":{"type":"Point","coordinates":[5.3343746,43.9642275]},"properties":{"destination":"Lioux;Font-Jouvale|Ch\u00e2teau de Javon|Cachabaou;Chemin de V\u00e9vouil","hiking":"yes","information":"guidepost","name":"Grand Marignon","operator":"CD84","ref":"23669","tourism":"information","osm_id":5834226407,"@id":"node/5834226407"}},{"type":"Feature","id":"node/5834226408","geometry":{"type":"Point","coordinates":[5.4138766,43.98838]},"properties":{"destination":"St-Christol;Savouillon|Villars;Travignon|St-Saturnin-les-Apt;Romanet","hiking":"yes","information":"guidepost","mtb":"yes","name":"Croix de Bonnefoy","operator":"CD84","ref":"22512","tourism":"information","osm_id":5834226408,"@id":"node/5834226408"}},{"type":"Feature","id":"node/5834226409","geometry":{"type":"Point","coordinates":[5.3029753,43.931387]},"properties":{"destination":"Lioux;Moulin de Lioux|St-Saturnin-L\u00e8s-Apt;Chapelle Ste-Madeleine","hiking":"yes","information":"guidepost","name":"Plan des Yves","operator":"CD84","ref":"23729","tourism":"information","osm_id":5834226409,"@id":"node/5834226409"}},{"type":"Feature","id":"node/5834226454","geometry":{"type":"Point","coordinates":[5.5702561,43.7011095]},"properties":{"destination":"La Bastidonne;Dernier Ch\u00e2teau|La Tour-d'Aigues;La Ferrage Est|La Chapelle St Julien;St Julien","hiking":"yes","information":"guidepost","name":"Les Paroites","operator":"CD84","ref":"25719","tourism":"information","osm_id":5834226454,"@id":"node/5834226454"}},{"type":"Feature","id":"node/5834226460","geometry":{"type":"Point","coordinates":[5.1085567,43.9786134]},"properties":{"destination":"St Didier;Bouiras|Fontvieille|Le Beaucet;Rouv\u00e8re","hiking":"yes","information":"guidepost","name":"La Roque sur Pernes","operator":"CD84","tourism":"information","osm_id":5834226460,"@id":"node/5834226460"}},{"type":"Feature","id":"node/5834226466","geometry":{"type":"Point","coordinates":[5.1090717,43.9777058]},"properties":{"hiking":"yes","information":"guidepost","name":"Fontvieille","operator":"CD84","tourism":"information","osm_id":5834226466,"@id":"node/5834226466"}},{"type":"Feature","id":"node/5834497342","geometry":{"type":"Point","coordinates":[5.1115903,44.0028363]},"properties":{"destination":"La-Roque-sur-Pernes;Les Puits|For\u00eat D\u00e9partementale Nord|St-Didier \u00c9co Mus\u00e9e","hiking":"yes","information":"guidepost","name":"Les Oratoires","operator":"CD84","ref":"15954","tourism":"information","osm_id":5834497342,"@id":"node/5834497342"}},{"type":"Feature","id":"node/5834497518","geometry":{"type":"Point","coordinates":[5.2244925,44.0569658]},"properties":{"destination":"Mormoiron;St-Laurent","hiking":"yes","information":"guidepost","mapillary":"486331242816063","name":"Pont des Nayes","operator":"CD84","ref":"15157","tourism":"information","osm_id":5834497518,"@id":"node/5834497518"}},{"type":"Feature","id":"node/5834497519","geometry":{"type":"Point","coordinates":[5.1950513,44.0718188]},"properties":{"destination":"Mormoiron;Le Pont|Villes-sur-Auzon;Pont des Nayes","hiking":"yes","information":"guidepost","mapillary":"3810145492387049","name":"St-Laurent","operator":"CD84","ref":"15138","tourism":"information","osm_id":5834497519,"@id":"node/5834497519"}},{"type":"Feature","id":"node/5834497520","geometry":{"type":"Point","coordinates":[5.1874056,44.0699784]},"properties":{"destination":"Le Lac - Villes-sur-Auzon;St-Laurent","hiking":"yes","information":"guidepost","mapillary":"821604152069477","name":"Le Pont","operator":"CD84","ref":"17603","tourism":"information","osm_id":5834497520,"@id":"node/5834497520"}},{"type":"Feature","id":"node/5834569385","geometry":{"type":"Point","coordinates":[5.1295048,43.968105]},"properties":{"destination":"Le Beaucet;La Grande Cabane|St Gens|Saumane-de-Vaucluse;Carri\u00e8re","hiking":"yes","information":"guidepost","name":"Piaule","operator":"CD84","ref":"15865","tourism":"information","osm_id":5834569385,"@id":"node/5834569385"}},{"type":"Feature","id":"node/5834569400","geometry":{"type":"Point","coordinates":[5.1287712,43.9694283]},"properties":{"destination":"La Roque sur Pernes;Le Haut du Fraischamps|Le Beaucet;Traversi\u00e8re|Saumane-de-Vaucluse;Piaule","hiking":"yes","information":"guidepost","name":"La Grande Cabane","operator":"CD84","ref":"16429","tourism":"information","osm_id":5834569400,"@id":"node/5834569400"}},{"type":"Feature","id":"node/5834569401","geometry":{"type":"Point","coordinates":[5.136677,43.9610835]},"properties":{"destination":"Le Beaucet;Piaule|St Gens;Combe de la Fontaine|Saumane-de-Vaucluse;Bourguigne","hiking":"yes","information":"guidepost","name":"Carri\u00e8re","operator":"CD84","ref":"17268","tourism":"information","osm_id":5834569401,"@id":"node/5834569401"}},{"type":"Feature","id":"node/5834751984","geometry":{"type":"Point","coordinates":[5.1219329,43.9786762]},"properties":{"destination":"Saumane;Traversi\u00e8re|Le Beaucet;Les Bourgades|La-Roque-sur-Pernes;Le Haut du Fraischamp","hiking":"yes","information":"guidepost","name":"La Louvette","operator":"CD84","ref":"15853","tourism":"information","osm_id":5834751984,"@id":"node/5834751984"}},{"type":"Feature","id":"node/5834752517","geometry":{"type":"Point","coordinates":[5.1414286,43.9646619]},"properties":{"destination":"Le Beaucet;Lou Planest\u00e8u|Saumane-de-Vaucluse;Combe de la Fontaine|Piaule","hiking":"yes","information":"guidepost","name":"St Gens","operator":"CD84","ref":"14732","tourism":"information","osm_id":5834752517,"@id":"node/5834752517"}},{"type":"Feature","id":"node/5834752518","geometry":{"type":"Point","coordinates":[5.1391674,43.9863609]},"properties":{"destination":"Le Beaucet;Capelane|Saint-Didier;Lou Clapas de Jouvenal|Venasque;Espuys","hiking":"yes","information":"guidepost","mapillary":"586359122528428","name":"Jouvenal","operator":"CD84","ref":"15818","tourism":"information","osm_id":5834752518,"@id":"node/5834752518"}},{"type":"Feature","id":"node/5834752572","geometry":{"type":"Point","coordinates":[5.1327342,43.9846708]},"properties":{"destination":"Le Beaucet - St-Gens;La Pelade|Venasque;Jouvenal|Saint-Didier;Jouvenas","hiking":"yes","information":"guidepost","mapillary":"3533824403384196;247932970465818;877694906112125;","name":"Capelane","operator":"CD84","ref":"16976","tourism":"information","osm_id":5834752572,"@id":"node/5834752572"}},{"type":"Feature","id":"node/5834752573","geometry":{"type":"Point","coordinates":[5.1317646,43.9835997]},"properties":{"destination":"Le Beaucet;Le D\u00e9gouta\u00efre|Venasque;Capelane|St Gens;Lou Planest\u00e8u","hiking":"yes","information":"guidepost","name":"La Pelade","operator":"CD84","ref":"16983","tourism":"information","osm_id":5834752573,"@id":"node/5834752573"}},{"type":"Feature","id":"node/5834752574","geometry":{"type":"Point","coordinates":[5.1250175,43.9825691]},"properties":{"destination":"Venasque;La Pelade|Le Beaucet;Le Barri|Saumane-de-Vaucluse;Carbonni\u00e8re","hiking":"yes","information":"guidepost","name":"Le D\u00e9gouta\u00efre","operator":"CD84","ref":"17019","tourism":"information","osm_id":5834752574,"@id":"node/5834752574"}},{"type":"Feature","id":"node/5834752575","geometry":{"type":"Point","coordinates":[5.1197644,43.9842231]},"properties":{"destination":"Venasque;Le D\u00e9gouta\u00efre|Saint-Didier;Jouvenas|Saumane-de-Vaucluse;Les Bourgades","hiking":"yes","information":"guidepost","name":"Le Barri","operator":"CD84","ref":"17021","tourism":"information","osm_id":5834752575,"@id":"node/5834752575"}},{"type":"Feature","id":"node/5834752576","geometry":{"type":"Point","coordinates":[5.1140392,43.9695306]},"properties":{"destination":"La-Roque-sur-Pernes;Fontvieille|Saumane-de-Vaucluse;Le Haut du Fraischamp","hiking":"yes","information":"guidepost","name":"Clapeyrouse","operator":"CD84","ref":"15876","tourism":"information","osm_id":5834752576,"@id":"node/5834752576"}},{"type":"Feature","id":"node/5834752577","geometry":{"type":"Point","coordinates":[5.5442333,43.9083089]},"properties":{"destination":"St-Martin-de-Castillon;St Laurent|Viens;Les Rouans|St-Ferr\u00e9ol;La Suaude|Rustrel;La Colle","hiking":"yes","information":"guidepost","name":"Col des Quatre Chemins","operator":"CD84","ref":"17866","tourism":"information","osm_id":5834752577,"@id":"node/5834752577"}},{"type":"Feature","id":"node/5834752579","geometry":{"type":"Point","coordinates":[5.255802,43.957501]},"properties":{"destination":"Col de la Ligne;Gorges de Vaumale|Murs;Les Calamels|Lioux - Le Ch\u00e2teau;Le Grand Rieu Sec","hiking":"yes","information":"guidepost","mtb":"yes","name":"La Tourbe","operator":"CD84","ref":"15589","tourism":"information","osm_id":5834752579,"@id":"node/5834752579"}},{"type":"Feature","id":"node/5834752580","geometry":{"type":"Point","coordinates":[5.2549544,43.9577423]},"properties":{"destination":"Lioux;La Tourbe|Les Vergiers|Murs;Les Cairades","hiking":"yes","information":"guidepost","name":"Les Calamels","operator":"CD84","ref":"17407","tourism":"information","osm_id":5834752580,"@id":"node/5834752580"}},{"type":"Feature","id":"node/5836757877","geometry":{"type":"Point","coordinates":[5.4697464,43.9163119]},"properties":{"hiking":"yes","information":"guidepost","name":"Les Eyssabli\u00e8res","operator":"CD84","ref":"23966","tourism":"information","osm_id":5836757877,"@id":"node/5836757877"}},{"type":"Feature","id":"node/5836757878","geometry":{"type":"Point","coordinates":[5.4854815,43.9241723]},"properties":{"hiking":"yes","information":"guidepost","name":"Rustrel","operator":"CD84","tourism":"information","osm_id":5836757878,"@id":"node/5836757878"}},{"type":"Feature","id":"node/5836757879","geometry":{"type":"Point","coordinates":[5.4940224,43.9167452]},"properties":{"hiking":"yes","information":"guidepost","name":"Cornet","operator":"CD84","tourism":"information","osm_id":5836757879,"@id":"node/5836757879"}},{"type":"Feature","id":"node/5836757880","geometry":{"type":"Point","coordinates":[5.2941696,43.9452889]},"properties":{"destination":"Col de la Ligne;Les Rouvi\u00e8res|Lioux-Ferraille|Joucas;Lioux - Le Ch\u00e2teau","hiking":"yes","information":"guidepost","mapillary":"519477849362778","mtb":"yes","name":"Lioux - Le Ch\u00e2teau Est","operator":"CD84","ref":"15463","tourism":"information","osm_id":5836757880,"@id":"node/5836757880"}},{"type":"Feature","id":"node/5836757881","geometry":{"type":"Point","coordinates":[5.2862839,43.9975222]},"properties":{"destination":"St-Hubert;Pi\u00e9 Blanc|Murs;Combe de Boulet|Lioux;Coteau de Ragagnade","hiking":"yes","information":"guidepost","mapillary":"187534830045228;514733716334791","name":"Col de la Ligne","operator":"CD84","ref":"15273","tourism":"information","osm_id":5836757881,"@id":"node/5836757881"}},{"type":"Feature","id":"node/5836757882","geometry":{"type":"Point","coordinates":[5.2917174,43.9893439]},"properties":{"destination":"Lioux;Les Rouvi\u00e8res|Col de la Ligne|Javon;Les Teissonni\u00e8res","hiking":"yes","information":"guidepost","mapillary":"366038314862292;196910762434842","name":"Coteau de Ragagnade","operator":"CD84","ref":"15416","tourism":"information","osm_id":5836757882,"@id":"node/5836757882"}},{"type":"Feature","id":"node/5837180785","geometry":{"type":"Point","coordinates":[5.4352498,43.9253913]},"properties":{"destination":"Rustrel;La Braguette|St-Saturnin-les-Apt;Garrigue|Lagarde d'Apt;Fumeirasse|Villars;Les Bruy\u00e8res","hiking":"yes","information":"guidepost","name":"La Glaurivette","operator":"CD84","panoramax":"4cbdbf4b-821e-43d2-80e9-9175c1e34cf3","ref":"21744","tourism":"information","osm_id":5837180785,"@id":"node/5837180785"}},{"type":"Feature","id":"node/5837180786","geometry":{"type":"Point","coordinates":[5.2466261,44.0399131]},"properties":{"destination":"Villes-sur-Auzon;R\u00e9gan\u00e9ou|Balavard|Blauvac;La Togne","hiking":"yes","information":"guidepost","mapillary":"227463535417687","name":"Le Plateau","operator":"CD84","ref":"14647","tourism":"information","osm_id":5837180786,"@id":"node/5837180786"}},{"type":"Feature","id":"node/5837199352","geometry":{"type":"Point","coordinates":[5.5123083,43.904645]},"properties":{"destination":"La Croix de Christol|St Martin de Castillon;St Amas|?","hiking":"yes","information":"guidepost","name":"Ubac de Pradenques","operator":"CD84","ref":"17884","tourism":"information","osm_id":5837199352,"@id":"node/5837199352"}},{"type":"Feature","id":"node/5837199353","geometry":{"type":"Point","coordinates":[5.5139391,43.9058113]},"properties":{"destination":"St-Martin-de-Castillon;Ubac de Pradenques|Rustrel;Barri\u00e8s","hiking":"yes","information":"guidepost","name":"Pradenques","operator":"CD84","ref":"17885","tourism":"information","osm_id":5837199353,"@id":"node/5837199353"}},{"type":"Feature","id":"node/5839490470","geometry":{"type":"Point","coordinates":[5.5759183,43.7006218]},"properties":{"destination":"La Bastidonne;Les Paroites|La Chapelle St Julien","hiking":"yes","information":"guidepost","name":"St Julien","operator":"CD84","ref":"25720","tourism":"information","osm_id":5839490470,"@id":"node/5839490470"}},{"type":"Feature","id":"node/5840612272","geometry":{"type":"Point","coordinates":[5.1198837,43.9827302]},"properties":{"destination":"Le Barri|La Roque sur Pernes;La Fayarde|Saumane;La Louvette","hiking":"yes","information":"guidepost","name":"Les Bourgades","operator":"CD84","ref":"17575","tourism":"information","osm_id":5840612272,"@id":"node/5840612272"}},{"type":"Feature","id":"node/5840612276","geometry":{"type":"Point","coordinates":[5.1243623,43.9751257]},"properties":{"hiking":"yes","information":"guidepost","name":"Traversi\u00e8re","operator":"CD84","tourism":"information","osm_id":5840612276,"@id":"node/5840612276"}},{"type":"Feature","id":"node/5840612446","geometry":{"type":"Point","coordinates":[5.2961303,44.0587334]},"properties":{"destination":"La Gaillarde;Les Adrets|La Lauze;L'Adret|Baume du B\u00e9l\u00e9","hiking":"yes","information":"guidepost","mapillary":"182873440381526;1008981552969007;550308713021980;335538467927272;202390878368927","name":"Les Fourneaux","operator":"CD84","ref":"17344","tourism":"information","osm_id":5840612446,"@id":"node/5840612446"}},{"type":"Feature","id":"node/5840612447","geometry":{"type":"Point","coordinates":[5.2983163,44.0743018]},"properties":{"destination":"La Lauze;Les Fourneaux|La Gaillarde|Villes-sur-Auzon;Les Adrets","hiking":"yes","information":"guidepost","mapillary":"1018694272311659","name":"Baume du B\u00e9l\u00e9","operator":"CD84","ref":"15255","tourism":"information","osm_id":5840612447,"@id":"node/5840612447"}},{"type":"Feature","id":"node/5840612448","geometry":{"type":"Point","coordinates":[5.2959278,44.0820536]},"properties":{"destination":"Villes-sur-Auzon;Baume du B\u00e9l\u00e9","hiking":"yes","information":"guidepost","mapillary":"326801502132013;257893622782822","name":"La Gaillarde","operator":"CD84","ref":"15254","tourism":"information","osm_id":5840612448,"@id":"node/5840612448"}},{"type":"Feature","id":"node/5840612449","geometry":{"type":"Point","coordinates":[5.2902736,44.0612222]},"properties":{"destination":"La Gaillarde;Baume du B\u00e9l\u00e9|Villes-sur-Auzon;Pas du Loup|La Lauze;Les Fourneaux","hiking":"yes","information":"guidepost","mapillary":"105887754929716;473149647323713;1161251770967427;374963094193836;803422207236409;779908062917642","name":"Les Adrets","operator":"CD84","ref":"15356","tourism":"information","osm_id":5840612449,"@id":"node/5840612449"}},{"type":"Feature","id":"node/5840612450","geometry":{"type":"Point","coordinates":[5.1092903,43.986468]},"properties":{"destination":"Saint-Didier;Les Puits","hiking":"yes","information":"guidepost","mapillary":"834821157392933&x=0.14&y=0.69&zoom=2.20","name":"Bouiras","operator":"CD84","ref":"17003","tourism":"information","osm_id":5840612450,"@id":"node/5840612450"}},{"type":"Feature","id":"node/5840612458","geometry":{"type":"Point","coordinates":[5.5444385,43.7288876]},"properties":{"destination":"St Martin de la Brasque;Rourabeau|L'Archimbaude","hiking":"yes","information":"guidepost","name":"Le Long Mur","operator":"CD84","ref":"25844","tourism":"information","osm_id":5840612458,"@id":"node/5840612458"}},{"type":"Feature","id":"node/5840612459","geometry":{"type":"Point","coordinates":[5.5458815,43.7234356]},"properties":{"destination":"L'Archimbaude","hiking":"yes","information":"guidepost","mapillary":"179779757223631","name":"St-Roch","operator":"CD84","ref":"25839","tourism":"information","osm_id":5840612459,"@id":"node/5840612459"}},{"type":"Feature","id":"node/5840612460","geometry":{"type":"Point","coordinates":[5.5508718,43.7242272]},"properties":{"destination":"Le Tourel","hiking":"yes","information":"guidepost","mapillary":"3978969712217071","name":"La Ferrage","operator":"CD84","ref":"25843","tourism":"information","osm_id":5840612460,"@id":"node/5840612460"}},{"type":"Feature","id":"node/5840612461","geometry":{"type":"Point","coordinates":[5.55436,43.7243583]},"properties":{"destination":"St Martin de la Brasque;Le Rev\u00e8s|La Bastidonne;Les Paroites","hiking":"yes","information":"guidepost","name":"La Ferrage Est","operator":"CD84","ref":"25779","tourism":"information","osm_id":5840612461,"@id":"node/5840612461"}},{"type":"Feature","id":"node/5840612463","geometry":{"type":"Point","coordinates":[5.5653041,43.70165]},"properties":{"destination":"La Bastidonne;Les Paroites|Pertuis;Guap|Les Bouisses","hiking":"yes","information":"guidepost","mapillary":"2652583241700037","name":"Dernier Ch\u00e2teau","operator":"CD84","ref":"25753","tourism":"information","osm_id":5840612463,"@id":"node/5840612463"}},{"type":"Feature","id":"node/5841456258","geometry":{"type":"Point","coordinates":[5.4492778,43.9310595]},"properties":{"destination":"St-Saturnin-les-Apt;La Glaurivette|Rustrel;Le Gibas","hiking":"yes","information":"guidepost","name":"La Braguette","operator":"CD84","panoramax":"af482bd3-9da1-476d-b2d1-a3817bd67eb2","ref":"21660","tourism":"information","osm_id":5841456258,"@id":"node/5841456258"}},{"type":"Feature","id":"node/5841456259","geometry":{"type":"Point","coordinates":[5.4028345,43.9322383]},"properties":{"destination":"Lagarde d'Apt;Fontaine des Noyers|Villars;St Joseph|St-Saturnin-les-Apt;Les Garbis|Rustrel;La Glaurivette","hiking":"yes","information":"guidepost","name":"Garrigue","operator":"CD84","ref":"22012","tourism":"information","osm_id":5841456259,"@id":"node/5841456259"}},{"type":"Feature","id":"node/5841456276","geometry":{"type":"Point","coordinates":[5.4139882,43.9125274]},"properties":{"destination":"Villars;Clastre|Apt;Cit\u00e9 St-Michel|?","hiking":"yes","information":"guidepost","name":"St Philibert","operator":"CD84","ref":"23862","tourism":"information","osm_id":5841456276,"@id":"node/5841456276"}},{"type":"Feature","id":"node/5841456277","geometry":{"type":"Point","coordinates":[5.4081447,43.9254063]},"properties":{"destination":"Villars|St-Saturnin-les-Apt;Garrigue|Rustrel;Clastre","hiking":"yes","information":"guidepost","mtb":"yes","name":"St Joseph","operator":"CD84","panoramax":"b65e8c3f-5b33-49fe-a2e2-5dc5e97afb0f","ref":"22089","tourism":"information","osm_id":5841456277,"@id":"node/5841456277"}},{"type":"Feature","id":"node/5841456278","geometry":{"type":"Point","coordinates":[5.4404465,43.9850258]},"properties":{"hiking":"yes","information":"guidepost","name":"Vallon des Jardins","operator":"CD84","ref":"20714","tourism":"information","osm_id":5841456278,"@id":"node/5841456278"}},{"type":"Feature","id":"node/5841456672","geometry":{"type":"Point","coordinates":[5.1376493,43.9960321]},"properties":{"destination":"Saint-Didier;Les Ponts|Le Beaucet;Jouvenas|St-Gens;Jouvenal","hiking":"yes","information":"guidepost","mapillary":"309733837344199;3956512417747518","name":"Lou Clapas de Jouvenal","operator":"CD84","ref":"15826","tourism":"information","osm_id":5841456672,"@id":"node/5841456672"}},{"type":"Feature","id":"node/5841456795","geometry":{"type":"Point","coordinates":[5.1393351,43.998527]},"properties":{"destination":"Saint-Didier;La Dev\u00e8ze|Venasque;Calvaire|Le Beaucet;Lou Clapas de Jouvenal","hiking":"yes","information":"guidepost","mapillary":"692375241489637;4603994239616358","name":"Les Ponts","operator":"CD84","ref":"15828","tourism":"information","osm_id":5841456795,"@id":"node/5841456795"}},{"type":"Feature","id":"node/5841456798","geometry":{"type":"Point","coordinates":[5.148818,43.9904106]},"properties":{"bicycle":"yes","destination":"Le Beaucet;Jouvenal|Venasque;Les Tours|St-Gens;Maroane","hiking":"yes","information":"guidepost","mapillary":"922469468537095;482300712883180","name":"Espuys","operator":"CD84","ref":"15794","tourism":"information","osm_id":5841456798,"@id":"node/5841456798"}},{"type":"Feature","id":"node/5841456799","geometry":{"type":"Point","coordinates":[5.4316114,44.0098538]},"properties":{"hiking":"yes","information":"guidepost","name":"Savouillon","operator":"CD84","ref":"6731","tourism":"information","osm_id":5841456799,"@id":"node/5841456799"}},{"type":"Feature","id":"node/5841456800","geometry":{"type":"Point","coordinates":[5.4210566,43.9801737]},"properties":{"destination":"St-Christol;Croix de Bonnefoy|Villars;Combe du Puits du Geay","hiking":"yes","information":"guidepost","mtb":"yes","name":"Travignon","operator":"CD84","ref":"21513","tourism":"information","osm_id":5841456800,"@id":"node/5841456800"}},{"type":"Feature","id":"node/5841456801","geometry":{"type":"Point","coordinates":[5.4038089,43.9374211]},"properties":{"destination":"Lagarde d'Apt;Aiguier-d'Auribeau|Saint-Christol;Combe du Puits du Geay|Villars;Garrigue","hiking":"yes","information":"guidepost","name":"Fontaine des Noyers","operator":"CD84","ref":"20426","tourism":"information","osm_id":5841456801,"@id":"node/5841456801"}},{"type":"Feature","id":"node/5841456806","geometry":{"type":"Point","coordinates":[5.1121248,44.0053144]},"properties":{"destination":"Mazan;Jullias","hiking":"yes","information":"guidepost","mapillary":"913150212588279","name":"St-Didier \u00c9co Mus\u00e9e","operator":"CD84","tourism":"information","osm_id":5841456806,"@id":"node/5841456806"}},{"type":"Feature","id":"node/5841456826","geometry":{"type":"Point","coordinates":[5.1112799,43.9868704]},"properties":{"destination":"?|?|La-Roque-sur-Pernes;Bouiras","hiking":"yes","information":"guidepost","name":"Les Puits","operator":"CD84","ref":"15959","tourism":"information","osm_id":5841456826,"@id":"node/5841456826"}},{"type":"Feature","id":"node/5841457101","geometry":{"type":"Point","coordinates":[5.1261052,43.9966503]},"properties":{"destination":"Le Grand Conil|Venasque;La Dev\u00e8ze|St Didier;For\u00eat D\u00e9partementale Nord","hiking":"yes","information":"guidepost","mapillary":"182527837085142","name":"For\u00eat D\u00e9partementale","operator":"CD84","ref":"31142","tourism":"information","osm_id":5841457101,"@id":"node/5841457101"}},{"type":"Feature","id":"node/5841573135","geometry":{"type":"Point","coordinates":[5.4575939,43.8949604]},"properties":{"hiking":"yes","information":"guidepost","name":"Les Blaces","operator":"CD84","ref":"23891","tourism":"information","osm_id":5841573135,"@id":"node/5841573135"}},{"type":"Feature","id":"node/5842164701","geometry":{"type":"Point","coordinates":[5.5310865,43.9133842]},"properties":{"destination":"Rustrel;Barri\u00e8s|Viens;La Colle|Gignac","hiking":"yes","information":"guidepost","mtb":"yes","name":"La Cadeni\u00e8re","operator":"CD84","ref":"17870","tourism":"information","osm_id":5842164701,"@id":"node/5842164701"}},{"type":"Feature","id":"node/5842164704","geometry":{"type":"Point","coordinates":[5.156195,43.9497186]},"properties":{"destination":"Fontaine-de-Vaucluse;La Plaine|La Pouraque;Croix du Jas d'Esprit|Abbaye de S\u00e9nanque","hiking":"yes","information":"guidepost","mapillary":"4780019118692982","name":"Croix de Pouracon","operator":"CD84","tourism":"information","osm_id":5842164704,"@id":"node/5842164704"}},{"type":"Feature","id":"node/5851856588","geometry":{"type":"Point","coordinates":[5.2493209,44.0841652]},"properties":{"destination":"Flassan;Esp\u00e8re du Loup|La Gaillarde;La Treille|Villes-sur-Auzon;Combe du Salut","hiking":"yes","information":"guidepost","mapillary":"177178410975874;969099720560965;185861063392530","name":"Patey","operator":"CD84","ref":"14615","tourism":"information","osm_id":5851856588,"@id":"node/5851856588"}},{"type":"Feature","id":"node/5851856589","geometry":{"type":"Point","coordinates":[5.1455364,44.1047189]},"properties":{"destination":"Bedoin;Pont de Crillon|Crillon Le Brave","hiking":"yes","information":"guidepost","mapillary":"2870893569893654","name":"St-Jean","operator":"CD84","ref":"1220","tourism":"information","osm_id":5851856589,"@id":"node/5851856589"}},{"type":"Feature","id":"node/5851856591","geometry":{"type":"Point","coordinates":[5.1090694,44.1119463]},"properties":{"destination":"Crillon Le Brave","hiking":"yes","information":"guidepost","mapillary":"822817648376075","name":"Chemin de Crillon","operator":"CD84","ref":"1130","tourism":"information","osm_id":5851856591,"@id":"node/5851856591"}},{"type":"Feature","id":"node/5851856592","geometry":{"type":"Point","coordinates":[5.1629801,44.1325764]},"properties":{"destination":"Malauc\u00e8ne;Les Ardouin|Bedoin;Bedoin Monument|La Bernarde","hiking":"yes","information":"guidepost","mapillary":"296567501933904;873348316860685;3965160010187424;5412662468809202","name":"La Font du Loup","operator":"CD84","ref":"1185","tourism":"information","osm_id":5851856592,"@id":"node/5851856592"}},{"type":"Feature","id":"node/5854158868","geometry":{"type":"Point","coordinates":[5.3654158,43.9834125]},"properties":{"destination":"St-Saturnin-les-Apt;La Gypi\u00e8re|Lioux;Chemin de V\u00e9vouil","hiking":"yes","information":"guidepost","name":"Cachabaou","operator":"CD84","tourism":"information","osm_id":5854158868,"@id":"node/5854158868"}},{"type":"Feature","id":"node/5854161588","geometry":{"type":"Point","coordinates":[5.3366612,43.9625508]},"properties":{"destination":"Lioux - Le Ch\u00e2teau;Grand Marignon|Cachabaou","hiking":"yes","information":"guidepost","name":"Chemin de V\u00e9vouil","operator":"CD84","ref":"23663","tourism":"information","osm_id":5854161588,"@id":"node/5854161588"}},{"type":"Feature","id":"node/5854161649","geometry":{"type":"Point","coordinates":[5.2753673,44.0481764]},"properties":{"destination":"La Gaillarde;Les Peyrards|La Gaillarde;Les Fourneaux|La Lauze","hiking":"yes","information":"guidepost","mapillary":"561722644796600;1167969493616069;319658836198494;160872145983792;1136861163487041","name":"L'Adret","operator":"CD84","ref":"15362","tourism":"information","osm_id":5854161649,"@id":"node/5854161649"}},{"type":"Feature","id":"node/5854161654","geometry":{"type":"Point","coordinates":[5.2705267,44.0482848]},"properties":{"destination":"La Gaillarde;Les Peyrards|Villes-sur-Auzon;La C\u00e9nita|La Lauze","hiking":"yes","information":"guidepost","name":"Passichaud","operator":"CD84","ref":"15192","tourism":"information","osm_id":5854161654,"@id":"node/5854161654"}},{"type":"Feature","id":"node/5854161677","geometry":{"type":"Point","coordinates":[5.2622527,44.0463826]},"properties":{"destination":"La Gaillarde;Passichaud|Villes-sur-Auzon;Garrigas|La Lauze","hiking":"yes","information":"guidepost","mapillary":"1425056911191461","name":"La C\u00e9nita","operator":"CD84","ref":"15196","tourism":"information","osm_id":5854161677,"@id":"node/5854161677"}},{"type":"Feature","id":"node/5854161680","geometry":{"type":"Point","coordinates":[5.1437641,44.2584266]},"properties":{"destination":"La Dame","hiking":"yes","information":"guidepost","mapillary":"134250715405780","name":"L'Aparant","operator":"CD84","tourism":"information","osm_id":5854161680,"@id":"node/5854161680"}},{"type":"Feature","id":"node/5854161682","geometry":{"type":"Point","coordinates":[5.145126,44.2558452]},"properties":{"destination":"Faucon;L'Aparant|Les Beaumettes","hiking":"yes","information":"guidepost","mapillary":"943509739796812","name":"La Dame","operator":"CD84","ref":"28287","tourism":"information","osm_id":5854161682,"@id":"node/5854161682"}},{"type":"Feature","id":"node/5854161683","geometry":{"type":"Point","coordinates":[5.1579027,44.2433621]},"properties":{"destination":"Faucon;Les Beaumettes","hiking":"yes","information":"guidepost","mapillary":"818649799028252","name":"L'Eyguemarse","operator":"CD84","ref":"28290","tourism":"information","osm_id":5854161683,"@id":"node/5854161683"}},{"type":"Feature","id":"node/5854161684","geometry":{"type":"Point","coordinates":[5.3420149,43.9973693]},"properties":{"destination":"Lioux;Grand Marignon|St Jean - Monieux;La Plane|Lioux;Pi\u00e9 Chauvet","hiking":"yes","information":"guidepost","name":"Ch\u00e2teau de Javon","operator":"CD84","ref":"15391","tourism":"information","osm_id":5854161684,"@id":"node/5854161684"}},{"type":"Feature","id":"node/5854161786","geometry":{"type":"Point","coordinates":[5.3261919,43.9620088]},"properties":{"destination":"Lioux;Eyrolles|Javon;Grand Marignon|St-Saturnin-les-Apt;Croix de la Lave","hiking":"yes","information":"guidepost","name":"Font-Jouvale","operator":"CD84","ref":"23670","tourism":"information","osm_id":5854161786,"@id":"node/5854161786"}},{"type":"Feature","id":"node/5854290057","geometry":{"type":"Point","coordinates":[5.5267178,43.9094843]},"properties":{"destination":"Rustrel;La Cadeni\u00e8re|Viens;Col des Quatre Chemins","hiking":"yes","information":"guidepost","mtb":"yes","name":"La Colle","operator":"CD84","ref":"17872","tourism":"information","osm_id":5854290057,"@id":"node/5854290057"}},{"type":"Feature","id":"node/5854290059","geometry":{"type":"Point","coordinates":[5.4046719,43.9231683]},"properties":{"destination":"Rustrel;St Joseph","hiking":"yes","information":"guidepost","name":"Villars","operator":"CD84","tourism":"information","osm_id":5854290059,"@id":"node/5854290059"}},{"type":"Feature","id":"node/5854290060","geometry":{"type":"Point","coordinates":[5.5917862,43.8193058]},"properties":{"destination":"Les Cr\u00eates;Les Roumis|Vitrolles;Les Ferrailles|L'Aire des Mascas","hiking":"yes","information":"guidepost","mtb":"yes","name":"Les Mines","operator":"CD84","ref":"26459","tourism":"information","osm_id":5854290060,"@id":"node/5854290060"}},{"type":"Feature","id":"node/5854290061","geometry":{"type":"Point","coordinates":[5.5855238,43.8238264]},"properties":{"destination":"Vitrolles;Les Mines|Les Cr\u00eates;L'Aire des Mascas","hiking":"yes","information":"guidepost","name":"Les Roumis","operator":"CD84","ref":"26511","tourism":"information","osm_id":5854290061,"@id":"node/5854290061"}},{"type":"Feature","id":"node/5854290064","geometry":{"type":"Point","coordinates":[5.6852196,43.732386]},"properties":{"destination":"Beaumont-de-Pertuis;Les Campanettes","hiking":"yes","information":"guidepost","name":"La Chapelle Ste-Croix","operator":"CD84","ref":"28153","tourism":"information","osm_id":5854290064,"@id":"node/5854290064"}},{"type":"Feature","id":"node/5855702433","geometry":{"type":"Point","coordinates":[5.3575795,44.0650779]},"properties":{"destination":"St-Hubert;Lac du Bourget","hiking":"yes","information":"guidepost","mapillary":"522953895371216;298821701983994","mtb":"yes","name":"La Palud","operator":"CD84","ref":"16746","tourism":"information","osm_id":5855702433,"@id":"node/5855702433"}},{"type":"Feature","id":"node/5855702464","geometry":{"type":"Point","coordinates":[5.3549056,44.0563654]},"properties":{"destination":"Ch\u00e2teau de Javon;Gaveau|Monieux;La Palud|St-Hubert;Font de Jean","hiking":"yes","information":"guidepost","mtb":"yes","name":"Lac du Bourget","operator":"CD84","tourism":"information","osm_id":5855702464,"@id":"node/5855702464"}},{"type":"Feature","id":"node/5855702466","geometry":{"type":"Point","coordinates":[5.359358,44.0430751]},"properties":{"hiking":"yes","information":"guidepost","name":"Gaveau","operator":"CD84","ref":"9700","tourism":"information","osm_id":5855702466,"@id":"node/5855702466"}},{"type":"Feature","id":"node/5855702468","geometry":{"type":"Point","coordinates":[5.3469005,44.0475933]},"properties":{"destination":"Monieux;Lac du Bourget|St-Hubert;La Peisse","hiking":"yes","information":"guidepost","mtb":"yes","name":"Font de Jean","operator":"CD84","ref":"9695","tourism":"information","osm_id":5855702468,"@id":"node/5855702468"}},{"type":"Feature","id":"node/5855702515","geometry":{"type":"Point","coordinates":[5.3419975,44.0441056]},"properties":{"destination":"Monieux;Cabanes|St-Hubert;La Peisse","hiking":"yes","information":"guidepost","name":"Chapelle St-Michel","operator":"CD84","tourism":"information","osm_id":5855702515,"@id":"node/5855702515"}},{"type":"Feature","id":"node/5855702516","geometry":{"type":"Point","coordinates":[5.5310785,43.8707163]},"properties":{"hiking":"yes","information":"guidepost","name":"Les Courennes","operator":"CD84","ref":"17684","tourism":"information","osm_id":5855702516,"@id":"node/5855702516"}},{"type":"Feature","id":"node/5855702587","geometry":{"type":"Point","coordinates":[5.5579917,43.8599426]},"properties":{"destination":"St-Martin-de-Castillon;Les Courennes","hiking":"yes","information":"guidepost","mapillary":"321599112854922;1005801603505058","name":"Ravin des Fouix","operator":"CD84","ref":"17668","tourism":"information","osm_id":5855702587,"@id":"node/5855702587"}},{"type":"Feature","id":"node/5856008454","geometry":{"type":"Point","coordinates":[5.4758316,43.979371]},"properties":{"destination":"Rustrel;Chemin des Quentins|Simiane;Ch\u00e2teau de Bois|Lagarde-d'Apt;Col de Lagarde-d'Apt","hiking":"yes","information":"guidepost","name":"Le Coulet L\u00e9ger","operator":"CD84","ref":"19528","tourism":"information","osm_id":5856008454,"@id":"node/5856008454"}},{"type":"Feature","id":"node/5856008465","geometry":{"type":"Point","coordinates":[5.5477336,43.9161366]},"properties":{"destination":"Viens;Pi\u00e9mayon|Rustrel;Col des Quatre Chemins","hiking":"yes","information":"guidepost","name":"La Suaude","operator":"CD84","ref":"17852","tourism":"information","osm_id":5856008465,"@id":"node/5856008465"}},{"type":"Feature","id":"node/5856008991","geometry":{"type":"Point","coordinates":[5.3444436,43.9990479]},"properties":{"destination":"Monieux;Bois Tomba|St-Jean-de-Durefort;La Grange de Javon|Ch\u00e2teau de Javon","hiking":"yes","information":"guidepost","mtb":"yes","name":"La Plane","operator":"CD84","ref":"15594","tourism":"information","osm_id":5856008991,"@id":"node/5856008991"}},{"type":"Feature","id":"node/5856008992","geometry":{"type":"Point","coordinates":[5.2233285,43.9851417]},"properties":{"destination":"Methamis;Mourre des Coquins|Murs;Croix de la Fuste|Malemort-du-Comtat;Cabissole|La Pouraque;Vaulongue","hiking":"yes","information":"guidepost","mapillary":"3005510786345782;881169622431862;950085415558262;3005510786345782;909523792943474;1907579526056967;926425118188880;154722389998494","name":"La Fuste","operator":"CD84","ref":"17395","tourism":"information","osm_id":5856008992,"@id":"node/5856008992"}},{"type":"Feature","id":"node/5856009243","geometry":{"type":"Point","coordinates":[5.2935863,44.0323004]},"properties":{"destination":"St Hubert;Faraud|Villes-sur-Auzon;Garrigas|Monieux;Les Barberis","hiking":"yes","information":"guidepost","mapillary":"204579614684709;300853068256380;915073632676831;974446250033989;207681381004911","name":"La Conque Verte","operator":"CD84","ref":"15236","tourism":"information","osm_id":5856009243,"@id":"node/5856009243"}},{"type":"Feature","id":"node/5856009244","geometry":{"type":"Point","coordinates":[5.3899044,44.024246]},"properties":{"destination":"Ch\u00e2teau de Javon;Chapin|St-Jean-de-Durefort;Plaines","hiking":"yes","information":"guidepost","name":"Jean Nouveau","operator":"CD84","tourism":"information","osm_id":5856009244,"@id":"node/5856009244"}},{"type":"Feature","id":"node/5856009245","geometry":{"type":"Point","coordinates":[5.3865154,44.0336782]},"properties":{"destination":"Monieux;Grand Jean|St Jean de Durefort;Clos des Courtois|Ch\u00e2teau de Javon;Chapin","hiking":"yes","information":"guidepost","name":"Jaumion","operator":"CD84","ref":"9579","tourism":"information","osm_id":5856009245,"@id":"node/5856009245"}},{"type":"Feature","id":"node/5856009420","geometry":{"type":"Point","coordinates":[5.5654845,43.885191]},"properties":{"destination":"Viens;Subarroques|L'Homme Mort","hiking":"yes","information":"guidepost","name":"Ravin du Rossignol","operator":"CD84","tourism":"information","osm_id":5856009420,"@id":"node/5856009420"}},{"type":"Feature","id":"node/5856009421","geometry":{"type":"Point","coordinates":[5.5700207,43.8829505]},"properties":{"destination":"Ravin du Rossignol|Le Poteau|Viens;Subarroques","hiking":"yes","information":"guidepost","name":"L'Homme Mort","operator":"CD84","ref":"17838","tourism":"information","osm_id":5856009421,"@id":"node/5856009421"}},{"type":"Feature","id":"node/5856009422","geometry":{"type":"Point","coordinates":[5.3697972,44.0373419]},"properties":{"destination":"St-Jean-de-Durefort;Jaumion|Monieux;Champ de Courruoux","hiking":"yes","information":"guidepost","name":"Grand Jean","operator":"CD84","ref":"9592","tourism":"information","osm_id":5856009422,"@id":"node/5856009422"}},{"type":"Feature","id":"node/5856009448","geometry":{"type":"Point","coordinates":[5.5280904,43.9188647]},"properties":{"destination":"Rustrel - Viens;La Cadeni\u00e8re","hiking":"yes","information":"guidepost","name":"Gignac","operator":"CD84","ref":"17893","tourism":"information","osm_id":5856009448,"@id":"node/5856009448"}},{"type":"Feature","id":"node/5856009449","geometry":{"type":"Point","coordinates":[5.3969049,44.0467479]},"properties":{"destination":"Les Nouveaux|La Tour de Durefort|Sault;Le Ribas","hiking":"yes","information":"guidepost","name":"Fontaine de Durefort","operator":"CD84","ref":"4884","tourism":"information","osm_id":5856009449,"@id":"node/5856009449"}},{"type":"Feature","id":"node/5856009450","geometry":{"type":"Point","coordinates":[5.3550591,44.0797246]},"properties":{"destination":"Monieux;Combe de St-Andr\u00e9","hiking":"yes","information":"guidepost","mapillary":"759763644698010;3185503125033802","name":"Les Croix de Fer","operator":"CD84","tourism":"information","osm_id":5856009450,"@id":"node/5856009450"}},{"type":"Feature","id":"node/5856009474","geometry":{"type":"Point","coordinates":[5.4723112,43.9808456]},"properties":{"destination":"Rustrel;Le Coulet L\u00e9ger|Lagarde d'Apt","hiking":"yes","information":"guidepost","name":"Col de Lagarde-d'Apt","operator":"CD84","panoramax":"07247e96-ac3e-4d8f-8585-122c0c633740","ref":"20616","tourism":"information","osm_id":5856009474,"@id":"node/5856009474"}},{"type":"Feature","id":"node/5856009475","geometry":{"type":"Point","coordinates":[5.3217005,44.0391033]},"properties":{"destination":"St Hubert|Villes-sur-Auzon;Les Barberis|Monieux;Champ de Sicaude","hiking":"yes","information":"guidepost","mapillary":"2587553681553715;310288044094195;506331213871521;289317152857870;3073790386239036;1124502501404695","mtb":"yes","name":"Chemin de Berbery","operator":"CD84","ref":"9664","tourism":"information","osm_id":5856009475,"@id":"node/5856009475"}},{"type":"Feature","id":"node/5856009496","geometry":{"type":"Point","coordinates":[5.3777271,44.0205911]},"properties":{"destination":"St Jean de Durefort;Jaumion|Jean Nouveau|Ch\u00e2teau de Javon;Sus Rousset","hiking":"yes","information":"guidepost","name":"Chapin","operator":"CD84","ref":"9609","tourism":"information","osm_id":5856009496,"@id":"node/5856009496"}},{"type":"Feature","id":"node/5856009497","geometry":{"type":"Point","coordinates":[5.2272106,44.0145403]},"properties":{"destination":"Villes-sur-Auzon;Les D\u00e9vens|M\u00e9thamis|Col de la Ligne;Plafournier","hiking":"yes","information":"guidepost","mapillary":"345668543555654;554722845911849;917318502393511;1165414043879539","name":"Pr\u00e8s de la Grand Font","operator":"CD84","ref":"14662","tourism":"information","osm_id":5856009497,"@id":"node/5856009497"}},{"type":"Feature","id":"node/5856009499","geometry":{"type":"Point","coordinates":[5.2189605,44.0035906]},"properties":{"destination":"M\u00e9thamis|La Fuste;Mourre des Coquins|Malemort-du-Comtat;Crespion","hiking":"yes","information":"guidepost","mapillary":"1937149263105677;299152791692446;139406061540901","name":"Serre Clouvet","operator":"CD84","ref":"14675","tourism":"information","osm_id":5856009499,"@id":"node/5856009499"}},{"type":"Feature","id":"node/5856009515","geometry":{"type":"Point","coordinates":[5.2916967,44.0213077]},"properties":{"destination":"St-Hubert;Pas du Viguier|Villes-sur-Auzon;La Conque Verte|M\u00e9thamis;Le D\u00e9vens","hiking":"yes","information":"guidepost","name":"Faraud","operator":"CD84","ref":"14685","tourism":"information","osm_id":5856009515,"@id":"node/5856009515"}},{"type":"Feature","id":"node/5856210434","geometry":{"type":"Point","coordinates":[5.4049247,44.0455738]},"properties":{"destination":"Fontaine de Durefort|Sault;Coteau de la Meyni\u00e8re|St-Jean-de-Durefort;Les Nouveaux","hiking":"yes","information":"guidepost","name":"La Tour de Durefort","operator":"CD84","tourism":"information","osm_id":5856210434,"@id":"node/5856210434"}},{"type":"Feature","id":"node/5856210436","geometry":{"type":"Point","coordinates":[5.3948698,44.040763]},"properties":{"destination":"Sault;Le Ribas|Saint-Christol;Les Moli\u00e8res de St-Jean|Monieux;Ste-Marguerite|Les Nouveaux","hiking":"yes","information":"guidepost","name":"St-Jean-de-Durefort","operator":"CD84","ref":"4657","tourism":"information","osm_id":5856210436,"@id":"node/5856210436"}},{"type":"Feature","id":"node/5856210476","geometry":{"type":"Point","coordinates":[5.3142219,44.0253945]},"properties":{"destination":"Col de la Ligne;Pi\u00e9 Blanc|St-Hubert;Mur de la Peste|M\u00e9thamis;Faraud","hiking":"yes","information":"guidepost","mapillary":"998950607579631","name":"Pas du Viguier","operator":"CD84","ref":"9650","tourism":"information","osm_id":5856210476,"@id":"node/5856210476"}},{"type":"Feature","id":"node/5856210479","geometry":{"type":"Point","coordinates":[5.2241794,43.9857235]},"properties":{"destination":"Methamis;Serre Clouvet|Malemort-du-Comtat;La Fuste|Pointe de Lalade;Plaine du Collet","hiking":"yes","information":"guidepost","mapillary":"576633093306986","name":"Mourre des Coquins","operator":"CD84","ref":"29329","tourism":"information","osm_id":5856210479,"@id":"node/5856210479"}},{"type":"Feature","id":"node/5856211066","geometry":{"type":"Point","coordinates":[5.565125,43.8968429]},"properties":{"destination":"St Ferr\u00e9ol;Pi\u00e9mayon|Rustrel;Col des Quatre Chemins|St-Martin-de-Castillon;St Laurent","hiking":"yes","information":"guidepost","mtb":"yes","name":"Les Rouans","operator":"CD84","ref":"17729","tourism":"information","osm_id":5856211066,"@id":"node/5856211066"}},{"type":"Feature","id":"node/5856211067","geometry":{"type":"Point","coordinates":[5.3947726,44.0320863]},"properties":{"destination":"Ch\u00e2teau de Javon;Jean Nouveau|Saint-Christol;Le Puits|St-Jean-de-Durefort;Les Moli\u00e8res de St-Jean","hiking":"yes","information":"guidepost","name":"Plaines","operator":"CD84","ref":"4705","tourism":"information","osm_id":5856211067,"@id":"node/5856211067"}},{"type":"Feature","id":"node/5856211286","geometry":{"type":"Point","coordinates":[5.3971745,44.0404848]},"properties":{"destination":"Sault;Fontaine de Durefort|La Tour de Durefort|St-Jean-de-Durefort","hiking":"yes","information":"guidepost","name":"Les Nouveaux","operator":"CD84","tourism":"information","osm_id":5856211286,"@id":"node/5856211286"}},{"type":"Feature","id":"node/5856211310","geometry":{"type":"Point","coordinates":[5.4583758,43.9884094]},"properties":{"destination":"Lagarde d'Apt;Vallon des Jardins|Lagarde-d'Apt|Villars;Fumeirasse","hiking":"yes","information":"guidepost","name":"Les Esfourniaux","operator":"CD84","panoramax":"0e5c1d1d-1e71-4840-a003-6558803b87a4","ref":"20406","tourism":"information","osm_id":5856211310,"@id":"node/5856211310"}},{"type":"Feature","id":"node/5856211500","geometry":{"type":"Point","coordinates":[5.2410485,44.0105068]},"properties":{"destination":"Le D\u00e9vens|M\u00e9thamis;Plafournier","hiking":"yes","information":"guidepost","mapillary":"309820220641399;1926126784203487;489763232167399","name":"Les Berguerettes","operator":"CD84","ref":"15411","tourism":"information","osm_id":5856211500,"@id":"node/5856211500"}},{"type":"Feature","id":"node/5856211501","geometry":{"type":"Point","coordinates":[5.310779,44.0430747]},"properties":{"destination":"Villes-sur-Auzon;La Conque Verte|Monieux;Chemin de Berbery","hiking":"yes","information":"guidepost","mapillary":"374542127332820;304586751298108;462169075071756;792206251498049","name":"Les Barberis","operator":"CD84","tourism":"information","osm_id":5856211501,"@id":"node/5856211501"}},{"type":"Feature","id":"node/5856211506","geometry":{"type":"Point","coordinates":[5.2521585,44.0023899]},"properties":{"destination":"Methamis;Les Berguerettes|M\u00e9thamis;Plafournier|Col de la Ligne;Pointe de Lalade","hiking":"yes","information":"guidepost","mapillary":"140034801507129;2806599739654067;465003761494544;","name":"Le D\u00e9vens","operator":"CD84","tourism":"information","osm_id":5856211506,"@id":"node/5856211506"}},{"type":"Feature","id":"node/5856502879","geometry":{"type":"Point","coordinates":[5.5173783,43.8986094]},"properties":{"destination":"Rustrel;Ubac de Pradenques|St-Martin-de-Castillon;Le Gu\u00e9 des Marteaux|Viens;St Laurent","hiking":"yes","information":"guidepost","name":"St Amas","operator":"CD84","ref":"17706","tourism":"information","osm_id":5856502879,"@id":"node/5856502879"}},{"type":"Feature","id":"node/5856502880","geometry":{"type":"Point","coordinates":[5.5448019,43.7618088]},"properties":{"destination":"Peypin d'Aigues;Les Furets|St Martin de la Brasque;Coutelou","hiking":"yes","information":"guidepost","name":"Les Jardins","operator":"CD84","ref":"26524","tourism":"information","osm_id":5856502880,"@id":"node/5856502880"}},{"type":"Feature","id":"node/5856503694","geometry":{"type":"Point","coordinates":[5.3763834,44.048949]},"properties":{"destination":"Grand Jean|St-Jean-de-Durefort;Ste-Marguerite|Monieux;Le D\u00e9fens","hiking":"yes","information":"guidepost","name":"Champ de Courruoux","operator":"CD84","ref":"9593","tourism":"information","osm_id":5856503694,"@id":"node/5856503694"}},{"type":"Feature","id":"node/5856883853","geometry":{"type":"Point","coordinates":[5.2550631,44.0425049]},"properties":{"destination":"St Hubert;La Conque Verte|Villes-sur-Auzon;Balavard|La Lauze;La C\u00e9nita","hiking":"yes","information":"guidepost","mapillary":"314493943520122; 181511637093733;344291217117523;321923852678691;848108399388805;193422225854880;940547666769068;1890858567730127","name":"Garrigas","operator":"CD84","ref":"15202","tourism":"information","osm_id":5856883853,"@id":"node/5856883853"}},{"type":"Feature","id":"node/5856883854","geometry":{"type":"Point","coordinates":[5.3143117,43.9947943]},"properties":{"destination":"Baumelle|Lioux;Filliol|Ch\u00e2teau de Javon","hiking":"yes","information":"guidepost","name":"Pi\u00e9 Chauvet","operator":"CD84","panoramax":"825e3e5c-ccc6-4377-b907-6f8add18ef00;e23c656d-6348-4c04-8f3d-85d0dd03045e","tourism":"information","osm_id":5856883854,"@id":"node/5856883854"}},{"type":"Feature","id":"node/5856883855","geometry":{"type":"Point","coordinates":[5.3921353,44.0355082]},"properties":{"destination":"Ch\u00e2teau de Javon;Jaumion|?","hiking":"yes","information":"guidepost","name":"Clos des Courtois","operator":"CD84","ref":"9581","tourism":"information","osm_id":5856883855,"@id":"node/5856883855"}},{"type":"Feature","id":"node/5856883856","geometry":{"type":"Point","coordinates":[5.5768737,43.8757865]},"properties":{"destination":"Viens;L'Homme Mort","hiking":"yes","information":"guidepost","mapillary":"2922904274645788;362860865259889","mtb":"yes","name":"Le Poteau","operator":"CD84","tourism":"information","osm_id":5856883856,"@id":"node/5856883856"}},{"type":"Feature","id":"node/5856883857","geometry":{"type":"Point","coordinates":[5.5678689,43.8923867]},"properties":{"destination":"L'Homme Mort|Viens|Ravin du Rossignol","hiking":"yes","information":"guidepost","mtb":"yes","name":"Subarroques","operator":"CD84","ref":"17760","tourism":"information","osm_id":5856883857,"@id":"node/5856883857"}},{"type":"Feature","id":"node/5856883858","geometry":{"type":"Point","coordinates":[5.3956617,44.0473764]},"properties":{"hiking":"yes","information":"guidepost","name":"Le Ribas","operator":"CD84","ref":"4655","tourism":"information","osm_id":5856883858,"@id":"node/5856883858"}},{"type":"Feature","id":"node/5856883859","geometry":{"type":"Point","coordinates":[5.3645448,44.01273]},"properties":{"hiking":"yes","information":"guidepost","name":"Sus Rousset","operator":"CD84","ref":"9608","tourism":"information","osm_id":5856883859,"@id":"node/5856883859"}},{"type":"Feature","id":"node/5856984280","geometry":{"type":"Point","coordinates":[5.2399223,44.0108745]},"properties":{"destination":"M\u00e9thamis;Pr\u00e8s de la Grand Font|Col de la Ligne;Les Berguerettes","hiking":"yes","information":"guidepost","mapillary":"514723699718196;477337576715554;5676209419119528","name":"Plafournier","operator":"CD84","ref":"28199","tourism":"information","osm_id":5856984280,"@id":"node/5856984280"}},{"type":"Feature","id":"node/5856984281","geometry":{"type":"Point","coordinates":[5.4772526,43.9771176]},"properties":{"destination":"Rustrel;Lagarde-d'Apt;Le Gibas;Le Coulet L\u00e9ger|Rustrel;La Grande Combe","hiking":"yes","information":"guidepost","name":"Chemin des Quentins","operator":"CD84","ref":"19823","tourism":"information","osm_id":5856984281,"@id":"node/5856984281"}},{"type":"Feature","id":"node/5856984282","geometry":{"type":"Point","coordinates":[5.5032992,43.9748518]},"properties":{"destination":"Lagarde-d'Apt;St Pierre","hiking":"yes","information":"guidepost","name":"Ch\u00e2teau de Bois","operator":"CD84","tourism":"information","osm_id":5856984282,"@id":"node/5856984282"}},{"type":"Feature","id":"node/5856984283","geometry":{"type":"Point","coordinates":[5.3737514,44.0548571]},"properties":{"destination":"St Jean de Durefort;Champ de Courruoux|Monieux;Moulin de Bernardy","hiking":"yes","information":"guidepost","name":"Le D\u00e9fens","operator":"CD84","ref":"8889","tourism":"information","osm_id":5856984283,"@id":"node/5856984283"}},{"type":"Feature","id":"node/5856985880","geometry":{"type":"Point","coordinates":[5.3498282,44.0056347]},"properties":{"destination":"St-Jean-de-Durefort;Sus Rousset|Ch\u00e2teau de Javon;La Plane","hiking":"yes","information":"guidepost","mtb":"yes","name":"La Grange de Javon","operator":"CD84","ref":"15395","tourism":"information","osm_id":5856985880,"@id":"node/5856985880"}},{"type":"Feature","id":"node/5856985881","geometry":{"type":"Point","coordinates":[5.3473377,44.0147274]},"properties":{"destination":"St-Hubert;Lausemolan|Monieux;Les Cavalets S|?","hiking":"yes","information":"guidepost","mtb":"yes","name":"Bois Tomba","operator":"CD84","ref":"15593","tourism":"information","osm_id":5856985881,"@id":"node/5856985881"}},{"type":"Feature","id":"node/5858585864","geometry":{"type":"Point","coordinates":[5.1294002,43.9895181]},"properties":{"destination":"Saint-Didier;Lou Clapas de Jouvenal|Saint-Gens;Capelane|Le Beaucet;Le Barri","hiking":"yes","information":"guidepost","mapillary":"152549773506299","name":"Jouvenas","operator":"CD84","ref":"16987","tourism":"information","osm_id":5858585864,"@id":"node/5858585864"}},{"type":"Feature","id":"node/5858585865","geometry":{"type":"Point","coordinates":[5.1175998,43.9841053]},"properties":{"destination":"La Roque sur Pernes;Rouv\u00e8re|Les Bourgades|Saint-Didier;Les Puits","hiking":"yes","information":"guidepost","name":"La Fayarde","operator":"CD84","ref":"15868","tourism":"information","osm_id":5858585865,"@id":"node/5858585865"}},{"type":"Feature","id":"node/5858585880","geometry":{"type":"Point","coordinates":[5.3249681,44.0377179]},"properties":{"destination":"St-Hubert;Chemin de Berbery|Monieux;La Peisse","hiking":"yes","information":"guidepost","mapillary":"181901697152912;302622998178865;2692580367706032;820791418795162;1369374243434049","mtb":"yes","name":"Champ de Sicaude","operator":"CD84","tourism":"information","osm_id":5858585880,"@id":"node/5858585880"}},{"type":"Feature","id":"node/5858585881","geometry":{"type":"Point","coordinates":[5.2755645,44.0515526]},"properties":{"destination":"La Gaillarde;Perrin|La Lauze;Passichaud|La Gaillarde;L'Adret","hiking":"yes","information":"guidepost","mapillary":"748890449088521","name":"Les Peyrards","operator":"CD84","ref":"15189","tourism":"information","osm_id":5858585881,"@id":"node/5858585881"}},{"type":"Feature","id":"node/5858585921","geometry":{"type":"Point","coordinates":[5.5368881,43.7687371]},"properties":{"destination":"La Tour d'Aigues;Rourabeau|La Motte d'Aigues;La Croix|Peypin d'Aigues;Les Jardins","hiking":"yes","information":"guidepost","name":"Coutelou","operator":"CD84","ref":"26412","tourism":"information","osm_id":5858585921,"@id":"node/5858585921"}},{"type":"Feature","id":"node/5858585928","geometry":{"type":"Point","coordinates":[5.5278544,43.7659706]},"properties":{"destination":"?|Saint-Martin-de-la-Brasque;La Croix|La Bonde","hiking":"yes","information":"guidepost","name":"Les Loines","operator":"CD84","ref":"15062","tourism":"information","osm_id":5858585928,"@id":"node/5858585928"}},{"type":"Feature","id":"node/5858585943","geometry":{"type":"Point","coordinates":[5.4111833,44.0488313]},"properties":{"hiking":"yes","information":"guidepost","name":"Coteau de la Meyni\u00e8re","operator":"CD84","ref":"30955","tourism":"information","osm_id":5858585943,"@id":"node/5858585943"}},{"type":"Feature","id":"node/5858585944","geometry":{"type":"Point","coordinates":[5.3753226,43.9337151]},"properties":{"destination":"St-Saturnin-les-Apt;La Bruy\u00e8re|Gargas;Perr\u00e9al|Villars;Le Logis Neuf","hiking":"yes","information":"guidepost","name":"Le Ch\u00e2teau","operator":"CD84","ref":"23755","tourism":"information","osm_id":5858585944,"@id":"node/5858585944"}},{"type":"Feature","id":"node/5858585948","geometry":{"type":"Point","coordinates":[5.2915484,44.00613]},"properties":{"destination":"Javon;Les Indochinois|St-Hubert;Pas du Viguier|Col de la Ligne","hiking":"yes","information":"guidepost","mapillary":"971998266868756;1424974384555752;125992916324454","name":"Pi\u00e9 Blanc","operator":"CD84","ref":"15409","tourism":"information","osm_id":5858585948,"@id":"node/5858585948"}},{"type":"Feature","id":"node/5858585950","geometry":{"type":"Point","coordinates":[5.3191806,44.0258998]},"properties":{"destination":"Lioux - Le Ch\u00e2teau;Grand Adrech|Col de la Ligne;Pas du Viguier|St-Hubert","hiking":"yes","information":"guidepost","mapillary":"4030392457043956","mtb":"yes","name":"Mur de la Peste","operator":"CD84","ref":"9651","tourism":"information","osm_id":5858585950,"@id":"node/5858585950"}},{"type":"Feature","id":"node/5858585951","geometry":{"type":"Point","coordinates":[5.4181178,44.0369249]},"properties":{"hiking":"yes","information":"guidepost","name":"Le Puits","operator":"CD84","ref":"5201","tourism":"information","osm_id":5858585951,"@id":"node/5858585951"}},{"type":"Feature","id":"node/5858585952","geometry":{"type":"Point","coordinates":[5.392432,44.0361604]},"properties":{"destination":"Saint-Christol;Plaines|St-Jean-de-Durefort|Ch\u00e2teau de Javon;Clos des Courtois","hiking":"yes","information":"guidepost","name":"Les Moli\u00e8res de St-Jean","operator":"CD84","ref":"4708","tourism":"information","osm_id":5858585952,"@id":"node/5858585952"}},{"type":"Feature","id":"node/5858585953","geometry":{"type":"Point","coordinates":[5.537863,43.9012321]},"properties":{"destination":"Viens;Les Rouans|St-Martin-de-Castillon;Loth|St-Martin-de-Castillon;St Amas|Rustrel;Col des Quatre Chemins","hiking":"yes","information":"guidepost","name":"St Laurent","operator":"CD84","ref":"17711","tourism":"information","osm_id":5858585953,"@id":"node/5858585953"}},{"type":"Feature","id":"node/5858585968","geometry":{"type":"Point","coordinates":[5.512889,43.8804005]},"properties":{"hiking":"yes","information":"guidepost","name":"Le Gu\u00e9 des Marteaux","operator":"CD84","ref":"26918","tourism":"information","osm_id":5858585968,"@id":"node/5858585968"}},{"type":"Feature","id":"node/5858633166","geometry":{"type":"Point","coordinates":[5.6354948,43.786331]},"properties":{"destination":"Vitrolles;La Verrerie","hiking":"yes","information":"guidepost","name":"La Bastide des Jourdans","operator":"CD84","panoramax":"6bbd886d-76c6-4e69-8e91-425f0838ad5b","ref":"27968","tourism":"information","osm_id":5858633166,"@id":"node/5858633166"}},{"type":"Feature","id":"node/5858633387","geometry":{"type":"Point","coordinates":[5.3000034,43.9113572]},"properties":{"destination":"?|Roussillon","hiking":"yes","information":"guidepost","name":"Le Sage","operator":"CD84","ref":"17618","tourism":"information","osm_id":5858633387,"@id":"node/5858633387"}},{"type":"Feature","id":"node/5858633388","geometry":{"type":"Point","coordinates":[5.3575489,43.904229]},"properties":{"destination":"Roussillon;L'Urbane|Plan d'Eau|St-Saturnin-les-Apt;Perr\u00e9al","hiking":"yes","information":"guidepost","name":"Gargas","operator":"CD84","ref":"23803","tourism":"information","osm_id":5858633388,"@id":"node/5858633388"}},{"type":"Feature","id":"node/5859169252","geometry":{"type":"Point","coordinates":[5.1415896,43.8673132]},"properties":{"destination":"Cavaillon;Maussan|Les Beaumettes;Gour de Bedos","hiking":"yes","information":"guidepost","mapillary":"315431656696258","mtb":"yes","name":"Coustellet","operator":"CD84","ref":"30620","tourism":"information","osm_id":5859169252,"@id":"node/5859169252"}},{"type":"Feature","id":"node/5874313856","geometry":{"type":"Point","coordinates":[5.1777913,44.0075239]},"properties":{"destination":"Murs;Coste de Laous|Malemort du Comtat;Font-Neuve|Blauvac;Les Plantades","hiking":"yes","information":"guidepost","mapillary":"4405232349509142","name":"Ratoneau","operator":"CD84","ref":"15710","tourism":"information","osm_id":5874313856,"@id":"node/5874313856"}},{"type":"Feature","id":"node/5874313861","geometry":{"type":"Point","coordinates":[5.1884236,44.0245223]},"properties":{"destination":"Mormoiron;Salets sur Rigoy|Blauvac;Les Plantades|Malemort-du-Comtat;Les Engarouines","hiking":"yes","information":"guidepost","mapillary":"296187525203747","name":"Les Salets","operator":"CD84","ref":"14918","tourism":"information","osm_id":5874313861,"@id":"node/5874313861"}},{"type":"Feature","id":"node/5874313921","geometry":{"type":"Point","coordinates":[5.199318,44.0295365]},"properties":{"destination":"M\u00e9thamis;La Roubaude|Villes-sur-Auzon;Bosquet|Malemort du Comtat;Les Plantades","hiking":"yes","information":"guidepost","mapillary":"271550654702133;1190551741367146;1735311839995001;310689650509265","name":"La Roque","operator":"CD84","ref":"14909","tourism":"information","osm_id":5874313921,"@id":"node/5874313921"}},{"type":"Feature","id":"node/5874313997","geometry":{"type":"Point","coordinates":[5.1949064,44.0221881]},"properties":{"destination":"Blauvac;La Roque|Malemort-du-Comtat;Les Salets|Murs;Ratoneau","hiking":"yes","information":"guidepost","mapillary":"671646077068852","name":"Les Plantades","operator":"CD84","ref":"14915","tourism":"information","osm_id":5874313997,"@id":"node/5874313997"}},{"type":"Feature","id":"node/5899815072","geometry":{"type":"Point","coordinates":[4.9410083,43.8988393]},"properties":{"hiking":"yes","information":"guidepost","tourism":"information","osm_id":5899815072,"@id":"node/5899815072"}},{"type":"Feature","id":"node/5913267125","geometry":{"type":"Point","coordinates":[5.0242656,44.1840831]},"properties":{"destination":"Circuit n\u00b01","information":"guidepost","mapillary":"628795865185714;192916429351190","mtb":"yes","tourism":"information","osm_id":5913267125,"@id":"node/5913267125"}},{"type":"Feature","id":"node/5913267148","geometry":{"type":"Point","coordinates":[5.0424031,44.2032103]},"properties":{"information":"guidepost","name":"n\u00b01 - Seguret","osm_id":5913267148,"@id":"node/5913267148"}},{"type":"Feature","id":"node/5913268611","geometry":{"type":"Point","coordinates":[5.0155875,44.184491]},"properties":{"information":"guidepost","name":"Circuit","osm_id":5913268611,"@id":"node/5913268611"}},{"type":"Feature","id":"node/5917977877","geometry":{"type":"Point","coordinates":[5.3849683,43.9469214]},"properties":{"information":"guidepost","osm_id":5917977877,"@id":"node/5917977877"}},{"type":"Feature","id":"node/5929314152","geometry":{"type":"Point","coordinates":[5.4276236,44.1315561]},"properties":{"destination":"Les Granges;Le Chassis","hiking":"yes","information":"guidepost","mtb":"yes","name":"Route de Montbrun","operator":"CD84","panoramax":"556152d4-65b5-46b1-80d8-7b0f6bf1a887","ref":"4326","tourism":"information","osm_id":5929314152,"@id":"node/5929314152"}},{"type":"Feature","id":"node/5929314153","geometry":{"type":"Point","coordinates":[5.4229351,44.1408427]},"properties":{"destination":"Les Granges;Rabaste|Aurel;Route de Montbrun|?","hiking":"yes","information":"guidepost","name":"Le Chassis","operator":"CD84","ref":"17262","tourism":"information","osm_id":5929314153,"@id":"node/5929314153"}},{"type":"Feature","id":"node/5929317122","geometry":{"type":"Point","coordinates":[5.3459115,44.0953539]},"properties":{"destination":"Col de la Frache;Les Bataliers|Sault;Collet de Gaveou|Monieux;Pi\u00e9 d'Ubac","hiking":"yes","information":"guidepost","mapillary":"519075189129634","name":"Colombets","operator":"CD84","ref":"14561","tourism":"information","osm_id":5929317122,"@id":"node/5929317122"}},{"type":"Feature","id":"node/5929317128","geometry":{"type":"Point","coordinates":[5.3418392,44.0947895]},"properties":{"destination":"Sault;Colombets|Col des Abeilles|Col de la Frache;Le Frelon","hiking":"yes","information":"guidepost","mapillary":"371115557972459","name":"Les Bataliers","operator":"CD84","ref":"8733","tourism":"information","osm_id":5929317128,"@id":"node/5929317128"}},{"type":"Feature","id":"node/5929317135","geometry":{"type":"Point","coordinates":[5.3410895,44.1086791]},"properties":{"destination":"Col des Abeilles;Le Frelon|Le Rat|Les Abeilles;L'Ortie","hiking":"yes","information":"guidepost","mapillary":"1490108354670547","name":"L'Arigier","operator":"CD84","ref":"2140","tourism":"information","osm_id":5929317135,"@id":"node/5929317135"}},{"type":"Feature","id":"node/5937159330","geometry":{"type":"Point","coordinates":[5.2671048,43.9860816]},"properties":{"destination":"Murs;La D\u00e9brouss\u00e8de|Murs;La Grande Blaque|M\u00e9thamis;Combe de Boulet","hiking":"yes","information":"guidepost","mapillary":"325937415774486","name":"Combe de la Roquette","operator":"CD84","ref":"15317","tourism":"information","osm_id":5937159330,"@id":"node/5937159330"}},{"type":"Feature","id":"node/5981385206","geometry":{"type":"Point","coordinates":[4.7607724,44.3160162]},"properties":{"hiking":"yes","information":"guidepost","name":"B4","tourism":"information","osm_id":5981385206,"@id":"node/5981385206"}},{"type":"Feature","id":"node/5999891628","geometry":{"type":"Point","coordinates":[5.2786906,44.2086868]},"properties":{"destination":"St-L\u00e9ger-du-Ventoux;Cimeti\u00e8re de St-L\u00e9ger|Col du Comte;L'Arjalas","hiking":"yes","information":"guidepost","mapillary":"703722944353363;1366476763746848","mtb":"yes","name":"Chanteperdrix","operator":"CD84","ref":"1997","tourism":"information","osm_id":5999891628,"@id":"node/5999891628"}},{"type":"Feature","id":"node/6019546529","geometry":{"type":"Point","coordinates":[5.1580623,44.1364924]},"properties":{"destination":"Bedoin;La Font du Loup|Le Casal","hiking":"yes","information":"guidepost","mapillary":"290888266077645","mtb":"yes","name":"La Bernarde","operator":"CD84","ref":"1180","tourism":"information","osm_id":6019546529,"@id":"node/6019546529"}},{"type":"Feature","id":"node/6019546537","geometry":{"type":"Point","coordinates":[5.1673977,44.1187545]},"properties":{"destination":"Bedoin;Collet de Floran|Cave de B\u00e9doin|Pont de B\u00e9rard","hiking":"yes","information":"guidepost","mapillary":"520170522683423","name":"Les Pr\u00e9s de la Ma\u00efre","operator":"CD84","ref":"1200","tourism":"information","osm_id":6019546537,"@id":"node/6019546537"}},{"type":"Feature","id":"node/6019807023","geometry":{"type":"Point","coordinates":[5.071563,44.2449483]},"properties":{"destination":"Villedieu;Le Poup\u00e9ra","hiking":"yes","information":"guidepost","mapillary":"981245932412686;1626656104192528;200570455114426;475263666881026","name":"Baye","operator":"CD84","ref":"28344","tourism":"information","osm_id":6019807023,"@id":"node/6019807023"}},{"type":"Feature","id":"node/6019850763","geometry":{"type":"Point","coordinates":[4.9903712,44.2842751]},"properties":{"destination":"Visan;Samson|Buisson le Village","hiking":"yes","information":"guidepost","mapillary":"2506545176157918","name":"Pont de l'Aigues","operator":"CD84","ref":"29017","tourism":"information","osm_id":6019850763,"@id":"node/6019850763"}},{"type":"Feature","id":"node/6021570669","geometry":{"type":"Point","coordinates":[5.1682158,44.0748625]},"properties":{"destination":"Les Hautes Retraches|Mormoiron;Vallat de Roux|Crillon le Brave;Pont de Crillon","hiking":"yes","information":"guidepost","mapillary":"592762188730817","name":"Chapelle St-Alban","operator":"CD84","ref":"14811","tourism":"information","osm_id":6021570669,"@id":"node/6021570669"}},{"type":"Feature","id":"node/6021571503","geometry":{"type":"Point","coordinates":[5.1775489,44.1157761]},"properties":{"destination":"Sainte-Colombe;Les Molles|Les Pr\u00e9s de la Ma\u00efre","hiking":"yes","information":"guidepost","mapillary":"276080720894304;260159419186725;810187739626143;250860370154849","name":"Cave de B\u00e9doin","operator":"CD84","ref":"1265","tourism":"information","osm_id":6021571503,"@id":"node/6021571503"}},{"type":"Feature","id":"node/6022943213","geometry":{"type":"Point","coordinates":[5.0556904,44.2304127]},"properties":{"bicycle":"yes","destination":"Pi\u00e9 Servi\u00e9|S\u00e9guret;Saint Siffren|Vaison;Les Roussillons","hiking":"yes","information":"guidepost","mapillary":"309719244065249;207995514500521;241295657771999;973283586733939","name":"Sainte-Catherine","operator":"CD84","ref":"887","tourism":"information","osm_id":6022943213,"@id":"node/6022943213"}},{"type":"Feature","id":"node/6022943214","geometry":{"type":"Point","coordinates":[5.0585061,44.2318551]},"properties":{"destination":"Vaison;Cimeti\u00e8re Ste-Catherine|S\u00e9guret;Sainte-Catherine|Roaix;Saint-Just","hiking":"yes","information":"guidepost","mapillary":"821920398415669;2830152427298387;265094075303698;510358783731599;3007238126220396","mtb":"yes","name":"Les Roussillons","operator":"CD84","ref":"889","tourism":"information","osm_id":6022943214,"@id":"node/6022943214"}},{"type":"Feature","id":"node/6022943219","geometry":{"type":"Point","coordinates":[5.1166141,44.1453154]},"properties":{"destination":"Lac du Paty;Font Mour\u00e8le|Malauc\u00e8ne;Font de Pertus|Le Barroux;Rocher de Talon","hiking":"yes","information":"guidepost","mapillary":"1086515108507011","mtb":"no","name":"Pi\u00e9 Couni\u00e9u","operator":"CD84","ref":"414","tourism":"information","osm_id":6022943219,"@id":"node/6022943219"}},{"type":"Feature","id":"node/6026857326","geometry":{"type":"Point","coordinates":[5.0446612,44.2793079]},"properties":{"destination":"Villedieu;Le Grou Pata|Vaison la Romaine;Le Poup\u00e9ra","hiking":"yes","information":"guidepost","mapillary":"208341297579167","name":"Pi\u00e9 Gut","operator":"CD84","ref":"28420","tourism":"information","osm_id":6026857326,"@id":"node/6026857326"}},{"type":"Feature","id":"node/6026857351","geometry":{"type":"Point","coordinates":[5.1035772,44.2662839]},"properties":{"destination":"St Romain en Viennois;Pont du Lauzon|Vaison la Romaine;Champ Long S","hiking":"yes","information":"guidepost","mapillary":"3024114114478044","name":"Champ Long N","operator":"CD84","ref":"29490","tourism":"information","osm_id":6026857351,"@id":"node/6026857351"}},{"type":"Feature","id":"node/6026857352","geometry":{"type":"Point","coordinates":[5.1100675,44.2606583]},"properties":{"destination":"Vaison la Romaine;Champ Long N|St Romain en Viennois","hiking":"yes","information":"guidepost","mapillary":"1805163979653323","name":"Pont du Lauzon","operator":"CD84","ref":"29500","tourism":"information","osm_id":6026857352,"@id":"node/6026857352"}},{"type":"Feature","id":"node/6028905428","geometry":{"type":"Point","coordinates":[5.0576652,44.2453326]},"properties":{"destination":"Roaix;Buissillon","hiking":"yes","information":"guidepost","mapillary":"496992901641438","name":"Maraudy","operator":"CD84","ref":"28455","tourism":"information","osm_id":6028905428,"@id":"node/6028905428"}},{"type":"Feature","id":"node/6028905430","geometry":{"type":"Point","coordinates":[5.025195,44.2625378]},"properties":{"destination":"Roaix;Plantavin|Vaison;Maraudy","hiking":"yes","information":"guidepost","mapillary":"815845985710099","name":"Buissillon","operator":"CD84","ref":"28468","tourism":"information","osm_id":6028905430,"@id":"node/6028905430"}},{"type":"Feature","id":"node/6028905435","geometry":{"type":"Point","coordinates":[5.0322687,44.280885]},"properties":{"destination":"Villedieu|Vaison la Romaine;Le Grou Pata|Buisson;Notre Dame Basse","hiking":"yes","information":"guidepost","mapillary":"859038161629395","name":"Le Deves","operator":"CD84","ref":"28432","tourism":"information","osm_id":6028905435,"@id":"node/6028905435"}},{"type":"Feature","id":"node/6028905457","geometry":{"type":"Point","coordinates":[5.0329473,44.2842218]},"properties":{"destination":"Buisson;Le Deves","hiking":"yes","information":"guidepost","mapillary":"515001543211506","name":"Villedieu","operator":"CD84","ref":"28435","tourism":"information","osm_id":6028905457,"@id":"node/6028905457"}},{"type":"Feature","id":"node/6028905459","geometry":{"type":"Point","coordinates":[5.0059039,44.2800362]},"properties":{"destination":"Buisson|Villedieu;Gratteloup|Villedieu;Le Deves","hiking":"yes","information":"guidepost","mapillary":"374137357330294","name":"Notre Dame Basse","operator":"CD84","ref":"28442","tourism":"information","osm_id":6028905459,"@id":"node/6028905459"}},{"type":"Feature","id":"node/6028905602","geometry":{"type":"Point","coordinates":[5.000174,44.2792753]},"properties":{"destination":"Villedieu;Notre Dame Basse","hiking":"yes","information":"guidepost","mapillary":"221097329777700","name":"Buisson","operator":"CD84","ref":"28438","tourism":"information","osm_id":6028905602,"@id":"node/6028905602"}},{"type":"Feature","id":"node/6028905607","geometry":{"type":"Point","coordinates":[4.997237,44.2798898]},"properties":{"hiking":"yes","information":"guidepost","name":"Buisson le Village","operator":"CD84","ref":"29023","tourism":"information","osm_id":6028905607,"@id":"node/6028905607"}},{"type":"Feature","id":"node/6028905608","geometry":{"type":"Point","coordinates":[4.9955305,44.2777529]},"properties":{"destination":"St Roman de Malegarde;Le Jardijon","hiking":"yes","information":"guidepost","mapillary":"980936302716695","name":"Cimeti\u00e8re de Buisson","operator":"CD84","ref":"29004","tourism":"information","osm_id":6028905608,"@id":"node/6028905608"}},{"type":"Feature","id":"node/6028905670","geometry":{"type":"Point","coordinates":[5.0016861,44.2827298]},"properties":{"destination":"Buisson;Notre Dame Basse|Villedieu;Benache Sud","hiking":"yes","information":"guidepost","mapillary":"507714193760754","name":"Gratteloup","operator":"CD84","ref":"29461","tourism":"information","osm_id":6028905670,"@id":"node/6028905670"}},{"type":"Feature","id":"node/6028905676","geometry":{"type":"Point","coordinates":[5.0107191,44.283977]},"properties":{"destination":"Villedieu;Les Rami\u00e8res Hautes|Buisson;Gratteloup","hiking":"yes","information":"guidepost","mapillary":"926592914831700","name":"Benache Sud","operator":"CD84","ref":"29447","tourism":"information","osm_id":6028905676,"@id":"node/6028905676"}},{"type":"Feature","id":"node/6028905710","geometry":{"type":"Point","coordinates":[5.0351661,44.2845537]},"properties":{"destination":"Buisson;Terre des Chabres","hiking":"yes","information":"guidepost","mapillary":"291557772648260","name":"Villedieu le Ch\u00e2teau","operator":"CD84","ref":"29432","tourism":"information","osm_id":6028905710,"@id":"node/6028905710"}},{"type":"Feature","id":"node/6028905714","geometry":{"type":"Point","coordinates":[5.0428487,44.2774726]},"properties":{"destination":"Vaison la Romaine;Pi\u00e9 Gut|Villedieu;Le Deves","hiking":"yes","information":"guidepost","mapillary":"916923249095055","name":"Le Grou Pata","operator":"CD84","ref":"28419","tourism":"information","osm_id":6028905714,"@id":"node/6028905714"}},{"type":"Feature","id":"node/6028905748","geometry":{"type":"Point","coordinates":[5.0817798,44.2731883]},"properties":{"destination":"St Romain en Viennois;Petre-Est\u00e8ve|Vaison la Romaine;Le Poup\u00e9ra","hiking":"yes","information":"guidepost","mapillary":"1233440987108106","name":"Crotedollier","operator":"CD84","ref":"28405","tourism":"information","osm_id":6028905748,"@id":"node/6028905748"}},{"type":"Feature","id":"node/6028905749","geometry":{"type":"Point","coordinates":[5.0666888,44.2732087]},"properties":{"destination":"Vaison la Romaine;Baye|Villedieu;Pi\u00e9 Gut|Crotedollier","hiking":"yes","information":"guidepost","mapillary":"497493714770936","name":"Le Poup\u00e9ra","operator":"CD84","ref":"28349","tourism":"information","osm_id":6028905749,"@id":"node/6028905749"}},{"type":"Feature","id":"node/6028905751","geometry":{"type":"Point","coordinates":[5.0965304,44.2690963]},"properties":{"destination":"St Romain en Viennois;Champ Long S|Vaison la Romaine;Paup\u00e9ras","hiking":"yes","information":"guidepost","mapillary":"4099170966815673","name":"Coste d'Aran","operator":"CD84","tourism":"information","osm_id":6028905751,"@id":"node/6028905751"}},{"type":"Feature","id":"node/6028905822","geometry":{"type":"Point","coordinates":[5.1033546,44.2655228]},"properties":{"destination":"St Romain en Viennois;Champ Long N|Vaison la Romaine;Coste d'Aran","hiking":"yes","information":"guidepost","mapillary":"854205668778535","name":"Champ Long S","operator":"CD84","ref":"29491","tourism":"information","osm_id":6028905822,"@id":"node/6028905822"}},{"type":"Feature","id":"node/6028905824","geometry":{"type":"Point","coordinates":[5.1104142,44.2598169]},"properties":{"destination":"Pont du Lauzon","hiking":"yes","information":"guidepost","mapillary":"312698130527405","name":"St Romain en Viennois","operator":"CD84","ref":"29499","tourism":"information","osm_id":6028905824,"@id":"node/6028905824"}},{"type":"Feature","id":"node/6029080438","geometry":{"type":"Point","coordinates":[5.0315217,44.2935198]},"properties":{"destination":"Villedieu le Ch\u00e2teau|Buisson;Courroies des Joncs","hiking":"yes","information":"guidepost","mapillary":"1284221775381912","name":"Terre des Chabres","operator":"CD84","ref":"29430","tourism":"information","osm_id":6029080438,"@id":"node/6029080438"}},{"type":"Feature","id":"node/6029080473","geometry":{"type":"Point","coordinates":[4.9861334,44.2697805]},"properties":{"destination":"Cimeti\u00e8re de Buisson|Roaix;Les Abrigeaux|St Roman de Malegarde;Combe des Amoureux","hiking":"yes","information":"guidepost","mapillary":"1179355925859948","name":"Le Jardijon","operator":"CD84","ref":"28494","tourism":"information","osm_id":6029080473,"@id":"node/6029080473"}},{"type":"Feature","id":"node/6029081005","geometry":{"type":"Point","coordinates":[5.0098008,44.2546262]},"properties":{"destination":"Vaison;Buissillon|Roaix;Serre du Rieu|Buisson;Rabais Sud","hiking":"yes","information":"guidepost","mapillary":"3985470154870643","name":"Plantavin","operator":"CD84","ref":"28471","tourism":"information","osm_id":6029081005,"@id":"node/6029081005"}},{"type":"Feature","id":"node/6029081145","geometry":{"type":"Point","coordinates":[5.0187818,44.2907154]},"properties":{"destination":"Buisson;Benache Sud|Villedieu;Courroies des Joncs","hiking":"yes","information":"guidepost","mapillary":"174146314617121;498665091396971","name":"Les Rami\u00e8res Hautes","operator":"CD84","ref":"29438","tourism":"information","osm_id":6029081145,"@id":"node/6029081145"}},{"type":"Feature","id":"node/6030344418","geometry":{"type":"Point","coordinates":[5.0662824,44.1305235]},"properties":{"destination":"La Roque-Alric;Le Pontillard|Beaumes de Venise;Les Aplanats|St-Hippolyte-Le-Graveyron","hiking":"yes","information":"guidepost","mapillary":"938510473615191;2530928410544181;759489924722252","name":"La Loubi\u00e8re","operator":"CD84","ref":"1073","tourism":"information","osm_id":6030344418,"@id":"node/6030344418"}},{"type":"Feature","id":"node/6030344441","geometry":{"type":"Point","coordinates":[5.1120409,44.1417873]},"properties":{"destination":"Le Barroux|Lac du Paty;Le Bois d'Hugues|Malauc\u00e8ne;Pi\u00e9 Couni\u00e9u","hiking":"yes","information":"guidepost","mapillary":"208392120904299","mtb":"yes","name":"Rocher de Talon","operator":"CD84","ref":"30766","tourism":"information","osm_id":6030344441,"@id":"node/6030344441"}},{"type":"Feature","id":"node/6030344442","geometry":{"type":"Point","coordinates":[5.1128416,44.1417228]},"properties":{"destination":"Lac du Paty;Font Mour\u00e8le|Le Barroux;Rocher de Talon|Le Barroux","hiking":"yes","information":"guidepost","mapillary":"285054846608155","mtb":"yes","name":"Le Bois d'Hugues","operator":"CD84","ref":"431","tourism":"information","osm_id":6030344442,"@id":"node/6030344442"}},{"type":"Feature","id":"node/6030345897","geometry":{"type":"Point","coordinates":[5.1164377,44.1408268]},"properties":{"destination":"Le Barroux;Le Bois d'Hugues|Malauc\u00e8ne;Pi\u00e9 Couni\u00e9u|Lac du Paty","hiking":"yes","information":"guidepost","mapillary":"531651718000759","mtb":"yes","name":"Font Mour\u00e8le","operator":"CD84","ref":"433","tourism":"information","osm_id":6030345897,"@id":"node/6030345897"}},{"type":"Feature","id":"node/6030345898","geometry":{"type":"Point","coordinates":[5.1117191,44.1230286]},"properties":{"destination":"Caromb|Lac du Paty;Vallon du Paty|La Chapelle du Paty","hiking":"yes","information":"guidepost","mapillary":"180294960652226","mtb":"yes","name":"La Petite Euzi\u00e8re","operator":"CD84","tourism":"information","osm_id":6030345898,"@id":"node/6030345898"}},{"type":"Feature","id":"node/6030345901","geometry":{"type":"Point","coordinates":[5.0725394,44.1365863]},"properties":{"destination":"Le Barroux;Pi\u00e9 Laugier|La Roque Alric;Serre de Saint-Michel|Beaumes de Venise;La Loubi\u00e8re","hiking":"yes","information":"guidepost","mapillary":"1457022347974219;953263188785848","mtb":"yes","name":"Le Pontillard","operator":"CD84","ref":"389","tourism":"information","osm_id":6030345901,"@id":"node/6030345901"}},{"type":"Feature","id":"node/6035126088","geometry":{"type":"Point","coordinates":[5.0320654,44.1245174]},"properties":{"destination":"Col du Cayron;La Coste|Col du Cayron;La Coste|Beaumes de Venise;Les Moulins","hiking":"yes","information":"guidepost","mapillary":"1123856368114128","name":"Gr\u00f4ne","operator":"CD84","ref":"61","tourism":"information","osm_id":6035126088,"@id":"node/6035126088"}},{"type":"Feature","id":"node/6035126090","geometry":{"type":"Point","coordinates":[5.0338492,44.122515]},"properties":{"destination":"Lafare;La Galini\u00e8re|Beaumes-de-Venise;Cave Ol\u00e9icole|Col du Cayron;Gr\u00f4ne","hiking":"yes","information":"guidepost","mapillary":"870380427018893;1364180693953552;2510613499233770","name":"Les Moulins","operator":"CD84","ref":"46","tourism":"information","osm_id":6035126090,"@id":"node/6035126090"}},{"type":"Feature","id":"node/6035126135","geometry":{"type":"Point","coordinates":[5.0570208,44.1262777]},"properties":{"destination":"Le Barroux;La Loubi\u00e8re|Beaumes-de-Venise;Cave Ol\u00e9icole|Lafare;La Galini\u00e8re","hiking":"yes","information":"guidepost","mapillary":"3524333957666488;2388217471313482;370687194376911","name":"Les Aplanats","operator":"CD84","ref":"117","tourism":"information","osm_id":6035126135,"@id":"node/6035126135"}},{"type":"Feature","id":"node/6035126139","geometry":{"type":"Point","coordinates":[5.0297462,44.1216304]},"properties":{"destination":"Vacqueyras;Notre Dame d'Aubune|Le Barroux;Les Aplanats|Lafare;Les Moulins","hiking":"yes","information":"guidepost","mapillary":"769880267055904;126997009403365;3968281393266035;1528481854153793","name":"Cave Ol\u00e9icole","operator":"CD84","ref":"89","tourism":"information","osm_id":6035126139,"@id":"node/6035126139"}},{"type":"Feature","id":"node/6035126145","geometry":{"type":"Point","coordinates":[5.3261704,44.1886136]},"properties":{"destination":"Brantes|Le Mont Serein;Maison Foresti\u00e8re|Le Mont Serein;Les Vaisses","hiking":"yes","information":"guidepost","name":"Les Bernards","operator":"CD84","panoramax":"929b9f35-90eb-4365-9cdf-fbcdde51d8a8","tourism":"information","osm_id":6035126145,"@id":"node/6035126145"}},{"type":"Feature","id":"node/6036491813","geometry":{"type":"Point","coordinates":[4.9724413,44.3050326]},"properties":{"destination":"Valr\u00e9as;Ruisseau de Cubert|Visan;Monnier|Buisson - St Maurice sur Eygues;Samson","hiking":"yes","information":"guidepost","mapillary":"323252202702325","name":"Combauche","operator":"CD84","ref":"29740","tourism":"information","osm_id":6036491813,"@id":"node/6036491813"}},{"type":"Feature","id":"node/6039775872","geometry":{"type":"Point","coordinates":[5.4854309,44.0240872]},"properties":{"destination":"N-D de Lamaron;Four \u00e0 Chaux|Saint-Christol;Aven de l'Ane","hiking":"yes","information":"guidepost","name":"Le Rang","operator":"CD84","panoramax":"2fa55f96-62df-4e9d-b484-9c3fd7bd2da6","tourism":"information","osm_id":6039775872,"@id":"node/6039775872"}},{"type":"Feature","id":"node/6039793891","geometry":{"type":"Point","coordinates":[5.4841773,44.0044489]},"properties":{"destination":"Fayette|Saint-Christol;Four \u00e0 Chaux","hiking":"yes","information":"guidepost","name":"Notre-Dame de Lamaron","operator":"CD84","ref":"7831","tourism":"information","osm_id":6039793891,"@id":"node/6039793891"}},{"type":"Feature","id":"node/6050524201","geometry":{"type":"Point","coordinates":[5.0251421,44.1279531]},"properties":{"destination":"Col du Cayron;Sourias|Notre Dame d'Aubune","hiking":"yes","information":"guidepost","mapillary":"3735700936535413;323006879210680","name":"Durban","operator":"CD84","ref":"79","tourism":"information","osm_id":6050524201,"@id":"node/6050524201"}},{"type":"Feature","id":"node/6050524250","geometry":{"type":"Point","coordinates":[4.9983448,44.1380136]},"properties":{"destination":"Beaumes de Venise;Berard|Col du Cayron;Sourias|Vacqueyras","hiking":"yes","information":"guidepost","mapillary":"1169986183451968","name":"Chante Coucou","operator":"CD84","ref":"2","tourism":"information","osm_id":6050524250,"@id":"node/6050524250"}},{"type":"Feature","id":"node/6050524251","geometry":{"type":"Point","coordinates":[5.0087052,44.1217857]},"properties":{"destination":"Vacqueyras;Chante Coucou|Beaumes-de-Venise;Notre Dame d'Aubune","hiking":"yes","information":"guidepost","mapillary":"483441186255632;4021649831246250;277621247420653","name":"Berard","operator":"CD84","ref":"499","tourism":"information","osm_id":6050524251,"@id":"node/6050524251"}},{"type":"Feature","id":"node/6050524269","geometry":{"type":"Point","coordinates":[5.4960903,43.9372125]},"properties":{"hiking":"yes","information":"guidepost","name":"La Grande Combe","operator":"CD84","ref":"18393","tourism":"information","osm_id":6050524269,"@id":"node/6050524269"}},{"type":"Feature","id":"node/6050733216","geometry":{"type":"Point","coordinates":[5.0560579,44.1347638]},"properties":{"destination":"Les Aplanats|Lafare;Lafare Mairie|La Roque Alric;Les Esplantades|Galini\u00e8re Sud","hiking":"yes","information":"guidepost","mapillary":"535074154320994;307078114239412;572659780364746;1541541262844767","name":"La Galini\u00e8re","operator":"CD84","tourism":"information","osm_id":6050733216,"@id":"node/6050733216"}},{"type":"Feature","id":"node/6061225663","geometry":{"type":"Point","coordinates":[5.198801,43.8712978]},"properties":{"destination":"Les Garrigues Nord|Les Garrigues","hiking":"yes","information":"guidepost","mapillary":"1175569592891924","name":"Les Martins","operator":"CD84","ref":"16476","tourism":"information","osm_id":6061225663,"@id":"node/6061225663"}},{"type":"Feature","id":"node/6068131046","geometry":{"type":"Point","coordinates":[5.2519489,43.9257214]},"properties":{"destination":"Gordes;La V\u00e9roncle|Gordes;Borne de Baume Brune|Lioux;Le Rieu Sec","hiking":"yes","information":"guidepost","mapillary":"469487840999816","name":"Joucas","operator":"CD84","ref":"15509","tourism":"information","osm_id":6068131046,"@id":"node/6068131046"}},{"type":"Feature","id":"node/6086162831","geometry":{"type":"Point","coordinates":[5.1151872,43.9823838]},"properties":{"destination":"Saumane;Le Haut du Fraischamps|La-Roque-sur-Pernes|Le Beaucet;La Fayarde","hiking":"yes","information":"guidepost","name":"Rouv\u00e8re","operator":"CD84","ref":"17004","tourism":"information","osm_id":6086162831,"@id":"node/6086162831"}},{"type":"Feature","id":"node/6086635183","geometry":{"type":"Point","coordinates":[5.1389958,43.9692922]},"properties":{"destination":"Venasque;Carroufra|St-Gens;Combe de la Fontaine|Le Beaucet;La Pelade","hiking":"yes","information":"guidepost","name":"Lou Planest\u00e8u","operator":"CD84","ref":"14730","tourism":"information","osm_id":6086635183,"@id":"node/6086635183"}},{"type":"Feature","id":"node/6087316923","geometry":{"type":"Point","coordinates":[5.3664317,43.7694707]},"properties":{"destination":"Lourmarin;L'Estagniol|Buoux;Les Ramades Nord|Vaugines","hiking":"yes","information":"guidepost","name":"La Furge","operator":"CD84","ref":"26188","tourism":"information","osm_id":6087316923,"@id":"node/6087316923"}},{"type":"Feature","id":"node/6087316924","geometry":{"type":"Point","coordinates":[5.2763503,43.789981]},"properties":{"destination":"Les Borrys;La Tapi|Vallon de la Tapi|Lauris;Combe de Recaute|For\u00eat des C\u00e8dres;Le Portalas","hiking":"yes","information":"guidepost","name":"L'Aire des Bosses","operator":"CD84","ref":"3489","tourism":"information","osm_id":6087316924,"@id":"node/6087316924"}},{"type":"Feature","id":"node/6088429761","geometry":{"type":"Point","coordinates":[5.1919278,44.1167037]},"properties":{"destination":"Sainte-Colombe;Les h\u00e9ritiers|Bedoin;Les Molles","hiking":"yes","information":"guidepost","mapillary":"532634154768433;179496460723401;1963017813873293;108114485315371","name":"L'Ouveirette","operator":"CD84","ref":"14576","tourism":"information","osm_id":6088429761,"@id":"node/6088429761"}},{"type":"Feature","id":"node/6088429768","geometry":{"type":"Point","coordinates":[5.182347,44.1112246]},"properties":{"destination":"Bedoin;Cave de Bedoin|Sainte-Colombe;L'Ouveirette","hiking":"yes","information":"guidepost","mapillary":"995449867777968;652439696051702;690656448945997;491312305646854","name":"Les Molles","operator":"CD84","ref":"1269","tourism":"information","osm_id":6088429768,"@id":"node/6088429768"}},{"type":"Feature","id":"node/6088473272","geometry":{"type":"Point","coordinates":[5.0803473,44.1234209]},"properties":{"destination":"Le Barroux;Pi\u00e9 Laugier|Beaumes de Venise;La Loubi\u00e8re","hiking":"yes","information":"guidepost","mapillary":"138898031591209;221192429460508;679539716167289","name":"St Hippolyte Le Graveyron","operator":"CD84","ref":"348","tourism":"information","osm_id":6088473272,"@id":"node/6088473272"}},{"type":"Feature","id":"node/6088524203","geometry":{"type":"Point","coordinates":[5.5158569,43.7169315]},"properties":{"destination":"La Tour-d'Aigues;St-Roch|Le Long Mur|Pertuis;St Colom\u00e9","hiking":"yes","information":"guidepost","mtb":"yes","name":"L'Archimbaude","operator":"CD84","ref":"25962","tourism":"information","osm_id":6088524203,"@id":"node/6088524203"}},{"type":"Feature","id":"node/6088885147","geometry":{"type":"Point","coordinates":[5.6539283,43.7678955]},"properties":{"destination":"Beaumont-de-Pertuis;Les Grandes Ferrages|Grambois;Les Prats des Vallats|La Bastide des Jourdans;Chemin de Notre Dame","hiking":"yes","information":"guidepost","mtb":"yes","name":"Pi\u00e9 de Gache","operator":"CD84","ref":"25554","tourism":"information","osm_id":6088885147,"@id":"node/6088885147"}},{"type":"Feature","id":"node/6088885158","geometry":{"type":"Point","coordinates":[5.5924011,43.7613695]},"properties":{"destination":"Beaumont de Pertuis;Le Gr\u00e8s","hiking":"yes","information":"guidepost","name":"Chemin de Barraban","operator":"CD84","panoramax":"ca69f181-b22f-4907-82ad-1120a64a406f","ref":"26543","tourism":"information","osm_id":6088885158,"@id":"node/6088885158"}},{"type":"Feature","id":"node/6088885159","geometry":{"type":"Point","coordinates":[5.5910171,43.7655687]},"properties":{"destination":"Vitrolles;Les D\u00f4nes","hiking":"yes","information":"guidepost","name":"Moulin du Pas","operator":"CD84","panoramax":"c8143de4-7831-433c-942a-bc27d6012c76","ref":"26537","tourism":"information","osm_id":6088885159,"@id":"node/6088885159"}},{"type":"Feature","id":"node/6095578507","geometry":{"type":"Point","coordinates":[4.8226815,43.9443651]},"properties":{"information":"guidepost","tourism":"information","osm_id":6095578507,"@id":"node/6095578507"}},{"type":"Feature","id":"node/6095582001","geometry":{"type":"Point","coordinates":[4.970841,44.0870205]},"properties":{"information":"guidepost","mapillary":"527107285128225","tourism":"information","osm_id":6095582001,"@id":"node/6095582001"}},{"type":"Feature","id":"node/6109391535","geometry":{"type":"Point","coordinates":[5.3060961,43.8966255]},"properties":{"hiking":"yes","information":"guidepost","name":"\u00c9comus\u00e9e de l'Ocre","operator":"CD84","ref":"16823","tourism":"information","osm_id":6109391535,"@id":"node/6109391535"}},{"type":"Feature","id":"node/6109391537","geometry":{"type":"Point","coordinates":[5.3178462,43.8983002]},"properties":{"destination":"Roussillon;Conservatoire des Ocres|Gargas;Le Clos","hiking":"yes","information":"guidepost","name":"Les Ferriers","operator":"CD84","ref":"16818","tourism":"information","osm_id":6109391537,"@id":"node/6109391537"}},{"type":"Feature","id":"node/6109391538","geometry":{"type":"Point","coordinates":[5.3275035,43.9009673]},"properties":{"destination":"Roussillon;Les Ferriers|L'Urbane;L'Urbane","hiking":"yes","information":"guidepost","name":"Le Clos","operator":"CD84","ref":"23799","tourism":"information","osm_id":6109391538,"@id":"node/6109391538"}},{"type":"Feature","id":"node/6109391540","geometry":{"type":"Point","coordinates":[5.3214115,43.8795083]},"properties":{"destination":"Roussillon;Le Gari|Roquefure","hiking":"yes","information":"guidepost","mapillary":"2868127483462051","name":"La Coquillade","operator":"CD84","ref":"23820","tourism":"information","osm_id":6109391540,"@id":"node/6109391540"}},{"type":"Feature","id":"node/6109391542","geometry":{"type":"Point","coordinates":[5.2866413,43.9010944]},"properties":{"hiking":"yes","information":"guidepost","name":"Ribas","operator":"CD84","ref":"16851","tourism":"information","osm_id":6109391542,"@id":"node/6109391542"}},{"type":"Feature","id":"node/6109391543","geometry":{"type":"Point","coordinates":[5.2805521,43.8925984]},"properties":{"destination":"?|Roussillon;Pi\u00e8 Conil","hiking":"yes","information":"guidepost","mapillary":"754269061915109;467935547817991&x=0.64&y=0.71&zoom=2.69","name":"Pi\u00e8 Matarel","operator":"CD84","ref":"16762","tourism":"information","osm_id":6109391543,"@id":"node/6109391543"}},{"type":"Feature","id":"node/6109391544","geometry":{"type":"Point","coordinates":[5.2957883,43.896667]},"properties":{"hiking":"yes","information":"guidepost","name":"Piquebori","operator":"CD84","ref":"24111","tourism":"information","osm_id":6109391544,"@id":"node/6109391544"}},{"type":"Feature","id":"node/6109391545","geometry":{"type":"Point","coordinates":[5.300729,43.8761713]},"properties":{"destination":"Goult;St Sers Sud|Roussillon;Les Devaux|Pont Julien","hiking":"yes","information":"guidepost","mapillary":"2547251235569223","name":"Les Huguets","operator":"CD84","ref":"26907","tourism":"information","osm_id":6109391545,"@id":"node/6109391545"}},{"type":"Feature","id":"node/6109391554","geometry":{"type":"Point","coordinates":[5.3062349,43.8636262]},"properties":{"destination":"Apt;Roquefure|Roussillon;Les Huguets|Bonnieux;Les P\u00e2tres","hiking":"yes","information":"guidepost","name":"Pont Julien","operator":"CD84","tourism":"information","osm_id":6109391554,"@id":"node/6109391554"}},{"type":"Feature","id":"node/6109391555","geometry":{"type":"Point","coordinates":[5.3073379,43.8601418]},"properties":{"destination":"Bonnieux;La Bouqui\u00e8re|Pont Julien","hiking":"yes","information":"guidepost","mapillary":"111894244302648;377434183725179","name":"Les P\u00e2tres","operator":"CD84","ref":"3380","tourism":"information","osm_id":6109391555,"@id":"node/6109391555"}},{"type":"Feature","id":"node/6109392391","geometry":{"type":"Point","coordinates":[5.3415495,43.8505447]},"properties":{"hiking":"yes","information":"guidepost","name":"Les Moutons","operator":"CD84","ref":"3425","tourism":"information","osm_id":6109392391,"@id":"node/6109392391"}},{"type":"Feature","id":"node/6109392410","geometry":{"type":"Point","coordinates":[5.2741372,43.8544105]},"properties":{"destination":"Lumi\u00e8res;La B\u00e9gude Est|Bonnieux;Pont Julien","hiking":"yes","information":"guidepost","mapillary":"4072719826141240;977465042990258&x=0.19&y=0.52&zoom=1.62;1125369227933697&x=0.87y=0.69&zoom=2.30","name":"La Gare de Bonnieux","operator":"CD84","tourism":"information","osm_id":6109392410,"@id":"node/6109392410"}},{"type":"Feature","id":"node/6109392411","geometry":{"type":"Point","coordinates":[5.2374751,43.8581827]},"properties":{"destination":"Lacoste;La Grande B\u00e9gude","hiking":"yes","information":"guidepost","mapillary":"230918742126695","name":"Lumi\u00e8res","operator":"CD84","ref":"4122","tourism":"information","osm_id":6109392411,"@id":"node/6109392411"}},{"type":"Feature","id":"node/6109392412","geometry":{"type":"Point","coordinates":[5.2268281,43.8511521]},"properties":{"destination":"Lumi\u00e8res;Marican|?","hiking":"yes","information":"guidepost","mapillary":"4086043744771730;524345968947992&x=0.20&y=0.63&zoom=1.59","name":"Les Art\u00e8mes","operator":"CD84","ref":"3669","tourism":"information","osm_id":6109392412,"@id":"node/6109392412"}},{"type":"Feature","id":"node/6109392413","geometry":{"type":"Point","coordinates":[5.202088,43.85436]},"properties":{"destination":"Coustellet;Gour de Bedos|Les Alafoux","hiking":"yes","information":"guidepost","mapillary":"517833389232021","name":"Soubeyras","operator":"CD84","ref":"30601","tourism":"information","osm_id":6109392413,"@id":"node/6109392413"}},{"type":"Feature","id":"node/6109392414","geometry":{"type":"Point","coordinates":[5.1630988,43.8643417]},"properties":{"destination":"Coustellet|Les Beaumettes;Soubeyras","hiking":"yes","information":"guidepost","mapillary":"278640513956753;1139572126517271&x=0.33&y=0.43&zoom=1.19","name":"Gour de Bedos","operator":"CD84","ref":"30614","tourism":"information","osm_id":6109392414,"@id":"node/6109392414"}},{"type":"Feature","id":"node/6109417832","geometry":{"type":"Point","coordinates":[5.3820049,43.9421334]},"properties":{"destination":"?;?|Javon;La Gypi\u00e8re","hiking":"yes","information":"guidepost","name":"St-Saturnin-L\u00e8s-Apt","operator":"CD84","ref":"23652","tourism":"information","osm_id":6109417832,"@id":"node/6109417832"}},{"type":"Feature","id":"node/6109417846","geometry":{"type":"Point","coordinates":[5.3794263,43.9332819]},"properties":{"destination":"St-Saturnin-L\u00e8s-Apt|?;Les Garbis|Gargas;Le Ch\u00e2teau","hiking":"yes","information":"guidepost","name":"La Bruy\u00e8re","operator":"CD84","ref":"23769","tourism":"information","osm_id":6109417846,"@id":"node/6109417846"}},{"type":"Feature","id":"node/6124667292","geometry":{"type":"Point","coordinates":[5.4439925,43.8790921]},"properties":{"destination":"Saignon;Chemin du Bourget","hiking":"yes","information":"guidepost","name":"Le Fangas","operator":"CD84","ref":"3443","tourism":"information","osm_id":6124667292,"@id":"node/6124667292"}},{"type":"Feature","id":"node/6124667373","geometry":{"type":"Point","coordinates":[5.4076324,43.8771206]},"properties":{"destination":"Saignon;Tourel|Apt;Avenue de Viton|?;Le Fangas Est","hiking":"yes","information":"guidepost","name":"Madeleine","operator":"CD84","tourism":"information","osm_id":6124667373,"@id":"node/6124667373"}},{"type":"Feature","id":"node/6124667397","geometry":{"type":"Point","coordinates":[5.4099277,43.8707844]},"properties":{"destination":"Saignon;Ginesti\u00e8re|Apt","hiking":"yes","information":"guidepost","name":"L'Auriane","operator":"CD84","ref":"2786","tourism":"information","osm_id":6124667397,"@id":"node/6124667397"}},{"type":"Feature","id":"node/6125059180","geometry":{"type":"Point","coordinates":[5.625814,43.7573881]},"properties":{"destination":"Grambois;Chemin de Barraban|Beaumont de Pertuis;Le Destel","hiking":"yes","information":"guidepost","name":"Le Gr\u00e8s","operator":"CD84","ref":"25621","tourism":"information","osm_id":6125059180,"@id":"node/6125059180"}},{"type":"Feature","id":"node/6125060379","geometry":{"type":"Point","coordinates":[5.6874418,43.7397852]},"properties":{"destination":"Grambois;Le Destel|La Bastide des Jourdans;Pi\u00e9 de Gache|Mirabeau;Beaumont de Pertuis","hiking":"yes","information":"guidepost","name":"Les Grandes Ferrages","operator":"CD84","ref":"25610","tourism":"information","osm_id":6125060379,"@id":"node/6125060379"}},{"type":"Feature","id":"node/6125060380","geometry":{"type":"Point","coordinates":[5.6407925,43.7588911]},"properties":{"destination":"Grambois;Le Gr\u00e8s|La Bastide des Jourdans;Les Prats des Vallats|Beaumont de Pertuis;Les Grandes Ferrages","hiking":"yes","information":"guidepost","name":"Le Destel","operator":"CD84","ref":"30931","tourism":"information","osm_id":6125060380,"@id":"node/6125060380"}},{"type":"Feature","id":"node/6125060381","geometry":{"type":"Point","coordinates":[5.6437553,43.7623212]},"properties":{"destination":"Le Destel|Grambois;Le Gr\u00e8s|La Bastide des Jourdans;Pi\u00e9 de Gache","hiking":"yes","information":"guidepost","name":"Les Prats des Vallats","operator":"CD84","ref":"27991","tourism":"information","osm_id":6125060381,"@id":"node/6125060381"}},{"type":"Feature","id":"node/6125060388","geometry":{"type":"Point","coordinates":[5.5370262,43.8906944]},"properties":{"destination":"Viens;St Laurent|St-Martin-de-Castillon;Font de Luygnes","hiking":"yes","information":"guidepost","name":"Loth","operator":"CD84","ref":"17768","tourism":"information","osm_id":6125060388,"@id":"node/6125060388"}},{"type":"Feature","id":"node/6125060389","geometry":{"type":"Point","coordinates":[5.5649477,43.9154294]},"properties":{"destination":"Viens;St Ferr\u00e9ol|Rustrel;La Suaude|Viens;Les Rouans","hiking":"yes","information":"guidepost","name":"Pi\u00e9mayon","operator":"CD84","ref":"17862","tourism":"information","osm_id":6125060389,"@id":"node/6125060389"}},{"type":"Feature","id":"node/6125112459","geometry":{"type":"Point","coordinates":[5.4797484,43.9774092]},"properties":{"destination":"Simiane;Ch\u00e2teau de Bois|Villars;Lagarde-d'Apt|Rustrel;Le Coulet L\u00e9ger","hiking":"yes","information":"guidepost","name":"St Pierre","operator":"CD84","ref":"31136","tourism":"information","osm_id":6125112459,"@id":"node/6125112459"}},{"type":"Feature","id":"node/6125112476","geometry":{"type":"Point","coordinates":[5.6904593,43.7330401]},"properties":{"hiking":"yes","information":"guidepost","name":"Les Campanettes","operator":"CD84","ref":"28152","tourism":"information","osm_id":6125112476,"@id":"node/6125112476"}},{"type":"Feature","id":"node/6126331941","geometry":{"type":"Point","coordinates":[5.1545607,44.0081118]},"properties":{"destination":"Venasque;N-D de vie|Malemort - Blauvac;St-F\u00e9lix|Malemort-du-Comtat;La Ferraille Sud","hiking":"yes","information":"guidepost","mapillary":"2943791005866656;304523641296455;255239253050209","name":"Le Parc","operator":"CD84","ref":"15673","tourism":"information","osm_id":6126331941,"@id":"node/6126331941"}},{"type":"Feature","id":"node/6126331944","geometry":{"type":"Point","coordinates":[5.161922,44.0112504]},"properties":{"destination":"Malemort du Comtat;St-F\u00e9lix Nord|Venasque;La Roberte|Venasque;Le Parc","hiking":"yes","information":"guidepost","mapillary":"569811614424584;836361110291217;485629319353588;291422989318238","name":"St-F\u00e9lix","operator":"CD84","ref":"15674","tourism":"information","osm_id":6126331944,"@id":"node/6126331944"}},{"type":"Feature","id":"node/6126331947","geometry":{"type":"Point","coordinates":[5.1621714,44.011821]},"properties":{"destination":"Venasque;St-F\u00e9lix|Blauvac;Font-Neuve|Malemort-du-Comtat;La Ferraille Sud","hiking":"yes","information":"guidepost","mapillary":"1002959856907050","name":"St-F\u00e9lix Nord","operator":"CD84","ref":"15667","tourism":"information","osm_id":6126331947,"@id":"node/6126331947"}},{"type":"Feature","id":"node/6126331948","geometry":{"type":"Point","coordinates":[5.1694228,44.0127609]},"properties":{"destination":"Venasque;St-F\u00e9lix Nord|Murs;Ratoneau|Blauvac;Les Engarouines|Malemort-du-Comtat","hiking":"yes","information":"guidepost","mapillary":"851379152253165;821625445453431;1400918526967655","name":"Font-Neuve","operator":"CD84","ref":"15664","tourism":"information","osm_id":6126331948,"@id":"node/6126331948"}},{"type":"Feature","id":"node/6126331954","geometry":{"type":"Point","coordinates":[5.159076,44.0188622]},"properties":{"destination":"Venasque;Le Parc|St-F\u00e9lix Nord|Malemort-du-Comtat","hiking":"yes","information":"guidepost","mapillary":"334966314636178;502514310870753;299024561689229","name":"La Ferraille Sud","operator":"CD84","ref":"15668","tourism":"information","osm_id":6126331954,"@id":"node/6126331954"}},{"type":"Feature","id":"node/6126331955","geometry":{"type":"Point","coordinates":[5.1597594,44.0200009]},"properties":{"destination":"Murs;Font-Neuve|Venasque;La Ferraille Sud|La Ferraille Nord","hiking":"yes","information":"guidepost","mapillary":"228726155257104;922179481967360;2971365279815026","name":"Malemort-du-Comtat","operator":"CD84","ref":"17472","tourism":"information","osm_id":6126331955,"@id":"node/6126331955"}},{"type":"Feature","id":"node/6126331956","geometry":{"type":"Point","coordinates":[5.162273,44.0215423]},"properties":{"destination":"Blauvac;Rigoy|Mormoiron;La Paradisse","hiking":"yes","information":"guidepost","mapillary":"462788934790188","name":"Jardin du Touve","operator":"CD84","ref":"14898","tourism":"information","osm_id":6126331956,"@id":"node/6126331956"}},{"type":"Feature","id":"node/6126331960","geometry":{"type":"Point","coordinates":[5.1587999,44.0208486]},"properties":{"destination":"Venasque;N-D de Vie|Malemort-du-Comtat|Jardin du Touve","hiking":"yes","information":"guidepost","mapillary":"512228916457567;222478345976893;501381701054616","name":"La Ferraille Nord","operator":"CD84","ref":"14903","tourism":"information","osm_id":6126331960,"@id":"node/6126331960"}},{"type":"Feature","id":"node/6126331962","geometry":{"type":"Point","coordinates":[5.1434577,44.0532465]},"properties":{"destination":"Mormoiron;Le Grand Biol","hiking":"yes","information":"guidepost","mapillary":"1476305266049324","name":"Jonquier","operator":"CD84","ref":"14867","tourism":"information","osm_id":6126331962,"@id":"node/6126331962"}},{"type":"Feature","id":"node/6126331982","geometry":{"type":"Point","coordinates":[5.0484109,44.060803]},"properties":{"destination":"Chapelle St Martin de Serres;La Tranch\u00e9e|Chapelle N.-D. de Sant\u00e9;Le Tunnel","hiking":"yes","information":"guidepost","mapillary":"2431621920304240","name":"Siphon","operator":"CD84","ref":"16715","tourism":"information","osm_id":6126331982,"@id":"node/6126331982"}},{"type":"Feature","id":"node/6126401102","geometry":{"type":"Point","coordinates":[5.2036746,43.9816456]},"properties":{"destination":"La Corneirette|Malemort-du-Comtat;Combe de Vaulongue|M\u00e9thamis;La Fuste","hiking":"yes","information":"guidepost","mapillary":"324317625962774;907789176455301","name":"Vaulongue","operator":"CD84","ref":"15754","tourism":"information","osm_id":6126401102,"@id":"node/6126401102"}},{"type":"Feature","id":"node/6126401103","geometry":{"type":"Point","coordinates":[5.1989566,43.9844344]},"properties":{"destination":"St-Gens;L'Agas|Methamis-La Pouraque;Vaulongue|Malemort-du-Comtat;Cabissole","hiking":"yes","information":"guidepost","mapillary":"379666990017976;435005810877951;1226872047747663","name":"Combe de Vaulongue","operator":"CD84","ref":"15753","tourism":"information","osm_id":6126401103,"@id":"node/6126401103"}},{"type":"Feature","id":"node/6126401104","geometry":{"type":"Point","coordinates":[5.145523,44.0009214]},"properties":{"destination":"Malemort-du-Comtat;Le Parc|Venasque;Calvaire|St-Maurice","hiking":"yes","information":"guidepost","mapillary":"1160934111055132;1682944448559884;326627205543622","name":"N-D de vie","operator":"CD84","ref":"15742","tourism":"information","osm_id":6126401104,"@id":"node/6126401104"}},{"type":"Feature","id":"node/6126401105","geometry":{"type":"Point","coordinates":[5.1439022,44.006362]},"properties":{"destination":"Malemort du Comtat;La Ferraille Nord","hiking":"yes","information":"guidepost","mapillary":"917474582408194;929170554541900;1788463338002930;454257592340175","name":"La Guingette","operator":"CD84","tourism":"information","osm_id":6126401105,"@id":"node/6126401105"}},{"type":"Feature","id":"node/6126714327","geometry":{"type":"Point","coordinates":[5.4980114,44.0272278]},"properties":{"destination":"Roy\u00e8re Grosse;Ramades|Saint-Christol;La Rostane|Rouy\u00e8re Grosse;Le Patiras Nord","hiking":"yes","information":"guidepost","mtb":"yes","name":"Le Seuil","operator":"CD84","panoramax":"4d26176a-7974-41e2-b2ea-7921dc989f17","ref":"12103","tourism":"information","osm_id":6126714327,"@id":"node/6126714327"}},{"type":"Feature","id":"node/6126714531","geometry":{"type":"Point","coordinates":[5.4683322,44.0989757]},"properties":{"destination":"Revest du Bion;Les Auboures|Saint-Trinit","hiking":"yes","information":"guidepost","name":"La Cortasse","operator":"CD84","panoramax":"47022e27-4ee1-4cf6-a6c0-40943f645d27;3d7f574d-78f2-4c0a-93cb-ecb6a5e22287","ref":"9750","tourism":"information","osm_id":6126714531,"@id":"node/6126714531"}},{"type":"Feature","id":"node/6126714549","geometry":{"type":"Point","coordinates":[5.471646,44.1036798]},"properties":{"destination":"Saint-Trinit|Cimeti\u00e8re de St-Trinit|Les Fayuns","hiking":"yes","information":"guidepost","name":"Le Plan d'eau","operator":"CD84","panoramax":"f2d36b12-e190-48b6-8b30-d38367ef7907","ref":"4378","tourism":"information","osm_id":6126714549,"@id":"node/6126714549"}},{"type":"Feature","id":"node/6126714564","geometry":{"type":"Point","coordinates":[5.4632843,44.1027076]},"properties":{"destination":"Sault;Trou l'Eimine","hiking":"yes","information":"guidepost","mtb":"yes","name":"Les Plaines","operator":"CD84","panoramax":"3d1236ed-989a-4f98-8212-1ac25609d231;6e3a3c0e-edf0-4da5-b457-29624d427301","ref":"4386","tourism":"information","osm_id":6126714564,"@id":"node/6126714564"}},{"type":"Feature","id":"node/6126714571","geometry":{"type":"Point","coordinates":[5.4673417,44.1065253]},"properties":{"hiking":"yes","information":"guidepost","name":"Cimeti\u00e8re de St-Trinit","operator":"CD84","ref":"4374","tourism":"information","osm_id":6126714571,"@id":"node/6126714571"}},{"type":"Feature","id":"node/6126714572","geometry":{"type":"Point","coordinates":[5.4567978,44.1091256]},"properties":{"destination":"Saint-Trinit;Cimeti\u00e8re de St-Trinit|Aurel;Le Marquisan","hiking":"yes","information":"guidepost","mtb":"yes","name":"Vallon de Barrul\u00e9","operator":"CD84","panoramax":"288cc294-6717-4158-8296-37c85b06e2cc;b91817aa-b4a9-4588-897e-6f2bb8402eaa","ref":"4364","tourism":"information","osm_id":6126714572,"@id":"node/6126714572"}},{"type":"Feature","id":"node/6126714586","geometry":{"type":"Point","coordinates":[5.4394984,44.0973336]},"properties":{"hiking":"yes","information":"guidepost","name":"Trou de l'Eimine","operator":"CD84","ref":"14520","tourism":"information","osm_id":6126714586,"@id":"node/6126714586"}},{"type":"Feature","id":"node/6126714587","geometry":{"type":"Point","coordinates":[5.42793,44.1075814]},"properties":{"destination":"Aurel;Aven du D\u00e9fends|St-Trinit;L'Ermitage|Sault;Hippodrome du D\u00e9fends","hiking":"yes","information":"guidepost","mapillary":"1569207866755203;579098979910143;408446757317983","name":"Loutar du Loup","operator":"CD84","ref":"4286","tourism":"information","osm_id":6126714587,"@id":"node/6126714587"}},{"type":"Feature","id":"node/6126714601","geometry":{"type":"Point","coordinates":[5.4264964,44.1120223]},"properties":{"destination":"Saint-Trinit;Loutar du Loup|Sault;Le Defents|Aurel;Col de Mougne","hiking":"yes","information":"guidepost","mapillary":"229674829178687;360920485732348;640083864072412","mtb":"yes","name":"Aven du D\u00e9fends","operator":"CD84","tourism":"information","osm_id":6126714601,"@id":"node/6126714601"}},{"type":"Feature","id":"node/6126714604","geometry":{"type":"Point","coordinates":[5.4192062,44.1108351]},"properties":{"destination":"Sault;Roumane|Aurel;Col de Mougne","hiking":"yes","information":"guidepost","mapillary":"201848802049025;161113096193106","name":"La Rouy\u00e8re","operator":"CD84","ref":"4311","tourism":"information","osm_id":6126714604,"@id":"node/6126714604"}},{"type":"Feature","id":"node/6126714605","geometry":{"type":"Point","coordinates":[5.4307142,44.0951232]},"properties":{"hiking":"yes","information":"guidepost","name":"Bois des Pourraches","operator":"CD84","ref":"10829","tourism":"information","osm_id":6126714605,"@id":"node/6126714605"}},{"type":"Feature","id":"node/6126714652","geometry":{"type":"Point","coordinates":[5.4106171,44.1112189]},"properties":{"destination":"?|St-Pierre Ouest|Sault;Roumane","hiking":"yes","information":"guidepost","name":"Vallon","operator":"CD84","ref":"4254","tourism":"information","osm_id":6126714652,"@id":"node/6126714652"}},{"type":"Feature","id":"node/6126714653","geometry":{"type":"Point","coordinates":[5.4172079,44.1056708]},"properties":{"destination":"Aurel;La Rouy\u00e8re|Le Defends|Sault;Cimeti\u00e8re de Sault|Le Ventouret;Vallon","hiking":"yes","information":"guidepost","mapillary":"514181099750006;409514154022308;517381643845503","mtb":"yes","name":"Roumane","operator":"CD84","ref":"4271","tourism":"information","osm_id":6126714653,"@id":"node/6126714653"}},{"type":"Feature","id":"node/6126714668","geometry":{"type":"Point","coordinates":[5.4068036,44.0937801]},"properties":{"destination":"Monieux - Le Ventoux;La Loge|Sault|Le Ventouret;Tendilles","hiking":"yes","information":"guidepost","name":"La Coustiero","operator":"CD84","panoramax":"5de3caf4-6c2f-4204-8929-624825368588;33b890ee-4db7-44cf-b9da-2ceed359fc41;c51d9cfc-28e3-456c-b7a4-9eae58a75728","ref":"2687","tourism":"information","osm_id":6126714668,"@id":"node/6126714668"}},{"type":"Feature","id":"node/6126714669","geometry":{"type":"Point","coordinates":[5.4028608,44.0837675]},"properties":{"destination":"Saint-Christol;Coteau de la Meyni\u00e8re|Sault;Pont de la Croc|?","hiking":"yes","information":"guidepost","mapillary":"298622218298324","name":"Chapelle St-Pierre-des-Gr\u00e8s","operator":"CD84","ref":"4526","tourism":"information","osm_id":6126714669,"@id":"node/6126714669"}},{"type":"Feature","id":"node/6126714670","geometry":{"type":"Point","coordinates":[5.3970471,44.0937598]},"properties":{"destination":"Le Ventoux;Bourguignon|Monieux;Dis\u00e8s|Sault;La Coustiero","hiking":"yes","information":"guidepost","mapillary":"1058947788180052","name":"La Loge","operator":"CD84","ref":"2507","tourism":"information","osm_id":6126714670,"@id":"node/6126714670"}},{"type":"Feature","id":"node/6126714671","geometry":{"type":"Point","coordinates":[5.2513549,44.0426057]},"properties":{"destination":"Blauvac;Le Plateau|St Hubert;Garrigas|Flassan;Grand D\u00e9fends","hiking":"yes","information":"guidepost","mapillary":"2975795009306768;949638582479423;496772381468439;300194318255760;492375128642841;748421049159789;295573092218693;304434527842363","mtb":"yes","name":"Balavard","operator":"CD84","ref":"15171","tourism":"information","osm_id":6126714671,"@id":"node/6126714671"}},{"type":"Feature","id":"node/6126715451","geometry":{"type":"Point","coordinates":[5.1745941,44.0643682]},"properties":{"destination":"Crillon le Brave;Les Retraches|Malemort-du-Comtat;Ste-Croix|Mormoiron","hiking":"yes","information":"guidepost","mapillary":"482928442915941","name":"Le Brillas","operator":"CD84","ref":"14831","tourism":"information","osm_id":6126715451,"@id":"node/6126715451"}},{"type":"Feature","id":"node/6139348011","geometry":{"type":"Point","coordinates":[5.0516993,44.0889413]},"properties":{"destination":"Carpentras;Baumajour|Chapelle St Martin de Serres","hiking":"yes","information":"guidepost","mapillary":"377851040231495","name":"St Martin","operator":"CD84","ref":"16864","tourism":"information","osm_id":6139348011,"@id":"node/6139348011"}},{"type":"Feature","id":"node/6139595965","geometry":{"type":"Point","coordinates":[5.5076658,43.7131252]},"properties":{"destination":"St-Joseph|Chemin de St-Colom\u00e9","hiking":"yes","information":"guidepost","name":"St Colom\u00e9","operator":"CD84","ref":"25998","tourism":"information","osm_id":6139595965,"@id":"node/6139595965"}},{"type":"Feature","id":"node/6139595966","geometry":{"type":"Point","coordinates":[5.4991662,43.6965708]},"properties":{"destination":"M\u00e9l\u00e8de","hiking":"yes","information":"guidepost","name":"Chemin de la Peiriere","operator":"CD84","ref":"25994","tourism":"information","osm_id":6139595966,"@id":"node/6139595966"}},{"type":"Feature","id":"node/6139595967","geometry":{"type":"Point","coordinates":[5.4996047,43.7010901]},"properties":{"destination":"St Colom\u00e9|Ansouis;Boussette","hiking":"yes","information":"guidepost","name":"St-Joseph","operator":"CD84","ref":"25996","tourism":"information","osm_id":6139595967,"@id":"node/6139595967"}},{"type":"Feature","id":"node/6139595968","geometry":{"type":"Point","coordinates":[5.50592,43.7032623]},"properties":{"destination":"St Colom\u00e9","hiking":"yes","information":"guidepost","name":"Chemin de St-Colom\u00e9","operator":"CD84","ref":"25992","tourism":"information","osm_id":6139595968,"@id":"node/6139595968"}},{"type":"Feature","id":"node/6139595969","geometry":{"type":"Point","coordinates":[5.5061659,43.6912858]},"properties":{"destination":"Les Vagues","hiking":"yes","information":"guidepost","name":"Chemin de la Loubi\u00e8re","operator":"CD84","tourism":"information","osm_id":6139595969,"@id":"node/6139595969"}},{"type":"Feature","id":"node/6139595970","geometry":{"type":"Point","coordinates":[5.5093603,43.6937357]},"properties":{"destination":"La Bastidonne;Callamand","hiking":"yes","information":"guidepost","mapillary":"550578965929662","name":"Chemin des Condamines","operator":"CD84","ref":"25923","tourism":"information","osm_id":6139595970,"@id":"node/6139595970"}},{"type":"Feature","id":"node/6139595971","geometry":{"type":"Point","coordinates":[5.5147284,43.6981576]},"properties":{"destination":"La Bastidonne;Les Bouisses","hiking":"yes","information":"guidepost","mapillary":"926073761270374&x=0.84&y=0.56&zoom=0.69","name":"Chemin de Pivolier","operator":"CD84","tourism":"information","osm_id":6139595971,"@id":"node/6139595971"}},{"type":"Feature","id":"node/6139597229","geometry":{"type":"Point","coordinates":[5.6672418,43.6908458]},"properties":{"destination":"Mirabeau;Baume|L'Escarasson","hiking":"yes","information":"guidepost","name":"Chapelle Ste Madeleine","operator":"CD84","tourism":"information","osm_id":6139597229,"@id":"node/6139597229"}},{"type":"Feature","id":"node/6139597251","geometry":{"type":"Point","coordinates":[5.668366,43.69364]},"properties":{"hiking":"yes","information":"guidepost","name":"Baume","operator":"CD84","ref":"28031","tourism":"information","osm_id":6139597251,"@id":"node/6139597251"}},{"type":"Feature","id":"node/6139597264","geometry":{"type":"Point","coordinates":[5.6488791,43.7121376]},"properties":{"destination":"Beaumont de Pertuis;Les Pacharots|Mirabeau;Les Espinasses","hiking":"yes","information":"guidepost","name":"Planta","operator":"CD84","ref":"27913","tourism":"information","osm_id":6139597264,"@id":"node/6139597264"}},{"type":"Feature","id":"node/6139597282","geometry":{"type":"Point","coordinates":[5.6544567,43.7063439]},"properties":{"destination":"Beaumont de Pertuis;Planta","hiking":"yes","information":"guidepost","name":"Les Espinasses","operator":"CD84","ref":"28028","tourism":"information","osm_id":6139597282,"@id":"node/6139597282"}},{"type":"Feature","id":"node/6139597283","geometry":{"type":"Point","coordinates":[5.6643829,43.709068]},"properties":{"bicycle":"yes","destination":"Mirabeau|Les Dorguons;Le Grand Logis","hiking":"yes","information":"guidepost","name":"St-Joseph","operator":"CD84","ref":"28019","tourism":"information","osm_id":6139597283,"@id":"node/6139597283"}},{"type":"Feature","id":"node/6139597837","geometry":{"type":"Point","coordinates":[5.6965385,43.6983723]},"properties":{"hiking":"yes","information":"guidepost","name":"Le Brondon","operator":"CD84","ref":"27955","tourism":"information","osm_id":6139597837,"@id":"node/6139597837"}},{"type":"Feature","id":"node/6139597838","geometry":{"type":"Point","coordinates":[5.6953785,43.707037]},"properties":{"destination":"Mirabeau;Le Grand Logis|Beaumont-de-Pertuis;Le Brondon","hiking":"yes","information":"guidepost","name":"Les Dorguons","operator":"CD84","ref":"28010","tourism":"information","osm_id":6139597838,"@id":"node/6139597838"}},{"type":"Feature","id":"node/6163860394","geometry":{"type":"Point","coordinates":[4.6645204,44.255948]},"properties":{"bicycle":"yes","destination":"Pont St Esprit;Le Bout du Pont|Mondragon;Gour d'Auzan","hiking":"yes","information":"guidepost","mapillary":"593357578733436","name":"Le Pontet","operator":"CD84","ref":"29971","tourism":"information","osm_id":6163860394,"@id":"node/6163860394"}},{"type":"Feature","id":"node/6163860396","geometry":{"type":"Point","coordinates":[4.6629319,44.261403]},"properties":{"bicycle":"yes","information":"guidepost","tourism":"information","osm_id":6163860396,"@id":"node/6163860396"}},{"type":"Feature","id":"node/6163860401","geometry":{"type":"Point","coordinates":[4.6644634,44.2634517]},"properties":{"bicycle":"yes","information":"guidepost","mapillary":"460130605280591","tourism":"information","osm_id":6163860401,"@id":"node/6163860401"}},{"type":"Feature","id":"node/6163860402","geometry":{"type":"Point","coordinates":[4.6644299,44.263564]},"properties":{"bicycle":"yes","information":"guidepost","mapillary":"460130605280591","tourism":"information","osm_id":6163860402,"@id":"node/6163860402"}},{"type":"Feature","id":"node/6163860410","geometry":{"type":"Point","coordinates":[4.6685015,44.275979]},"properties":{"bicycle":"yes","information":"guidepost","tourism":"information","osm_id":6163860410,"@id":"node/6163860410"}},{"type":"Feature","id":"node/6163860411","geometry":{"type":"Point","coordinates":[4.6683875,44.2758983]},"properties":{"bicycle":"yes","information":"guidepost","mapillary":"764696850900604","tourism":"information","osm_id":6163860411,"@id":"node/6163860411"}},{"type":"Feature","id":"node/6163860419","geometry":{"type":"Point","coordinates":[4.6728668,44.2859576]},"properties":{"bicycle":"yes","information":"guidepost","mapillary":"870707533479005","tourism":"information","osm_id":6163860419,"@id":"node/6163860419"}},{"type":"Feature","id":"node/6163860425","geometry":{"type":"Point","coordinates":[4.674924,44.2957953]},"properties":{"bicycle":"yes","information":"guidepost","mapillary":"2836541029941018","tourism":"information","osm_id":6163860425,"@id":"node/6163860425"}},{"type":"Feature","id":"node/6163860428","geometry":{"type":"Point","coordinates":[4.6792933,44.2958721]},"properties":{"bicycle":"yes","information":"guidepost","mapillary":"775978859777962","tourism":"information","osm_id":6163860428,"@id":"node/6163860428"}},{"type":"Feature","id":"node/6163860430","geometry":{"type":"Point","coordinates":[4.6832877,44.307014]},"properties":{"bicycle":"yes","information":"guidepost","tourism":"information","osm_id":6163860430,"@id":"node/6163860430"}},{"type":"Feature","id":"node/6163860431","geometry":{"type":"Point","coordinates":[4.6834134,44.3069849]},"properties":{"bicycle":"yes","information":"guidepost","tourism":"information","osm_id":6163860431,"@id":"node/6163860431"}},{"type":"Feature","id":"node/6163860432","geometry":{"type":"Point","coordinates":[4.6823246,44.3081061]},"properties":{"bicycle":"yes","information":"guidepost","mapillary":"282769933576578","tourism":"information","osm_id":6163860432,"@id":"node/6163860432"}},{"type":"Feature","id":"node/6163860433","geometry":{"type":"Point","coordinates":[4.6796058,44.3106775]},"properties":{"bicycle":"yes","information":"guidepost","mapillary":"788770401773713","tourism":"information","osm_id":6163860433,"@id":"node/6163860433"}},{"type":"Feature","id":"node/6163860434","geometry":{"type":"Point","coordinates":[4.6745431,44.3169081]},"properties":{"bicycle":"yes","information":"guidepost","mapillary":"387141845791665","tourism":"information","osm_id":6163860434,"@id":"node/6163860434"}},{"type":"Feature","id":"node/6163860435","geometry":{"type":"Point","coordinates":[4.6604609,44.3246761]},"properties":{"bicycle":"yes","information":"guidepost","mapillary":"282275666927308","tourism":"information","osm_id":6163860435,"@id":"node/6163860435"}},{"type":"Feature","id":"node/6163860436","geometry":{"type":"Point","coordinates":[4.6603449,44.3247893]},"properties":{"bicycle":"yes","information":"guidepost","mapillary":"322196269268307","tourism":"information","osm_id":6163860436,"@id":"node/6163860436"}},{"type":"Feature","id":"node/6163898372","geometry":{"type":"Point","coordinates":[4.6818662,44.2462236]},"properties":{"bicycle":"yes","information":"guidepost","mapillary":"830147577586685","tourism":"information","osm_id":6163898372,"@id":"node/6163898372"}},{"type":"Feature","id":"node/6163898373","geometry":{"type":"Point","coordinates":[4.6645425,44.2559566]},"properties":{"bicycle":"yes","information":"guidepost","mapillary":"3892002660835071","tourism":"information","osm_id":6163898373,"@id":"node/6163898373"}},{"type":"Feature","id":"node/6164015249","geometry":{"type":"Point","coordinates":[4.7323367,44.1892185]},"properties":{"bicycle":"yes","information":"guidepost","mapillary":"1402706420083640","tourism":"information","osm_id":6164015249,"@id":"node/6164015249"}},{"type":"Feature","id":"node/6164015250","geometry":{"type":"Point","coordinates":[4.7274953,44.1930418]},"properties":{"bicycle":"yes","information":"guidepost","mapillary":"156773469725806","tourism":"information","osm_id":6164015250,"@id":"node/6164015250"}},{"type":"Feature","id":"node/6164015251","geometry":{"type":"Point","coordinates":[4.7255192,44.1935014]},"properties":{"bicycle":"yes","information":"guidepost","mapillary":"967300284014731","tourism":"information","osm_id":6164015251,"@id":"node/6164015251"}},{"type":"Feature","id":"node/6164015252","geometry":{"type":"Point","coordinates":[4.7256573,44.1934735]},"properties":{"bicycle":"yes","information":"guidepost","mapillary":"501257837733738","tourism":"information","osm_id":6164015252,"@id":"node/6164015252"}},{"type":"Feature","id":"node/6164015253","geometry":{"type":"Point","coordinates":[4.7256097,44.1938745]},"properties":{"bicycle":"yes","information":"guidepost","mapillary":"844655876393985","tourism":"information","osm_id":6164015253,"@id":"node/6164015253"}},{"type":"Feature","id":"node/6164015254","geometry":{"type":"Point","coordinates":[4.7263849,44.1967572]},"properties":{"bicycle":"yes","information":"guidepost","mapillary":"147327250699740","tourism":"information","osm_id":6164015254,"@id":"node/6164015254"}},{"type":"Feature","id":"node/6164015255","geometry":{"type":"Point","coordinates":[4.7259853,44.1973093]},"properties":{"bicycle":"yes","information":"guidepost","mapillary":"279540090523666","tourism":"information","osm_id":6164015255,"@id":"node/6164015255"}},{"type":"Feature","id":"node/6164015256","geometry":{"type":"Point","coordinates":[4.7266816,44.200006]},"properties":{"bicycle":"yes","information":"guidepost","tourism":"information","osm_id":6164015256,"@id":"node/6164015256"}},{"type":"Feature","id":"node/6164015257","geometry":{"type":"Point","coordinates":[4.7238851,44.2003944]},"properties":{"bicycle":"yes","information":"guidepost","mapillary":"214156003851785","tourism":"information","osm_id":6164015257,"@id":"node/6164015257"}},{"type":"Feature","id":"node/6164015258","geometry":{"type":"Point","coordinates":[4.7236209,44.200479]},"properties":{"bicycle":"yes","information":"guidepost","mapillary":"214955823410794","tourism":"information","osm_id":6164015258,"@id":"node/6164015258"}},{"type":"Feature","id":"node/6164015259","geometry":{"type":"Point","coordinates":[4.7126949,44.2243411]},"properties":{"bicycle":"yes","information":"guidepost","mapillary":"830779537847247","tourism":"information","osm_id":6164015259,"@id":"node/6164015259"}},{"type":"Feature","id":"node/6164015260","geometry":{"type":"Point","coordinates":[4.7126064,44.2244776]},"properties":{"bicycle":"yes","information":"guidepost","tourism":"information","osm_id":6164015260,"@id":"node/6164015260"}},{"type":"Feature","id":"node/6164015264","geometry":{"type":"Point","coordinates":[4.7097109,44.2252997]},"properties":{"bicycle":"yes","information":"guidepost","mapillary":"1743572229147728","tourism":"information","osm_id":6164015264,"@id":"node/6164015264"}},{"type":"Feature","id":"node/6164015265","geometry":{"type":"Point","coordinates":[4.7087628,44.2305501]},"properties":{"bicycle":"yes","information":"guidepost","tourism":"information","osm_id":6164015265,"@id":"node/6164015265"}},{"type":"Feature","id":"node/6164015266","geometry":{"type":"Point","coordinates":[4.7083919,44.2305232]},"properties":{"bicycle":"yes","information":"guidepost","mapillary":"475094027156497","tourism":"information","osm_id":6164015266,"@id":"node/6164015266"}},{"type":"Feature","id":"node/6164015267","geometry":{"type":"Point","coordinates":[4.7078522,44.2312019]},"properties":{"bicycle":"yes","information":"guidepost","mapillary":"465988501351191","tourism":"information","osm_id":6164015267,"@id":"node/6164015267"}},{"type":"Feature","id":"node/6164015268","geometry":{"type":"Point","coordinates":[4.7056125,44.2377424]},"properties":{"bicycle":"yes","information":"guidepost","tourism":"information","osm_id":6164015268,"@id":"node/6164015268"}},{"type":"Feature","id":"node/6164015272","geometry":{"type":"Point","coordinates":[4.6985543,44.2460435]},"properties":{"bicycle":"yes","information":"guidepost","mapillary":"4251771974846519","tourism":"information","osm_id":6164015272,"@id":"node/6164015272"}},{"type":"Feature","id":"node/6164015273","geometry":{"type":"Point","coordinates":[4.6970884,44.2461674]},"properties":{"bicycle":"yes","information":"guidepost","mapillary":"455987568838932","tourism":"information","osm_id":6164015273,"@id":"node/6164015273"}},{"type":"Feature","id":"node/6164082156","geometry":{"type":"Point","coordinates":[4.7510974,44.1560807]},"properties":{"bicycle":"destination","information":"guidepost","mapillary":"289930526093209","tourism":"information","osm_id":6164082156,"@id":"node/6164082156"}},{"type":"Feature","id":"node/6164082157","geometry":{"type":"Point","coordinates":[4.7369367,44.1653586]},"properties":{"bicycle":"yes","information":"guidepost","mapillary":"252522423224798","tourism":"information","osm_id":6164082157,"@id":"node/6164082157"}},{"type":"Feature","id":"node/6164082158","geometry":{"type":"Point","coordinates":[4.736816,44.1652662]},"properties":{"bicycle":"yes","information":"guidepost","mapillary":"2600133313622041","tourism":"information","osm_id":6164082158,"@id":"node/6164082158"}},{"type":"Feature","id":"node/6164082159","geometry":{"type":"Point","coordinates":[4.7374865,44.1653932]},"properties":{"bicycle":"yes","information":"guidepost","mapillary":"914767412426416","tourism":"information","osm_id":6164082159,"@id":"node/6164082159"}},{"type":"Feature","id":"node/6164082160","geometry":{"type":"Point","coordinates":[4.7374067,44.165449]},"properties":{"bicycle":"yes","information":"guidepost","mapillary":"914767412426416","tourism":"information","osm_id":6164082160,"@id":"node/6164082160"}},{"type":"Feature","id":"node/6164082161","geometry":{"type":"Point","coordinates":[4.7332433,44.187878]},"properties":{"bicycle":"yes","information":"guidepost","tourism":"information","osm_id":6164082161,"@id":"node/6164082161"}},{"type":"Feature","id":"node/6181165585","geometry":{"type":"Point","coordinates":[5.5195168,43.8521748]},"properties":{"hiking":"yes","information":"guidepost","name":"La B\u00e9gude","operator":"CD84","ref":"30439","tourism":"information","osm_id":6181165585,"@id":"node/6181165585"}},{"type":"Feature","id":"node/6181302662","geometry":{"type":"Point","coordinates":[5.1233614,43.8648403]},"properties":{"destination":"Coustellet|Cavaillon;Le Moutillon","hiking":"yes","information":"guidepost","mapillary":"291875269234392;802837427019787&x=0.33&y=0.53&zoom=1.19","name":"Maussan","operator":"CD84","ref":"30654","tourism":"information","osm_id":6181302662,"@id":"node/6181302662"}},{"type":"Feature","id":"node/6181302663","geometry":{"type":"Point","coordinates":[5.1109922,43.8705311]},"properties":{"destination":"Cavaillon;La Geneste|Coustellet;La Tour de Sabran","hiking":"yes","information":"guidepost","mapillary":"762979511078305;828956484493408","name":"Rounfloun","operator":"CD84","ref":"30650","tourism":"information","osm_id":6181302663,"@id":"node/6181302663"}},{"type":"Feature","id":"node/6181302665","geometry":{"type":"Point","coordinates":[5.111412,43.8690963]},"properties":{"destination":"Cavaillon;Canteploure|Coustellet;Rounfloun","hiking":"yes","information":"guidepost","mapillary":"306388604279042","name":"La Geneste","operator":"CD84","ref":"30648","tourism":"information","osm_id":6181302665,"@id":"node/6181302665"}},{"type":"Feature","id":"node/6181352843","geometry":{"type":"Point","coordinates":[5.1037502,43.9247977]},"properties":{"destination":"Les Catouni\u00e8res|Le Serraire","hiking":"yes","information":"guidepost","mapillary":"543642063292279|168950558490470","name":"Le Jonquier","operator":"CD84","ref":"16004","tourism":"information","osm_id":6181352843,"@id":"node/6181352843"}},{"type":"Feature","id":"node/6181555920","geometry":{"type":"Point","coordinates":[5.1324163,44.0235864]},"properties":{"destination":"Mazan;Sampeyre|St-Didier;Coteau du Gr\u00e8s","hiking":"yes","information":"guidepost","mapillary":"473324423933513","name":"Ch\u00eanes-Verts","operator":"CD84","ref":"17482","tourism":"information","osm_id":6181555920,"@id":"node/6181555920"}},{"type":"Feature","id":"node/6181555921","geometry":{"type":"Point","coordinates":[5.1380973,44.0232335]},"properties":{"destination":"Mazan;Ch\u00eanes-Verts|Saint-Didier;Jullias","hiking":"yes","information":"guidepost","mapillary":"176442507721666","name":"Coteau du Gr\u00e8s","operator":"CD84","ref":"17505","tourism":"information","osm_id":6181555921,"@id":"node/6181555921"}},{"type":"Feature","id":"node/6181682431","geometry":{"type":"Point","coordinates":[5.1853135,44.0348448]},"properties":{"destination":"Mormoiron;Les Anges|Mazan;Le Grand Biol|Blauvac - Mallemort;Les Blaques Nord","hiking":"yes","information":"guidepost","mapillary":"939003883543945","name":"Col Blanc","operator":"CD84","ref":"14872","tourism":"information","osm_id":6181682431,"@id":"node/6181682431"}},{"type":"Feature","id":"node/6181682447","geometry":{"type":"Point","coordinates":[5.127131,44.0478063]},"properties":{"destination":"St-Didier;Ch\u00eanes-Verts","hiking":"yes","information":"guidepost","mapillary":"750495612256625","name":"Sampeyre","operator":"CD84","ref":"17485","tourism":"information","osm_id":6181682447,"@id":"node/6181682447"}},{"type":"Feature","id":"node/6182260244","geometry":{"type":"Point","coordinates":[5.1687944,44.0552257]},"properties":{"destination":"Mormoiron;Le Brillas|Mazan;Les Petits Boeufs|Malemort-du-Comtat;Les Anges","hiking":"yes","information":"guidepost","mapillary":"584751639111668;522743028894237;964914714047847;2235731186561519;1890166171151659;3990704527685190;3052713485009944","name":"Ste-Croix","operator":"CD84","ref":"14835","tourism":"information","osm_id":6182260244,"@id":"node/6182260244"}},{"type":"Feature","id":"node/6182349445","geometry":{"type":"Point","coordinates":[5.2100006,44.0312938]},"properties":{"destination":"Blauvac;Bosquet|Blauvac;Les Castes|Villes-sur-Auzon;Grand Vallat","hiking":"yes","information":"guidepost","mapillary":"298015931923588","name":"N-D des Neiges","operator":"CD84","ref":"14926","tourism":"information","osm_id":6182349445,"@id":"node/6182349445"}},{"type":"Feature","id":"node/6182357799","geometry":{"type":"Point","coordinates":[5.218473,44.0335919]},"properties":{"destination":"Blauvac;Grand Vallat|Villes-sur-Auzon;La Togne","hiking":"yes","information":"guidepost","mapillary":"466380197757552","name":"Cascavelle","operator":"CD84","ref":"14769","tourism":"information","osm_id":6182357799,"@id":"node/6182357799"}},{"type":"Feature","id":"node/6182357800","geometry":{"type":"Point","coordinates":[5.217545,44.0314679]},"properties":{"destination":"Blauvac;N-D des Neiges|Le Grand Corps|Villes-sur-Auzon;Cascavelle","hiking":"yes","information":"guidepost","mapillary":"312184060466599","mtb":"yes","name":"Grand Vallat","operator":"CD84","ref":"14770","tourism":"information","osm_id":6182357800,"@id":"node/6182357800"}},{"type":"Feature","id":"node/6182377514","geometry":{"type":"Point","coordinates":[5.2369514,44.0600065]},"properties":{"destination":"Flassan;Combe du Salut","hiking":"yes","information":"guidepost","mapillary":"483156906280095","name":"Villes-sur-Auzon","operator":"CD84","ref":"15161","tourism":"information","osm_id":6182377514,"@id":"node/6182377514"}},{"type":"Feature","id":"node/6182405615","geometry":{"type":"Point","coordinates":[5.3145745,43.9878522]},"properties":{"destination":"Javon;Pi\u00e9 Chauvet","hiking":"yes","information":"guidepost","mapillary":"209460401039457","name":"Baumelle","operator":"CD84","tourism":"information","osm_id":6182405615,"@id":"node/6182405615"}},{"type":"Feature","id":"node/6183334556","geometry":{"type":"Point","coordinates":[5.5817467,43.7912104]},"properties":{"destination":"Grambois;Moulin du Pas|Vitrolles;La Combe|Peypin d'Aigues","hiking":"yes","information":"guidepost","name":"Les D\u00f4nes","operator":"CD84","ref":"26442","tourism":"information","osm_id":6183334556,"@id":"node/6183334556"}},{"type":"Feature","id":"node/6183334561","geometry":{"type":"Point","coordinates":[5.5334978,43.7706653]},"properties":{"destination":"?|St Martin de la Brasque;Coutelou|Peypin d'Aigues;Fontjoyeuse","hiking":"yes","information":"guidepost","name":"La Croix","operator":"CD84","ref":"15068","tourism":"information","osm_id":6183334561,"@id":"node/6183334561"}},{"type":"Feature","id":"node/6183334789","geometry":{"type":"Point","coordinates":[5.5503273,43.7470265]},"properties":{"destination":"La Tour d'Aigues;Le Rev\u00e8s|St Martin de la Brasque;Rourabeau","hiking":"yes","information":"guidepost","name":"La Mule","operator":"CD84","ref":"26643","tourism":"information","osm_id":6183334789,"@id":"node/6183334789"}},{"type":"Feature","id":"node/6183334800","geometry":{"type":"Point","coordinates":[5.5620841,43.6945404]},"properties":{"destination":"Pertuis;Callamand|Tournemire|La Bastidonne;Dernier Ch\u00e2teau","hiking":"yes","information":"guidepost","name":"Guap","operator":"CD84","ref":"25724","tourism":"information","osm_id":6183334800,"@id":"node/6183334800"}},{"type":"Feature","id":"node/6183334960","geometry":{"type":"Point","coordinates":[5.3685755,43.7364597]},"properties":{"destination":"Lourmarin le Ch\u00e2teau","hiking":"yes","information":"guidepost","mapillary":"783580239186364","name":"Cadenet le Ch\u00e2teau","operator":"CD84","tourism":"information","osm_id":6183334960,"@id":"node/6183334960"}},{"type":"Feature","id":"node/6183397936","geometry":{"type":"Point","coordinates":[4.8873659,43.9101477]},"properties":{"information":"guidepost","mapillary":"192502132688009","osm_id":6183397936,"@id":"node/6183397936"}},{"type":"Feature","id":"node/6183401819","geometry":{"type":"Point","coordinates":[4.8874378,43.9099795]},"properties":{"direction":"120","information":"guidepost","mapillary":"146461987435931","tourism":"information","osm_id":6183401819,"@id":"node/6183401819"}},{"type":"Feature","id":"node/6183404360","geometry":{"type":"Point","coordinates":[4.8872356,43.9101677]},"properties":{"direction":"30","information":"guidepost","mapillary":"466459467797841","osm_id":6183404360,"@id":"node/6183404360"}},{"type":"Feature","id":"node/6183412715","geometry":{"type":"Point","coordinates":[5.6401464,43.7861524]},"properties":{"destination":"Montjustin;La Grassane","hiking":"yes","information":"guidepost","name":"Chemin des Canards","operator":"CD84","ref":"25538","tourism":"information","osm_id":6183412715,"@id":"node/6183412715"}},{"type":"Feature","id":"node/6183412722","geometry":{"type":"Point","coordinates":[5.6563336,43.8191171]},"properties":{"destination":"Montjustin;Luzerne|La Bastide des Jourdans;Les Matalans","hiking":"yes","information":"guidepost","name":"Ch\u00e2teau Veiron","operator":"CD84","panoramax":"4ecfc730-6fb6-41f3-aebf-5a7d590dfd93;9d4bb26d-6eff-4492-b810-d3b5cba0585c;89c0443a-8ef4-4568-806b-dd214247bb81","ref":"25482","tourism":"information","osm_id":6183412722,"@id":"node/6183412722"}},{"type":"Feature","id":"node/6183412724","geometry":{"type":"Point","coordinates":[5.6501202,43.8154805]},"properties":{"destination":"Vitrolles;Pique Plant|Montjustin;Ch\u00e2teau Veiron|La Bastide des Jourdans;La Grassane","hiking":"yes","information":"guidepost","name":"Les Matalans","operator":"CD84","panoramax":"b5537a28-72e6-4fd7-a126-0b875c1824cd","ref":"25479","tourism":"information","osm_id":6183412724,"@id":"node/6183412724"}},{"type":"Feature","id":"node/6183412730","geometry":{"type":"Point","coordinates":[5.6549495,43.808201]},"properties":{"destination":"La Bastide des Jourdans;Chemin des Canards|Montjustin;Les Matalans","hiking":"yes","information":"guidepost","name":"La Grassane","operator":"CD84","panoramax":"95402e9a-d80e-473b-b1d1-9869a3599657","tourism":"information","osm_id":6183412730,"@id":"node/6183412730"}},{"type":"Feature","id":"node/6183412738","geometry":{"type":"Point","coordinates":[5.6443159,43.8008238]},"properties":{"destination":"Vitrolles;La Verrerie|Montjustin;Pique Plant","hiking":"yes","information":"guidepost","name":"Bagne L\u00e8bre","operator":"CD84","panoramax":"f21f3ec3-b85c-4d91-9c55-917599f5db13","tourism":"information","osm_id":6183412738,"@id":"node/6183412738"}},{"type":"Feature","id":"node/6183466704","geometry":{"type":"Point","coordinates":[4.8842772,43.9109635]},"properties":{"information":"guidepost","mapillary":"735584673788586","osm_id":6183466704,"@id":"node/6183466704"}},{"type":"Feature","id":"node/6183466705","geometry":{"type":"Point","coordinates":[4.8841142,43.9111967]},"properties":{"information":"guidepost","mapillary":"587450715548997","osm_id":6183466705,"@id":"node/6183466705"}},{"type":"Feature","id":"node/6183466706","geometry":{"type":"Point","coordinates":[4.8842015,43.9112774]},"properties":{"direction":"220","information":"guidepost","mapillary":"454534032306639","osm_id":6183466706,"@id":"node/6183466706"}},{"type":"Feature","id":"node/6185470036","geometry":{"type":"Point","coordinates":[4.8870466,43.9099743]},"properties":{"information":"guidepost","mapillary":"150814280321788","osm_id":6185470036,"@id":"node/6185470036"}},{"type":"Feature","id":"node/6185470046","geometry":{"type":"Point","coordinates":[4.884775,43.9108929]},"properties":{"direction":"130","information":"guidepost","mapillary":"2373681419443165","osm_id":6185470046,"@id":"node/6185470046"}},{"type":"Feature","id":"node/6185470047","geometry":{"type":"Point","coordinates":[4.8846345,43.9108628]},"properties":{"direction":"310","information":"guidepost","mapillary":"495693044807347","osm_id":6185470047,"@id":"node/6185470047"}},{"type":"Feature","id":"node/6185506853","geometry":{"type":"Point","coordinates":[4.9356978,44.2336054]},"properties":{"destination":"St Roman de Malegarde;Ventabren|Rasteau;Les Combes Basses","hiking":"yes","information":"guidepost","mapillary":"502363644133971","name":"Cairanne","operator":"CD84","ref":"28573","tourism":"information","osm_id":6185506853,"@id":"node/6185506853"}},{"type":"Feature","id":"node/6185506854","geometry":{"type":"Point","coordinates":[4.9338142,44.2314744]},"properties":{"destination":"Rasteau;Les Seppes","hiking":"yes","information":"guidepost","mapillary":"1447441155605650","name":"L'Aparant","operator":"CD84","ref":"30164","tourism":"information","osm_id":6185506854,"@id":"node/6185506854"}},{"type":"Feature","id":"node/6185507124","geometry":{"type":"Point","coordinates":[4.9451643,44.2256231]},"properties":{"destination":"Rasteau;Le Grand Ch\u00eane|Cairanne;La Meyeau","hiking":"yes","information":"guidepost","mapillary":"915214352658847","name":"La Meyeau Nord","operator":"CD84","ref":"30148","tourism":"information","osm_id":6185507124,"@id":"node/6185507124"}},{"type":"Feature","id":"node/6185507127","geometry":{"type":"Point","coordinates":[4.948921,44.2228755]},"properties":{"destination":"La Meyeau Nord|Rasteau;St-Martin","hiking":"yes","information":"guidepost","mapillary":"484138206261672","name":"Le Grand Ch\u00eane","operator":"CD84","ref":"30147","tourism":"information","osm_id":6185507127,"@id":"node/6185507127"}},{"type":"Feature","id":"node/6185556195","geometry":{"type":"Point","coordinates":[4.919797,44.2298525]},"properties":{"destination":"Ste C\u00e9cile les Vignes;La B\u00e9raude Ouest|Cairanne;La Garde","hiking":"yes","information":"guidepost","mapillary":"477599196683843","name":"La B\u00e9raude","operator":"CD84","ref":"28595","tourism":"information","osm_id":6185556195,"@id":"node/6185556195"}},{"type":"Feature","id":"node/6185556230","geometry":{"type":"Point","coordinates":[4.9240543,44.230025]},"properties":{"destination":"Cairanne le Village|Sainte-C\u00e9cile-les-Vignes;La B\u00e9raude","hiking":"yes","information":"guidepost","mapillary":"1095819100941208","mtb":"yes","name":"La Garde","operator":"CD84","ref":"28585","tourism":"information","osm_id":6185556230,"@id":"node/6185556230"}},{"type":"Feature","id":"node/6185556237","geometry":{"type":"Point","coordinates":[4.9640903,44.2595206]},"properties":{"destination":"St Roman de Malegarde;Le Ligneul|Cairanne;Travers des Vergers","hiking":"yes","information":"guidepost","mapillary":"527100851974059","name":"Serre de la Garde","operator":"CD84","ref":"28533","tourism":"information","osm_id":6185556237,"@id":"node/6185556237"}},{"type":"Feature","id":"node/6185556247","geometry":{"type":"Point","coordinates":[4.9416053,44.2455987]},"properties":{"destination":"St Roman de Malegarde;La Montagne Ouest|Cairanne","hiking":"yes","information":"guidepost","mapillary":"277467217421712","name":"Ventabren","operator":"CD84","ref":"29413","tourism":"information","osm_id":6185556247,"@id":"node/6185556247"}},{"type":"Feature","id":"node/6185556248","geometry":{"type":"Point","coordinates":[4.9407403,44.235211]},"properties":{"bicycle":"yes","destination":"Cairanne|Rasteau;L'Amassat","hiking":"yes","information":"guidepost","mapillary":"211484593899026","name":"Les Combes Basses","operator":"CD84","ref":"28575","tourism":"information","osm_id":6185556248,"@id":"node/6185556248"}},{"type":"Feature","id":"node/6185621252","geometry":{"type":"Point","coordinates":[4.8744851,44.2477862]},"properties":{"destination":"Nogaret;Chemin des Rogations|Lagarde Par\u00e9ol;La Matte Sud","hiking":"yes","information":"guidepost","mapillary":"424882505347662","name":"La Matte","operator":"CD84","ref":"29914","tourism":"information","osm_id":6185621252,"@id":"node/6185621252"}},{"type":"Feature","id":"node/6185621487","geometry":{"type":"Point","coordinates":[4.873433,44.2384506]},"properties":{"destination":"Nogaret;La Matte|Lagarde Par\u00e9ol;Les Paluds","hiking":"yes","information":"guidepost","mapillary":"834922877112458","name":"La Matte Sud","operator":"CD84","ref":"29910","tourism":"information","osm_id":6185621487,"@id":"node/6185621487"}},{"type":"Feature","id":"node/6185621489","geometry":{"type":"Point","coordinates":[4.8693198,44.2349185]},"properties":{"destination":"Nogaret;Les Paluds|Lagarde-Par\u00e9ol;Les Pr\u00e9s Nouveaux Sud","hiking":"yes","information":"guidepost","mapillary":"161832895879275","name":"Les Pr\u00e9s Nouveaux","operator":"CD84","ref":"29923","tourism":"information","osm_id":6185621489,"@id":"node/6185621489"}},{"type":"Feature","id":"node/6185621490","geometry":{"type":"Point","coordinates":[4.8691569,44.2341354]},"properties":{"destination":"Nogaret;Les Pr\u00e9s Nouveaux|Ste C\u00e9cile les Vignes;Les Andoul\u00e8nes|Lagarde-Par\u00e9ol;Les Achaux","hiking":"yes","information":"guidepost","mapillary":"568142604151067","name":"Les Pr\u00e9s Nouveaux Sud","operator":"CD84","ref":"28618","tourism":"information","osm_id":6185621490,"@id":"node/6185621490"}},{"type":"Feature","id":"node/6185621519","geometry":{"type":"Point","coordinates":[4.8742457,44.227329]},"properties":{"destination":"S\u00e9rignan du Comtat;La Ruade|Lagarde Par\u00e9ol;Les Pr\u00e9s Nouveaux Sud|Ste C\u00e9cile les Vignes;L'Araign\u00e9e","hiking":"yes","information":"guidepost","mapillary":"752644362073343","name":"Les Andoul\u00e8nes","operator":"CD84","ref":"28620","tourism":"information","osm_id":6185621519,"@id":"node/6185621519"}},{"type":"Feature","id":"node/6185621520","geometry":{"type":"Point","coordinates":[4.8827543,44.2336126]},"properties":{"destination":"Ste C\u00e9cile les Vignes|Lagarde-Par\u00e9ol;Les Andoul\u00e8nes|Cairanne;Le Peyron","hiking":"yes","information":"guidepost","mapillary":"2879915485598085;821863442087901;524931168678613;564389504547679","name":"L'Araign\u00e9e","operator":"CD84","tourism":"information","osm_id":6185621520,"@id":"node/6185621520"}},{"type":"Feature","id":"node/6185621521","geometry":{"type":"Point","coordinates":[4.8898944,44.2385786]},"properties":{"destination":"Ste C\u00e9cile les Vignes;L'Araign\u00e9e|Cairanne;La Pr\u00e9sidente Ouest","hiking":"yes","information":"guidepost","mapillary":"300804571619192","name":"Le Peyron","operator":"CD84","ref":"28615","tourism":"information","osm_id":6185621521,"@id":"node/6185621521"}},{"type":"Feature","id":"node/6185621528","geometry":{"type":"Point","coordinates":[4.8925121,44.2350102]},"properties":{"destination":"Cairanne;La Pr\u00e9sidente|Ste C\u00e9cile les Vignes;Le Peyron","hiking":"yes","information":"guidepost","mapillary":"154538606643654","name":"La Pr\u00e9sidente Ouest","operator":"CD84","ref":"28614","tourism":"information","osm_id":6185621528,"@id":"node/6185621528"}},{"type":"Feature","id":"node/6185621551","geometry":{"type":"Point","coordinates":[4.8979752,44.235936]},"properties":{"destination":"Cairanne;Chapelle Notre Dame|Ste C\u00e9cile les Vignes;La Pr\u00e9sidente Ouest","hiking":"yes","information":"guidepost","mapillary":"1719137144958819","name":"La Pr\u00e9sidente","operator":"CD84","ref":"28613","tourism":"information","osm_id":6185621551,"@id":"node/6185621551"}},{"type":"Feature","id":"node/6185621556","geometry":{"type":"Point","coordinates":[4.8977888,44.2423629]},"properties":{"destination":"Cairanne;Le Grand Bosquet Est|La Pr\u00e9sidente","hiking":"yes","information":"guidepost","mapillary":"264508492079135","name":"Chapelle Notre Dame","operator":"CD84","ref":"28617","tourism":"information","osm_id":6185621556,"@id":"node/6185621556"}},{"type":"Feature","id":"node/6185621557","geometry":{"type":"Point","coordinates":[4.8989743,44.242287]},"properties":{"destination":"Nogaret;Le Petit Bosquet|Cairanne;Galifet|Sainte-C\u00e9cile-les-Vignes;Chapelle Notre Dame","hiking":"yes","information":"guidepost","mapillary":"816339462654380","name":"Le Grand Bosquet Est","operator":"CD84","ref":"28634","tourism":"information","osm_id":6185621557,"@id":"node/6185621557"}},{"type":"Feature","id":"node/6185621558","geometry":{"type":"Point","coordinates":[4.9047417,44.2403919]},"properties":{"destination":"Ste C\u00e9cile les Vignes;Le Grand Bosquet Est|Cairanne;Le Cros de Romet","hiking":"yes","information":"guidepost","mapillary":"773559043346691","name":"Galifet","operator":"CD84","ref":"28633","tourism":"information","osm_id":6185621558,"@id":"node/6185621558"}},{"type":"Feature","id":"node/6185621674","geometry":{"type":"Point","coordinates":[4.9094678,44.2239831]},"properties":{"destination":"Cairanne;La B\u00e9raude|Sainte-C\u00e9cile-les-Vignes;Le Cros de Romet","hiking":"yes","information":"guidepost","name":"La B\u00e9raude Ouest","operator":"CD84","ref":"28632","tourism":"information","osm_id":6185621674,"@id":"node/6185621674"}},{"type":"Feature","id":"node/6185641329","geometry":{"type":"Point","coordinates":[4.9006751,44.2478093]},"properties":{"destination":"Nogaret;Le Dragon|Cairanne;Le Grand Bosquet Est","hiking":"yes","information":"guidepost","mapillary":"474621486944266","name":"Le Petit Bosquet","operator":"CD84","ref":"29926","tourism":"information","osm_id":6185641329,"@id":"node/6185641329"}},{"type":"Feature","id":"node/6185641331","geometry":{"type":"Point","coordinates":[4.9039981,44.249158]},"properties":{"destination":"Cairanne;Le Petit Bosquet|Nogaret;La Giraude Nord","hiking":"yes","information":"guidepost","mapillary":"1935769553240289","name":"Le Dragon","operator":"CD84","ref":"29919","tourism":"information","osm_id":6185641331,"@id":"node/6185641331"}},{"type":"Feature","id":"node/6185641332","geometry":{"type":"Point","coordinates":[4.9030459,44.254351]},"properties":{"destination":"Cairanne;Le Dragon|Nogaret;La Charit\u00e9","hiking":"yes","information":"guidepost","mapillary":"296350681948289","name":"La Giraude Nord","operator":"CD84","ref":"29921","tourism":"information","osm_id":6185641332,"@id":"node/6185641332"}},{"type":"Feature","id":"node/6185641333","geometry":{"type":"Point","coordinates":[4.8934684,44.2551728]},"properties":{"destination":"Cairanne;La Giraude Nord|Nogaret;La Charit\u00e9 Sud","hiking":"yes","information":"guidepost","mapillary":"917585839024599","name":"La Charit\u00e9","operator":"CD84","ref":"29907","tourism":"information","osm_id":6185641333,"@id":"node/6185641333"}},{"type":"Feature","id":"node/6185641340","geometry":{"type":"Point","coordinates":[4.8916311,44.2528559]},"properties":{"destination":"Cairanne;La Charit\u00e9|Nogaret","hiking":"yes","information":"guidepost","mapillary":"1866480293511612","name":"La Charit\u00e9 Sud","operator":"CD84","ref":"29908","tourism":"information","osm_id":6185641340,"@id":"node/6185641340"}},{"type":"Feature","id":"node/6185641341","geometry":{"type":"Point","coordinates":[4.8839197,44.2521316]},"properties":{"destination":"Cairanne;La Charit\u00e9 Sud|Lagarde Par\u00e9ol;Chemin des Rogations","hiking":"yes","information":"guidepost","mapillary":"5876900948988468","name":"Nogaret","operator":"CD84","tourism":"information","osm_id":6185641341,"@id":"node/6185641341"}},{"type":"Feature","id":"node/6185641386","geometry":{"type":"Point","coordinates":[4.876767,44.2476877]},"properties":{"destination":"Nogaret|Lagarde Par\u00e9ol;La Matte","hiking":"yes","information":"guidepost","mapillary":"300789974985437","name":"Chemin des Rogations","operator":"CD84","ref":"29913","tourism":"information","osm_id":6185641386,"@id":"node/6185641386"}},{"type":"Feature","id":"node/6185911430","geometry":{"type":"Point","coordinates":[4.8241145,44.2263521]},"properties":{"destination":"Les Farjons;Le Replat Ouest|S\u00e9rignan du Comtat;Bois de la Montagne|Lagarde Par\u00e9ol;Les Tartarus|Lagarde-Par\u00e9ol;Les Tartarus Nord","hiking":"yes","information":"guidepost","mapillary":"280864960397948","name":"Le Replat","operator":"CD84","ref":"28656","tourism":"information","osm_id":6185911430,"@id":"node/6185911430"}},{"type":"Feature","id":"node/6185912892","geometry":{"type":"Point","coordinates":[4.8495513,44.2261676]},"properties":{"destination":"S\u00e9rignan du Comtat;Les Tartarus","hiking":"yes","information":"guidepost","mapillary":"299476661817643","mtb":"yes","name":"Lagarde Par\u00e9ol","operator":"CD84","ref":"28648","tourism":"information","osm_id":6185912892,"@id":"node/6185912892"}},{"type":"Feature","id":"node/6185912893","geometry":{"type":"Point","coordinates":[4.8488043,44.2287641]},"properties":{"destination":"Uchaux;Les Grands Bosquets","hiking":"yes","information":"guidepost","mapillary":"165538228908040","name":"Les Planades","operator":"CD84","ref":"28644","tourism":"information","osm_id":6185912893,"@id":"node/6185912893"}},{"type":"Feature","id":"node/6185912900","geometry":{"type":"Point","coordinates":[4.8588927,44.2344592]},"properties":{"destination":"Ste C\u00e9cile les Vignes;Les Pr\u00e9s Nouveaux Sud|Lagarde-Par\u00e9ol;Les Serres","hiking":"yes","information":"guidepost","mapillary":"1940025342801830","name":"Les Achaux","operator":"CD84","ref":"28625","tourism":"information","osm_id":6185912900,"@id":"node/6185912900"}},{"type":"Feature","id":"node/6186321549","geometry":{"type":"Point","coordinates":[4.8006459,44.2261594]},"properties":{"destination":"Massillan;Hauteville|Uchaux;Combe de Paris","hiking":"yes","information":"guidepost","mapillary":"296713405428301","name":"Pont des Combes","operator":"CD84","ref":"28733","tourism":"information","osm_id":6186321549,"@id":"node/6186321549"}},{"type":"Feature","id":"node/6186321551","geometry":{"type":"Point","coordinates":[4.8009128,44.2309514]},"properties":{"destination":"Mondragon;Massillan|Rochegude;Les Farjons","hiking":"yes","information":"guidepost","mapillary":"508360406985611;2870211759913173;799069844066071","name":"La Martine","operator":"CD84","ref":"28682","tourism":"information","osm_id":6186321551,"@id":"node/6186321551"}},{"type":"Feature","id":"node/6186321729","geometry":{"type":"Point","coordinates":[4.8028238,44.233037]},"properties":{"destination":"Lagarde-Par\u00e9ol;Le Replat Ouest|Mondragon;La Martine|Rochegude;Rayas","hiking":"yes","information":"guidepost","mapillary":"306408824430025","name":"Les Farjons","operator":"CD84","ref":"28680","tourism":"information","osm_id":6186321729,"@id":"node/6186321729"}},{"type":"Feature","id":"node/6186321742","geometry":{"type":"Point","coordinates":[4.8017301,44.2121666]},"properties":{"destination":"Lagarde-Par\u00e9ol;La Galle Nord|La Galle","hiking":"yes","information":"guidepost","mapillary":"925296771537805","name":"Cimeti\u00e8re de la Galle","operator":"CD84","ref":"28722","tourism":"information","osm_id":6186321742,"@id":"node/6186321742"}},{"type":"Feature","id":"node/6186321743","geometry":{"type":"Point","coordinates":[4.8010988,44.2093902]},"properties":{"destination":"Lagarde-Par\u00e9ol;Cimeti\u00e8re de la Galle|Piolenc;La Galle Sud","hiking":"yes","information":"guidepost","mapillary":"321024132757067","name":"La Galle","operator":"CD84","ref":"28745","tourism":"information","osm_id":6186321743,"@id":"node/6186321743"}},{"type":"Feature","id":"node/6186367874","geometry":{"type":"Point","coordinates":[4.785997,44.2144972]},"properties":{"destination":"Piolenc;Combe de Roquecourbe|Massillan;Rieu de Foyro","hiking":"yes","information":"guidepost","mapillary":"305514331043365","name":"Le Creux","operator":"CD84","ref":"28746","tourism":"information","osm_id":6186367874,"@id":"node/6186367874"}},{"type":"Feature","id":"node/6186368541","geometry":{"type":"Point","coordinates":[4.7903194,44.2158025]},"properties":{"destination":"Piolenc;Rieu de Foyro|Massillan;Hauteville","hiking":"yes","information":"guidepost","mapillary":"484592652852246","name":"Le Cros","operator":"CD84","ref":"28698","tourism":"information","osm_id":6186368541,"@id":"node/6186368541"}},{"type":"Feature","id":"node/6186368544","geometry":{"type":"Point","coordinates":[4.7918187,44.2151565]},"properties":{"destination":"Massillan;Le Cros|Piolenc;Le Creux|Uchaux;Le Moulinas","hiking":"yes","information":"guidepost","mapillary":"266152935256426","name":"Rieu de Foyro","operator":"CD84","ref":"28700","tourism":"information","osm_id":6186368544,"@id":"node/6186368544"}},{"type":"Feature","id":"node/6186368545","geometry":{"type":"Point","coordinates":[4.7931665,44.214756]},"properties":{"destination":"Piolenc;Rieu de Foyro|Uchaux;Castelas","hiking":"yes","information":"guidepost","mapillary":"560902821563348","name":"Le Moulinas","operator":"CD84","ref":"28705","tourism":"information","osm_id":6186368545,"@id":"node/6186368545"}},{"type":"Feature","id":"node/6186806363","geometry":{"type":"Point","coordinates":[4.7654351,44.1824136]},"properties":{"destination":"Piolenc|Uchaux;Les B\u00e9ziers","hiking":"yes","information":"guidepost","mapillary":"349591643167631","name":"Rocantine","operator":"CD84","ref":"29812","tourism":"information","osm_id":6186806363,"@id":"node/6186806363"}},{"type":"Feature","id":"node/6186806539","geometry":{"type":"Point","coordinates":[4.7689381,44.1967264]},"properties":{"destination":"Piolenc;Bouqueyran|Uchaux;Faugier","hiking":"yes","information":"guidepost","mapillary":"244524717426402","name":"Les Aveaux","operator":"CD84","ref":"29856","tourism":"information","osm_id":6186806539,"@id":"node/6186806539"}},{"type":"Feature","id":"node/6186806692","geometry":{"type":"Point","coordinates":[4.7933862,44.2012215]},"properties":{"destination":"Piolenc;Le Plumet|Massillan;Le Creux|Uchaux;La Galle Sud","hiking":"yes","information":"guidepost","mapillary":"843765929683367","name":"Combe de Roquecourbe","operator":"CD84","ref":"29904","tourism":"information","osm_id":6186806692,"@id":"node/6186806692"}},{"type":"Feature","id":"node/6186806698","geometry":{"type":"Point","coordinates":[4.7953284,44.2010434]},"properties":{"destination":"Piolenc;Combe de Roquecourbe|Uchaux;La Galle","hiking":"yes","information":"guidepost","mapillary":"457960541945009;919007088883687;297427035262074;767362960637639;484438575954010;317338273326026","name":"La Galle Sud","operator":"CD84","ref":"28748","tourism":"information","osm_id":6186806698,"@id":"node/6186806698"}},{"type":"Feature","id":"node/6186840425","geometry":{"type":"Point","coordinates":[4.7540559,44.1992128]},"properties":{"destination":"Piolenc|Mornas;Cresta\u00efre Sud|Uchaux;Faugier","hiking":"yes","information":"guidepost","mapillary":"307930987465250","name":"La Barjavelle","operator":"CD84","ref":"29841","tourism":"information","osm_id":6186840425,"@id":"node/6186840425"}},{"type":"Feature","id":"node/6186840450","geometry":{"type":"Point","coordinates":[4.7634993,44.1816812]},"properties":{"destination":"Mornas;La Barjavelle|Uchaux;Rocantine","hiking":"yes","information":"guidepost","mapillary":"140415104780708","name":"Piolenc","operator":"CD84","ref":"29813","tourism":"information","osm_id":6186840450,"@id":"node/6186840450"}},{"type":"Feature","id":"node/6186927945","geometry":{"type":"Point","coordinates":[4.7880301,44.2310234]},"properties":{"destination":"Mondragon;La Meuni\u00e8re|Rochegude;Massillan","hiking":"yes","information":"guidepost","mapillary":"1120845505093687","name":"La Grangette Nord","operator":"CD84","ref":"28835","tourism":"information","osm_id":6186927945,"@id":"node/6186927945"}},{"type":"Feature","id":"node/6186928191","geometry":{"type":"Point","coordinates":[4.793127,44.2315125]},"properties":{"destination":"Massillan|Piolenc;Le Cros|Uchaux;Pont des Combes","hiking":"yes","information":"guidepost","mapillary":"288056202958589","name":"Hauteville","operator":"CD84","ref":"28715","tourism":"information","osm_id":6186928191,"@id":"node/6186928191"}},{"type":"Feature","id":"node/6186928194","geometry":{"type":"Point","coordinates":[4.7940691,44.2330553]},"properties":{"destination":"Mondragon;La Grangette Nord|Rochegude;La Martine|Uchaux;Hauteville","hiking":"yes","information":"guidepost","mapillary":"320651112792936","name":"Massillan","operator":"CD84","ref":"28713","tourism":"information","osm_id":6186928194,"@id":"node/6186928194"}},{"type":"Feature","id":"node/6187447631","geometry":{"type":"Point","coordinates":[4.8058158,44.2588742]},"properties":{"destination":"Boll\u00e8ne;Node|Rochegude;Rayas|Rochegude;Le Fournas|Circuit des Chapelles","hiking":"yes","information":"guidepost","mapillary":"799736870680713","name":"Les Granges Blanches","operator":"CD84","ref":"29358","tourism":"information","osm_id":6187447631,"@id":"node/6187447631"}},{"type":"Feature","id":"node/6187614392","geometry":{"type":"Point","coordinates":[4.7915103,44.2586662]},"properties":{"destination":"Boll\u00e8ne;Noyeres Est|Rochegude;Node|Circuit des Chapelles","hiking":"yes","information":"guidepost","mapillary":"467365171006582;484999215888228;327375495685597;484288756215246","name":"Derboux","operator":"CD84","ref":"29348","tourism":"information","osm_id":6187614392,"@id":"node/6187614392"}},{"type":"Feature","id":"node/6187614396","geometry":{"type":"Point","coordinates":[4.7850662,44.2686953]},"properties":{"destination":"Boll\u00e8ne;P\u00e9n\u00e9gue|Rochegude;Noyeres Est|Circuit des Chapelles","hiking":"yes","information":"guidepost","mapillary":"211171477262485;314233783479358;491974772117310;804757650144771;300484548247302;269494208193690","name":"Roquette","operator":"CD84","ref":"29366","tourism":"information","osm_id":6187614396,"@id":"node/6187614396"}},{"type":"Feature","id":"node/6187614406","geometry":{"type":"Point","coordinates":[4.7790433,44.2695696]},"properties":{"destination":"Rochegude;St Blaise|Rochegude;Roquette|Circuit des Chapelles","hiking":"yes","information":"guidepost","mapillary":"1013628056074964","name":"P\u00e9n\u00e9gue","operator":"CD84","ref":"29371","tourism":"information","osm_id":6187614406,"@id":"node/6187614406"}},{"type":"Feature","id":"node/6187614407","geometry":{"type":"Point","coordinates":[4.7918697,44.274724]},"properties":{"destination":"Boll\u00e8ne;P\u00e9n\u00e8gue|Rochegude;Node","hiking":"yes","information":"guidepost","mapillary":"4164996083559816","name":"St Blaise","operator":"CD84","ref":"29341","tourism":"information","osm_id":6187614407,"@id":"node/6187614407"}},{"type":"Feature","id":"node/6187714104","geometry":{"type":"Point","coordinates":[4.7232722,44.2345312]},"properties":{"destination":"ROCHEGUDE;Mornas;Les Peyras|MONDRAGON;Le Gr\u00e8s Nord|Circuit des Vach\u00e8res;Les Cigales Est|MORNAS;Montmout Ouest|Circuit de Boissouteyrand;Les Jouanades","hiking":"yes","information":"guidepost","mapillary":"500717701079656;1457912834552662;583546759280914;536949807465023;","name":"Le Gr\u00e8s Sud","operator":"CD84","ref":"28852","tourism":"information","osm_id":6187714104,"@id":"node/6187714104"}},{"type":"Feature","id":"node/6187714158","geometry":{"type":"Point","coordinates":[4.7134311,44.2343842]},"properties":{"destination":"Rochegude;Mornas;Le Gr\u00e8s Sud|Circuit de Boissouteyrand;Circuit de Palatin;Les Cigales Ouest|Mondragon le Village|Circuit des Vach\u00e8res;Circuit de Boissouteyrand - Retour|Circuit de Palatin - Retour;Centre culturel","hiking":"yes","information":"guidepost","mapillary":"2952029408452945","name":"Le Gr\u00e8s Nord","operator":"CD84","ref":"30001","tourism":"information","osm_id":6187714158,"@id":"node/6187714158"}},{"type":"Feature","id":"node/6187714575","geometry":{"type":"Point","coordinates":[4.7143149,44.2395646]},"properties":{"destination":"St Ari\u00e8s;Rieu Colin|Circuit des Vach\u00e8res|PONT SAINT-ESPRIT;Le Canal|Le Gr\u00e8s Nord","hiking":"yes","information":"guidepost","mapillary":"562888784695535;486564089456583;175886387788358;285864369882898","name":"Mondragon le Village","operator":"CD84","ref":"30013","tourism":"information","osm_id":6187714575,"@id":"node/6187714575"}},{"type":"Feature","id":"node/6187950393","geometry":{"type":"Point","coordinates":[4.7279848,44.2131043]},"properties":{"destination":"Mornas;Les Breteaux|Mondragon;Montmout Ouest|Mondragon;Montmout","hiking":"yes","information":"guidepost","mapillary":"186338740034564","name":"Les Combes","operator":"CD84","ref":"28794","tourism":"information","osm_id":6187950393,"@id":"node/6187950393"}},{"type":"Feature","id":"node/6187951379","geometry":{"type":"Point","coordinates":[4.7245865,44.2215578]},"properties":{"destination":"MORNAS;Mondragon;Montmout Est|Mornas;Les Combes|MONDRAGON;Le Gr\u00e8s Sud","hiking":"yes","information":"guidepost","mapillary":"187220743267302;297461195196320;301629941441253;377982526907467;234399201779401;470772937517598","name":"Montmout Ouest","operator":"CD84","ref":"28820","tourism":"information","osm_id":6187951379,"@id":"node/6187951379"}},{"type":"Feature","id":"node/6196353233","geometry":{"type":"Point","coordinates":[5.5159374,43.8664356]},"properties":{"destination":"St-Martin de Castillon;Portail de la Mane|Viens;Pont de la Buye|?;Le Gu\u00e9 des Marteaux","hiking":"yes","information":"guidepost","name":"Granges","operator":"CD84","ref":"17697","tourism":"information","osm_id":6196353233,"@id":"node/6196353233"}},{"type":"Feature","id":"node/6196530619","geometry":{"type":"Point","coordinates":[5.5323404,43.8845154]},"properties":{"destination":"St-Martin-de-Castillon;Ribas des Grosses|Viens;Loth","hiking":"yes","information":"guidepost","name":"Font de Luygnes","operator":"CD84","ref":"17771","tourism":"information","osm_id":6196530619,"@id":"node/6196530619"}},{"type":"Feature","id":"node/6199020083","geometry":{"type":"Point","coordinates":[4.9522524,44.3169436]},"properties":{"destination":"Richerenches;Claron|Valr\u00e9as;Charpene","hiking":"yes","information":"guidepost","mapillary":"316306466733496","name":"Visan","operator":"CD84","ref":"28995","tourism":"information","osm_id":6199020083,"@id":"node/6199020083"}},{"type":"Feature","id":"node/6199020256","geometry":{"type":"Point","coordinates":[4.9518728,44.3195535]},"properties":{"destination":"Visan|Richerenches;Cimeti\u00e8re de Visan|Grillon;Chapelle St Vincent","hiking":"yes","information":"guidepost","mapillary":"471113197513159","name":"Claron","operator":"CD84","ref":"29716","tourism":"information","osm_id":6199020256,"@id":"node/6199020256"}},{"type":"Feature","id":"node/6199020291","geometry":{"type":"Point","coordinates":[4.9488667,44.3185969]},"properties":{"destination":"Visan;Claron|Richerenches;La Matte","hiking":"yes","information":"guidepost","mapillary":"1169674516827962","name":"Cimeti\u00e8re de Visan","operator":"CD84","ref":"29715","tourism":"information","osm_id":6199020291,"@id":"node/6199020291"}},{"type":"Feature","id":"node/6199336719","geometry":{"type":"Point","coordinates":[4.9677964,44.3377018]},"properties":{"destination":"Grillon;Draille de Ferr\u00e9ol|Valr\u00e9as;Charpene","hiking":"yes","information":"guidepost","mapillary":"237507848135255","name":"Serre de l'Obrieu","operator":"CD84","tourism":"information","osm_id":6199336719,"@id":"node/6199336719"}},{"type":"Feature","id":"node/6199336906","geometry":{"type":"Point","coordinates":[4.9470931,44.3360507]},"properties":{"destination":"Visan;Draille de Ferr\u00e9ol|Grillon;Pierre Blanche","hiking":"yes","information":"guidepost","mapillary":"2877474245826115","name":"Le Gu\u00e9 de l'H\u00e9rein","operator":"CD84","ref":"29224","tourism":"information","osm_id":6199336906,"@id":"node/6199336906"}},{"type":"Feature","id":"node/6199337200","geometry":{"type":"Point","coordinates":[4.9688633,44.3270035]},"properties":{"destination":"Valr\u00e9as;Bois du Cubert Haut|?|Visan","hiking":"yes","information":"guidepost","name":"Charpene","operator":"CD84","ref":"28983","tourism":"information","osm_id":6199337200,"@id":"node/6199337200"}},{"type":"Feature","id":"node/6199337259","geometry":{"type":"Point","coordinates":[4.9962205,44.3200827]},"properties":{"destination":"Saint-Maurice-sur-Eygues|Visan;Bois du Cubert Haut|Valr\u00e9as;Pont de l'H\u00e9rein","hiking":"yes","information":"guidepost","mapillary":"146167914158491","name":"La Carne","operator":"CD84","ref":"28977","tourism":"information","osm_id":6199337259,"@id":"node/6199337259"}},{"type":"Feature","id":"node/6199337260","geometry":{"type":"Point","coordinates":[4.9895907,44.3204588]},"properties":{"destination":"Visan;Charpene|Buisson;Ruisseau de Cubert|Valr\u00e9as;La Carne","hiking":"yes","information":"guidepost","mapillary":"1214378969017377","name":"Bois du Cubert Haut","operator":"CD84","ref":"28990","tourism":"information","osm_id":6199337260,"@id":"node/6199337260"}},{"type":"Feature","id":"node/6199337261","geometry":{"type":"Point","coordinates":[4.9805939,44.3075979]},"properties":{"destination":"Valr\u00e9as;Bois du Cubert Haut|Buisson;Combauche","hiking":"yes","information":"guidepost","mapillary":"483867419610246","name":"Ruisseau de Cubert","operator":"CD84","ref":"29736","tourism":"information","osm_id":6199337261,"@id":"node/6199337261"}},{"type":"Feature","id":"node/6199502692","geometry":{"type":"Point","coordinates":[4.905421,44.3311633]},"properties":{"destination":"Bouchet;St Pierre Sud|Richerenches;Bois de Serratoris","hiking":"yes","information":"guidepost","mapillary":"1593326580862518","name":"A\u00e9rodrome de Visan","operator":"CD84","ref":"29057","tourism":"information","osm_id":6199502692,"@id":"node/6199502692"}},{"type":"Feature","id":"node/6199502893","geometry":{"type":"Point","coordinates":[4.9015436,44.3206167]},"properties":{"destination":"Visan;Le Merdalin|Bouchet;Toussaint|Richerenches;A\u00e9rodrome de Visan","hiking":"yes","information":"guidepost","mapillary":"112383764258673","name":"St Pierre Sud","operator":"CD84","ref":"29101","tourism":"information","osm_id":6199502893,"@id":"node/6199502893"}},{"type":"Feature","id":"node/6199502919","geometry":{"type":"Point","coordinates":[4.9366701,44.3131619]},"properties":{"bicycle":"yes","destination":"Visan le Village|Bouchet;Le Merdalin","hiking":"yes","information":"guidepost","mapillary":"208700960893417","name":"L'H\u00e9rein","operator":"CD84","ref":"29046","tourism":"information","osm_id":6199502919,"@id":"node/6199502919"}},{"type":"Feature","id":"node/6199503167","geometry":{"type":"Point","coordinates":[4.9015935,44.3109251]},"properties":{"destination":"Visan;L'H\u00e9rein|Bouchet;St Pierre Sud","hiking":"yes","information":"guidepost","mapillary":"310542703790048","name":"Le Merdalin","operator":"CD84","ref":"29094","tourism":"information","osm_id":6199503167,"@id":"node/6199503167"}},{"type":"Feature","id":"node/6199503176","geometry":{"type":"Point","coordinates":[4.9489251,44.314443]},"properties":{"destination":"Bouchet;L'H\u00e9rein","hiking":"yes","information":"guidepost","mapillary":"482318813081924","name":"Visan le Village","operator":"CD84","ref":"29045","tourism":"information","osm_id":6199503176,"@id":"node/6199503176"}},{"type":"Feature","id":"node/6199503358","geometry":{"type":"Point","coordinates":[4.9536538,44.3111439]},"properties":{"destination":"Buisson;Monnier","hiking":"yes","information":"guidepost","mapillary":"532132008167982;525905998569304;816566489251195","name":"La Plantade","operator":"CD84","ref":"29752","tourism":"information","osm_id":6199503358,"@id":"node/6199503358"}},{"type":"Feature","id":"node/6199551991","geometry":{"type":"Point","coordinates":[4.9111556,44.3555036]},"properties":{"destination":"Richerenches|Visan;Serret|Baume de Transit;La Grande Ausi\u00e8re","hiking":"yes","information":"guidepost","mapillary":"271335981398889","name":"Cimeti\u00e8re de Richerenches","operator":"CD84","ref":"29136","tourism":"information","osm_id":6199551991,"@id":"node/6199551991"}},{"type":"Feature","id":"node/6199552071","geometry":{"type":"Point","coordinates":[4.9135937,44.3547834]},"properties":{"destination":"Richerenches;Cimeti\u00e8re de Richerenches|Bois de Serratoris;Visan","hiking":"yes","information":"guidepost","mapillary":"2958863337703731;1392044854495274;875423099981415;927384421168845;186284276754333","name":"Serret","operator":"CD84","ref":"29144","tourism":"information","osm_id":6199552071,"@id":"node/6199552071"}},{"type":"Feature","id":"node/6201494916","geometry":{"type":"Point","coordinates":[4.8886505,44.3526085]},"properties":{"destination":"Richerenches|Baume de Transit;Bourbouton|Margerie;Champ Vert|Bel Air","hiking":"yes","information":"guidepost","mapillary":"203645601574168","name":"L'Ausi\u00e8re Nord","operator":"CD84","ref":"29191","tourism":"information","osm_id":6201494916,"@id":"node/6201494916"}},{"type":"Feature","id":"node/6201498074","geometry":{"type":"Point","coordinates":[4.8900083,44.3409081]},"properties":{"destination":"Baume de Transit;Bourbouton|Margerie;L'Ausi\u00e8re Nord|Richerenches;Le Talobre","hiking":"yes","information":"guidepost","mapillary":"157853979633919","name":"Bel-Air","operator":"CD84","ref":"29207","tourism":"information","osm_id":6201498074,"@id":"node/6201498074"}},{"type":"Feature","id":"node/6201562200","geometry":{"type":"Point","coordinates":[4.9070739,44.3696582]},"properties":{"destination":"ND de Bon Rencontre|Baume de Transit;Champ Vert|Margerie;Varizat","hiking":"yes","information":"guidepost","mapillary":"2784533425132804","name":"Aub\u00e9part","operator":"CD84","ref":"29132","tourism":"information","osm_id":6201562200,"@id":"node/6201562200"}},{"type":"Feature","id":"node/6201562246","geometry":{"type":"Point","coordinates":[4.9114995,44.3570819]},"properties":{"destination":"Visan;Cimeti\u00e8re de Richerenches|Baume de Transit;L'Ausi\u00e8re Nord","hiking":"yes","information":"guidepost","mapillary":"379700086686090;2908024232800578;1391946507849850;1107068166453365","name":"Richerenches","operator":"CD84","ref":"29139","tourism":"information","osm_id":6201562246,"@id":"node/6201562246"}},{"type":"Feature","id":"node/6202227879","geometry":{"type":"Point","coordinates":[4.9176304,44.3771067]},"properties":{"bicycle":"yes","destination":"Margerie;Varizat|Grillon;Les Garrigues","hiking":"yes","information":"guidepost","mapillary":"576162263773986","name":"Les Paluds","operator":"CD84","tourism":"information","osm_id":6202227879,"@id":"node/6202227879"}},{"type":"Feature","id":"node/6202229117","geometry":{"type":"Point","coordinates":[4.9327205,44.3739549]},"properties":{"bicycle":"yes","destination":"?;?|?;?|?;?","hiking":"yes","information":"guidepost","name":"Testourias","operator":"CD84","ref":"29214","tourism":"information","osm_id":6202229117,"@id":"node/6202229117"}},{"type":"Feature","id":"node/6202229209","geometry":{"type":"Point","coordinates":[4.9396004,44.3794944]},"properties":{"destination":"Taulignan;La Font de l'Orme|Visan;Les Veilles|Grillon;La Calamande","hiking":"yes","information":"guidepost","mapillary":"797296054518443","name":"Les Granges","operator":"CD84","ref":"29251","tourism":"information","osm_id":6202229209,"@id":"node/6202229209"}},{"type":"Feature","id":"node/6202229251","geometry":{"type":"Point","coordinates":[4.9319165,44.3942164]},"properties":{"bicycle":"yes","destination":"?;?","hiking":"yes","information":"guidepost","name":"Grillon","operator":"CD84","ref":"29794","tourism":"information","osm_id":6202229251,"@id":"node/6202229251"}},{"type":"Feature","id":"node/6202229416","geometry":{"type":"Point","coordinates":[4.9354336,44.3857154]},"properties":{"bicycle":"yes","destination":"Grillon;Alen\u00e7on|Visan;Les Granges|Margerie;La Croisette","hiking":"yes","information":"guidepost","mapillary":"294781002286478","name":"La Calamande","operator":"CD84","ref":"29255","tourism":"information","osm_id":6202229416,"@id":"node/6202229416"}},{"type":"Feature","id":"node/6202229465","geometry":{"type":"Point","coordinates":[4.9301396,44.386047]},"properties":{"destination":"Grillon;La Calamande|Margerie;Les Garrigues","hiking":"yes","information":"guidepost","mapillary":"1623028481240199","name":"La Croisette","operator":"CD84","ref":"29260","tourism":"information","osm_id":6202229465,"@id":"node/6202229465"}},{"type":"Feature","id":"node/6202229466","geometry":{"type":"Point","coordinates":[4.9318756,44.3766495]},"properties":{"bicycle":"yes","hiking":"yes","information":"guidepost","mapillary":"1040539389809572","mapillary:wide":"ocBeDQETWQ1_Gm_ipCleNg","name":"Les Garrigues","operator":"CD84","ref":"29215","tourism":"information","osm_id":6202229466,"@id":"node/6202229466"}},{"type":"Feature","id":"node/6202229850","geometry":{"type":"Point","coordinates":[4.874526,44.3483918]},"properties":{"destination":"Richerenches;L'Ausi\u00e8re Nord|Richerenches;Bel-Air|Baume de Transit","hiking":"yes","information":"guidepost","mapillary":"302068251257195","name":"Bourbouton","operator":"CD84","ref":"29167","tourism":"information","osm_id":6202229850,"@id":"node/6202229850"}},{"type":"Feature","id":"node/6202290387","geometry":{"type":"Point","coordinates":[4.9721906,44.3889926]},"properties":{"destination":"Visan;Les Granges|Taulignan;Montmartel Sud","hiking":"yes","information":"guidepost","mapillary":"848124129451260;299408345007925;1096419164215580;908239536404054","mtb":"yes","name":"La Font de l'Orme","operator":"CD84","tourism":"information","osm_id":6202290387,"@id":"node/6202290387"}},{"type":"Feature","id":"node/6202290388","geometry":{"type":"Point","coordinates":[4.9760248,44.3928197]},"properties":{"bicycle":"yes","destination":"Taulignan;Montmartel Nord|Visan;La Font de l'Orme","hiking":"yes","information":"guidepost","mapillary":"378508403497509;530155984672754;481746969802141;262301792313042","mtb":"yes","name":"Montmartel Sud","operator":"CD84","ref":"29278","tourism":"information","osm_id":6202290388,"@id":"node/6202290388"}},{"type":"Feature","id":"node/6202290389","geometry":{"type":"Point","coordinates":[4.9793494,44.397313]},"properties":{"bicycle":"yes","destination":"Taulignan;Les Serri\u00e8res|Montmartel Sud","hiking":"yes","information":"guidepost","mapillary":"1247019355717250","mtb":"yes","name":"Montmartel Nord","operator":"CD84","ref":"29657","tourism":"information","osm_id":6202290389,"@id":"node/6202290389"}},{"type":"Feature","id":"node/6202290390","geometry":{"type":"Point","coordinates":[4.9637228,44.4123494]},"properties":{"bicycle":"yes","destination":"Taulignan;Garde Maury Nord|Grillon;Les Serri\u00e8res","hiking":"yes","information":"guidepost","mapillary":"509362233576895","name":"Garde Maury","operator":"CD84","ref":"29673","tourism":"information","osm_id":6202290390,"@id":"node/6202290390"}},{"type":"Feature","id":"node/6202290413","geometry":{"type":"Point","coordinates":[4.9627465,44.4120271]},"properties":{"bicycle":"yes","destination":"Montmartel;Montmartel Nord|Grillon;Loisonville|Taulignan;Garde Maury","hiking":"yes","information":"guidepost","mapillary":"4137517152982090","name":"Les Serri\u00e8res","operator":"CD84","ref":"29674","tourism":"information","osm_id":6202290413,"@id":"node/6202290413"}},{"type":"Feature","id":"node/6202290431","geometry":{"type":"Point","coordinates":[4.9619231,44.4144685]},"properties":{"destination":"Grillon;Garde Maury|Grillon;Le Petit Silot","hiking":"yes","information":"guidepost","mapillary":"493377771953074","name":"Garde Maury Nord","operator":"CD84","ref":"29666","tourism":"information","osm_id":6202290431,"@id":"node/6202290431"}},{"type":"Feature","id":"node/6202290444","geometry":{"type":"Point","coordinates":[4.9464722,44.4121008]},"properties":{"destination":"Garde Maury Nord|Grillon;La Grande Fontaine","hiking":"yes","information":"guidepost","mapillary":"342540677217532","name":"Le Petit Silot","operator":"CD84","tourism":"information","osm_id":6202290444,"@id":"node/6202290444"}},{"type":"Feature","id":"node/6202290512","geometry":{"type":"Point","coordinates":[4.9380742,44.4085112]},"properties":{"bicycle":"yes","destination":"Grillon;Les Linardes|Garde Maury;Le Petit Silot","hiking":"yes","information":"guidepost","mapillary":"878238692906423","mtb":"yes","name":"La Grande Fontaine","operator":"CD84","ref":"29777","tourism":"information","osm_id":6202290512,"@id":"node/6202290512"}},{"type":"Feature","id":"node/6202290518","geometry":{"type":"Point","coordinates":[4.9365145,44.4071143]},"properties":{"bicycle":"yes","destination":"Grillon;Loisonville|Grillon;Croc|Garde Maury;La Grande Fontaine","hiking":"yes","information":"guidepost","mapillary":"341724127376085","mtb":"yes","name":"Les Linardes","operator":"CD84","ref":"29779","tourism":"information","osm_id":6202290518,"@id":"node/6202290518"}},{"type":"Feature","id":"node/6202290580","geometry":{"type":"Point","coordinates":[4.9399585,44.4042046]},"properties":{"bicycle":"yes","destination":"Grillon;La Croix du Dogue|Croc;Les Linardes|Garde Maury;Les Serri\u00e8res","hiking":"yes","information":"guidepost","mapillary":"937274950369121","mtb":"yes","name":"Loisonville","operator":"CD84","ref":"29774","tourism":"information","osm_id":6202290580,"@id":"node/6202290580"}},{"type":"Feature","id":"node/6202290612","geometry":{"type":"Point","coordinates":[4.9350782,44.3972061]},"properties":{"destination":"Garde Maury;Loisonville","hiking":"yes","information":"guidepost","mapillary":"373294664108569","name":"La Croix du Dogue","operator":"CD84","tourism":"information","osm_id":6202290612,"@id":"node/6202290612"}},{"type":"Feature","id":"node/6202321310","geometry":{"type":"Point","coordinates":[5.0021203,44.382017]},"properties":{"destination":"Vinsobres;Ste Quenise","hiking":"yes","information":"guidepost","mapillary":"957719391643491;3995366637243514","name":"Champ F\u00e9rier","operator":"CD84","ref":"28919","tourism":"information","osm_id":6202321310,"@id":"node/6202321310"}},{"type":"Feature","id":"node/6202321311","geometry":{"type":"Point","coordinates":[4.9996322,44.3782445]},"properties":{"destination":"Visan;Fanfinette Nord","hiking":"yes","information":"guidepost","mapillary":"503452841092840;483606316197357;303994548021862","name":"Cinq Cantons","operator":"CD84","ref":"29647","tourism":"information","osm_id":6202321311,"@id":"node/6202321311"}},{"type":"Feature","id":"node/6203167120","geometry":{"type":"Point","coordinates":[4.9273427,44.3970758]},"properties":{"bicycle":"yes","destination":"Croc;Coteau de St Martin","hiking":"yes","information":"guidepost","mapillary":"512520379790500","name":"La Gare","operator":"CD84","tourism":"information","osm_id":6203167120,"@id":"node/6203167120"}},{"type":"Feature","id":"node/6203167123","geometry":{"type":"Point","coordinates":[4.9293409,44.4056715]},"properties":{"bicycle":"yes","destination":"Garde Maury;Les Linardes|Grillon;Bellevue","hiking":"yes","information":"guidepost","mapillary":"295682538768682","mtb":"yes","name":"Croc","operator":"CD84","ref":"29782","tourism":"information","osm_id":6203167123,"@id":"node/6203167123"}},{"type":"Feature","id":"node/6203167362","geometry":{"type":"Point","coordinates":[4.92089,44.4008032]},"properties":{"destination":"Croc;Bellevue|Grillon;La Gare","hiking":"yes","information":"guidepost","mapillary":"575312786766370;467415474330018;171511851561603;137429138379786","name":"Coteau de St Martin","operator":"CD84","ref":"29775","tourism":"information","osm_id":6203167362,"@id":"node/6203167362"}},{"type":"Feature","id":"node/6203641002","geometry":{"type":"Point","coordinates":[5.012358,44.3754134]},"properties":{"destination":"Vinsobres;Les Allards|Valr\u00e9as;Champ F\u00e9rier","hiking":"yes","information":"guidepost","mapillary":"306121567639893;527212521773950;1490955391240472;170664781647552;519048389095989","name":"Ste Quenise","operator":"CD84","ref":"28912","tourism":"information","osm_id":6203641002,"@id":"node/6203641002"}},{"type":"Feature","id":"node/6203641292","geometry":{"type":"Point","coordinates":[5.0126919,44.3644323]},"properties":{"destination":"Valr\u00e9as;Ste Quenise|Vinsobres;La Bauze","hiking":"yes","information":"guidepost","mapillary":"2909811706004165;282399883632009;1475236909489915;221009816160695","name":"Les Allards","operator":"CD84","ref":"28923","tourism":"information","osm_id":6203641292,"@id":"node/6203641292"}},{"type":"Feature","id":"node/6203641348","geometry":{"type":"Point","coordinates":[4.9988222,44.3569668]},"properties":{"destination":"Valr\u00e9as;Fanfinette Nord|Visan;Ste Croix","hiking":"yes","information":"guidepost","mapillary":"1969723026533270","name":"Les Blagiers","operator":"CD84","tourism":"information","osm_id":6203641348,"@id":"node/6203641348"}},{"type":"Feature","id":"node/6203641349","geometry":{"type":"Point","coordinates":[5.0100781,44.3524023]},"properties":{"destination":"Valr\u00e9as;Ste Croix|Vinsobres;La Bauze|Visan;Le Grand Armasse","hiking":"yes","information":"guidepost","mapillary":"3850337425093496","name":"Les Leuches","operator":"CD84","tourism":"information","osm_id":6203641349,"@id":"node/6203641349"}},{"type":"Feature","id":"node/6203641362","geometry":{"type":"Point","coordinates":[5.0065718,44.3519555]},"properties":{"destination":"Visan;Les Leuches|Valr\u00e9as;Les Blagiers","hiking":"yes","information":"guidepost","mapillary":"229611451831468","name":"Ste Croix","operator":"CD84","ref":"28929","tourism":"information","osm_id":6203641362,"@id":"node/6203641362"}},{"type":"Feature","id":"node/6203765765","geometry":{"type":"Point","coordinates":[4.8924525,44.3583361]},"properties":{"destination":"Margerie;Aub\u00e9part|Baume de Transit;L'Ausi\u00e8re Nord","hiking":"yes","information":"guidepost","mapillary":"1310099666052495","name":"Champ Vert","operator":"CD84","ref":"30090","tourism":"information","osm_id":6203765765,"@id":"node/6203765765"}},{"type":"Feature","id":"node/6203765766","geometry":{"type":"Point","coordinates":[5.0162989,44.3605079]},"properties":{"destination":"Valr\u00e9as;Les Allards|Vinsobres|Visan;Les Leuches","hiking":"yes","information":"guidepost","mapillary":"546839290013534;932477084203670;224623255724024;483213309649473;585572935658018","name":"La Bauze","operator":"CD84","ref":"28928","tourism":"information","osm_id":6203765766,"@id":"node/6203765766"}},{"type":"Feature","id":"node/6203840557","geometry":{"type":"Point","coordinates":[4.9177766,44.3333073]},"properties":{"destination":"Visan;Cimeti\u00e8re de Visan|Richerenches;Bois de Serratoris","hiking":"yes","information":"guidepost","mapillary":"887262461850487","mtb":"yes","name":"La Matte","operator":"CD84","ref":"29110","tourism":"information","osm_id":6203840557,"@id":"node/6203840557"}},{"type":"Feature","id":"node/6203861597","geometry":{"type":"Point","coordinates":[4.8258492,44.2155141]},"properties":{"destination":"Lagarde-Par\u00e9ol;Le Replat|S\u00e9rignan du Comtat;Chemin Blanc","hiking":"yes","information":"guidepost","mapillary":"2792339011078138;896823534228231;756393021692049","name":"Bois de la Montagne","operator":"CD84","ref":"29873","tourism":"information","osm_id":6203861597,"@id":"node/6203861597"}},{"type":"Feature","id":"node/6214558439","geometry":{"type":"Point","coordinates":[4.781144,43.9311126]},"properties":{"direction":"30","information":"guidepost","mapillary":"313722210246944","tourism":"information","osm_id":6214558439,"@id":"node/6214558439"}},{"type":"Feature","id":"node/6214558440","geometry":{"type":"Point","coordinates":[4.7811097,43.9312031]},"properties":{"information":"guidepost","mapillary":"313722210246944","tourism":"information","osm_id":6214558440,"@id":"node/6214558440"}},{"type":"Feature","id":"node/6214558441","geometry":{"type":"Point","coordinates":[4.7809269,43.9335218]},"properties":{"information":"guidepost","mapillary":"459374481829808","tourism":"information","osm_id":6214558441,"@id":"node/6214558441"}},{"type":"Feature","id":"node/6214558442","geometry":{"type":"Point","coordinates":[4.7809218,43.9335074]},"properties":{"information":"guidepost","tourism":"information","osm_id":6214558442,"@id":"node/6214558442"}},{"type":"Feature","id":"node/6214569996","geometry":{"type":"Point","coordinates":[4.7809347,43.9337385]},"properties":{"information":"guidepost","mapillary":"520720952622827","tourism":"information","osm_id":6214569996,"@id":"node/6214569996"}},{"type":"Feature","id":"node/6214591665","geometry":{"type":"Point","coordinates":[4.781275,43.9302125]},"properties":{"information":"guidepost","mapillary":"333692455099129","tourism":"information","osm_id":6214591665,"@id":"node/6214591665"}},{"type":"Feature","id":"node/6215719574","geometry":{"type":"Point","coordinates":[4.8894956,43.9159092]},"properties":{"direction":"110","information":"guidepost","tourism":"information","osm_id":6215719574,"@id":"node/6215719574"}},{"type":"Feature","id":"node/6218609079","geometry":{"type":"Point","coordinates":[4.8889643,43.9109172]},"properties":{"direction":"310","information":"guidepost","osm_id":6218609079,"@id":"node/6218609079"}},{"type":"Feature","id":"node/6223119611","geometry":{"type":"Point","coordinates":[5.430041,43.8636199]},"properties":{"destination":"Saignon;Rue du Bourget|?","hiking":"yes","information":"guidepost","name":"Chemin du Bourget","operator":"CD84","ref":"2915","tourism":"information","osm_id":6223119611,"@id":"node/6223119611"}},{"type":"Feature","id":"node/6223300631","geometry":{"type":"Point","coordinates":[5.5655462,43.7775761]},"properties":{"hiking":"yes","information":"guidepost","name":"L'Etang","operator":"CD84","ref":"26606","tourism":"information","osm_id":6223300631,"@id":"node/6223300631"}},{"type":"Feature","id":"node/6225522038","geometry":{"type":"Point","coordinates":[5.359401,43.7637643]},"properties":{"destination":"Cadenet le Ch\u00e2teau","hiking":"yes","information":"guidepost","mapillary":"186659373322928;363551518408810&x=0.66&y=0.46&zoom=3","mtb":"yes","name":"Lourmarin le Ch\u00e2teau","operator":"CD84","tourism":"information","osm_id":6225522038,"@id":"node/6225522038"}},{"type":"Feature","id":"node/6250019655","geometry":{"type":"Point","coordinates":[5.280359,44.0836055]},"properties":{"destination":"La Gaillarde;Pas du Loup|Flassan;Patey","hiking":"yes","information":"guidepost","mapillary":"768272217209762;311558587202483;2372237309576410","name":"La Treille","operator":"CD84","ref":"15213","tourism":"information","osm_id":6250019655,"@id":"node/6250019655"}},{"type":"Feature","id":"node/6250019656","geometry":{"type":"Point","coordinates":[5.288667,44.0623242]},"properties":{"destination":"La Gaillarde;Les Adrets|Villes-sur-Auzon;Pi\u00e8 Gros|Flassan;La Treille","hiking":"yes","information":"guidepost","mapillary":"2908788432717939;789977731656013;310494903847722;283563323447709;1245284529221396;1396444614051950;128243515945400","name":"Pas du Loup","operator":"CD84","ref":"15223","tourism":"information","osm_id":6250019656,"@id":"node/6250019656"}},{"type":"Feature","id":"node/6250019659","geometry":{"type":"Point","coordinates":[5.244935,44.0347908]},"properties":{"destination":"Villes-sur-Auzon;La Togne|M\u00e9thamis;Les D\u00e9vens|Blauvac;Grand Vallat","hiking":"yes","information":"guidepost","mapillary":"500975237697081","name":"Le Grand Corps","operator":"CD84","ref":"14650","tourism":"information","osm_id":6250019659,"@id":"node/6250019659"}},{"type":"Feature","id":"node/6250019660","geometry":{"type":"Point","coordinates":[5.2440673,44.0384776]},"properties":{"destination":"Blauvac;Cascavelle|Villes-sur-Auzon;Le Plateau|M\u00e9thamis;Le Grand Corps","hiking":"yes","information":"guidepost","mapillary":"504278604099305","name":"La Togne","operator":"CD84","ref":"14648","tourism":"information","osm_id":6250019660,"@id":"node/6250019660"}},{"type":"Feature","id":"node/6250431477","geometry":{"type":"Point","coordinates":[5.185516,44.0280945]},"properties":{"destination":"Blauvac;Les Salets|Mormoiron;Les Blaques|Malemort du Comtat;La Paradisse","hiking":"yes","information":"guidepost","mapillary":"530646337961609;3134141123472735;860342168029477;319094226488641;177640864272348;531017231246511","name":"Salets sur Rigoy","operator":"CD84","ref":"14879","tourism":"information","osm_id":6250431477,"@id":"node/6250431477"}},{"type":"Feature","id":"node/6254639232","geometry":{"type":"Point","coordinates":[4.7940315,44.2666604]},"properties":{"destination":"Boll\u00e8ne;Derboux|Rochegude;Les Granges Blanches|Circuit des Chapelles|Boll\u00e8ne;St Blaise","hiking":"yes","information":"guidepost","mapillary":"250050220242673;1374379342928670;323275179143984;270743458164768;582778719358428;776871409641658","mtb":"yes","name":"Node","operator":"CD84","tourism":"information","osm_id":6254639232,"@id":"node/6254639232"}},{"type":"Feature","id":"node/6254642304","geometry":{"type":"Point","coordinates":[4.9525052,44.3253942]},"properties":{"destination":"Visan;Claron|?","hiking":"yes","information":"guidepost","mapillary":"763979944303921;513104616394697;1075229036337693;4163191667036333","name":"Chapelle St Vincent","operator":"CD84","ref":"29745","tourism":"information","osm_id":6254642304,"@id":"node/6254642304"}},{"type":"Feature","id":"node/6255567761","geometry":{"type":"Point","coordinates":[4.9912296,44.2673921]},"properties":{"destination":"St Roman de Malegarde;Le Ligneul|Rasteau;Maut Pertu|Buisson;Le Jardijon","hiking":"yes","information":"guidepost","mapillary":"3076453009251526","name":"Combe des Amoureux","operator":"CD84","ref":"28558","tourism":"information","osm_id":6255567761,"@id":"node/6255567761"}},{"type":"Feature","id":"node/6255567765","geometry":{"type":"Point","coordinates":[5.1690137,44.0387003]},"properties":{"destination":"Mazan;Jonquier|Mormoiron;Les Petits Boeufs|Malemort-du-Comtat;Col Blanc","hiking":"yes","information":"guidepost","mapillary":"504948944191813","name":"Le Grand Biol","operator":"CD84","ref":"14846","tourism":"information","osm_id":6255567765,"@id":"node/6255567765"}},{"type":"Feature","id":"node/6255567766","geometry":{"type":"Point","coordinates":[5.0086217,44.2581307]},"properties":{"destination":"Serre du Rieu|Roaix;Plantavin|Buisson;Le Rabet","hiking":"yes","information":"guidepost","mapillary":"984962198979616","name":"Rabais Sud","operator":"CD84","ref":"28479","tourism":"information","osm_id":6255567766,"@id":"node/6255567766"}},{"type":"Feature","id":"node/6255699776","geometry":{"type":"Point","coordinates":[5.3287607,44.0169197]},"properties":{"destination":"St-Hubert;Coulet de Charrau|Ch\u00e2teau de Javon;Bois Tomba|St-Hubert;Grand Adrech","hiking":"yes","information":"guidepost","mapillary":"878082256121651","mtb":"yes","name":"Lausemolan","operator":"CD84","ref":"30515","tourism":"information","osm_id":6255699776,"@id":"node/6255699776"}},{"type":"Feature","id":"node/6255701696","geometry":{"type":"Point","coordinates":[4.8046759,44.2197644]},"properties":{"destination":"Uchaux;La Galle Nord|Piolenc;Le Moulinas|Les Farjons;Combe de Paris","hiking":"yes","information":"guidepost","mapillary":"540420054008365;309140697408895;991719371570077;988355128235347","name":"Castelas","operator":"CD84","ref":"28721","tourism":"information","osm_id":6255701696,"@id":"node/6255701696"}},{"type":"Feature","id":"node/6255858807","geometry":{"type":"Point","coordinates":[5.1892242,43.9672541]},"properties":{"destination":"La Pouraque;Mur de la Peste|M\u00e9thamis;Vaulongue","hiking":"yes","information":"guidepost","mapillary":"294815445675763;276451937547161","name":"La Corneirette","operator":"CD84","ref":"15770","tourism":"information","osm_id":6255858807,"@id":"node/6255858807"}},{"type":"Feature","id":"node/6255858827","geometry":{"type":"Point","coordinates":[5.0684255,43.9850988]},"properties":{"destination":"Font de Granier|Pernes-les-Fontaines;L'Aurofou|Foncev\u00e9rance","hiking":"yes","information":"guidepost","name":"Les Valettes","operator":"CD84","ref":"16609","tourism":"information","osm_id":6255858827,"@id":"node/6255858827"}},{"type":"Feature","id":"node/6255927645","geometry":{"type":"Point","coordinates":[5.0802018,43.9805059]},"properties":{"destination":"Les Valettes|Pernes-les-Fontaines;St-Gilles|?","hiking":"yes","information":"guidepost","name":"Font de Granier","operator":"CD84","ref":"15973","tourism":"information","osm_id":6255927645,"@id":"node/6255927645"}},{"type":"Feature","id":"node/6255928004","geometry":{"type":"Point","coordinates":[5.0762147,43.9950104]},"properties":{"destination":"La Roque sur Pernes;Pantouse|La Roque sur Pernes;Barraud|Pernes-les-Fontaines;Les Bouti\u00e8res","hiking":"yes","information":"guidepost","name":"L'Argelouse Nord","operator":"CD84","ref":"15942","tourism":"information","osm_id":6255928004,"@id":"node/6255928004"}},{"type":"Feature","id":"node/6255928005","geometry":{"type":"Point","coordinates":[5.0677912,43.9971995]},"properties":{"destination":"La Roque sur Pernes;Les Bouti\u00e8res","hiking":"yes","information":"guidepost","name":"Pernes-les-Fontaines","operator":"CD84","tourism":"information","osm_id":6255928005,"@id":"node/6255928005"}},{"type":"Feature","id":"node/6255928006","geometry":{"type":"Point","coordinates":[5.0698391,43.996104]},"properties":{"destination":"La-Roque-sur-Pernes;L'Argelouse Nord|Pernes-les-Fontaines|St-Gilles","hiking":"yes","information":"guidepost","name":"Les Bouti\u00e8res","operator":"CD84","ref":"15945","tourism":"information","osm_id":6255928006,"@id":"node/6255928006"}},{"type":"Feature","id":"node/6255928007","geometry":{"type":"Point","coordinates":[5.0665547,43.9925538]},"properties":{"destination":"Font de Granier|L'Aurofou|?","hiking":"yes","information":"guidepost","name":"St-Gilles","operator":"CD84","panoramax":"763d5e3a-8c82-490e-aa2c-1331227fe86d&xyz=79.35/-1.59/85","ref":"15965","tourism":"information","osm_id":6255928007,"@id":"node/6255928007"}},{"type":"Feature","id":"node/6256154012","geometry":{"type":"Point","coordinates":[5.1726642,44.0729331]},"properties":{"destination":"Mormoiron|Crillon le Brave;Chapelle St-Alban|Malemort-du-Comtat;Les Hautes Retraches","hiking":"yes","information":"guidepost","mapillary":"794951041179622","name":"Vallat de Roux","operator":"CD84","ref":"14813","tourism":"information","osm_id":6256154012,"@id":"node/6256154012"}},{"type":"Feature","id":"node/6256644236","geometry":{"type":"Point","coordinates":[5.1949728,43.9940852]},"properties":{"destination":"Methamis;Serre Clouvet|Murs;Cabissole|St-Gens;Chinardon|Malemort du Comtat;Coste de Laous","hiking":"yes","information":"guidepost","mapillary":"300472855065510;171337281571656;944022646433750;931704627622187;314863636931030","name":"Crespion","operator":"CD84","ref":"14696","tourism":"information","osm_id":6256644236,"@id":"node/6256644236"}},{"type":"Feature","id":"node/6257534599","geometry":{"type":"Point","coordinates":[5.1792785,44.0026858]},"properties":{"destination":"Saint-Gens;Chinardon|Venasque;La Roberte|Murs;Coste de Laous","hiking":"yes","information":"guidepost","mapillary":"222237345995227","name":"Fond de Nesque","operator":"CD84","ref":"16307","tourism":"information","osm_id":6257534599,"@id":"node/6257534599"}},{"type":"Feature","id":"node/6257534600","geometry":{"type":"Point","coordinates":[5.1495302,43.9991704]},"properties":{"destination":"Calvaire|Malemort-du-Comtat;Les Souveilles|Venasque;N-D de Vie","hiking":"yes","information":"guidepost","mapillary":"1556689284535565","name":"St-Maurice","operator":"CD84","ref":"15737","tourism":"information","osm_id":6257534600,"@id":"node/6257534600"}},{"type":"Feature","id":"node/6257534604","geometry":{"type":"Point","coordinates":[5.1878603,43.9908443]},"properties":{"destination":"Fond de Nesque|St Gens;Malefianse|La P\u00e9r\u00e9grine|Malemort-du-Comtat;Crespion","hiking":"yes","information":"guidepost","mapillary":"469128500856389","name":"Chinardon","operator":"CD84","ref":"14699","tourism":"information","osm_id":6257534604,"@id":"node/6257534604"}},{"type":"Feature","id":"node/6257534605","geometry":{"type":"Point","coordinates":[5.1670209,43.9946559]},"properties":{"destination":"Venasque;Le Vas|Chinardon|Malemort du Comtat;Les Souveilles","hiking":"yes","information":"guidepost","mapillary":"1160253157819121","name":"La P\u00e9r\u00e9grine","operator":"CD84","ref":"16967","tourism":"information","osm_id":6257534605,"@id":"node/6257534605"}},{"type":"Feature","id":"node/6257534611","geometry":{"type":"Point","coordinates":[5.1680358,43.9907142]},"properties":{"destination":"Malemort-du-Comtat;La P\u00e9r\u00e9grine|Venasque;Bonne Fontaine|St Gens;Malefianse","hiking":"yes","information":"guidepost","mapillary":"292575765860582;775668092942783","name":"Le Vas","operator":"CD84","ref":"16968","tourism":"information","osm_id":6257534611,"@id":"node/6257534611"}},{"type":"Feature","id":"node/6257534623","geometry":{"type":"Point","coordinates":[4.9608187,44.248279]},"properties":{"destination":"Cairanne;L'Amassat|Cimeti\u00e8re de Rasteau|St Roman de Malegarde;Travers des Vergers","hiking":"yes","information":"guidepost","mapillary":"514857079551618","name":"La Montagne","operator":"CD84","ref":"28540","tourism":"information","osm_id":6257534623,"@id":"node/6257534623"}},{"type":"Feature","id":"node/6257534624","geometry":{"type":"Point","coordinates":[4.9520631,44.249465]},"properties":{"destination":"St Roman de Malegarde;Travers des Vergers|Cairanne;Ventabren","hiking":"yes","information":"guidepost","mapillary":"248685423718932","name":"La Montagne Ouest","operator":"CD84","ref":"30988","tourism":"information","osm_id":6257534624,"@id":"node/6257534624"}},{"type":"Feature","id":"node/6257534625","geometry":{"type":"Point","coordinates":[4.9985653,44.2432064]},"properties":{"destination":"Roaix;Les Hautes Granges|Rasteau|St Roman de Malegarde;Combe des Amoureux","hiking":"yes","information":"guidepost","mapillary":"484643986202110","name":"Maut Pertu","operator":"CD84","ref":"28508","tourism":"information","osm_id":6257534625,"@id":"node/6257534625"}},{"type":"Feature","id":"node/6257534655","geometry":{"type":"Point","coordinates":[5.2129443,43.9899137]},"properties":{"destination":"Murs;La Fuste|Malemort-du-Comtat;Crespion|La Pouraque;Combe de Vaulongue","hiking":"yes","information":"guidepost","mapillary":"470152877397533;348390393305981;329216188720348","name":"Cabissole","operator":"CD84","ref":"15292","tourism":"information","osm_id":6257534655,"@id":"node/6257534655"}},{"type":"Feature","id":"node/6258208316","geometry":{"type":"Point","coordinates":[5.2666964,44.1165294]},"properties":{"destination":"St-Est\u00e8ve;Chanvillard Nord|Combe de Guer\u00e8ne|Chalet Reynard;Collet de Feycinelle","hiking":"yes","information":"guidepost","mapillary":"473103597085216","mtb":"yes","name":"L'Ecluse du Grand Z\u00e8ne","operator":"CD84","ref":"30705","tourism":"information","osm_id":6258208316,"@id":"node/6258208316"}},{"type":"Feature","id":"node/6258208317","geometry":{"type":"Point","coordinates":[5.2958903,43.9930171]},"properties":{"destination":"Les Indochinois|Lioux - Le Ch\u00e2teau;Coteau de Ragagnade|Javon;La P\u00e8gue","hiking":"yes","information":"guidepost","name":"Les Teissonni\u00e8res","operator":"CD84","ref":"15334","tourism":"information","osm_id":6258208317,"@id":"node/6258208317"}},{"type":"Feature","id":"node/6258208329","geometry":{"type":"Point","coordinates":[5.3532211,44.0321678]},"properties":{"destination":"Monieux;Gaveau|Ch\u00e2teau de Javon;Les Cavalets N","hiking":"yes","information":"guidepost","mapillary":"467613704347048;283586196756134;1451371225213324","name":"La Devendoure","operator":"CD84","ref":"9631","tourism":"information","osm_id":6258208329,"@id":"node/6258208329"}},{"type":"Feature","id":"node/6258208350","geometry":{"type":"Point","coordinates":[5.3299811,44.0249365]},"properties":{"destination":"Ch\u00e2teau de Javon;Lausemolan|St-Hubert|Monieux;Les Cavalets N","hiking":"yes","information":"guidepost","name":"Coulet de Charrau","operator":"CD84","ref":"9637","tourism":"information","osm_id":6258208350,"@id":"node/6258208350"}},{"type":"Feature","id":"node/6258351471","geometry":{"type":"Point","coordinates":[5.1798572,43.960025]},"properties":{"destination":"La Haute Pouraque|Malemort du Comtat;Mont Serein Sud|Methamis;La Corneirette","hiking":"yes","information":"guidepost","mapillary":"2537125736595545","name":"Mur de la Peste","operator":"CD84","ref":"16036","tourism":"information","osm_id":6258351471,"@id":"node/6258351471"}},{"type":"Feature","id":"node/6259579070","geometry":{"type":"Point","coordinates":[4.9726382,44.2630106]},"properties":{"destination":"Cairanne;Serre de la Garde|Buisson;Combe des Amoureux|St Roman de Malegarde","hiking":"yes","information":"guidepost","mapillary":"902612953632526","name":"Le Ligneul","operator":"CD84","tourism":"information","osm_id":6259579070,"@id":"node/6259579070"}},{"type":"Feature","id":"node/6259579071","geometry":{"type":"Point","coordinates":[5.0062693,44.2664495]},"properties":{"destination":"Roaix;Les Abrigeaux Nord|Buisson;Le Jardijon","hiking":"yes","information":"guidepost","mapillary":"490824052266486","name":"Les Abrigeaux","operator":"CD84","ref":"28486","tourism":"information","osm_id":6259579071,"@id":"node/6259579071"}},{"type":"Feature","id":"node/6259579072","geometry":{"type":"Point","coordinates":[5.2740631,43.8333306]},"properties":{"destination":"Bonnieux;Le Petit Moulin|Lumi\u00e8res;Peyre-fio","hiking":"yes","information":"guidepost","name":"Lacoste","operator":"CD84","ref":"3642","tourism":"information","osm_id":6259579072,"@id":"node/6259579072"}},{"type":"Feature","id":"node/6259813268","geometry":{"type":"Point","coordinates":[4.8151772,43.9438329]},"properties":{"information":"guidepost","mapillary":"938236033576968","tourism":"information","osm_id":6259813268,"@id":"node/6259813268"}},{"type":"Feature","id":"node/6259813269","geometry":{"type":"Point","coordinates":[4.8150015,43.9437339]},"properties":{"information":"guidepost","mapillary":"518457872841646","tourism":"information","osm_id":6259813269,"@id":"node/6259813269"}},{"type":"Feature","id":"node/6260025917","geometry":{"type":"Point","coordinates":[4.8387304,43.9281701]},"properties":{"information":"guidepost","mapillary":"527854008221186","tourism":"information","osm_id":6260025917,"@id":"node/6260025917"}},{"type":"Feature","id":"node/6260027003","geometry":{"type":"Point","coordinates":[4.8390854,43.9281382]},"properties":{"information":"guidepost","tourism":"information","osm_id":6260027003,"@id":"node/6260027003"}},{"type":"Feature","id":"node/6260028119","geometry":{"type":"Point","coordinates":[4.838778,43.9280248]},"properties":{"information":"guidepost","mapillary":"200830175209709","tourism":"information","osm_id":6260028119,"@id":"node/6260028119"}},{"type":"Feature","id":"node/6260044389","geometry":{"type":"Point","coordinates":[4.8449429,43.9264232]},"properties":{"information":"guidepost","mapillary":"959136241520369","tourism":"information","osm_id":6260044389,"@id":"node/6260044389"}},{"type":"Feature","id":"node/6260045595","geometry":{"type":"Point","coordinates":[4.8455465,43.926509]},"properties":{"information":"guidepost","mapillary":"138241195016393","tourism":"information","osm_id":6260045595,"@id":"node/6260045595"}},{"type":"Feature","id":"node/6260046741","geometry":{"type":"Point","coordinates":[4.8453689,43.9269756]},"properties":{"information":"guidepost","mapillary":"778554322864363","tourism":"information","osm_id":6260046741,"@id":"node/6260046741"}},{"type":"Feature","id":"node/6260052117","geometry":{"type":"Point","coordinates":[4.8447997,43.9268838]},"properties":{"information":"guidepost","mapillary":"2933721143573096","tourism":"information","osm_id":6260052117,"@id":"node/6260052117"}},{"type":"Feature","id":"node/6260188225","geometry":{"type":"Point","coordinates":[4.7884929,43.9274995]},"properties":{"destination":"N\u00eemes;Arles;Centre-ville;Courtine","information":"guidepost","tourism":"information","osm_id":6260188225,"@id":"node/6260188225"}},{"type":"Feature","id":"node/6260188226","geometry":{"type":"Point","coordinates":[4.788492,43.9274699]},"properties":{"destination":"Avignon Sud;Gare TGV","information":"guidepost","mapillary":"1039266833506208","tourism":"information","osm_id":6260188226,"@id":"node/6260188226"}},{"type":"Feature","id":"node/6261409585","geometry":{"type":"Point","coordinates":[4.7806931,43.9338403]},"properties":{"information":"guidepost","mapillary":"1419011195120026","tourism":"information","osm_id":6261409585,"@id":"node/6261409585"}},{"type":"Feature","id":"node/6261922021","geometry":{"type":"Point","coordinates":[4.7869504,43.9303072]},"properties":{"destination":"Toutes directions;Centre ville","information":"guidepost","tourism":"information","osm_id":6261922021,"@id":"node/6261922021"}},{"type":"Feature","id":"node/6266814452","geometry":{"type":"Point","coordinates":[4.7844492,43.9340273]},"properties":{"information":"guidepost","mapillary":"374866653860865","tourism":"information","osm_id":6266814452,"@id":"node/6266814452"}},{"type":"Feature","id":"node/6266815089","geometry":{"type":"Point","coordinates":[4.7841245,43.9338427]},"properties":{"information":"guidepost","mapillary":"238812661355001","tourism":"information","osm_id":6266815089,"@id":"node/6266815089"}},{"type":"Feature","id":"node/6266819715","geometry":{"type":"Point","coordinates":[4.7844761,43.9303543]},"properties":{"information":"guidepost","mapillary":"290294079346455","tourism":"information","osm_id":6266819715,"@id":"node/6266819715"}},{"type":"Feature","id":"node/6266820028","geometry":{"type":"Point","coordinates":[4.7842421,43.9301096]},"properties":{"information":"guidepost","mapillary":"3937414906379938","tourism":"information","osm_id":6266820028,"@id":"node/6266820028"}},{"type":"Feature","id":"node/6266826885","geometry":{"type":"Point","coordinates":[4.7837901,43.9303219]},"properties":{"information":"guidepost","mapillary":"803074630338587","tourism":"information","osm_id":6266826885,"@id":"node/6266826885"}},{"type":"Feature","id":"node/6274585669","geometry":{"type":"Point","coordinates":[5.4119267,43.7369791]},"properties":{"destination":"La Petite Roy\u00e8re|Desportis","hiking":"yes","information":"guidepost","name":"Couguou","operator":"CD84","ref":"26112","tourism":"information","osm_id":6274585669,"@id":"node/6274585669"}},{"type":"Feature","id":"node/6277789929","geometry":{"type":"Point","coordinates":[4.8847104,43.9113388]},"properties":{"direction":"220","information":"guidepost","mapillary":"142801767816390","osm_id":6277789929,"@id":"node/6277789929"}},{"type":"Feature","id":"node/6281266772","geometry":{"type":"Point","coordinates":[5.6452212,43.8243267]},"properties":{"destination":"Vitrolles;Vallat de Jacquas|Luzerne;Montjustin","hiking":"yes","information":"guidepost","mtb":"yes","name":"Ravin du Gancet","operator":"CD84","tourism":"information","osm_id":6281266772,"@id":"node/6281266772"}},{"type":"Feature","id":"node/6281266773","geometry":{"type":"Point","coordinates":[5.6035195,43.8163912]},"properties":{"destination":"Montjustin;Vallat de Jacquas|Vitrolles|Les Pins","hiking":"yes","information":"guidepost","mtb":"yes","name":"Carbonnel","operator":"CD84","ref":"26452","tourism":"information","osm_id":6281266773,"@id":"node/6281266773"}},{"type":"Feature","id":"node/6293333475","geometry":{"type":"Point","coordinates":[4.8363241,43.9403428]},"properties":{"information":"guidepost","mapillary":"1751660331671903","tourism":"information","osm_id":6293333475,"@id":"node/6293333475"}},{"type":"Feature","id":"node/6299505410","geometry":{"type":"Point","coordinates":[4.8096829,44.1300098]},"properties":{"information":"guidepost","mapillary":"470788884140848","tourism":"information","osm_id":6299505410,"@id":"node/6299505410"}},{"type":"Feature","id":"node/6311105131","geometry":{"type":"Point","coordinates":[5.0915703,43.9871063]},"properties":{"destination":"Pernes-les-Fontaines;Pantouse|La-Roque-sur-Pernes;Les Rouvets","hiking":"yes","information":"guidepost","name":"Barraud","operator":"CD84","ref":"15873","tourism":"information","osm_id":6311105131,"@id":"node/6311105131"}},{"type":"Feature","id":"node/6327559897","geometry":{"type":"Point","coordinates":[5.484579,43.7491826]},"properties":{"destination":"Sannes;Cimeti\u00e8re de Sannes|Ansouis;D\u00e9levy Nord","hiking":"yes","information":"guidepost","name":"Ch\u00e2teau","operator":"CD84","ref":"26355","tourism":"information","osm_id":6327559897,"@id":"node/6327559897"}},{"type":"Feature","id":"node/6327559898","geometry":{"type":"Point","coordinates":[5.4788585,43.753371]},"properties":{"destination":"Sannes;Ch\u00e2teau|Ansouis;Vieille Fontaine","hiking":"yes","information":"guidepost","name":"D\u00e9levy Nord","operator":"CD84","ref":"27977","tourism":"information","osm_id":6327559898,"@id":"node/6327559898"}},{"type":"Feature","id":"node/6376481975","geometry":{"type":"Point","coordinates":[4.803411,44.2156077]},"properties":{"destination":"Les Farjons;Castelas|Lagarde-Par\u00e9ol;Puy Vieux Sud|Uchaux;Cimeti\u00e8re de la Galle","hiking":"yes","information":"guidepost","mapillary":"1192156291224690","name":"La Galle Nord","operator":"CD84","tourism":"information","osm_id":6376481975,"@id":"node/6376481975"}},{"type":"Feature","id":"node/6376481976","geometry":{"type":"Point","coordinates":[4.8067927,44.2222287]},"properties":{"destination":"Uchaux;Castelas|Les Farjons;Le Replat Ouest|Massillan;Pont des Combes","hiking":"yes","information":"guidepost","mapillary":"237699314792215","mtb":"yes","name":"Combe de Paris","operator":"CD84","ref":"28731","tourism":"information","osm_id":6376481976,"@id":"node/6376481976"}},{"type":"Feature","id":"node/6376481977","geometry":{"type":"Point","coordinates":[4.8099765,44.2282594]},"properties":{"destination":"Les Farjons|Uchaux;Combe de Paris|Lagarde-Par\u00e9ol;Le Replat","hiking":"yes","information":"guidepost","mapillary":"463529618283056","name":"Le Replat Ouest","operator":"CD84","ref":"28689","tourism":"information","osm_id":6376481977,"@id":"node/6376481977"}},{"type":"Feature","id":"node/6376481978","geometry":{"type":"Point","coordinates":[4.8268495,44.2285045]},"properties":{"destination":"Uchaux;Le Replat|Lagarde-Par\u00e9ol;Les Grands Bosquets","hiking":"yes","information":"guidepost","mapillary":"287329286267307","name":"Les Tartarus Nord","operator":"CD84","ref":"28654","tourism":"information","osm_id":6376481978,"@id":"node/6376481978"}},{"type":"Feature","id":"node/6399239946","geometry":{"type":"Point","coordinates":[4.7404685,44.1988705]},"properties":{"destination":"Piolenc;Cresta\u00efre Sud|Mornas;Laouzi\u00e8re","hiking":"yes","information":"guidepost","mapillary":"140371418085603","name":"Gourreou","operator":"CD84","ref":"29827","tourism":"information","osm_id":6399239946,"@id":"node/6399239946"}},{"type":"Feature","id":"node/6399239948","geometry":{"type":"Point","coordinates":[4.7546875,44.2015357]},"properties":{"destination":"Les Cr\u00eates;Cresta\u00efre|Piolenc;La Barjavelle|Mornas;Gourreou","hiking":"yes","information":"guidepost","mapillary":"867930677122174","name":"Cresta\u00efre Sud","operator":"CD84","ref":"29837","tourism":"information","osm_id":6399239948,"@id":"node/6399239948"}},{"type":"Feature","id":"node/6399239949","geometry":{"type":"Point","coordinates":[4.7584078,44.2088459]},"properties":{"destination":"Piolenc;Crestaire Sud|Mornas;La Forteresse|Mondragon;Cresta\u00efre N","hiking":"yes","information":"guidepost","mapillary":"503010260746002","name":"Crestaire","operator":"CD84","ref":"28767","tourism":"information","osm_id":6399239949,"@id":"node/6399239949"}},{"type":"Feature","id":"node/6399239950","geometry":{"type":"Point","coordinates":[4.758743,44.2089094]},"properties":{"destination":"Uchaux;Le Plumet|Mornas;Cresta\u00efre|Mondragon;La Gayanne","hiking":"yes","information":"guidepost","mapillary":"3985914814811060","name":"Crestaire N","operator":"CD84","tourism":"information","osm_id":6399239950,"@id":"node/6399239950"}},{"type":"Feature","id":"node/6399239951","geometry":{"type":"Point","coordinates":[4.8403322,44.2151222]},"properties":{"destination":"S\u00e9rignan du Comtat;Les Fanges|Lagarde Par\u00e9ol;Le Saule","hiking":"yes","information":"guidepost","mapillary":"838377603428257","name":"Le Saule Sud","operator":"CD84","ref":"28669","tourism":"information","osm_id":6399239951,"@id":"node/6399239951"}},{"type":"Feature","id":"node/6399239952","geometry":{"type":"Point","coordinates":[5.2721219,43.940608]},"properties":{"destination":"Joucas;Le Grand Rieu Sec|Lioux - Le Ch\u00e2teau","hiking":"yes","information":"guidepost","mapillary":"4199393863437236","name":"Vaumale","operator":"CD84","tourism":"information","osm_id":6399239952,"@id":"node/6399239952"}},{"type":"Feature","id":"node/6423621174","geometry":{"type":"Point","coordinates":[4.9666558,44.2692158]},"properties":{"destination":"Buisson;Le Ligneul","hiking":"yes","information":"guidepost","mapillary":"928998761232332;488958542222317","name":"St Roman de Malegarde","operator":"CD84","tourism":"information","osm_id":6423621174,"@id":"node/6423621174"}},{"type":"Feature","id":"node/6423621594","geometry":{"type":"Point","coordinates":[4.8103756,44.2119383]},"properties":{"destination":"Uchaux;La Galle Nord|Lagarde-Par\u00e9ol;Dessons le Bas","hiking":"yes","information":"guidepost","mapillary":"301303871569096;834474100759731;309227760848599;480074569939371;1185314722006464","name":"Puy Vieux Sud","operator":"CD84","tourism":"information","osm_id":6423621594,"@id":"node/6423621594"}},{"type":"Feature","id":"node/6423621620","geometry":{"type":"Point","coordinates":[4.8317327,44.2290472]},"properties":{"destination":"Uchaux;Les Tartarus Nord|S\u00e9rignan du Comtat;Les Tartarus|Lagarde-Par\u00e9ol;Les Planades","hiking":"yes","information":"guidepost","mapillary":"2382713478539128","name":"Les Grands Bosquets","operator":"CD84","ref":"28653","tourism":"information","osm_id":6423621620,"@id":"node/6423621620"}},{"type":"Feature","id":"node/6423621626","geometry":{"type":"Point","coordinates":[4.8318544,44.2243305]},"properties":{"destination":"Lagarde Par\u00e9ol|S\u00e9rignan du Comtat;Le Saule|Uchaux;Le Replat|Les Grands Bosquets","hiking":"yes","information":"guidepost","mapillary":"1922026257960403","name":"Les Tartarus","operator":"CD84","ref":"28663","tourism":"information","osm_id":6423621626,"@id":"node/6423621626"}},{"type":"Feature","id":"node/6423621664","geometry":{"type":"Point","coordinates":[4.8375966,44.2156655]},"properties":{"destination":"S\u00e9rignan du Comtat;Le Saule Sud|Lagarde Par\u00e9ol;Les Tartarus","hiking":"yes","information":"guidepost","mapillary":"267372621803796","name":"Le Saule","operator":"CD84","ref":"30063","tourism":"information","osm_id":6423621664,"@id":"node/6423621664"}},{"type":"Feature","id":"node/6423621666","geometry":{"type":"Point","coordinates":[4.8406886,44.2084671]},"properties":{"destination":"S\u00e9rignan du Comtat;Pied-Redon|Lagarde Par\u00e9ol;Le Saule Sud","hiking":"yes","information":"guidepost","mapillary":"854749428759410","name":"Les Fanges","operator":"CD84","ref":"30062","tourism":"information","osm_id":6423621666,"@id":"node/6423621666"}},{"type":"Feature","id":"node/6423621667","geometry":{"type":"Point","coordinates":[4.8384395,44.2073506]},"properties":{"destination":"Lagarde Par\u00e9ol;Les Fanges|S\u00e9rignan du Comtat;Chemin Blanc","hiking":"yes","information":"guidepost","mapillary":"287176219712645","name":"Pied-Redon","operator":"CD84","ref":"28675","tourism":"information","osm_id":6423621667,"@id":"node/6423621667"}},{"type":"Feature","id":"node/6423621671","geometry":{"type":"Point","coordinates":[4.8427606,44.1986133]},"properties":{"destination":"Uchaux;Bois de la Montagne|S\u00e9rignan du Comtat|Lagarde Par\u00e9ol;Pied-Redon","hiking":"yes","information":"guidepost","mapillary":"3602888426602821","name":"Chemin Blanc","operator":"CD84","ref":"28668","tourism":"information","osm_id":6423621671,"@id":"node/6423621671"}},{"type":"Feature","id":"node/6423795070","geometry":{"type":"Point","coordinates":[4.8670359,44.2382219]},"properties":{"destination":"Lagarde-Par\u00e9ol;Les Pr\u00e9s Nouveaux|Nogaret;La Matte Sud","hiking":"yes","information":"guidepost","mapillary":"182586586965418","name":"Les Paluds","operator":"CD84","ref":"29922","tourism":"information","osm_id":6423795070,"@id":"node/6423795070"}},{"type":"Feature","id":"node/6423795586","geometry":{"type":"Point","coordinates":[4.8582054,44.233664]},"properties":{"destination":"Ste C\u00e9cile les Vignes;Les Achaux|Sous Lagarde Par\u00e9ol","hiking":"yes","information":"guidepost","mapillary":"824272851823416","name":"Les Serres","operator":"CD84","ref":"28626","tourism":"information","osm_id":6423795586,"@id":"node/6423795586"}},{"type":"Feature","id":"node/6423795587","geometry":{"type":"Point","coordinates":[4.8524192,44.2294364]},"properties":{"destination":"Ste C\u00e9cile les Vignes;Les Serres","hiking":"yes","information":"guidepost","mapillary":"226171778865836","name":"Sous Lagarde Par\u00e9ol","operator":"CD84","ref":"28645","tourism":"information","osm_id":6423795587,"@id":"node/6423795587"}},{"type":"Feature","id":"node/6423795589","geometry":{"type":"Point","coordinates":[4.8586258,44.2049765]},"properties":{"destination":"S\u00e9rignan-du-Comtat|Ste-C\u00e9cile-les-Vignes;La Ruade","hiking":"yes","information":"guidepost","mapillary":"135415801953023","name":"Le B\u00e9al","operator":"CD84","ref":"29948","tourism":"information","osm_id":6423795589,"@id":"node/6423795589"}},{"type":"Feature","id":"node/6423795590","geometry":{"type":"Point","coordinates":[4.8624071,44.2040603]},"properties":{"destination":"S\u00e9rignan du Comtat;Le B\u00e9al|Ste-C\u00e9cile-les-Vignes;Les Andoul\u00e8nes","hiking":"yes","information":"guidepost","mapillary":"1461140584284532","name":"La Ruade","operator":"CD84","ref":"29947","tourism":"information","osm_id":6423795590,"@id":"node/6423795590"}},{"type":"Feature","id":"node/6423795591","geometry":{"type":"Point","coordinates":[4.8456926,44.1925983]},"properties":{"destination":"Uchaux;Chemin Blanc|Ste-C\u00e9cile-les-Vignes;Le B\u00e9al","hiking":"yes","information":"guidepost","mapillary":"267202818434060","name":"S\u00e9rignan du Comtat","operator":"CD84","ref":"29946","tourism":"information","osm_id":6423795591,"@id":"node/6423795591"}},{"type":"Feature","id":"node/6424297716","geometry":{"type":"Point","coordinates":[5.0217343,44.2878335]},"properties":{"destination":"Buisson;Les Rami\u00e8res Hautes|Villedieu;Terre des Chabres","hiking":"yes","information":"guidepost","mapillary":"1177342636037403","name":"Courroies des Joncs","operator":"CD84","ref":"29434","tourism":"information","osm_id":6424297716,"@id":"node/6424297716"}},{"type":"Feature","id":"node/6424297718","geometry":{"type":"Point","coordinates":[5.0090488,44.2472631]},"properties":{"destination":"Rabais Sud|Buisson;Plantavin|Roaix;Les Hautes Granges","hiking":"yes","information":"guidepost","mapillary":"524592055558217","name":"Serre du Rieu","operator":"CD84","tourism":"information","osm_id":6424297718,"@id":"node/6424297718"}},{"type":"Feature","id":"node/6424297723","geometry":{"type":"Point","coordinates":[5.0092486,44.2468067]},"properties":{"bicycle":"yes","destination":"Rasteau;Maut Pertu|Roaix|Vaison;Serre du Rieu","hiking":"yes","information":"guidepost","mapillary":"180722600610374","name":"Les Hautes Granges","operator":"CD84","ref":"28498","tourism":"information","osm_id":6424297723,"@id":"node/6424297723"}},{"type":"Feature","id":"node/6424297731","geometry":{"type":"Point","coordinates":[4.9876052,44.2323]},"properties":{"bicycle":"yes","destination":"Roaix;Maut Pertu","hiking":"yes","information":"guidepost","mapillary":"520406162664431;299928548463757;278966247286653","name":"Rasteau","operator":"CD84","tourism":"information","osm_id":6424297731,"@id":"node/6424297731"}},{"type":"Feature","id":"node/6424297732","geometry":{"type":"Point","coordinates":[4.985385,44.2333623]},"properties":{"destination":"Cairanne;La Montagne","hiking":"yes","information":"guidepost","mapillary":"1703187283223434;557339235236286","name":"Cimeti\u00e8re de Rasteau","operator":"CD84","tourism":"information","osm_id":6424297732,"@id":"node/6424297732"}},{"type":"Feature","id":"node/6424297741","geometry":{"type":"Point","coordinates":[4.9512921,44.2305636]},"properties":{"bicycle":"yes","destination":"La Meyeau;Le Grand Ch\u00eane|Rasteau;L'Amassat Sud","hiking":"yes","information":"guidepost","mapillary":"1179185312509418","name":"St-Martin","operator":"CD84","tourism":"information","osm_id":6424297741,"@id":"node/6424297741"}},{"type":"Feature","id":"node/6424297742","geometry":{"type":"Point","coordinates":[4.9524415,44.2371799]},"properties":{"destination":"Rasteau;L'Amassat|Cairanne;Les Combes Basses|La Meyeau;St-Martin","hiking":"yes","information":"guidepost","mapillary":"817596875859445","name":"L'Amassat Sud","operator":"CD84","ref":"28578","tourism":"information","osm_id":6424297742,"@id":"node/6424297742"}},{"type":"Feature","id":"node/6424297778","geometry":{"type":"Point","coordinates":[4.9528357,44.2389697]},"properties":{"destination":"Rasteau;La Montagne|Cairanne;Les Combes Basses|Cairanne;L'Amassat Sud","hiking":"yes","information":"guidepost","mapillary":"174392067906938","name":"L'Amassat","operator":"CD84","ref":"28582","tourism":"information","osm_id":6424297778,"@id":"node/6424297778"}},{"type":"Feature","id":"node/6424298693","geometry":{"type":"Point","coordinates":[4.9389513,44.2210552]},"properties":{"destination":"Rasteau;La Meyeau|Cairanne;L'Aparant","hiking":"yes","information":"guidepost","mapillary":"1098679600616680","name":"Les Seppes","operator":"CD84","ref":"30149","tourism":"information","osm_id":6424298693,"@id":"node/6424298693"}},{"type":"Feature","id":"node/6424298705","geometry":{"type":"Point","coordinates":[4.9890073,44.1391267]},"properties":{"destination":"Beaumes-de-Venise;Chante Coucou","hiking":"yes","information":"guidepost","mapillary":"234825631742408;2942253342718269;484350046218971;145247207571720","name":"Vacqueyras","operator":"CD84","tourism":"information","osm_id":6424298705,"@id":"node/6424298705"}},{"type":"Feature","id":"node/6424298711","geometry":{"type":"Point","coordinates":[5.0889766,44.135863]},"properties":{"destination":"Ch\u00e2teau du Barroux|Beaumes-de-Venise;Falque Pi\u00e9 Laugier","hiking":"yes","information":"guidepost","mapillary":"482701362948586","mtb":"yes","name":"Falque Ecluse","operator":"CD84","ref":"29405","tourism":"information","osm_id":6424298711,"@id":"node/6424298711"}},{"type":"Feature","id":"node/6424298712","geometry":{"type":"Point","coordinates":[5.0855575,44.1326775]},"properties":{"destination":"Beaumes-de-Venise;Pi\u00e9 Laugier|Ch\u00e2teau du Barroux;Falque Ecluse","hiking":"yes","information":"guidepost","mapillary":"142315577879842","mtb":"yes","name":"Falque Pi\u00e9 Laugier","operator":"CD84","ref":"16868","tourism":"information","osm_id":6424298712,"@id":"node/6424298712"}},{"type":"Feature","id":"node/6424298747","geometry":{"type":"Point","coordinates":[5.0562456,44.1339418]},"properties":{"destination":"Beaumes de Venise;Les Moulins|Galini\u00e8re Nord|Les Aplanats","hiking":"yes","information":"guidepost","mapillary":"483739039618957;824276981803949","name":"La Galini\u00e8re","operator":"CD84","tourism":"information","osm_id":6424298747,"@id":"node/6424298747"}},{"type":"Feature","id":"node/6424298910","geometry":{"type":"Point","coordinates":[4.9296293,44.2319118]},"properties":{"destination":"Ste C\u00e9cile les Vignes;La Garde","hiking":"yes","information":"guidepost","mapillary":"571882143784106","name":"Cairanne le Village","operator":"CD84","tourism":"information","osm_id":6424298910,"@id":"node/6424298910"}},{"type":"Feature","id":"node/6428080862","geometry":{"type":"Point","coordinates":[4.9631502,44.2574901]},"properties":{"destination":"Rasteau;La Montagne|St Roman de Malegarde;Serre de la Garde|Cairanne;La Montagne Ouest","hiking":"yes","information":"guidepost","mapillary":"316895006623173","name":"Travers des Vergers","operator":"CD84","tourism":"information","osm_id":6428080862,"@id":"node/6428080862"}},{"type":"Feature","id":"node/6428080884","geometry":{"type":"Point","coordinates":[5.0076829,44.2713842]},"properties":{"destination":"Buisson;Les Abrigeaux|Roaix;Le Rabet","hiking":"yes","information":"guidepost","mapillary":"296645692057016","name":"Les Abrigeaux Nord","operator":"CD84","ref":"28490","tourism":"information","osm_id":6428080884,"@id":"node/6428080884"}},{"type":"Feature","id":"node/6428080886","geometry":{"type":"Point","coordinates":[5.0106896,44.2689796]},"properties":{"destination":"Buisson;Les Abrigeaux Nord|Roaix;Rabais Sud","hiking":"yes","information":"guidepost","mapillary":"238412388055574","name":"Le Rabet","operator":"CD84","ref":"28491","tourism":"information","osm_id":6428080886,"@id":"node/6428080886"}},{"type":"Feature","id":"node/6430780453","geometry":{"type":"Point","coordinates":[5.0306936,44.2322491]},"properties":{"destination":"S\u00e9guret;N-D d'Aubusson|Roaix|Vaison;Les Roussillons","hiking":"yes","information":"guidepost","mapillary":"225415718951528","name":"Saint Just","operator":"CD84","ref":"866","tourism":"information","osm_id":6430780453,"@id":"node/6430780453"}},{"type":"Feature","id":"node/6430780457","geometry":{"type":"Point","coordinates":[5.0275203,44.1274127]},"properties":{"destination":"Col du Cayron;Durban|Beaumes de Venise;Gr\u00f4ne|Beaumes de Venise;Gr\u00f4ne","hiking":"yes","information":"guidepost","mapillary":"461079161651108","name":"La Coste","operator":"CD84","ref":"37165","tourism":"information","osm_id":6430780457,"@id":"node/6430780457"}},{"type":"Feature","id":"node/6430780461","geometry":{"type":"Point","coordinates":[5.025419,44.127686]},"properties":{"destination":"Beaumes de Venise;Gr\u00f4ne|Beaumes de Venise;La Coste","hiking":"yes","information":"guidepost","mapillary":"919860338793707;318032989680711","name":"Durban","operator":"CD84","tourism":"information","osm_id":6430780461,"@id":"node/6430780461"}},{"type":"Feature","id":"node/6434226589","geometry":{"type":"Point","coordinates":[5.3610491,43.7663687]},"properties":{"destination":"Vaugines;L'Estagniol|Cadenet;Lourmarin le Ch\u00e2teau|Bonnieux;Pierrouret","hiking":"yes","information":"guidepost","mapillary":"1662905497241522","name":"Chemin de Pierrouret","operator":"CD84","ref":"4154","tourism":"information","osm_id":6434226589,"@id":"node/6434226589"}},{"type":"Feature","id":"node/6435794449","geometry":{"type":"Point","coordinates":[5.0557119,43.9606891]},"properties":{"hiking":"yes","information":"guidepost","name":"Pont de Vinaise","operator":"CD84","ref":"16624","tourism":"information","osm_id":6435794449,"@id":"node/6435794449"}},{"type":"Feature","id":"node/6436608544","geometry":{"type":"Point","coordinates":[5.0504631,43.9624745]},"properties":{"destination":"Pont de Vinaise|?|Pernes-les-Fontaines;Les Barrades","hiking":"yes","information":"guidepost","name":"Pont des Arrayes","operator":"CD84","ref":"17548","tourism":"information","osm_id":6436608544,"@id":"node/6436608544"}},{"type":"Feature","id":"node/6443517167","geometry":{"type":"Point","coordinates":[5.0478174,43.8483314]},"properties":{"destination":"Coustellet;Petites Fugueirolles","hiking":"yes","information":"guidepost","mapillary":"941741893309332","name":"Les Ratacans","operator":"CD84","tourism":"information","osm_id":6443517167,"@id":"node/6443517167"}},{"type":"Feature","id":"node/6443517176","geometry":{"type":"Point","coordinates":[5.0883392,43.8631115]},"properties":{"destination":"Coustellet;La Geneste|Cavaillon;Petites Fugueirolles","hiking":"yes","information":"guidepost","mapillary":"498963611528402","name":"Canteploure","operator":"CD84","ref":"30681","tourism":"information","osm_id":6443517176,"@id":"node/6443517176"}},{"type":"Feature","id":"node/6443517181","geometry":{"type":"Point","coordinates":[5.0526951,43.8546607]},"properties":{"destination":"Coustellet;Canteploure|Cavaillon;Les Ratacans","hiking":"yes","information":"guidepost","mapillary":"4393919117287257;307757620895371&x=0.68&y=0.44&zoom=1.54","name":"Petites Fugueirolles","operator":"CD84","tourism":"information","osm_id":6443517181,"@id":"node/6443517181"}},{"type":"Feature","id":"node/6462928900","geometry":{"type":"Point","coordinates":[5.3581242,44.0668293]},"properties":{"destination":"Le Ventoux - La Nesque;Combe de St-Andr\u00e9","hiking":"yes","information":"guidepost","name":"Monieux","operator":"CD84","ref":"9541","tourism":"information","osm_id":6462928900,"@id":"node/6462928900"}},{"type":"Feature","id":"node/6502133262","geometry":{"type":"Point","coordinates":[5.3051224,44.1101033]},"properties":{"destination":"Flassan;Le mortier|Chapelle St-Jean;Les Bonins","hiking":"yes","information":"guidepost","mapillary":"279182020572006;325990745551667;310887723826882","name":"Les Grigauds","operator":"CD84","ref":"1630","tourism":"information","osm_id":6502133262,"@id":"node/6502133262"}},{"type":"Feature","id":"node/6515236297","geometry":{"type":"Point","coordinates":[5.735045,43.731014]},"properties":{"destination":"?|Beaumont de Pertuis;Robinier","hiking":"yes","information":"guidepost","name":"La Bastide Neuve","operator":"CD84","ref":"25650","tourism":"information","osm_id":6515236297,"@id":"node/6515236297"}},{"type":"Feature","id":"node/6515236328","geometry":{"type":"Point","coordinates":[5.71128,43.7479324]},"properties":{"destination":"Beaumont de Pertuis;St-Gervais|La Durance;Robinier","hiking":"yes","information":"guidepost","name":"La Tour d'Oriol","operator":"CD84","tourism":"information","osm_id":6515236328,"@id":"node/6515236328"}},{"type":"Feature","id":"node/6515236374","geometry":{"type":"Point","coordinates":[5.7171527,43.7395837]},"properties":{"destination":"Beaumont de Pertuis;La Tour d'Oriol|La Durance;La Bastide Neuve","hiking":"yes","information":"guidepost","name":"Robinier","operator":"CD84","tourism":"information","osm_id":6515236374,"@id":"node/6515236374"}},{"type":"Feature","id":"node/6515294496","geometry":{"type":"Point","coordinates":[5.1894005,44.0292786]},"properties":{"destination":"Blauvac - Mormoiron;Les Blaques Nord|Malemort-du-Comtat;Salets sur Rigoy","hiking":"yes","information":"guidepost","mapillary":"1181977245569509;810124503234229;138308908336642;493591681854100","name":"Les Blaques","operator":"CD84","ref":"14877","tourism":"information","osm_id":6515294496,"@id":"node/6515294496"}},{"type":"Feature","id":"node/6516087714","geometry":{"type":"Point","coordinates":[5.4762246,43.8856849]},"properties":{"destination":"Apt;Rablassin|RN 100;Annezin|Caseneuve","hiking":"yes","information":"guidepost","name":"Le Vignal","operator":"CD84","ref":"17805","tourism":"information","osm_id":6516087714,"@id":"node/6516087714"}},{"type":"Feature","id":"node/6516087717","geometry":{"type":"Point","coordinates":[5.4854718,43.8849834]},"properties":{"destination":"St-Martin de Castillon;Roquecan|Caseneuve|Viens - Rustrel;Pierre-Feu","hiking":"yes","information":"guidepost","name":"Chemin de la Galine","operator":"CD84","ref":"24102","tourism":"information","osm_id":6516087717,"@id":"node/6516087717"}},{"type":"Feature","id":"node/6525028533","geometry":{"type":"Point","coordinates":[5.1835433,44.0051861]},"properties":{"destination":"Venasque;Fond de Nesque|Murs;Crespion|Malemort du Comtat;Ratoneau","hiking":"yes","information":"guidepost","mapillary":"302266924847226","name":"Coste de Laous","operator":"CD84","ref":"15713","tourism":"information","osm_id":6525028533,"@id":"node/6525028533"}},{"type":"Feature","id":"node/6525028543","geometry":{"type":"Point","coordinates":[5.4869762,43.7069595]},"properties":{"destination":"Pertuis;St-Joseph|M\u00e9l\u00e8de","hiking":"yes","information":"guidepost","name":"Boussette","operator":"CD84","ref":"25981","tourism":"information","wikimedia_commons":"File:Balisage sentier.JPG","osm_id":6525028543,"@id":"node/6525028543"}},{"type":"Feature","id":"node/6535733461","geometry":{"type":"Point","coordinates":[5.1156827,43.8702764]},"properties":{"destination":"Cavaillon;Rounfloun|Coustellet;Le Moutillon","hiking":"yes","information":"guidepost","mapillary":"163107939079874;291767192667597","name":"La Tour de Sabran","operator":"CD84","ref":"30651","tourism":"information","osm_id":6535733461,"@id":"node/6535733461"}},{"type":"Feature","id":"node/6535734262","geometry":{"type":"Point","coordinates":[5.1512391,43.8932616]},"properties":{"destination":"Lagnes;Le Mur de la Peste|Gordes;Les C\u00e8dres","hiking":"yes","information":"guidepost","mapillary":"3026299620938659","mtb":"yes","name":"Cabri\u00e8res-d'Avignon","operator":"CD84","tourism":"information","osm_id":6535734262,"@id":"node/6535734262"}},{"type":"Feature","id":"node/6540199416","geometry":{"type":"Point","coordinates":[5.3724932,43.7361465]},"properties":{"destination":"Lourmarin;Les Fourques","hiking":"yes","information":"guidepost","mapillary":"494003508460804","name":"Cadenet","operator":"CD84","ref":"26124","tourism":"information","osm_id":6540199416,"@id":"node/6540199416"}},{"type":"Feature","id":"node/6540200293","geometry":{"type":"Point","coordinates":[5.3656304,43.7123548]},"properties":{"destination":"?|Champ Long|?","hiking":"yes","information":"guidepost","mapillary":"1040189479851736","name":"Pont de Cadenet","operator":"CD84","tourism":"information","osm_id":6540200293,"@id":"node/6540200293"}},{"type":"Feature","id":"node/6540200294","geometry":{"type":"Point","coordinates":[5.3536959,43.7182861]},"properties":{"destination":"Pont de Cadenet|Cadenet;L'Argent","hiking":"yes","information":"guidepost","mapillary":"1164280120702558","name":"Les Routes","operator":"CD84","ref":"27890","tourism":"information","osm_id":6540200294,"@id":"node/6540200294"}},{"type":"Feature","id":"node/6547898147","geometry":{"type":"Point","coordinates":[5.2026621,43.8586309]},"properties":{"destination":"Goult;La Roche Pointue","hiking":"yes","information":"guidepost","mapillary":"514429306655735","name":"Les Beaumettes","operator":"CD84","tourism":"information","osm_id":6547898147,"@id":"node/6547898147"}},{"type":"Feature","id":"node/6547898160","geometry":{"type":"Point","coordinates":[5.2553809,43.9340603]},"properties":{"destination":"Murs;La Rourette|Joucas;Le Mourre Blanc|Lioux;Le Rieu Sec","hiking":"yes","information":"guidepost","mapillary":"319577293005532","name":"Plantades","operator":"CD84","ref":"15493","tourism":"information","osm_id":6547898160,"@id":"node/6547898160"}},{"type":"Feature","id":"node/6547898161","geometry":{"type":"Point","coordinates":[5.2570546,43.9405515]},"properties":{"destination":"Lioux - Le Ch\u00e2teau;Le Grand Rieu Sec|Joucas;Plantades|Joucas","hiking":"yes","information":"guidepost","mapillary":"898516434061252","name":"Le Rieu Sec","operator":"CD84","ref":"15489","tourism":"information","osm_id":6547898161,"@id":"node/6547898161"}},{"type":"Feature","id":"node/6547898165","geometry":{"type":"Point","coordinates":[5.2648357,43.9458397]},"properties":{"destination":"Lioux - Le Ch\u00e2teau;Vaumale|Murs;La Tourbe|Joucas;Le Rieu Sec","hiking":"yes","information":"guidepost","mapillary":"864671857458760","name":"Le Grand Rieu Sec","operator":"CD84","ref":"15310","tourism":"information","osm_id":6547898165,"@id":"node/6547898165"}},{"type":"Feature","id":"node/6551551586","geometry":{"type":"Point","coordinates":[5.3094804,43.8255796]},"properties":{"destination":"Apt - Pont Julien;La Bouqui\u00e8re","hiking":"yes","information":"guidepost","mapillary":"484299146214600","mtb":"yes","name":"Les Brulli\u00e8res","operator":"CD84","tourism":"information","osm_id":6551551586,"@id":"node/6551551586"}},{"type":"Feature","id":"node/6555729459","geometry":{"type":"Point","coordinates":[5.5009089,43.8432743]},"properties":{"destination":"Le Mourre N\u00e8gre;Raymondette|Castellet;Les Gaudins|St Martin de Castillon;Le Grand Hermas","hiking":"yes","information":"guidepost","mapillary":"523277035476676","name":"Piroublets","operator":"CD84","ref":"24019","tourism":"information","osm_id":6555729459,"@id":"node/6555729459"}},{"type":"Feature","id":"node/6555729463","geometry":{"type":"Point","coordinates":[5.493836,43.8432206]},"properties":{"destination":"Le Mourre N\u00e8gre;Piroublets|Castellet|St Martin de Castillon;Rioux des Planes","hiking":"yes","information":"guidepost","mapillary":"1706861386168206","name":"Les Gaudins","operator":"CD84","ref":"24013","tourism":"information","osm_id":6555729463,"@id":"node/6555729463"}},{"type":"Feature","id":"node/6555729464","geometry":{"type":"Point","coordinates":[5.5193216,43.8398637]},"properties":{"destination":"Castellet;Raymondette|La Motte d'Aigues;Le Pas de Marseille|St Martin de Castillon;Le Grand Hermas|Cereste;La Tuili\u00e8re","hiking":"yes","information":"guidepost","mapillary":"383575589539667","name":"Saint Castor","operator":"CD84","ref":"24032","tourism":"information","osm_id":6555729464,"@id":"node/6555729464"}},{"type":"Feature","id":"node/6555763545","geometry":{"type":"Point","coordinates":[5.5012737,43.842139]},"properties":{"destination":"Le Mourre N\u00e8gre;Le Coulet Redon|Castellet;Piroublets|La Motte-d'Aigues;Saint Castor","hiking":"yes","information":"guidepost","mapillary":"1259417921122877","name":"Raymondette","operator":"CD84","ref":"24023","tourism":"information","osm_id":6555763545,"@id":"node/6555763545"}},{"type":"Feature","id":"node/6565840079","geometry":{"type":"Point","coordinates":[5.1456349,43.7652152]},"properties":{"destination":"La Roquette","hiking":"yes","information":"guidepost","mapillary":"134344972072692","tourism":"information","osm_id":6565840079,"@id":"node/6565840079"}},{"type":"Feature","id":"node/6565840080","geometry":{"type":"Point","coordinates":[5.1457552,43.7651742]},"properties":{"destination":"Les Mayorques|Regalon","hiking":"yes","information":"guidepost","mapillary":"177895657551409","tourism":"information","osm_id":6565840080,"@id":"node/6565840080"}},{"type":"Feature","id":"node/6565840083","geometry":{"type":"Point","coordinates":[5.1432189,43.7799271]},"properties":{"hiking":"yes","information":"guidepost","mapillary":"956448961841329","name":"Lou draiou des Mayorques","tourism":"information","osm_id":6565840083,"@id":"node/6565840083"}},{"type":"Feature","id":"node/6565845608","geometry":{"type":"Point","coordinates":[5.1405179,43.7815998]},"properties":{"destination":"Lou draiou des Mayorques","hiking":"yes","information":"guidepost","mapillary":"272285884594451","tourism":"information","osm_id":6565845608,"@id":"node/6565845608"}},{"type":"Feature","id":"node/6565845616","geometry":{"type":"Point","coordinates":[5.1376329,43.7821486]},"properties":{"destination":"Lou draiou de la Petrossi","hiking":"yes","information":"guidepost","mapillary":"496257211514980","tourism":"information","osm_id":6565845616,"@id":"node/6565845616"}},{"type":"Feature","id":"node/6565845655","geometry":{"type":"Point","coordinates":[5.1321609,43.7846875]},"properties":{"destination":"Lou Camin de la Petrossi","hiking":"yes","information":"guidepost","panoramax":"ad5dbaa7-bf9a-4bdc-a2e8-ec6335cb9885","tourism":"information","osm_id":6565845655,"@id":"node/6565845655"}},{"type":"Feature","id":"node/6565845656","geometry":{"type":"Point","coordinates":[5.2943896,43.8920156]},"properties":{"destination":"Roussillon;Piquebori|?","hiking":"yes","information":"guidepost","name":"Les Devaux","operator":"CD84","tourism":"information","osm_id":6565845656,"@id":"node/6565845656"}},{"type":"Feature","id":"node/6565845675","geometry":{"type":"Point","coordinates":[5.2086273,43.8543077]},"properties":{"destination":"Marican|Coustellet;Soubeyras","hiking":"yes","information":"guidepost","mapillary":"498475394639405","name":"Les Alafoux","operator":"CD84","ref":"30596","tourism":"information","osm_id":6565845675,"@id":"node/6565845675"}},{"type":"Feature","id":"node/6565845678","geometry":{"type":"Point","coordinates":[5.2303829,43.8517119]},"properties":{"destination":"Lumi\u00e8res;La Grande B\u00e9gude|Lacoste;Les Art\u00e8mes|Les Beaumettes;Les Alafoux","hiking":"yes","information":"guidepost","mapillary":"401582704148943","name":"Marican","operator":"CD84","ref":"31086","tourism":"information","osm_id":6565845678,"@id":"node/6565845678"}},{"type":"Feature","id":"node/6565845679","geometry":{"type":"Point","coordinates":[5.2397436,43.8542729]},"properties":{"destination":"Lacoste;Marican|Bonnieux;La B\u00e9gude Est|Lumi\u00e8res","hiking":"yes","information":"guidepost","mapillary":"3125583174329293;4298787433477650;1157633011707294","name":"La Grande B\u00e9gude","operator":"CD84","ref":"4117","tourism":"information","osm_id":6565845679,"@id":"node/6565845679"}},{"type":"Feature","id":"node/6565845871","geometry":{"type":"Point","coordinates":[5.1288785,43.7878757]},"properties":{"hiking":"yes","information":"guidepost","name":"Sentier de la For\u00eat","tourism":"information","osm_id":6565845871,"@id":"node/6565845871"}},{"type":"Feature","id":"node/6565845873","geometry":{"type":"Point","coordinates":[5.1273027,43.7896101]},"properties":{"destination":"Sentier de la for\u00eat","hiking":"yes","information":"guidepost","tourism":"information","osm_id":6565845873,"@id":"node/6565845873"}},{"type":"Feature","id":"node/6565845874","geometry":{"type":"Point","coordinates":[5.127587,43.7895307]},"properties":{"destination":"Sentier de la for\u00eat","hiking":"yes","information":"guidepost","tourism":"information","osm_id":6565845874,"@id":"node/6565845874"}},{"type":"Feature","id":"node/6565845875","geometry":{"type":"Point","coordinates":[5.1277795,43.7913358]},"properties":{"destination":"Sentier de la for\u00eat","hiking":"yes","information":"guidepost","mapillary":"845835236284387","tourism":"information","osm_id":6565845875,"@id":"node/6565845875"}},{"type":"Feature","id":"node/6565845878","geometry":{"type":"Point","coordinates":[5.1283602,43.7922535]},"properties":{"hiking":"yes","information":"guidepost","name":"Sentier de la For\u00eat","tourism":"information","osm_id":6565845878,"@id":"node/6565845878"}},{"type":"Feature","id":"node/6565845891","geometry":{"type":"Point","coordinates":[5.3283745,43.8718614]},"properties":{"destination":"Pont Julien|Roussillon;La Coquillade|Apt;Bosque","hiking":"yes","information":"guidepost","mapillary":"524026285673115","name":"Roquefure","operator":"CD84","ref":"3395","tourism":"information","osm_id":6565845891,"@id":"node/6565845891"}},{"type":"Feature","id":"node/6594512567","geometry":{"type":"Point","coordinates":[5.4994552,44.0269354]},"properties":{"destination":"Saint-Christol;Le Seuil|Rouy\u00e8re Grosse;Le Bois de Ferrier","hiking":"yes","information":"guidepost","mtb":"yes","name":"Ramades","operator":"CD84","panoramax":"afe69cf2-33fc-4669-a131-3a5cf13e602e;14db1ce8-2889-420f-bd8c-666aef112085","tourism":"information","osm_id":6594512567,"@id":"node/6594512567"}},{"type":"Feature","id":"node/6594512756","geometry":{"type":"Point","coordinates":[5.4554542,44.0341511]},"properties":{"destination":"Sault;La Sigoy\u00e8re|Croix de Fer;Ballagros","hiking":"yes","information":"guidepost","name":"Brouville","operator":"CD84","ref":"13250","tourism":"information","osm_id":6594512756,"@id":"node/6594512756"}},{"type":"Feature","id":"node/6594596526","geometry":{"type":"Point","coordinates":[5.5435011,44.036266]},"properties":{"hiking":"yes","information":"guidepost","name":"Rouy\u00e8re Grosse","operator":"CD84","ref":"12547","tourism":"information","osm_id":6594596526,"@id":"node/6594596526"}},{"type":"Feature","id":"node/6594641115","geometry":{"type":"Point","coordinates":[5.3615601,44.0673988]},"properties":{"hiking":"yes","information":"guidepost","name":"Moulin de Bernardy","operator":"CD84","ref":"8869","tourism":"information","osm_id":6594641115,"@id":"node/6594641115"}},{"type":"Feature","id":"node/6634914939","geometry":{"type":"Point","coordinates":[4.9119629,44.3426297]},"properties":{"destination":"Visan;La Matte|Bouchet;A\u00e9rodrome de Visan|Richerenches;Serret","hiking":"yes","information":"guidepost","mapillary":"509430336861616;509989196854162;797866484191629;562953258021203;526490801685360","name":"Bois de Serratoris","operator":"CD84","ref":"29115","tourism":"information","osm_id":6634914939,"@id":"node/6634914939"}},{"type":"Feature","id":"node/6634915003","geometry":{"type":"Point","coordinates":[4.9614751,44.3019527]},"properties":{"destination":"Tulette;Roux|Visan;La Plantade|Buisson;Combauche","hiking":"yes","information":"guidepost","mapillary":"2803009316696002","name":"Monnier","operator":"CD84","ref":"29031","tourism":"information","osm_id":6634915003,"@id":"node/6634915003"}},{"type":"Feature","id":"node/6741788024","geometry":{"type":"Point","coordinates":[4.8058063,44.1024689]},"properties":{"information":"guidepost","mapillary:wide":"DPWlusJSyMsMnoxsn_dUPw","name":"Institut Rhodanien","tourism":"information","osm_id":6741788024,"@id":"node/6741788024"}},{"type":"Feature","id":"node/6741788026","geometry":{"type":"Point","coordinates":[4.8051649,44.0966239]},"properties":{"information":"guidepost","mapillary":"749569459054290","tourism":"information","osm_id":6741788026,"@id":"node/6741788026"}},{"type":"Feature","id":"node/6770480688","geometry":{"type":"Point","coordinates":[4.9162464,44.3864888]},"properties":{"bicycle":"yes","destination":"Colonzelle;Auth\u00e8ze Sud|Grillon;La Crozette","hiking":"yes","information":"guidepost","mapillary":"157512922996036","name":"Auth\u00e8ze","operator":"CD84","ref":"29800","tourism":"information","osm_id":6770480688,"@id":"node/6770480688"}},{"type":"Feature","id":"node/6770480697","geometry":{"type":"Point","coordinates":[4.9923655,44.3267157]},"properties":{"destination":"Valr\u00e9as;Polidon Est|Visan;La Carne","hiking":"yes","information":"guidepost","mapillary":"154526029905785;512116356611003;465443941219857;3998121340257301","name":"Pont de l'H\u00e9rein","operator":"CD84","ref":"28969","tourism":"information","osm_id":6770480697,"@id":"node/6770480697"}},{"type":"Feature","id":"node/6770480760","geometry":{"type":"Point","coordinates":[5.3646192,44.0709709]},"properties":{"destination":"Monieux;Cimeti\u00e8re Monieux|Sault;Le Grand Vallat","hiking":"yes","information":"guidepost","mapillary":"286654683124425;334813671313103","mtb":"yes","name":"Virgile","operator":"CD84","ref":"8966","tourism":"information","osm_id":6770480760,"@id":"node/6770480760"}},{"type":"Feature","id":"node/6778345797","geometry":{"type":"Point","coordinates":[4.9903411,44.328362]},"properties":{"destination":"Visan;Pont de l'H\u00e9rein|Valr\u00e9as;Polidon","hiking":"yes","information":"guidepost","mapillary":"1445567302447016","name":"Polidon Est","operator":"CD84","ref":"28971","tourism":"information","osm_id":6778345797,"@id":"node/6778345797"}},{"type":"Feature","id":"node/6779101738","geometry":{"type":"Point","coordinates":[5.1290629,44.270215]},"properties":{"destination":"Maneyrole;Le Claux|Faucon;L'Ayguette|Faucon;Le Th\u00e9ron","hiking":"yes","information":"guidepost","mapillary":"559132588696186","name":"Puym\u00e9ras","operator":"CD84","ref":"28318","tourism":"information","osm_id":6779101738,"@id":"node/6779101738"}},{"type":"Feature","id":"node/6779101739","geometry":{"type":"Point","coordinates":[5.1352018,44.2697958]},"properties":{"destination":"Faucon;Les Sabli\u00e8res|Puym\u00e9ras|Maneyrole;Le Grand Dev\u00e9s","hiking":"yes","information":"guidepost","mapillary":"311089790542207","name":"Le Th\u00e9ron","operator":"CD84","ref":"28326","tourism":"information","osm_id":6779101739,"@id":"node/6779101739"}},{"type":"Feature","id":"node/6779101740","geometry":{"type":"Point","coordinates":[5.1460641,44.2632337]},"properties":{"destination":"Faucon;Le Serre|Puym\u00e9ras;Le Th\u00e9ron|M\u00e9rindol-les-Oliviers;Pont du Valat","hiking":"yes","information":"guidepost","mapillary":"290874092734228","name":"Les Sabli\u00e8res","operator":"CD84","ref":"28335","tourism":"information","osm_id":6779101740,"@id":"node/6779101740"}},{"type":"Feature","id":"node/6779101741","geometry":{"type":"Point","coordinates":[5.1469573,44.2619909]},"properties":{"destination":"M\u00e9rindol-les-Oliviers;Les Sabli\u00e8res|Faucon","hiking":"yes","information":"guidepost","mapillary":"3030332770529849","name":"Le Serre","operator":"CD84","ref":"29568","tourism":"information","osm_id":6779101741,"@id":"node/6779101741"}},{"type":"Feature","id":"node/6855769197","geometry":{"type":"Point","coordinates":[5.6743754,43.7334384]},"properties":{"destination":"Beaumont de Pertuis|Mirabeau;Les Pacharots","hiking":"yes","information":"guidepost","name":"L'Escarenne","operator":"CD84","ref":"27945","tourism":"information","osm_id":6855769197,"@id":"node/6855769197"}},{"type":"Feature","id":"node/7006449768","geometry":{"type":"Point","coordinates":[5.5219509,43.7736252]},"properties":{"destination":"Cabri\u00e8res d'Aigues;Les Vaucedes","hiking":"yes","information":"guidepost","mapillary":"917311448841676;712579649466429","mtb":"yes","name":"La Motte-d'Aigues","operator":"CD84","tourism":"information","osm_id":7006449768,"@id":"node/7006449768"}},{"type":"Feature","id":"node/7030843920","geometry":{"type":"Point","coordinates":[4.8054481,43.9429754]},"properties":{"information":"guidepost","mapillary":"799247260705284","tourism":"information","osm_id":7030843920,"@id":"node/7030843920"}},{"type":"Feature","id":"node/7094030079","geometry":{"type":"Point","coordinates":[5.5678797,43.8946791]},"properties":{"destination":"Subarroques|St Ferr\u00e9ol","hiking":"yes","information":"guidepost","mtb":"yes","name":"Viens","operator":"CD84","tourism":"information","osm_id":7094030079,"@id":"node/7094030079"}},{"type":"Feature","id":"node/7094649833","geometry":{"type":"Point","coordinates":[5.5690907,43.8633086]},"properties":{"destination":"C\u00e9reste par le tunnel","hiking":"yes","information":"guidepost","name":"Route de Viens","operator":"Communaut\u00e9 de communes Pays d'Apt-Luberon","ref":"C\u00e9reste 8","tourism":"information","osm_id":7094649833,"@id":"node/7094649833"}},{"type":"Feature","id":"node/7133145444","geometry":{"type":"Point","coordinates":[4.7811075,43.9303666]},"properties":{"information":"guidepost","osm_id":7133145444,"@id":"node/7133145444"}},{"type":"Feature","id":"node/7133164546","geometry":{"type":"Point","coordinates":[4.7815753,43.9303881]},"properties":{"information":"guidepost","mapillary":"135549865259908","osm_id":7133164546,"@id":"node/7133164546"}},{"type":"Feature","id":"node/7133208531","geometry":{"type":"Point","coordinates":[4.7813656,43.9300722]},"properties":{"information":"guidepost","osm_id":7133208531,"@id":"node/7133208531"}},{"type":"Feature","id":"node/7133227849","geometry":{"type":"Point","coordinates":[4.7814581,43.9295479]},"properties":{"information":"guidepost","mapillary":"4327504570616737","osm_id":7133227849,"@id":"node/7133227849"}},{"type":"Feature","id":"node/7147373774","geometry":{"type":"Point","coordinates":[5.5445042,43.7105745]},"properties":{"destination":"La Bastidonne;Dernier Ch\u00e2teau|Pertuis;Chemin de Pivolier|La Tour-d'Aigues;Le Tourel","hiking":"yes","information":"guidepost","name":"Les Bouisses","operator":"CD84","ref":"25792","tourism":"information","osm_id":7147373774,"@id":"node/7147373774"}},{"type":"Feature","id":"node/7147373775","geometry":{"type":"Point","coordinates":[5.533585,43.712457]},"properties":{"destination":"La Tour-d'Aigues;La Ferrage|La Bastidonne;Les Bouisses|Pertuis;Chemin de l'Espigon","hiking":"yes","information":"guidepost","mapillary":"317297886506441;809946089629224","name":"Le Tourel","operator":"CD84","ref":"25791","tourism":"information","osm_id":7147373775,"@id":"node/7147373775"}},{"type":"Feature","id":"node/7195553473","geometry":{"type":"Point","coordinates":[5.4858745,43.7585393]},"properties":{"destination":"Ansouis;Ch\u00e2teau|Cabri\u00e8res d'Aigues;Cime de Vi\u00e8re","hiking":"yes","information":"guidepost","name":"Cimeti\u00e8re de Sannes","operator":"CD84","ref":"26367","tourism":"information","osm_id":7195553473,"@id":"node/7195553473"}},{"type":"Feature","id":"node/7261528745","geometry":{"type":"Point","coordinates":[5.5327427,44.0379744]},"properties":{"hiking":"yes","information":"guidepost","name":"Le Patiras Sud","operator":"CD84","ref":"12715","tourism":"information","osm_id":7261528745,"@id":"node/7261528745"}},{"type":"Feature","id":"node/7261552287","geometry":{"type":"Point","coordinates":[5.530884,44.0295871]},"properties":{"destination":"Rouy\u00e8re grosse;Le Trou Rouge|Saint-Christol;Ramades|Le Patiras Sud","hiking":"yes","information":"guidepost","name":"Le Bois de Ferrier","operator":"CD84","panoramax":"346cf0fa-1c2c-4c02-a9c8-d3e5885bee21","tourism":"information","osm_id":7261552287,"@id":"node/7261552287"}},{"type":"Feature","id":"node/7261552288","geometry":{"type":"Point","coordinates":[5.5351768,44.029482]},"properties":{"destination":"Saint-Christol;Le Bois de Ferrier|Le Patiras Sud|Roy\u00e8re Grosse","hiking":"yes","information":"guidepost","name":"Le Trou Rouge","operator":"CD84","ref":"12606","tourism":"information","osm_id":7261552288,"@id":"node/7261552288"}},{"type":"Feature","id":"node/7261552373","geometry":{"type":"Point","coordinates":[5.531401,44.0390642]},"properties":{"destination":"Le Patiras Sud|Roy\u00e8re Grosse|Saint-Christol;Le Seuil","hiking":"yes","information":"guidepost","name":"Le Patiras Nord","operator":"CD84","ref":"12546","tourism":"information","osm_id":7261552373,"@id":"node/7261552373"}},{"type":"Feature","id":"node/7316029173","geometry":{"type":"Point","coordinates":[4.6991149,44.2463163]},"properties":{"destination":"Pont St Esprit;Gour d'Auzan|Mondragon;Le Clastre","hiking":"yes","information":"guidepost","mapillary":"879639385949975","name":"Le Canal","operator":"CD84","ref":"29986","tourism":"information","osm_id":7316029173,"@id":"node/7316029173"}},{"type":"Feature","id":"node/7318631990","geometry":{"type":"Point","coordinates":[4.7602545,44.2265246]},"properties":{"destination":"Mondragon;Le Grand Serre|Mornas;La Gayanne|Rochegude;La Grangette Nord","hiking":"yes","information":"guidepost","mapillary":"763609644236836","name":"La Meuni\u00e8re","operator":"CD84","ref":"28821","tourism":"information","osm_id":7318631990,"@id":"node/7318631990"}},{"type":"Feature","id":"node/7318631991","geometry":{"type":"Point","coordinates":[4.7395827,44.2221191]},"properties":{"destination":"Mornas;Les Combes|Mornas;La Marronede|Mondragon;La Richarde","hiking":"yes","information":"guidepost","mapillary":"187867663206450","name":"Montmout","operator":"CD84","ref":"28798","tourism":"information","osm_id":7318631991,"@id":"node/7318631991"}},{"type":"Feature","id":"node/7318631992","geometry":{"type":"Point","coordinates":[4.7510706,44.2277931]},"properties":{"destination":"Mondragon;Le Grand Serre Nord|Mornas;Montmout Est|Rochegude;La Meuni\u00e8re","hiking":"yes","information":"guidepost","mapillary":"224248769129434","name":"Le Grand Serre","operator":"CD84","ref":"28866","tourism":"information","osm_id":7318631992,"@id":"node/7318631992"}},{"type":"Feature","id":"node/7318631993","geometry":{"type":"Point","coordinates":[4.7502089,44.2264073]},"properties":{"destination":"Montmout Ouest|Mornas;La Richarde|Mondragon;Le Grand Serre","hiking":"yes","information":"guidepost","mapillary":"136702308447690","name":"Montmout Est","operator":"CD84","tourism":"information","osm_id":7318631993,"@id":"node/7318631993"}},{"type":"Feature","id":"node/7318631996","geometry":{"type":"Point","coordinates":[4.7522615,44.2250148]},"properties":{"destination":"Mondragon;Montmout Est|Mornas;Montmout","hiking":"yes","information":"guidepost","mapillary":"2863091687355017","name":"La Richarde","operator":"CD84","ref":"28824","tourism":"information","osm_id":7318631996,"@id":"node/7318631996"}},{"type":"Feature","id":"node/7318631998","geometry":{"type":"Point","coordinates":[4.7564149,44.220491]},"properties":{"destination":"Mornas;Cresta\u00efre N|Mondragon;La Meuni\u00e8re","hiking":"yes","information":"guidepost","mapillary":"1949037721944373","name":"La Gayanne","operator":"CD84","tourism":"information","osm_id":7318631998,"@id":"node/7318631998"}},{"type":"Feature","id":"node/7318631999","geometry":{"type":"Point","coordinates":[4.7814935,44.2016231]},"properties":{"destination":"Mornas;Cresta\u00efre N|Uchaux;Combe de Rochecourbe|Piolenc;Faugier","hiking":"yes","information":"guidepost","mapillary":"765077104377725;3501734606592741;2577966335840690;332362421656249;568790277425596","name":"Le Plumet","operator":"CD84","ref":"28757","tourism":"information","osm_id":7318631999,"@id":"node/7318631999"}},{"type":"Feature","id":"node/7318632007","geometry":{"type":"Point","coordinates":[4.7408473,44.212778]},"properties":{"destination":"Mondragon;Montmout|Mornas;Les Breteaux","hiking":"yes","information":"guidepost","mapillary":"1625268187862663","name":"La Marronede","operator":"CD84","ref":"28804","tourism":"information","osm_id":7318632007,"@id":"node/7318632007"}},{"type":"Feature","id":"node/7318632008","geometry":{"type":"Point","coordinates":[4.7301212,44.2115577]},"properties":{"destination":"Mornas|Mondragon;Les Combes|La Marronede","hiking":"yes","information":"guidepost","mapillary":"516668889778252;1098696587307096;1372577436432885;4219464134771131","name":"Les Breteaux","operator":"CD84","ref":"28793","tourism":"information","osm_id":7318632008,"@id":"node/7318632008"}},{"type":"Feature","id":"node/7318632013","geometry":{"type":"Point","coordinates":[4.7294345,44.2060167]},"properties":{"destination":"Mornas|Les Cr\u00eates;Cresta\u00efre|Circuit de la Forteresse;Porte Saint-Nicolas","hiking":"yes","information":"guidepost","mapillary":"1691459414388562","name":"La Forteresse","operator":"CD84","ref":"28775","tourism":"information","osm_id":7318632013,"@id":"node/7318632013"}},{"type":"Feature","id":"node/7318632014","geometry":{"type":"Point","coordinates":[4.7285132,44.20205]},"properties":{"destination":"Les Cr\u00eates;La Forteresse|Mondragon;Les Breteaux","hiking":"yes","information":"guidepost","mapillary":"918249325411532;200526105119545;324907092320168;2997105833854293","name":"Mornas","operator":"CD84","ref":"28783","tourism":"information","osm_id":7318632014,"@id":"node/7318632014"}},{"type":"Feature","id":"node/7318632032","geometry":{"type":"Point","coordinates":[4.7302815,44.2004339]},"properties":{"destination":"Piolenc;Gourreou|Mornas|Circuit de la Forteresse;Canal de Pierrelatte","hiking":"yes","information":"guidepost","mapillary":"470166180747722;333053031647506","name":"Laouzi\u00e8re","operator":"CD84","ref":"29835","tourism":"information","osm_id":7318632032,"@id":"node/7318632032"}},{"type":"Feature","id":"node/7318632035","geometry":{"type":"Point","coordinates":[4.7690347,44.1913461]},"properties":{"destination":"Piolenc;Rocantine|Uchaux;Bouqueyran","hiking":"yes","information":"guidepost","mapillary":"275826677573850","name":"Les B\u00e9ziers","operator":"CD84","tourism":"information","osm_id":7318632035,"@id":"node/7318632035"}},{"type":"Feature","id":"node/7318632039","geometry":{"type":"Point","coordinates":[4.7690615,44.1931264]},"properties":{"destination":"Piolenc;Les B\u00e9ziers|Uchaux;Les Aveaux","hiking":"yes","information":"guidepost","mapillary":"800816690639927","name":"Bouqueyran","operator":"CD84","ref":"30080","tourism":"information","osm_id":7318632039,"@id":"node/7318632039"}},{"type":"Feature","id":"node/7318632040","geometry":{"type":"Point","coordinates":[4.7653399,44.1987499]},"properties":{"destination":"Uchaux;Le Plumet|Mornas;La Barjavelle|Piolenc;Les Aveaux","hiking":"yes","information":"guidepost","mapillary":"880158505898318","name":"Faugier","operator":"CD84","ref":"29857","tourism":"information","osm_id":7318632040,"@id":"node/7318632040"}},{"type":"Feature","id":"node/7319304279","geometry":{"type":"Point","coordinates":[4.7368998,44.2534154]},"properties":{"destination":"Mondragon;Les Massanes Sud|Derboux;Serre de l'Etang","hiking":"yes","information":"guidepost","mapillary":"4097439673635102","name":"La Roquette Est","operator":"CD84","tourism":"information","osm_id":7319304279,"@id":"node/7319304279"}},{"type":"Feature","id":"node/7319304281","geometry":{"type":"Point","coordinates":[4.669166,44.2512276]},"properties":{"destination":"Pont St Esprit;Le Pontet|Mondragon;Le Canal","hiking":"yes","information":"guidepost","mapillary":"171836444856098","name":"Gour d'Auzan","operator":"CD84","ref":"30076","tourism":"information","osm_id":7319304281,"@id":"node/7319304281"}},{"type":"Feature","id":"node/7319304284","geometry":{"type":"Point","coordinates":[4.725662,44.2443776]},"properties":{"destination":"Mondragon le Village|St Ari\u00e8s;Les Massanes Ouest|Circuit des Vach\u00e8res","hiking":"yes","information":"guidepost","mapillary":"825942255013703","name":"Rieu Colin","operator":"CD84","ref":"30021","tourism":"information","osm_id":7319304284,"@id":"node/7319304284"}},{"type":"Feature","id":"node/7319329485","geometry":{"type":"Point","coordinates":[4.7270615,44.244515]},"properties":{"destination":"Mondragon;Rieu Colin|St Ari\u00e8s;Les Massanes Sud|Circuit des Vach\u00e8res","hiking":"yes","information":"guidepost","mapillary":"455618785505626","name":"Les Massanes Ouest","operator":"CD84","ref":"30018","tourism":"information","osm_id":7319329485,"@id":"node/7319329485"}},{"type":"Feature","id":"node/7319329513","geometry":{"type":"Point","coordinates":[4.7382879,44.2448844]},"properties":{"destination":"Mondragon;Les Massanes Ouest|St Ari\u00e8s;La Roquette Est|Circuit des Vach\u00e8res","hiking":"yes","information":"guidepost","mapillary":"304485084490631","name":"Les Massanes Sud","operator":"CD84","tourism":"information","osm_id":7319329513,"@id":"node/7319329513"}},{"type":"Feature","id":"node/7319329523","geometry":{"type":"Point","coordinates":[4.7511336,44.2298707]},"properties":{"destination":"Mondragon;Les Peyras|Rochegude;Mornas;Le Grand Serre|Circuit des Vach\u00e8res;Le V\u00e9lobos","hiking":"yes","information":"guidepost","mapillary":"497775214903217","name":"Le Grand Serre Nord","operator":"CD84","ref":"30077","tourism":"information","osm_id":7319329523,"@id":"node/7319329523"}},{"type":"Feature","id":"node/7319329524","geometry":{"type":"Point","coordinates":[4.7348452,44.2364674]},"properties":{"destination":"Rochegude;Mondragon;Le Grand Serre Nord|Mondragon;Le Gr\u00e8s Sud","hiking":"yes","information":"guidepost","mapillary":"286506136516349","name":"Les Peyras","operator":"CD84","ref":"28851","tourism":"information","osm_id":7319329524,"@id":"node/7319329524"}},{"type":"Feature","id":"node/7319329525","geometry":{"type":"Point","coordinates":[4.7090645,44.2407997]},"properties":{"destination":"Pont St Esprit;Le Canal","hiking":"yes","information":"guidepost","mapillary":"144807990966794","name":"Le Clastre","operator":"CD84","ref":"29999","tourism":"information","osm_id":7319329525,"@id":"node/7319329525"}},{"type":"Feature","id":"node/7319432937","geometry":{"type":"Point","coordinates":[4.7898164,44.2752665]},"properties":{"destination":"Boll\u00e8ne;P\u00e9n\u00e8gue|Rochegude|Circuit des Chapelles - A/R;Chapelle de Bauzon|Circuit des Chapelles","hiking":"yes","information":"guidepost","mapillary":"1157791071313162","name":"St Blaise","operator":"CD84","tourism":"information","osm_id":7319432937,"@id":"node/7319432937"}},{"type":"Feature","id":"node/7319432949","geometry":{"type":"Point","coordinates":[4.7831136,44.2648299]},"properties":{"destination":"Rochegude;Derboux|Boll\u00e8ne;Roquette|?","hiking":"yes","information":"guidepost","mapillary":"2902387626667079","name":"Noyeres Est","operator":"CD84","ref":"29364","tourism":"information","osm_id":7319432949,"@id":"node/7319432949"}},{"type":"Feature","id":"node/7319581390","geometry":{"type":"Point","coordinates":[4.9443848,44.2240432]},"properties":{"destination":"Cairanne;Les Seppes|Rasteau;La Meyeau Nord","hiking":"yes","information":"guidepost","mapillary":"507751270262836","name":"La Meyeau","operator":"CD84","tourism":"information","osm_id":7319581390,"@id":"node/7319581390"}},{"type":"Feature","id":"node/7319581391","geometry":{"type":"Point","coordinates":[4.9039525,44.2352711]},"properties":{"destination":"Ste C\u00e9cile les Vignes;Galifet|Cairanne;La B\u00e9raude Ouest","hiking":"yes","information":"guidepost","mapillary":"911144106401768","name":"Le Cros de Romet","operator":"CD84","ref":"28639","tourism":"information","osm_id":7319581391,"@id":"node/7319581391"}},{"type":"Feature","id":"node/7319687752","geometry":{"type":"Point","coordinates":[5.0851572,44.2784596]},"properties":{"destination":"Vaison la Romaine;Crotedollier|St Romain en Viennois;Paup\u00e9ras","hiking":"yes","information":"guidepost","mapillary":"486701915718264","name":"Petre Est\u00e8ve","operator":"CD84","tourism":"information","osm_id":7319687752,"@id":"node/7319687752"}},{"type":"Feature","id":"node/7319687753","geometry":{"type":"Point","coordinates":[5.0980244,44.2755531]},"properties":{"destination":"St Romain en Viennois;Coste d'Aran|Vaison la Romaine;Petre-Est\u00e8ve","hiking":"yes","information":"guidepost","mapillary":"340714844144147;801541920472966","name":"Paup\u00e9ras","operator":"CD84","ref":"29479","tourism":"information","osm_id":7319687753,"@id":"node/7319687753"}},{"type":"Feature","id":"node/7319854101","geometry":{"type":"Point","coordinates":[5.1321226,44.2821732]},"properties":{"destination":"Maneyrole;Les Estagnols|Puym\u00e9ras","hiking":"yes","information":"guidepost","mapillary":"2832301067037070","name":"Le Claux","operator":"CD84","ref":"29522","tourism":"information","osm_id":7319854101,"@id":"node/7319854101"}},{"type":"Feature","id":"node/7319854102","geometry":{"type":"Point","coordinates":[5.1459199,44.2937815]},"properties":{"destination":"Maneyrole|Puym\u00e9ras;Le Claux","hiking":"yes","information":"guidepost","mapillary":"4305356362827949","name":"Les Estagnols","operator":"CD84","ref":"29528","tourism":"information","osm_id":7319854102,"@id":"node/7319854102"}},{"type":"Feature","id":"node/7319854103","geometry":{"type":"Point","coordinates":[5.1726106,44.3067337]},"properties":{"destination":"Pi\u00e9gon;B\u00e9nivay-Ollon|Maneyrole","hiking":"yes","information":"guidepost","mapillary":"138937394947290","name":"Pas de Maneyrole","operator":"CD84","ref":"30081","tourism":"information","osm_id":7319854103,"@id":"node/7319854103"}},{"type":"Feature","id":"node/7319854104","geometry":{"type":"Point","coordinates":[5.1716866,44.3063109]},"properties":{"destination":"Puym\u00e9ras;Les Estagnols|Pas de Maneyrole|Puym\u00e9ras;La Montagne","hiking":"yes","information":"guidepost","mapillary":"4159588110774034","name":"Maneyrole","operator":"CD84","ref":"29541","tourism":"information","osm_id":7319854104,"@id":"node/7319854104"}},{"type":"Feature","id":"node/7319854105","geometry":{"type":"Point","coordinates":[5.1688085,44.3019637]},"properties":{"destination":"Maneyrole|Puym\u00e9ras;Pas de Chauvet","hiking":"yes","information":"guidepost","mapillary":"526822965150739","name":"La Montagne","operator":"CD84","tourism":"information","osm_id":7319854105,"@id":"node/7319854105"}},{"type":"Feature","id":"node/7319854111","geometry":{"type":"Point","coordinates":[5.1673327,44.2965301]},"properties":{"destination":"Pi\u00e9gon;B\u00e9nivay-Ollon|Puym\u00e9ras;Le Grand Dev\u00e9s|Maneyrole;La Montagne","hiking":"yes","information":"guidepost","mapillary":"823199941736631","name":"Pas de Chauvet","operator":"CD84","ref":"29539","tourism":"information","osm_id":7319854111,"@id":"node/7319854111"}},{"type":"Feature","id":"node/7319854113","geometry":{"type":"Point","coordinates":[5.1567386,44.2865221]},"properties":{"destination":"Le Th\u00e9ron|Maneyrole;Pas de Chauvet","hiking":"yes","information":"guidepost","mapillary":"868951587021125","name":"Le Grand Dev\u00e9s","operator":"CD84","ref":"29575","tourism":"information","osm_id":7319854113,"@id":"node/7319854113"}},{"type":"Feature","id":"node/7319962160","geometry":{"type":"Point","coordinates":[5.1474796,44.2687155]},"properties":{"destination":"M\u00e9rindol-les-Oliviers|Faucon;Les Sabli\u00e8res","hiking":"yes","information":"guidepost","mapillary":"3132824910278707","name":"Pont du Valat","operator":"CD84","tourism":"information","osm_id":7319962160,"@id":"node/7319962160"}},{"type":"Feature","id":"node/7319962166","geometry":{"type":"Point","coordinates":[5.1435569,44.2619256]},"properties":{"destination":"Faucon|Puym\u00e9ras","hiking":"yes","information":"guidepost","mapillary":"137214008440210","name":"L'Ayguette","operator":"CD84","ref":"28303","tourism":"information","osm_id":7319962166,"@id":"node/7319962166"}},{"type":"Feature","id":"node/7319962167","geometry":{"type":"Point","coordinates":[5.1455981,44.2601314]},"properties":{"destination":"M\u00e9rindol-les-Oliviers;Le Serre|Puym\u00e9ras;L'Ayguette","hiking":"yes","information":"guidepost","mapillary":"133452962355715","name":"Faucon","operator":"CD84","ref":"28338","tourism":"information","osm_id":7319962167,"@id":"node/7319962167"}},{"type":"Feature","id":"node/7320509611","geometry":{"type":"Point","coordinates":[4.9618929,44.3362656]},"properties":{"destination":"Grillon;Le Gu\u00e9 de l'H\u00e9rein|Valr\u00e9as;Serre de l'Obrieu","hiking":"yes","information":"guidepost","mapillary":"977324336344632","name":"Draille de Ferr\u00e9ol","operator":"CD84","tourism":"information","osm_id":7320509611,"@id":"node/7320509611"}},{"type":"Feature","id":"node/7320509612","geometry":{"type":"Point","coordinates":[4.9931252,44.3286393]},"properties":{"destination":"Valr\u00e9as;Le Grand Armasse|Visan;Polidon Est","hiking":"yes","information":"guidepost","mapillary":"469349034174703","name":"Polidon","operator":"CD84","ref":"29691","tourism":"information","osm_id":7320509612,"@id":"node/7320509612"}},{"type":"Feature","id":"node/7320509613","geometry":{"type":"Point","coordinates":[5.0015165,44.3384507]},"properties":{"destination":"Valr\u00e9as;Les Leuches|Visan;Polidon","hiking":"yes","information":"guidepost","mapillary":"1909250519228939","name":"Le Grand Armasse","operator":"CD84","ref":"28967","tourism":"information","osm_id":7320509613,"@id":"node/7320509613"}},{"type":"Feature","id":"node/7320509614","geometry":{"type":"Point","coordinates":[4.9966148,44.3676191]},"properties":{"destination":"Visan;Les Blagiers|Valr\u00e9as;Cinq Cantons","hiking":"yes","information":"guidepost","mapillary":"1219640791782523;919331298627486;496076048273590;1639726709750370","name":"Fanfinette Nord","operator":"CD84","ref":"28953","tourism":"information","osm_id":7320509614,"@id":"node/7320509614"}},{"type":"Feature","id":"node/7320509615","geometry":{"type":"Point","coordinates":[4.9375029,44.3611503]},"properties":{"destination":"Testourias|le Gu\u00e9 de l'H\u00e9rein","hiking":"yes","information":"guidepost","mapillary":"927088531448212;504432290986052;780078936206041;162633819144349","name":"Pierre Blanche","operator":"CD84","ref":"29161","tourism":"information","osm_id":7320509615,"@id":"node/7320509615"}},{"type":"Feature","id":"node/7320509616","geometry":{"type":"Point","coordinates":[4.9402984,44.3747913]},"properties":{"destination":"Visan;Testourias|Grillon;Les Granges","hiking":"yes","information":"guidepost","mapillary":"303342907995844","name":"Les Veilles","operator":"CD84","ref":"29243","tourism":"information","osm_id":7320509616,"@id":"node/7320509616"}},{"type":"Feature","id":"node/7320509617","geometry":{"type":"Point","coordinates":[4.9217402,44.4049059]},"properties":{"bicycle":"yes","destination":"Croc|Grillon;Coteau de St Martin","hiking":"yes","information":"guidepost","mapillary":"228045638674007","mtb":"yes","name":"Bellevue","operator":"CD84","ref":"29781","tourism":"information","osm_id":7320509617,"@id":"node/7320509617"}},{"type":"Feature","id":"node/7320509618","geometry":{"type":"Point","coordinates":[4.9350279,44.3922782]},"properties":{"bicycle":"yes","destination":"Visan;La Calamande|Grillon","hiking":"yes","information":"guidepost","mapillary":"138871994851396","mtb":"yes","name":"Alen\u00e7on","operator":"CD84","ref":"29271","tourism":"information","osm_id":7320509618,"@id":"node/7320509618"}},{"type":"Feature","id":"node/7320509619","geometry":{"type":"Point","coordinates":[4.9272971,44.3889025]},"properties":{"destination":"Colonzelle;Auth\u00e8ze","hiking":"yes","information":"guidepost","mapillary":"169012801802955","name":"La Crozette","operator":"CD84","ref":"29797","tourism":"information","osm_id":7320509619,"@id":"node/7320509619"}},{"type":"Feature","id":"node/7320509621","geometry":{"type":"Point","coordinates":[4.9159916,44.3836025]},"properties":{"bicycle":"yes","destination":"Grillon;Auth\u00e8ze|Colonzelle;Le Grd Valat","hiking":"yes","information":"guidepost","mapillary":"335850097899088","mtb":"yes","name":"Auth\u00e8ze Sud","operator":"CD84","ref":"29799","tourism":"information","osm_id":7320509621,"@id":"node/7320509621"}},{"type":"Feature","id":"node/7320509622","geometry":{"type":"Point","coordinates":[4.9109812,44.3626935]},"properties":{"destination":"Margerie;Aub\u00e9part","hiking":"yes","information":"guidepost","mapillary":"189562716357907","name":"ND de Bon Rencontre","operator":"CD84","ref":"29760","tourism":"information","osm_id":7320509622,"@id":"node/7320509622"}},{"type":"Feature","id":"node/7320509623","geometry":{"type":"Point","coordinates":[4.8856846,44.3218803]},"properties":{"destination":"Bouchet;Visan;St Pierre Sud","hiking":"yes","information":"guidepost","mapillary":"380428269942777","name":"Toussaint","operator":"CD84","ref":"29747","tourism":"information","osm_id":7320509623,"@id":"node/7320509623"}},{"type":"Feature","id":"node/7323439202","geometry":{"type":"Point","coordinates":[4.8993431,44.336609]},"properties":{"destination":"Richerenches;La Grande Ausi\u00e8re|Baume de Transit;Bel-Air","hiking":"yes","information":"guidepost","mapillary":"776700239884344","name":"Le Talobre","operator":"CD84","ref":"29186","tourism":"information","osm_id":7323439202,"@id":"node/7323439202"}},{"type":"Feature","id":"node/7323499990","geometry":{"type":"Point","coordinates":[4.9005394,44.3395902]},"properties":{"destination":"Baume de Transit;Le Talobre|Richerenches;Cimeti\u00e8re de Richerenches","hiking":"yes","information":"guidepost","name":"La Grande Ausi\u00e8re","operator":"CD84","ref":"29185","tourism":"information","osm_id":7323499990,"@id":"node/7323499990"}},{"type":"Feature","id":"node/7325913934","geometry":{"type":"Point","coordinates":[5.0921443,44.1589911]},"properties":{"destination":"La Pousterle;Le Partifiage|Le Barroux;Rabassi\u00e8res|Lafare;Suze","hiking":"yes","information":"guidepost","mapillary":"239263647995384;1045937596176250;377217546998992","name":"Les Estallaides","operator":"CD84","tourism":"information","osm_id":7325913934,"@id":"node/7325913934"}},{"type":"Feature","id":"node/7326034271","geometry":{"type":"Point","coordinates":[5.0462403,44.0572714]},"properties":{"destination":"Chapelle St Martin de Serres;Chapelle N.-D. de Sant\u00e9","hiking":"yes","information":"guidepost","mapillary":"136415438533824","name":"Pont des Tanneries","operator":"CD84","tourism":"information","osm_id":7326034271,"@id":"node/7326034271"}},{"type":"Feature","id":"node/7326034272","geometry":{"type":"Point","coordinates":[5.0493751,44.0586033]},"properties":{"destination":"Chapelle St Martin de Serres;Le Tunnel|Pont des Tanneries","hiking":"yes","information":"guidepost","mapillary":"4329979153702194","name":"Chapelle N.-D. de Sant\u00e9","operator":"CD84","tourism":"information","osm_id":7326034272,"@id":"node/7326034272"}},{"type":"Feature","id":"node/7326100619","geometry":{"type":"Point","coordinates":[5.0533167,44.0879896]},"properties":{"destination":"Carpentras;St Martin","hiking":"yes","information":"guidepost","mapillary":"251180570129503","name":"Chapelle St Martin de Serres","operator":"CD84","tourism":"information","osm_id":7326100619,"@id":"node/7326100619"}},{"type":"Feature","id":"node/7326193918","geometry":{"type":"Point","coordinates":[5.054818,44.0589864]},"properties":{"destination":"Chapelle St Martin de Serres;Siphon|Pont des Tanneries;Chapelle N.-D. de Sant\u00e9","hiking":"yes","information":"guidepost","mapillary":"380581933252829","name":"Le Tunnel","operator":"CD84","ref":"16863","tourism":"information","osm_id":7326193918,"@id":"node/7326193918"}},{"type":"Feature","id":"node/7326213195","geometry":{"type":"Point","coordinates":[5.0739784,44.1543381]},"properties":{"destination":"Lafare;Les M\u00f4les|Le Barroux;Les Estallaides","hiking":"yes","information":"guidepost","mapillary":"1144146542732612","name":"Suze","operator":"CD84","ref":"532","tourism":"information","osm_id":7326213195,"@id":"node/7326213195"}},{"type":"Feature","id":"node/7329666432","geometry":{"type":"Point","coordinates":[5.2616613,44.1152364]},"properties":{"destination":"Chalet Reynard;L'Ecluse du Grand Zene|St-Est\u00e8ve;Jas de Montagard|Les Baysses Nord","hiking":"yes","information":"guidepost","mapillary":"297258395393485","name":"Chanvillard Nord","operator":"CD84","tourism":"information","osm_id":7329666432,"@id":"node/7329666432"}},{"type":"Feature","id":"node/7331695089","geometry":{"type":"Point","coordinates":[5.318632,44.1367378]},"properties":{"destination":"Le Rat Ouest","hiking":"yes","information":"guidepost","mapillary":"578437343197537;1188934958280404;868199267244733","operator":"CD84","tourism":"information","osm_id":7331695089,"@id":"node/7331695089"}},{"type":"Feature","id":"node/7331695090","geometry":{"type":"Point","coordinates":[5.3188983,44.1368962]},"properties":{"destination":"Pas de la Frache;Combe Brune","hiking":"yes","information":"guidepost","mapillary":"170832221846153;1996277187197205","operator":"CD84","tourism":"information","osm_id":7331695090,"@id":"node/7331695090"}},{"type":"Feature","id":"node/7331695112","geometry":{"type":"Point","coordinates":[5.3072575,44.128832]},"properties":{"destination":"Les Melettes;Perrache|Flassan;Petit Moutet|Font d'Angi\u00e9u","hiking":"yes","information":"guidepost","mapillary":"511882343486192;44.12879063939485;370429351075592","name":"Petit Moutet Est","operator":"CD84","ref":"2093","tourism":"information","osm_id":7331695112,"@id":"node/7331695112"}},{"type":"Feature","id":"node/7331868162","geometry":{"type":"Point","coordinates":[5.3343525,44.1378317]},"properties":{"destination":"Jas Forest;La Grand C\u00f4te|Col des Abeilles;l'Arigier|Font d'Angi\u00e9u;Le Rat Ouest","hiking":"yes","information":"guidepost","mtb":"yes","name":"Le Rat","operator":"CD84","panoramax":"9ec91422-13e5-493a-9959-5a43740407c9;aa7b3307-4563-421c-8412-a6fe165e2865","ref":"2128","tourism":"information","osm_id":7331868162,"@id":"node/7331868162"}},{"type":"Feature","id":"node/7332669335","geometry":{"type":"Point","coordinates":[5.349694,44.092238]},"properties":{"destination":"Col de la Frache;Colombets|Monieux;La Loubati\u00e8re","hiking":"yes","information":"guidepost","mapillary":"906889113196145","name":"Pi\u00e9 d'Ubac","operator":"CD84","ref":"14562","tourism":"information","osm_id":7332669335,"@id":"node/7332669335"}},{"type":"Feature","id":"node/7332669551","geometry":{"type":"Point","coordinates":[5.3530401,44.0936919]},"properties":{"destination":"Sault;Le Seigneur|Les Abeilles;Colombets","hiking":"yes","information":"guidepost","mapillary":"373956014004331","name":"Collet de Gaveou","operator":"CD84","ref":"2155","tourism":"information","osm_id":7332669551,"@id":"node/7332669551"}},{"type":"Feature","id":"node/7332669552","geometry":{"type":"Point","coordinates":[5.3553012,44.0798233]},"properties":{"destination":"Col de la Frache;La Loubati\u00e8re","hiking":"yes","information":"guidepost","mapillary":"475475536892708;3185503125033802","name":"Les Croix de Fer","operator":"CD84","tourism":"information","osm_id":7332669552,"@id":"node/7332669552"}},{"type":"Feature","id":"node/7335006434","geometry":{"type":"Point","coordinates":[5.3198236,44.0258926]},"properties":{"destination":"Monieux;Chemin de Berbery|Mur de la Peste|Monieux;Coulet de Charrau","hiking":"yes","information":"guidepost","mapillary":"1188971881539482;322744922698683;821296255470104;992584048160243;794003491243392;843090682955766","mtb":"yes","name":"St-Hubert","operator":"CD84","tourism":"information","osm_id":7335006434,"@id":"node/7335006434"}},{"type":"Feature","id":"node/7335006448","geometry":{"type":"Point","coordinates":[5.3184456,44.0242378]},"properties":{"destination":"St-Hubert;Mur de la Peste|Lioux;Fillol|Ch\u00e2teau de Javon;Lausemolan","hiking":"yes","information":"guidepost","mapillary":"1349074562144707;316616583345284;324571679229393;1141576596311950;2734029963479531","mtb":"yes","name":"Grand Adrech","operator":"CD84","ref":"9641","tourism":"information","osm_id":7335006448,"@id":"node/7335006448"}},{"type":"Feature","id":"node/7335006451","geometry":{"type":"Point","coordinates":[5.3532708,44.0307693]},"properties":{"destination":"Monieux;Les Cavalets N|Ch\u00e2teau de Javon;Bois Tomba|Combe Longue","hiking":"yes","information":"guidepost","mapillary":"312482803843001","name":"Les Cavalets S","operator":"CD84","ref":"16745","tourism":"information","osm_id":7335006451,"@id":"node/7335006451"}},{"type":"Feature","id":"node/7335006452","geometry":{"type":"Point","coordinates":[5.3532144,44.0309621]},"properties":{"destination":"St-Hubert;Coulet de Charrau|Monieux;La Devendoure|Ch\u00e2teau de Javon;Les Cavalets S","hiking":"yes","information":"guidepost","mapillary":"168540881778010;220818082853690;493804941821704;2899762760238418;507835943591188;2804150456468540;303510038169211","name":"Les Cavalets N","operator":"CD84","ref":"9626","tourism":"information","osm_id":7335006452,"@id":"node/7335006452"}},{"type":"Feature","id":"node/7339902520","geometry":{"type":"Point","coordinates":[5.1946986,44.0325569]},"properties":{"destination":"Blauvac|Malemort du Comtat;Les Blaques|Mormoiron;Col Blanc","hiking":"yes","information":"guidepost","mapillary":"498739724891474;299908161778585;910906496366655;1148754358885338;202515978374503","name":"Les Blaques Nord","operator":"CD84","tourism":"information","osm_id":7339902520,"@id":"node/7339902520"}},{"type":"Feature","id":"node/7339902521","geometry":{"type":"Point","coordinates":[5.1975363,44.0312494]},"properties":{"destination":"Mormoiron;Les Blaques Nord","hiking":"yes","information":"guidepost","mapillary":"498554358010802;157440219676516;3616493958455254","name":"Blauvac","operator":"CD84","ref":"30135","tourism":"information","osm_id":7339902521,"@id":"node/7339902521"}},{"type":"Feature","id":"node/7339902522","geometry":{"type":"Point","coordinates":[5.2055313,44.0364732]},"properties":{"destination":"Blauvac;Bosquet|Villes-sur-Auzon;N-D des Neiges","hiking":"yes","information":"guidepost","mapillary":"501300951115422","name":"Les Castes","operator":"CD84","ref":"15613","tourism":"information","osm_id":7339902522,"@id":"node/7339902522"}},{"type":"Feature","id":"node/7339902544","geometry":{"type":"Point","coordinates":[5.2189947,44.0126336]},"properties":{"destination":"Blauvac;La Roque","hiking":"yes","information":"guidepost","mapillary":"301262731548011","mtb":"yes","name":"La Roubaude","operator":"CD84","ref":"15634","tourism":"information","osm_id":7339902544,"@id":"node/7339902544"}},{"type":"Feature","id":"node/7339902576","geometry":{"type":"Point","coordinates":[5.2319343,44.0199527]},"properties":{"destination":"Pr\u00e8s de la Grand Font|St-Hubert;Faraud|Villes sur Auzon;Le Grand Corps","hiking":"yes","information":"guidepost","mapillary":"186780326667906","name":"Les D\u00e9vens","operator":"CD84","ref":"14660","tourism":"information","osm_id":7339902576,"@id":"node/7339902576"}},{"type":"Feature","id":"node/7339990541","geometry":{"type":"Point","coordinates":[5.1818111,44.0670718]},"properties":{"destination":"Crillon le Brave;Vallat de Roux","hiking":"yes","information":"guidepost","mapillary":"511039063659097;191126516206809","name":"Mormoiron","operator":"CD84","ref":"15126","tourism":"information","osm_id":7339990541,"@id":"node/7339990541"}},{"type":"Feature","id":"node/7339990548","geometry":{"type":"Point","coordinates":[5.1698372,44.0619436]},"properties":{"destination":"Crillon Le Brave;Les Hautes Retraches|Malemort-du-Comtat Mormoiron;Le Brillas","hiking":"yes","information":"guidepost","mapillary":"328242988651016","name":"Les Retraches","operator":"CD84","ref":"17475","tourism":"information","osm_id":7339990548,"@id":"node/7339990548"}},{"type":"Feature","id":"node/7339990559","geometry":{"type":"Point","coordinates":[5.1645405,44.0667142]},"properties":{"destination":"Chapelle St-Alban|Crillon le Brave;Vallat de Roux|Les Retraches","hiking":"yes","information":"guidepost","mapillary":"210196754055083","name":"Les Hautes Retraches","operator":"CD84","ref":"15107","tourism":"information","osm_id":7339990559,"@id":"node/7339990559"}},{"type":"Feature","id":"node/7340658606","geometry":{"type":"Point","coordinates":[5.1748864,44.0219374]},"properties":{"destination":"Malemort-du-Comtat;Jardin du Touve|Blauvac;Les Engarouines|Mormoiron;La Paradisse","hiking":"yes","information":"guidepost","mapillary":"338280351048276","name":"Rigoy","operator":"CD84","ref":"15640","tourism":"information","osm_id":7340658606,"@id":"node/7340658606"}},{"type":"Feature","id":"node/7340658617","geometry":{"type":"Point","coordinates":[5.1872742,44.0215353]},"properties":{"destination":"Malemort du Comtat;Rigoy|Venasque;Font-Neuve|Blauvac;Les Salets","hiking":"yes","information":"guidepost","mapillary":"995091534630990","name":"Les Engarouines","operator":"CD84","ref":"15648","tourism":"information","osm_id":7340658617,"@id":"node/7340658617"}},{"type":"Feature","id":"node/7340658640","geometry":{"type":"Point","coordinates":[5.1820117,44.0310592]},"properties":{"destination":"Mormoiron;Salets sur Rigoy|Malemort du Comtat;Rigoy|Malemort du Comtat;Jardin du Touve","hiking":"yes","information":"guidepost","mapillary":"486205032437315","name":"La Paradisse","operator":"CD84","ref":"14884","tourism":"information","osm_id":7340658640,"@id":"node/7340658640"}},{"type":"Feature","id":"node/7340788416","geometry":{"type":"Point","coordinates":[5.1009821,43.9424745]},"properties":{"destination":"Saumane-de-Vaucluse;Les Ferayes|La Tuilli\u00e8re|Le Jonquier","hiking":"yes","information":"guidepost","mapillary":"2824946977673428;498213317995613","name":"Les Catouni\u00e8res","operator":"CD84","ref":"15991","tourism":"information","osm_id":7340788416,"@id":"node/7340788416"}},{"type":"Feature","id":"node/7340788418","geometry":{"type":"Point","coordinates":[5.1743205,43.9658279]},"properties":{"destination":"Malemort du Comtat;L'Agas|La Pouraque;Genestri\u00e8re|Methamis;Mur de la Peste","hiking":"yes","information":"guidepost","mapillary":"801850410536302;779556596082849;893406714941635","name":"Mont Serein Sud","operator":"CD84","ref":"15778","tourism":"information","osm_id":7340788418,"@id":"node/7340788418"}},{"type":"Feature","id":"node/7340788419","geometry":{"type":"Point","coordinates":[5.1619836,43.9996827]},"properties":{"destination":"Venasque;Les Souveilles|Murs;Fond de Nesque|Malemort-du-Comtat;St-F\u00e9lix","hiking":"yes","information":"guidepost","mapillary":"3972043289538134","name":"La Roberte","operator":"CD84","ref":"16302","tourism":"information","osm_id":7340788419,"@id":"node/7340788419"}},{"type":"Feature","id":"node/7340788420","geometry":{"type":"Point","coordinates":[5.1594436,43.9982713]},"properties":{"destination":"Venasque;La P\u00e9r\u00e9grine|Venasque;St-Maurice|Malemort-du-Comtat;La Roberte","hiking":"yes","information":"guidepost","mapillary":"590440371846454","name":"Les Souveilles","operator":"CD84","ref":"15732","tourism":"information","osm_id":7340788420,"@id":"node/7340788420"}},{"type":"Feature","id":"node/7340788421","geometry":{"type":"Point","coordinates":[5.1460245,43.9973852]},"properties":{"destination":"St-Maurice|Saint-Didier;Les Ponts|Malemort-du-Comtat;N-D de Vie","hiking":"yes","information":"guidepost","mapillary":"453967252370570;798433187761074;4497713196923259","name":"Calvaire","operator":"CD84","ref":"16950","tourism":"information","osm_id":7340788421,"@id":"node/7340788421"}},{"type":"Feature","id":"node/7340788422","geometry":{"type":"Point","coordinates":[5.1222467,43.9987074]},"properties":{"destination":"St Didier;Les Oratoires|For\u00eat D\u00e9partementale|Le Grand Conil","hiking":"yes","information":"guidepost","mapillary":"904179340429496;158921399511104","name":"For\u00eat D\u00e9partementale Nord","operator":"CD84","ref":"17441","tourism":"information","osm_id":7340788422,"@id":"node/7340788422"}},{"type":"Feature","id":"node/7340788423","geometry":{"type":"Point","coordinates":[5.1241645,43.9955461]},"properties":{"destination":"Venasque;For\u00eat D\u00e9partementale|St Didier;For\u00eat D\u00e9partementale Nord","hiking":"yes","information":"guidepost","mapillary":"117079923769082","name":"Le Grand Conil","operator":"CD84","ref":"31141","tourism":"information","osm_id":7340788423,"@id":"node/7340788423"}},{"type":"Feature","id":"node/7340792742","geometry":{"type":"Point","coordinates":[5.1779448,44.046344]},"properties":{"destination":"Mormoiron;Ste-Croix|Mazan;Le Grand Biol","hiking":"yes","information":"guidepost","mapillary":"300033038287837;490546915483960;931378261049669;774543526810682;377634670265515","name":"Les Petits Boeufs","operator":"CD84","ref":"14842","tourism":"information","osm_id":7340792742,"@id":"node/7340792742"}},{"type":"Feature","id":"node/7340837313","geometry":{"type":"Point","coordinates":[5.1868337,44.0442599]},"properties":{"destination":"Malemort-du-Comtat;Col Blanc|Mormoiron;Ste-Croix","hiking":"yes","information":"guidepost","mapillary":"222949805939427;136273161890828;493404051900457;179421277304690","name":"Les Anges","operator":"CD84","ref":"15120","tourism":"information","osm_id":7340837313,"@id":"node/7340837313"}},{"type":"Feature","id":"node/7341655857","geometry":{"type":"Point","coordinates":[5.1270868,43.9804924]},"properties":{"destination":"Saumane-de-Vaucluse;Traversi\u00e8re|Le D\u00e9gouta\u00efre","hiking":"yes","information":"guidepost","mapillary":"162753752521174;162844149119952;585509599087849;","name":"Carbonni\u00e8re","operator":"CD84","ref":"17027","tourism":"information","osm_id":7341655857,"@id":"node/7341655857"}},{"type":"Feature","id":"node/7343562863","geometry":{"type":"Point","coordinates":[5.3599944,43.8810438]},"properties":{"hiking":"yes","information":"guidepost","mapillary":"1134318743646928","name":"Bosque","operator":"CD84","ref":"3414","tourism":"information","osm_id":7343562863,"@id":"node/7343562863"}},{"type":"Feature","id":"node/7364289835","geometry":{"type":"Point","coordinates":[5.1958274,43.9502364]},"properties":{"destination":"Abbaye de S\u00e9nanque","information":"guidepost","mapillary":"119621587003031","tourism":"information","osm_id":7364289835,"@id":"node/7364289835"}},{"type":"Feature","id":"node/7364326416","geometry":{"type":"Point","coordinates":[4.7367986,44.1652845]},"properties":{"destination":"Plan d'eau Li Piboulo","information":"guidepost","mapillary":"2600133313622041","tourism":"information","osm_id":7364326416,"@id":"node/7364326416"}},{"type":"Feature","id":"node/7365956189","geometry":{"type":"Point","coordinates":[4.9489633,44.3144382]},"properties":{"information":"guidepost","mapillary":"1210486822738784","osm_id":7365956189,"@id":"node/7365956189"}},{"type":"Feature","id":"node/7366287158","geometry":{"type":"Point","coordinates":[4.8009074,44.2309024]},"properties":{"destination":"Chemin de Hauteville;Chemin de Massillan","information":"guidepost","mapillary":"799069844066071","tourism":"information","osm_id":7366287158,"@id":"node/7366287158"}},{"type":"Feature","id":"node/7366336541","geometry":{"type":"Point","coordinates":[5.0724307,44.1986465]},"properties":{"destination":"Crestet;Sablet","information":"guidepost","mapillary":"198496858758861","tourism":"information","osm_id":7366336541,"@id":"node/7366336541"}},{"type":"Feature","id":"node/7410386697","geometry":{"type":"Point","coordinates":[5.1959562,43.9502379]},"properties":{"destination":"Gordes|Abbaye de S\u00e9nanque","information":"guidepost","mapillary":"308242867532621","tourism":"information","osm_id":7410386697,"@id":"node/7410386697"}},{"type":"Feature","id":"node/7410568456","geometry":{"type":"Point","coordinates":[5.2939257,43.901867]},"properties":{"destination":"Conservatoire des ocres;Parking St Joseph","information":"guidepost","mapillary:wide":"cEvaEktvSgizQRxwc0aQdg","name":"Roussillon","tourism":"information","osm_id":7410568456,"@id":"node/7410568456"}},{"type":"Feature","id":"node/7413473337","geometry":{"type":"Point","coordinates":[4.8058405,44.102597]},"properties":{"destination":"Lyc\u00e9e viticole","information":"guidepost","mapillary":"581770772788504","operator":"Enedis","osm_id":7413473337,"@id":"node/7413473337"}},{"type":"Feature","id":"node/7413686072","geometry":{"type":"Point","coordinates":[5.1093057,43.9863976]},"properties":{"destination":"Le Beaucet","information":"guidepost","mapillary":"166994032006249&x=0.13&y=0.64&zoom=2.14","osm_id":7413686072,"@id":"node/7413686072"}},{"type":"Feature","id":"node/7413752814","geometry":{"type":"Point","coordinates":[4.8048069,43.9530053]},"properties":{"destination":"Autres directions;N\u00eemes,Arles,Aix-en-Provence;Bagnol/C\u00e8ze;Centre hospitalier;Hors gabarit","information":"guidepost","mapillary":"1408551692832992","panoramax":"8f29f12f-7133-4d99-ba4a-79a537d75314","tourism":"information","osm_id":7413752814,"@id":"node/7413752814"}},{"type":"Feature","id":"node/7413957042","geometry":{"type":"Point","coordinates":[4.7950635,43.953818]},"properties":{"destination":"Ile de la Barthelasse,CD228;Ile des Papes;Campings;Camping-car;Retour Avignon;Parking Ile Piot","information":"guidepost","mapillary":"329996035209140","tourism":"information","osm_id":7413957042,"@id":"node/7413957042"}},{"type":"Feature","id":"node/7417065297","geometry":{"type":"Point","coordinates":[5.0296847,44.1215988]},"properties":{"destination":"Vacqueyras,Sarrrians|Parking village","information":"guidepost","mapillary":"1107743236413117&x=0.48&y=0.55&zoom=0.79","osm_id":7417065297,"@id":"node/7417065297"}},{"type":"Feature","id":"node/7417065300","geometry":{"type":"Point","coordinates":[5.029739,44.1216253]},"properties":{"destination":"Lafare,Malauc\u00e8ne|La Roque Alric,Suzette|Camping municipal","information":"guidepost","mapillary":"1528481854153793","osm_id":7417065300,"@id":"node/7417065300"}},{"type":"Feature","id":"node/7545613117","geometry":{"type":"Point","coordinates":[5.5053246,43.6952801]},"properties":{"information":"guidepost","tourism":"information","osm_id":7545613117,"@id":"node/7545613117"}},{"type":"Feature","id":"node/7550998970","geometry":{"type":"Point","coordinates":[5.5601402,43.8215207]},"properties":{"destination":"Les Cr\u00eates;Coteau de la Combe|Vitrolles;L'Aire des Mascas","hiking":"yes","information":"guidepost","mtb":"yes","name":"Les Cours","operator":"CD84","tourism":"information","osm_id":7550998970,"@id":"node/7550998970"}},{"type":"Feature","id":"node/7551028434","geometry":{"type":"Point","coordinates":[5.6000608,43.8082717]},"properties":{"hiking":"yes","information":"guidepost","name":"Les Pins","operator":"CD84","tourism":"information","osm_id":7551028434,"@id":"node/7551028434"}},{"type":"Feature","id":"node/7681302559","geometry":{"type":"Point","coordinates":[5.5957217,43.8104879]},"properties":{"hiking":"yes","information":"guidepost","mtb":"yes","name":"La Combe","operator":"CD84","tourism":"information","osm_id":7681302559,"@id":"node/7681302559"}},{"type":"Feature","id":"node/7696183995","geometry":{"type":"Point","coordinates":[5.1468441,43.8924282]},"properties":{"destination":"Mur de la Peste","information":"guidepost","tourism":"information","osm_id":7696183995,"@id":"node/7696183995"}},{"type":"Feature","id":"node/7705444585","geometry":{"type":"Point","coordinates":[4.8079911,44.138776]},"properties":{"information":"guidepost","tourism":"information","osm_id":7705444585,"@id":"node/7705444585"}},{"type":"Feature","id":"node/7724027605","geometry":{"type":"Point","coordinates":[4.8074396,43.9499301]},"properties":{"information":"guidepost","tourism":"information","osm_id":7724027605,"@id":"node/7724027605"}},{"type":"Feature","id":"node/7724036266","geometry":{"type":"Point","coordinates":[4.8066022,43.9502807]},"properties":{"information":"guidepost","tourism":"information","osm_id":7724036266,"@id":"node/7724036266"}},{"type":"Feature","id":"node/7724857471","geometry":{"type":"Point","coordinates":[4.9059452,44.1166601]},"properties":{"information":"guidepost","name":"Voisins vigilants","operator":"Voisins vigilants","tourism":"information","osm_id":7724857471,"@id":"node/7724857471"}},{"type":"Feature","id":"node/7972876423","geometry":{"type":"Point","coordinates":[5.4817469,43.8969579]},"properties":{"hiking":"yes","information":"guidepost","name":"La L\u00e8gue","operator":"CD84","tourism":"information","osm_id":7972876423,"@id":"node/7972876423"}},{"type":"Feature","id":"node/7976899229","geometry":{"type":"Point","coordinates":[4.805801,43.9465439]},"properties":{"information":"guidepost","tourism":"information","osm_id":7976899229,"@id":"node/7976899229"}},{"type":"Feature","id":"node/7984672093","geometry":{"type":"Point","coordinates":[4.8087263,43.9502013]},"properties":{"destination":"Th\u00e9\u00e2tre du ch\u00eane noir;Th\u00e9\u00e2tre Golovine","information":"guidepost","tourism":"information","osm_id":7984672093,"@id":"node/7984672093"}},{"type":"Feature","id":"node/7984684446","geometry":{"type":"Point","coordinates":[4.8090337,43.9507864]},"properties":{"destination":"Palais des Papes,Les Halles","information":"guidepost","tourism":"information","osm_id":7984684446,"@id":"node/7984684446"}},{"type":"Feature","id":"node/7984684689","geometry":{"type":"Point","coordinates":[4.8088591,43.9503881]},"properties":{"destination":"Th\u00e9\u00e2tre du ch\u00eane noir;Th\u00e9\u00e2tre Golovine","information":"guidepost","tourism":"information","osm_id":7984684689,"@id":"node/7984684689"}},{"type":"Feature","id":"node/7984705864","geometry":{"type":"Point","coordinates":[4.8095583,43.9515862]},"properties":{"destination":"Th\u00e9\u00e2tre du ch\u00eane noir;Th\u00e9\u00e2tre des amants","information":"guidepost","tourism":"information","osm_id":7984705864,"@id":"node/7984705864"}},{"type":"Feature","id":"node/8198057810","geometry":{"type":"Point","coordinates":[5.3967306,43.7393172]},"properties":{"destination":"St-Jean|Couguou","hiking":"yes","information":"guidepost","name":"La Petite Roy\u00e8re","operator":"CD84","tourism":"information","osm_id":8198057810,"@id":"node/8198057810"}},{"type":"Feature","id":"node/8349818781","geometry":{"type":"Point","coordinates":[4.902021,44.1189191]},"properties":{"information":"guidepost","name":"Voisins vigilants","operator":"Voisins vigilants","tourism":"information","osm_id":8349818781,"@id":"node/8349818781"}},{"type":"Feature","id":"node/8710475269","geometry":{"type":"Point","coordinates":[5.4178801,44.1408738]},"properties":{"hiking":"yes","information":"guidepost","tourism":"information","osm_id":8710475269,"@id":"node/8710475269"}},{"type":"Feature","id":"node/8710497661","geometry":{"type":"Point","coordinates":[5.415918,44.1425777]},"properties":{"hiking":"yes","information":"guidepost","tourism":"information","osm_id":8710497661,"@id":"node/8710497661"}},{"type":"Feature","id":"node/8793160860","geometry":{"type":"Point","coordinates":[5.4349473,44.1518482]},"properties":{"destination":"Montbrun-les-Bains|Aurel;Cimeti\u00e8re d'Aurel","hiking":"yes","information":"guidepost","mapillary":"381666093600961;583636492948936","name":"Les Chalets","operator":"CD84","tourism":"information","osm_id":8793160860,"@id":"node/8793160860"}},{"type":"Feature","id":"node/8793160861","geometry":{"type":"Point","coordinates":[5.4145861,44.0485023]},"properties":{"hiking":"yes","information":"guidepost","name":"La Peine","operator":"CD84","tourism":"information","osm_id":8793160861,"@id":"node/8793160861"}},{"type":"Feature","id":"node/8793160862","geometry":{"type":"Point","coordinates":[5.449047,44.0258002]},"properties":{"hiking":"yes","information":"guidepost","name":"Les Jordans","operator":"CD84","tourism":"information","osm_id":8793160862,"@id":"node/8793160862"}},{"type":"Feature","id":"node/8793160863","geometry":{"type":"Point","coordinates":[5.4022479,44.0840793]},"properties":{"destination":"St-Jean-de-Durefort;Les Gr\u00e8s|Sault;La Crau","hiking":"yes","information":"guidepost","mapillary":"548317693126433","name":"Chapelle St-Pierre-des-Gr\u00e8s","operator":"CD84","tourism":"information","osm_id":8793160863,"@id":"node/8793160863"}},{"type":"Feature","id":"node/8793160864","geometry":{"type":"Point","coordinates":[5.4604411,44.0276241]},"properties":{"hiking":"yes","information":"guidepost","name":"La Cabane Ronde","operator":"CD84","tourism":"information","osm_id":8793160864,"@id":"node/8793160864"}},{"type":"Feature","id":"node/8793160865","geometry":{"type":"Point","coordinates":[5.4284196,44.130892]},"properties":{"destination":"Montbrun;Cimeti\u00e8re d'Aurel|Saint-Trinit;Les Burli\u00e8res","hiking":"yes","horse":"yes","information":"guidepost","mtb":"yes","name":"Le Puits d'Aymar","operator":"CD84","panoramax":"30b6fda4-eb9c-4f79-bf7c-454dd2d6517c","tourism":"information","osm_id":8793160865,"@id":"node/8793160865"}},{"type":"Feature","id":"node/8793160867","geometry":{"type":"Point","coordinates":[5.4285906,44.1349808]},"properties":{"destination":"Saint-Trinit;Les Burli\u00e8res|Aurel;Le Puits d'Aymar|Montbrun;Les Chalets","hiking":"yes","horse":"yes","information":"guidepost","mtb":"yes","name":"Cimeti\u00e8re d'Aurel","operator":"CD84","panoramax":"6259f574-6f7f-4305-976a-0b4aef503189;9b347abc-2fe1-4eab-8e7f-339792bce955;a97dbcf6-2045-4590-b044-2bc18a5e2c66","tourism":"information","osm_id":8793160867,"@id":"node/8793160867"}},{"type":"Feature","id":"node/8793160868","geometry":{"type":"Point","coordinates":[5.4250789,44.0331495]},"properties":{"hiking":"yes","information":"guidepost","name":"Les 4 Chemins","operator":"CD84","tourism":"information","osm_id":8793160868,"@id":"node/8793160868"}},{"type":"Feature","id":"node/8793160869","geometry":{"type":"Point","coordinates":[5.489993,44.0280783]},"properties":{"destination":"St-Jean-de-Durefort;La Cabane Ronde|Croix de Fer;Aven de l'Ane","hiking":"yes","information":"guidepost","name":"La Distillerie","operator":"CD84","panoramax":"cf251366-4d91-4bb8-b12e-d6c08c8179ff;3977689e-bd09-49ec-8b05-8c2f85e0a4e8;2ca550b6-226e-444a-8f8f-f2d007dc8c8a","tourism":"information","osm_id":8793160869,"@id":"node/8793160869"}},{"type":"Feature","id":"node/8793160871","geometry":{"type":"Point","coordinates":[5.450635,44.0257895]},"properties":{"hiking":"yes","information":"guidepost","name":"Ballagros","operator":"CD84","tourism":"information","osm_id":8793160871,"@id":"node/8793160871"}},{"type":"Feature","id":"node/8825773491","geometry":{"type":"Point","coordinates":[5.2981286,44.0033186]},"properties":{"destination":"Col de la Ligne;Pi\u00e9 Blanc|Lioux - Le Ch\u00e2teau;Les Teissonni\u00e8res|Javon;La P\u00e8gue","hiking":"yes","information":"guidepost","mapillary":"335565271354044;315427140291095;2411903138953253;","name":"Les Indochinois","operator":"CD84","tourism":"information","osm_id":8825773491,"@id":"node/8825773491"}},{"type":"Feature","id":"node/8825773496","geometry":{"type":"Point","coordinates":[5.3081332,43.9976201]},"properties":{"destination":"Javon;Filliol|Col de la Ligne;Les Indochinois|Lioux;Les Teissonni\u00e8res","hiking":"yes","information":"guidepost","mapillary":"123980879859727","name":"La P\u00e8gue","operator":"CD84","tourism":"information","osm_id":8825773496,"@id":"node/8825773496"}},{"type":"Feature","id":"node/8825773497","geometry":{"type":"Point","coordinates":[5.3113579,43.997089]},"properties":{"destination":"Javon;Pi\u00e9 Chauvet|Lioux;La P\u00e8gue|St-Hubert;Grand Adrech","hiking":"yes","information":"guidepost","mapillary":"400987291155728;116123600595397;123980879859727;412675043115566;347214940110919","name":"Filliol","operator":"CD84","tourism":"information","osm_id":8825773497,"@id":"node/8825773497"}},{"type":"Feature","id":"node/8855228069","geometry":{"type":"Point","coordinates":[5.1148532,43.8256237]},"properties":{"destination":"Le Castelas - Badarel|Le Pin de Maillet","hiking":"yes","information":"guidepost","mapillary":"1641302099408779","operator":"CD84","tourism":"information","osm_id":8855228069,"@id":"node/8855228069"}},{"type":"Feature","id":"node/8856299401","geometry":{"type":"Point","coordinates":[5.2067927,43.8291846]},"properties":{"destination":"Bonnieux;La Reyne","hiking":"yes","information":"guidepost","mapillary":"823064611942586","name":"M\u00e9nerbes","operator":"CD84","tourism":"information","osm_id":8856299401,"@id":"node/8856299401"}},{"type":"Feature","id":"node/8947009731","geometry":{"type":"Point","coordinates":[5.4216478,43.8680256]},"properties":{"destination":"?|Saignon;Le Quay|Tourel","hiking":"yes","information":"guidepost","name":"Ginesti\u00e8re","operator":"CD84","tourism":"information","osm_id":8947009731,"@id":"node/8947009731"}},{"type":"Feature","id":"node/8947025844","geometry":{"type":"Point","coordinates":[5.4293215,43.8628589]},"properties":{"hiking":"yes","information":"guidepost","name":"Rue du Bourget","operator":"CD84","tourism":"information","osm_id":8947025844,"@id":"node/8947025844"}},{"type":"Feature","id":"node/8947029278","geometry":{"type":"Point","coordinates":[5.4089816,44.091069]},"properties":{"destination":"Saint-Christol;Dromel","hiking":"yes","information":"guidepost","mapillary":"5004764632871797;368338335025360","name":"La Citadelle","operator":"CD84","tourism":"information","osm_id":8947029278,"@id":"node/8947029278"}},{"type":"Feature","id":"node/8947044959","geometry":{"type":"Point","coordinates":[5.4778658,43.8383426]},"properties":{"destination":"Le Mourre N\u00e8gre;Marauvi\u00e8re","hiking":"yes","information":"guidepost","name":"Castellet","operator":"CD84","tourism":"information","osm_id":8947044959,"@id":"node/8947044959"}},{"type":"Feature","id":"node/8954606047","geometry":{"type":"Point","coordinates":[5.0480808,44.0519266]},"properties":{"information":"guidepost","tourism":"information","osm_id":8954606047,"@id":"node/8954606047"}},{"type":"Feature","id":"node/8959280964","geometry":{"type":"Point","coordinates":[5.0693958,44.2416262]},"properties":{"information":"guidepost","tourism":"information","osm_id":8959280964,"@id":"node/8959280964"}},{"type":"Feature","id":"node/8959280971","geometry":{"type":"Point","coordinates":[5.0718874,44.2412797]},"properties":{"information":"guidepost","tourism":"information","osm_id":8959280971,"@id":"node/8959280971"}},{"type":"Feature","id":"node/8959280973","geometry":{"type":"Point","coordinates":[5.0697994,44.241041]},"properties":{"information":"guidepost","tourism":"information","osm_id":8959280973,"@id":"node/8959280973"}},{"type":"Feature","id":"node/8959280976","geometry":{"type":"Point","coordinates":[5.0700983,44.2418575]},"properties":{"information":"guidepost","tourism":"information","osm_id":8959280976,"@id":"node/8959280976"}},{"type":"Feature","id":"node/8959280979","geometry":{"type":"Point","coordinates":[5.0725138,44.2425801]},"properties":{"information":"guidepost","tourism":"information","osm_id":8959280979,"@id":"node/8959280979"}},{"type":"Feature","id":"node/8959280997","geometry":{"type":"Point","coordinates":[5.0698169,44.2428127]},"properties":{"information":"guidepost","tourism":"information","osm_id":8959280997,"@id":"node/8959280997"}},{"type":"Feature","id":"node/8959280999","geometry":{"type":"Point","coordinates":[5.0746327,44.2394154]},"properties":{"information":"guidepost","tourism":"information","osm_id":8959280999,"@id":"node/8959280999"}},{"type":"Feature","id":"node/9023566669","geometry":{"type":"Point","coordinates":[5.2861559,43.9974455]},"properties":{"destination":"Murs;Lioux|M\u00e9thamis","hiking":"yes","information":"guidepost","mapillary":"318722493081770;2991924501031474","tourism":"information","osm_id":9023566669,"@id":"node/9023566669"}},{"type":"Feature","id":"node/9073729256","geometry":{"type":"Point","coordinates":[5.198989,43.8626147]},"properties":{"information":"guidepost","name":"Les Beaumettes","osm_id":9073729256,"@id":"node/9073729256"}},{"type":"Feature","id":"node/9073729348","geometry":{"type":"Point","coordinates":[5.3112835,43.8234706]},"properties":{"information":"guidepost","name":"Bonnieux","tourism":"information","osm_id":9073729348,"@id":"node/9073729348"}},{"type":"Feature","id":"node/9073734473","geometry":{"type":"Point","coordinates":[5.3101413,43.824595]},"properties":{"information":"guidepost","tourism":"information","osm_id":9073734473,"@id":"node/9073734473"}},{"type":"Feature","id":"node/9073751939","geometry":{"type":"Point","coordinates":[5.3101247,43.8245589]},"properties":{"information":"guidepost","tourism":"information","osm_id":9073751939,"@id":"node/9073751939"}},{"type":"Feature","id":"node/9073759961","geometry":{"type":"Point","coordinates":[5.1029324,43.8537419]},"properties":{"information":"guidepost","name":"Robinion - Balades","osm_id":9073759961,"@id":"node/9073759961"}},{"type":"Feature","id":"node/9128890875","geometry":{"type":"Point","coordinates":[5.4142665,44.0848547]},"properties":{"hiking":"yes","information":"guidepost","name":"Dromel","operator":"CD84","tourism":"information","osm_id":9128890875,"@id":"node/9128890875"}},{"type":"Feature","id":"node/9128944511","geometry":{"type":"Point","coordinates":[5.4015016,44.082958]},"properties":{"destination":"Buan|Sault;Chapelle St-Pierre-des-Gr\u00e8s|St-Jean-de-Durefort;Le Ribas","hiking":"yes","information":"guidepost","mapillary":"296363611887373","name":"Les Gr\u00e8s","operator":"CD84","tourism":"information","osm_id":9128944511,"@id":"node/9128944511"}},{"type":"Feature","id":"node/9128980801","geometry":{"type":"Point","coordinates":[5.3812866,44.0768199]},"properties":{"destination":"?|Sault;Dis\u00e8s|?","hiking":"yes","information":"guidepost","name":"Le Grand Vallat","operator":"CD84","tourism":"information","osm_id":9128980801,"@id":"node/9128980801"}},{"type":"Feature","id":"node/9128980803","geometry":{"type":"Point","coordinates":[5.3978739,44.0912517]},"properties":{"destination":"Sault;La Loge|St-Jean-de-Durefort;La Crau|Monieux;Le Grand Vallat","hiking":"yes","information":"guidepost","mapillary":"585759229138185","mtb":"yes","name":"Dis\u00e8s","operator":"CD84","tourism":"information","osm_id":9128980803,"@id":"node/9128980803"}},{"type":"Feature","id":"node/9128997813","geometry":{"type":"Point","coordinates":[5.3702914,44.0975816]},"properties":{"hiking":"yes","information":"guidepost","name":"Les Grayaux","operator":"CD84","tourism":"information","osm_id":9128997813,"@id":"node/9128997813"}},{"type":"Feature","id":"node/9128997814","geometry":{"type":"Point","coordinates":[5.3781771,44.0969773]},"properties":{"hiking":"yes","information":"guidepost","name":"Bourguignon","operator":"CD84","tourism":"information","osm_id":9128997814,"@id":"node/9128997814"}},{"type":"Feature","id":"node/9129025464","geometry":{"type":"Point","coordinates":[5.3731889,44.0919534]},"properties":{"destination":"Sault;Les Grayaux|Les Abeilles;Collet de Gaveou","hiking":"yes","information":"guidepost","mapillary":"848843852502088","name":"Le Seigneur","operator":"CD84","tourism":"information","osm_id":9129025464,"@id":"node/9129025464"}},{"type":"Feature","id":"node/9129301201","geometry":{"type":"Point","coordinates":[5.3185422,44.1367836]},"properties":{"destination":"Flassan;Font de Canau","hiking":"yes","information":"guidepost","operator":"CD84","panoramax":"2ae71ecd-f2d7-497c-b085-1b7b81bb562e","tourism":"information","osm_id":9129301201,"@id":"node/9129301201"}},{"type":"Feature","id":"node/9139280680","geometry":{"type":"Point","coordinates":[5.2796763,44.1841183]},"properties":{"hiking":"yes","information":"guidepost","panoramax":"fbc10ee4-fc78-4e69-affc-122907588ef2","tourism":"information","osm_id":9139280680,"@id":"node/9139280680"}},{"type":"Feature","id":"node/9139280681","geometry":{"type":"Point","coordinates":[5.2847591,44.1815596]},"properties":{"hiking":"yes","information":"guidepost","panoramax":"d7387fca-6774-4a5d-b62b-acf47d922e2e","tourism":"information","osm_id":9139280681,"@id":"node/9139280681"}},{"type":"Feature","id":"node/9139280682","geometry":{"type":"Point","coordinates":[5.2846994,44.1819842]},"properties":{"hiking":"yes","information":"guidepost","mapillary":"399491094912521","tourism":"information","osm_id":9139280682,"@id":"node/9139280682"}},{"type":"Feature","id":"node/9139375787","geometry":{"type":"Point","coordinates":[5.2797803,44.1010363]},"properties":{"hiking":"yes","information":"guidepost","mapillary":"1840467992803952","tourism":"information","osm_id":9139375787,"@id":"node/9139375787"}},{"type":"Feature","id":"node/9139414566","geometry":{"type":"Point","coordinates":[5.2001783,44.0309226]},"properties":{"hiking":"yes","information":"guidepost","name":"Bosquet","operator":"CD84","tourism":"information","osm_id":9139414566,"@id":"node/9139414566"}},{"type":"Feature","id":"node/9139414567","geometry":{"type":"Point","coordinates":[5.6922591,43.7379747]},"properties":{"destination":"La Durance;La Tour d'Oriol|Les Dorguons;Le Moulin","hiking":"yes","information":"guidepost","name":"St-Gervais","operator":"CD84","tourism":"information","osm_id":9139414567,"@id":"node/9139414567"}},{"type":"Feature","id":"node/9139414568","geometry":{"type":"Point","coordinates":[5.6900396,43.7362276]},"properties":{"destination":"La Chapelle Ste Croix;Les Campanettes","hiking":"yes","information":"guidepost","name":"La Caserne","operator":"CD84","tourism":"information","osm_id":9139414568,"@id":"node/9139414568"}},{"type":"Feature","id":"node/9139414571","geometry":{"type":"Point","coordinates":[5.712963,43.7272294]},"properties":{"hiking":"yes","information":"guidepost","name":"Jas du Trouch","operator":"CD84","tourism":"information","osm_id":9139414571,"@id":"node/9139414571"}},{"type":"Feature","id":"node/9139414572","geometry":{"type":"Point","coordinates":[5.4185873,44.1384578]},"properties":{"hiking":"yes","information":"guidepost","name":"Les Granges","operator":"CD84","tourism":"information","osm_id":9139414572,"@id":"node/9139414572"}},{"type":"Feature","id":"node/9139429321","geometry":{"type":"Point","coordinates":[5.4373942,44.1306455]},"properties":{"hiking":"yes","information":"guidepost","name":"Les Burli\u00e8res","operator":"CD84","tourism":"information","osm_id":9139429321,"@id":"node/9139429321"}},{"type":"Feature","id":"node/9139429324","geometry":{"type":"Point","coordinates":[5.4423104,44.1237674]},"properties":{"hiking":"yes","information":"guidepost","name":"Le Marquisan","operator":"CD84","tourism":"information","osm_id":9139429324,"@id":"node/9139429324"}},{"type":"Feature","id":"node/9139429331","geometry":{"type":"Point","coordinates":[5.4559477,44.0629434]},"properties":{"hiking":"yes","information":"guidepost","name":"Les Adrians","operator":"CD84","tourism":"information","osm_id":9139429331,"@id":"node/9139429331"}},{"type":"Feature","id":"node/9139500369","geometry":{"type":"Point","coordinates":[5.4658055,44.0202025]},"properties":{"hiking":"yes","information":"guidepost","operator":"CD84","tourism":"information","osm_id":9139500369,"@id":"node/9139500369"}},{"type":"Feature","id":"node/9139500370","geometry":{"type":"Point","coordinates":[5.2487424,43.9356239]},"properties":{"hiking":"yes","information":"guidepost","name":"La Rourette","operator":"CD84","tourism":"information","osm_id":9139500370,"@id":"node/9139500370"}},{"type":"Feature","id":"node/9139500375","geometry":{"type":"Point","coordinates":[5.2029061,43.9123862]},"properties":{"hiking":"yes","information":"guidepost","name":"Poulety","operator":"CD84","tourism":"information","osm_id":9139500375,"@id":"node/9139500375"}},{"type":"Feature","id":"node/9139500376","geometry":{"type":"Point","coordinates":[5.3303473,43.8993671]},"properties":{"destination":"Roussillon;Le Clos|Gargas","hiking":"yes","information":"guidepost","name":"L'Urbane","operator":"CD84","tourism":"information","osm_id":9139500376,"@id":"node/9139500376"}},{"type":"Feature","id":"node/9139505328","geometry":{"type":"Point","coordinates":[5.4894076,43.8898478]},"properties":{"hiking":"yes","information":"guidepost","name":"Le Pr\u00e9 Long","operator":"CD84","tourism":"information","osm_id":9139505328,"@id":"node/9139505328"}},{"type":"Feature","id":"node/9139505329","geometry":{"type":"Point","coordinates":[5.3189334,43.8443696]},"properties":{"destination":"Pont Julien;Les P\u00e2tres|Apt;Bois Sauvage|?","hiking":"yes","information":"guidepost","name":"La Bouqui\u00e8re","operator":"CD84","tourism":"information","osm_id":9139505329,"@id":"node/9139505329"}},{"type":"Feature","id":"node/9139515303","geometry":{"type":"Point","coordinates":[5.2126379,43.9664549]},"properties":{"hiking":"yes","information":"guidepost","name":"Mallet","operator":"CD84","tourism":"information","osm_id":9139515303,"@id":"node/9139515303"}},{"type":"Feature","id":"node/9139515310","geometry":{"type":"Point","coordinates":[5.3606656,44.020948]},"properties":{"hiking":"yes","information":"guidepost","name":"Combe Longue","operator":"CD84","tourism":"information","osm_id":9139515310,"@id":"node/9139515310"}},{"type":"Feature","id":"node/9139541231","geometry":{"type":"Point","coordinates":[5.6492257,43.6811983]},"properties":{"hiking":"yes","information":"guidepost","name":"L'Escarasson","operator":"CD84","tourism":"information","osm_id":9139541231,"@id":"node/9139541231"}},{"type":"Feature","id":"node/9139541244","geometry":{"type":"Point","coordinates":[5.6449328,43.728092]},"properties":{"hiking":"yes","information":"guidepost","name":"Les Pacharots","operator":"CD84","tourism":"information","osm_id":9139541244,"@id":"node/9139541244"}},{"type":"Feature","id":"node/9139541253","geometry":{"type":"Point","coordinates":[5.6723772,43.7017251]},"properties":{"destination":"Les Dorguons|Mirabeau;St Joseph","hiking":"yes","information":"guidepost","name":"Le Grand Logis","operator":"CD84","tourism":"information","osm_id":9139541253,"@id":"node/9139541253"}},{"type":"Feature","id":"node/9141127214","geometry":{"type":"Point","coordinates":[5.5486764,43.762019]},"properties":{"hiking":"yes","information":"guidepost","name":"Les Furets","operator":"CD84","tourism":"information","osm_id":9141127214,"@id":"node/9141127214"}},{"type":"Feature","id":"node/9141198127","geometry":{"type":"Point","coordinates":[5.4702258,44.0514441]},"properties":{"hiking":"yes","information":"guidepost","name":"La Sigoy\u00e8re","operator":"CD84","tourism":"information","osm_id":9141198127,"@id":"node/9141198127"}},{"type":"Feature","id":"node/9141198128","geometry":{"type":"Point","coordinates":[5.4970466,44.0255454]},"properties":{"destination":"Les Grandes Fayettes|Saint-Christol;Le Trou Souffleur|Rouy\u00e8re grosse;Le Seuil","hiking":"yes","information":"guidepost","name":"La Rostane","operator":"CD84","panoramax":"e7348a9e-6d53-4b01-835d-f1670f71aef4;e5881cd3-3066-4b19-abe1-20332f6af3a6;81be8682-2a44-40b7-9cde-bbe4f56b5715","tourism":"information","osm_id":9141198128,"@id":"node/9141198128"}},{"type":"Feature","id":"node/9141198142","geometry":{"type":"Point","coordinates":[5.4877755,44.0187048]},"properties":{"hiking":"yes","information":"guidepost","name":"Four \u00e0 Chaux","operator":"CD84","tourism":"information","osm_id":9141198142,"@id":"node/9141198142"}},{"type":"Feature","id":"node/9141198143","geometry":{"type":"Point","coordinates":[5.4953809,44.0071077]},"properties":{"hiking":"yes","information":"guidepost","name":"Les Grandes Fayettes","operator":"CD84","tourism":"information","osm_id":9141198143,"@id":"node/9141198143"}},{"type":"Feature","id":"node/9141222914","geometry":{"type":"Point","coordinates":[5.4796571,43.7025386]},"properties":{"destination":"Chemin de la Peiriere|Boussette","hiking":"yes","information":"guidepost","name":"M\u00e9l\u00e8de","operator":"CD84","tourism":"information","osm_id":9141222914,"@id":"node/9141222914"}},{"type":"Feature","id":"node/9141222956","geometry":{"type":"Point","coordinates":[5.47647,43.7217061]},"properties":{"hiking":"yes","information":"guidepost","name":"La D\u00e9farde","operator":"CD84","tourism":"information","osm_id":9141222956,"@id":"node/9141222956"}},{"type":"Feature","id":"node/9141222957","geometry":{"type":"Point","coordinates":[5.4874362,43.7227693]},"properties":{"hiking":"yes","information":"guidepost","name":"Le Gav\u00e8de","operator":"CD84","tourism":"information","osm_id":9141222957,"@id":"node/9141222957"}},{"type":"Feature","id":"node/9141222998","geometry":{"type":"Point","coordinates":[5.557181,43.6760329]},"properties":{"hiking":"yes","information":"guidepost","name":"Tournemire","operator":"CD84","tourism":"information","osm_id":9141222998,"@id":"node/9141222998"}},{"type":"Feature","id":"node/9141222999","geometry":{"type":"Point","coordinates":[5.5565889,43.671132]},"properties":{"destination":"Pertuis;Chemin de la Loubi\u00e8re|La Bastidonne;Tournemire","hiking":"yes","information":"guidepost","name":"Les Vagues","operator":"CD84","tourism":"information","osm_id":9141222999,"@id":"node/9141222999"}},{"type":"Feature","id":"node/9141223001","geometry":{"type":"Point","coordinates":[5.5080215,43.695352]},"properties":{"destination":"La Tour-d'Aigues;Le Tourel","hiking":"yes","information":"guidepost","name":"Chemin de l'Espigon","operator":"CD84","tourism":"information","osm_id":9141223001,"@id":"node/9141223001"}},{"type":"Feature","id":"node/9141223008","geometry":{"type":"Point","coordinates":[5.5359875,43.6858802]},"properties":{"destination":"Tournemire|Pertuis;Chemin des Condamines|La Bastidonne;Guap","hiking":"yes","information":"guidepost","name":"Callamand","operator":"CD84","tourism":"information","osm_id":9141223008,"@id":"node/9141223008"}},{"type":"Feature","id":"node/9141223009","geometry":{"type":"Point","coordinates":[5.0891778,43.991347]},"properties":{"hiking":"yes","information":"guidepost","name":"Pantouse","operator":"CD84","tourism":"information","osm_id":9141223009,"@id":"node/9141223009"}},{"type":"Feature","id":"node/9141223043","geometry":{"type":"Point","coordinates":[5.0945248,43.9823037]},"properties":{"hiking":"yes","information":"guidepost","name":"Les Rouvets","operator":"CD84","tourism":"information","osm_id":9141223043,"@id":"node/9141223043"}},{"type":"Feature","id":"node/9141270557","geometry":{"type":"Point","coordinates":[5.512196,43.8604633]},"properties":{"hiking":"yes","information":"guidepost","mtb":"yes","name":"Portail de la Mane","operator":"CD84","tourism":"information","osm_id":9141270557,"@id":"node/9141270557"}},{"type":"Feature","id":"node/9141270570","geometry":{"type":"Point","coordinates":[5.5210564,43.8731482]},"properties":{"hiking":"yes","information":"guidepost","name":"Pont de la Buye","operator":"CD84","tourism":"information","osm_id":9141270570,"@id":"node/9141270570"}},{"type":"Feature","id":"node/9141270581","geometry":{"type":"Point","coordinates":[5.5136414,43.8473923]},"properties":{"hiking":"yes","information":"guidepost","name":"Le Grand Hermas","operator":"CD84","tourism":"information","osm_id":9141270581,"@id":"node/9141270581"}},{"type":"Feature","id":"node/9141270582","geometry":{"type":"Point","coordinates":[5.5125776,43.859527]},"properties":{"hiking":"yes","information":"guidepost","name":"La Bardon","operator":"CD84","tourism":"information","osm_id":9141270582,"@id":"node/9141270582"}},{"type":"Feature","id":"node/9141311582","geometry":{"type":"Point","coordinates":[5.4181185,44.0351273]},"properties":{"hiking":"yes","information":"guidepost","name":"Champ Long","operator":"CD84","tourism":"information","osm_id":9141311582,"@id":"node/9141311582"}},{"type":"Feature","id":"node/9141387139","geometry":{"type":"Point","coordinates":[5.5377169,43.7520671]},"properties":{"destination":"La Mule|La Tour-d'Aigues;Le Long Mur|St Martin de la Brasque;Coutelou","hiking":"yes","information":"guidepost","name":"Rourabeau","operator":"CD84","tourism":"information","osm_id":9141387139,"@id":"node/9141387139"}},{"type":"Feature","id":"node/9141387257","geometry":{"type":"Point","coordinates":[5.5546483,43.7504687]},"properties":{"hiking":"yes","information":"guidepost","name":"Restantier","operator":"CD84","tourism":"information","osm_id":9141387257,"@id":"node/9141387257"}},{"type":"Feature","id":"node/9149251805","geometry":{"type":"Point","coordinates":[5.4010845,43.9240568]},"properties":{"destination":"Le Ch\u00e2teau|St-Saturnin-L\u00e8s-Apt;Les Garbis","hiking":"yes","information":"guidepost","name":"Le Logis Neuf","operator":"CD84","tourism":"information","osm_id":9149251805,"@id":"node/9149251805"}},{"type":"Feature","id":"node/9149265550","geometry":{"type":"Point","coordinates":[5.4384336,43.9434286]},"properties":{"hiking":"yes","information":"guidepost","name":"Fumeirasse","operator":"CD84","tourism":"information","osm_id":9149265550,"@id":"node/9149265550"}},{"type":"Feature","id":"node/9149265556","geometry":{"type":"Point","coordinates":[5.4393589,44.0141777]},"properties":{"hiking":"yes","information":"guidepost","name":"Croix de Fer","operator":"CD84","tourism":"information","osm_id":9149265556,"@id":"node/9149265556"}},{"type":"Feature","id":"node/9149273433","geometry":{"type":"Point","coordinates":[5.6206843,43.8236039]},"properties":{"hiking":"yes","information":"guidepost","name":"Vallat de Jacquas","operator":"CD84","tourism":"information","osm_id":9149273433,"@id":"node/9149273433"}},{"type":"Feature","id":"node/9149393578","geometry":{"type":"Point","coordinates":[5.3904067,43.9336967]},"properties":{"destination":"Rustrel;Garrigue|Villars;Le Logis Neuf|St-Saturnin-les-Apt;La Bruy\u00e8re","hiking":"yes","information":"guidepost","name":"Les Garbis","operator":"CD84","tourism":"information","osm_id":9149393578,"@id":"node/9149393578"}},{"type":"Feature","id":"node/9152679609","geometry":{"type":"Point","coordinates":[4.7756508,44.2617895]},"properties":{"information":"guidepost","name":"Ravin du Sablas","tourism":"information","osm_id":9152679609,"@id":"node/9152679609"}},{"type":"Feature","id":"node/9190837572","geometry":{"type":"Point","coordinates":[5.3141192,43.7466306]},"properties":{"information":"guidepost","tourism":"information","osm_id":9190837572,"@id":"node/9190837572"}},{"type":"Feature","id":"node/9190837579","geometry":{"type":"Point","coordinates":[5.3134748,43.7463775]},"properties":{"information":"guidepost","tourism":"information","osm_id":9190837579,"@id":"node/9190837579"}},{"type":"Feature","id":"node/9190837580","geometry":{"type":"Point","coordinates":[5.3132942,43.7464131]},"properties":{"information":"guidepost","tourism":"information","osm_id":9190837580,"@id":"node/9190837580"}},{"type":"Feature","id":"node/9190874412","geometry":{"type":"Point","coordinates":[5.312618,43.7460109]},"properties":{"information":"guidepost","tourism":"information","osm_id":9190874412,"@id":"node/9190874412"}},{"type":"Feature","id":"node/9190874413","geometry":{"type":"Point","coordinates":[5.3123273,43.7458939]},"properties":{"information":"guidepost","tourism":"information","osm_id":9190874413,"@id":"node/9190874413"}},{"type":"Feature","id":"node/9241322666","geometry":{"type":"Point","coordinates":[5.0405918,43.8365388]},"properties":{"information":"guidepost","tourism":"information","osm_id":9241322666,"@id":"node/9241322666"}},{"type":"Feature","id":"node/9244110628","geometry":{"type":"Point","coordinates":[5.0424751,43.8344668]},"properties":{"information":"guidepost","tourism":"information","osm_id":9244110628,"@id":"node/9244110628"}},{"type":"Feature","id":"node/9388370517","geometry":{"type":"Point","coordinates":[5.1311863,43.7857406]},"properties":{"hiking":"yes","information":"guidepost","tourism":"information","osm_id":9388370517,"@id":"node/9388370517"}},{"type":"Feature","id":"node/9659481961","geometry":{"type":"Point","coordinates":[5.2557687,43.7978512]},"properties":{"information":"guidepost","name":"Acc\u00e8s interdit (Suivant p\u00e9riode)","tourism":"information","osm_id":9659481961,"@id":"node/9659481961"}},{"type":"Feature","id":"node/9659481962","geometry":{"type":"Point","coordinates":[5.2470406,43.7960996]},"properties":{"information":"guidepost","name":"Acc\u00e8s interdit (Suivant p\u00e9riode)","tourism":"information","osm_id":9659481962,"@id":"node/9659481962"}},{"type":"Feature","id":"node/9780214550","geometry":{"type":"Point","coordinates":[5.3058621,43.8226755]},"properties":{"bicycle":"yes","destination":"Lacoste;Le Petit Moulin","hiking":"yes","information":"guidepost","mtb":"yes","name":"Bonnieux","operator":"CD84","tourism":"information","osm_id":9780214550,"@id":"node/9780214550"}},{"type":"Feature","id":"node/9818105053","geometry":{"type":"Point","coordinates":[5.5030555,43.6912381]},"properties":{"information":"guidepost","tourism":"information","osm_id":9818105053,"@id":"node/9818105053"}},{"type":"Feature","id":"node/9822004316","geometry":{"type":"Point","coordinates":[5.0765671,43.9671765]},"properties":{"information":"guidepost","name":"Les M\u00e9chants","tourism":"information","osm_id":9822004316,"@id":"node/9822004316"}},{"type":"Feature","id":"node/9822046142","geometry":{"type":"Point","coordinates":[5.0762176,43.9680904]},"properties":{"information":"guidepost","name":"Fours \u00e0 pl\u00e2tre","tourism":"information","osm_id":9822046142,"@id":"node/9822046142"}},{"type":"Feature","id":"node/9894685080","geometry":{"type":"Point","coordinates":[5.5010139,43.6940443]},"properties":{"information":"guidepost","tourism":"information","osm_id":9894685080,"@id":"node/9894685080"}},{"type":"Feature","id":"node/9920671608","geometry":{"type":"Point","coordinates":[4.8030281,44.138759]},"properties":{"destination":"Le Jonquier Notd;Lyc\u00e9e de l\u2019Arc","information":"guidepost","osm_id":9920671608,"@id":"node/9920671608"}},{"type":"Feature","id":"node/9992551436","geometry":{"type":"Point","coordinates":[4.8243437,44.1260167]},"properties":{"information":"guidepost","osm_id":9992551436,"@id":"node/9992551436"}},{"type":"Feature","id":"node/9992569034","geometry":{"type":"Point","coordinates":[4.8247756,44.1257305]},"properties":{"destination":"Jonqui\u00e8res,Courth\u00e9zon","information":"guidepost","osm_id":9992569034,"@id":"node/9992569034"}},{"type":"Feature","id":"node/9992580355","geometry":{"type":"Point","coordinates":[4.8249292,44.1256218]},"properties":{"destination":"D\u00e9cathlon,Salle du royaume;-,-","information":"guidepost","osm_id":9992580355,"@id":"node/9992580355"}},{"type":"Feature","id":"node/10110610796","geometry":{"type":"Point","coordinates":[5.6392962,43.8124903]},"properties":{"hiking":"yes","information":"guidepost","name":"Pique Plant","operator":"CD84","tourism":"information","osm_id":10110610796,"@id":"node/10110610796"}},{"type":"Feature","id":"node/10130055606","geometry":{"type":"Point","coordinates":[4.8101268,43.9480518]},"properties":{"hiking":"yes","information":"guidepost","tourism":"information","osm_id":10130055606,"@id":"node/10130055606"}},{"type":"Feature","id":"node/10572675083","geometry":{"type":"Point","coordinates":[5.3996944,43.8790694]},"properties":{"destination":"Villars;St Philibert|Apt;Avenue de Viton","hiking":"yes","information":"guidepost","name":"Cit\u00e9 St-Michel","operator":"CD84","tourism":"information","osm_id":10572675083,"@id":"node/10572675083"}},{"type":"Feature","id":"node/10588401522","geometry":{"type":"Point","coordinates":[5.4648346,43.7364844]},"properties":{"destination":"Villelaure;Tuili\u00e8re","hiking":"yes","information":"guidepost","name":"Ansouis","operator":"CD84","tourism":"information","osm_id":10588401522,"@id":"node/10588401522"}},{"type":"Feature","id":"node/10588558191","geometry":{"type":"Point","coordinates":[5.5543111,43.7483824]},"properties":{"destination":"La Tour-d'Aigues;La Ferrage Est|La Mule|St Martin de la Brasque;Restantier","hiking":"yes","information":"guidepost","name":"Le Rev\u00e8s","operator":"CD84","tourism":"information","osm_id":10588558191,"@id":"node/10588558191"}},{"type":"Feature","id":"node/10588611172","geometry":{"type":"Point","coordinates":[5.6574018,43.7064016]},"properties":{"destination":"Les Dorguons;St-Joseph","hiking":"yes","information":"guidepost","name":"Mirabeau","operator":"CD84","tourism":"information","osm_id":10588611172,"@id":"node/10588611172"}},{"type":"Feature","id":"node/10588641276","geometry":{"type":"Point","coordinates":[5.6549844,43.7042881]},"properties":{"destination":"La Durance;Baume","hiking":"yes","information":"guidepost","name":"Les Grands Jardins","operator":"CD84","tourism":"information","osm_id":10588641276,"@id":"node/10588641276"}},{"type":"Feature","id":"node/10775421008","geometry":{"type":"Point","coordinates":[4.8104902,43.9491639]},"properties":{"information":"guidepost","tourism":"information","osm_id":10775421008,"@id":"node/10775421008"}},{"type":"Feature","id":"node/10876018280","geometry":{"type":"Point","coordinates":[5.0030943,44.1602437]},"properties":{"hiking":"yes","information":"guidepost","tourism":"information","osm_id":10876018280,"@id":"node/10876018280"}},{"type":"Feature","id":"node/10876018281","geometry":{"type":"Point","coordinates":[5.009312,44.1595204]},"properties":{"hiking":"yes","information":"guidepost","tourism":"information","osm_id":10876018281,"@id":"node/10876018281"}},{"type":"Feature","id":"node/11001172436","geometry":{"type":"Point","coordinates":[4.9939049,43.9282559]},"properties":{"information":"guidepost","name":"V\u00e9loroute n\u00b012 et 36","tourism":"information","osm_id":11001172436,"@id":"node/11001172436"}},{"type":"Feature","id":"node/11027147970","geometry":{"type":"Point","coordinates":[5.2008411,43.9111977]},"properties":{"destination":"Joucas;Poulety|Murs;Fontanille","hiking":"yes","information":"guidepost","mtb":"yes","name":"Gordes","operator":"CD84","tourism":"information","osm_id":11027147970,"@id":"node/11027147970"}},{"type":"Feature","id":"node/11157798625","geometry":{"type":"Point","coordinates":[4.7880443,43.9239693]},"properties":{"bicycle":"yes","destination":"Monclar 4min","information":"guidepost","tourism":"information","osm_id":11157798625,"@id":"node/11157798625"}},{"type":"Feature","id":"node/11157798626","geometry":{"type":"Point","coordinates":[4.7922795,43.9249797]},"properties":{"bicycle":"yes","destination":"Monclar","information":"guidepost","tourism":"information","osm_id":11157798626,"@id":"node/11157798626"}},{"type":"Feature","id":"node/11157798627","geometry":{"type":"Point","coordinates":[4.7922849,43.9261832]},"properties":{"bicycle":"yes","destination":"Monclar 4min","information":"guidepost","tourism":"information","osm_id":11157798627,"@id":"node/11157798627"}},{"type":"Feature","id":"node/11157798628","geometry":{"type":"Point","coordinates":[4.7920891,43.9261929]},"properties":{"bicycle":"yes","destination":"Gare TGV","information":"guidepost","tourism":"information","osm_id":11157798628,"@id":"node/11157798628"}},{"type":"Feature","id":"node/11176418420","geometry":{"type":"Point","coordinates":[4.8823743,43.9683571]},"properties":{"bicycle":"yes","information":"guidepost","name":"Carpentras / Sorgues","tourism":"information","osm_id":11176418420,"@id":"node/11176418420"}},{"type":"Feature","id":"node/11185012373","geometry":{"type":"Point","coordinates":[5.3744485,44.1052663]},"properties":{"hiking":"yes","information":"guidepost","name":"Les Moli\u00e8res","operator":"CD84","tourism":"information","osm_id":11185012373,"@id":"node/11185012373"}},{"type":"Feature","id":"node/11200827184","geometry":{"type":"Point","coordinates":[5.6869523,43.7371429]},"properties":{"destination":"Mirabeau;L'Escarenne","hiking":"yes","information":"guidepost","name":"Beaumont de Pertuis","operator":"CD84","tourism":"information","osm_id":11200827184,"@id":"node/11200827184"}},{"type":"Feature","id":"node/11205603123","geometry":{"type":"Point","coordinates":[5.4861289,43.9242801]},"properties":{"hiking":"yes","information":"guidepost","operator":"CD84","tourism":"information","osm_id":11205603123,"@id":"node/11205603123"}},{"type":"Feature","id":"node/11250483713","geometry":{"type":"Point","coordinates":[4.843668,44.0154451]},"properties":{"bicycle":"yes","information":"guidepost","tourism":"information","osm_id":11250483713,"@id":"node/11250483713"}},{"type":"Feature","id":"node/11250483714","geometry":{"type":"Point","coordinates":[4.8434929,44.0153306]},"properties":{"bicycle":"yes","information":"guidepost","tourism":"information","osm_id":11250483714,"@id":"node/11250483714"}},{"type":"Feature","id":"node/11281324853","geometry":{"type":"Point","coordinates":[5.0312818,44.180766]},"properties":{"information":"guidepost","name":"Circuit N\u20222","tourism":"information","osm_id":11281324853,"@id":"node/11281324853"}},{"type":"Feature","id":"node/11459169002","geometry":{"type":"Point","coordinates":[4.8081756,43.9165869]},"properties":{"information":"guidepost","tourism":"information","osm_id":11459169002,"@id":"node/11459169002"}},{"type":"Feature","id":"node/11514082481","geometry":{"type":"Point","coordinates":[4.8414174,44.1333484]},"properties":{"bicycle":"yes","information":"guidepost","tourism":"information","osm_id":11514082481,"@id":"node/11514082481"}},{"type":"Feature","id":"node/11556942257","geometry":{"type":"Point","coordinates":[5.3772174,43.8921715]},"properties":{"destination":"Gargas","hiking":"yes","information":"guidepost","name":"Plan d'Eau","operator":"CD84","tourism":"information","osm_id":11556942257,"@id":"node/11556942257"}},{"type":"Feature","id":"node/11761506871","geometry":{"type":"Point","coordinates":[5.013672,44.1659201]},"properties":{"hiking":"yes","information":"guidepost","name":"Les Florets","operator":"CD84","tourism":"information","osm_id":11761506871,"@id":"node/11761506871"}},{"type":"Feature","id":"node/11770715392","geometry":{"type":"Point","coordinates":[5.466168,44.102337]},"properties":{"destination":"Le Plan d'Eau|Revest du Bion;La Cortasse","hiking":"yes","information":"guidepost","name":"Saint-Trinit","operator":"CD84","panoramax":"23ff0d32-40ea-4a20-8067-f5031e81cbde;7c642565-3532-49ae-b3ea-5b666ae3f310","tourism":"information","wikimedia_commons":"File:Randonn\u00e9es en vaucluse.JPG","osm_id":11770715392,"@id":"node/11770715392"}},{"type":"Feature","id":"node/11770743319","geometry":{"type":"Point","coordinates":[5.4871029,44.0266683]},"properties":{"destination":"Notre Dame de Lamaron;Le Rang|Croix de Fer;Les Bergamardes|Saint-Christol;La Distillerie","hiking":"yes","information":"guidepost","name":"Aven de l'Ane","operator":"CD84","panoramax":"8a77c88e-d863-4dc4-8ec5-297d87a2f250;c4d20252-7972-48f3-b00d-1e1d3764a66c;1b75d460-a37d-4187-b8bc-b20345e6f2ce","tourism":"information","osm_id":11770743319,"@id":"node/11770743319"}},{"type":"Feature","id":"node/11770743320","geometry":{"type":"Point","coordinates":[5.4938239,44.0262334]},"properties":{"destination":"N-D de Lamaron;Les P\u00e9nitents","hiking":"yes","information":"guidepost","name":"Les Fourches","operator":"CD84","panoramax":"b81f5160-17d7-4410-93d6-945440bba3b3;835334b1-3554-4711-8286-5ae63b861ecb;7dfef267-d9ea-4c9b-ab61-90e785f95f4d","tourism":"information","osm_id":11770743320,"@id":"node/11770743320"}},{"type":"Feature","id":"node/11770743321","geometry":{"type":"Point","coordinates":[5.4946346,44.0267093]},"properties":{"destination":"Rouy\u00e8re Grosse;La Rostane","hiking":"yes","information":"guidepost","name":"Le Trou Souffleur","operator":"CD84","panoramax":"bd2021a6-a727-4011-b5a2-7771d09027cd;0fcf0163-ae5f-41fb-9555-2cbc56eff8f6;4678050d-4b80-4557-b112-19c720d91bd8","tourism":"information","osm_id":11770743321,"@id":"node/11770743321"}},{"type":"Feature","id":"node/11770743327","geometry":{"type":"Point","coordinates":[5.4921602,44.0346809]},"properties":{"destination":"Sault;La Sigoy\u00e8re|Saint-Christol","hiking":"yes","information":"guidepost","mtb":"yes","name":"L'Arenas","operator":"CD84","panoramax":"0e550071-95ef-48d3-a16a-6d74d15d0c6a;e4e0eb08-df60-4a2e-ab8c-0d894d005a3b;3a2ac440-175c-45df-9089-636e897fae21","tourism":"information","osm_id":11770743327,"@id":"node/11770743327"}},{"type":"Feature","id":"node/11770927215","geometry":{"type":"Point","coordinates":[5.4025084,44.0993978]},"properties":{"hiking":"yes","information":"guidepost","mapillary":"922595068472989&x=0.24&y=0.59&zoom=1.22;5859139784097583&x=0.68&y=0.52&zoom=1.68","name":"Tendilles","operator":"CD84","tourism":"information","osm_id":11770927215,"@id":"node/11770927215"}},{"type":"Feature","id":"node/11771019697","geometry":{"type":"Point","coordinates":[5.4760475,44.1027153]},"properties":{"hiking":"yes","information":"guidepost","name":"Les Fayuns","operator":"CD84","tourism":"information","osm_id":11771019697,"@id":"node/11771019697"}},{"type":"Feature","id":"node/11771019716","geometry":{"type":"Point","coordinates":[5.4879753,44.0869146]},"properties":{"hiking":"yes","information":"guidepost","name":"Les Auboures","operator":"CD84","tourism":"information","osm_id":11771019716,"@id":"node/11771019716"}},{"type":"Feature","id":"node/11771951504","geometry":{"type":"Point","coordinates":[5.47733,44.024957]},"properties":{"hiking":"yes","information":"guidepost","name":"Les Bergamardes","operator":"CD84","tourism":"information","osm_id":11771951504,"@id":"node/11771951504"}},{"type":"Feature","id":"node/11771995230","geometry":{"type":"Point","coordinates":[5.4964015,44.0165233]},"properties":{"hiking":"yes","information":"guidepost","name":"Les P\u00e9nitents","operator":"CD84","tourism":"information","osm_id":11771995230,"@id":"node/11771995230"}},{"type":"Feature","id":"node/11802395032","geometry":{"type":"Point","coordinates":[5.4870123,44.0157865]},"properties":{"destination":"Saint-Christol;Les P\u00e9nitents","hiking":"yes","information":"guidepost","operator":"CD84","tourism":"information","osm_id":11802395032,"@id":"node/11802395032"}},{"type":"Feature","id":"node/11818001513","geometry":{"type":"Point","coordinates":[4.7970725,43.9524242]},"properties":{"bicycle":"yes","destination":"Aramon","information":"guidepost","tourism":"information","osm_id":11818001513,"@id":"node/11818001513"}},{"type":"Feature","id":"node/11978715212","geometry":{"type":"Point","coordinates":[4.8775842,43.9193306]},"properties":{"bicycle":"yes","information":"guidepost","tourism":"information","osm_id":11978715212,"@id":"node/11978715212"}},{"type":"Feature","id":"node/11978792298","geometry":{"type":"Point","coordinates":[4.8482256,43.9323647]},"properties":{"bicycle":"yes","information":"guidepost","tourism":"information","osm_id":11978792298,"@id":"node/11978792298"}},{"type":"Feature","id":"node/11978792507","geometry":{"type":"Point","coordinates":[4.8684447,43.9402299]},"properties":{"bicycle":"yes","information":"guidepost","tourism":"information","osm_id":11978792507,"@id":"node/11978792507"}},{"type":"Feature","id":"node/11978799556","geometry":{"type":"Point","coordinates":[4.8485307,43.9321655]},"properties":{"bicycle":"yes","information":"guidepost","tourism":"information","osm_id":11978799556,"@id":"node/11978799556"}},{"type":"Feature","id":"node/11978808781","geometry":{"type":"Point","coordinates":[4.8595128,43.9389441]},"properties":{"bicycle":"yes","information":"guidepost","tourism":"information","osm_id":11978808781,"@id":"node/11978808781"}},{"type":"Feature","id":"node/11978819846","geometry":{"type":"Point","coordinates":[4.8867533,43.9130423]},"properties":{"bicycle":"yes","information":"guidepost","tourism":"information","osm_id":11978819846,"@id":"node/11978819846"}},{"type":"Feature","id":"node/11978823218","geometry":{"type":"Point","coordinates":[4.8915258,43.9242022]},"properties":{"bicycle":"yes","information":"guidepost","tourism":"information","osm_id":11978823218,"@id":"node/11978823218"}},{"type":"Feature","id":"node/11978825084","geometry":{"type":"Point","coordinates":[4.8357345,43.9447107]},"properties":{"bicycle":"yes","information":"guidepost","tourism":"information","osm_id":11978825084,"@id":"node/11978825084"}},{"type":"Feature","id":"node/11978825397","geometry":{"type":"Point","coordinates":[4.8453878,43.9456857]},"properties":{"bicycle":"yes","information":"guidepost","tourism":"information","osm_id":11978825397,"@id":"node/11978825397"}},{"type":"Feature","id":"node/11978829332","geometry":{"type":"Point","coordinates":[4.8854861,43.9330399]},"properties":{"bicycle":"yes","information":"guidepost","tourism":"information","osm_id":11978829332,"@id":"node/11978829332"}},{"type":"Feature","id":"node/11978829513","geometry":{"type":"Point","coordinates":[4.8718267,43.9356481]},"properties":{"bicycle":"yes","information":"guidepost","tourism":"information","osm_id":11978829513,"@id":"node/11978829513"}},{"type":"Feature","id":"node/11978838170","geometry":{"type":"Point","coordinates":[4.8695935,43.922514]},"properties":{"bicycle":"yes","information":"guidepost","tourism":"information","osm_id":11978838170,"@id":"node/11978838170"}},{"type":"Feature","id":"node/11978838781","geometry":{"type":"Point","coordinates":[4.8517222,43.9413644]},"properties":{"bicycle":"yes","information":"guidepost","tourism":"information","osm_id":11978838781,"@id":"node/11978838781"}},{"type":"Feature","id":"node/11978838782","geometry":{"type":"Point","coordinates":[4.8384568,43.9452726]},"properties":{"bicycle":"yes","information":"guidepost","tourism":"information","osm_id":11978838782,"@id":"node/11978838782"}},{"type":"Feature","id":"node/11978839618","geometry":{"type":"Point","coordinates":[4.8516331,43.941332]},"properties":{"bicycle":"yes","information":"guidepost","tourism":"information","osm_id":11978839618,"@id":"node/11978839618"}},{"type":"Feature","id":"node/11978839682","geometry":{"type":"Point","coordinates":[4.8384434,43.9453753]},"properties":{"information":"guidepost","tourism":"information","osm_id":11978839682,"@id":"node/11978839682"}},{"type":"Feature","id":"node/12213746630","geometry":{"type":"Point","coordinates":[4.8190253,43.9486099]},"properties":{"information":"guidepost","osm_id":12213746630,"@id":"node/12213746630"}},{"type":"Feature","id":"node/12213804375","geometry":{"type":"Point","coordinates":[4.8163205,43.9453303]},"properties":{"information":"guidepost","osm_id":12213804375,"@id":"node/12213804375"}},{"type":"Feature","id":"node/12346205499","geometry":{"type":"Point","coordinates":[4.682222,44.3082374]},"properties":{"information":"guidepost","tourism":"information","osm_id":12346205499,"@id":"node/12346205499"}},{"type":"Feature","id":"node/12477989788","geometry":{"type":"Point","coordinates":[5.4017772,43.8773951]},"properties":{"destination":"?;? St-?|?;?","hiking":"yes","information":"guidepost","name":"Avenue de Viton","operator":"CD84","tourism":"information","osm_id":12477989788,"@id":"node/12477989788"}},{"type":"Feature","id":"node/12546706567","geometry":{"type":"Point","coordinates":[5.1819067,44.0670065]},"properties":{"destination":"Malemort-du-Comtat;Le Brillas","hiking":"yes","information":"guidepost","mapillary":"2958707841073129;238032004763225","operator":"CD84","tourism":"information","osm_id":12546706567,"@id":"node/12546706567"}},{"type":"Feature","id":"node/12547517912","geometry":{"type":"Point","coordinates":[5.0677079,43.997321]},"properties":{"bicycle":"yes","destination":"?","information":"guidepost","operator":"CD84","tourism":"information","osm_id":12547517912,"@id":"node/12547517912"}},{"type":"Feature","id":"node/12554769531","geometry":{"type":"Point","coordinates":[5.0556166,44.2302965]},"properties":{"hiking":"yes","information":"guidepost","mapillary":"952176355571237;2545864612387447","tourism":"information","osm_id":12554769531,"@id":"node/12554769531"}},{"type":"Feature","id":"node/12558882874","geometry":{"type":"Point","coordinates":[5.3188815,44.1368947]},"properties":{"destination":"Le Rat Ouest|Pas de la Frache;Combe Brune","hiking":"yes","information":"guidepost","mapillary":"164157438889417;1870783069749744","operator":"CD84","tourism":"information","osm_id":12558882874,"@id":"node/12558882874"}},{"type":"Feature","id":"node/12559772251","geometry":{"type":"Point","coordinates":[5.4068848,44.0897577]},"properties":{"hiking":"yes","information":"guidepost","name":"Pont de la Croc","operator":"CD84","panoramax":"f89c4c44-489a-4df3-84a8-e90274770b0e&xyz=340.39/-0.94/90","tourism":"information","osm_id":12559772251,"@id":"node/12559772251"}},{"type":"Feature","id":"node/12569484097","geometry":{"type":"Point","coordinates":[5.2397932,43.8542981]},"properties":{"bicycle":"yes","destination":"Gare de GOULT|BEAUMETTES;CAVAILLON|Garde BONNIEUX|Pont Julien;APT","information":"guidepost","mapillary":"672987480786533&x=0.25&y=0.52&zoom=3","name":"V\u00e9loroute du Calavon","tourism":"information","wikimedia_commons":"File:Goult - V\u00e9loroute du Calavon 2.JPG","osm_id":12569484097,"@id":"node/12569484097"}},{"type":"Feature","id":"node/12569523198","geometry":{"type":"Point","coordinates":[5.3062852,43.8620429]},"properties":{"bicycle":"yes","destination":"APT|Gare de BONNIEUX|CAVAILLON","information":"guidepost","name":"V\u00e9loroute du Calavon","tourism":"information","osm_id":12569523198,"@id":"node/12569523198"}},{"type":"Feature","id":"node/12570911579","geometry":{"type":"Point","coordinates":[5.3501554,43.8527517]},"properties":{"hiking":"yes","information":"guidepost","name":"La Partie","operator":"CD84","tourism":"information","osm_id":12570911579,"@id":"node/12570911579"}},{"type":"Feature","id":"node/12574143623","geometry":{"type":"Point","coordinates":[5.4673792,44.1065958]},"properties":{"hiking":"yes","information":"guidepost","tourism":"information","osm_id":12574143623,"@id":"node/12574143623"}},{"type":"Feature","id":"node/12574143737","geometry":{"type":"Point","coordinates":[5.4661631,44.1023278]},"properties":{"destination":"Aurel;Cimeti\u00e8re de St-Trinit","hiking":"yes","information":"guidepost","name":"Saint-Trinit","operator":"CD84","panoramax":"29afc749-962e-4141-aabe-86243eb0d3b1;7c642565-3532-49ae-b3ea-5b666ae3f310","tourism":"information","osm_id":12574143737,"@id":"node/12574143737"}},{"type":"Feature","id":"node/12577047400","geometry":{"type":"Point","coordinates":[5.4458828,43.8786619]},"properties":{"bicycle":"yes","destination":"St MARTIN de CASTILLON","information":"guidepost","name":"V\u00e9loroute du Calavon","tourism":"information","osm_id":12577047400,"@id":"node/12577047400"}},{"type":"Feature","id":"node/12577047401","geometry":{"type":"Point","coordinates":[5.4457111,43.8787968]},"properties":{"bicycle":"yes","destination":"APT","information":"guidepost","name":"V\u00e9loroute du Calavon","tourism":"information","osm_id":12577047401,"@id":"node/12577047401"}},{"type":"Feature","id":"node/12584621861","geometry":{"type":"Point","coordinates":[5.0426238,44.1774066]},"properties":{"destination":"Pas de l'Aigle;Gigondas le village;Monast\u00e8re de Pr\u00e9bayon","hiking":"yes","information":"guidepost","tourism":"information","osm_id":12584621861,"@id":"node/12584621861"}},{"type":"Feature","id":"node/12586117368","geometry":{"type":"Point","coordinates":[4.7286536,44.2021574]},"properties":{"destination":"Forteresse|Le Casc? d'Uchaux;Serignan|Eglise Notre Dame de Val-Romignier","hiking":"yes","information":"guidepost","mapillary":"916038322507303&x=0.44&y=0.49&zoom=1.69","tourism":"information","osm_id":12586117368,"@id":"node/12586117368"}},{"type":"Feature","id":"node/12593202792","geometry":{"type":"Point","coordinates":[4.7256858,44.2348465]},"properties":{"hiking":"yes","information":"guidepost","operator":"CD84","tourism":"information","osm_id":12593202792,"@id":"node/12593202792"}},{"type":"Feature","id":"node/12593341642","geometry":{"type":"Point","coordinates":[4.6608399,44.2608017]},"properties":{"destination":"Le Pontet","hiking":"yes","information":"guidepost","name":"Le Bout du Pont","operator":"CD84","tourism":"information","osm_id":12593341642,"@id":"node/12593341642"}},{"type":"Feature","id":"node/12650644065","geometry":{"type":"Point","coordinates":[5.4876816,43.9243172]},"properties":{"destination":"Croix de Christol;Cornet","hiking":"yes","information":"guidepost","mtb":"yes","name":"Rustrel","operator":"CD84","tourism":"information","osm_id":12650644065,"@id":"node/12650644065"}},{"type":"Feature","id":"node/12691448665","geometry":{"type":"Point","coordinates":[5.0309362,43.9560333]},"properties":{"bicycle":"yes","destination":"L'isle s/la Sorgue","information":"guidepost","tourism":"information","osm_id":12691448665,"@id":"node/12691448665"}},{"type":"Feature","id":"node/12840145795","geometry":{"type":"Point","coordinates":[4.9383676,43.9283531]},"properties":{"information":"guidepost","osm_id":12840145795,"@id":"node/12840145795"}},{"type":"Feature","id":"node/12869199320","geometry":{"type":"Point","coordinates":[5.5322063,43.8445907]},"properties":{"hiking":"yes","information":"guidepost","name":"La Tuili\u00e8re","operator":"CD84","tourism":"information","osm_id":12869199320,"@id":"node/12869199320"}},{"type":"Feature","id":"node/12871828020","geometry":{"type":"Point","coordinates":[5.3932947,43.710132]},"properties":{"destination":"Cadenet;Le Septen Est|Pont de Cadenet","hiking":"yes","information":"guidepost","name":"Champ Long","operator":"CD84","tourism":"information","osm_id":12871828020,"@id":"node/12871828020"}},{"type":"Feature","id":"node/12878589115","geometry":{"type":"Point","coordinates":[5.2417512,44.1955466]},"properties":{"destination":"Lou Round\u00e8u|Mont Serein;Pra-Long","hiking":"yes","information":"guidepost","name":"Col du Comte","operator":"CD84","tourism":"information","osm_id":12878589115,"@id":"node/12878589115"}},{"type":"Feature","id":"node/12878792877","geometry":{"type":"Point","coordinates":[5.3589501,44.0680186]},"properties":{"bicycle":"yes","destination":"?","hiking":"yes","information":"guidepost","mtb":"yes","name":"Cimeti\u00e8re Monieux","operator":"CD84","tourism":"information","osm_id":12878792877,"@id":"node/12878792877"}},{"type":"Feature","id":"node/12879218855","geometry":{"type":"Point","coordinates":[5.4249568,43.8714041]},"properties":{"destination":"Apt;Madeleine|Saignon;Ginesti\u00e8re","hiking":"yes","information":"guidepost","name":"Tourel","operator":"CD84","tourism":"information","osm_id":12879218855,"@id":"node/12879218855"}},{"type":"Feature","id":"node/12880954662","geometry":{"type":"Point","coordinates":[5.7447157,43.7349374]},"properties":{"destination":"Beaumont de Pertuis;La Bastide Neuve","hiking":"yes","information":"guidepost","name":"Les \u00c9tangs","operator":"CD84","tourism":"information","osm_id":12880954662,"@id":"node/12880954662"}},{"type":"Feature","id":"node/12885893596","geometry":{"type":"Point","coordinates":[5.2653989,43.8371181]},"properties":{"hiking":"yes","information":"guidepost","name":"Peyre Fiot","operator":"CD84","tourism":"information","osm_id":12885893596,"@id":"node/12885893596"}},{"type":"Feature","id":"node/12885924904","geometry":{"type":"Point","coordinates":[5.2563411,43.851538]},"properties":{"destination":"Lumi\u00e8res;La Grande B\u00e9gude|Bonnieux;La Gare de Bonnieux","hiking":"yes","information":"guidepost","name":"La B\u00e9gude Est","operator":"CD84","tourism":"information","osm_id":12885924904,"@id":"node/12885924904"}},{"type":"Feature","id":"node/12885926700","geometry":{"type":"Point","coordinates":[5.6367293,43.7838079]},"properties":{"destination":"Grambois;Pi\u00e9 de Gache|La Bastide des Jourdans","hiking":"yes","information":"guidepost","name":"Chemin de Notre Dame","operator":"CD84","tourism":"information","osm_id":12885926700,"@id":"node/12885926700"}},{"type":"Feature","id":"node/12894174296","geometry":{"type":"Point","coordinates":[5.5812928,43.6979211]},"properties":{"destination":"La Bastidonne;St Julien","hiking":"yes","information":"guidepost","name":"La Chapelle St Julien","operator":"CD84","tourism":"information","osm_id":12894174296,"@id":"node/12894174296"}},{"type":"Feature","id":"node/12897066791","geometry":{"type":"Point","coordinates":[5.5256362,43.8783424]},"properties":{"destination":"St-Martin-de-Castillon;Pont de la Buye|?|Les Courennes","hiking":"yes","information":"guidepost","name":"Ribas des Grosses","operator":"CD84","tourism":"information","osm_id":12897066791,"@id":"node/12897066791"}},{"type":"Feature","id":"node/12898734078","geometry":{"type":"Point","coordinates":[5.3216368,43.9629075]},"properties":{"destination":"Lioux|Javon;Font-Jouvale","hiking":"yes","information":"guidepost","mtb":"yes","name":"Eyrolles","operator":"CD84","tourism":"information","osm_id":12898734078,"@id":"node/12898734078"}},{"type":"Feature","id":"node/12908977724","geometry":{"type":"Point","coordinates":[5.5937161,43.8168673]},"properties":{"destination":"Les Cr\u00eates;Les Mines|Vitrolles","hiking":"yes","information":"guidepost","mtb":"yes","name":"Les Ferrailles","operator":"CD84","tourism":"information","osm_id":12908977724,"@id":"node/12908977724"}},{"type":"Feature","id":"node/12909128023","geometry":{"type":"Point","coordinates":[5.4924077,44.0307451]},"properties":{"hiking":"yes","information":"guidepost","name":"Saint-Christol","operator":"CD84","tourism":"information","osm_id":12909128023,"@id":"node/12909128023"}},{"type":"Feature","id":"node/12922601916","geometry":{"type":"Point","coordinates":[5.3284255,43.8557622]},"properties":{"hiking":"yes","information":"guidepost","name":"Bois Sauvage","operator":"CD84","tourism":"information","osm_id":12922601916,"@id":"node/12922601916"}},{"type":"Feature","id":"node/12998623697","geometry":{"type":"Point","coordinates":[5.0597974,43.9012542]},"properties":{"bicycle":"yes","information":"guidepost","tourism":"information","osm_id":12998623697,"@id":"node/12998623697"}},{"type":"Feature","id":"node/13014474087","geometry":{"type":"Point","coordinates":[4.7207982,44.1603888]},"properties":{"bicycle":"yes","information":"guidepost","tourism":"information","osm_id":13014474087,"@id":"node/13014474087"}},{"type":"Feature","id":"node/13055605224","geometry":{"type":"Point","coordinates":[4.6989551,44.2465203]},"properties":{"destination":"Ferme de l'\u00eele vieille;Espace naturel sensible du marais de l'\u00efle vieille","information":"guidepost","tourism":"information","osm_id":13055605224,"@id":"node/13055605224"}},{"type":"Feature","id":"node/13055612390","geometry":{"type":"Point","coordinates":[4.6932762,44.2221527]},"properties":{"hiking":"yes","information":"guidepost","operator":"CD84","tourism":"information","osm_id":13055612390,"@id":"node/13055612390"}},{"type":"Feature","id":"node/13101105856","geometry":{"type":"Point","coordinates":[4.8318353,44.0559936]},"properties":{"bicycle":"yes","destination":"B\u00e9darrides","information":"guidepost","tourism":"information","osm_id":13101105856,"@id":"node/13101105856"}},{"type":"Feature","id":"node/13247410471","geometry":{"type":"Point","coordinates":[5.0492659,44.0012419]},"properties":{"bicycle":"yes","destination":"Carpentras","information":"guidepost","tourism":"information","osm_id":13247410471,"@id":"node/13247410471"}},{"type":"Feature","id":"node/13247824951","geometry":{"type":"Point","coordinates":[5.0269911,43.9605695]},"properties":{"destination":"Carpentras;Pernes-les-Fontaines","information":"guidepost","tourism":"information","osm_id":13247824951,"@id":"node/13247824951"}},{"type":"Feature","id":"node/13247824956","geometry":{"type":"Point","coordinates":[5.0267871,43.9602124]},"properties":{"bicycle":"yes","information":"guidepost","name":"V\u00e9loroute de la Via Venaissia","tourism":"information","osm_id":13247824956,"@id":"node/13247824956"}},{"type":"Feature","id":"node/13248041384","geometry":{"type":"Point","coordinates":[5.0499688,43.9992657]},"properties":{"destination":"Carpentras;Velleron","information":"guidepost","name":"Via Venaissia","tourism":"information","osm_id":13248041384,"@id":"node/13248041384"}},{"type":"Feature","id":"node/13334078987","geometry":{"type":"Point","coordinates":[5.0331102,44.1499549]},"properties":{"information":"guidepost","tourism":"information","osm_id":13334078987,"@id":"node/13334078987"}},{"type":"Feature","id":"node/13338235761","geometry":{"type":"Point","coordinates":[5.0200412,44.1521957]},"properties":{"hiking":"yes","information":"guidepost","tourism":"information","osm_id":13338235761,"@id":"node/13338235761"}},{"type":"Feature","id":"node/13394599227","geometry":{"type":"Point","coordinates":[5.4611358,43.8195254]},"properties":{"hiking":"yes","information":"guidepost","name":"Jas de Br\u00e9mond","operator":"CD84","tourism":"information","osm_id":13394599227,"@id":"node/13394599227"}},{"type":"Feature","id":"node/13578116017","geometry":{"type":"Point","coordinates":[4.8894055,44.100434]},"properties":{"information":"guidepost","panoramax":"a666c100-09bf-4049-9ba2-ada4586a62ee","osm_id":13578116017,"@id":"node/13578116017"}},{"type":"Feature","id":"node/13578116018","geometry":{"type":"Point","coordinates":[4.8886959,44.1005477]},"properties":{"information":"guidepost","panoramax":"e6f48de2-1d8f-4d88-a706-3b3b335e707f","panoramax:wide":"9f04b7a0-4ed5-4aae-a18f-1e9958ab8199","osm_id":13578116018,"@id":"node/13578116018"}},{"type":"Feature","id":"node/13691282310","geometry":{"type":"Point","coordinates":[4.8034612,43.9489076]},"properties":{"information":"guidepost","panoramax":"92633ebd-36bd-40c2-80f6-d0139437edc3","tourism":"information","osm_id":13691282310,"@id":"node/13691282310"}},{"type":"Feature","id":"node/13691289345","geometry":{"type":"Point","coordinates":[4.8040383,43.950172]},"properties":{"information":"guidepost","panoramax":"ff8a5585-72ad-4785-aee1-0731d2d5cc86","tourism":"information","osm_id":13691289345,"@id":"node/13691289345"}},{"type":"Feature","id":"node/13691421392","geometry":{"type":"Point","coordinates":[4.8888425,44.1002568]},"properties":{"information":"guidepost","panoramax":"b298f921-b690-4ef7-957a-84d6a1f2f257","osm_id":13691421392,"@id":"node/13691421392"}},{"type":"Feature","id":"node/13720650036","geometry":{"type":"Point","coordinates":[4.9681843,44.0873665]},"properties":{"information":"guidepost","panoramax:2026":"6d39e859-14d6-4c3d-86e7-5cec97296753","osm_id":13720650036,"@id":"node/13720650036"}},{"type":"Feature","id":"node/13720673162","geometry":{"type":"Point","coordinates":[4.9459788,44.0973969]},"properties":{"information":"guidepost","operator":"CD84","panoramax":"bf7d6feb-66e7-45bd-8f93-0807f2d08f33","ref":"D 950","osm_id":13720673162,"@id":"node/13720673162"}},{"type":"Feature","id":"node/13727663096","geometry":{"type":"Point","coordinates":[5.4485556,43.8195717]},"properties":{"information":"guidepost","name":"Coteau de Bruny","tourism":"information","osm_id":13727663096,"@id":"node/13727663096"}},{"type":"Feature","id":"node/13727685577","geometry":{"type":"Point","coordinates":[5.264346,43.7937836]},"properties":{"information":"guidepost","name":"Acc\u00e8s interdit (Suivant p\u00e9riode)","tourism":"information","osm_id":13727685577,"@id":"node/13727685577"}},{"type":"Feature","id":"node/13727708532","geometry":{"type":"Point","coordinates":[5.4515256,43.8301274]},"properties":{"information":"guidepost","name":"Vallon de Roumi","tourism":"information","osm_id":13727708532,"@id":"node/13727708532"}},{"type":"Feature","id":"node/13727739255","geometry":{"type":"Point","coordinates":[5.287504,43.7897933]},"properties":{"information":"guidepost","name":"Vallon du Gros Ubac","tourism":"information","osm_id":13727739255,"@id":"node/13727739255"}},{"type":"Feature","id":"node/13739903649","geometry":{"type":"Point","coordinates":[4.889243,44.1006779]},"properties":{"information":"guidepost","panoramax":"edd5a152-d7e8-47fa-9a50-6bb024c2512f","osm_id":13739903649,"@id":"node/13739903649"}},{"type":"Feature","id":"node/13739903651","geometry":{"type":"Point","coordinates":[4.8893091,44.1008106]},"properties":{"information":"guidepost","panoramax":"21d60ac8-d580-4eed-882b-a00c9a562f1d","osm_id":13739903651,"@id":"node/13739903651"}},{"type":"Feature","id":"node/13739969212","geometry":{"type":"Point","coordinates":[4.8867541,44.1010793]},"properties":{"information":"guidepost","panoramax":"608a2033-e887-4176-b3ea-51cbdc2a70e8","osm_id":13739969212,"@id":"node/13739969212"}},{"type":"Feature","id":"node/13739969213","geometry":{"type":"Point","coordinates":[4.8869527,44.1009748]},"properties":{"information":"guidepost","panoramax":"7d893d76-54c7-4fa2-ae30-bd81a5c66020","osm_id":13739969213,"@id":"node/13739969213"}},{"type":"Feature","id":"node/13739969214","geometry":{"type":"Point","coordinates":[4.8870096,44.1011086]},"properties":{"information":"guidepost","panoramax":"b07c6fa8-d6dc-4909-95c2-8c693ea5bca8","osm_id":13739969214,"@id":"node/13739969214"}},{"type":"Feature","id":"node/13765753685","geometry":{"type":"Point","coordinates":[4.8760403,44.0063267]},"properties":{"information":"guidepost","panoramax":"50da6ed2-f7f6-4a09-a2af-38a92c3c7d77","osm_id":13765753685,"@id":"node/13765753685"}},{"type":"Feature","id":"node/13767215659","geometry":{"type":"Point","coordinates":[4.8759016,44.0063577]},"properties":{"information":"guidepost","panoramax":"1a48c46c-3859-49c3-a686-ebafd94b3d8d","osm_id":13767215659,"@id":"node/13767215659"}},{"type":"Feature","id":"node/13767242087","geometry":{"type":"Point","coordinates":[4.8743193,44.0079264]},"properties":{"information":"guidepost","panoramax":"ea4eb6ac-3c57-48a9-a810-66086fbecb86","osm_id":13767242087,"@id":"node/13767242087"}},{"type":"Feature","id":"node/13767279619","geometry":{"type":"Point","coordinates":[4.8720421,44.008475]},"properties":{"information":"guidepost","panoramax":"f5ceef8e-5005-4506-a611-579270401f63","osm_id":13767279619,"@id":"node/13767279619"}},{"type":"Feature","id":"node/13769337881","geometry":{"type":"Point","coordinates":[4.8760036,44.0061589]},"properties":{"information":"guidepost","panoramax":"f7ef1feb-8d57-4bb7-987f-85234cb4e570","osm_id":13769337881,"@id":"node/13769337881"}},{"type":"Feature","id":"node/13814510111","geometry":{"type":"Point","coordinates":[5.0983812,44.1525776]},"properties":{"information":"guidepost","panoramax":"28a8b2cb-442d-47d5-b6b6-f35d421a7815","osm_id":13814510111,"@id":"node/13814510111"}},{"type":"Feature","id":"node/13814564907","geometry":{"type":"Point","coordinates":[5.0986837,44.1525194]},"properties":{"information":"guidepost","panoramax":"d8260ef2-13d6-4b50-972c-47898345fbae","osm_id":13814564907,"@id":"node/13814564907"}},{"type":"Feature","id":"node/13817920833","geometry":{"type":"Point","coordinates":[4.8130492,43.9500489]},"properties":{"information":"guidepost","panoramax":"39b23e8a-5697-4da8-b312-769d59308361","osm_id":13817920833,"@id":"node/13817920833"}},{"type":"Feature","id":"node/13821698027","geometry":{"type":"Point","coordinates":[4.803279,43.9477845]},"properties":{"information":"guidepost","panoramax":"28bdbfa8-2017-44bc-96c3-ca7eb5eb820d","osm_id":13821698027,"@id":"node/13821698027"}},{"type":"Feature","id":"node/13833970597","geometry":{"type":"Point","coordinates":[4.8113894,44.1449189]},"properties":{"information":"guidepost","panoramax":"b6603a46-22a6-45b7-ac3d-38eebd9fcaa0","osm_id":13833970597,"@id":"node/13833970597"}},{"type":"Feature","id":"node/13839111345","geometry":{"type":"Point","coordinates":[4.8136242,44.1415793]},"properties":{"information":"guidepost","panoramax":"86b7bc6c-c3bb-4698-9be5-268cfbe25726","osm_id":13839111345,"@id":"node/13839111345"}},{"type":"Feature","id":"node/13843321205","geometry":{"type":"Point","coordinates":[4.8766064,44.0056491]},"properties":{"information":"guidepost","panoramax":"9d8fe385-023b-407a-b10c-8709d5d85169","osm_id":13843321205,"@id":"node/13843321205"}},{"type":"Feature","id":"node/13844246219","geometry":{"type":"Point","coordinates":[4.8772206,44.0076827]},"properties":{"information":"guidepost","panoramax":"162efcf9-09af-43e4-889a-7338fada56db","osm_id":13844246219,"@id":"node/13844246219"}},{"type":"Feature","id":"node/13845293673","geometry":{"type":"Point","coordinates":[4.8767015,44.0054381]},"properties":{"information":"guidepost","panoramax":"478f6f7a-4222-481a-bf0f-84b9a2fa3973","osm_id":13845293673,"@id":"node/13845293673"}},{"type":"Feature","id":"node/13845446378","geometry":{"type":"Point","coordinates":[4.8766161,44.0056265]},"properties":{"information":"guidepost","panoramax":"6c874470-1743-4e23-9eb6-e4d71d2226c2","osm_id":13845446378,"@id":"node/13845446378"}},{"type":"Feature","id":"node/13849929254","geometry":{"type":"Point","coordinates":[4.878457,44.1005878]},"properties":{"information":"guidepost","panoramax":"6a4ac678-3663-4548-8b31-ad414c599bf5","osm_id":13849929254,"@id":"node/13849929254"}},{"type":"Feature","id":"node/13849964369","geometry":{"type":"Point","coordinates":[4.8787257,44.1008615]},"properties":{"information":"guidepost","operator":"CD84","panoramax":"ef1e6227-7bfb-4393-904f-44c6240d0827","ref":"D 950","osm_id":13849964369,"@id":"node/13849964369"}},{"type":"Feature","id":"node/13849965697","geometry":{"type":"Point","coordinates":[4.8780437,44.1007934]},"properties":{"information":"guidepost","operator":"CD84","panoramax":"d05aa817-4e42-4aec-b4d6-1d3bcae9582e","ref":"D 950","osm_id":13849965697,"@id":"node/13849965697"}},{"type":"Feature","id":"node/13875520527","geometry":{"type":"Point","coordinates":[4.7983767,44.1601784]},"properties":{"information":"guidepost","panoramax":"37f0481b-4638-4d91-9745-e57dde10cfc5","osm_id":13875520527,"@id":"node/13875520527"}},{"type":"Feature","id":"node/13906422641","geometry":{"type":"Point","coordinates":[5.505408,43.7100396]},"properties":{"information":"guidepost","osm_id":13906422641,"@id":"node/13906422641"}},{"type":"Feature","id":"node/13906422642","geometry":{"type":"Point","coordinates":[5.5054279,43.7104427]},"properties":{"information":"guidepost","osm_id":13906422642,"@id":"node/13906422642"}},{"type":"Feature","id":"node/13908919232","geometry":{"type":"Point","coordinates":[4.8054234,43.9444662]},"properties":{"information":"guidepost","panoramax":"b50e50b5-f62e-4781-889c-70664e0fa80d","osm_id":13908919232,"@id":"node/13908919232"}},{"type":"Feature","id":"node/13908944975","geometry":{"type":"Point","coordinates":[4.8055325,43.9452307]},"properties":{"information":"guidepost","panoramax":"5a1fc1a3-3c3b-4e74-8d8a-9148c7484dbe","tourism":"information","osm_id":13908944975,"@id":"node/13908944975"}},{"type":"Feature","id":"node/13909569255","geometry":{"type":"Point","coordinates":[4.8039935,43.9521408]},"properties":{"information":"guidepost","panoramax":"8d131362-2702-4641-8c17-4ed1f0982251","osm_id":13909569255,"@id":"node/13909569255"}},{"type":"Feature","id":"node/13909765769","geometry":{"type":"Point","coordinates":[4.8044336,43.9516848]},"properties":{"information":"guidepost","panoramax":"ac807c7f-bbea-465d-b007-c7d66b2debc7","osm_id":13909765769,"@id":"node/13909765769"}},{"type":"Feature","id":"node/13911937586","geometry":{"type":"Point","coordinates":[4.8018775,44.1619095]},"properties":{"information":"guidepost","panoramax":"552e0967-3cc0-45f3-a349-659b464cafaf","ref":"D 11","osm_id":13911937586,"@id":"node/13911937586"}},{"type":"Feature","id":"node/13911937587","geometry":{"type":"Point","coordinates":[4.8019292,44.1618873]},"properties":{"information":"guidepost","panoramax":"2985f455-6ee6-456e-8338-bd930170a922","ref":"D 976","osm_id":13911937587,"@id":"node/13911937587"}},{"type":"Feature","id":"node/13911980583","geometry":{"type":"Point","coordinates":[4.8019447,44.1616872]},"properties":{"information":"guidepost","panoramax":"dd005f93-1e1a-41e7-9168-f1d447ba2811","ref":"D 976","osm_id":13911980583,"@id":"node/13911980583"}},{"type":"Feature","id":"node/13911996472","geometry":{"type":"Point","coordinates":[4.8016948,44.1617192]},"properties":{"information":"guidepost","panoramax":"a086163c-ea7a-44f1-b009-f08f3b428133","ref":"D 11","osm_id":13911996472,"@id":"node/13911996472"}},{"type":"Feature","id":"node/13913992988","geometry":{"type":"Point","coordinates":[4.7963536,44.1579898]},"properties":{"information":"guidepost","panoramax":"88ff3c0d-6bc1-495b-887b-9033b6a4df0e","osm_id":13913992988,"@id":"node/13913992988"}},{"type":"Feature","id":"node/13914039395","geometry":{"type":"Point","coordinates":[4.7872064,44.1532814]},"properties":{"information":"guidepost","panoramax":"f0536da3-fc49-4115-a4ff-18950f5970cd","osm_id":13914039395,"@id":"node/13914039395"}},{"type":"Feature","id":"node/13914039396","geometry":{"type":"Point","coordinates":[4.7872332,44.1531693]},"properties":{"information":"guidepost","panoramax":"0f2c7e59-1195-4b20-98d7-2a09f720bc41","osm_id":13914039396,"@id":"node/13914039396"}},{"type":"Feature","id":"node/13919935857","geometry":{"type":"Point","coordinates":[4.8115728,43.9493315]},"properties":{"information":"guidepost","tourism":"information","osm_id":13919935857,"@id":"node/13919935857"}},{"type":"Feature","id":"node/13943239038","geometry":{"type":"Point","coordinates":[4.89292,44.0414368]},"properties":{"information":"guidepost","osm_id":13943239038,"@id":"node/13943239038"}},{"type":"Feature","id":"node/13968335562","geometry":{"type":"Point","coordinates":[4.87549,44.0303497]},"properties":{"destination":"Orange;Courthezon;B\u00e9darrides","information":"guidepost","mapillary":"1442417584035173","osm_id":13968335562,"@id":"node/13968335562"}},{"type":"Feature","id":"node/13968335563","geometry":{"type":"Point","coordinates":[4.8748987,44.0301597]},"properties":{"information":"guidepost","osm_id":13968335563,"@id":"node/13968335563"}},{"type":"Feature","id":"node/13968335564","geometry":{"type":"Point","coordinates":[4.8750854,44.0298263]},"properties":{"information":"guidepost","osm_id":13968335564,"@id":"node/13968335564"}},{"type":"Feature","id":"node/13984871871","geometry":{"type":"Point","coordinates":[4.6626278,44.2606639]},"properties":{"information":"guidepost","osm_id":13984871871,"@id":"node/13984871871"}},{"type":"Feature","id":"node/13985462898","geometry":{"type":"Point","coordinates":[4.9677048,44.0270569]},"properties":{"information":"guidepost","panoramax":"e0cf1b8d-4fef-47da-9a6f-0e605db2fa95","ref":"D 942","osm_id":13985462898,"@id":"node/13985462898"}},{"type":"Feature","id":"node/13985507580","geometry":{"type":"Point","coordinates":[4.969638,44.0252705]},"properties":{"information":"guidepost","panoramax:context":"7c37c444-b655-472c-864b-fdcb7020e277","osm_id":13985507580,"@id":"node/13985507580"}},{"type":"Feature","id":"node/13985532893","geometry":{"type":"Point","coordinates":[4.9695346,44.0253903]},"properties":{"information":"guidepost","panoramax":"80ce0427-7b8c-4638-8ba2-2e025c21d682","panoramax:0":"83d82e7e-61e4-4ccc-9a77-fbd26a5d039d","panoramax:context":"bcba3d52-cbf3-4d02-a5b6-c7c25b196472","osm_id":13985532893,"@id":"node/13985532893"}},{"type":"Feature","id":"node/13985543174","geometry":{"type":"Point","coordinates":[4.9679124,44.026911]},"properties":{"information":"guidepost","panoramax:context":"31c6aed0-6420-4c49-9541-948d96d1db52","ref":"D 942","osm_id":13985543174,"@id":"node/13985543174"}},{"type":"Feature","id":"node/13985549986","geometry":{"type":"Point","coordinates":[4.9692578,44.0259495]},"properties":{"information":"guidepost","panoramax":"12dc2f4d-8d51-4f1e-ab9d-6721058edb72","osm_id":13985549986,"@id":"node/13985549986"}},{"type":"Feature","id":"node/13985566733","geometry":{"type":"Point","coordinates":[4.9681573,44.0272141]},"properties":{"information":"guidepost","panoramax":"92c78f59-47c1-4485-b638-c6927572086b","ref":"D 942","osm_id":13985566733,"@id":"node/13985566733"}},{"type":"Feature","id":"node/13985577770","geometry":{"type":"Point","coordinates":[4.9685781,44.0270365]},"properties":{"information":"guidepost","panoramax":"739e42e4-658e-4713-b00a-e2d4aae247a5","osm_id":13985577770,"@id":"node/13985577770"}},{"type":"Feature","id":"node/13985698300","geometry":{"type":"Point","coordinates":[4.9674536,44.0268307]},"properties":{"information":"guidepost","panoramax":"d54d92aa-e17f-48b8-85c4-5c6f6f188f7f","ref":"D 942","osm_id":13985698300,"@id":"node/13985698300"}},{"type":"Feature","id":"node/13985704615","geometry":{"type":"Point","coordinates":[4.9671743,44.0268371]},"properties":{"information":"guidepost","panoramax":"e9098986-788e-47e2-bc16-1eb92f29e8f0","osm_id":13985704615,"@id":"node/13985704615"}},{"type":"Feature","id":"node/13985705957","geometry":{"type":"Point","coordinates":[4.9676171,44.0269079]},"properties":{"information":"guidepost","panoramax":"1178c6a5-9c11-41c9-a140-fbad3f6da2ee","tourism":"information","osm_id":13985705957,"@id":"node/13985705957"}},{"type":"Feature","id":"node/13989621055","geometry":{"type":"Point","coordinates":[4.802965,44.1522674]},"properties":{"information":"guidepost","panoramax":"6192fd46-2186-47f1-ac02-9703f8abb966","osm_id":13989621055,"@id":"node/13989621055"}},{"type":"Feature","id":"node/13997025647","geometry":{"type":"Point","coordinates":[4.7456498,44.1468702]},"properties":{"information":"guidepost","panoramax":"57e57cd8-ee6b-481a-a0bc-a1e1c7cad012","osm_id":13997025647,"@id":"node/13997025647"}},{"type":"Feature","id":"node/13997070405","geometry":{"type":"Point","coordinates":[4.7508252,44.1373424]},"properties":{"information":"guidepost","panoramax":"cf2336bd-7633-4f02-8365-5dad388aff7f","osm_id":13997070405,"@id":"node/13997070405"}},{"type":"Feature","id":"node/13997088957","geometry":{"type":"Point","coordinates":[4.7971612,44.1365424]},"properties":{"information":"guidepost","panoramax":"f716003b-13d1-4494-ae65-d9158fb7c242","osm_id":13997088957,"@id":"node/13997088957"}},{"type":"Feature","id":"node/13997095161","geometry":{"type":"Point","coordinates":[4.806222,44.135194]},"properties":{"information":"guidepost","panoramax":"526c9798-5308-4adf-b4d2-77fd94673d68","osm_id":13997095161,"@id":"node/13997095161"}},{"type":"Feature","id":"node/13997095162","geometry":{"type":"Point","coordinates":[4.8062472,44.1352022]},"properties":{"information":"guidepost","panoramax":"b42248f9-f35c-4564-bb46-0df6bf77fa24","osm_id":13997095162,"@id":"node/13997095162"}},{"type":"Feature","id":"node/13997111174","geometry":{"type":"Point","coordinates":[4.8054698,44.1352548]},"properties":{"information":"guidepost","panoramax":"2aab399d-6a3f-454e-82c7-cb0fe9a1d9d6","osm_id":13997111174,"@id":"node/13997111174"}},{"type":"Feature","id":"node/13997111175","geometry":{"type":"Point","coordinates":[4.8054655,44.1352459]},"properties":{"information":"guidepost","panoramax":"bffff24b-3ae8-4ece-8740-75f12201f41c","osm_id":13997111175,"@id":"node/13997111175"}},{"type":"Feature","id":"node/13997855321","geometry":{"type":"Point","coordinates":[4.9702562,44.0864856]},"properties":{"information":"guidepost","osm_id":13997855321,"@id":"node/13997855321"}},{"type":"Feature","id":"node/13997855356","geometry":{"type":"Point","coordinates":[4.9707415,44.0863739]},"properties":{"information":"guidepost","ref":"D 950","osm_id":13997855356,"@id":"node/13997855356"}},{"type":"Feature","id":"node/13997855357","geometry":{"type":"Point","coordinates":[4.9705583,44.0862384]},"properties":{"information":"guidepost","tourism":"information","osm_id":13997855357,"@id":"node/13997855357"}},{"type":"Feature","id":"node/13997855358","geometry":{"type":"Point","coordinates":[4.9703845,44.0866165]},"properties":{"information":"guidepost","operator":"CD84","ref":"D 21","osm_id":13997855358,"@id":"node/13997855358"}},{"type":"Feature","id":"node/13997875768","geometry":{"type":"Point","coordinates":[4.9028263,44.0988906]},"properties":{"information":"guidepost","operator":"CD84","ref":"D 950","tourism":"information","osm_id":13997875768,"@id":"node/13997875768"}},{"type":"Feature","id":"node/13997875800","geometry":{"type":"Point","coordinates":[4.9026701,44.098879]},"properties":{"information":"guidepost","tourism":"information","osm_id":13997875800,"@id":"node/13997875800"}},{"type":"Feature","id":"node/13997878601","geometry":{"type":"Point","coordinates":[4.9026701,44.0988608]},"properties":{"information":"guidepost","tourism":"information","osm_id":13997878601,"@id":"node/13997878601"}},{"type":"Feature","id":"node/13998238875","geometry":{"type":"Point","coordinates":[4.9456526,44.0974471]},"properties":{"information":"guidepost","tourism":"information","osm_id":13998238875,"@id":"node/13998238875"}},{"type":"Feature","id":"node/13998238876","geometry":{"type":"Point","coordinates":[4.9456942,44.097693]},"properties":{"information":"guidepost","operator":"CD84","ref":"D 950","tourism":"information","osm_id":13998238876,"@id":"node/13998238876"}},{"type":"Feature","id":"node/13998238877","geometry":{"type":"Point","coordinates":[4.9460052,44.0976946]},"properties":{"information":"guidepost","tourism":"information","osm_id":13998238877,"@id":"node/13998238877"}},{"type":"Feature","id":"node/13998323965","geometry":{"type":"Point","coordinates":[4.9749895,44.0844198]},"properties":{"information":"guidepost","operator":"CD84","ref":"D 950","osm_id":13998323965,"@id":"node/13998323965"}},{"type":"Feature","id":"node/13998323966","geometry":{"type":"Point","coordinates":[4.9749831,44.0844458]},"properties":{"information":"guidepost","operator":"CD84","ref":"D 55","osm_id":13998323966,"@id":"node/13998323966"}},{"type":"Feature","id":"node/14008373303","geometry":{"type":"Point","coordinates":[5.5148099,43.8485534]},"properties":{"information":"guidepost","name":"Le Boisset 339m","tourism":"information","osm_id":14008373303,"@id":"node/14008373303"}},{"type":"Feature","id":"node/14030829944","geometry":{"type":"Point","coordinates":[4.7959908,44.0938921]},"properties":{"information":"guidepost","osm_id":14030829944,"@id":"node/14030829944"}},{"type":"Feature","id":"node/14030829945","geometry":{"type":"Point","coordinates":[4.7962624,44.0937718]},"properties":{"information":"guidepost","osm_id":14030829945,"@id":"node/14030829945"}},{"type":"Feature","id":"node/14030829946","geometry":{"type":"Point","coordinates":[4.7963494,44.0940363]},"properties":{"information":"guidepost","ref":"D 72","osm_id":14030829946,"@id":"node/14030829946"}},{"type":"Feature","id":"node/14030829972","geometry":{"type":"Point","coordinates":[4.8250922,44.0962705]},"properties":{"information":"guidepost","osm_id":14030829972,"@id":"node/14030829972"}},{"type":"Feature","id":"node/14031426626","geometry":{"type":"Point","coordinates":[5.1444926,44.0019429]},"properties":{"information":"guidepost","osm_id":14031426626,"@id":"node/14031426626"}},{"type":"Feature","id":"node/14038799757","geometry":{"type":"Point","coordinates":[5.1659559,43.8411921]},"properties":{"information":"guidepost","panoramax":"42b01c48-3225-40fc-bd77-aae18a8f46e6","osm_id":14038799757,"@id":"node/14038799757"}},{"type":"Feature","id":"node/14038799758","geometry":{"type":"Point","coordinates":[5.1661474,43.8408916]},"properties":{"information":"guidepost","panoramax":"6ef34926-cc3b-4f2b-a3df-57fed1a7ddc1","osm_id":14038799758,"@id":"node/14038799758"}},{"type":"Feature","id":"node/14038799759","geometry":{"type":"Point","coordinates":[5.1665282,43.8410454]},"properties":{"information":"guidepost","panoramax":"4bcfe67e-4508-4a93-bcd9-722a189170ec","osm_id":14038799759,"@id":"node/14038799759"}},{"type":"Feature","id":"node/14038799760","geometry":{"type":"Point","coordinates":[5.1662542,43.8413235]},"properties":{"information":"guidepost","panoramax":"70d3fe2c-973b-41f1-aba7-106724352f05","osm_id":14038799760,"@id":"node/14038799760"}},{"type":"Feature","id":"node/14046819865","geometry":{"type":"Point","coordinates":[5.1529367,44.0228138]},"properties":{"information":"guidepost","osm_id":14046819865,"@id":"node/14046819865"}},{"type":"Feature","id":"node/14046819867","geometry":{"type":"Point","coordinates":[5.1530187,44.0229789]},"properties":{"information":"guidepost","osm_id":14046819867,"@id":"node/14046819867"}},{"type":"Feature","id":"node/14046819869","geometry":{"type":"Point","coordinates":[5.1532654,44.0229062]},"properties":{"information":"guidepost","osm_id":14046819869,"@id":"node/14046819869"}},{"type":"Feature","id":"node/14046819870","geometry":{"type":"Point","coordinates":[5.1532727,44.022893]},"properties":{"information":"guidepost","osm_id":14046819870,"@id":"node/14046819870"}},{"type":"Feature","id":"node/14046823287","geometry":{"type":"Point","coordinates":[5.1497863,44.0233374]},"properties":{"information":"guidepost","panoramax":"dafe0498-dafa-4b4a-8fc6-364f463f7bcb","ref":"D 5","osm_id":14046823287,"@id":"node/14046823287"}},{"type":"Feature","id":"node/14046823290","geometry":{"type":"Point","coordinates":[5.1495736,44.0232608]},"properties":{"information":"guidepost","ref":"D 77","osm_id":14046823290,"@id":"node/14046823290"}},{"type":"Feature","id":"node/14050782262","geometry":{"type":"Point","coordinates":[4.9788397,44.1958827]},"properties":{"information":"guidepost","panoramax":"d92bc5e4-8104-4474-8b78-e58408a6e8ca","osm_id":14050782262,"@id":"node/14050782262"}},{"type":"Feature","id":"node/14050782263","geometry":{"type":"Point","coordinates":[4.9791485,44.1960115]},"properties":{"information":"guidepost","panoramax":"519f0724-63f8-43bc-be01-0c48cad2c5d9","osm_id":14050782263,"@id":"node/14050782263"}},{"type":"Feature","id":"node/14050782264","geometry":{"type":"Point","coordinates":[4.9794735,44.1957148]},"properties":{"information":"guidepost","panoramax":"d85fcc65-178e-478f-af7d-0b23dd7f14a8","osm_id":14050782264,"@id":"node/14050782264"}},{"type":"Feature","id":"node/14050782265","geometry":{"type":"Point","coordinates":[4.9790103,44.1955564]},"properties":{"information":"guidepost","panoramax":"48a444a3-46a4-47d3-bbfa-b3047594c811","osm_id":14050782265,"@id":"node/14050782265"}},{"type":"Feature","id":"node/14053582996","geometry":{"type":"Point","coordinates":[4.8059851,43.94994]},"properties":{"information":"guidepost","panoramax":"855ae306-4dfe-4d53-b589-370200d92c3b","osm_id":14053582996,"@id":"node/14053582996"}},{"type":"Feature","id":"node/14062316551","geometry":{"type":"Point","coordinates":[5.2926017,43.9039527]},"properties":{"information":"guidepost","osm_id":14062316551,"@id":"node/14062316551"}},{"type":"Feature","id":"node/14062316552","geometry":{"type":"Point","coordinates":[5.2924923,43.9040231]},"properties":{"information":"guidepost","osm_id":14062316552,"@id":"node/14062316552"}},{"type":"Feature","id":"node/14062371744","geometry":{"type":"Point","coordinates":[5.3418167,43.9280495]},"properties":{"information":"guidepost","osm_id":14062371744,"@id":"node/14062371744"}},{"type":"Feature","id":"node/14062371745","geometry":{"type":"Point","coordinates":[5.3421548,43.9280512]},"properties":{"information":"guidepost","osm_id":14062371745,"@id":"node/14062371745"}},{"type":"Feature","id":"node/14070819978","geometry":{"type":"Point","coordinates":[4.8050147,43.9447712]},"properties":{"information":"guidepost","panoramax":"a5be3903-9424-40a8-aa3d-9d4de8f44343","tourism":"information","osm_id":14070819978,"@id":"node/14070819978"}},{"type":"Feature","id":"node/14072407708","geometry":{"type":"Point","coordinates":[5.0026549,44.073416]},"properties":{"information":"guidepost","osm_id":14072407708,"@id":"node/14072407708"}},{"type":"Feature","id":"node/14072407709","geometry":{"type":"Point","coordinates":[5.0023921,44.0732615]},"properties":{"information":"guidepost","osm_id":14072407709,"@id":"node/14072407709"}},{"type":"Feature","id":"node/14072407710","geometry":{"type":"Point","coordinates":[5.0027876,44.072931]},"properties":{"information":"guidepost","osm_id":14072407710,"@id":"node/14072407710"}},{"type":"Feature","id":"node/14072407711","geometry":{"type":"Point","coordinates":[5.0030256,44.0731121]},"properties":{"information":"guidepost","osm_id":14072407711,"@id":"node/14072407711"}},{"type":"Feature","id":"node/14072452780","geometry":{"type":"Point","coordinates":[5.0285453,44.0451157]},"properties":{"information":"guidepost","osm_id":14072452780,"@id":"node/14072452780"}},{"type":"Feature","id":"node/14072452781","geometry":{"type":"Point","coordinates":[5.0282039,44.0448665]},"properties":{"information":"guidepost","osm_id":14072452781,"@id":"node/14072452781"}},{"type":"Feature","id":"node/14072654960","geometry":{"type":"Point","coordinates":[5.0295815,44.0410421]},"properties":{"information":"guidepost","osm_id":14072654960,"@id":"node/14072654960"}},{"type":"Feature","id":"node/14072654961","geometry":{"type":"Point","coordinates":[5.029677,44.0406554]},"properties":{"information":"guidepost","panoramax":"08456ef2-3f1b-473e-9c5b-83322e99909e","osm_id":14072654961,"@id":"node/14072654961"}},{"type":"Feature","id":"node/14076738877","geometry":{"type":"Point","coordinates":[5.3666475,43.8860998]},"properties":{"information":"guidepost","panoramax":"477a7a75-8c60-4a0d-8b4d-078384bcc05d","osm_id":14076738877,"@id":"node/14076738877"}},{"type":"Feature","id":"node/14076738878","geometry":{"type":"Point","coordinates":[5.3666774,43.8867448]},"properties":{"information":"guidepost","panoramax":"11fbf56b-564b-479b-bd06-408dd09325b6","osm_id":14076738878,"@id":"node/14076738878"}},{"type":"Feature","id":"node/14076738879","geometry":{"type":"Point","coordinates":[5.3670089,43.8864124]},"properties":{"information":"guidepost","panoramax":"b956b3f4-538f-484f-9e31-1008f3ca19a9","osm_id":14076738879,"@id":"node/14076738879"}},{"type":"Feature","id":"node/14077110778","geometry":{"type":"Point","coordinates":[5.3759725,43.8752859]},"properties":{"information":"guidepost","osm_id":14077110778,"@id":"node/14077110778"}},{"type":"Feature","id":"node/14077110779","geometry":{"type":"Point","coordinates":[5.3762547,43.8751778]},"properties":{"information":"guidepost","panoramax":"3246c5d8-2448-4f67-9c08-cf9a43da77ff","osm_id":14077110779,"@id":"node/14077110779"}},{"type":"Feature","id":"node/14077110780","geometry":{"type":"Point","coordinates":[5.37646,43.875555]},"properties":{"information":"guidepost","panoramax":"d50b08f0-80ee-4f06-ac51-5b92c710446a","osm_id":14077110780,"@id":"node/14077110780"}},{"type":"Feature","id":"node/14077110781","geometry":{"type":"Point","coordinates":[5.3759897,43.8755359]},"properties":{"information":"guidepost","panoramax":"f2604533-81d7-45b6-aa10-c876a631249e","osm_id":14077110781,"@id":"node/14077110781"}},{"type":"Feature","id":"node/14077253547","geometry":{"type":"Point","coordinates":[4.8003948,43.947386]},"properties":{"information":"guidepost","panoramax":"1deeef0f-9c85-47b6-a199-655b3f4431a8","tourism":"information","osm_id":14077253547,"@id":"node/14077253547"}},{"type":"Feature","id":"node/14078267710","geometry":{"type":"Point","coordinates":[5.4953377,44.0278138]},"properties":{"information":"guidepost","panoramax":"f8ffaef0-6ad7-4b4d-8a31-bbe9465f252d","osm_id":14078267710,"@id":"node/14078267710"}},{"type":"Feature","id":"node/14078267711","geometry":{"type":"Point","coordinates":[5.4957622,44.0275792]},"properties":{"information":"guidepost","panoramax":"21bf6c98-8ef3-444a-98f9-157440275758","osm_id":14078267711,"@id":"node/14078267711"}},{"type":"Feature","id":"node/14078267712","geometry":{"type":"Point","coordinates":[5.4952619,44.0274888]},"properties":{"information":"guidepost","panoramax":"e249a792-db21-4eb5-bdf7-53b50c372969","osm_id":14078267712,"@id":"node/14078267712"}},{"type":"Feature","id":"node/14084981681","geometry":{"type":"Point","coordinates":[5.3661335,43.8863004]},"properties":{"information":"guidepost","panoramax":"8ba56014-f2f8-499c-9dea-4b998f3c9d84","ref":"D 900","osm_id":14084981681,"@id":"node/14084981681"}},{"type":"Feature","id":"node/14089057957","geometry":{"type":"Point","coordinates":[4.7840309,44.1337125]},"properties":{"information":"guidepost","mapillary":"1367781135496359","ref":"D 17","osm_id":14089057957,"@id":"node/14089057957"}},{"type":"Feature","id":"node/14091492319","geometry":{"type":"Point","coordinates":[5.1613663,44.0509726]},"properties":{"information":"guidepost","osm_id":14091492319,"@id":"node/14091492319"}},{"type":"Feature","id":"node/14091492330","geometry":{"type":"Point","coordinates":[5.1601536,44.0508579]},"properties":{"information":"guidepost","ref":"D 77","osm_id":14091492330,"@id":"node/14091492330"}},{"type":"Feature","id":"node/14094393700","geometry":{"type":"Point","coordinates":[5.0522301,44.0681605]},"properties":{"information":"guidepost","osm_id":14094393700,"@id":"node/14094393700"}},{"type":"Feature","id":"node/14094396401","geometry":{"type":"Point","coordinates":[5.0530218,44.0684253]},"properties":{"information":"guidepost","osm_id":14094396401,"@id":"node/14094396401"}},{"type":"Feature","id":"node/14094396402","geometry":{"type":"Point","coordinates":[5.0531838,44.0680873]},"properties":{"information":"guidepost","osm_id":14094396402,"@id":"node/14094396402"}},{"type":"Feature","id":"node/14094396420","geometry":{"type":"Point","coordinates":[5.0523955,44.0679104]},"properties":{"information":"guidepost","osm_id":14094396420,"@id":"node/14094396420"}},{"type":"Feature","id":"node/14094396447","geometry":{"type":"Point","coordinates":[5.0681023,44.0669086]},"properties":{"information":"guidepost","osm_id":14094396447,"@id":"node/14094396447"}},{"type":"Feature","id":"node/14094396448","geometry":{"type":"Point","coordinates":[5.0678153,44.0672552]},"properties":{"information":"guidepost","osm_id":14094396448,"@id":"node/14094396448"}},{"type":"Feature","id":"node/14094396449","geometry":{"type":"Point","coordinates":[5.0671857,44.0669952]},"properties":{"information":"guidepost","osm_id":14094396449,"@id":"node/14094396449"}},{"type":"Feature","id":"node/14094396450","geometry":{"type":"Point","coordinates":[5.0673638,44.0666694]},"properties":{"information":"guidepost","osm_id":14094396450,"@id":"node/14094396450"}},{"type":"Feature","id":"node/14094977966","geometry":{"type":"Point","coordinates":[4.7976792,43.9440846]},"properties":{"information":"guidepost","osm_id":14094977966,"@id":"node/14094977966"}},{"type":"Feature","id":"node/14094977967","geometry":{"type":"Point","coordinates":[4.7979034,43.9441353]},"properties":{"information":"guidepost","osm_id":14094977967,"@id":"node/14094977967"}},{"type":"Feature","id":"node/14094977968","geometry":{"type":"Point","coordinates":[4.7979199,43.9440687]},"properties":{"information":"guidepost","osm_id":14094977968,"@id":"node/14094977968"}},{"type":"Feature","id":"node/14102362678","geometry":{"type":"Point","coordinates":[5.2672246,43.8171378]},"properties":{"information":"guidepost","panoramax":"8f755f71-ad3a-47a6-a738-97643e29cfd2","osm_id":14102362678,"@id":"node/14102362678"}},{"type":"Feature","id":"node/14102362679","geometry":{"type":"Point","coordinates":[5.2672388,43.8171607]},"properties":{"information":"guidepost","panoramax":"8f755f71-ad3a-47a6-a738-97643e29cfd2","osm_id":14102362679,"@id":"node/14102362679"}},{"type":"Feature","id":"node/14102362680","geometry":{"type":"Point","coordinates":[5.2673678,43.8170763]},"properties":{"information":"guidepost","panoramax":"3da33057-8569-45ce-a256-59568df83372","osm_id":14102362680,"@id":"node/14102362680"}},{"type":"Feature","id":"node/14102362681","geometry":{"type":"Point","coordinates":[5.267382,43.8170781]},"properties":{"information":"guidepost","panoramax":"3da33057-8569-45ce-a256-59568df83372","osm_id":14102362681,"@id":"node/14102362681"}},{"type":"Feature","id":"node/14102362682","geometry":{"type":"Point","coordinates":[5.2674536,43.8171563]},"properties":{"information":"guidepost","panoramax":"dffe5722-110f-45d8-87b5-95c1ab3a8fde","osm_id":14102362682,"@id":"node/14102362682"}},{"type":"Feature","id":"node/14102362683","geometry":{"type":"Point","coordinates":[5.2674778,43.8171618]},"properties":{"information":"guidepost","panoramax":"dffe5722-110f-45d8-87b5-95c1ab3a8fde","osm_id":14102362683,"@id":"node/14102362683"}},{"type":"Feature","id":"node/14103243957","geometry":{"type":"Point","coordinates":[5.2849033,43.8466091]},"properties":{"information":"guidepost","ref":"D 36","osm_id":14103243957,"@id":"node/14103243957"}},{"type":"Feature","id":"node/14103243958","geometry":{"type":"Point","coordinates":[5.2848777,43.846613]},"properties":{"information":"guidepost","ref":"D 108","osm_id":14103243958,"@id":"node/14103243958"}},{"type":"Feature","id":"node/14103243959","geometry":{"type":"Point","coordinates":[5.284703,43.847082]},"properties":{"information":"guidepost","ref":"D 36","osm_id":14103243959,"@id":"node/14103243959"}},{"type":"Feature","id":"node/14103243960","geometry":{"type":"Point","coordinates":[5.2847271,43.847093]},"properties":{"information":"guidepost","ref":"D 108","osm_id":14103243960,"@id":"node/14103243960"}},{"type":"Feature","id":"node/14103335176","geometry":{"type":"Point","coordinates":[5.2920546,43.8839099]},"properties":{"information":"guidepost","osm_id":14103335176,"@id":"node/14103335176"}},{"type":"Feature","id":"node/14103335177","geometry":{"type":"Point","coordinates":[5.2921868,43.8838394]},"properties":{"information":"guidepost","osm_id":14103335177,"@id":"node/14103335177"}},{"type":"Feature","id":"node/14103925651","geometry":{"type":"Point","coordinates":[5.232963,43.8597664]},"properties":{"bicycle":"yes","information":"guidepost","tourism":"information","osm_id":14103925651,"@id":"node/14103925651"}},{"type":"Feature","id":"node/14104651359","geometry":{"type":"Point","coordinates":[5.3177711,43.8189365]},"properties":{"information":"guidepost","osm_id":14104651359,"@id":"node/14104651359"}},{"type":"Feature","id":"node/14104651360","geometry":{"type":"Point","coordinates":[5.3177742,43.8189105]},"properties":{"information":"guidepost","osm_id":14104651360,"@id":"node/14104651360"}},{"type":"Feature","id":"node/14104651361","geometry":{"type":"Point","coordinates":[5.317701,43.8188481]},"properties":{"information":"guidepost","osm_id":14104651361,"@id":"node/14104651361"}},{"type":"Feature","id":"node/14104740976","geometry":{"type":"Point","coordinates":[5.3512468,43.8357809]},"properties":{"information":"guidepost","osm_id":14104740976,"@id":"node/14104740976"}},{"type":"Feature","id":"node/14104740977","geometry":{"type":"Point","coordinates":[5.3510232,43.8357568]},"properties":{"information":"guidepost","osm_id":14104740977,"@id":"node/14104740977"}},{"type":"Feature","id":"node/14104740978","geometry":{"type":"Point","coordinates":[5.3513,43.8356128]},"properties":{"information":"guidepost","osm_id":14104740978,"@id":"node/14104740978"}},{"type":"Feature","id":"node/14104740980","geometry":{"type":"Point","coordinates":[5.3895675,43.8442242]},"properties":{"information":"guidepost","osm_id":14104740980,"@id":"node/14104740980"}},{"type":"Feature","id":"node/14104740981","geometry":{"type":"Point","coordinates":[5.389587,43.8442352]},"properties":{"information":"guidepost","osm_id":14104740981,"@id":"node/14104740981"}},{"type":"Feature","id":"node/14104740982","geometry":{"type":"Point","coordinates":[5.3896163,43.8444218]},"properties":{"information":"guidepost","osm_id":14104740982,"@id":"node/14104740982"}},{"type":"Feature","id":"node/14104740983","geometry":{"type":"Point","coordinates":[5.3896437,43.8444033]},"properties":{"information":"guidepost","osm_id":14104740983,"@id":"node/14104740983"}},{"type":"Feature","id":"node/14104741009","geometry":{"type":"Point","coordinates":[5.4131839,43.8460612]},"properties":{"information":"guidepost","osm_id":14104741009,"@id":"node/14104741009"}},{"type":"Feature","id":"node/14104741010","geometry":{"type":"Point","coordinates":[5.4132133,43.8460532]},"properties":{"information":"guidepost","osm_id":14104741010,"@id":"node/14104741010"}},{"type":"Feature","id":"node/14104741011","geometry":{"type":"Point","coordinates":[5.4129116,43.8459416]},"properties":{"information":"guidepost","osm_id":14104741011,"@id":"node/14104741011"}},{"type":"Feature","id":"node/14104741012","geometry":{"type":"Point","coordinates":[5.4129121,43.8460886]},"properties":{"information":"guidepost","osm_id":14104741012,"@id":"node/14104741012"}},{"type":"Feature","id":"node/14104741013","geometry":{"type":"Point","coordinates":[5.4128938,43.8460644]},"properties":{"information":"guidepost","osm_id":14104741013,"@id":"node/14104741013"}},{"type":"Feature","id":"node/14104743969","geometry":{"type":"Point","coordinates":[5.4298899,43.8609094]},"properties":{"information":"guidepost","osm_id":14104743969,"@id":"node/14104743969"}},{"type":"Feature","id":"node/14106790354","geometry":{"type":"Point","coordinates":[5.2021422,43.9080419]},"properties":{"information":"guidepost","osm_id":14106790354,"@id":"node/14106790354"}},{"type":"Feature","id":"node/14106790355","geometry":{"type":"Point","coordinates":[5.2020939,43.9078945]},"properties":{"information":"guidepost","osm_id":14106790355,"@id":"node/14106790355"}},{"type":"Feature","id":"node/14112061163","geometry":{"type":"Point","coordinates":[5.3552576,43.8985652]},"properties":{"information":"guidepost","osm_id":14112061163,"@id":"node/14112061163"}},{"type":"Feature","id":"node/14112061164","geometry":{"type":"Point","coordinates":[5.3552167,43.8987832]},"properties":{"information":"guidepost","osm_id":14112061164,"@id":"node/14112061164"}},{"type":"Feature","id":"node/14112061165","geometry":{"type":"Point","coordinates":[5.3558253,43.8987641]},"properties":{"information":"guidepost","osm_id":14112061165,"@id":"node/14112061165"}},{"type":"Feature","id":"node/14112061166","geometry":{"type":"Point","coordinates":[5.3556928,43.8985227]},"properties":{"information":"guidepost","osm_id":14112061166,"@id":"node/14112061166"}},{"type":"Feature","id":"node/14112061175","geometry":{"type":"Point","coordinates":[5.3377445,43.8891495]},"properties":{"information":"guidepost","osm_id":14112061175,"@id":"node/14112061175"}},{"type":"Feature","id":"node/14112061176","geometry":{"type":"Point","coordinates":[5.3377765,43.889141]},"properties":{"information":"guidepost","osm_id":14112061176,"@id":"node/14112061176"}},{"type":"Feature","id":"node/14123378131","geometry":{"type":"Point","coordinates":[4.8878885,44.0403342]},"properties":{"information":"guidepost","mapillary":"1196540904969864","ref":"D 183","osm_id":14123378131,"@id":"node/14123378131"}}],"_cache":{"generated_at":"2026-08-25T18:57:09.547194+00:00","endpoint":"https://overpass-api.de/api/interpreter","user_agent":"dataroads-FR84/0.17.4 (https://github.com/thepriben/dataroads-FR84)","source_format":"overpass-json","source_elements":2168}}
