{"type":"FeatureCollection","features":[{"type":"Feature","geometry":{"type":"LineString","coordinates":[[4.7923,43.9263],[4.79184,43.92647]]},"properties":{"action":"modify","state":"new","osm_type":"way","osm_id":"4235830","highway":"primary_link","axis":"main","version":"14","user":"GuyonT","timestamp":"2026-09-23T13:40:29Z","changeset":"189450351","surface":"asphalt","changes":[{"k":"sidewalk:both","old":null,"new":"no"}]}},{"type":"Feature","geometry":{"type":"LineString","coordinates":[[4.78951,43.92714],[4.78842,43.92746]]},"properties":{"action":"modify","state":"new","osm_type":"way","osm_id":"4235878","highway":"primary","axis":"main","version":"12","user":"GuyonT","timestamp":"2026-09-23T13:40:42Z","changeset":"189450586","name":"Rocade Charles de Gaulle","surface":"asphalt","maxspeed":"70","changes":[{"k":"maxweight:signed","old":null,"new":"no"}]}},{"type":"Feature","geometry":{"type":"LineString","coordinates":[[5.01695,43.98166],[5.01687,43.9817],[5.01683,43.98171]]},"properties":{"action":"modify","state":"new","osm_type":"way","osm_id":"5053701","highway":"primary","axis":"main","version":"30","user":"JLZIMMERMANN","timestamp":"2026-09-23T16:14:30Z","changeset":"189457977","name":"Route de Velleron","ref":"D 31","surface":"asphalt","maxspeed":"80","changes":[{"k":"operator","old":"CG84","new":"CD84"}]}},{"type":"Feature","geometry":{"type":"LineString","coordinates":[[5.03924,44.03384],[5.03934,44.03417],[5.03935,44.03419]]},"properties":{"action":"modify","state":"new","osm_type":"way","osm_id":"5053991","highway":"tertiary","axis":"secondary","version":"24","user":"JLZIMMERMANN","timestamp":"2026-09-23T06:48:08Z","changeset":"189432684","name":"Avenue des March\u00e9s","surface":"asphalt","maxspeed":"50","changes":[{"k":"ref","old":"D 49","new":null},{"k":"was:ref","old":null,"new":"D 49"}]}},{"type":"Feature","geometry":{"type":"LineString","coordinates":[[4.75218,44.289],[4.75248,44.28926],[4.75269,44.28946],[4.7528,44.28958],[4.75295,44.28977]]},"properties":{"action":"modify","state":"new","osm_type":"way","osm_id":"5060609","highway":"secondary","axis":"secondary","version":"16","user":"JLZIMMERMANN","timestamp":"2026-09-24T14:06:23Z","changeset":"189500604","name":"Avenue Jean Moulin","ref":"D 26","surface":"asphalt","maxspeed":"50","changes":[{"k":"operator","old":null,"new":"CD84"},{"k":"surface","old":null,"new":"asphalt"}]}},{"type":"Feature","geometry":{"type":"LineString","coordinates":[[5.04908,43.91799],[5.04909,43.91797],[5.04909,43.91796],[5.0491,43.91794],[5.04912,43.91793],[5.04913,43.91793]]},"properties":{"action":"modify","state":"new","osm_type":"way","osm_id":"9778881","highway":"secondary","axis":"secondary","version":"26","user":"enzo_immergis","timestamp":"2026-09-29T08:43:43Z","changeset":"189715545","name":"Rond-Point du Portail d'Avignon","surface":"asphalt","maxspeed":"50","changes":[{"k":"cycleway:both","old":null,"new":"no"}]}},{"type":"Feature","geometry":{"type":"LineString","coordinates":[[5.0477,43.91817],[5.04773,43.91818],[5.04776,43.91819],[5.04778,43.91821],[5.0478,43.91823]]},"properties":{"action":"modify","state":"new","osm_type":"way","osm_id":"9778883","highway":"secondary","axis":"secondary","version":"26","user":"enzo_immergis","timestamp":"2026-09-29T08:43:43Z","changeset":"189715545","surface":"asphalt","maxspeed":"50","changes":[{"k":"cycleway:both","old":null,"new":"no"}]}},{"type":"Feature","geometry":{"type":"LineString","coordinates":[[5.046,43.83103],[5.04598,43.83093],[5.04591,43.83056],[5.04588,43.83039],[5.04587,43.83035],[5.04587,43.83024],[5.04589,43.83013],[5.04594,43.83003],[5.04608,43.82983],[5.04616,43.82973],[5.04622,43.82966],[5.04638,43.8295],[5.04664,43.82928],[5.0468,43.82916],[5.04711,43.82896],[5.04739,43.82881],[5.04763,43.82871],[5.04773,43.82866]]},"properties":{"action":"modify","state":"new","osm_type":"way","osm_id":"17096109","highway":"residential","axis":"local","version":"11","user":"Alexandre148025","timestamp":"2026-09-23T13:28:32Z","changeset":"189449915","name":"Avenue des Basses Arcoules"}},{"type":"Feature","geometry":{"type":"LineString","coordinates":[[5.04601,43.8311],[5.04598,43.83093],[5.04591,43.83056],[5.04588,43.83039],[5.04587,43.83035],[5.04587,43.83024],[5.04589,43.83013],[5.04594,43.83003],[5.04608,43.82983],[5.04629,43.82958],[5.04666,43.82927],[5.0468,43.82916],[5.04711,43.82896],[5.04739,43.82881],[5.04763,43.82871],[5.04773,43.82866]]},"properties":{"state":"old","osm_id":"17096109","axis":"local"}},{"type":"Feature","geometry":{"type":"LineString","coordinates":[[5.04472,43.83486],[5.04474,43.8348],[5.04481,43.83462],[5.04502,43.834],[5.04513,43.83348],[5.04525,43.83315],[5.04534,43.83291],[5.04541,43.83268],[5.04546,43.83252],[5.04575,43.83155],[5.04585,43.83129],[5.04588,43.83122],[5.04593,43.83118],[5.04596,43.83115]]},"properties":{"action":"modify","state":"new","osm_type":"way","osm_id":"17984547","highway":"residential","axis":"local","version":"17","user":"Alexandre148025","timestamp":"2026-09-23T13:28:32Z","changeset":"189449915","name":"Avenue des Arcoules","surface":"asphalt"}},{"type":"Feature","geometry":{"type":"LineString","coordinates":[[5.04472,43.83486],[5.04474,43.8348],[5.04481,43.83462],[5.04502,43.834],[5.04513,43.83348],[5.04525,43.83315],[5.04534,43.83291],[5.04541,43.83268],[5.04546,43.83252],[5.04575,43.83155],[5.04585,43.83129],[5.04588,43.83122],[5.04593,43.83118],[5.04601,43.8311]]},"properties":{"state":"old","osm_id":"17984547","axis":"local"}},{"type":"Feature","geometry":{"type":"LineString","coordinates":[[5.0854,43.84498],[5.08569,43.84502],[5.086,43.84507],[5.08624,43.8451],[5.08635,43.84511],[5.08644,43.84511],[5.08651,43.8451]]},"properties":{"action":"modify","state":"new","osm_type":"way","osm_id":"22888778","highway":"secondary","axis":"secondary","version":"19","user":"cOSMografix","timestamp":"2026-09-26T09:24:31Z","changeset":"189578242","name":"Route de Robion","ref":"D 2","surface":"asphalt","maxspeed":"50","changes":[{"k":"smoothness","old":null,"new":"good"}]}},{"type":"Feature","geometry":{"type":"LineString","coordinates":[[5.0854,43.84498],[5.08524,43.84494],[5.08469,43.84479],[5.08436,43.84471],[5.08404,43.84462],[5.08401,43.84461],[5.08391,43.84459],[5.08386,43.84458],[5.0837,43.84454],[5.08359,43.84451],[5.08354,43.8445],[5.0835,43.84449],[5.08344,43.84448],[5.08326,43.84444],[5.08277,43.84433],[5.08245,43.84426],[5.08237,43.84425],[5.0821,43.84419],[5.08186,43.84414],[5.08161,43.84408],[5.08156,43.84407],[5.08073,43.84388]]},"properties":{"action":"modify","state":"new","osm_type":"way","osm_id":"22888779","highway":"secondary","axis":"secondary","version":"43","user":"cOSMografix","timestamp":"2026-09-26T09:24:29Z","changeset":"189578222","name":"Route de Robion","ref":"D 2","surface":"asphalt","maxspeed":"50","changes":[{"k":"sidewalk:left","old":null,"new":"no"},{"k":"sidewalk:right","old":null,"new":"yes"}]}},{"type":"Feature","geometry":{"type":"LineString","coordinates":[[5.12037,43.84972],[5.12021,43.8497],[5.11982,43.84965],[5.11876,43.84951],[5.11863,43.84949],[5.11836,43.84945],[5.11789,43.84938],[5.1174,43.8493],[5.1171,43.84926],[5.11683,43.84922],[5.11676,43.84921],[5.11617,43.84912],[5.11612,43.84911],[5.11603,43.8491],[5.1159,43.84908]]},"properties":{"action":"modify","state":"new","osm_type":"way","osm_id":"22888840","highway":"secondary","axis":"secondary","version":"33","user":"cOSMografix","timestamp":"2026-09-26T09:24:53Z","changeset":"189578222","name":"Route des Alpes","ref":"D 2","surface":"asphalt","maxspeed":"50","changes":[{"k":"sidewalk:both","old":null,"new":"yes"}]}},{"type":"Feature","geometry":{"type":"LineString","coordinates":[[5.1026,43.84653],[5.10282,43.84653],[5.10294,43.84653],[5.10299,43.84653]]},"properties":{"action":"modify","state":"new","osm_type":"way","osm_id":"22888844","highway":"secondary","axis":"secondary","version":"16","user":"cOSMografix","timestamp":"2026-09-26T09:24:38Z","changeset":"189578249","name":"Route de Cavaillon","ref":"D 2","surface":"asphalt","maxspeed":"50","changes":[{"k":"foot","old":null,"new":"yes"},{"k":"sidewalk:both","old":null,"new":"no"}]}},{"type":"Feature","geometry":{"type":"LineString","coordinates":[[5.08828,43.8451],[5.08819,43.84512],[5.08781,43.84519],[5.08747,43.84523],[5.08732,43.84524],[5.08701,43.84525],[5.0869,43.84526],[5.08684,43.84527]]},"properties":{"action":"modify","state":"new","osm_type":"way","osm_id":"22888846","highway":"secondary","axis":"secondary","version":"16","user":"cOSMografix","timestamp":"2026-09-26T09:24:33Z","changeset":"189578224","name":"Route de Robion","ref":"D 2","surface":"asphalt","maxspeed":"50","changes":[{"k":"cycleway:right","old":null,"new":"no"}]}},{"type":"Feature","geometry":{"type":"LineString","coordinates":[[5.08684,43.84511],[5.08692,43.84513],[5.08699,43.84514],[5.08731,43.84514],[5.08777,43.84512],[5.08828,43.8451]]},"properties":{"action":"modify","state":"new","osm_type":"way","osm_id":"22888847","highway":"secondary","axis":"secondary","version":"17","user":"cOSMografix","timestamp":"2026-09-26T09:24:32Z","changeset":"189578224","name":"Route de Robion","ref":"D 2","surface":"asphalt","maxspeed":"50","changes":[{"k":"cycleway:right","old":null,"new":"no"}]}},{"type":"Feature","geometry":{"type":"LineString","coordinates":[[4.9339,43.95773],[4.93343,43.95763],[4.93337,43.95761],[4.93329,43.95759],[4.93282,43.95749],[4.93264,43.95745],[4.93256,43.95742],[4.93244,43.95738]]},"properties":{"action":"modify","state":"new","osm_type":"way","osm_id":"23119660","highway":"secondary","axis":"secondary","version":"30","user":"JLZIMMERMANN","timestamp":"2026-09-23T14:11:43Z","changeset":"189452082","name":"Avenue de la R\u00e9tanque","surface":"asphalt","maxspeed":"30","changes":[{"k":"ref","old":"D 28","new":null},{"k":"was:ref","old":null,"new":"D 28"}]}},{"type":"Feature","geometry":{"type":"LineString","coordinates":[[4.9339,43.95773],[4.93343,43.95763],[4.93337,43.95761],[4.93329,43.95759],[4.93282,43.95749],[4.93264,43.95745],[4.93256,43.95742],[4.9325,43.95741],[4.93233,43.95735],[4.932,43.95723],[4.93181,43.95716],[4.93164,43.9571],[4.93133,43.95699],[4.9312,43.95694],[4.93107,43.9569],[4.93096,43.95687],[4.93094,43.95686]]},"properties":{"state":"old","osm_id":"23119660","axis":"secondary"}},{"type":"Feature","geometry":{"type":"LineString","coordinates":[[4.93082,43.95676],[4.93081,43.95674],[4.93079,43.95672],[4.93076,43.95668],[4.93074,43.95662],[4.93072,43.95657],[4.93068,43.95644],[4.93064,43.95637],[4.93059,43.95631],[4.93053,43.95626],[4.93047,43.95623],[4.93031,43.95618],[4.93024,43.95616],[4.93006,43.95611],[4.92998,43.95609],[4.92986,43.95606],[4.92965,43.95601],[4.92949,43.95598],[4.92933,43.95597],[4.92919,43.95597],[4.9291,43.95598],[4.92893,43.95602],[4.92878,43.95606],[4.92868,43.95611],[4.9286,43.95615],[4.92854,43.9562]]},"properties":{"action":"modify","state":"new","osm_type":"way","osm_id":"23119661","highway":"secondary","axis":"secondary","version":"30","user":"JLZIMMERMANN","timestamp":"2026-09-23T14:11:43Z","changeset":"189452082","name":"Boulevard de la Lib\u00e9ration","surface":"asphalt","maxspeed":"30","changes":[{"k":"ref","old":"D 28","new":null},{"k":"was:ref","old":null,"new":"D 28"}]}},{"type":"Feature","geometry":{"type":"LineString","coordinates":[[4.92156,43.95344],[4.92158,43.95342],[4.9216,43.9534],[4.92164,43.95338],[4.92169,43.95336],[4.92175,43.95336],[4.9218,43.95336],[4.92184,43.95338],[4.92188,43.9534],[4.92191,43.95343],[4.92193,43.95346],[4.92194,43.9535]]},"properties":{"action":"modify","state":"new","osm_type":"way","osm_id":"23119662","highway":"secondary","axis":"secondary","version":"19","user":"JLZIMMERMANN","timestamp":"2026-09-23T14:11:43Z","changeset":"189452082","ref":"D 28","surface":"asphalt","changes":[{"k":"operator","old":null,"new":"CD84"},{"k":"ref","old":null,"new":"D 28"}]}},{"type":"Feature","geometry":{"type":"LineString","coordinates":[[4.92158,43.95359],[4.92152,43.95358],[4.92141,43.95357],[4.92118,43.95359],[4.9203,43.95364]]},"properties":{"action":"modify","state":"new","osm_type":"way","osm_id":"23119663","highway":"secondary","axis":"secondary","version":"16","user":"JLZIMMERMANN","timestamp":"2026-09-23T14:11:43Z","changeset":"189452082","name":"Route d'Avignon","ref":"D 28","surface":"asphalt","changes":[{"k":"operator","old":null,"new":"CD84"}]}},{"type":"Feature","geometry":{"type":"LineString","coordinates":[[4.90159,43.9542],[4.90155,43.95414],[4.90154,43.95407],[4.90155,43.954],[4.90158,43.95393]]},"properties":{"action":"modify","state":"new","osm_type":"way","osm_id":"23119664","highway":"secondary","axis":"secondary","version":"18","user":"JLZIMMERMANN","timestamp":"2026-09-23T14:11:43Z","changeset":"189452082","ref":"D 28","surface":"asphalt","changes":[{"k":"operator","old":null,"new":"CD84"}]}},{"type":"Feature","geometry":{"type":"LineString","coordinates":[[4.88438,43.95302],[4.88432,43.95299],[4.88421,43.95297],[4.88406,43.95295],[4.88389,43.95293]]},"properties":{"action":"modify","state":"new","osm_type":"way","osm_id":"23119667","highway":"secondary","axis":"secondary","version":"18","user":"JLZIMMERMANN","timestamp":"2026-09-23T14:11:43Z","changeset":"189452082","name":"Route de Saint-Saturnin","ref":"D 28","surface":"asphalt","changes":[{"k":"operator","old":null,"new":"CD84"}]}},{"type":"Feature","geometry":{"type":"LineString","coordinates":[[4.93094,43.95686],[4.93091,43.95688],[4.93087,43.95689],[4.93083,43.95688],[4.93079,43.95687],[4.93078,43.95685],[4.93077,43.95684],[4.93077,43.95682],[4.93078,43.9568],[4.93079,43.95679],[4.9308,43.95677],[4.93082,43.95676]]},"properties":{"action":"modify","state":"new","osm_type":"way","osm_id":"23119668","highway":"secondary","axis":"secondary","version":"9","user":"JLZIMMERMANN","timestamp":"2026-09-23T14:11:43Z","changeset":"189452082","surface":"asphalt","maxspeed":"30","changes":[{"k":"was:ref","old":null,"new":"D 28"}]}},{"type":"Feature","geometry":{"type":"LineString","coordinates":[[4.94813,43.91873],[4.94808,43.91837],[4.94805,43.9181],[4.94801,43.91769],[4.94795,43.91733],[4.9479,43.91708],[4.94783,43.9169],[4.94774,43.91669],[4.94755,43.91638],[4.94723,43.91585],[4.94715,43.91567],[4.9471,43.91555],[4.94708,43.91549],[4.94706,43.91535],[4.94704,43.91522],[4.94703,43.91496],[4.94705,43.91478],[4.9471,43.91458],[4.94718,43.91432],[4.94743,43.91358],[4.94759,43.91311],[4.94767,43.91288],[4.948,43.91193],[4.94804,43.91182],[4.94808,43.91167],[4.94815,43.91142],[4.94821,43.91117],[4.94825,43.91081],[4.94828,43.91029],[4.9483,43.90978],[4.9483,43.90929],[4.9483,43.90923],[4.9483,43.90893],[4.9483,43.90846],[4.94832,43.9078],[4.94832,43.90768],[4.94833,43.90737],[4.94834,43.90724],[4.94834,43.90699],[4.94834,43.90667],[4.94833,43.9064],[4.94828,43.90608],[4.94828,43.90606],[4.94824,43.90582],[4.94823,43.90577],[4.94816,43.90543],[4.94814,43.90537],[4.94808,43.90509],[4.94806,43.90501],[4.94799,43.90475],[4.9479,43.9044],[4.94784,43.90415],[4.94774,43.90378]]},"properties":{"action":"modify","state":"new","osm_type":"way","osm_id":"23119908","highway":"secondary","axis":"secondary","version":"33","user":"JLZIMMERMANN","timestamp":"2026-09-29T12:39:54Z","changeset":"189725828","ref":"D 6","surface":"asphalt","changes":[{"k":"maxspeed","old":"90","new":null},{"k":"maxspeed:type","old":null,"new":"FR:rural"}]}},{"type":"Feature","geometry":{"type":"LineString","coordinates":[[5.01766,43.98031],[5.01765,43.9805],[5.0176,43.98067],[5.01753,43.98082],[5.01745,43.98094],[5.01733,43.98107],[5.01723,43.98118],[5.01719,43.98126],[5.01718,43.98129],[5.01718,43.98131]]},"properties":{"action":"modify","state":"new","osm_type":"way","osm_id":"23387100","highway":"primary","axis":"main","version":"18","user":"JLZIMMERMANN","timestamp":"2026-09-23T16:14:30Z","changeset":"189457977","name":"Route de Velleron","ref":"D 31","surface":"asphalt","maxspeed":"80","changes":[{"k":"operator","old":"CG84","new":"CD84"}]}},{"type":"Feature","geometry":{"type":"LineString","coordinates":[[5.01622,43.98253],[5.01637,43.98226],[5.01647,43.98207],[5.01651,43.982],[5.0166,43.98183],[5.01665,43.98172],[5.01668,43.98163],[5.01669,43.98157]]},"properties":{"action":"modify","state":"new","osm_type":"way","osm_id":"23387101","highway":"primary","axis":"main","version":"16","user":"JLZIMMERMANN","timestamp":"2026-09-23T16:14:30Z","changeset":"189457977","name":"Route de Velleron","ref":"D 31","surface":"asphalt","maxspeed":"80","changes":[{"k":"operator","old":"CG84","new":"CD84"}]}},{"type":"Feature","geometry":{"type":"LineString","coordinates":[[4.98114,43.96825],[4.98115,43.9683],[4.98116,43.96835],[4.98114,43.96841],[4.98111,43.96847],[4.98105,43.96853],[4.98099,43.96857],[4.98091,43.96859],[4.98083,43.96861],[4.98075,43.96861],[4.98066,43.9686]]},"properties":{"action":"modify","state":"new","osm_type":"way","osm_id":"23387667","highway":"secondary","axis":"secondary","version":"18","user":"JLZIMMERMANN","timestamp":"2026-09-23T14:11:43Z","changeset":"189452082","ref":"D 28","surface":"asphalt","maxspeed":"80","changes":[{"k":"ref","old":null,"new":"D 28"}]}},{"type":"Feature","geometry":{"type":"LineString","coordinates":[[5.01079,43.903],[5.01057,43.90295],[5.0104,43.90291],[5.01033,43.9029],[5.01018,43.90286],[5.01008,43.90283],[5.00996,43.9028],[5.00979,43.90274],[5.00928,43.90254],[5.0088,43.90233],[5.00852,43.90222],[5.00773,43.90189],[5.00703,43.9016],[5.0066,43.90143],[5.00556,43.901]]},"properties":{"action":"modify","state":"new","osm_type":"way","osm_id":"23388797","highway":"tertiary","axis":"secondary","version":"37","user":"JLZIMMERMANN","timestamp":"2026-09-25T12:14:55Z","changeset":"189541592","name":"Route de Fontaine de Vaucluse","ref":"D 25","surface":"asphalt","changes":[{"k":"operator","old":null,"new":"CD84"},{"k":"surface","old":null,"new":"asphalt"}]}},{"type":"Feature","geometry":{"type":"LineString","coordinates":[[5.01079,43.90301],[5.01057,43.90295],[5.0104,43.90291],[5.01033,43.9029],[5.01018,43.90286],[5.01008,43.90283],[5.00996,43.9028],[5.00979,43.90275],[5.0088,43.90233],[5.00852,43.90222],[5.00773,43.90189],[5.00703,43.9016],[5.0066,43.90143],[5.00556,43.901]]},"properties":{"state":"old","osm_id":"23388797","axis":"secondary"}},{"type":"Feature","geometry":{"type":"LineString","coordinates":[[5.15575,43.8797],[5.15567,43.87979],[5.15557,43.87995],[5.15536,43.88034],[5.15528,43.88045],[5.15515,43.88062],[5.15476,43.88104],[5.15472,43.88107],[5.15465,43.88113],[5.15449,43.88122],[5.15368,43.88154],[5.15321,43.88178],[5.15258,43.88213],[5.15245,43.88222],[5.15227,43.8824],[5.15215,43.88255],[5.15157,43.88338],[5.15147,43.88353],[5.15115,43.88401],[5.15081,43.8846],[5.15044,43.88514],[5.15035,43.88527],[5.14962,43.88626],[5.1495,43.88646],[5.14944,43.88669],[5.14942,43.88689],[5.14942,43.88699],[5.14942,43.88787],[5.1494,43.88795],[5.14938,43.88799],[5.14934,43.88801],[5.14931,43.88803]]},"properties":{"action":"modify","state":"new","osm_type":"way","osm_id":"24528781","highway":"tertiary","axis":"secondary","version":"11","user":"JLZIMMERMANN","timestamp":"2026-09-23T22:05:10Z","changeset":"189470856","name":"Route des Beaumettes","changes":[{"k":"ref","old":"D 148","new":null},{"k":"was:ref","old":null,"new":"D 148"}]}},{"type":"Feature","geometry":{"type":"Polygon","coordinates":[[[4.80256,44.13963],[4.8026,44.13963],[4.80264,44.13963],[4.80268,44.13964],[4.80271,44.13966],[4.80274,44.13969],[4.80275,44.13972],[4.80275,44.13976],[4.80272,44.13979],[4.8027,44.13981],[4.80266,44.13983],[4.80263,44.13983],[4.80259,44.13983],[4.80254,44.13982],[4.80251,44.1398],[4.80248,44.13978],[4.80247,44.13975],[4.80247,44.13972],[4.80248,44.13969],[4.8025,44.13967],[4.80253,44.13965],[4.80256,44.13963]]]},"properties":{"action":"delete","state":"new","osm_type":"way","osm_id":"25461275","highway":"residential","axis":"local","version":"26","user":"alapeyre","timestamp":"2026-09-24T09:01:40Z","changeset":"189485417","name":"Avenue des \u00c9tudiants","surface":"asphalt","maxspeed":"30","changes":[{"k":"area","old":"no","new":null},{"k":"highway","old":"residential","new":null},{"k":"junction","old":"roundabout","new":null},{"k":"lanes","old":"1","new":null},{"k":"lit","old":"yes","new":null},{"k":"maintenance","old":"CCPRO","new":null},{"k":"mapillary","old":"283593343403231","new":null},{"k":"maxspeed","old":"30","new":null},{"k":"name","old":"Avenue des \u00c9tudiants","new":null},{"k":"parking:both","old":"no","new":null},{"k":"parking:both:restriction","old":"no_stopping","new":null},{"k":"parking_lane","old":"none","new":null},{"k":"ref:FR:commune","old":"84087V000262","new":null},{"k":"smoothness","old":"good","new":null}]}},{"type":"Feature","geometry":{"type":"LineString","coordinates":[[5.31617,43.74757],[5.3162,43.74754],[5.31624,43.74753],[5.31628,43.74752],[5.31633,43.74752],[5.31694,43.74765],[5.31718,43.7477],[5.31746,43.74775],[5.318,43.74786],[5.31892,43.74802],[5.31906,43.74805],[5.31963,43.74815],[5.31972,43.74817],[5.31995,43.74823]]},"properties":{"action":"modify","state":"new","osm_type":"way","osm_id":"25516339","highway":"unclassified","axis":"local","version":"14","user":"JLZIMMERMANN","timestamp":"2026-09-25T08:42:39Z","changeset":"189532817","name":"Rue Louis Mourre"}},{"type":"Feature","geometry":{"type":"LineString","coordinates":[[5.31617,43.74757],[5.3162,43.74754],[5.31624,43.74753],[5.31628,43.74752],[5.31633,43.74752],[5.31694,43.74765],[5.31718,43.7477],[5.31746,43.74775],[5.318,43.74786],[5.31892,43.74802],[5.31957,43.74814],[5.31972,43.74817],[5.31995,43.74823]]},"properties":{"state":"old","osm_id":"25516339","axis":"local"}},{"type":"Feature","geometry":{"type":"LineString","coordinates":[[4.71276,44.23432],[4.71274,44.2343],[4.71273,44.23427],[4.71273,44.23424],[4.71274,44.23422],[4.71277,44.2342],[4.71279,44.23418]]},"properties":{"action":"modify","state":"new","osm_type":"way","osm_id":"25545170","highway":"secondary","axis":"secondary","version":"11","user":"Patchi","timestamp":"2026-09-25T05:25:15Z","changeset":"189526330","ref":"D 26","surface":"asphalt","changes":[{"k":"operator","old":null,"new":"CD84"},{"k":"ref","old":null,"new":"D 26"}]}},{"type":"Feature","geometry":{"type":"LineString","coordinates":[[4.71281,44.23434],[4.71278,44.23433],[4.71275,44.23431],[4.71273,44.23429],[4.71273,44.23426],[4.71273,44.23424],[4.71274,44.23421],[4.71277,44.23419],[4.71279,44.23418],[4.71282,44.23417],[4.71285,44.23417]]},"properties":{"state":"old","osm_id":"25545170","axis":"secondary"}},{"type":"Feature","geometry":{"type":"LineString","coordinates":[[4.74126,44.26295],[4.74121,44.26293],[4.74118,44.26289],[4.74116,44.26285],[4.74116,44.26281],[4.74117,44.26277],[4.7412,44.26273],[4.74125,44.26271],[4.7413,44.26269],[4.74134,44.26268]]},"properties":{"action":"modify","state":"new","osm_type":"way","osm_id":"25545172","highway":"secondary","axis":"secondary","version":"9","user":"JLZIMMERMANN","timestamp":"2026-09-24T14:06:23Z","changeset":"189500604","ref":"D 26","surface":"asphalt","changes":[{"k":"operator","old":null,"new":"CD84"},{"k":"ref","old":null,"new":"D 26"}]}},{"type":"Feature","geometry":{"type":"LineString","coordinates":[[4.71651,44.24248],[4.71647,44.2425],[4.71642,44.24251],[4.71637,44.24251],[4.71632,44.2425],[4.71628,44.24248],[4.71625,44.24245],[4.71624,44.24242],[4.71623,44.24238],[4.71625,44.24235]]},"properties":{"action":"modify","state":"new","osm_type":"way","osm_id":"25545173","highway":"secondary","axis":"secondary","version":"9","user":"JLZIMMERMANN","timestamp":"2026-09-24T14:06:23Z","changeset":"189500604","ref":"D 26","surface":"asphalt","changes":[{"k":"operator","old":null,"new":"CD84"},{"k":"ref","old":null,"new":"D 26"}]}},{"type":"Feature","geometry":{"type":"LineString","coordinates":[[4.74733,44.28202],[4.7474,44.28203],[4.74745,44.28205],[4.74768,44.2821],[4.74774,44.28212],[4.74781,44.28213],[4.74787,44.28213],[4.7481,44.28214],[4.74839,44.28213],[4.74874,44.28213],[4.74894,44.28212],[4.7491,44.2821],[4.74929,44.28209],[4.74953,44.28205],[4.74975,44.28202],[4.74992,44.28199],[4.75001,44.28197]]},"properties":{"action":"modify","state":"new","osm_type":"way","osm_id":"25548594","highway":"secondary","axis":"secondary","version":"16","user":"JLZIMMERMANN","timestamp":"2026-09-24T14:06:23Z","changeset":"189500604","name":"Cours de la R\u00e9publique","surface":"asphalt","changes":[{"k":"ref","old":"D 26","new":null},{"k":"was:ref","old":null,"new":"D 26"}]}},{"type":"Feature","geometry":{"type":"LineString","coordinates":[[5.36835,43.88819],[5.36829,43.8881],[5.36827,43.88802],[5.3683,43.88792],[5.36832,43.88788]]},"properties":{"action":"modify","state":"new","osm_type":"way","osm_id":"25740283","highway":"unclassified","axis":"local","version":"12","user":"cOSMografix","timestamp":"2026-09-26T09:26:05Z","changeset":"189578345","surface":"asphalt","maxspeed":"30","changes":[{"k":"cycleway:right","old":null,"new":"no"}]}},{"type":"Feature","geometry":{"type":"LineString","coordinates":[[5.1668,43.87119],[5.16686,43.87112],[5.16694,43.87103],[5.167,43.87094],[5.16704,43.87086],[5.16707,43.87079],[5.16709,43.87072],[5.16711,43.87064],[5.16712,43.87045],[5.1671,43.87005],[5.16702,43.86913],[5.16664,43.86485],[5.16661,43.86469],[5.16656,43.86448],[5.16656,43.86445]]},"properties":{"action":"modify","state":"new","osm_type":"way","osm_id":"25773689","highway":"tertiary","axis":"secondary","version":"18","user":"JLZIMMERMANN","timestamp":"2026-09-23T22:05:10Z","changeset":"189470856","name":"Chemin des Parties","ref":"D 148","surface":"asphalt","changes":[{"k":"operator","old":null,"new":"CD84"}]}},{"type":"Feature","geometry":{"type":"LineString","coordinates":[[5.1668,43.87119],[5.16686,43.87112],[5.16694,43.87103],[5.167,43.87094],[5.16704,43.87086],[5.16707,43.87079],[5.16709,43.87072],[5.16711,43.87064],[5.16712,43.87045],[5.1671,43.87005],[5.16702,43.86913],[5.16664,43.86485],[5.16661,43.86469],[5.16656,43.86445]]},"properties":{"state":"old","osm_id":"25773689","axis":"secondary"}},{"type":"Feature","geometry":{"type":"LineString","coordinates":[[5.26299,44.18335],[5.26316,44.18338],[5.26378,44.18345],[5.26456,44.18355],[5.26796,44.18397],[5.26809,44.18398],[5.26912,44.18411],[5.27015,44.18424],[5.27026,44.18426],[5.27069,44.18433],[5.27362,44.18487],[5.27386,44.18491],[5.27401,44.18492],[5.27415,44.18492],[5.27433,44.18491],[5.27457,44.18488],[5.27484,44.18484]]},"properties":{"action":"modify","state":"new","osm_type":"way","osm_id":"25919310","highway":"tertiary","axis":"secondary","version":"19","user":"thepriben","timestamp":"2026-09-25T17:07:55Z","changeset":"189554877","ref":"D 164A","surface":"asphalt"}},{"type":"Feature","geometry":{"type":"LineString","coordinates":[[5.26245,44.1833],[5.26249,44.1833],[5.26262,44.18331],[5.26315,44.18338],[5.26378,44.18345],[5.26456,44.18355],[5.26796,44.18397],[5.26809,44.18398],[5.26912,44.18411],[5.27015,44.18424],[5.27026,44.18426],[5.27069,44.18433],[5.27362,44.18487],[5.27386,44.18491],[5.27401,44.18492],[5.27415,44.18492],[5.27433,44.18491],[5.27457,44.18488],[5.27484,44.18484]]},"properties":{"state":"old","osm_id":"25919310","axis":"secondary"}},{"type":"Feature","geometry":{"type":"LineString","coordinates":[[5.12072,43.92057],[5.12079,43.92059],[5.12084,43.92062],[5.12121,43.92078],[5.12197,43.92113],[5.12252,43.92136],[5.12276,43.92147],[5.123,43.92155],[5.12329,43.92162],[5.12376,43.92174],[5.1239,43.92177],[5.12402,43.92178],[5.12418,43.92179],[5.12487,43.92177],[5.12516,43.92177],[5.12561,43.92175],[5.12571,43.92174],[5.12591,43.92173]]},"properties":{"action":"modify","state":"new","osm_type":"way","osm_id":"26509599","highway":"tertiary","axis":"secondary","version":"40","user":"JLZIMMERMANN","timestamp":"2026-09-25T12:14:55Z","changeset":"189541592","name":"Avenue Robert Garcin","ref":"D 25","surface":"asphalt","maxspeed":"30","changes":[{"k":"operator","old":null,"new":"CD84"}]}},{"type":"Feature","geometry":{"type":"LineString","coordinates":[[5.12753,43.92203],[5.1275,43.92203],[5.12748,43.92203],[5.12746,43.92202],[5.12744,43.92201],[5.12743,43.92199],[5.12743,43.92198]]},"properties":{"action":"modify","state":"new","osm_type":"way","osm_id":"26509600","highway":"living_street","axis":"local","version":"21","user":"JLZIMMERMANN","timestamp":"2026-09-25T12:14:55Z","changeset":"189541592","name":"Place de la Colonne","ref":"D 25","surface":"asphalt","changes":[{"k":"operator","old":null,"new":"CD84"},{"k":"ref","old":null,"new":"D 25"}]}},{"type":"Feature","geometry":{"type":"LineString","coordinates":[[5.17705,43.86237],[5.17703,43.86233],[5.17683,43.86183],[5.17682,43.8618],[5.17681,43.86178],[5.17679,43.86172]]},"properties":{"action":"modify","state":"new","osm_type":"way","osm_id":"27583834","highway":"residential","axis":"local","version":"15","user":"cOSMografix","timestamp":"2026-09-26T09:25:20Z","changeset":"189578268","surface":"asphalt","changes":[{"k":"sidewalk:both","old":null,"new":"no"}]}},{"type":"Feature","geometry":{"type":"LineString","coordinates":[[5.38091,43.88164],[5.38094,43.88168],[5.38099,43.88182],[5.381,43.88188],[5.38099,43.88205],[5.381,43.88212],[5.38105,43.88221],[5.38117,43.8823],[5.38125,43.88237],[5.38129,43.8824],[5.38137,43.88247],[5.38144,43.88257],[5.38148,43.88262],[5.3815,43.88266],[5.38153,43.8827]]},"properties":{"action":"modify","state":"new","osm_type":"way","osm_id":"28103395","highway":"unclassified","axis":"local","version":"11","user":"Alexandre148025","timestamp":"2026-09-23T13:28:32Z","changeset":"189449915","name":"Traverse des Abattoirs","surface":"asphalt"}},{"type":"Feature","geometry":{"type":"LineString","coordinates":[[5.38091,43.88164],[5.381,43.88183],[5.381,43.88188],[5.38099,43.88205],[5.381,43.88212],[5.38105,43.88221],[5.38117,43.8823],[5.38125,43.88237],[5.38129,43.8824],[5.38137,43.88247],[5.38144,43.88257],[5.38148,43.88262],[5.3815,43.88266],[5.38153,43.8827]]},"properties":{"state":"old","osm_id":"28103395","axis":"local"}},{"type":"Feature","geometry":{"type":"LineString","coordinates":[[5.3999,43.87308],[5.39987,43.87336],[5.39986,43.87348],[5.39979,43.87428],[5.39978,43.87432],[5.39977,43.87447],[5.39976,43.87471],[5.39975,43.87491]]},"properties":{"action":"modify","state":"new","osm_type":"way","osm_id":"28103515","highway":"residential","axis":"local","version":"10","user":"Benoit84","timestamp":"2026-09-29T08:20:24Z","changeset":"189714728","name":"Boulevard Elz\u00e9ar Pin","surface":"asphalt"}},{"type":"Feature","geometry":{"type":"LineString","coordinates":[[5.3999,43.87308],[5.39987,43.87336],[5.39986,43.87348],[5.39978,43.87432],[5.39977,43.87447],[5.39976,43.87471],[5.39975,43.87491]]},"properties":{"state":"old","osm_id":"28103515","axis":"local"}},{"type":"Feature","geometry":{"type":"LineString","coordinates":[[5.38307,43.91905],[5.38305,43.91898],[5.38304,43.91892],[5.38302,43.91871],[5.38297,43.91851],[5.38289,43.91831],[5.38275,43.91808],[5.38262,43.91786],[5.38241,43.91759],[5.38226,43.91742],[5.38212,43.91725],[5.38189,43.91698],[5.38174,43.9168],[5.38155,43.91658],[5.3813,43.91633],[5.38103,43.9161],[5.3808,43.91592],[5.38067,43.91584],[5.3805,43.91573],[5.38037,43.91565],[5.37936,43.91509],[5.37913,43.91497],[5.37901,43.9149],[5.37885,43.9148],[5.37873,43.91469],[5.37871,43.91468],[5.37859,43.91458],[5.37857,43.91454],[5.3783,43.91419],[5.3781,43.91389],[5.37788,43.9136],[5.37742,43.913],[5.37733,43.91288],[5.37722,43.91275],[5.37712,43.91265]]},"properties":{"action":"modify","state":"new","osm_type":"way","osm_id":"28213135","highway":"tertiary","axis":"secondary","version":"37","user":"cOSMografix","timestamp":"2026-09-27T21:10:12Z","changeset":"189650351","name":"Route de Gargas","ref":"D 83","surface":"asphalt","changes":[{"k":"lit","old":null,"new":"no"}]}},{"type":"Feature","geometry":{"type":"LineString","coordinates":[[5.10714,43.9127],[5.10717,43.91271],[5.10732,43.91274],[5.10741,43.91278],[5.1075,43.91285],[5.10791,43.91317],[5.10798,43.91323],[5.10855,43.91369],[5.10905,43.9141],[5.10948,43.91445],[5.10987,43.91478],[5.11032,43.91519],[5.11057,43.91542],[5.11065,43.91554],[5.11071,43.91565],[5.11077,43.91574],[5.11078,43.91577]]},"properties":{"action":"modify","state":"new","osm_type":"way","osm_id":"28550824","highway":"unclassified","axis":"local","version":"9","user":"JLZIMMERMANN","timestamp":"2026-09-25T12:14:55Z","changeset":"189541592"}},{"type":"Feature","geometry":{"type":"LineString","coordinates":[[5.10714,43.9127],[5.10717,43.91271],[5.10732,43.91274],[5.10741,43.91278],[5.1075,43.91285],[5.10791,43.91317],[5.10798,43.91323],[5.10893,43.91396],[5.10987,43.91469],[5.11037,43.91517],[5.11057,43.91542],[5.11065,43.91554],[5.11071,43.91565],[5.11078,43.91577]]},"properties":{"state":"old","osm_id":"28550824","axis":"local"}},{"type":"Feature","geometry":{"type":"LineString","coordinates":[[4.83859,43.92799],[4.83858,43.92797],[4.83853,43.92793],[4.83816,43.92752],[4.83814,43.9275],[4.83796,43.9273],[4.83793,43.92725]]},"properties":{"action":"modify","state":"new","osm_type":"way","osm_id":"29438412","highway":"unclassified","axis":"local","version":"11","user":"la meilleure carte","timestamp":"2026-09-25T17:01:27Z","changeset":"189553645","name":"Rue Pierre Seghers","surface":"asphalt","changes":[{"k":"cycleway","old":null,"new":"lane"},{"k":"cycleway:left","old":"lane","new":null},{"k":"cycleway:right","old":"lane","new":null}]}},{"type":"Feature","geometry":{"type":"LineString","coordinates":[[5.10304,43.84652],[5.10313,43.84642]]},"properties":{"action":"modify","state":"new","osm_type":"way","osm_id":"31471930","highway":"tertiary","axis":"secondary","version":"11","user":"cOSMografix","timestamp":"2026-09-26T09:24:39Z","changeset":"189578224","name":"Avenue Andr\u00e9 Dumoulin","ref":"D 31","surface":"asphalt","maxspeed":"30","changes":[{"k":"cycleway:right","old":null,"new":"no"}]}},{"type":"Feature","geometry":{"type":"LineString","coordinates":[[5.06081,43.80241],[5.0607,43.80229],[5.06056,43.80207],[5.06054,43.80198],[5.06047,43.80186],[5.06035,43.8017],[5.06028,43.80162],[5.06018,43.80156],[5.06005,43.80151],[5.05985,43.80149],[5.05947,43.80143],[5.059,43.80133],[5.0588,43.80126],[5.05833,43.801],[5.05816,43.80088],[5.05769,43.8006],[5.05739,43.80041],[5.05625,43.79975],[5.05571,43.79944],[5.05515,43.7991],[5.05492,43.79901],[5.05477,43.79897],[5.05466,43.79895],[5.05452,43.79892],[5.05438,43.79889],[5.05436,43.79889],[5.05425,43.79887],[5.05412,43.79886],[5.05396,43.79887]]},"properties":{"action":"modify","state":"new","osm_type":"way","osm_id":"32436985","highway":"tertiary","axis":"secondary","version":"18","user":"cOSMografix","timestamp":"2026-09-28T11:23:40Z","changeset":"189673894","name":"Chemin des Iscles","surface":"asphalt","maxspeed":"30","changes":[{"k":"cycleway:both","old":null,"new":"no"},{"k":"sidewalk:both","old":null,"new":"no"}]}},{"type":"Feature","geometry":{"type":"LineString","coordinates":[[5.05396,43.79887],[5.05405,43.79929],[5.05405,43.79938],[5.05406,43.79946],[5.05405,43.79994],[5.05401,43.80019],[5.05397,43.80034],[5.05382,43.80083],[5.05372,43.80113],[5.0533,43.80262],[5.05306,43.8034],[5.05259,43.80501],[5.05253,43.80524],[5.05245,43.8054],[5.05239,43.80548],[5.05231,43.80555],[5.05161,43.80596],[5.05155,43.806],[5.05151,43.80603],[5.05127,43.80617],[5.05116,43.80624],[5.05113,43.8063],[5.05103,43.80643],[5.05097,43.80664],[5.05094,43.80696],[5.05094,43.80698],[5.05093,43.80732],[5.05091,43.80743],[5.0509,43.80748]]},"properties":{"action":"modify","state":"new","osm_type":"way","osm_id":"32436987","highway":"tertiary","axis":"secondary","version":"29","user":"cOSMografix","timestamp":"2026-09-28T11:23:36Z","changeset":"189673879","name":"Chemin du Pont","surface":"asphalt","changes":[{"k":"cycleway:both","old":null,"new":"no"}]}},{"type":"Feature","geometry":{"type":"LineString","coordinates":[[5.21302,43.88147],[5.21263,43.88133],[5.21178,43.8811],[5.2108,43.88082],[5.21033,43.88068],[5.21022,43.88066],[5.2101,43.88066],[5.20988,43.8807],[5.20918,43.88087],[5.20903,43.8809],[5.2089,43.8809],[5.208,43.88095],[5.20769,43.88095],[5.20753,43.88094],[5.2073,43.8809],[5.20711,43.88085],[5.20631,43.88057],[5.20606,43.88051],[5.20581,43.88048],[5.20561,43.88047],[5.20537,43.8805],[5.20517,43.88056],[5.20467,43.88077],[5.20357,43.88128],[5.20336,43.88133],[5.20316,43.88136],[5.20311,43.88136],[5.20292,43.88136],[5.20269,43.88134],[5.20249,43.8813],[5.2022,43.8812],[5.20199,43.88114],[5.20183,43.8811],[5.20161,43.88108],[5.20135,43.88107],[5.20047,43.88112],[5.19935,43.8812],[5.19901,43.88126],[5.19804,43.88148],[5.19773,43.88156],[5.19746,43.8816],[5.19721,43.88161],[5.19664,43.88157],[5.19626,43.88152],[5.19551,43.88141],[5.19523,43.8814],[5.19487,43.88141],[5.19452,43.88143],[5.19409,43.88149],[5.19382,43.88155],[5.19366,43.8816],[5.19335,43.88171],[5.19289,43.88189],[5.19284,43.88191],[5.19229,43.88212],[5.19211,43.8822],[5.19197,43.88226],[5.19184,43.88229],[5.19122,43.88242],[5.19048,43.88258],[5.19043,43.88258]]},"properties":{"action":"modify","state":"new","osm_type":"way","osm_id":"32740562","highway":"tertiary","axis":"secondary","version":"28","user":"JLZIMMERMANN","timestamp":"2026-09-23T22:05:10Z","changeset":"189470856","name":"Route de Saint-Pantal\u00e9on","ref":"D 148","surface":"asphalt","maxspeed":"80","changes":[{"k":"operator","old":null,"new":"CD84"},{"k":"surface","old":null,"new":"asphalt"}]}},{"type":"Feature","geometry":{"type":"LineString","coordinates":[[5.06343,43.92662],[5.0633,43.92666],[5.06324,43.92669]]},"properties":{"action":"modify","state":"new","osm_type":"way","osm_id":"32740576","highway":"tertiary","axis":"secondary","version":"5","user":"JLZIMMERMANN","timestamp":"2026-09-25T12:14:55Z","changeset":"189541592","name":"Route de Fontaine de Vaucluse","ref":"D 25","surface":"asphalt","changes":[{"k":"operator","old":null,"new":"CD84"}]}},{"type":"Feature","geometry":{"type":"LineString","coordinates":[[5.06325,43.9266],[5.06328,43.92661],[5.06333,43.92661],[5.06338,43.92662],[5.06343,43.92662]]},"properties":{"action":"modify","state":"new","osm_type":"way","osm_id":"32740589","highway":"tertiary","axis":"secondary","version":"7","user":"JLZIMMERMANN","timestamp":"2026-09-25T12:14:55Z","changeset":"189541592","name":"Route de Fontaine de Vaucluse","ref":"D 25","surface":"asphalt","changes":[{"k":"operator","old":null,"new":"CD84"},{"k":"ref","old":null,"new":"D 25"}]}},{"type":"Feature","geometry":{"type":"LineString","coordinates":[[4.90057,44.03865],[4.90035,44.03876]]},"properties":{"action":"modify","state":"new","osm_type":"way","osm_id":"34639397","highway":"tertiary","axis":"secondary","version":"24","user":"JLZIMMERMANN","timestamp":"2026-09-29T20:55:50Z","changeset":"189747460","name":"Petite Route de Sorgues","surface":"asphalt","maxspeed":"50","changes":[{"k":"ref","old":"D 183","new":null},{"k":"was:ref","old":null,"new":"D 183"}]}},{"type":"Feature","geometry":{"type":"LineString","coordinates":[[4.90026,44.03885],[4.90018,44.03921]]},"properties":{"action":"modify","state":"new","osm_type":"way","osm_id":"34639401","highway":"tertiary","axis":"secondary","version":"26","user":"JLZIMMERMANN","timestamp":"2026-09-29T20:55:50Z","changeset":"189747460","name":"Petite Route de Sorgues","surface":"asphalt","maxspeed":"50","changes":[{"k":"ref","old":"D 183","new":null},{"k":"was:ref","old":null,"new":"D 183"}]}},{"type":"Feature","geometry":{"type":"LineString","coordinates":[[4.90018,44.03921],[4.90017,44.03927],[4.90015,44.0393],[4.90014,44.03933]]},"properties":{"action":"modify","state":"new","osm_type":"way","osm_id":"34639402","highway":"tertiary","axis":"secondary","version":"18","user":"JLZIMMERMANN","timestamp":"2026-09-29T20:55:50Z","changeset":"189747460","name":"Petite Route de Sorgues","surface":"asphalt","maxspeed":"50","changes":[{"k":"ref","old":"D 183","new":null},{"k":"was:ref","old":null,"new":"D 183"}]}},{"type":"Feature","geometry":{"type":"LineString","coordinates":[[4.89012,44.03893],[4.89012,44.03886],[4.8901,44.0388],[4.89007,44.03871]]},"properties":{"action":"modify","state":"new","osm_type":"way","osm_id":"34639405","highway":"secondary","axis":"secondary","version":"29","user":"JLZIMMERMANN","timestamp":"2026-09-29T21:02:19Z","changeset":"189747615","name":"Petite Route de Sorgues","ref":"D 183","surface":"asphalt","changes":[{"k":"operator","old":"CG84","new":"CD84"}]}},{"type":"Feature","geometry":{"type":"LineString","coordinates":[[4.89934,44.038],[4.89939,44.03801],[4.89952,44.03805]]},"properties":{"action":"modify","state":"new","osm_type":"way","osm_id":"34639407","highway":"tertiary","axis":"secondary","version":"27","user":"JLZIMMERMANN","timestamp":"2026-09-29T20:55:50Z","changeset":"189747460","name":"Petite Route de Sorgues","surface":"asphalt","changes":[{"k":"ref","old":"D 183","new":null},{"k":"was:ref","old":null,"new":"D 183"}]}},{"type":"Feature","geometry":{"type":"LineString","coordinates":[[4.89996,44.03822],[4.90008,44.03827],[4.90016,44.03833],[4.90024,44.0384]]},"properties":{"action":"modify","state":"new","osm_type":"way","osm_id":"34639408","highway":"tertiary","axis":"secondary","version":"25","user":"JLZIMMERMANN","timestamp":"2026-09-29T20:55:50Z","changeset":"189747460","name":"Petite Route de Sorgues","surface":"asphalt","changes":[{"k":"ref","old":"D 183","new":null},{"k":"was:ref","old":null,"new":"D 183"}]}},{"type":"Feature","geometry":{"type":"LineString","coordinates":[[5.03884,44.03309],[5.03887,44.03305],[5.03888,44.03301],[5.03889,44.03292],[5.03888,44.03282],[5.03886,44.03266]]},"properties":{"action":"modify","state":"new","osm_type":"way","osm_id":"35586184","highway":"primary","axis":"main","version":"18","user":"JLZIMMERMANN","timestamp":"2026-09-23T07:01:23Z","changeset":"189433180","name":"Route de Velleron","ref":"D 49","surface":"asphalt","maxspeed":"80","changes":[{"k":"operator","old":null,"new":"CD84"}]}},{"type":"Feature","geometry":{"type":"LineString","coordinates":[[5.03886,44.03266],[5.03895,44.03281],[5.03902,44.03299],[5.03905,44.03304],[5.03908,44.0331]]},"properties":{"action":"modify","state":"new","osm_type":"way","osm_id":"35586185","highway":"primary","axis":"main","version":"14","user":"JLZIMMERMANN","timestamp":"2026-09-23T07:01:23Z","changeset":"189433180","name":"Route de Velleron","ref":"D 49","surface":"asphalt","maxspeed":"80","changes":[{"k":"operator","old":null,"new":"CD84"}]}},{"type":"Feature","geometry":{"type":"LineString","coordinates":[[5.1447,43.86827],[5.14471,43.86832]]},"properties":{"action":"modify","state":"new","osm_type":"way","osm_id":"36352781","highway":"residential","axis":"local","version":"14","user":"cOSMografix","timestamp":"2026-09-26T09:25:14Z","changeset":"189578268","surface":"asphalt","changes":[{"k":"sidewalk:both","old":null,"new":"no"}]}},{"type":"Feature","geometry":{"type":"LineString","coordinates":[[4.99446,44.03453],[4.99447,44.03453],[4.99448,44.03453]]},"properties":{"action":"modify","state":"new","osm_type":"way","osm_id":"36979418","highway":"secondary","axis":"secondary","version":"16","user":"enzo_immergis","timestamp":"2026-09-28T16:22:07Z","changeset":"189687837","name":"Ront Point de Belle Croix","surface":"asphalt","maxspeed":"50","changes":[{"k":"cycleway:both","old":null,"new":"no"}]}},{"type":"Feature","geometry":{"type":"LineString","coordinates":[[4.99448,44.03453],[4.99458,44.03446]]},"properties":{"action":"modify","state":"new","osm_type":"way","osm_id":"36979420","highway":"secondary","axis":"secondary","version":"12","user":"enzo_immergis","timestamp":"2026-09-28T16:22:07Z","changeset":"189687837","name":"Boulevard Pasteur","surface":"asphalt","maxspeed":"50","changes":[{"k":"cycleway:both","old":null,"new":"no"}]}},{"type":"Feature","geometry":{"type":"LineString","coordinates":[[5.01079,43.903],[5.01095,43.90302],[5.01124,43.90306],[5.0118,43.90313],[5.01246,43.90322],[5.01331,43.90334],[5.01491,43.90354]]},"properties":{"action":"modify","state":"new","osm_type":"way","osm_id":"37556399","highway":"tertiary","axis":"secondary","version":"26","user":"JLZIMMERMANN","timestamp":"2026-09-25T12:14:55Z","changeset":"189541592","name":"Route de Fontaine de Vaucluse","ref":"D 25","surface":"asphalt","changes":[{"k":"operator","old":null,"new":"CD84"},{"k":"surface","old":null,"new":"asphalt"}]}},{"type":"Feature","geometry":{"type":"LineString","coordinates":[[5.01079,43.90301],[5.01125,43.90306],[5.01141,43.90308],[5.01331,43.90334],[5.01491,43.90354]]},"properties":{"state":"old","osm_id":"37556399","axis":"secondary"}},{"type":"Feature","geometry":{"type":"LineString","coordinates":[[5.12802,43.92248],[5.12812,43.92255],[5.12827,43.92261],[5.12845,43.92268],[5.12851,43.92271],[5.12866,43.92274],[5.12879,43.92275],[5.12889,43.92275],[5.129,43.92273],[5.12921,43.9227],[5.12937,43.92265],[5.12951,43.92261],[5.12964,43.92255],[5.12976,43.92244],[5.12992,43.92229],[5.13015,43.92208],[5.13019,43.92204],[5.13024,43.92199],[5.13047,43.92171],[5.13053,43.92164],[5.13059,43.92155],[5.13062,43.92151],[5.13073,43.92141],[5.13082,43.92134],[5.13088,43.9213],[5.13099,43.92122],[5.13103,43.9212]]},"properties":{"action":"modify","state":"new","osm_type":"way","osm_id":"37556598","highway":"living_street","axis":"local","version":"22","user":"JLZIMMERMANN","timestamp":"2026-09-25T12:14:55Z","changeset":"189541592","name":"Chemin de la Fontaine","ref":"D 25","surface":"concrete","changes":[{"k":"operator","old":null,"new":"CD84"},{"k":"ref","old":null,"new":"D 25"}]}},{"type":"Feature","geometry":{"type":"LineString","coordinates":[[5.08683,43.85012],[5.08656,43.85011],[5.08609,43.85006],[5.0853,43.84995],[5.08468,43.84982],[5.08389,43.84959],[5.08331,43.84938],[5.08286,43.84919],[5.08245,43.84897],[5.08194,43.84864],[5.08131,43.84819],[5.08099,43.84793],[5.08053,43.84756],[5.08025,43.84731],[5.07994,43.84709],[5.0795,43.84675],[5.07912,43.84644],[5.07904,43.84638],[5.07776,43.84538],[5.07734,43.84504],[5.07718,43.84491],[5.07694,43.84474],[5.07674,43.84458],[5.07551,43.84361],[5.07541,43.84354],[5.07522,43.84339],[5.07503,43.84328],[5.07487,43.8432],[5.07475,43.84314],[5.07471,43.84311],[5.0747,43.84309],[5.07469,43.84306]]},"properties":{"action":"modify","state":"new","osm_type":"way","osm_id":"38128871","highway":"unclassified","axis":"local","version":"18","user":"Alexandre148025","timestamp":"2026-09-23T13:28:32Z","changeset":"189449915","name":"Chemin des Vautes","moved_metres":4.5,"moved_only":true,"via_node":true}},{"type":"Feature","geometry":{"type":"LineString","coordinates":[[5.08683,43.85012],[5.08656,43.85011],[5.08609,43.85006],[5.0853,43.84995],[5.08468,43.84982],[5.08389,43.84959],[5.08331,43.84938],[5.08286,43.84919],[5.08245,43.84897],[5.08194,43.84864],[5.08131,43.84819],[5.08099,43.84793],[5.08053,43.84756],[5.08025,43.84731],[5.07994,43.84709],[5.0795,43.84675],[5.07912,43.84644],[5.07904,43.84638],[5.07776,43.84538],[5.07734,43.84504],[5.07718,43.84491],[5.07694,43.84474],[5.07674,43.84458],[5.07551,43.84361],[5.07541,43.84354],[5.07522,43.84339],[5.07499,43.84325],[5.07487,43.8432],[5.07475,43.84314],[5.07471,43.84311],[5.0747,43.84309],[5.07469,43.84306]]},"properties":{"state":"old","osm_id":"38128871","axis":"local"}},{"type":"Feature","geometry":{"type":"LineString","coordinates":[[5.02772,43.91987],[5.0278,43.91989],[5.02786,43.9199],[5.02794,43.9199],[5.02801,43.91989],[5.02811,43.91988],[5.0282,43.91987],[5.02834,43.91985]]},"properties":{"action":"modify","state":"new","osm_type":"way","osm_id":"39146382","highway":"secondary","axis":"secondary","version":"20","user":"enzo_immergis","timestamp":"2026-09-29T08:43:43Z","changeset":"189715545","name":"Route du Thor","surface":"asphalt","maxspeed":"50"}},{"type":"Feature","geometry":{"type":"LineString","coordinates":[[5.04898,43.99227],[5.04891,43.99227],[5.04883,43.99226],[5.0486,43.99224],[5.04848,43.99221]]},"properties":{"action":"modify","state":"new","osm_type":"way","osm_id":"39146657","highway":"secondary","axis":"secondary","version":"20","user":"JLZIMMERMANN","timestamp":"2026-09-23T16:14:30Z","changeset":"189457977","name":"Route d'Avignon","ref":"D 28","surface":"asphalt","maxspeed":"50","changes":[{"k":"operator","old":"CG84","new":"CD84"}]}},{"type":"Feature","geometry":{"type":"LineString","coordinates":[[5.04637,43.99182],[5.0461,43.99176],[5.04547,43.99161],[5.04436,43.99136],[5.04204,43.99083],[5.04187,43.99079],[5.04178,43.99077],[5.04107,43.99061],[5.04081,43.99055],[5.0405,43.99047],[5.04008,43.99038],[5.03903,43.99014],[5.0384,43.98999],[5.0374,43.98976],[5.03671,43.98961],[5.03619,43.9895],[5.0359,43.98945],[5.0357,43.98942],[5.0353,43.98938],[5.0348,43.98933],[5.03324,43.9892],[5.03284,43.98916],[5.03262,43.98913],[5.03232,43.98909],[5.03204,43.98903],[5.03175,43.98896],[5.03155,43.98891],[5.03128,43.98881],[5.03125,43.9888],[5.03116,43.98877],[5.0309,43.98866],[5.03062,43.98852],[5.03047,43.98844],[5.03026,43.98832],[5.03,43.98815],[5.02784,43.98663],[5.02772,43.98654],[5.02681,43.98591],[5.02654,43.98573],[5.02614,43.98547],[5.02588,43.98532],[5.02547,43.9851],[5.02536,43.98504],[5.02503,43.98489],[5.02449,43.98465],[5.02345,43.98423],[5.02291,43.98402],[5.02209,43.9837],[5.01995,43.98286]]},"properties":{"action":"modify","state":"new","osm_type":"way","osm_id":"39146658","highway":"secondary","axis":"secondary","version":"35","user":"JLZIMMERMANN","timestamp":"2026-09-23T16:14:30Z","changeset":"189457977","name":"Route d'Avignon","ref":"D 28","surface":"asphalt","maxspeed":"80","changes":[{"k":"operator","old":"CG84","new":"CD84"}]}},{"type":"Feature","geometry":{"type":"LineString","coordinates":[[5.04637,43.99182],[5.0461,43.99176],[5.04547,43.99161],[5.04436,43.99136],[5.04204,43.99083],[5.04187,43.99079],[5.04178,43.99077],[5.04107,43.99061],[5.04081,43.99055],[5.0405,43.99047],[5.03903,43.99014],[5.0384,43.98999],[5.0374,43.98976],[5.03671,43.98961],[5.03619,43.9895],[5.0359,43.98945],[5.0357,43.98942],[5.0353,43.98938],[5.0348,43.98933],[5.03324,43.9892],[5.03284,43.98916],[5.03262,43.98913],[5.03232,43.98909],[5.03204,43.98903],[5.03175,43.98896],[5.03155,43.98891],[5.03128,43.98881],[5.03125,43.9888],[5.03116,43.98877],[5.0309,43.98866],[5.03062,43.98852],[5.03047,43.98844],[5.03026,43.98832],[5.03,43.98815],[5.02784,43.98663],[5.02772,43.98654],[5.02681,43.98591],[5.02654,43.98573],[5.02614,43.98547],[5.02588,43.98532],[5.02547,43.9851],[5.02536,43.98504],[5.02503,43.98489],[5.02449,43.98465],[5.02345,43.98423],[5.02291,43.98402],[5.02209,43.9837],[5.01995,43.98286]]},"properties":{"state":"old","osm_id":"39146658","axis":"secondary"}},{"type":"Feature","geometry":{"type":"LineString","coordinates":[[5.19843,43.85836],[5.19881,43.85827],[5.19928,43.85821]]},"properties":{"action":"modify","state":"new","osm_type":"way","osm_id":"40441917","highway":"primary_link","axis":"main","version":"16","user":"cOSMografix","timestamp":"2026-09-26T09:25:26Z","changeset":"189578308","surface":"asphalt","maxspeed":"50","changes":[{"k":"cycleway:right","old":null,"new":"shoulder"},{"k":"foot","old":null,"new":"yes"}]}},{"type":"Feature","geometry":{"type":"LineString","coordinates":[[5.23961,43.85447],[5.23965,43.85447],[5.23972,43.85447],[5.23985,43.85445],[5.24017,43.85437],[5.24047,43.8543],[5.24065,43.85425],[5.24114,43.85415],[5.24161,43.85405],[5.24323,43.85378],[5.24422,43.85359],[5.24483,43.85348],[5.24556,43.85334],[5.24648,43.85316],[5.24903,43.85266],[5.24992,43.85249],[5.25074,43.85233],[5.25092,43.85232],[5.25113,43.85231],[5.25137,43.85232],[5.25294,43.85247],[5.25409,43.85258],[5.25488,43.85267],[5.2555,43.85273],[5.25568,43.85274],[5.25587,43.85273],[5.25607,43.85269],[5.25636,43.85262],[5.25656,43.85258],[5.25676,43.85258],[5.25738,43.85263],[5.25805,43.85268],[5.25831,43.85271],[5.25852,43.85279],[5.25867,43.8529],[5.25882,43.85299],[5.25897,43.85305],[5.2592,43.85311],[5.25953,43.85315],[5.26084,43.85327],[5.26242,43.85345],[5.26436,43.85363],[5.26469,43.85366],[5.26498,43.85366],[5.26514,43.85363],[5.26562,43.85354],[5.26582,43.85353],[5.26595,43.85354]]},"properties":{"action":"modify","state":"new","osm_type":"way","osm_id":"42213420","highway":"unclassified","axis":"local","version":"16","user":"Alexandre148025","timestamp":"2026-09-23T13:28:32Z","changeset":"189449915","name":"Chemin de la B\u00e9gude","maxspeed":"80","moved_metres":5.1,"moved_only":true,"via_node":true}},{"type":"Feature","geometry":{"type":"LineString","coordinates":[[5.23961,43.85447],[5.23965,43.85447],[5.23972,43.85447],[5.23985,43.85445],[5.24017,43.85437],[5.24047,43.8543],[5.24065,43.85425],[5.24114,43.85415],[5.24161,43.85405],[5.24323,43.85378],[5.24422,43.85359],[5.24483,43.85348],[5.24556,43.85334],[5.24648,43.85316],[5.24903,43.85266],[5.24992,43.85249],[5.25074,43.85233],[5.25092,43.85232],[5.25113,43.85231],[5.25137,43.85232],[5.25294,43.85247],[5.25409,43.85258],[5.25482,43.85266],[5.2555,43.85273],[5.25568,43.85274],[5.25587,43.85273],[5.25607,43.85269],[5.25636,43.85262],[5.25656,43.85258],[5.25676,43.85258],[5.25738,43.85263],[5.25805,43.85268],[5.25831,43.85271],[5.25852,43.85279],[5.25867,43.8529],[5.25882,43.85299],[5.25897,43.85305],[5.2592,43.85311],[5.25953,43.85315],[5.26084,43.85327],[5.26242,43.85345],[5.26436,43.85363],[5.26469,43.85366],[5.26498,43.85366],[5.26514,43.85363],[5.26562,43.85354],[5.26582,43.85353],[5.26595,43.85354]]},"properties":{"state":"old","osm_id":"42213420","axis":"local"}},{"type":"Feature","geometry":{"type":"LineString","coordinates":[[5.48563,43.92413],[5.4858,43.92381],[5.48582,43.92377],[5.48588,43.92368],[5.4859,43.92366],[5.48599,43.92353],[5.48603,43.92349],[5.48617,43.92339],[5.48639,43.92329],[5.48643,43.92327],[5.48663,43.92319],[5.48683,43.92309],[5.48694,43.92305],[5.48714,43.92293],[5.48732,43.92278],[5.4875,43.92259],[5.48759,43.9224],[5.48785,43.91969]]},"properties":{"action":"modify","state":"new","osm_type":"way","osm_id":"42740576","highway":"tertiary","axis":"secondary","version":"18","user":"JLZIMMERMANN","timestamp":"2026-09-23T21:17:58Z","changeset":"189469677","name":"Route des Ocres","ref":"D 112","surface":"asphalt","maxspeed":"30","changes":[{"k":"operator","old":null,"new":"CD84"}]}},{"type":"Feature","geometry":{"type":"LineString","coordinates":[[5.0277,43.94694],[5.02763,43.94702],[5.02745,43.94713]]},"properties":{"action":"modify","state":"new","osm_type":"way","osm_id":"43877320","highway":"unclassified","axis":"local","version":"9","user":"JLZIMMERMANN","timestamp":"2026-09-29T14:52:53Z","changeset":"189732586","name":"Chemin de la Petite Bressy","ref":"D 31 D","surface":"asphalt","maxspeed":"30","moved_metres":17.7,"moved_only":true,"via_node":true}},{"type":"Feature","geometry":{"type":"LineString","coordinates":[[5.02778,43.94709],[5.0276,43.94714],[5.02733,43.94724]]},"properties":{"state":"old","osm_id":"43877320","axis":"local"}},{"type":"Feature","geometry":{"type":"LineString","coordinates":[[4.88362,44.02406],[4.88373,44.02398],[4.88383,44.02387],[4.88396,44.02372],[4.88405,44.02358],[4.88412,44.02343],[4.88416,44.0233],[4.88418,44.02316],[4.88419,44.02301],[4.88418,44.02286],[4.88398,44.02177],[4.88394,44.02151],[4.88389,44.02108],[4.88387,44.02047],[4.88381,44.01954]]},"properties":{"action":"modify","state":"new","osm_type":"way","osm_id":"44601580","highway":"secondary","axis":"secondary","version":"16","user":"JLZIMMERMANN","timestamp":"2026-09-23T07:31:11Z","changeset":"189434151","name":"Route de B\u00e9darrides","surface":"asphalt","changes":[{"k":"was:ref","old":null,"new":"D 226"}]}},{"type":"Feature","geometry":{"type":"Polygon","coordinates":[[[4.88323,44.01781],[4.88319,44.01777],[4.88316,44.01772],[4.88315,44.01767],[4.88316,44.01762],[4.8832,44.01758],[4.88325,44.01754],[4.88329,44.01752],[4.88333,44.01751],[4.8834,44.01751],[4.88347,44.01751],[4.88353,44.01754],[4.88357,44.01756],[4.88361,44.0176],[4.88363,44.01764],[4.88364,44.01768],[4.88363,44.01773],[4.8836,44.01777],[4.88358,44.01779],[4.88355,44.01781],[4.8835,44.01784],[4.88343,44.01785],[4.88337,44.01785],[4.88329,44.01784],[4.88323,44.01781]]]},"properties":{"action":"modify","state":"new","osm_type":"way","osm_id":"44601581","highway":"secondary","axis":"secondary","version":"15","user":"JLZIMMERMANN","timestamp":"2026-09-23T07:31:11Z","changeset":"189434151","name":"Route de B\u00e9darrides","surface":"asphalt","changes":[{"k":"was:ref","old":null,"new":"D 226"}]}},{"type":"Feature","geometry":{"type":"LineString","coordinates":[[4.88355,44.01781],[4.88354,44.01792],[4.88357,44.01811]]},"properties":{"action":"modify","state":"new","osm_type":"way","osm_id":"44601582","highway":"secondary","axis":"secondary","version":"16","user":"JLZIMMERMANN","timestamp":"2026-09-23T07:31:11Z","changeset":"189434151","name":"Route de B\u00e9darrides","surface":"asphalt","changes":[{"k":"was:ref","old":null,"new":"D 226"}]}},{"type":"Feature","geometry":{"type":"LineString","coordinates":[[4.88333,44.01751],[4.88338,44.01746],[4.88344,44.01741],[4.88349,44.01734]]},"properties":{"action":"modify","state":"new","osm_type":"way","osm_id":"44601583","highway":"secondary","axis":"secondary","version":"16","user":"JLZIMMERMANN","timestamp":"2026-09-23T07:18:35Z","changeset":"189433706","name":"Boulevard Salvador Allende","surface":"asphalt","changes":[{"k":"ref","old":"D 226","new":null},{"k":"was:ref","old":null,"new":"D 226"}]}},{"type":"Feature","geometry":{"type":"LineString","coordinates":[[4.88357,44.01811],[4.8835,44.01802],[4.88343,44.01794],[4.8834,44.01789],[4.88337,44.01785]]},"properties":{"action":"modify","state":"new","osm_type":"way","osm_id":"44601586","highway":"secondary","axis":"secondary","version":"14","user":"JLZIMMERMANN","timestamp":"2026-09-23T07:31:11Z","changeset":"189434151","name":"Route de B\u00e9darrides","changes":[{"k":"was:ref","old":null,"new":"D 226"}]}},{"type":"Feature","geometry":{"type":"LineString","coordinates":[[4.88349,44.01734],[4.88349,44.01743],[4.88351,44.01749],[4.88353,44.01754]]},"properties":{"action":"modify","state":"new","osm_type":"way","osm_id":"44601588","highway":"secondary","axis":"secondary","version":"16","user":"JLZIMMERMANN","timestamp":"2026-09-23T07:18:35Z","changeset":"189433706","name":"Boulevard Salvador Allende","changes":[{"k":"ref","old":"D 226","new":null},{"k":"was:ref","old":null,"new":"D 226"}]}},{"type":"Feature","geometry":{"type":"LineString","coordinates":[[4.88349,44.01734],[4.8835,44.01729],[4.88351,44.01721],[4.88352,44.01714],[4.88346,44.01658],[4.88346,44.01641],[4.88347,44.01624],[4.88352,44.0159],[4.88358,44.01559],[4.88366,44.01535],[4.88371,44.01521]]},"properties":{"action":"modify","state":"new","osm_type":"way","osm_id":"44601589","highway":"secondary","axis":"secondary","version":"25","user":"JLZIMMERMANN","timestamp":"2026-09-23T07:18:35Z","changeset":"189433706","name":"Boulevard Salvador Allende","surface":"asphalt","maxspeed":"30","changes":[{"k":"ref","old":"D 226","new":null},{"k":"was:ref","old":null,"new":"D 226"}]}},{"type":"Feature","geometry":{"type":"LineString","coordinates":[[4.88583,44.03244],[4.88541,44.03206]]},"properties":{"action":"modify","state":"new","osm_type":"way","osm_id":"44601590","highway":"secondary","axis":"secondary","version":"11","user":"JLZIMMERMANN","timestamp":"2026-09-29T21:02:19Z","changeset":"189747615","name":"Route de B\u00e9darrides","ref":"D 183","surface":"asphalt","changes":[{"k":"operator","old":"CG84","new":"CD84"},{"k":"surface","old":null,"new":"asphalt"}]}},{"type":"Feature","geometry":{"type":"LineString","coordinates":[[4.88541,44.03206],[4.88486,44.03156],[4.88418,44.03093],[4.88391,44.03068],[4.88371,44.03049],[4.88346,44.03018],[4.88328,44.02985],[4.88304,44.02915],[4.88278,44.02833],[4.88246,44.02733],[4.88213,44.02631],[4.88211,44.02625],[4.88208,44.02606],[4.88207,44.02587],[4.88209,44.02561],[4.88221,44.02531],[4.88226,44.02519],[4.88233,44.02508],[4.88239,44.025],[4.8825,44.02488]]},"properties":{"action":"modify","state":"new","osm_type":"way","osm_id":"44601591","highway":"secondary","axis":"secondary","version":"21","user":"JLZIMMERMANN","timestamp":"2026-09-29T21:02:19Z","changeset":"189747615","name":"Route de B\u00e9darrides","ref":"D 183","surface":"asphalt","changes":[{"k":"operator","old":"CG84","new":"CD84"}]}},{"type":"Feature","geometry":{"type":"LineString","coordinates":[[4.88351,44.02414],[4.88362,44.02406]]},"properties":{"action":"modify","state":"new","osm_type":"way","osm_id":"44601592","highway":"secondary","axis":"secondary","version":"14","user":"JLZIMMERMANN","timestamp":"2026-09-23T07:31:11Z","changeset":"189434151","name":"Route de B\u00e9darrides","ref":"D 226","surface":"asphalt","changes":[{"k":"was:ref","old":null,"new":"D 226"}]}},{"type":"Feature","geometry":{"type":"LineString","coordinates":[[4.8873,44.00624],[4.88726,44.00613],[4.88723,44.00608],[4.8872,44.00604]]},"properties":{"action":"modify","state":"new","osm_type":"way","osm_id":"44611447","highway":"secondary","axis":"secondary","version":"15","user":"JLZIMMERMANN","timestamp":"2026-09-23T07:18:35Z","changeset":"189433706","name":"Boulevard Salvador Allende","changes":[{"k":"ref","old":"D 226","new":null},{"k":"was:ref","old":null,"new":"D 226"}]}},{"type":"Feature","geometry":{"type":"LineString","coordinates":[[4.88735,44.00604],[4.88732,44.00613],[4.8873,44.00624]]},"properties":{"action":"modify","state":"new","osm_type":"way","osm_id":"44611448","highway":"secondary","axis":"secondary","version":"16","user":"JLZIMMERMANN","timestamp":"2026-09-23T07:18:35Z","changeset":"189433706","name":"Boulevard Salvador Allende","changes":[{"k":"ref","old":"D 226","new":null},{"k":"was:ref","old":null,"new":"D 226"}]}},{"type":"Feature","geometry":{"type":"LineString","coordinates":[[4.88715,44.00582],[4.88719,44.0057],[4.88721,44.00554]]},"properties":{"action":"modify","state":"new","osm_type":"way","osm_id":"44611449","highway":"secondary","axis":"secondary","version":"15","user":"JLZIMMERMANN","timestamp":"2026-09-23T07:18:35Z","changeset":"189433706","name":"Boulevard Salvador Allende","changes":[{"k":"ref","old":"D 226","new":null},{"k":"was:ref","old":null,"new":"D 226"}]}},{"type":"Feature","geometry":{"type":"LineString","coordinates":[[5.10652,44.02442],[5.10632,44.02408],[5.10615,44.02378],[5.10584,44.02325],[5.10578,44.02313],[5.1057,44.02299],[5.10558,44.02278],[5.10553,44.02269],[5.10535,44.0224],[5.10513,44.02202],[5.10506,44.0219],[5.10475,44.02133],[5.1047,44.02125],[5.10457,44.021],[5.10446,44.02079],[5.10441,44.02068],[5.10435,44.02056],[5.10423,44.02037],[5.10418,44.02028],[5.10412,44.02017],[5.10376,44.01954],[5.1036,44.01926],[5.10319,44.01854]]},"properties":{"action":"modify","state":"new","osm_type":"way","osm_id":"44769839","highway":"tertiary","axis":"secondary","version":"23","user":"JLZIMMERMANN","timestamp":"2026-09-29T13:53:57Z","changeset":"189729451","name":"Route de la Courtoise","ref":"D 4a","surface":"asphalt"}},{"type":"Feature","geometry":{"type":"LineString","coordinates":[[5.10652,44.02442],[5.10632,44.02408],[5.10615,44.02378],[5.10584,44.02325],[5.10578,44.02313],[5.1057,44.02299],[5.10558,44.02278],[5.10553,44.02269],[5.10535,44.0224],[5.10513,44.02202],[5.10506,44.0219],[5.10475,44.02133],[5.10457,44.021],[5.10441,44.02068],[5.10435,44.02056],[5.10423,44.02037],[5.10319,44.01854]]},"properties":{"state":"old","osm_id":"44769839","axis":"secondary"}},{"type":"Feature","geometry":{"type":"LineString","coordinates":[[5.10319,44.01854],[5.10368,44.01849],[5.10396,44.01846],[5.10445,44.01837],[5.1045,44.01835],[5.10472,44.01829],[5.10488,44.01825],[5.10525,44.01815],[5.10542,44.0181],[5.10558,44.01806],[5.1058,44.01802],[5.10585,44.018],[5.10653,44.01788],[5.1066,44.01786],[5.10685,44.01781],[5.10699,44.01778],[5.10738,44.01769],[5.1078,44.0176],[5.10789,44.01759],[5.10821,44.01752],[5.10829,44.0175],[5.10862,44.01742],[5.1088,44.01738],[5.10888,44.01736]]},"properties":{"action":"modify","state":"new","osm_type":"way","osm_id":"45055321","highway":"residential","axis":"local","version":"13","user":"JLZIMMERMANN","timestamp":"2026-09-29T13:53:57Z","changeset":"189729451","name":"Chemin du Moulin \u00e0 Huile"}},{"type":"Feature","geometry":{"type":"LineString","coordinates":[[5.10319,44.01854],[5.10368,44.01849],[5.10396,44.01846],[5.10445,44.01837],[5.10472,44.01829],[5.10488,44.01825],[5.10525,44.01815],[5.10542,44.0181],[5.10558,44.01806],[5.1058,44.01802],[5.10585,44.018],[5.10653,44.01788],[5.1066,44.01786],[5.10685,44.01781],[5.10699,44.01778],[5.10738,44.01769],[5.1078,44.0176],[5.10789,44.01759],[5.10821,44.01752],[5.10829,44.0175],[5.10862,44.01742],[5.1088,44.01738],[5.10888,44.01736]]},"properties":{"state":"old","osm_id":"45055321","axis":"local"}},{"type":"Feature","geometry":{"type":"LineString","coordinates":[[5.04143,44.04159],[5.04134,44.04156],[5.04131,44.04156],[5.04124,44.04155]]},"properties":{"action":"modify","state":"new","osm_type":"way","osm_id":"46625665","highway":"tertiary","axis":"secondary","version":"22","user":"JLZIMMERMANN","timestamp":"2026-09-23T06:48:08Z","changeset":"189432684","name":"Boulevard Pasteur","surface":"asphalt","changes":[{"k":"ref","old":"D 49","new":null},{"k":"was:ref","old":null,"new":"D 49"}]}},{"type":"Feature","geometry":{"type":"LineString","coordinates":[[5.06814,43.8375],[5.06812,43.83747],[5.06809,43.83745],[5.06771,43.83721],[5.06742,43.83697],[5.06666,43.83638],[5.0659,43.83579],[5.06552,43.8355],[5.06542,43.83542],[5.06494,43.83504],[5.06483,43.83496],[5.06436,43.83461],[5.06388,43.83427],[5.06345,43.83399],[5.06324,43.83387]]},"properties":{"action":"modify","state":"new","osm_type":"way","osm_id":"46626164","highway":"unclassified","axis":"local","version":"21","user":"cOSMografix","timestamp":"2026-09-26T09:24:18Z","changeset":"189578224","name":"Chemin de Dorio","surface":"asphalt","maxspeed":"70","changes":[{"k":"cycleway:left","old":null,"new":"no"},{"k":"cycleway:right","old":null,"new":"separate"}]}},{"type":"Feature","geometry":{"type":"LineString","coordinates":[[5.26596,43.85304],[5.26615,43.85308]]},"properties":{"action":"modify","state":"new","osm_type":"way","osm_id":"46712240","highway":"path","axis":"path","version":"16","user":"Alexandre148025","timestamp":"2026-09-23T13:28:32Z","changeset":"189449915","surface":"asphalt","changes":[{"k":"railway","old":"razed","new":"abandoned"}]}},{"type":"Feature","geometry":{"type":"LineString","coordinates":[[5.26615,43.85308],[5.26775,43.85334],[5.26924,43.85355],[5.26963,43.85361],[5.27036,43.85374],[5.27106,43.85385],[5.27139,43.8539]]},"properties":{"action":"modify","state":"new","osm_type":"way","osm_id":"46712241","highway":"path","axis":"path","version":"22","user":"Alexandre148025","timestamp":"2026-09-23T13:28:32Z","changeset":"189449915","surface":"asphalt","changes":[{"k":"railway","old":"razed","new":"abandoned"}]}},{"type":"Feature","geometry":{"type":"LineString","coordinates":[[4.94071,43.95978],[4.94069,43.9598],[4.94066,43.95989],[4.94063,43.96013],[4.9406,43.9606],[4.94058,43.96111],[4.9406,43.96135],[4.94063,43.96151],[4.94065,43.96171],[4.94067,43.96196],[4.94068,43.96211],[4.94067,43.96227],[4.94063,43.96247],[4.94057,43.96274],[4.94054,43.96298],[4.94054,43.96324],[4.94055,43.96371],[4.94054,43.96389],[4.94049,43.96425],[4.94048,43.96456],[4.94046,43.96482],[4.94035,43.96526],[4.94029,43.96549],[4.94022,43.96572],[4.94012,43.96601],[4.93995,43.96644],[4.93986,43.96662],[4.93977,43.96673],[4.93969,43.96682],[4.93942,43.96709],[4.93932,43.96722],[4.93925,43.9673],[4.93922,43.96735],[4.93918,43.96747],[4.93902,43.96818]]},"properties":{"action":"modify","state":"new","osm_type":"way","osm_id":"49895705","highway":"unclassified","axis":"local","version":"20","user":"JLZIMMERMANN","timestamp":"2026-09-23T14:11:43Z","changeset":"189452082","name":"Chemin d'Entraigues","maxspeed":"30"}},{"type":"Feature","geometry":{"type":"LineString","coordinates":[[4.94071,43.95978],[4.94068,43.95982],[4.94063,43.96013],[4.9406,43.9606],[4.94058,43.96111],[4.9406,43.96135],[4.94063,43.96151],[4.94065,43.96171],[4.94067,43.96196],[4.94068,43.96211],[4.94067,43.96227],[4.94063,43.96247],[4.94057,43.96274],[4.94054,43.96298],[4.94054,43.96324],[4.94055,43.96371],[4.94054,43.96389],[4.94049,43.96425],[4.94048,43.96456],[4.94046,43.96482],[4.94035,43.96526],[4.94029,43.96549],[4.94022,43.96572],[4.94012,43.96601],[4.93995,43.96644],[4.93986,43.96662],[4.93977,43.96673],[4.93969,43.96682],[4.93942,43.96709],[4.93932,43.96722],[4.93925,43.9673],[4.93922,43.96735],[4.93918,43.96747],[4.93902,43.96818]]},"properties":{"state":"old","osm_id":"49895705","axis":"local"}},{"type":"Feature","geometry":{"type":"LineString","coordinates":[[4.86984,44.00396],[4.87061,44.00399],[4.87077,44.004],[4.87086,44.004],[4.8709,44.00401],[4.8714,44.0041],[4.87157,44.00413],[4.87219,44.00424],[4.87275,44.00435],[4.87281,44.00437],[4.87368,44.00456],[4.87496,44.00485]]},"properties":{"action":"modify","state":"new","osm_type":"way","osm_id":"49999986","highway":"residential","axis":"local","version":"24","user":"enzo_immergis","timestamp":"2026-09-28T16:16:06Z","changeset":"189687581","name":"Avenue Cessac","surface":"asphalt","changes":[{"k":"cycleway:both","old":null,"new":"no"}]}},{"type":"Feature","geometry":{"type":"LineString","coordinates":[[4.94774,43.90378],[4.94765,43.90378],[4.94719,43.90378],[4.94677,43.90378],[4.94625,43.90377],[4.94593,43.90379],[4.94533,43.90381],[4.9452,43.90381],[4.94508,43.90381],[4.94491,43.9038],[4.94462,43.9038],[4.94442,43.9038],[4.94427,43.9038]]},"properties":{"action":"modify","state":"new","osm_type":"way","osm_id":"50003729","highway":"unclassified","axis":"local","version":"11","user":"JLZIMMERMANN","timestamp":"2026-09-24T05:02:02Z","changeset":"189477648","name":"Chemin des Barres","surface":"asphalt","changes":[{"k":"maxweightrating","old":null,"new":"10"}]}},{"type":"Feature","geometry":{"type":"LineString","coordinates":[[5.01575,43.9807],[5.01594,43.98079],[5.01649,43.98111],[5.01668,43.98121],[5.01673,43.98124],[5.01684,43.98124]]},"properties":{"action":"modify","state":"new","osm_type":"way","osm_id":"52267640","highway":"secondary","axis":"secondary","version":"15","user":"JLZIMMERMANN","timestamp":"2026-09-23T16:14:30Z","changeset":"189457977","name":"Route d'Avignon","ref":"D 28","surface":"asphalt","changes":[{"k":"operator","old":"CG84","new":"CD84"}]}},{"type":"Feature","geometry":{"type":"LineString","coordinates":[[5.01995,43.98286],[5.01929,43.98261],[5.01867,43.98233],[5.01836,43.98219],[5.018,43.98201],[5.01736,43.98169],[5.01726,43.98165],[5.01718,43.98164],[5.01709,43.98163]]},"properties":{"action":"modify","state":"new","osm_type":"way","osm_id":"52267654","highway":"secondary","axis":"secondary","version":"12","user":"JLZIMMERMANN","timestamp":"2026-09-23T16:14:30Z","changeset":"189457977","name":"Route d'Avignon","surface":"asphalt","maxspeed":"80","changes":[{"k":"operator","old":"CG84","new":"CD84"}]}},{"type":"Feature","geometry":{"type":"LineString","coordinates":[[5.01724,43.98144],[5.01726,43.98149],[5.01729,43.98153]]},"properties":{"action":"modify","state":"new","osm_type":"way","osm_id":"52267655","highway":"secondary","axis":"secondary","version":"18","user":"JLZIMMERMANN","timestamp":"2026-09-23T16:14:30Z","changeset":"189457977","name":"Route d'Avignon","ref":"D 28","surface":"asphalt","maxspeed":"80","changes":[{"k":"operator","old":"CG84","new":"CD84"}]}},{"type":"Feature","geometry":{"type":"LineString","coordinates":[[4.98197,43.96868],[4.98167,43.96861],[4.98149,43.96857],[4.9813,43.96854],[4.98112,43.96853],[4.98105,43.96853]]},"properties":{"action":"modify","state":"new","osm_type":"way","osm_id":"52267708","highway":"secondary","axis":"secondary","version":"15","user":"JLZIMMERMANN","timestamp":"2026-09-23T14:11:43Z","changeset":"189452082","name":"Route d'Avignon","ref":"D 28","surface":"asphalt","maxspeed":"80","changes":[{"k":"ref","old":null,"new":"D 28"}]}},{"type":"Feature","geometry":{"type":"LineString","coordinates":[[4.97981,43.96806],[4.98009,43.96811],[4.98025,43.96814],[4.98042,43.96815],[4.98049,43.96814]]},"properties":{"action":"modify","state":"new","osm_type":"way","osm_id":"52267712","highway":"secondary","axis":"secondary","version":"8","user":"JLZIMMERMANN","timestamp":"2026-09-23T14:11:43Z","changeset":"189452082","ref":"D 28","surface":"asphalt","maxspeed":"80","changes":[{"k":"operator","old":null,"new":"CG84"}]}},{"type":"Feature","geometry":{"type":"LineString","coordinates":[[4.98197,43.96868],[4.98252,43.96889],[4.98305,43.96915],[4.98348,43.96941],[4.98393,43.96971],[4.98441,43.97004],[4.98492,43.97038],[4.98554,43.97078]]},"properties":{"action":"modify","state":"new","osm_type":"way","osm_id":"52267745","highway":"secondary","axis":"secondary","version":"18","user":"JLZIMMERMANN","timestamp":"2026-09-23T14:11:43Z","changeset":"189452082","name":"Route d'Avignon","ref":"D 28","surface":"asphalt","changes":[{"k":"operator","old":"CG84","new":"CD84"}]}},{"type":"Feature","geometry":{"type":"LineString","coordinates":[[4.98197,43.96868],[4.98252,43.96889],[4.98305,43.96915],[4.98348,43.96941],[4.98393,43.96971],[4.98441,43.97004],[4.98492,43.97038],[4.98553,43.97077]]},"properties":{"state":"old","osm_id":"52267745","axis":"secondary"}},{"type":"Feature","geometry":{"type":"LineString","coordinates":[[5.10957,43.85645],[5.10929,43.85634],[5.109,43.85623],[5.10854,43.85605],[5.10759,43.85568],[5.10684,43.85539],[5.10652,43.85527],[5.10611,43.85512],[5.10582,43.85503],[5.10571,43.855],[5.10556,43.85496],[5.1053,43.85491],[5.10478,43.85484],[5.10413,43.85477],[5.10395,43.85473],[5.10363,43.85461],[5.10311,43.8544],[5.1029,43.85432],[5.1024,43.85414],[5.10217,43.85403],[5.10204,43.85397],[5.10197,43.85393]]},"properties":{"action":"modify","state":"new","osm_type":"way","osm_id":"53021705","highway":"residential","axis":"local","version":"14","user":"Alexandre148025","timestamp":"2026-09-23T13:28:32Z","changeset":"189449915","name":"Chemin de la Gare"}},{"type":"Feature","geometry":{"type":"LineString","coordinates":[[5.10957,43.85645],[5.10929,43.85634],[5.109,43.85623],[5.10854,43.85605],[5.10759,43.85568],[5.10684,43.85539],[5.10652,43.85527],[5.10582,43.85503],[5.10574,43.855],[5.10554,43.85496],[5.1053,43.85491],[5.10479,43.85483],[5.10413,43.85477],[5.1039,43.8547],[5.10363,43.85461],[5.10311,43.8544],[5.1029,43.85432],[5.1024,43.85414],[5.10217,43.85403],[5.10204,43.85397],[5.10197,43.85393]]},"properties":{"state":"old","osm_id":"53021705","axis":"local"}},{"type":"Feature","geometry":{"type":"LineString","coordinates":[[4.88389,43.95293],[4.88407,43.95291],[4.88421,43.9529],[4.88432,43.95287],[4.88441,43.95284]]},"properties":{"action":"modify","state":"new","osm_type":"way","osm_id":"53023826","highway":"secondary","axis":"secondary","version":"12","user":"JLZIMMERMANN","timestamp":"2026-09-23T14:11:43Z","changeset":"189452082","name":"Route de Saint-Saturnin","ref":"D 28","surface":"asphalt","changes":[{"k":"operator","old":null,"new":"CD84"},{"k":"ref","old":null,"new":"D 28"}]}},{"type":"Feature","geometry":{"type":"LineString","coordinates":[[4.88483,43.95288],[4.88489,43.9529],[4.88504,43.95294],[4.88529,43.95299]]},"properties":{"action":"modify","state":"new","osm_type":"way","osm_id":"53023827","highway":"secondary","axis":"secondary","version":"12","user":"Nordpfeil","timestamp":"2026-09-25T06:34:16Z","changeset":"189528352","name":"Route de Realpanier","ref":"D 28","surface":"asphalt","maxspeed":"50","changes":[{"k":"operator","old":null,"new":"CD84"},{"k":"ref","old":null,"new":"D 28"}]}},{"type":"Feature","geometry":{"type":"LineString","coordinates":[[4.88529,43.95299],[4.88504,43.95301],[4.88488,43.95304],[4.88479,43.95306]]},"properties":{"action":"modify","state":"new","osm_type":"way","osm_id":"53023932","highway":"secondary","axis":"secondary","version":"12","user":"Nordpfeil","timestamp":"2026-09-25T06:34:16Z","changeset":"189528352","name":"Route de Realpanier","ref":"D 28","surface":"asphalt","maxspeed":"50","changes":[{"k":"operator","old":null,"new":"CD84"}]}},{"type":"Feature","geometry":{"type":"LineString","coordinates":[[4.88389,43.95293],[4.88329,43.95291]]},"properties":{"action":"modify","state":"new","osm_type":"way","osm_id":"53023947","highway":"secondary","axis":"secondary","version":"32","user":"JLZIMMERMANN","timestamp":"2026-09-23T14:11:43Z","changeset":"189452082","name":"Route de Saint-Saturnin","ref":"D 28","surface":"asphalt","maxspeed":"80","changes":[{"k":"operator","old":null,"new":"CD84"}]}},{"type":"Feature","geometry":{"type":"LineString","coordinates":[[5.23966,43.85435],[5.23974,43.85434],[5.23976,43.85433],[5.23991,43.8543],[5.24099,43.85408],[5.2425,43.85381],[5.24508,43.85331],[5.24641,43.85306]]},"properties":{"action":"modify","state":"new","osm_type":"way","osm_id":"53197100","highway":"path","axis":"path","version":"24","user":"Alexandre148025","timestamp":"2026-09-23T13:28:32Z","changeset":"189449915","surface":"asphalt","changes":[{"k":"railway","old":"razed","new":"abandoned"}]}},{"type":"Feature","geometry":{"type":"LineString","coordinates":[[5.25488,43.85267],[5.25498,43.85257],[5.25591,43.85204],[5.25606,43.85196],[5.25624,43.85192],[5.25645,43.85189],[5.25663,43.85187],[5.25676,43.85184],[5.25684,43.85178],[5.25688,43.85172],[5.25688,43.85162]]},"properties":{"action":"modify","state":"new","osm_type":"way","osm_id":"53197103","highway":"service","axis":"local","version":"15","user":"Alexandre148025","timestamp":"2026-09-23T13:28:32Z","changeset":"189449915","name":"Chemin des Cornes","maxspeed":"80"}},{"type":"Feature","geometry":{"type":"LineString","coordinates":[[5.25482,43.85266],[5.25591,43.85204],[5.25606,43.85196],[5.25624,43.85192],[5.25645,43.85189],[5.25663,43.85187],[5.25676,43.85184],[5.25684,43.85178],[5.25688,43.85172],[5.25688,43.85162]]},"properties":{"state":"old","osm_id":"53197103","axis":"local"}},{"type":"Feature","geometry":{"type":"LineString","coordinates":[[5.36269,43.76521],[5.36268,43.7652],[5.36267,43.76518],[5.36235,43.76493],[5.36224,43.76484],[5.36219,43.76481],[5.36209,43.76473],[5.36148,43.76431],[5.36118,43.76413],[5.36105,43.76409],[5.36091,43.76407],[5.36071,43.76409],[5.36035,43.76414],[5.36024,43.76416],[5.36014,43.76416],[5.36001,43.76416],[5.35991,43.76414],[5.35982,43.76411],[5.35974,43.76407],[5.35967,43.76401],[5.35961,43.76395],[5.35957,43.76388]]},"properties":{"action":"modify","state":"new","osm_type":"way","osm_id":"53266815","highway":"tertiary","axis":"secondary","version":"18","user":"JLZIMMERMANN","timestamp":"2026-09-25T08:15:10Z","changeset":"189531801","name":"Boulevard Raoul Dautry","surface":"asphalt","changes":[{"k":"ref","old":"D 139","new":null},{"k":"was:ref","old":null,"new":"D 139"}]}},{"type":"Feature","geometry":{"type":"LineString","coordinates":[[4.9203,43.95364],[4.92013,43.95366],[4.91934,43.95374],[4.91834,43.95385],[4.91823,43.95386],[4.9179,43.95389],[4.91763,43.95391]]},"properties":{"action":"modify","state":"new","osm_type":"way","osm_id":"53505498","highway":"secondary","axis":"secondary","version":"11","user":"JLZIMMERMANN","timestamp":"2026-09-23T14:11:43Z","changeset":"189452082","name":"Route d'Avignon","ref":"D 28","surface":"asphalt","changes":[{"k":"operator","old":null,"new":"CD84"}]}},{"type":"Feature","geometry":{"type":"LineString","coordinates":[[4.9203,43.95364],[4.92013,43.95366],[4.91934,43.95374],[4.91833,43.95384],[4.91822,43.95385],[4.9179,43.95388],[4.91762,43.95391]]},"properties":{"state":"old","osm_id":"53505498","axis":"secondary"}},{"type":"Feature","geometry":{"type":"LineString","coordinates":[[4.9203,43.95364],[4.92124,43.95352],[4.92141,43.95349],[4.92147,43.95348],[4.92151,43.95347],[4.92156,43.95344]]},"properties":{"action":"modify","state":"new","osm_type":"way","osm_id":"53505499","highway":"secondary","axis":"secondary","version":"12","user":"JLZIMMERMANN","timestamp":"2026-09-23T14:11:43Z","changeset":"189452082","name":"Route d'Avignon","ref":"D 28","surface":"asphalt","changes":[{"k":"operator","old":null,"new":"CD84"},{"k":"ref","old":null,"new":"D 28"}]}},{"type":"Feature","geometry":{"type":"LineString","coordinates":[[4.92235,43.95377],[4.92216,43.95369],[4.92201,43.95364],[4.92191,43.95363],[4.92185,43.95362]]},"properties":{"action":"modify","state":"new","osm_type":"way","osm_id":"53506571","highway":"secondary","axis":"secondary","version":"12","user":"JLZIMMERMANN","timestamp":"2026-09-23T14:11:43Z","changeset":"189452082","name":"Route d'Avignon","surface":"asphalt","changes":[{"k":"ref","old":"D 28","new":null},{"k":"was:ref","old":null,"new":"D 28"}]}},{"type":"Feature","geometry":{"type":"LineString","coordinates":[[4.92194,43.9535],[4.92199,43.95354],[4.92205,43.95358],[4.9222,43.95364],[4.92229,43.9537],[4.92235,43.95377]]},"properties":{"action":"modify","state":"new","osm_type":"way","osm_id":"53506572","highway":"secondary","axis":"secondary","version":"13","user":"JLZIMMERMANN","timestamp":"2026-09-23T14:11:43Z","changeset":"189452082","name":"Route d'Avignon","surface":"asphalt","changes":[{"k":"was:ref","old":null,"new":"D 28"}]}},{"type":"Feature","geometry":{"type":"LineString","coordinates":[[5.38108,43.88525],[5.38127,43.88514],[5.38142,43.88504],[5.38154,43.88496],[5.38171,43.88481],[5.38175,43.88478],[5.38202,43.88452],[5.38233,43.88418],[5.38267,43.88377],[5.38349,43.88275],[5.38395,43.88217],[5.38427,43.88172]]},"properties":{"action":"modify","state":"new","osm_type":"way","osm_id":"53726435","highway":"path","axis":"path","version":"22","user":"Alexandre148025","timestamp":"2026-09-23T13:28:32Z","changeset":"189449915","surface":"asphalt","changes":[{"k":"railway","old":"razed","new":"abandoned"}]}},{"type":"Feature","geometry":{"type":"LineString","coordinates":[[5.04799,43.91622],[5.04839,43.91614],[5.04877,43.91607],[5.04895,43.91603],[5.04911,43.91597],[5.04951,43.91581],[5.04972,43.91573],[5.05001,43.91562],[5.05022,43.91557],[5.05043,43.91553],[5.05052,43.91553],[5.05072,43.91552],[5.05123,43.91551],[5.0513,43.91551],[5.0515,43.91551],[5.05161,43.9155],[5.05169,43.91547],[5.05175,43.91543],[5.05195,43.91523],[5.05201,43.91516],[5.05206,43.91508],[5.05206,43.91504],[5.05207,43.915],[5.05207,43.91488],[5.05208,43.91434],[5.05213,43.91397],[5.05215,43.9139],[5.05222,43.91364],[5.05228,43.91349],[5.0524,43.91319],[5.05253,43.91286],[5.0526,43.91265],[5.05265,43.91247],[5.05267,43.91235],[5.05271,43.91207],[5.05282,43.91145],[5.05285,43.91132],[5.05292,43.91113],[5.053,43.91098],[5.05303,43.91093],[5.05304,43.91092],[5.05306,43.9109]]},"properties":{"action":"modify","state":"new","osm_type":"way","osm_id":"53726551","highway":"residential","axis":"local","version":"18","user":"enzo_immergis","timestamp":"2026-09-29T08:43:43Z","changeset":"189715545","name":"Boulevard Paul Pons","surface":"asphalt","changes":[{"k":"cycleway:both","old":null,"new":"no"}]}},{"type":"Feature","geometry":{"type":"LineString","coordinates":[[5.39348,43.87846],[5.3941,43.87838]]},"properties":{"action":"modify","state":"new","osm_type":"way","osm_id":"53835693","highway":"living_street","axis":"local","version":"20","user":"enzo_immergis","timestamp":"2026-09-28T16:46:41Z","changeset":"189688885","name":"Avenue des Gen\u00eats","surface":"asphalt","maxspeed":"20","changes":[{"k":"bicycle","old":"designated","new":null},{"k":"foot","old":"designated","new":null},{"k":"highway","old":"path","new":"living_street"}]}},{"type":"Feature","geometry":{"type":"LineString","coordinates":[[5.38983,43.87903],[5.38994,43.87901],[5.39008,43.87899],[5.39108,43.87884]]},"properties":{"action":"modify","state":"new","osm_type":"way","osm_id":"53835694","highway":"living_street","axis":"local","version":"19","user":"enzo_immergis","timestamp":"2026-09-28T16:46:41Z","changeset":"189688885","surface":"asphalt","maxspeed":"20","changes":[{"k":"bicycle","old":"designated","new":null},{"k":"foot","old":"designated","new":null},{"k":"highway","old":"path","new":"living_street"}]}},{"type":"Feature","geometry":{"type":"LineString","coordinates":[[5.38988,43.87902],[5.38994,43.87901],[5.39008,43.87899],[5.39108,43.87884]]},"properties":{"state":"old","osm_id":"53835694","axis":"path"}},{"type":"Feature","geometry":{"type":"LineString","coordinates":[[5.14354,44.00621],[5.1435,44.00623],[5.14342,44.0063],[5.14326,44.00651],[5.14319,44.00663],[5.14315,44.00675],[5.14305,44.00745],[5.14302,44.00757],[5.14297,44.00769],[5.14286,44.00794],[5.14273,44.00816],[5.14264,44.00832],[5.14241,44.00874],[5.14227,44.009],[5.14211,44.00929],[5.14198,44.00946],[5.14175,44.00969],[5.14152,44.00987],[5.14133,44.00999],[5.14054,44.01042],[5.14039,44.01055],[5.14019,44.01074],[5.13992,44.01101],[5.13974,44.01114],[5.13958,44.01123],[5.13935,44.01132],[5.13917,44.01134],[5.13905,44.01136],[5.13887,44.01135],[5.13847,44.01128],[5.13827,44.0113],[5.13808,44.01136],[5.13786,44.01154],[5.13769,44.01168],[5.13757,44.01174],[5.13743,44.01176],[5.13729,44.01174],[5.13717,44.01169],[5.13699,44.01159],[5.13682,44.01151],[5.13668,44.01149],[5.13656,44.01153],[5.13642,44.01162],[5.13614,44.01179],[5.13595,44.01191],[5.13523,44.01235],[5.13506,44.01242],[5.13475,44.01247],[5.13439,44.01253],[5.13388,44.01261],[5.13372,44.01266],[5.13356,44.01274],[5.13319,44.01298],[5.13294,44.01311],[5.13279,44.01315],[5.13245,44.01323],[5.13224,44.01326],[5.13201,44.0133],[5.13155,44.01332],[5.13123,44.01335],[5.1305,44.01349],[5.12962,44.01368],[5.1291,44.01381],[5.12885,44.01385],[5.12816,44.01391],[5.12738,44.01398],[5.12699,44.01402],[5.12641,44.01416],[5.12557,44.01435],[5.12518,44.01444],[5.12479,44.01455],[5.12443,44.01471],[5.12425,44.01489],[5.12414,44.01502],[5.12399,44.01515],[5.12383,44.01523],[5.12367,44.01529],[5.12345,44.01529],[5.12282,44.01522],[5.12247,44.0152],[5.12232,44.01522]]},"properties":{"action":"modify","state":"new","osm_type":"way","osm_id":"54181842","highway":"unclassified","axis":"local","version":"16","user":"JLZIMMERMANN","timestamp":"2026-09-29T12:03:02Z","changeset":"189724194","name":"Chemin de Caille Manet","moved_metres":1.6,"moved_only":true,"via_node":true}},{"type":"Feature","geometry":{"type":"LineString","coordinates":[[5.14354,44.00621],[5.14348,44.00624],[5.14342,44.0063],[5.14326,44.00651],[5.14319,44.00663],[5.14315,44.00675],[5.14305,44.00745],[5.14302,44.00757],[5.14297,44.00769],[5.14286,44.00794],[5.14273,44.00816],[5.14264,44.00832],[5.14241,44.00874],[5.14227,44.009],[5.14211,44.00929],[5.14198,44.00946],[5.14175,44.00969],[5.14152,44.00987],[5.14133,44.00999],[5.14054,44.01042],[5.14039,44.01055],[5.14019,44.01074],[5.13992,44.01101],[5.13974,44.01114],[5.13958,44.01123],[5.13935,44.01132],[5.13917,44.01134],[5.13905,44.01136],[5.13887,44.01135],[5.13847,44.01128],[5.13827,44.0113],[5.13808,44.01136],[5.13786,44.01154],[5.13769,44.01168],[5.13757,44.01174],[5.13743,44.01176],[5.13729,44.01174],[5.13717,44.01169],[5.13699,44.01159],[5.13682,44.01151],[5.13668,44.01149],[5.13656,44.01153],[5.13642,44.01162],[5.13614,44.01179],[5.13595,44.01191],[5.13523,44.01235],[5.13506,44.01242],[5.13475,44.01247],[5.13439,44.01253],[5.13388,44.01261],[5.13372,44.01266],[5.13356,44.01274],[5.13319,44.01298],[5.13294,44.01311],[5.13279,44.01315],[5.13245,44.01323],[5.13224,44.01326],[5.13201,44.0133],[5.13155,44.01332],[5.13123,44.01335],[5.1305,44.01349],[5.12962,44.01368],[5.1291,44.01381],[5.12885,44.01385],[5.12816,44.01391],[5.12738,44.01398],[5.12699,44.01402],[5.12641,44.01416],[5.12557,44.01435],[5.12518,44.01444],[5.12479,44.01455],[5.12443,44.01471],[5.12425,44.01489],[5.12414,44.01502],[5.12399,44.01515],[5.12383,44.01523],[5.12367,44.01529],[5.12345,44.01529],[5.12282,44.01522],[5.12247,44.0152],[5.12232,44.01522]]},"properties":{"state":"old","osm_id":"54181842","axis":"local"}},{"type":"Feature","geometry":{"type":"LineString","coordinates":[[5.14658,43.87047],[5.1466,43.87046],[5.14661,43.87044],[5.14665,43.8704],[5.1467,43.87035],[5.14673,43.87028],[5.14675,43.87025],[5.14684,43.87005],[5.14689,43.86997],[5.14696,43.86991],[5.14708,43.86987],[5.14729,43.86981],[5.14734,43.86979],[5.14752,43.86973],[5.14796,43.86957],[5.14813,43.86948],[5.14821,43.86942],[5.14827,43.86934],[5.14832,43.8693],[5.14839,43.86927],[5.14871,43.86922],[5.14877,43.86921],[5.14888,43.86917],[5.14898,43.86915],[5.14946,43.86908],[5.14967,43.86903],[5.15006,43.86896],[5.15018,43.86896],[5.15031,43.86894],[5.15072,43.86885],[5.15124,43.86874],[5.15176,43.86864],[5.15231,43.86852],[5.15273,43.86844],[5.15288,43.8684],[5.15321,43.86828],[5.15365,43.8682],[5.15372,43.86817],[5.15377,43.86812],[5.15378,43.86807],[5.15378,43.86801],[5.15359,43.86704],[5.15358,43.867]]},"properties":{"action":"modify","state":"new","osm_type":"way","osm_id":"54237318","highway":"residential","axis":"local","version":"19","user":"cOSMografix","timestamp":"2026-09-26T09:25:16Z","changeset":"189578268","name":"Chemin du Sarret","surface":"asphalt","maxspeed":"30","changes":[{"k":"sidewalk:both","old":null,"new":"no"}]}},{"type":"Feature","geometry":{"type":"LineString","coordinates":[[5.15562,43.8666],[5.15563,43.86663],[5.156,43.8676],[5.15607,43.86789],[5.15614,43.86827],[5.15614,43.86842],[5.15605,43.86882],[5.15595,43.86912],[5.15573,43.86978],[5.1557,43.86992],[5.15571,43.87005],[5.15577,43.87043],[5.15584,43.87142],[5.15585,43.87156],[5.15583,43.87182],[5.1558,43.87199],[5.15575,43.87231],[5.15571,43.87256],[5.15563,43.873],[5.15525,43.8744],[5.15512,43.87489],[5.15508,43.87504],[5.15506,43.87507],[5.15483,43.8759],[5.15481,43.87595],[5.15476,43.876],[5.15473,43.87602]]},"properties":{"action":"modify","state":"new","osm_type":"way","osm_id":"54237319","highway":"unclassified","axis":"local","version":"15","user":"cOSMografix","timestamp":"2026-09-26T09:25:18Z","changeset":"189578294","name":"Chemin d'Opp\u00e8de","surface":"asphalt","changes":[{"k":"smoothness","old":null,"new":"good"}]}},{"type":"Feature","geometry":{"type":"LineString","coordinates":[[5.07695,43.83715],[5.07723,43.83781],[5.07739,43.83812],[5.07754,43.83846],[5.0776,43.8385],[5.07773,43.83857],[5.07778,43.83865],[5.07761,43.83934],[5.07755,43.83941],[5.0775,43.83946],[5.07739,43.83947],[5.07622,43.83945],[5.07618,43.83946],[5.07616,43.83952],[5.07613,43.83963],[5.07606,43.83979],[5.07596,43.83997],[5.07591,43.84011],[5.07583,43.84054],[5.07582,43.84063],[5.07579,43.84088],[5.07576,43.84118],[5.0757,43.84188],[5.07569,43.84201]]},"properties":{"action":"modify","state":"new","osm_type":"way","osm_id":"54621460","highway":"unclassified","axis":"local","version":"12","user":"cOSMografix","timestamp":"2026-09-26T09:24:25Z","changeset":"189578224","surface":"asphalt","changes":[{"k":"cycleway:both","old":null,"new":"no"}]}},{"type":"Feature","geometry":{"type":"LineString","coordinates":[[5.07695,43.83715],[5.07723,43.83781],[5.07739,43.83812],[5.07754,43.83846],[5.0776,43.8385],[5.07773,43.83857],[5.07778,43.83865],[5.07761,43.83934],[5.07755,43.83941],[5.0775,43.83946],[5.07739,43.83947],[5.07622,43.83945],[5.07618,43.83946],[5.07616,43.83952],[5.07613,43.83963],[5.07606,43.83979],[5.07596,43.83997],[5.07591,43.84011],[5.07583,43.84054],[5.07582,43.84063],[5.07579,43.84088],[5.07576,43.84118],[5.07568,43.84188],[5.07566,43.84205]]},"properties":{"state":"old","osm_id":"54621460","axis":"local"}},{"type":"Feature","geometry":{"type":"LineString","coordinates":[[5.06829,43.8375],[5.0683,43.83752],[5.06837,43.83763],[5.06851,43.83781],[5.06865,43.83795],[5.069,43.83823],[5.0692,43.83838],[5.06969,43.83878],[5.0698,43.83887],[5.07003,43.83905],[5.0706,43.83949],[5.072,43.84061],[5.07242,43.84092],[5.0726,43.84103],[5.07286,43.84116],[5.07292,43.84119],[5.07296,43.84122],[5.07312,43.84129],[5.07321,43.84133],[5.07405,43.84157],[5.07463,43.84171],[5.07569,43.84201],[5.07556,43.84305],[5.07555,43.8431]]},"properties":{"action":"modify","state":"new","osm_type":"way","osm_id":"54621466","highway":"unclassified","axis":"local","version":"25","user":"cOSMografix","timestamp":"2026-09-26T09:24:23Z","changeset":"189578224","name":"Chemin Chantegrillet","surface":"asphalt","changes":[{"k":"maxspeed","old":"70","new":null}]}},{"type":"Feature","geometry":{"type":"LineString","coordinates":[[5.06829,43.8375],[5.0683,43.83752],[5.06837,43.83763],[5.06851,43.83781],[5.06865,43.83795],[5.069,43.83823],[5.0692,43.83838],[5.06969,43.83878],[5.0698,43.83887],[5.07003,43.83905],[5.0706,43.83949],[5.072,43.84061],[5.07242,43.84092],[5.0726,43.84103],[5.07286,43.84116],[5.07292,43.84119],[5.07296,43.84122],[5.07312,43.84129],[5.07321,43.84133],[5.07566,43.84205],[5.07567,43.84215],[5.07556,43.84305],[5.07555,43.8431]]},"properties":{"state":"old","osm_id":"54621466","axis":"local"}},{"type":"Feature","geometry":{"type":"LineString","coordinates":[[5.04968,43.82809],[5.04971,43.82811],[5.04976,43.82813],[5.04984,43.82815],[5.05042,43.82816],[5.05069,43.82819],[5.05096,43.82823],[5.0514,43.82832],[5.05173,43.82841],[5.05203,43.8285],[5.0524,43.82865],[5.05302,43.82895],[5.05372,43.82928],[5.05442,43.82961],[5.05477,43.82977],[5.0551,43.8299],[5.05526,43.82997]]},"properties":{"action":"modify","state":"new","osm_type":"way","osm_id":"54621471","highway":"unclassified","axis":"local","version":"17","user":"Alexandre148025","timestamp":"2026-09-23T13:28:32Z","changeset":"189449915","name":"Route du Camp","surface":"asphalt"}},{"type":"Feature","geometry":{"type":"LineString","coordinates":[[5.04968,43.82809],[5.04971,43.82811],[5.04976,43.82813],[5.04984,43.82815],[5.05042,43.82816],[5.05069,43.82819],[5.05096,43.82823],[5.0514,43.82832],[5.05173,43.82841],[5.05203,43.8285],[5.0524,43.82865],[5.05372,43.82928],[5.05442,43.82962],[5.0551,43.8299],[5.05526,43.82997]]},"properties":{"state":"old","osm_id":"54621471","axis":"local"}},{"type":"Feature","geometry":{"type":"LineString","coordinates":[[5.07721,43.87555],[5.07664,43.87592],[5.07625,43.87563]]},"properties":{"action":"modify","state":"new","osm_type":"way","osm_id":"55313495","highway":"service","axis":"local","version":"2","user":"enzo_immergis","timestamp":"2026-09-28T16:52:19Z","changeset":"189689100","surface":"gravel","moved_metres":6.2,"moved_only":true,"via_node":true}},{"type":"Feature","geometry":{"type":"LineString","coordinates":[[5.07721,43.87555],[5.07658,43.87595],[5.07622,43.87565]]},"properties":{"state":"old","osm_id":"55313495","axis":"local"}},{"type":"Feature","geometry":{"type":"LineString","coordinates":[[4.87782,44.00236],[4.87787,44.00242],[4.87792,44.00249],[4.878,44.00257]]},"properties":{"action":"modify","state":"new","osm_type":"way","osm_id":"57736969","highway":"secondary","axis":"secondary","version":"17","user":"JLZIMMERMANN","timestamp":"2026-09-23T07:18:35Z","changeset":"189433706","name":"Boulevard Salvador Allende","surface":"asphalt","changes":[{"k":"ref","old":"D 226","new":null},{"k":"was:ref","old":null,"new":"D 226"}]}},{"type":"Feature","geometry":{"type":"LineString","coordinates":[[4.878,44.00257],[4.87788,44.00253],[4.87778,44.0025],[4.87773,44.00249]]},"properties":{"action":"modify","state":"new","osm_type":"way","osm_id":"57736970","highway":"secondary","axis":"secondary","version":"16","user":"JLZIMMERMANN","timestamp":"2026-09-23T07:18:35Z","changeset":"189433706","name":"Boulevard Salvador Allende","surface":"asphalt","changes":[{"k":"ref","old":"D 226","new":null},{"k":"was:ref","old":null,"new":"D 226"}]}},{"type":"Feature","geometry":{"type":"LineString","coordinates":[[4.87496,44.00485],[4.875,44.00493],[4.87504,44.00504]]},"properties":{"action":"modify","state":"new","osm_type":"way","osm_id":"57844808","highway":"residential","axis":"local","version":"19","user":"enzo_immergis","timestamp":"2026-09-28T16:16:06Z","changeset":"189687581","name":"Rue des 700 D\u00e9port\u00e9s du Train Fant\u00f4me","surface":"asphalt","changes":[{"k":"cycleway:both","old":null,"new":"no"}]}},{"type":"Feature","geometry":{"type":"LineString","coordinates":[[4.87298,44.00383],[4.87427,44.00412],[4.87465,44.0042],[4.87471,44.00421],[4.87496,44.00485]]},"properties":{"action":"modify","state":"new","osm_type":"way","osm_id":"57844810","highway":"residential","axis":"local","version":"12","user":"enzo_immergis","timestamp":"2026-09-28T16:16:06Z","changeset":"189687581","name":"Rue Mireille","surface":"asphalt","changes":[{"k":"cycleway:both","old":null,"new":"no"}]}},{"type":"Feature","geometry":{"type":"LineString","coordinates":[[5.04848,43.99221],[5.0486,43.99221],[5.04872,43.99221],[5.04876,43.99221],[5.0488,43.99221],[5.04883,43.9922],[5.0489,43.99219],[5.04892,43.99219],[5.04894,43.99219]]},"properties":{"action":"modify","state":"new","osm_type":"way","osm_id":"58020260","highway":"secondary","axis":"secondary","version":"15","user":"JLZIMMERMANN","timestamp":"2026-09-23T16:14:30Z","changeset":"189457977","name":"Route d'Avignon","ref":"D 28","surface":"asphalt","maxspeed":"50","changes":[{"k":"operator","old":"CG84","new":"CD84"}]}},{"type":"Feature","geometry":{"type":"LineString","coordinates":[[5.35957,43.76388],[5.35946,43.76365],[5.35937,43.76338],[5.35932,43.76314],[5.35927,43.76288],[5.35926,43.76276],[5.35927,43.76267],[5.3593,43.76256],[5.35963,43.76146],[5.35971,43.76114],[5.35988,43.76054],[5.35991,43.76045]]},"properties":{"action":"modify","state":"new","osm_type":"way","osm_id":"60063849","highway":"tertiary","axis":"secondary","version":"9","user":"JLZIMMERMANN","timestamp":"2026-09-25T08:15:10Z","changeset":"189531801","name":"Avenue Laurent Vibert","changes":[{"k":"ref","old":"D 139","new":null},{"k":"was:ref","old":null,"new":"D 139"}]}},{"type":"Feature","geometry":{"type":"LineString","coordinates":[[5.40705,44.09199],[5.40702,44.092],[5.40701,44.09204],[5.40701,44.09208],[5.4071,44.09235]]},"properties":{"action":"modify","state":"new","osm_type":"way","osm_id":"60233690","highway":"tertiary","axis":"secondary","version":"14","user":"JLZIMMERMANN","timestamp":"2026-09-25T10:41:44Z","changeset":"189537550","name":"Route de Saint-Marc","ref":"D 137","surface":"asphalt","maxspeed":"50","changes":[{"k":"operator","old":null,"new":"CD84"}]}},{"type":"Feature","geometry":{"type":"LineString","coordinates":[[5.40818,44.09357],[5.40815,44.09357],[5.4081,44.09354],[5.40767,44.09288],[5.40749,44.09266],[5.40737,44.0925],[5.40725,44.09234],[5.40713,44.09203],[5.40711,44.09201],[5.40708,44.092],[5.40705,44.09199]]},"properties":{"action":"modify","state":"new","osm_type":"way","osm_id":"60233693","highway":"tertiary","axis":"secondary","version":"18","user":"JLZIMMERMANN","timestamp":"2026-09-25T10:41:44Z","changeset":"189537550","name":"Route de Saint-Marc","ref":"D 137","surface":"asphalt","maxspeed":"50","changes":[{"k":"operator","old":null,"new":"CD84"}]}},{"type":"Feature","geometry":{"type":"LineString","coordinates":[[5.40679,44.09231],[5.40674,44.09218],[5.40672,44.0921],[5.40668,44.09177],[5.40663,44.09129],[5.40657,44.0908],[5.40656,44.0906],[5.40659,44.09039],[5.40664,44.09028],[5.40671,44.09013],[5.40683,44.09003],[5.40689,44.08998],[5.40694,44.08994],[5.40698,44.0899],[5.407,44.08986],[5.40701,44.08983],[5.40702,44.08978]]},"properties":{"action":"modify","state":"new","osm_type":"way","osm_id":"60233697","highway":"tertiary","axis":"secondary","version":"19","user":"JLZIMMERMANN","timestamp":"2026-09-25T10:41:44Z","changeset":"189537550","name":"Route de Saint-Marc","ref":"D 137","surface":"asphalt","changes":[{"k":"operator","old":null,"new":"CD84"}]}},{"type":"Feature","geometry":{"type":"LineString","coordinates":[[4.86265,43.92112],[4.8625,43.92088],[4.86242,43.92078],[4.86234,43.9207],[4.8622,43.92066],[4.86212,43.92065],[4.86194,43.92064]]},"properties":{"action":"modify","state":"new","osm_type":"way","osm_id":"60443024","highway":"unclassified","axis":"local","version":"7","user":"GuyonT","timestamp":"2026-09-23T13:23:04Z","changeset":"189449135","surface":"asphalt","changes":[{"k":"cycleway:right","old":null,"new":"no"}]}},{"type":"Feature","geometry":{"type":"LineString","coordinates":[[4.86547,43.91949],[4.8654,43.91961],[4.86538,43.91966],[4.86538,43.91973],[4.86541,43.9198],[4.86552,43.91996],[4.86567,43.92003],[4.86588,43.92011],[4.86596,43.92015],[4.86603,43.92018]]},"properties":{"action":"modify","state":"new","osm_type":"way","osm_id":"60443048","highway":"unclassified","axis":"local","version":"8","user":"GuyonT","timestamp":"2026-09-23T13:16:14Z","changeset":"189449135","surface":"asphalt","changes":[{"k":"cycleway:right","old":null,"new":"no"}]}},{"type":"Feature","geometry":{"type":"LineString","coordinates":[[4.88721,44.00554],[4.8872,44.00551],[4.88719,44.00538],[4.88718,44.00531],[4.88718,44.00529],[4.88716,44.00518],[4.88716,44.00516],[4.88714,44.00501],[4.88713,44.00492],[4.88711,44.00482],[4.88708,44.00473],[4.88703,44.00464],[4.88699,44.00456],[4.88691,44.00446],[4.88681,44.00434],[4.88671,44.00426],[4.88659,44.00418],[4.88649,44.00412],[4.88631,44.00404],[4.88586,44.00392],[4.88553,44.00385],[4.88546,44.00384],[4.88516,44.00378],[4.88458,44.00366],[4.8844,44.00362]]},"properties":{"action":"modify","state":"new","osm_type":"way","osm_id":"71271010","highway":"secondary","axis":"secondary","version":"29","user":"JLZIMMERMANN","timestamp":"2026-09-23T07:18:35Z","changeset":"189433706","name":"Boulevard Salvador Allende","surface":"asphalt","maxspeed":"30","changes":[{"k":"ref","old":"D 226","new":null},{"k":"was:ref","old":null,"new":"D 226"}]}},{"type":"Feature","geometry":{"type":"LineString","coordinates":[[4.88721,44.00554],[4.88727,44.0057],[4.8873,44.00576],[4.88733,44.0058]]},"properties":{"action":"modify","state":"new","osm_type":"way","osm_id":"71271016","highway":"secondary","axis":"secondary","version":"13","user":"JLZIMMERMANN","timestamp":"2026-09-23T07:18:35Z","changeset":"189433706","name":"Boulevard Salvador Allende","changes":[{"k":"ref","old":"D 226","new":null},{"k":"was:ref","old":null,"new":"D 226"}]}},{"type":"Feature","geometry":{"type":"LineString","coordinates":[[4.99827,44.03639],[4.99795,44.03642],[4.99751,44.03643],[4.99741,44.03643]]},"properties":{"action":"modify","state":"new","osm_type":"way","osm_id":"71865049","highway":"secondary","axis":"secondary","version":"21","user":"enzo_immergis","timestamp":"2026-09-28T16:22:07Z","changeset":"189687837","name":"Boulevard de Verdun","surface":"asphalt","changes":[{"k":"cycleway","old":"lane","new":null},{"k":"cycleway:both","old":null,"new":"shared_lane"},{"k":"cycleway:both:lane","old":null,"new":"pictogram"}]}},{"type":"Feature","geometry":{"type":"LineString","coordinates":[[4.99625,44.0364],[4.99622,44.03637],[4.99617,44.03632],[4.99611,44.03626],[4.99608,44.03623],[4.99592,44.03608],[4.99561,44.03578],[4.99543,44.03561],[4.99535,44.03552],[4.99523,44.03542],[4.99499,44.03518],[4.99488,44.03508],[4.99469,44.03489],[4.9946,44.0348]]},"properties":{"action":"modify","state":"new","osm_type":"way","osm_id":"71865057","highway":"secondary","axis":"secondary","version":"24","user":"enzo_immergis","timestamp":"2026-09-28T16:22:07Z","changeset":"189687837","name":"Boulevard Belle Croix","surface":"asphalt","maxspeed":"50","changes":[{"k":"cycleway","old":"lane","new":null},{"k":"cycleway:both","old":null,"new":"shared_lane"},{"k":"cycleway:both:lane","old":null,"new":"pictogram"}]}},{"type":"Feature","geometry":{"type":"LineString","coordinates":[[4.99625,44.0364],[4.99622,44.03637],[4.99617,44.03631],[4.99611,44.03626],[4.99608,44.03623],[4.99592,44.03608],[4.99561,44.03579],[4.99542,44.03561],[4.99534,44.03553],[4.99524,44.03541],[4.99499,44.03518],[4.99488,44.03508],[4.99469,44.03489],[4.9946,44.0348]]},"properties":{"state":"old","osm_id":"71865057","axis":"secondary"}},{"type":"Feature","geometry":{"type":"LineString","coordinates":[[4.87451,44.16468],[4.87449,44.16486],[4.87446,44.1651],[4.87444,44.16516],[4.87442,44.16519],[4.87439,44.16521]]},"properties":{"action":"modify","state":"new","osm_type":"way","osm_id":"72456223","highway":"tertiary","axis":"secondary","version":"15","user":"JLZIMMERMANN","timestamp":"2026-09-25T08:00:27Z","changeset":"189531228","name":"Cours du Levant","surface":"asphalt","maxspeed":"30","changes":[{"k":"ref","old":"D 975","new":null},{"k":"was:ref","old":null,"new":"D 975"}]}},{"type":"Feature","geometry":{"type":"LineString","coordinates":[[4.88441,43.95284],[4.88446,43.95281],[4.88451,43.95279],[4.88457,43.95278],[4.88463,43.95278],[4.88468,43.95278],[4.88472,43.9528],[4.88476,43.95282],[4.88479,43.95284],[4.88482,43.95287],[4.88483,43.95288]]},"properties":{"action":"modify","state":"new","osm_type":"way","osm_id":"73536217","highway":"secondary","axis":"secondary","version":"13","user":"JLZIMMERMANN","timestamp":"2026-09-23T14:11:43Z","changeset":"189452082","ref":"D 28","surface":"asphalt","changes":[{"k":"operator","old":null,"new":"CD84"},{"k":"ref","old":null,"new":"D 28"}]}},{"type":"Feature","geometry":{"type":"LineString","coordinates":[[4.89058,44.09108],[4.89066,44.09112],[4.89073,44.09115],[4.89117,44.09136],[4.89138,44.09146],[4.89164,44.09159],[4.89208,44.0918],[4.89218,44.09186],[4.89225,44.09189],[4.89257,44.09208],[4.8928,44.09221],[4.89281,44.09222],[4.89307,44.09237],[4.89317,44.09243],[4.89319,44.09244],[4.89329,44.0925],[4.89354,44.09263],[4.89365,44.09268],[4.8937,44.0927],[4.89385,44.09276],[4.89396,44.0928],[4.89403,44.09283],[4.89423,44.09292],[4.89457,44.09306]]},"properties":{"action":"modify","state":"new","osm_type":"way","osm_id":"73551312","highway":"tertiary","axis":"secondary","version":"44","user":"enzo_immergis","timestamp":"2026-09-28T15:54:31Z","changeset":"189686613","name":"Route de Beauregard","surface":"asphalt","maxspeed":"50","changes":[{"k":"cycleway:both","old":null,"new":"no"}]}},{"type":"Feature","geometry":{"type":"LineString","coordinates":[[4.88872,44.08827],[4.88863,44.08886],[4.88861,44.08901]]},"properties":{"action":"modify","state":"new","osm_type":"way","osm_id":"75616737","highway":"tertiary","axis":"secondary","version":"21","user":"enzo_immergis","timestamp":"2026-09-28T15:54:31Z","changeset":"189686613","name":"Route de l'Europe","surface":"asphalt","maxspeed":"50","changes":[{"k":"cycleway:both","old":null,"new":"no"}]}},{"type":"Feature","geometry":{"type":"LineString","coordinates":[[4.873,44.16416],[4.87306,44.16416],[4.87311,44.16415],[4.87325,44.16415],[4.87337,44.16416],[4.87347,44.16418],[4.87357,44.1642],[4.87369,44.16424],[4.87416,44.16437],[4.87431,44.16442],[4.87437,44.16446],[4.87457,44.16462]]},"properties":{"action":"modify","state":"new","osm_type":"way","osm_id":"75651142","highway":"residential","axis":"local","version":"15","user":"JLZIMMERMANN","timestamp":"2026-09-25T08:01:04Z","changeset":"189531262","name":"Cours du Midi","surface":"asphalt","maxspeed":"30","changes":[{"k":"ref","old":"D 975","new":null},{"k":"was:ref","old":null,"new":"D 975"}]}},{"type":"Feature","geometry":{"type":"LineString","coordinates":[[4.74612,44.27886],[4.74612,44.27883],[4.74611,44.27879],[4.74609,44.27872],[4.74607,44.27868],[4.74603,44.27863],[4.74592,44.27848],[4.7457,44.27821],[4.74564,44.27812],[4.74541,44.27775],[4.74527,44.27753],[4.74524,44.27748],[4.74518,44.2774],[4.74505,44.2772],[4.74503,44.27717],[4.74491,44.27698],[4.7448,44.2768]]},"properties":{"action":"modify","state":"new","osm_type":"way","osm_id":"75694751","highway":"secondary","axis":"secondary","version":"24","user":"JLZIMMERMANN","timestamp":"2026-09-24T14:06:23Z","changeset":"189500604","name":"Avenue Andr\u00e9 Rombeau","surface":"asphalt","changes":[{"k":"ref","old":"D 26","new":null},{"k":"was:ref","old":null,"new":"D 26"}]}},{"type":"Feature","geometry":{"type":"LineString","coordinates":[[5.05409,43.90703],[5.05401,43.90774],[5.05393,43.9084],[5.05381,43.9094],[5.05375,43.90989],[5.05363,43.91089],[5.0536,43.91109],[5.05347,43.91216],[5.05345,43.91231],[5.05342,43.91253],[5.0534,43.91276],[5.05336,43.91309],[5.05331,43.91338],[5.05323,43.91369],[5.0531,43.91408],[5.05303,43.91424],[5.05298,43.91433],[5.05291,43.91446],[5.05279,43.91466],[5.05271,43.91478],[5.05262,43.91491],[5.05237,43.9152],[5.05234,43.91525],[5.05228,43.91534]]},"properties":{"action":"modify","state":"new","osm_type":"way","osm_id":"77394381","highway":"tertiary","axis":"secondary","version":"16","user":"enzo_immergis","timestamp":"2026-09-29T08:43:43Z","changeset":"189715545","name":"Route de Robion","ref":"D 31D","surface":"asphalt","maxspeed":"50","changes":[{"k":"cycleway:both","old":null,"new":"no"}]}},{"type":"Feature","geometry":{"type":"LineString","coordinates":[[4.7909,43.9412],[4.79051,43.94099]]},"properties":{"action":"modify","state":"new","osm_type":"way","osm_id":"79377345","highway":"unclassified","axis":"local","version":"15","user":"GuyonT","timestamp":"2026-09-23T13:44:33Z","changeset":"189450103","name":"Rocade Charles de Gaulle","surface":"asphalt","changes":[{"k":"cycleway:right","old":null,"new":"track"},{"k":"cycleway:right:segregated","old":null,"new":"no"},{"k":"sidewalk:right","old":"separate","new":"yes"}]}},{"type":"Feature","geometry":{"type":"LineString","coordinates":[[5.05235,43.91755],[5.05228,43.91752],[5.05221,43.9175],[5.05211,43.91748],[5.05203,43.91747],[5.05199,43.91747],[5.05194,43.91747],[5.0518,43.91749],[5.05136,43.91757],[5.05095,43.91765],[5.05049,43.91774],[5.05001,43.91783],[5.04981,43.91788],[5.0496,43.91793],[5.04952,43.91794],[5.04943,43.91796]]},"properties":{"action":"modify","state":"new","osm_type":"way","osm_id":"79871564","highway":"secondary","axis":"secondary","version":"18","user":"enzo_immergis","timestamp":"2026-09-29T08:43:43Z","changeset":"189715545","name":"Avenue de la Lib\u00e9ration","surface":"asphalt","maxspeed":"50","changes":[{"k":"cycleway:both","old":null,"new":"no"}]}},{"type":"Feature","geometry":{"type":"LineString","coordinates":[[5.34338,43.74339],[5.34349,43.74371],[5.34361,43.74416],[5.34365,43.7443],[5.34368,43.74438],[5.34371,43.74442],[5.34377,43.74447],[5.34388,43.74452],[5.34399,43.74454],[5.34408,43.74455],[5.3442,43.74455],[5.34427,43.74454],[5.34456,43.7445],[5.34471,43.74449],[5.34479,43.74449],[5.34489,43.74451],[5.34495,43.74452],[5.34521,43.7446],[5.34592,43.74478],[5.34605,43.74482],[5.34618,43.74488],[5.3463,43.74496],[5.34638,43.74502]]},"properties":{"action":"modify","state":"new","osm_type":"way","osm_id":"81133359","highway":"tertiary","axis":"secondary","version":"13","user":"JLZIMMERMANN","timestamp":"2026-09-25T08:32:30Z","changeset":"189532490","ref":"D 139","surface":"asphalt","maxspeed":"70","changes":[{"k":"operator","old":null,"new":"CD84"}]}},{"type":"Feature","geometry":{"type":"LineString","coordinates":[[5.34338,43.74339],[5.34349,43.74371],[5.34361,43.74416],[5.34365,43.7443],[5.34368,43.74438],[5.34371,43.74442],[5.34377,43.74447],[5.34388,43.74452],[5.34399,43.74454],[5.34408,43.74455],[5.3442,43.74455],[5.34427,43.74454],[5.34456,43.7445],[5.34471,43.74449],[5.34479,43.74449],[5.34489,43.74451],[5.34495,43.74452],[5.34511,43.74457],[5.34592,43.74478],[5.34605,43.74482],[5.34618,43.74488],[5.3463,43.74496],[5.34638,43.74502]]},"properties":{"state":"old","osm_id":"81133359","axis":"secondary"}},{"type":"Feature","geometry":{"type":"LineString","coordinates":[[5.27259,43.85376],[5.27257,43.85378],[5.27253,43.8538],[5.27245,43.85381],[5.27232,43.85384],[5.27221,43.85385],[5.27205,43.85385],[5.2717,43.85389],[5.27159,43.8539],[5.27149,43.85391],[5.27139,43.8539]]},"properties":{"action":"modify","state":"new","osm_type":"way","osm_id":"81265151","highway":"path","axis":"path","version":"15","user":"Alexandre148025","timestamp":"2026-09-23T13:28:32Z","changeset":"189449915","surface":"asphalt","changes":[{"k":"railway","old":"abandoned","new":null}]}},{"type":"Feature","geometry":{"type":"LineString","coordinates":[[5.05228,43.91534],[5.05276,43.91531],[5.05288,43.9153],[5.05403,43.91522],[5.05438,43.9152],[5.05438,43.91515],[5.05432,43.91453],[5.05429,43.91409]]},"properties":{"action":"modify","state":"new","osm_type":"way","osm_id":"82686563","highway":"residential","axis":"local","version":"11","user":"enzo_immergis","timestamp":"2026-09-29T08:43:43Z","changeset":"189715545","name":"Avenue du 8 Mai","surface":"asphalt","changes":[{"k":"cycleway:both","old":null,"new":"no"}]}},{"type":"Feature","geometry":{"type":"LineString","coordinates":[[5.40259,43.92367],[5.40233,43.92372],[5.40222,43.92374]]},"properties":{"action":"modify","state":"new","osm_type":"way","osm_id":"85540562","highway":"tertiary","axis":"secondary","version":"12","user":"cOSMografix","timestamp":"2026-09-27T20:30:09Z","changeset":"189649259","name":"Route d'Apt","surface":"asphalt","maxspeed":"80","changes":[{"k":"cycleway:both","old":null,"new":"no"}]}},{"type":"Feature","geometry":{"type":"LineString","coordinates":[[5.51522,43.76669],[5.51528,43.76678],[5.5154,43.76693],[5.51564,43.7673],[5.51584,43.76762],[5.51596,43.76785],[5.51602,43.76798],[5.51609,43.76812],[5.51616,43.76827],[5.51628,43.76856],[5.51633,43.76866],[5.51683,43.76968],[5.5169,43.76988],[5.51692,43.76995],[5.51693,43.76999],[5.51713,43.77071],[5.51719,43.77094],[5.5172,43.771],[5.51725,43.77115]]},"properties":{"action":"modify","state":"new","osm_type":"way","osm_id":"85685215","highway":"secondary","axis":"secondary","version":"10","user":"GanKonMalade","timestamp":"2026-09-26T09:26:36Z","changeset":"189578378","name":"Rue Lucien Alexandre","ref":"D 27"}},{"type":"Feature","geometry":{"type":"LineString","coordinates":[[5.51522,43.76669],[5.51528,43.76678],[5.5154,43.76693],[5.51564,43.7673],[5.51584,43.76762],[5.51596,43.76785],[5.51602,43.76798],[5.51609,43.76812],[5.51616,43.76827],[5.51628,43.76856],[5.51633,43.76866],[5.51683,43.76968],[5.5169,43.76988],[5.51692,43.76995],[5.51693,43.76999],[5.51719,43.77094],[5.5172,43.771],[5.51725,43.77115]]},"properties":{"state":"old","osm_id":"85685215","axis":"secondary"}},{"type":"Feature","geometry":{"type":"LineString","coordinates":[[5.35838,43.75951],[5.35803,43.75921],[5.35762,43.75883],[5.35714,43.75837],[5.35708,43.75833],[5.35699,43.75828],[5.35694,43.75826],[5.35687,43.75822],[5.35613,43.7579],[5.35583,43.75779]]},"properties":{"action":"modify","state":"new","osm_type":"way","osm_id":"88312903","highway":"secondary","axis":"secondary","version":"5","user":"JLZIMMERMANN","timestamp":"2026-09-25T08:15:10Z","changeset":"189531801","ref":"D 27","surface":"asphalt"}},{"type":"Feature","geometry":{"type":"LineString","coordinates":[[5.35838,43.75951],[5.35803,43.75921],[5.35762,43.75883],[5.35714,43.75837],[5.35708,43.75833],[5.35699,43.75828],[5.35687,43.75822],[5.35613,43.7579],[5.35583,43.75779]]},"properties":{"state":"old","osm_id":"88312903","axis":"secondary"}},{"type":"Feature","geometry":{"type":"LineString","coordinates":[[5.36004,43.7603],[5.35997,43.76039],[5.35991,43.76045]]},"properties":{"action":"modify","state":"new","osm_type":"way","osm_id":"88312909","highway":"tertiary","axis":"secondary","version":"4","user":"JLZIMMERMANN","timestamp":"2026-09-25T08:15:10Z","changeset":"189531801","name":"Avenue Laurent Vibert","changes":[{"k":"ref","old":"D 139","new":null},{"k":"was:ref","old":null,"new":"D 139"}]}},{"type":"Feature","geometry":{"type":"LineString","coordinates":[[5.35991,43.76045],[5.35989,43.76037],[5.35989,43.76028],[5.3599,43.76025]]},"properties":{"action":"modify","state":"new","osm_type":"way","osm_id":"88312920","highway":"tertiary","axis":"secondary","version":"5","user":"JLZIMMERMANN","timestamp":"2026-09-25T08:15:10Z","changeset":"189531801","name":"Avenue Laurent Vibert","changes":[{"k":"ref","old":"D 139","new":null},{"k":"was:ref","old":null,"new":"D 139"}]}},{"type":"Feature","geometry":{"type":"LineString","coordinates":[[4.94786,43.96221],[4.94821,43.96234]]},"properties":{"action":"modify","state":"new","osm_type":"way","osm_id":"89573504","highway":"secondary","axis":"secondary","version":"13","user":"JLZIMMERMANN","timestamp":"2026-09-23T14:11:43Z","changeset":"189452082","name":"Route de Pernes","surface":"asphalt","maxspeed":"70","changes":[{"k":"ref","old":"D 28","new":null},{"k":"was:ref","old":null,"new":"D 28"}]}},{"type":"Feature","geometry":{"type":"LineString","coordinates":[[4.95096,43.96269],[4.95132,43.9627],[4.95167,43.96271],[4.95207,43.96275],[4.95235,43.96279],[4.95293,43.9629],[4.95326,43.96298],[4.95333,43.96299],[4.95414,43.96317],[4.95512,43.96339],[4.95754,43.96394],[4.95956,43.9644],[4.9616,43.96486],[4.96195,43.96494],[4.96338,43.96526],[4.96355,43.9653],[4.96447,43.9655],[4.96495,43.96558],[4.96546,43.96566],[4.96608,43.96572],[4.96696,43.96579],[4.96717,43.96581],[4.96819,43.96587],[4.9696,43.96597],[4.97323,43.96621],[4.97362,43.96624],[4.97401,43.96627],[4.97435,43.96632],[4.97456,43.96635],[4.97477,43.96639],[4.97495,43.96642],[4.97516,43.96647],[4.97535,43.96651],[4.97561,43.96658],[4.97587,43.96666],[4.97615,43.96675],[4.97642,43.96684],[4.9771,43.96709],[4.9784,43.96757]]},"properties":{"action":"modify","state":"new","osm_type":"way","osm_id":"89573506","highway":"secondary","axis":"secondary","version":"24","user":"JLZIMMERMANN","timestamp":"2026-09-23T14:11:43Z","changeset":"189452082","name":"Route de Pernes","ref":"D 28","surface":"asphalt","maxspeed":"80","changes":[{"k":"operator","old":null,"new":"CD84"}]}},{"type":"Feature","geometry":{"type":"LineString","coordinates":[[4.95041,43.96269],[4.95096,43.96269],[4.95132,43.9627],[4.95167,43.96271],[4.95207,43.96275],[4.95235,43.96279],[4.95293,43.9629],[4.95326,43.96298],[4.95333,43.96299],[4.95414,43.96317],[4.95512,43.96339],[4.95754,43.96394],[4.95956,43.9644],[4.9616,43.96486],[4.96195,43.96494],[4.96346,43.96528],[4.96447,43.9655],[4.96495,43.96558],[4.96546,43.96566],[4.96608,43.96572],[4.96696,43.96579],[4.96717,43.96581],[4.96819,43.96587],[4.9696,43.96597],[4.97323,43.96621],[4.97362,43.96624],[4.97401,43.96627],[4.97435,43.96632],[4.97456,43.96635],[4.97477,43.96639],[4.97495,43.96642],[4.97516,43.96647],[4.97535,43.96651],[4.97561,43.96658],[4.97587,43.96666],[4.97615,43.96675],[4.97642,43.96684],[4.9771,43.96709],[4.9784,43.96757]]},"properties":{"state":"old","osm_id":"89573506","axis":"secondary"}},{"type":"Feature","geometry":{"type":"LineString","coordinates":[[4.99587,44.03533],[4.99585,44.03532],[4.99554,44.03529],[4.99542,44.03529],[4.99523,44.03542]]},"properties":{"action":"modify","state":"new","osm_type":"way","osm_id":"94129509","highway":"residential","axis":"local","version":"14","user":"enzo_immergis","timestamp":"2026-09-28T16:22:07Z","changeset":"189687837","name":"Rue Saboly"}},{"type":"Feature","geometry":{"type":"LineString","coordinates":[[4.99587,44.03533],[4.99554,44.03529],[4.99542,44.03529],[4.99524,44.03541]]},"properties":{"state":"old","osm_id":"94129509","axis":"local"}},{"type":"Feature","geometry":{"type":"LineString","coordinates":[[4.99585,44.03729],[4.99582,44.03728],[4.9956,44.03723],[4.99512,44.03713],[4.99491,44.03711]]},"properties":{"action":"modify","state":"new","osm_type":"way","osm_id":"94173795","highway":"unclassified","axis":"local","version":"24","user":"enzo_immergis","timestamp":"2026-09-28T16:22:07Z","changeset":"189687837","name":"Rue Aim\u00e9 Dupr\u00e9","maxspeed":"30","changes":[{"k":"cycleway:both","old":null,"new":"no"}]}},{"type":"Feature","geometry":{"type":"LineString","coordinates":[[4.99458,44.03446],[4.99456,44.03453],[4.99455,44.03458]]},"properties":{"action":"modify","state":"new","osm_type":"way","osm_id":"96656953","highway":"secondary","axis":"secondary","version":"10","user":"enzo_immergis","timestamp":"2026-09-28T16:22:07Z","changeset":"189687837","name":"Boulevard Pasteur","changes":[{"k":"cycleway:both","old":null,"new":"no"}]}},{"type":"Feature","geometry":{"type":"LineString","coordinates":[[4.89045,44.03893],[4.89053,44.03897],[4.89066,44.039],[4.89076,44.03904]]},"properties":{"action":"modify","state":"new","osm_type":"way","osm_id":"96962491","highway":"tertiary","axis":"secondary","version":"28","user":"JLZIMMERMANN","timestamp":"2026-09-29T20:55:50Z","changeset":"189747460","name":"Petite Route de Sorgues","surface":"asphalt","maxspeed":"30","changes":[{"k":"ref","old":"D 183","new":null},{"k":"was:ref","old":null,"new":"D 183"}]}},{"type":"Feature","geometry":{"type":"Polygon","coordinates":[[[4.89017,44.03909],[4.89014,44.03906],[4.89012,44.03903],[4.89011,44.039],[4.89011,44.03896],[4.89012,44.03893],[4.89016,44.03889],[4.89023,44.03886],[4.8903,44.03886],[4.89036,44.03887],[4.89041,44.03889],[4.89045,44.03893],[4.89047,44.03897],[4.89046,44.03902],[4.89043,44.03907],[4.89038,44.0391],[4.89032,44.03911],[4.89026,44.03912],[4.89021,44.03911],[4.89017,44.03909]]]},"properties":{"action":"modify","state":"new","osm_type":"way","osm_id":"96962492","highway":"secondary","axis":"secondary","version":"24","user":"JLZIMMERMANN","timestamp":"2026-09-29T21:02:19Z","changeset":"189747615","name":"Petite Route de Sorgues","ref":"D 183","surface":"asphalt","changes":[{"k":"operator","old":"CG84","new":"CD84"},{"k":"ref","old":null,"new":"D 183"}]}},{"type":"Feature","geometry":{"type":"LineString","coordinates":[[4.89908,44.03792],[4.89918,44.03794],[4.89927,44.03796],[4.89934,44.038]]},"properties":{"action":"modify","state":"new","osm_type":"way","osm_id":"97221246","highway":"tertiary","axis":"secondary","version":"25","user":"JLZIMMERMANN","timestamp":"2026-09-29T20:55:50Z","changeset":"189747460","name":"Petite Route de Sorgues","changes":[{"k":"ref","old":"D 183","new":null},{"k":"was:ref","old":null,"new":"D 183"}]}},{"type":"Feature","geometry":{"type":"LineString","coordinates":[[5.0412,43.91276],[5.04123,43.9128],[5.04127,43.91284],[5.04133,43.91287]]},"properties":{"action":"modify","state":"new","osm_type":"way","osm_id":"103233207","highway":"tertiary","axis":"secondary","version":"3","user":"JLZIMMERMANN","timestamp":"2026-09-25T12:14:55Z","changeset":"189541592","changes":[{"k":"ref","old":"D 25","new":null},{"k":"was:ref","old":null,"new":"D 25"}]}},{"type":"Feature","geometry":{"type":"LineString","coordinates":[[5.04458,43.91399],[5.04463,43.914],[5.04481,43.91404],[5.04494,43.91407],[5.04533,43.91418],[5.04559,43.91427],[5.04571,43.91431],[5.04589,43.91438]]},"properties":{"action":"modify","state":"new","osm_type":"way","osm_id":"103233226","highway":"tertiary","axis":"secondary","version":"16","user":"JLZIMMERMANN","timestamp":"2026-09-25T12:14:55Z","changeset":"189541592","name":"Route de Caumont","surface":"asphalt","maxspeed":"50","changes":[{"k":"ref","old":"D 25","new":null},{"k":"was:ref","old":null,"new":"D 25"}]}},{"type":"Feature","geometry":{"type":"LineString","coordinates":[[5.04133,43.91287],[5.04157,43.91294],[5.04172,43.91299],[5.0421,43.91318],[5.04233,43.91329],[5.04245,43.91335],[5.04284,43.9135],[5.04297,43.91355],[5.04312,43.9136],[5.04326,43.91364],[5.04345,43.9137],[5.04366,43.91375],[5.04389,43.91382]]},"properties":{"action":"modify","state":"new","osm_type":"way","osm_id":"103233285","highway":"tertiary","axis":"secondary","version":"7","user":"JLZIMMERMANN","timestamp":"2026-09-25T12:14:55Z","changeset":"189541592","changes":[{"k":"ref","old":"D 25","new":null},{"k":"was:ref","old":null,"new":"D 25"}]}},{"type":"Feature","geometry":{"type":"LineString","coordinates":[[5.04089,43.91281],[5.04078,43.91277],[5.04067,43.91273]]},"properties":{"action":"modify","state":"new","osm_type":"way","osm_id":"103233299","highway":"tertiary","axis":"secondary","version":"4","user":"JLZIMMERMANN","timestamp":"2026-09-25T12:14:55Z","changeset":"189541592","surface":"asphalt","changes":[{"k":"ref","old":"D 25","new":null},{"k":"surface","old":null,"new":"asphalt"},{"k":"was:ref","old":null,"new":"D 25"}]}},{"type":"Feature","geometry":{"type":"LineString","coordinates":[[5.21275,43.85926],[5.21356,43.85951],[5.2154,43.86006],[5.21761,43.86072],[5.21814,43.86085],[5.21856,43.86093],[5.21899,43.86099],[5.21936,43.86103],[5.2199,43.86106],[5.22025,43.86107],[5.22064,43.86106],[5.22115,43.86102]]},"properties":{"action":"modify","state":"new","osm_type":"way","osm_id":"109270857","highway":"path","axis":"path","version":"29","user":"Alexandre148025","timestamp":"2026-09-23T13:28:32Z","changeset":"189449915","surface":"asphalt","changes":[{"k":"railway","old":"razed","new":"abandoned"}]}},{"type":"Feature","geometry":{"type":"LineString","coordinates":[[5.21275,43.85926],[5.21311,43.85938],[5.21356,43.85951],[5.21467,43.85985],[5.2154,43.86006],[5.21761,43.86072],[5.21814,43.86085],[5.21856,43.86093],[5.21899,43.86099],[5.21936,43.86103],[5.2199,43.86106],[5.22025,43.86107],[5.22064,43.86106],[5.22115,43.86102]]},"properties":{"state":"old","osm_id":"109270857","axis":"path"}},{"type":"Feature","geometry":{"type":"LineString","coordinates":[[5.38616,43.87973],[5.38622,43.87968],[5.38634,43.87961],[5.38662,43.87949],[5.3869,43.87938],[5.38719,43.8793],[5.3875,43.87923],[5.38786,43.87917],[5.38819,43.87915],[5.38867,43.87912],[5.38906,43.87909],[5.38965,43.87904],[5.38979,43.87903],[5.38983,43.87903]]},"properties":{"action":"modify","state":"new","osm_type":"way","osm_id":"109845444","highway":"path","axis":"path","version":"17","user":"Alexandre148025","timestamp":"2026-09-23T13:28:32Z","changeset":"189449915","surface":"asphalt","moved_metres":3.5,"moved_only":true,"via_node":true}},{"type":"Feature","geometry":{"type":"LineString","coordinates":[[5.38616,43.87973],[5.38622,43.87968],[5.38634,43.87961],[5.38662,43.87949],[5.3869,43.87938],[5.38719,43.8793],[5.3875,43.87923],[5.38786,43.87917],[5.38819,43.87915],[5.38867,43.87912],[5.38906,43.87909],[5.38965,43.87904],[5.3898,43.87903],[5.38988,43.87902]]},"properties":{"state":"old","osm_id":"109845444","axis":"path"}},{"type":"Feature","geometry":{"type":"LineString","coordinates":[[5.16466,43.86415],[5.1649,43.8641]]},"properties":{"action":"modify","state":"new","osm_type":"way","osm_id":"110365517","highway":"path","axis":"path","version":"18","user":"Alexandre148025","timestamp":"2026-09-23T13:28:32Z","changeset":"189449915","surface":"asphalt","changes":[{"k":"railway","old":"razed","new":"abandoned"}]}},{"type":"Feature","geometry":{"type":"LineString","coordinates":[[5.0392,44.03347],[5.03921,44.03355],[5.03922,44.03367],[5.03924,44.03384]]},"properties":{"action":"modify","state":"new","osm_type":"way","osm_id":"110656541","highway":"tertiary","axis":"secondary","version":"11","user":"JLZIMMERMANN","timestamp":"2026-09-23T06:48:08Z","changeset":"189432684","name":"Avenue des March\u00e9s","surface":"asphalt","changes":[{"k":"ref","old":"D 49","new":null},{"k":"was:ref","old":null,"new":"D 49"}]}},{"type":"Feature","geometry":{"type":"LineString","coordinates":[[5.04517,44.04876],[5.04509,44.04895]]},"properties":{"action":"modify","state":"new","osm_type":"way","osm_id":"115125473","highway":"tertiary","axis":"secondary","version":"14","user":"JLZIMMERMANN","timestamp":"2026-09-23T06:48:08Z","changeset":"189432684","name":"Boulevard Pasteur","surface":"asphalt","maxspeed":"30","changes":[{"k":"ref","old":"D 49","new":null},{"k":"was:ref","old":null,"new":"D 49"}]}},{"type":"Feature","geometry":{"type":"LineString","coordinates":[[4.86687,44.03408],[4.86686,44.03403],[4.86685,44.03399],[4.86694,44.03311],[4.86693,44.03293],[4.86697,44.03274],[4.8671,44.03246],[4.86724,44.03215],[4.86731,44.03195],[4.86744,44.03139],[4.86748,44.03121],[4.86749,44.03101],[4.86747,44.03068],[4.86749,44.03046],[4.86753,44.03029],[4.86761,44.03007],[4.86769,44.0299],[4.8678,44.02973],[4.86794,44.02955],[4.86873,44.02891],[4.86909,44.02866],[4.86929,44.02855],[4.8695,44.02844],[4.86969,44.0283],[4.87049,44.0276],[4.87071,44.0274],[4.87083,44.0273],[4.87108,44.02714],[4.87156,44.02684],[4.87161,44.0268],[4.87171,44.02672],[4.87183,44.02656],[4.87208,44.02618],[4.87217,44.02604],[4.87233,44.02584],[4.87243,44.02568],[4.8725,44.02553],[4.87265,44.02517],[4.87269,44.02512],[4.87273,44.02509],[4.8728,44.02507]]},"properties":{"action":"modify","state":"new","osm_type":"way","osm_id":"117045677","highway":"unclassified","axis":"local","version":"15","user":"JLZIMMERMANN","timestamp":"2026-09-29T13:04:24Z","changeset":"189726941","name":"Chemin de la Malauti\u00e8re"}},{"type":"Feature","geometry":{"type":"LineString","coordinates":[[4.86687,44.03408],[4.86686,44.03403],[4.86685,44.03399],[4.86694,44.03311],[4.86693,44.03293],[4.86697,44.03274],[4.8671,44.03246],[4.86724,44.03215],[4.86731,44.03195],[4.86744,44.03139],[4.86748,44.03121],[4.86749,44.03101],[4.86747,44.03068],[4.86749,44.03046],[4.86753,44.03029],[4.86761,44.03007],[4.86769,44.0299],[4.8678,44.02973],[4.86794,44.02955],[4.86873,44.02891],[4.86909,44.02866],[4.86929,44.02855],[4.8695,44.02844],[4.86969,44.0283],[4.87071,44.0274],[4.87083,44.0273],[4.87108,44.02714],[4.87156,44.02684],[4.87161,44.0268],[4.87171,44.02672],[4.87183,44.02656],[4.87208,44.02618],[4.87217,44.02604],[4.87233,44.02584],[4.87243,44.02568],[4.8725,44.02553],[4.87265,44.02517],[4.87269,44.02512],[4.87273,44.02509],[4.8728,44.02507]]},"properties":{"state":"old","osm_id":"117045677","axis":"local"}},{"type":"Feature","geometry":{"type":"LineString","coordinates":[[5.11982,43.84965],[5.11982,43.8495],[5.11982,43.84941],[5.11983,43.84927],[5.11985,43.84915],[5.11985,43.84902],[5.11984,43.84898],[5.11984,43.84893]]},"properties":{"action":"modify","state":"new","osm_type":"way","osm_id":"117124072","highway":"residential","axis":"local","version":"8","user":"cOSMografix","timestamp":"2026-09-26T09:24:53Z","changeset":"189578223","surface":"gravel","changes":[{"k":"lit","old":null,"new":"no"}]}},{"type":"Feature","geometry":{"type":"LineString","coordinates":[[5.39604,43.9376],[5.396,43.93758],[5.39596,43.93756],[5.3959,43.93754],[5.39543,43.93741],[5.39495,43.93731],[5.39461,43.93724],[5.39418,43.93716],[5.39367,43.93706],[5.39353,43.93703],[5.3932,43.93696],[5.39305,43.93691]]},"properties":{"action":"modify","state":"new","osm_type":"way","osm_id":"120480297","highway":"unclassified","axis":"local","version":"6","user":"cOSMografix","timestamp":"2026-09-27T21:10:42Z","changeset":"189650351","name":"Chemin des Garbis","changes":[{"k":"lit","old":null,"new":"no"}]}},{"type":"Feature","geometry":{"type":"LineString","coordinates":[[5.39305,43.93691],[5.39285,43.93684],[5.39249,43.93666],[5.39242,43.93662],[5.39237,43.93656],[5.39213,43.93624],[5.392,43.93614],[5.39191,43.93612],[5.39184,43.93611]]},"properties":{"action":"modify","state":"new","osm_type":"way","osm_id":"120480301","highway":"unclassified","axis":"local","version":"10","user":"cOSMografix","timestamp":"2026-09-27T21:10:42Z","changeset":"189650351","name":"Chemin des Garbis","changes":[{"k":"lit","old":null,"new":"no"}]}},{"type":"Feature","geometry":{"type":"LineString","coordinates":[[5.40008,43.93303],[5.39965,43.93313],[5.39957,43.93315],[5.39943,43.93321],[5.39936,43.93325],[5.39928,43.93328],[5.39918,43.93331],[5.39904,43.93334],[5.3989,43.9334],[5.39884,43.93344],[5.39869,43.93353],[5.39824,43.93383],[5.39778,43.93413],[5.39749,43.93432],[5.39736,43.93442],[5.39722,43.93457],[5.39653,43.93525],[5.39639,43.93536],[5.39624,43.93545],[5.39601,43.93557],[5.39576,43.93569],[5.39549,43.93581],[5.39486,43.93606],[5.39484,43.93607],[5.39448,43.93622],[5.39389,43.93645],[5.39332,43.93672],[5.39321,43.93678],[5.39312,43.93684],[5.39305,43.93691]]},"properties":{"action":"modify","state":"new","osm_type":"way","osm_id":"120480311","highway":"unclassified","axis":"local","version":"8","user":"cOSMografix","timestamp":"2026-09-27T21:10:41Z","changeset":"189650351","name":"Route des Loriots","changes":[{"k":"lit","old":null,"new":"no"}]}},{"type":"Feature","geometry":{"type":"LineString","coordinates":[[5.39184,43.93611],[5.39193,43.93608],[5.39203,43.93604],[5.39216,43.93595],[5.39235,43.93584],[5.39253,43.93573],[5.39265,43.93564],[5.39276,43.93556],[5.39298,43.93537],[5.39311,43.93523],[5.39328,43.935],[5.3933,43.93497],[5.39371,43.93445],[5.39437,43.93356],[5.39451,43.9334],[5.39473,43.93319],[5.39488,43.93307],[5.39512,43.93291],[5.3952,43.93288],[5.39545,43.93279],[5.39592,43.93265],[5.39626,43.93255],[5.39658,43.9324],[5.39668,43.93235],[5.39676,43.9323],[5.39683,43.93225],[5.39688,43.93219],[5.39694,43.93206],[5.39728,43.93119],[5.39755,43.93057],[5.39769,43.93033],[5.39791,43.93002],[5.39799,43.92987],[5.39807,43.92967]]},"properties":{"action":"modify","state":"new","osm_type":"way","osm_id":"120480317","highway":"unclassified","axis":"local","version":"12","user":"cOSMografix","timestamp":"2026-09-27T21:10:40Z","changeset":"189650351","name":"Chemin de Saint-Maurin","maxspeed":"80","changes":[{"k":"lit","old":null,"new":"no"}]}},{"type":"Feature","geometry":{"type":"LineString","coordinates":[[5.31418,43.87395],[5.31414,43.87394],[5.31404,43.87392],[5.31393,43.87394],[5.31327,43.87415],[5.31314,43.87418],[5.31301,43.8742],[5.31272,43.87418],[5.31258,43.87419],[5.31244,43.87422],[5.31232,43.87425],[5.31204,43.87431],[5.31197,43.87431],[5.31144,43.87438],[5.3113,43.87442],[5.31119,43.87449],[5.31088,43.87469],[5.31078,43.87474],[5.31068,43.87477],[5.31059,43.87475],[5.31051,43.8747],[5.31046,43.87462],[5.31045,43.87452],[5.31044,43.87416],[5.31043,43.87352],[5.31041,43.87326],[5.31037,43.87313],[5.31031,43.87301],[5.31006,43.87267],[5.31001,43.87256],[5.30997,43.87244],[5.30996,43.87232],[5.30998,43.87219],[5.31014,43.87143],[5.31015,43.87135],[5.31016,43.87128],[5.31016,43.87099],[5.31014,43.87084],[5.31011,43.87069],[5.30995,43.87022],[5.30987,43.86995],[5.30986,43.86989],[5.30983,43.86976],[5.30982,43.86972],[5.30977,43.86921],[5.30974,43.86904],[5.3097,43.86887],[5.30951,43.86841],[5.30906,43.86756],[5.30901,43.86742],[5.30893,43.86715],[5.30887,43.86703],[5.3088,43.86691],[5.30872,43.8668],[5.30837,43.86637],[5.3082,43.86615],[5.30807,43.86592],[5.30801,43.86582],[5.30794,43.86568],[5.30793,43.86563],[5.30792,43.86559],[5.30793,43.86556]]},"properties":{"action":"modify","state":"new","osm_type":"way","osm_id":"120480321","highway":"unclassified","axis":"local","version":"12","user":"cOSMografix","timestamp":"2026-09-26T09:25:48Z","changeset":"189578335","name":"Chemin de Saint-Eyries","surface":"asphalt","changes":[{"k":"lane_markings","old":null,"new":"no"},{"k":"smoothness","old":null,"new":"good"}]}},{"type":"Feature","geometry":{"type":"LineString","coordinates":[[5.36761,43.92047],[5.36755,43.9204],[5.36751,43.92027],[5.36748,43.92007],[5.36746,43.91993],[5.36742,43.91979],[5.36739,43.91963],[5.36737,43.91954],[5.36735,43.91949],[5.36732,43.91946],[5.36722,43.91939],[5.3671,43.9193],[5.36698,43.91919],[5.36686,43.91906],[5.36678,43.91891],[5.36672,43.9187],[5.3667,43.91854],[5.36666,43.91838],[5.36664,43.91823],[5.36661,43.9181],[5.36656,43.91791],[5.36652,43.9178],[5.36641,43.91768],[5.36621,43.91751],[5.36612,43.91746],[5.36606,43.91743],[5.36601,43.91743],[5.36597,43.91743],[5.36593,43.91742],[5.36588,43.91741],[5.36568,43.91736],[5.36534,43.91727],[5.36485,43.91713],[5.36467,43.91707],[5.36448,43.917],[5.36432,43.91693],[5.36417,43.91684],[5.36401,43.91673],[5.36387,43.91662],[5.36374,43.91649],[5.36358,43.91637],[5.36352,43.91633],[5.36347,43.91627],[5.36335,43.91613],[5.36327,43.91599],[5.36311,43.91583],[5.36296,43.91568],[5.36283,43.91555],[5.36277,43.91551],[5.36271,43.91547],[5.36263,43.91545],[5.36256,43.91543],[5.36249,43.91544],[5.36243,43.91546],[5.36238,43.9155],[5.36236,43.91554],[5.36235,43.91561],[5.36235,43.91567],[5.36237,43.91573],[5.36237,43.91578],[5.36237,43.9158],[5.36237,43.91585],[5.36236,43.91596],[5.36237,43.91603],[5.36239,43.91606],[5.36241,43.91609],[5.36245,43.91614],[5.36252,43.91618],[5.36257,43.91622],[5.36259,43.91628],[5.36282,43.91672],[5.36292,43.91693],[5.36303,43.91715],[5.36312,43.9173],[5.36319,43.91743],[5.36324,43.91753],[5.36332,43.91766],[5.36338,43.91776],[5.36343,43.91783],[5.36345,43.91785],[5.36348,43.91788],[5.36363,43.91803],[5.36386,43.91818]]},"properties":{"action":"modify","state":"new","osm_type":"way","osm_id":"121389239","highway":"track","axis":"path","version":"20","user":"Benoit84","timestamp":"2026-09-28T09:22:44Z","changeset":"189668004","surface":"gravel"}},{"type":"Feature","geometry":{"type":"LineString","coordinates":[[5.36761,43.92047],[5.36755,43.9204],[5.36751,43.92027],[5.36748,43.92007],[5.36746,43.91993],[5.36742,43.91979],[5.36739,43.91963],[5.36737,43.91954],[5.36735,43.91949],[5.36732,43.91946],[5.36722,43.91939],[5.3671,43.9193],[5.36698,43.91919],[5.36686,43.91906],[5.36678,43.91891],[5.36672,43.9187],[5.3667,43.91854],[5.36666,43.91838],[5.36664,43.91823],[5.36661,43.9181],[5.36656,43.91791],[5.36652,43.9178],[5.36641,43.91768],[5.36621,43.91751],[5.36612,43.91746],[5.36606,43.91743],[5.36601,43.91743],[5.36597,43.91743],[5.36593,43.91742],[5.36588,43.91741],[5.36568,43.91736],[5.36534,43.91727],[5.36485,43.91713],[5.36467,43.91707],[5.36448,43.917],[5.36432,43.91693],[5.36417,43.91684],[5.36401,43.91673],[5.36387,43.91662],[5.36374,43.91649],[5.36358,43.91637],[5.36352,43.91633],[5.36347,43.91627],[5.36335,43.91613],[5.36327,43.91599],[5.36311,43.91583],[5.36296,43.91568],[5.36283,43.91555],[5.36277,43.91551],[5.36271,43.91547],[5.36263,43.91545],[5.36256,43.91543],[5.36249,43.91544],[5.36243,43.91546],[5.36238,43.9155],[5.36236,43.91554],[5.36235,43.91561],[5.36235,43.91567],[5.36237,43.91573],[5.36237,43.91578],[5.36237,43.9158],[5.36237,43.91585],[5.36236,43.91596],[5.36237,43.91603],[5.36239,43.91606],[5.36241,43.91609],[5.36245,43.91614],[5.36252,43.91618],[5.36257,43.91622],[5.36259,43.91628],[5.36282,43.91672],[5.36292,43.91693],[5.36303,43.91715],[5.36312,43.9173],[5.36319,43.91743],[5.36324,43.91753],[5.36332,43.91766],[5.36338,43.91776],[5.36343,43.91783],[5.36348,43.91788],[5.36363,43.91803],[5.36386,43.91818]]},"properties":{"state":"old","osm_id":"121389239","axis":"path"}},{"type":"Feature","geometry":{"type":"LineString","coordinates":[[5.11637,43.86255],[5.11656,43.86269],[5.11679,43.86281],[5.11709,43.86294],[5.11715,43.86298],[5.11719,43.86299],[5.11721,43.863],[5.11724,43.86301],[5.11726,43.86303],[5.1174,43.86311],[5.11751,43.86319],[5.11758,43.86324],[5.11769,43.8633],[5.11798,43.86341],[5.11829,43.86352],[5.11858,43.8636],[5.11894,43.86368],[5.11971,43.86385],[5.1233,43.86462],[5.12334,43.86463],[5.12338,43.86464],[5.12342,43.86465],[5.12347,43.86466],[5.12409,43.86479],[5.13218,43.86653]]},"properties":{"action":"modify","state":"new","osm_type":"way","osm_id":"125187308","highway":"path","axis":"path","version":"33","user":"Alexandre148025","timestamp":"2026-09-23T13:28:32Z","changeset":"189449915","surface":"asphalt","changes":[{"k":"railway","old":"razed","new":"abandoned"}]}},{"type":"Feature","geometry":{"type":"LineString","coordinates":[[5.11448,43.85998],[5.1145,43.86002]]},"properties":{"action":"modify","state":"new","osm_type":"way","osm_id":"125187309","highway":"path","axis":"path","version":"16","user":"Alexandre148025","timestamp":"2026-09-23T13:28:32Z","changeset":"189449915","surface":"asphalt","changes":[{"k":"railway","old":"razed","new":"abandoned"}]}},{"type":"Feature","geometry":{"type":"LineString","coordinates":[[5.23105,43.85686],[5.23144,43.85667]]},"properties":{"action":"modify","state":"new","osm_type":"way","osm_id":"125187310","highway":"path","axis":"path","version":"21","user":"Alexandre148025","timestamp":"2026-09-23T13:28:32Z","changeset":"189449915","surface":"asphalt","changes":[{"k":"railway","old":"razed","new":"abandoned"}]}},{"type":"Feature","geometry":{"type":"LineString","coordinates":[[5.23144,43.85667],[5.23185,43.85646],[5.23248,43.85616],[5.23309,43.85588],[5.23362,43.85567],[5.23415,43.85549],[5.23483,43.85528],[5.23539,43.85515],[5.23609,43.85502],[5.2365,43.85495],[5.2385,43.85456],[5.23953,43.85437],[5.23956,43.85437],[5.23966,43.85435]]},"properties":{"action":"modify","state":"new","osm_type":"way","osm_id":"125187311","highway":"path","axis":"path","version":"22","user":"Alexandre148025","timestamp":"2026-09-23T13:28:32Z","changeset":"189449915","surface":"asphalt","changes":[{"k":"railway","old":"razed","new":"abandoned"}]}},{"type":"Feature","geometry":{"type":"LineString","coordinates":[[4.71611,44.2421],[4.71633,44.24225],[4.71637,44.24228]]},"properties":{"action":"modify","state":"new","osm_type":"way","osm_id":"126997588","highway":"secondary","axis":"secondary","version":"10","user":"JLZIMMERMANN","timestamp":"2026-09-24T14:06:23Z","changeset":"189500604","ref":"D 26","surface":"asphalt","changes":[{"k":"operator","old":null,"new":"CD84"}]}},{"type":"Feature","geometry":{"type":"LineString","coordinates":[[4.71655,44.24235],[4.71676,44.24244],[4.71693,44.24255],[4.71703,44.24262]]},"properties":{"action":"modify","state":"new","osm_type":"way","osm_id":"126997591","highway":"secondary","axis":"secondary","version":"8","user":"JLZIMMERMANN","timestamp":"2026-09-24T14:06:23Z","changeset":"189500604","ref":"D 26","surface":"asphalt","changes":[{"k":"operator","old":null,"new":"CD84"}]}},{"type":"Feature","geometry":{"type":"LineString","coordinates":[[4.71703,44.24262],[4.71673,44.2425],[4.71667,44.24249],[4.71659,44.24248],[4.71651,44.24248]]},"properties":{"action":"modify","state":"new","osm_type":"way","osm_id":"126997592","highway":"secondary","axis":"secondary","version":"8","user":"JLZIMMERMANN","timestamp":"2026-09-24T14:06:23Z","changeset":"189500604","ref":"D 26","surface":"asphalt","changes":[{"k":"operator","old":null,"new":"CD84"}]}},{"type":"Feature","geometry":{"type":"LineString","coordinates":[[4.71402,44.24023],[4.714,44.24028],[4.7138,44.24075],[4.71371,44.24095],[4.71329,44.24199]]},"properties":{"action":"modify","state":"new","osm_type":"way","osm_id":"127007944","highway":"residential","axis":"local","version":"5","user":"JLZIMMERMANN","timestamp":"2026-09-24T14:06:23Z","changeset":"189500604","name":"Avenue Marcel Pagnol"}},{"type":"Feature","geometry":{"type":"LineString","coordinates":[[4.71402,44.24023],[4.7138,44.24075],[4.71371,44.24095],[4.71329,44.24199]]},"properties":{"state":"old","osm_id":"127007944","axis":"local"}},{"type":"Feature","geometry":{"type":"LineString","coordinates":[[4.71271,44.23831],[4.71271,44.23828],[4.71272,44.23815],[4.71273,44.23788],[4.71273,44.2378],[4.71274,44.23751],[4.71275,44.23725],[4.71275,44.23704],[4.71277,44.23697],[4.71279,44.23689],[4.71284,44.2368],[4.71289,44.23673],[4.71295,44.23668],[4.71303,44.23663],[4.71314,44.23658],[4.71335,44.23649],[4.71343,44.23645],[4.71347,44.2364],[4.71349,44.23636]]},"properties":{"action":"modify","state":"new","osm_type":"way","osm_id":"127007946","highway":"secondary","axis":"secondary","version":"14","user":"JLZIMMERMANN","timestamp":"2026-09-24T14:06:23Z","changeset":"189500604","name":"Boulevard L\u00e9opold Fauritte","ref":"D 26","surface":"asphalt","changes":[{"k":"operator","old":null,"new":"CD84"}]}},{"type":"Feature","geometry":{"type":"LineString","coordinates":[[4.71275,44.23873],[4.71274,44.23868],[4.71272,44.23863],[4.71271,44.23857],[4.71271,44.2385],[4.71271,44.23831],[4.71271,44.23828],[4.71272,44.23815],[4.71273,44.23788],[4.71273,44.2378],[4.71274,44.23765],[4.71275,44.23725],[4.71275,44.23704],[4.71277,44.23697],[4.71279,44.23689],[4.71284,44.2368],[4.71289,44.23673],[4.71295,44.23668],[4.71303,44.23663],[4.71314,44.23658],[4.71335,44.23649],[4.71343,44.23645],[4.71347,44.2364],[4.71349,44.23636]]},"properties":{"state":"old","osm_id":"127007946","axis":"secondary"}},{"type":"Feature","geometry":{"type":"LineString","coordinates":[[4.71349,44.23636],[4.7135,44.23631],[4.71349,44.23627],[4.71346,44.2362],[4.71322,44.23582],[4.71296,44.23537],[4.71291,44.2353],[4.71282,44.23511],[4.71279,44.23499],[4.71277,44.2349],[4.71276,44.23487],[4.71277,44.23475],[4.71277,44.23467],[4.71279,44.23449]]},"properties":{"action":"modify","state":"new","osm_type":"way","osm_id":"127007949","highway":"secondary","axis":"secondary","version":"9","user":"JLZIMMERMANN","timestamp":"2026-09-24T14:06:23Z","changeset":"189500604","name":"Avenue de la Lib\u00e9ration","ref":"D 26","surface":"asphalt","changes":[{"k":"operator","old":null,"new":"CD84"},{"k":"surface","old":null,"new":"asphalt"}]}},{"type":"Feature","geometry":{"type":"LineString","coordinates":[[4.71349,44.23636],[4.7135,44.23631],[4.71349,44.23627],[4.71346,44.2362],[4.71322,44.23582],[4.71296,44.23537],[4.71291,44.2353],[4.71282,44.23511],[4.71279,44.23499],[4.71277,44.2349],[4.71276,44.23487],[4.71277,44.23475],[4.71277,44.23466],[4.71279,44.23447],[4.71281,44.23437],[4.71281,44.23434]]},"properties":{"state":"old","osm_id":"127007949","axis":"secondary"}},{"type":"Feature","geometry":{"type":"LineString","coordinates":[[4.7133,44.22737],[4.71335,44.22734],[4.71339,44.22733],[4.71343,44.22733]]},"properties":{"action":"modify","state":"new","osm_type":"way","osm_id":"129752604","highway":"secondary","axis":"secondary","version":"8","user":"JLZIMMERMANN","timestamp":"2026-09-24T14:06:23Z","changeset":"189500604","ref":"D 26","surface":"asphalt","changes":[{"k":"operator","old":null,"new":"CD84"}]}},{"type":"Feature","geometry":{"type":"Polygon","coordinates":[[[4.78595,43.9223],[4.78592,43.92225],[4.78584,43.92213],[4.78584,43.92211],[4.78581,43.92206],[4.78596,43.92201],[4.78598,43.92204],[4.786,43.92203],[4.78637,43.92192],[4.7864,43.92191],[4.78638,43.92187],[4.78654,43.92182],[4.78656,43.92185],[4.78665,43.922],[4.78666,43.92202],[4.78666,43.92203],[4.78668,43.92206],[4.78669,43.92208],[4.78662,43.92211],[4.7866,43.92211],[4.7864,43.92217],[4.78625,43.92221],[4.78608,43.92227],[4.78605,43.92228],[4.78603,43.92228],[4.78595,43.92231],[4.78595,43.9223]]]},"properties":{"action":"modify","state":"new","osm_type":"way","osm_id":"131745791","highway":"pedestrian","axis":"path","version":"13","user":"Fabe56","timestamp":"2026-09-28T11:52:45Z","changeset":"189675256","name":"Parvis Arriv\u00e9e","surface":"asphalt","changes":[{"k":"wikidata","old":null,"new":"Q141592019"}]}},{"type":"Feature","geometry":{"type":"LineString","coordinates":[[5.52886,43.92022],[5.52893,43.92017],[5.52896,43.92011],[5.52898,43.92005],[5.529,43.91999],[5.529,43.9199],[5.52898,43.91982],[5.52895,43.91974],[5.52886,43.91963],[5.52863,43.91936]]},"properties":{"action":"modify","state":"new","osm_type":"way","osm_id":"133625897","highway":"tertiary","axis":"secondary","version":"7","user":"JLZIMMERMANN","timestamp":"2026-09-23T21:17:58Z","changeset":"189469677","name":"Route de Accacias","moved_metres":1.2,"moved_only":true,"via_node":true}},{"type":"Feature","geometry":{"type":"LineString","coordinates":[[5.52886,43.92022],[5.52893,43.92017],[5.52896,43.92011],[5.52898,43.92005],[5.529,43.91998],[5.529,43.9199],[5.52898,43.91982],[5.52895,43.91974],[5.52886,43.91963],[5.52863,43.91936]]},"properties":{"state":"old","osm_id":"133625897","axis":"secondary"}},{"type":"Feature","geometry":{"type":"LineString","coordinates":[[5.54907,43.92731],[5.54906,43.92728],[5.54903,43.92725],[5.54787,43.9267],[5.54764,43.92658],[5.5475,43.92653],[5.54735,43.92648],[5.54682,43.9263],[5.54667,43.92626],[5.54654,43.92625],[5.54626,43.92624],[5.54616,43.92622],[5.54607,43.92618],[5.54601,43.92611],[5.54597,43.92603],[5.54562,43.9254],[5.54531,43.92485],[5.54523,43.92472],[5.54516,43.92463],[5.54509,43.92457],[5.54507,43.92455],[5.54493,43.92448],[5.54479,43.92442],[5.54457,43.92435],[5.54433,43.9243],[5.54352,43.92411],[5.5434,43.92408],[5.54322,43.92402],[5.54312,43.92397],[5.54304,43.9239],[5.54297,43.9238],[5.54291,43.92369],[5.54285,43.92357],[5.54272,43.92317],[5.54262,43.92309],[5.54249,43.92302],[5.54102,43.92238],[5.54062,43.92223],[5.54043,43.92218],[5.54031,43.92216],[5.54019,43.92216],[5.54005,43.92216],[5.53992,43.9222],[5.53983,43.92224],[5.53974,43.92232],[5.53937,43.92259]]},"properties":{"action":"modify","state":"new","osm_type":"way","osm_id":"133625898","highway":"tertiary","axis":"secondary","version":"13","user":"JLZIMMERMANN","timestamp":"2026-09-23T21:17:58Z","changeset":"189469677","name":"Route de Gignac","ref":"D 112","surface":"asphalt","changes":[{"k":"operator","old":null,"new":"CD84"}]}},{"type":"Feature","geometry":{"type":"LineString","coordinates":[[5.54907,43.92731],[5.54906,43.92728],[5.54903,43.92725],[5.54787,43.9267],[5.54764,43.92658],[5.5475,43.92653],[5.54735,43.92648],[5.54682,43.9263],[5.54667,43.92626],[5.54654,43.92625],[5.54626,43.92624],[5.54616,43.92622],[5.54607,43.92618],[5.54601,43.92611],[5.54597,43.92603],[5.54562,43.9254],[5.54531,43.92485],[5.54523,43.92472],[5.54516,43.92463],[5.54509,43.92457],[5.54507,43.92455],[5.54493,43.92448],[5.54479,43.92442],[5.54457,43.92435],[5.54433,43.9243],[5.5434,43.92408],[5.54321,43.92403],[5.54311,43.92398],[5.54302,43.92391],[5.54294,43.92381],[5.54289,43.9237],[5.54283,43.92357],[5.54271,43.9232],[5.54264,43.92312],[5.54252,43.92305],[5.54102,43.92238],[5.54062,43.92223],[5.54043,43.92218],[5.54031,43.92216],[5.54019,43.92216],[5.54005,43.92216],[5.53992,43.9222],[5.53983,43.92224],[5.53973,43.9223],[5.53937,43.92259]]},"properties":{"state":"old","osm_id":"133625898","axis":"secondary"}},{"type":"Feature","geometry":{"type":"LineString","coordinates":[[5.52867,43.92027],[5.52863,43.92028],[5.5282,43.92031],[5.5277,43.92035],[5.52744,43.92037],[5.52685,43.92041],[5.52673,43.92042],[5.52666,43.92042],[5.52643,43.92042],[5.52584,43.92041],[5.5257,43.92041],[5.5256,43.92042],[5.52551,43.92043],[5.52541,43.92044],[5.52527,43.92047],[5.52489,43.92056],[5.52483,43.92057],[5.52469,43.9206],[5.52453,43.92062],[5.52439,43.92062],[5.52426,43.9206],[5.5241,43.92056],[5.52397,43.92052],[5.52388,43.92047],[5.5238,43.92042],[5.52372,43.92037],[5.52332,43.92002],[5.52322,43.91996],[5.52314,43.91992],[5.52306,43.9199],[5.52297,43.91989],[5.52269,43.91989],[5.52245,43.9199],[5.52233,43.9199],[5.52217,43.9199],[5.52198,43.91991],[5.52189,43.91993],[5.52182,43.91996],[5.52177,43.92],[5.52176,43.92004],[5.52176,43.92008],[5.52177,43.92011]]},"properties":{"action":"modify","state":"new","osm_type":"way","osm_id":"133625934","highway":"tertiary","axis":"secondary","version":"9","user":"JLZIMMERMANN","timestamp":"2026-09-23T21:17:58Z","changeset":"189469677","ref":"D 112","surface":"asphalt","changes":[{"k":"operator","old":null,"new":"CD84"}]}},{"type":"Feature","geometry":{"type":"LineString","coordinates":[[5.52867,43.92027],[5.52863,43.92028],[5.5282,43.92031],[5.5277,43.92035],[5.52745,43.92036],[5.52685,43.92041],[5.52673,43.92042],[5.52666,43.92042],[5.52643,43.92042],[5.52584,43.92041],[5.5257,43.92041],[5.5256,43.92042],[5.52551,43.92043],[5.52541,43.92044],[5.52527,43.92047],[5.52489,43.92056],[5.52483,43.92057],[5.52469,43.9206],[5.52453,43.92062],[5.52439,43.92062],[5.52426,43.9206],[5.5241,43.92056],[5.52397,43.92052],[5.52388,43.92047],[5.5238,43.92042],[5.52372,43.92037],[5.52332,43.92002],[5.52322,43.91996],[5.52314,43.91992],[5.52306,43.9199],[5.52297,43.91989],[5.52269,43.91989],[5.52245,43.9199],[5.52233,43.9199],[5.52217,43.9199],[5.52198,43.91991],[5.52189,43.91993],[5.52182,43.91996],[5.52177,43.92],[5.52176,43.92004],[5.52176,43.92008],[5.52177,43.92011]]},"properties":{"state":"old","osm_id":"133625934","axis":"secondary"}},{"type":"Feature","geometry":{"type":"LineString","coordinates":[[5.05228,43.91534],[5.05225,43.91542],[5.05223,43.9155],[5.05223,43.91558],[5.05225,43.91569],[5.05227,43.91588],[5.05229,43.91606],[5.05232,43.91626],[5.05234,43.91639],[5.05239,43.91668],[5.05241,43.91689],[5.05242,43.91694],[5.05244,43.91707]]},"properties":{"action":"modify","state":"new","osm_type":"way","osm_id":"144879843","highway":"tertiary","axis":"secondary","version":"10","user":"enzo_immergis","timestamp":"2026-09-29T08:43:43Z","changeset":"189715545","name":"Cours Anatole France","ref":"D 31D","surface":"asphalt","changes":[{"k":"cycleway:both","old":null,"new":"no"}]}},{"type":"Feature","geometry":{"type":"LineString","coordinates":[[4.7363,44.19728],[4.7364,44.19734],[4.73646,44.19738],[4.73661,44.19745],[4.73664,44.19747],[4.73677,44.19758]]},"properties":{"action":"modify","state":"new","osm_type":"way","osm_id":"148508189","highway":"service","axis":"local","version":"2","user":"kirmonkey","timestamp":"2026-09-23T10:04:08Z","changeset":"189440358","surface":"asphalt","changes":[{"k":"surface","old":null,"new":"asphalt"}]}},{"type":"Feature","geometry":{"type":"LineString","coordinates":[[4.88624,44.02515],[4.88649,44.0251],[4.88656,44.02507],[4.88669,44.02503],[4.88746,44.02492],[4.88751,44.02482],[4.88761,44.02457],[4.88749,44.02453],[4.88716,44.02457],[4.88674,44.02462],[4.88668,44.02493],[4.88669,44.02503]]},"properties":{"action":"modify","state":"new","osm_type":"way","osm_id":"149147971","highway":"service","axis":"local","version":"9","user":"JLZIMMERMANN","timestamp":"2026-09-23T07:34:28Z","changeset":"189434261"}},{"type":"Feature","geometry":{"type":"LineString","coordinates":[[4.88624,44.02515],[4.88649,44.0251],[4.88656,44.02507],[4.88669,44.02503],[4.88741,44.02492],[4.8876,44.02485],[4.88759,44.0246],[4.88749,44.02453],[4.88716,44.02456],[4.88663,44.02464],[4.88669,44.02503]]},"properties":{"state":"old","osm_id":"149147971","axis":"local"}},{"type":"Feature","geometry":{"type":"LineString","coordinates":[[5.19789,43.85843],[5.19831,43.85838]]},"properties":{"action":"modify","state":"new","osm_type":"way","osm_id":"152354338","highway":"primary","axis":"main","version":"18","user":"Alexandre148025","timestamp":"2026-09-23T13:28:32Z","changeset":"189449915","ref":"D 900","surface":"asphalt","maxspeed":"80","changes":[{"k":"railway","old":null,"new":"abandoned"}]}},{"type":"Feature","geometry":{"type":"LineString","coordinates":[[5.19759,43.85846],[5.19789,43.85843]]},"properties":{"action":"modify","state":"new","osm_type":"way","osm_id":"152354339","highway":"primary","axis":"main","version":"9","user":"Alexandre148025","timestamp":"2026-09-23T13:28:32Z","changeset":"189449915","ref":"D 900","surface":"asphalt","maxspeed":"80","changes":[{"k":"railway","old":null,"new":"abandoned"}]}},{"type":"Feature","geometry":{"type":"LineString","coordinates":[[5.24648,43.85305],[5.2491,43.85255],[5.25056,43.85227],[5.25203,43.85199],[5.25249,43.8519],[5.25295,43.85182],[5.25334,43.85176],[5.25399,43.85168],[5.25431,43.85164],[5.25464,43.85162],[5.25503,43.8516],[5.25543,43.85159],[5.25582,43.85159],[5.25619,43.85159],[5.25682,43.85162],[5.25684,43.85162],[5.25688,43.85162]]},"properties":{"action":"modify","state":"new","osm_type":"way","osm_id":"152377279","highway":"path","axis":"path","version":"19","user":"Alexandre148025","timestamp":"2026-09-23T13:28:32Z","changeset":"189449915","surface":"asphalt","changes":[{"k":"railway","old":"razed","new":"abandoned"}]}},{"type":"Feature","geometry":{"type":"LineString","coordinates":[[5.24641,43.85306],[5.24648,43.85305]]},"properties":{"action":"modify","state":"new","osm_type":"way","osm_id":"152377283","highway":"path","axis":"path","version":"14","user":"Alexandre148025","timestamp":"2026-09-23T13:28:32Z","changeset":"189449915","surface":"asphalt","changes":[{"k":"railway","old":"razed","new":"abandoned"}]}},{"type":"Feature","geometry":{"type":"LineString","coordinates":[[5.33796,43.87918],[5.33785,43.87916],[5.33773,43.87913],[5.33755,43.87907],[5.3373,43.87897],[5.33703,43.87886],[5.33681,43.87876],[5.33659,43.87863],[5.33628,43.87842],[5.33607,43.87824],[5.33588,43.87805],[5.33571,43.87785],[5.33556,43.87764],[5.33545,43.87749]]},"properties":{"action":"modify","state":"new","osm_type":"way","osm_id":"152388146","highway":"unclassified","axis":"local","version":"7","user":"cOSMografix","timestamp":"2026-09-26T09:25:58Z","changeset":"189578345","surface":"asphalt","changes":[{"k":"cycleway:both","old":null,"new":"track"}]}},{"type":"Feature","geometry":{"type":"LineString","coordinates":[[5.39108,43.87884],[5.39192,43.8787],[5.39224,43.87865],[5.39276,43.87857],[5.39331,43.87848],[5.39348,43.87846]]},"properties":{"action":"modify","state":"new","osm_type":"way","osm_id":"152404327","highway":"living_street","axis":"local","version":"13","user":"enzo_immergis","timestamp":"2026-09-28T16:46:41Z","changeset":"189688885","surface":"asphalt","maxspeed":"20","changes":[{"k":"bicycle","old":"designated","new":null},{"k":"foot","old":"designated","new":null},{"k":"highway","old":"path","new":"living_street"}]}},{"type":"Feature","geometry":{"type":"LineString","coordinates":[[5.39108,43.87884],[5.39192,43.8787],[5.39225,43.87865],[5.39276,43.87857],[5.39332,43.87848],[5.39348,43.87846]]},"properties":{"state":"old","osm_id":"152404327","axis":"path"}},{"type":"Feature","geometry":{"type":"LineString","coordinates":[[4.99863,44.03735],[4.99863,44.03733],[4.99866,44.03723],[4.99867,44.03721],[4.99868,44.03718],[4.99872,44.03714],[4.99885,44.03662],[4.99886,44.03658],[4.99889,44.03652],[4.99889,44.03649]]},"properties":{"action":"modify","state":"new","osm_type":"way","osm_id":"152622772","highway":"residential","axis":"local","version":"15","user":"enzo_immergis","timestamp":"2026-09-28T16:22:07Z","changeset":"189687837","name":"Boulevard de Loriol","changes":[{"k":"cycleway:both","old":null,"new":"no"}]}},{"type":"Feature","geometry":{"type":"LineString","coordinates":[[5.09396,43.84465],[5.09386,43.84464],[5.09374,43.84462],[5.09351,43.84459],[5.09338,43.84458],[5.09328,43.84457],[5.09302,43.84456],[5.09275,43.84457],[5.09236,43.84459],[5.09207,43.84461],[5.09169,43.84463],[5.09152,43.84465],[5.09129,43.84467],[5.09093,43.84471]]},"properties":{"action":"modify","state":"new","osm_type":"way","osm_id":"152961950","highway":"secondary","axis":"secondary","version":"17","user":"cOSMografix","timestamp":"2026-09-26T09:24:33Z","changeset":"189578224","name":"Route de Cavaillon","ref":"D 2","surface":"asphalt","maxspeed":"80","changes":[{"k":"cycleway:both","old":null,"new":"no"}]}},{"type":"Feature","geometry":{"type":"LineString","coordinates":[[5.10272,43.85297],[5.10306,43.85256],[5.10313,43.85248],[5.10325,43.85234],[5.10336,43.85222],[5.10366,43.85186],[5.10367,43.85184],[5.10394,43.85153],[5.10406,43.8514],[5.10438,43.85101],[5.1047,43.85063],[5.1049,43.8504],[5.10526,43.84998],[5.1061,43.849],[5.10638,43.84862],[5.10641,43.84855],[5.10641,43.84854],[5.10648,43.84846]]},"properties":{"action":"modify","state":"new","osm_type":"way","osm_id":"152968377","highway":"tertiary","axis":"secondary","version":"16","user":"caboulot","timestamp":"2026-09-27T13:06:50Z","changeset":"189628137","name":"Avenue de la Gare","surface":"asphalt","moved_metres":2.0,"moved_only":true,"via_node":true}},{"type":"Feature","geometry":{"type":"LineString","coordinates":[[5.10272,43.85297],[5.10306,43.85256],[5.10313,43.85248],[5.10325,43.85234],[5.10336,43.85222],[5.10366,43.85186],[5.10367,43.85184],[5.10394,43.85153],[5.10406,43.8514],[5.10438,43.85101],[5.1047,43.85063],[5.1049,43.8504],[5.10526,43.84998],[5.1061,43.849],[5.10638,43.84862],[5.10643,43.84856],[5.10644,43.84854],[5.10648,43.84847]]},"properties":{"state":"old","osm_id":"152968377","axis":"secondary"}},{"type":"Feature","geometry":{"type":"LineString","coordinates":[[5.10989,43.85601],[5.11012,43.85612],[5.11072,43.85639],[5.11081,43.85645],[5.11084,43.8565],[5.1109,43.85663],[5.11097,43.85674],[5.11102,43.85679],[5.11112,43.85684],[5.11133,43.85693],[5.1116,43.85701],[5.11188,43.85712],[5.11245,43.85739],[5.11286,43.85762],[5.11338,43.858],[5.11362,43.85822],[5.11402,43.8587],[5.11405,43.85874],[5.11428,43.85899],[5.11437,43.85904],[5.11448,43.85908],[5.11459,43.8591],[5.11478,43.85909],[5.11503,43.85906],[5.11514,43.85903]]},"properties":{"action":"modify","state":"new","osm_type":"way","osm_id":"153027374","highway":"unclassified","axis":"local","version":"6","user":"Alexandre148025","timestamp":"2026-09-23T13:28:32Z","changeset":"189449915","name":"Chemin des Escoubiho"}},{"type":"Feature","geometry":{"type":"LineString","coordinates":[[5.10989,43.85601],[5.11012,43.85612],[5.11072,43.85639],[5.11081,43.85645],[5.11084,43.8565],[5.1109,43.85663],[5.11097,43.85674],[5.11102,43.85679],[5.11112,43.85684],[5.11133,43.85693],[5.11189,43.85714],[5.11245,43.85739],[5.11285,43.85761],[5.11338,43.858],[5.11362,43.85822],[5.11402,43.8587],[5.11405,43.85874],[5.11428,43.85899],[5.11437,43.85904],[5.11448,43.85908],[5.11459,43.8591],[5.11478,43.85909],[5.11503,43.85906],[5.11514,43.85903]]},"properties":{"state":"old","osm_id":"153027374","axis":"local"}},{"type":"Feature","geometry":{"type":"LineString","coordinates":[[4.79255,43.94206],[4.79305,43.94231],[4.79325,43.94241],[4.79343,43.94247],[4.79352,43.9425],[4.7936,43.94253],[4.79371,43.94255],[4.79384,43.94257],[4.794,43.94258]]},"properties":{"action":"modify","state":"new","osm_type":"way","osm_id":"154816750","highway":"primary","axis":"main","version":"15","user":"GuyonT","timestamp":"2026-09-23T13:44:51Z","changeset":"189450351","surface":"asphalt","maxspeed":"50","changes":[{"k":"sidewalk:left","old":null,"new":"no"},{"k":"sidewalk:right","old":null,"new":"yes"}]}},{"type":"Feature","geometry":{"type":"LineString","coordinates":[[4.79623,43.94396],[4.79637,43.94405],[4.7967,43.94435]]},"properties":{"action":"modify","state":"new","osm_type":"way","osm_id":"154816782","highway":"primary","axis":"main","version":"9","user":"GuyonT","timestamp":"2026-09-23T13:45:22Z","changeset":"189450351","ref":"D 902","surface":"asphalt","maxspeed":"50","changes":[{"k":"sidewalk:both","old":null,"new":"no"}]}},{"type":"Feature","geometry":{"type":"LineString","coordinates":[[4.81774,43.94039],[4.81678,43.94075],[4.81656,43.94085],[4.81633,43.94098],[4.81617,43.94105],[4.81602,43.94113],[4.81574,43.94131],[4.81544,43.94151],[4.81533,43.94158],[4.815,43.94186]]},"properties":{"action":"modify","state":"new","osm_type":"way","osm_id":"154964860","highway":"residential","axis":"local","version":"11","user":"chrizy","timestamp":"2026-09-24T11:21:56Z","changeset":"189492381","name":"Avenue de la Trillade","surface":"asphalt","maxspeed":"30","changes":[{"k":"cycleway:right","old":"lane","new":"shared_lane"},{"k":"lanes","old":null,"new":"1"}]}},{"type":"Feature","geometry":{"type":"LineString","coordinates":[[5.48785,43.91969],[5.4877,43.91931],[5.48769,43.91929]]},"properties":{"action":"modify","state":"new","osm_type":"way","osm_id":"155010310","highway":"tertiary","axis":"secondary","version":"12","user":"JLZIMMERMANN","timestamp":"2026-09-23T21:17:58Z","changeset":"189469677","name":"Route des Ocres","ref":"D 112","surface":"asphalt","changes":[{"k":"operator","old":null,"new":"CD84"}]}},{"type":"Feature","geometry":{"type":"LineString","coordinates":[[5.37007,43.88758],[5.37014,43.8876],[5.37015,43.88761],[5.37022,43.88764],[5.37026,43.88767],[5.37044,43.88788],[5.37075,43.8882],[5.37079,43.88824],[5.37083,43.88828],[5.37093,43.8884],[5.37157,43.88907],[5.37172,43.88922],[5.37176,43.88927],[5.3718,43.8893],[5.37184,43.88935],[5.37199,43.88951],[5.37236,43.8899],[5.37242,43.88994],[5.37243,43.88995],[5.37246,43.88998]]},"properties":{"action":"modify","state":"new","osm_type":"way","osm_id":"155016124","highway":"unclassified","axis":"local","version":"22","user":"cOSMografix","timestamp":"2026-09-26T09:26:07Z","changeset":"189578347","name":"Avenue des Bourguignons","surface":"asphalt","maxspeed":"30","changes":[{"k":"sidewalk:both","old":null,"new":"yes"}]}},{"type":"Feature","geometry":{"type":"LineString","coordinates":[[5.36856,43.88796],[5.36849,43.88802],[5.3684,43.88809],[5.36835,43.88819]]},"properties":{"action":"modify","state":"new","osm_type":"way","osm_id":"155016126","highway":"unclassified","axis":"local","version":"8","user":"cOSMografix","timestamp":"2026-09-26T09:26:06Z","changeset":"189578345","surface":"asphalt","changes":[{"k":"cycleway:right","old":null,"new":"no"}]}},{"type":"Feature","geometry":{"type":"LineString","coordinates":[[4.97045,43.95724],[4.97033,43.95737],[4.96976,43.95803],[4.96893,43.95898],[4.96858,43.95938],[4.96808,43.95995],[4.96771,43.96038],[4.96739,43.96074],[4.96675,43.96147],[4.96658,43.96167],[4.96591,43.96244],[4.965,43.96349],[4.96418,43.96442],[4.96376,43.96493],[4.96365,43.96505]]},"properties":{"action":"modify","state":"new","osm_type":"way","osm_id":"155088828","highway":"tertiary","axis":"secondary","version":"15","user":"JLZIMMERMANN","timestamp":"2026-09-23T14:11:43Z","changeset":"189452082","name":"Route de Saint-Saturnin","ref":"D 98","surface":"asphalt","changes":[{"k":"oneway","old":null,"new":"no"}]}},{"type":"Feature","geometry":{"type":"LineString","coordinates":[[4.96346,43.96528],[4.96351,43.96523],[4.96376,43.96493],[4.96418,43.96442],[4.965,43.96349],[4.96591,43.96244],[4.96658,43.96167],[4.96675,43.96147],[4.96739,43.96074],[4.96771,43.96038],[4.96808,43.95995],[4.96858,43.95938],[4.96893,43.95898],[4.96976,43.95803],[4.97033,43.95737],[4.97045,43.95724]]},"properties":{"state":"old","osm_id":"155088828","axis":"secondary"}},{"type":"Feature","geometry":{"type":"LineString","coordinates":[[4.98554,43.97078],[4.98563,43.97083]]},"properties":{"action":"modify","state":"new","osm_type":"way","osm_id":"156785406","highway":"secondary","axis":"secondary","version":"9","user":"JLZIMMERMANN","timestamp":"2026-09-23T14:11:43Z","changeset":"189452082","ref":"D 28","surface":"asphalt","changes":[{"k":"operator","old":"CG84","new":"CD84"}]}},{"type":"Feature","geometry":{"type":"LineString","coordinates":[[4.98553,43.97077],[4.98564,43.97083]]},"properties":{"state":"old","osm_id":"156785406","axis":"secondary"}},{"type":"Feature","geometry":{"type":"LineString","coordinates":[[4.98563,43.97083],[4.98579,43.97091],[4.98589,43.97097],[4.98604,43.97105],[4.98646,43.97127],[4.98669,43.97137]]},"properties":{"action":"modify","state":"new","osm_type":"way","osm_id":"156785407","highway":"secondary","axis":"secondary","version":"16","user":"JLZIMMERMANN","timestamp":"2026-09-23T14:11:43Z","changeset":"189452082","name":"Route d'Avignon","ref":"D 28","surface":"asphalt","changes":[{"k":"operator","old":"CG84","new":"CD84"}]}},{"type":"Feature","geometry":{"type":"LineString","coordinates":[[4.98564,43.97083],[4.98579,43.97091],[4.98589,43.97097],[4.98604,43.97105],[4.98646,43.97127],[4.98669,43.97137]]},"properties":{"state":"old","osm_id":"156785407","axis":"secondary"}},{"type":"Feature","geometry":{"type":"LineString","coordinates":[[4.9784,43.96757],[4.97868,43.96767]]},"properties":{"action":"modify","state":"new","osm_type":"way","osm_id":"156786801","highway":"secondary","axis":"secondary","version":"11","user":"JLZIMMERMANN","timestamp":"2026-09-23T14:11:43Z","changeset":"189452082","ref":"D 28","surface":"asphalt","maxspeed":"80","changes":[{"k":"operator","old":null,"new":"CD84"}]}},{"type":"Feature","geometry":{"type":"LineString","coordinates":[[4.97868,43.96767],[4.97912,43.96783],[4.97945,43.96795],[4.97964,43.96801],[4.97981,43.96806]]},"properties":{"action":"modify","state":"new","osm_type":"way","osm_id":"156786807","highway":"secondary","axis":"secondary","version":"9","user":"JLZIMMERMANN","timestamp":"2026-09-23T14:11:43Z","changeset":"189452082","ref":"D 28","surface":"asphalt","changes":[{"k":"operator","old":null,"new":"CD84"}]}},{"type":"Feature","geometry":{"type":"LineString","coordinates":[[4.94044,43.95969],[4.94064,43.95975]]},"properties":{"action":"modify","state":"new","osm_type":"way","osm_id":"156800322","highway":"secondary","axis":"secondary","version":"11","user":"JLZIMMERMANN","timestamp":"2026-09-23T14:11:43Z","changeset":"189452082","name":"Route de Pernes","surface":"asphalt","maxspeed":"30","changes":[{"k":"ref","old":"D 28","new":null},{"k":"was:ref","old":null,"new":"D 28"}]}},{"type":"Feature","geometry":{"type":"LineString","coordinates":[[4.94373,43.96061],[4.94401,43.96072],[4.94514,43.96117],[4.9472,43.96196],[4.94751,43.96207],[4.94778,43.96218],[4.94786,43.96221]]},"properties":{"action":"modify","state":"new","osm_type":"way","osm_id":"156800323","highway":"secondary","axis":"secondary","version":"16","user":"JLZIMMERMANN","timestamp":"2026-09-23T14:11:43Z","changeset":"189452082","name":"Route de Pernes","surface":"asphalt","maxspeed":"70","changes":[{"k":"ref","old":"D 28","new":null},{"k":"was:ref","old":null,"new":"D 28"}]}},{"type":"Feature","geometry":{"type":"LineString","coordinates":[[4.90709,43.95385],[4.90623,43.9539]]},"properties":{"action":"modify","state":"new","osm_type":"way","osm_id":"156800739","highway":"secondary","axis":"secondary","version":"8","user":"JLZIMMERMANN","timestamp":"2026-09-23T14:11:43Z","changeset":"189452082","name":"Route de Saint-Saturnin","ref":"D 28","surface":"asphalt","changes":[{"k":"operator","old":null,"new":"CD84"}]}},{"type":"Feature","geometry":{"type":"LineString","coordinates":[[4.90623,43.9539],[4.90387,43.95402]]},"properties":{"action":"modify","state":"new","osm_type":"way","osm_id":"156800740","highway":"secondary","axis":"secondary","version":"10","user":"JLZIMMERMANN","timestamp":"2026-09-23T14:11:43Z","changeset":"189452082","name":"Route de Saint-Saturnin","ref":"D 28","surface":"asphalt","changes":[{"k":"operator","old":null,"new":"CD84"}]}},{"type":"Feature","geometry":{"type":"LineString","coordinates":[[4.96097,43.97143],[4.96116,43.97061],[4.96189,43.96769],[4.96202,43.96741],[4.96286,43.96613],[4.96307,43.96581],[4.96329,43.9655]]},"properties":{"action":"modify","state":"new","osm_type":"way","osm_id":"159231886","highway":"unclassified","axis":"local","version":"7","user":"JLZIMMERMANN","timestamp":"2026-09-23T14:11:43Z","changeset":"189452082","surface":"asphalt"}},{"type":"Feature","geometry":{"type":"LineString","coordinates":[[4.96097,43.97143],[4.96116,43.97061],[4.96189,43.96769],[4.96202,43.96741],[4.96286,43.96613],[4.96307,43.96581],[4.96341,43.96533],[4.96346,43.96528]]},"properties":{"state":"old","osm_id":"159231886","axis":"local"}},{"type":"Feature","geometry":{"type":"LineString","coordinates":[[4.8788,43.91438],[4.87888,43.91435],[4.879,43.91405],[4.87908,43.91373],[4.87918,43.91374],[4.87923,43.91374],[4.87981,43.91377],[4.87982,43.91368],[4.87983,43.91363],[4.87925,43.9136],[4.87923,43.91374]]},"properties":{"action":"modify","state":"new","osm_type":"way","osm_id":"159252154","highway":"service","axis":"local","version":"4","user":"Adwiladan","timestamp":"2026-09-29T08:24:07Z","changeset":"189714835"}},{"type":"Feature","geometry":{"type":"LineString","coordinates":[[4.8788,43.91438],[4.87888,43.91435],[4.879,43.91405],[4.87908,43.91373],[4.87918,43.91374],[4.87923,43.91374],[4.87981,43.91377],[4.87983,43.91363],[4.87925,43.9136],[4.87923,43.91374]]},"properties":{"state":"old","osm_id":"159252154","axis":"local"}},{"type":"Feature","geometry":{"type":"LineString","coordinates":[[4.75001,44.28197],[4.75024,44.28191],[4.75048,44.28184],[4.75052,44.28183],[4.75056,44.28183],[4.7506,44.28183]]},"properties":{"action":"modify","state":"new","osm_type":"way","osm_id":"160938986","highway":"secondary","axis":"secondary","version":"7","user":"JLZIMMERMANN","timestamp":"2026-09-24T14:06:23Z","changeset":"189500604","name":"Cours de la R\u00e9publique","surface":"asphalt","changes":[{"k":"ref","old":"D 26","new":null},{"k":"was:ref","old":null,"new":"D 26"}]}},{"type":"Feature","geometry":{"type":"LineString","coordinates":[[4.7426,44.26943],[4.74254,44.26933],[4.74202,44.2684],[4.74185,44.26808],[4.74169,44.26776],[4.74157,44.26745],[4.74145,44.26715],[4.74138,44.26694],[4.74133,44.26674],[4.7413,44.26664],[4.74127,44.26652],[4.74124,44.26635],[4.74121,44.26619],[4.74116,44.26591],[4.74112,44.26561],[4.74111,44.26546],[4.7411,44.26536],[4.7411,44.26521],[4.74109,44.26501],[4.7411,44.26491],[4.74111,44.26464],[4.74114,44.26428],[4.74115,44.26419],[4.74125,44.26364],[4.74129,44.26344],[4.74132,44.26327]]},"properties":{"action":"modify","state":"new","osm_type":"way","osm_id":"160939013","highway":"secondary","axis":"secondary","version":"16","user":"JLZIMMERMANN","timestamp":"2026-09-24T14:06:23Z","changeset":"189500604","name":"Route de Mondragon","ref":"D 26","surface":"asphalt","changes":[{"k":"operator","old":null,"new":"CD84"},{"k":"surface","old":null,"new":"asphalt"}]}},{"type":"Feature","geometry":{"type":"LineString","coordinates":[[4.71625,44.24235],[4.71611,44.2421]]},"properties":{"action":"modify","state":"new","osm_type":"way","osm_id":"161028009","highway":"secondary","axis":"secondary","version":"7","user":"JLZIMMERMANN","timestamp":"2026-09-24T14:06:23Z","changeset":"189500604","ref":"D 26","surface":"asphalt","changes":[{"k":"operator","old":null,"new":"CD84"}]}},{"type":"Feature","geometry":{"type":"LineString","coordinates":[[4.71402,44.24023],[4.71389,44.24011],[4.71377,44.24],[4.71372,44.23996],[4.71345,44.23972],[4.71328,44.23955],[4.71319,44.23943]]},"properties":{"action":"modify","state":"new","osm_type":"way","osm_id":"161028012","highway":"secondary","axis":"secondary","version":"13","user":"JLZIMMERMANN","timestamp":"2026-09-24T14:06:23Z","changeset":"189500604","name":"Boulevard S\u00e9raphin Perrot","ref":"D 26","surface":"asphalt","changes":[{"k":"operator","old":null,"new":"CD84"}]}},{"type":"Feature","geometry":{"type":"LineString","coordinates":[[4.71402,44.24023],[4.71389,44.24011],[4.71377,44.24],[4.71345,44.23972],[4.71328,44.23955],[4.71318,44.23943],[4.71311,44.23933],[4.71306,44.23926],[4.71301,44.23919],[4.71294,44.23909],[4.71286,44.23894],[4.7128,44.23884],[4.71275,44.23873]]},"properties":{"state":"old","osm_id":"161028012","axis":"secondary"}},{"type":"Feature","geometry":{"type":"LineString","coordinates":[[4.87957,44.00319],[4.87948,44.00317],[4.87932,44.00312],[4.87921,44.00308]]},"properties":{"action":"modify","state":"new","osm_type":"way","osm_id":"161045024","highway":"secondary","axis":"secondary","version":"18","user":"JLZIMMERMANN","timestamp":"2026-09-23T07:18:35Z","changeset":"189433706","name":"Boulevard Salvador Allende","surface":"asphalt","changes":[{"k":"ref","old":"D 226","new":null},{"k":"was:ref","old":null,"new":"D 226"}]}},{"type":"Feature","geometry":{"type":"LineString","coordinates":[[4.73389,44.25442],[4.733,44.2537],[4.7328,44.25352],[4.73265,44.25335],[4.73252,44.25317],[4.73228,44.25273],[4.73215,44.2525],[4.73197,44.25217],[4.73194,44.25212],[4.73172,44.25172],[4.73166,44.2516],[4.73161,44.25146],[4.73156,44.25118],[4.73151,44.2509],[4.7315,44.25074],[4.73144,44.25012],[4.73135,44.24944],[4.73132,44.24923],[4.7313,44.24911],[4.73128,44.24902],[4.73127,44.24895],[4.73124,44.24886],[4.73118,44.24868],[4.73109,44.24848],[4.73097,44.24824],[4.73085,44.24803],[4.73074,44.24785],[4.73061,44.24767],[4.73042,44.24745],[4.73023,44.24724],[4.73005,44.24707],[4.72985,44.24689],[4.72968,44.24675],[4.72946,44.24659],[4.72919,44.24642],[4.72836,44.24592],[4.72706,44.24515],[4.72686,44.24503],[4.72656,44.24487],[4.72631,44.24474],[4.72598,44.24462],[4.72563,44.2445],[4.72511,44.24434],[4.72459,44.24421],[4.72411,44.24412],[4.72347,44.24402],[4.72132,44.24368],[4.71954,44.24341],[4.71893,44.24331],[4.7186,44.24323],[4.71824,44.24313],[4.71795,44.24303],[4.7177,44.24294],[4.71737,44.2428],[4.71713,44.24268],[4.71703,44.24262]]},"properties":{"action":"modify","state":"new","osm_type":"way","osm_id":"162843527","highway":"secondary","axis":"secondary","version":"21","user":"JLZIMMERMANN","timestamp":"2026-09-24T14:06:23Z","changeset":"189500604","name":"Route de Boll\u00e8ne","ref":"D 26","surface":"asphalt","changes":[{"k":"operator","old":null,"new":"CD84"}]}},{"type":"Feature","geometry":{"type":"LineString","coordinates":[[4.8845,44.01396],[4.88497,44.01342],[4.88523,44.01313],[4.88602,44.01222],[4.8862,44.01202],[4.88642,44.01176],[4.88668,44.01145],[4.88682,44.01129],[4.88706,44.01101],[4.88716,44.01088],[4.88718,44.01086],[4.88723,44.0108],[4.88739,44.01063],[4.88752,44.01045],[4.88763,44.01022],[4.88769,44.00999],[4.88771,44.00988],[4.88772,44.00977]]},"properties":{"action":"modify","state":"new","osm_type":"way","osm_id":"162848093","highway":"secondary","axis":"secondary","version":"20","user":"JLZIMMERMANN","timestamp":"2026-09-23T07:18:35Z","changeset":"189433706","name":"Boulevard Salvador Allende","maxspeed":"50","changes":[{"k":"ref","old":"D 226","new":null},{"k":"was:ref","old":null,"new":"D 226"}]}},{"type":"Feature","geometry":{"type":"LineString","coordinates":[[4.87822,44.00269],[4.8784,44.00276],[4.87853,44.00281],[4.87876,44.00291],[4.87885,44.00294],[4.87904,44.00301],[4.87921,44.00308]]},"properties":{"action":"modify","state":"new","osm_type":"way","osm_id":"162848098","highway":"secondary","axis":"secondary","version":"18","user":"JLZIMMERMANN","timestamp":"2026-09-23T07:18:35Z","changeset":"189433706","name":"Boulevard Salvador Allende","surface":"asphalt","changes":[{"k":"ref","old":"D 226","new":null},{"k":"was:ref","old":null,"new":"D 226"}]}},{"type":"Feature","geometry":{"type":"LineString","coordinates":[[4.87921,44.00308],[4.87902,44.00304],[4.87892,44.00302],[4.87883,44.00299],[4.87873,44.00296],[4.8786,44.0029]]},"properties":{"action":"modify","state":"new","osm_type":"way","osm_id":"162848105","highway":"secondary","axis":"secondary","version":"18","user":"JLZIMMERMANN","timestamp":"2026-09-23T07:18:35Z","changeset":"189433706","name":"Boulevard Salvador Allende","surface":"asphalt","changes":[{"k":"ref","old":"D 226","new":null},{"k":"was:ref","old":null,"new":"D 226"}]}},{"type":"Feature","geometry":{"type":"LineString","coordinates":[[4.87822,44.00269],[4.878,44.00257]]},"properties":{"action":"modify","state":"new","osm_type":"way","osm_id":"162848106","highway":"secondary","axis":"secondary","version":"13","user":"JLZIMMERMANN","timestamp":"2026-09-23T07:18:35Z","changeset":"189433706","name":"Boulevard Salvador Allende","surface":"asphalt","changes":[{"k":"ref","old":"D 226","new":null},{"k":"was:ref","old":null,"new":"D 226"}]}},{"type":"Feature","geometry":{"type":"LineString","coordinates":[[4.88765,44.00904],[4.88752,44.00808],[4.88742,44.00723],[4.88741,44.00715]]},"properties":{"action":"modify","state":"new","osm_type":"way","osm_id":"162853074","highway":"secondary","axis":"secondary","version":"16","user":"JLZIMMERMANN","timestamp":"2026-09-23T07:18:35Z","changeset":"189433706","name":"Boulevard Salvador Allende","surface":"asphalt","maxspeed":"50","changes":[{"k":"ref","old":"D 226","new":null},{"k":"was:ref","old":null,"new":"D 226"}]}},{"type":"Feature","geometry":{"type":"LineString","coordinates":[[4.88741,44.00715],[4.8873,44.00624]]},"properties":{"action":"modify","state":"new","osm_type":"way","osm_id":"162853098","highway":"secondary","axis":"secondary","version":"14","user":"JLZIMMERMANN","timestamp":"2026-09-23T07:18:35Z","changeset":"189433706","name":"Boulevard Salvador Allende","surface":"asphalt","maxspeed":"30","changes":[{"k":"ref","old":"D 226","new":null},{"k":"was:ref","old":null,"new":"D 226"}]}},{"type":"Feature","geometry":{"type":"LineString","coordinates":[[4.74472,44.27658],[4.74469,44.27648],[4.74464,44.27632],[4.74458,44.27606],[4.74452,44.27584],[4.74448,44.27568],[4.74445,44.27556]]},"properties":{"action":"modify","state":"new","osm_type":"way","osm_id":"162943225","highway":"secondary","axis":"secondary","version":"12","user":"JLZIMMERMANN","timestamp":"2026-09-24T14:06:23Z","changeset":"189500604","name":"Avenue Andr\u00e9 Rombeau","surface":"asphalt","changes":[{"k":"ref","old":"D 26","new":null},{"k":"was:ref","old":null,"new":"D 26"}]}},{"type":"Feature","geometry":{"type":"LineString","coordinates":[[4.7464,44.28058],[4.74629,44.28042]]},"properties":{"action":"modify","state":"new","osm_type":"way","osm_id":"162943230","highway":"secondary","axis":"secondary","version":"8","user":"JLZIMMERMANN","timestamp":"2026-09-24T14:06:23Z","changeset":"189500604","name":"Boulevard Gambetta","surface":"asphalt","changes":[{"k":"ref","old":"D 26","new":null},{"k":"was:ref","old":null,"new":"D 26"}]}},{"type":"Feature","geometry":{"type":"LineString","coordinates":[[4.74723,44.28196],[4.74721,44.28191],[4.74719,44.28188],[4.74715,44.28179],[4.74693,44.28131],[4.74689,44.28123],[4.74683,44.28112],[4.74679,44.28104],[4.74676,44.28099],[4.74672,44.28094],[4.74651,44.28074],[4.74648,44.28069],[4.74645,44.28065]]},"properties":{"action":"modify","state":"new","osm_type":"way","osm_id":"162943231","highway":"secondary","axis":"secondary","version":"9","user":"JLZIMMERMANN","timestamp":"2026-09-24T14:06:23Z","changeset":"189500604","name":"Avenue Pasteur","surface":"asphalt","changes":[{"k":"ref","old":"D 26","new":null},{"k":"was:ref","old":null,"new":"D 26"}]}},{"type":"Feature","geometry":{"type":"LineString","coordinates":[[5.04501,44.04921],[5.045,44.0493],[5.04502,44.04936],[5.04504,44.04941],[5.04551,44.05],[5.0457,44.05023]]},"properties":{"action":"modify","state":"new","osm_type":"way","osm_id":"164581091","highway":"tertiary","axis":"secondary","version":"20","user":"JLZIMMERMANN","timestamp":"2026-09-23T06:48:08Z","changeset":"189432684","name":"Avenue Wilson","surface":"asphalt","maxspeed":"30","changes":[{"k":"ref","old":"D 49","new":null},{"k":"was:ref","old":null,"new":"D 49"}]}},{"type":"Feature","geometry":{"type":"LineString","coordinates":[[5.04642,44.05112],[5.04633,44.05101],[5.04624,44.0509],[5.04586,44.05045],[5.04577,44.05033],[5.0457,44.05023]]},"properties":{"action":"modify","state":"new","osm_type":"way","osm_id":"164583231","highway":"tertiary","axis":"secondary","version":"13","user":"JLZIMMERMANN","timestamp":"2026-09-23T06:48:08Z","changeset":"189432684","name":"Avenue Wilson","surface":"asphalt","maxspeed":"30","changes":[{"k":"ref","old":"D 49","new":null},{"k":"was:ref","old":null,"new":"D 49"}]}},{"type":"Feature","geometry":{"type":"LineString","coordinates":[[5.04596,44.04373],[5.04598,44.04376],[5.046,44.0438],[5.046,44.04385],[5.04598,44.04403],[5.04597,44.04422]]},"properties":{"action":"modify","state":"new","osm_type":"way","osm_id":"164583233","highway":"tertiary","axis":"secondary","version":"6","user":"JLZIMMERMANN","timestamp":"2026-09-23T06:48:08Z","changeset":"189432684","name":"Boulevard Pasteur","changes":[{"k":"ref","old":"D 49","new":null},{"k":"was:ref","old":null,"new":"D 49"}]}},{"type":"Feature","geometry":{"type":"LineString","coordinates":[[5.04597,44.04422],[5.04598,44.04436],[5.04601,44.04447],[5.04605,44.04458],[5.0462,44.0449],[5.04624,44.04501],[5.04629,44.04514],[5.04633,44.04526],[5.04636,44.04542],[5.04636,44.04558],[5.04635,44.04565],[5.04633,44.04573]]},"properties":{"action":"modify","state":"new","osm_type":"way","osm_id":"164599750","highway":"tertiary","axis":"secondary","version":"15","user":"JLZIMMERMANN","timestamp":"2026-09-23T06:48:08Z","changeset":"189432684","name":"Boulevard Pasteur","surface":"asphalt","maxspeed":"30","changes":[{"k":"ref","old":"D 49","new":null},{"k":"was:ref","old":null,"new":"D 49"}]}},{"type":"Feature","geometry":{"type":"LineString","coordinates":[[5.38226,43.88196],[5.3819,43.88202],[5.38184,43.882],[5.38181,43.88193],[5.38151,43.88188],[5.38143,43.88183],[5.38136,43.88181],[5.38122,43.88183],[5.38107,43.88188],[5.381,43.88188]]},"properties":{"action":"modify","state":"new","osm_type":"way","osm_id":"167440190","highway":"service","axis":"local","version":"4","user":"Alexandre148025","timestamp":"2026-09-23T13:28:32Z","changeset":"189449915","changes":[{"k":"service","old":"parking_aisle","new":"driveway"}]}},{"type":"Feature","geometry":{"type":"LineString","coordinates":[[5.38224,43.88196],[5.38205,43.88199],[5.38189,43.88199],[5.38178,43.88192],[5.38151,43.88188],[5.38143,43.88183],[5.38129,43.88181],[5.38122,43.88183],[5.38107,43.88188],[5.381,43.88188]]},"properties":{"state":"old","osm_id":"167440190","axis":"local"}},{"type":"Feature","geometry":{"type":"LineString","coordinates":[[5.38232,43.88211],[5.38196,43.88224],[5.38205,43.88235],[5.38238,43.88223]]},"properties":{"action":"modify","state":"new","osm_type":"way","osm_id":"167440198","highway":"service","axis":"local","version":"3","user":"Alexandre148025","timestamp":"2026-09-23T13:28:32Z","changeset":"189449915","changes":[{"k":"access","old":null,"new":"private"},{"k":"noname","old":null,"new":"yes"},{"k":"service","old":"parking_aisle","new":"driveway"}]}},{"type":"Feature","geometry":{"type":"LineString","coordinates":[[5.38233,43.88211],[5.38209,43.88218],[5.38191,43.8822]]},"properties":{"state":"old","osm_id":"167440198","axis":"local"}},{"type":"Feature","geometry":{"type":"LineString","coordinates":[[5.3824,43.88224],[5.38223,43.88229],[5.38205,43.88236],[5.38199,43.88228]]},"properties":{"action":"delete","state":"new","osm_type":"way","osm_id":"167440203","highway":"service","axis":"local","version":"3","user":"Alexandre148025","timestamp":"2026-09-23T13:28:32Z","changeset":"189449915","changes":[{"k":"access","old":"private","new":null},{"k":"highway","old":"service","new":null},{"k":"noname","old":"yes","new":null},{"k":"source","old":"Bing","new":null}]}},{"type":"Feature","geometry":{"type":"LineString","coordinates":[[5.38247,43.88234],[5.38244,43.88231],[5.38238,43.88223],[5.38232,43.88211],[5.38226,43.88196],[5.38246,43.88192],[5.38266,43.88188],[5.38285,43.88184],[5.38293,43.88203],[5.38297,43.88207]]},"properties":{"action":"modify","state":"new","osm_type":"way","osm_id":"167440205","highway":"service","axis":"local","version":"6","user":"Alexandre148025","timestamp":"2026-09-23T13:28:32Z","changeset":"189449915","surface":"asphalt","moved_metres":2.2,"moved_only":true,"via_node":true}},{"type":"Feature","geometry":{"type":"LineString","coordinates":[[5.38247,43.88234],[5.38244,43.88231],[5.3824,43.88224],[5.38233,43.88211],[5.38224,43.88196],[5.38246,43.88192],[5.38266,43.88188],[5.38285,43.88184],[5.38293,43.88203],[5.38297,43.88207]]},"properties":{"state":"old","osm_id":"167440205","axis":"local"}},{"type":"Feature","geometry":{"type":"LineString","coordinates":[[5.54272,43.92317],[5.54281,43.92318],[5.54297,43.92327],[5.5431,43.92329],[5.54325,43.92326],[5.54343,43.92325],[5.54366,43.92321]]},"properties":{"action":"modify","state":"new","osm_type":"way","osm_id":"168485126","highway":"track","axis":"path","version":"1","user":"JLZIMMERMANN","timestamp":"2026-09-23T21:17:58Z","changeset":"189469677","moved_metres":2.8,"moved_only":true,"via_node":true}},{"type":"Feature","geometry":{"type":"LineString","coordinates":[[5.54271,43.9232],[5.54281,43.92318],[5.54297,43.92327],[5.5431,43.92329],[5.54325,43.92326],[5.54343,43.92325],[5.54366,43.92321]]},"properties":{"state":"old","osm_id":"168485126","axis":"path"}},{"type":"Feature","geometry":{"type":"LineString","coordinates":[[5.529,43.91999],[5.52895,43.91997],[5.52889,43.91986],[5.52881,43.91974],[5.52877,43.91973],[5.52867,43.91973],[5.5286,43.91975],[5.52857,43.91977],[5.52856,43.91981],[5.52857,43.91986],[5.52856,43.91987],[5.52854,43.91989],[5.52847,43.91989],[5.52838,43.91989],[5.52833,43.91988],[5.52823,43.91984],[5.52817,43.91983],[5.52812,43.91979],[5.52807,43.91972]]},"properties":{"action":"modify","state":"new","osm_type":"way","osm_id":"168487272","highway":"residential","axis":"local","version":"4","user":"JLZIMMERMANN","timestamp":"2026-09-23T21:17:58Z","changeset":"189469677","moved_metres":1.2,"moved_only":true,"via_node":true}},{"type":"Feature","geometry":{"type":"LineString","coordinates":[[5.529,43.91998],[5.52896,43.91997],[5.52889,43.91986],[5.52881,43.91974],[5.52877,43.91973],[5.52867,43.91973],[5.5286,43.91975],[5.52857,43.91977],[5.52856,43.91981],[5.52857,43.91986],[5.52856,43.91987],[5.52854,43.91989],[5.52847,43.91989],[5.52838,43.91989],[5.52833,43.91988],[5.52823,43.91984],[5.52817,43.91983],[5.52812,43.91979],[5.52807,43.91972]]},"properties":{"state":"old","osm_id":"168487272","axis":"local"}},{"type":"Feature","geometry":{"type":"LineString","coordinates":[[5.3987,43.92514],[5.39868,43.9252],[5.39868,43.92523],[5.39879,43.92581],[5.39889,43.92656],[5.3989,43.92666],[5.39893,43.92696],[5.39894,43.92731],[5.39891,43.92766],[5.39892,43.92781],[5.39894,43.92796],[5.39893,43.92821],[5.39893,43.92827],[5.39895,43.92831]]},"properties":{"action":"modify","state":"new","osm_type":"way","osm_id":"168567848","highway":"service","axis":"local","version":"6","user":"cOSMografix","timestamp":"2026-09-27T21:10:39Z","changeset":"189650351","name":"Chemin de la Tartelle","surface":"gravel","changes":[{"k":"lit","old":null,"new":"no"}]}},{"type":"Feature","geometry":{"type":"LineString","coordinates":[[5.39722,43.87882],[5.39762,43.8788],[5.39816,43.8788],[5.3986,43.87879],[5.39892,43.87875],[5.39916,43.87875],[5.39949,43.87877]]},"properties":{"action":"modify","state":"new","osm_type":"way","osm_id":"168678474","highway":"residential","axis":"local","version":"5","user":"Alexandre148025","timestamp":"2026-09-23T13:28:32Z","changeset":"189449915","name":"Chemin Fran\u00e7ois Marini"}},{"type":"Feature","geometry":{"type":"LineString","coordinates":[[5.39562,43.87887],[5.39596,43.87899],[5.39639,43.87898],[5.397,43.87885],[5.39769,43.87878],[5.3986,43.87879],[5.39911,43.87874],[5.39949,43.87877]]},"properties":{"state":"old","osm_id":"168678474","axis":"local"}},{"type":"Feature","geometry":{"type":"LineString","coordinates":[[5.39583,43.88137],[5.39592,43.88125],[5.39624,43.8802],[5.39621,43.88014],[5.39599,43.87966],[5.39587,43.87953],[5.39572,43.87942],[5.39552,43.87931],[5.39542,43.87924],[5.39534,43.87912],[5.3953,43.87901],[5.3953,43.87898],[5.39532,43.87894],[5.39539,43.87891],[5.39562,43.87888]]},"properties":{"action":"modify","state":"new","osm_type":"way","osm_id":"168678477","highway":"residential","axis":"local","version":"7","user":"Alexandre148025","timestamp":"2026-09-23T13:28:32Z","changeset":"189449915","moved_metres":3.3,"moved_only":true,"via_node":true}},{"type":"Feature","geometry":{"type":"LineString","coordinates":[[5.39583,43.88137],[5.39592,43.88125],[5.39625,43.88019],[5.39622,43.88012],[5.39599,43.87966],[5.39587,43.87953],[5.39572,43.87942],[5.39552,43.87931],[5.39542,43.87924],[5.39534,43.87912],[5.3953,43.87901],[5.3953,43.87898],[5.39531,43.87896],[5.39536,43.87893],[5.39562,43.87887]]},"properties":{"state":"old","osm_id":"168678477","axis":"local"}},{"type":"Feature","geometry":{"type":"LineString","coordinates":[[5.39532,43.87894],[5.39525,43.8789],[5.39517,43.87889],[5.39501,43.87891],[5.39483,43.87897],[5.39475,43.87904],[5.3947,43.87912],[5.39465,43.87924],[5.39462,43.87926],[5.39457,43.87926],[5.39453,43.87925],[5.39448,43.8792],[5.39437,43.87905],[5.39429,43.87883],[5.39426,43.87858],[5.39422,43.87846]]},"properties":{"action":"modify","state":"new","osm_type":"way","osm_id":"168678488","highway":"residential","axis":"local","version":"7","user":"Alexandre148025","timestamp":"2026-09-23T13:28:32Z","changeset":"189449915","name":"Chemin de l'Oratoire"}},{"type":"Feature","geometry":{"type":"LineString","coordinates":[[5.39531,43.87896],[5.39525,43.8789],[5.39517,43.87889],[5.39501,43.87891],[5.39483,43.87897],[5.39475,43.87904],[5.3947,43.87912],[5.39465,43.87924],[5.39462,43.87926],[5.39457,43.87926],[5.39453,43.87925],[5.39448,43.8792],[5.39437,43.87905],[5.39427,43.87881],[5.39423,43.8785]]},"properties":{"state":"old","osm_id":"168678488","axis":"local"}},{"type":"Feature","geometry":{"type":"LineString","coordinates":[[5.39413,43.87781],[5.39422,43.87846]]},"properties":{"action":"modify","state":"new","osm_type":"way","osm_id":"169241089","highway":"residential","axis":"local","version":"3","user":"Alexandre148025","timestamp":"2026-09-23T13:28:32Z","changeset":"189449915","name":"Chemin de l'Oratoire","moved_metres":3.7,"moved_only":true,"via_node":true}},{"type":"Feature","geometry":{"type":"LineString","coordinates":[[5.39413,43.87781],[5.39423,43.8785]]},"properties":{"state":"old","osm_id":"169241089","axis":"local"}},{"type":"Feature","geometry":{"type":"LineString","coordinates":[[5.39361,43.87768],[5.39367,43.87778],[5.39369,43.87788],[5.39368,43.87799],[5.39363,43.87815],[5.39358,43.87831]]},"properties":{"action":"modify","state":"new","osm_type":"way","osm_id":"169241092","highway":"service","axis":"local","version":"4","user":"Alexandre148025","timestamp":"2026-09-23T13:28:32Z","changeset":"189449915","name":"Impasse du Ballet","changes":[{"k":"highway","old":"residential","new":"service"},{"k":"service","old":null,"new":"alley"}]}},{"type":"Feature","geometry":{"type":"LineString","coordinates":[[5.39361,43.87768],[5.39367,43.87778],[5.39369,43.87788],[5.39368,43.87799],[5.39363,43.87815],[5.39356,43.87835]]},"properties":{"state":"old","osm_id":"169241092","axis":"local"}},{"type":"Feature","geometry":{"type":"LineString","coordinates":[[5.39422,43.87846],[5.39418,43.87849],[5.39411,43.87851],[5.39361,43.87855],[5.39355,43.87854],[5.39352,43.87853],[5.3935,43.8785],[5.39348,43.87846]]},"properties":{"action":"modify","state":"new","osm_type":"way","osm_id":"169241098","highway":"residential","axis":"local","version":"4","user":"Alexandre148025","timestamp":"2026-09-23T13:28:32Z","changeset":"189449915"}},{"type":"Feature","geometry":{"type":"LineString","coordinates":[[5.39423,43.8785],[5.39361,43.87855],[5.39355,43.87854],[5.39352,43.87853],[5.3935,43.8785],[5.39348,43.87846]]},"properties":{"state":"old","osm_id":"169241098","axis":"local"}},{"type":"Feature","geometry":{"type":"LineString","coordinates":[[5.36114,43.76629],[5.36113,43.76624],[5.36113,43.76619],[5.36116,43.76615],[5.36123,43.76604],[5.36131,43.76592],[5.36151,43.76578],[5.36233,43.76542],[5.36267,43.76525],[5.36268,43.76523],[5.36269,43.76521]]},"properties":{"action":"modify","state":"new","osm_type":"way","osm_id":"170222023","highway":"tertiary","axis":"secondary","version":"11","user":"JLZIMMERMANN","timestamp":"2026-09-25T08:15:10Z","changeset":"189531801","name":"Avenue Philippe de Girard","surface":"asphalt","maxspeed":"30","changes":[{"k":"ref","old":"D 139","new":null},{"k":"was:ref","old":null,"new":"D 139"}]}},{"type":"Feature","geometry":{"type":"LineString","coordinates":[[5.36124,43.76648],[5.36118,43.7664],[5.36115,43.76635],[5.36114,43.76629]]},"properties":{"action":"modify","state":"new","osm_type":"way","osm_id":"170222025","highway":"tertiary","axis":"secondary","version":"12","user":"JLZIMMERMANN","timestamp":"2026-09-25T08:15:10Z","changeset":"189531801","name":"Avenue Philippe de Girard","surface":"asphalt","changes":[{"k":"was:ref","old":null,"new":"D 139"}]}},{"type":"Feature","geometry":{"type":"LineString","coordinates":[[5.36114,43.76629],[5.36119,43.76631],[5.3613,43.76637],[5.36135,43.76639],[5.36139,43.7664]]},"properties":{"action":"modify","state":"new","osm_type":"way","osm_id":"170222026","highway":"tertiary","axis":"secondary","version":"12","user":"JLZIMMERMANN","timestamp":"2026-09-25T08:15:10Z","changeset":"189531801","name":"Avenue Philippe de Girard","surface":"asphalt","changes":[{"k":"was:ref","old":null,"new":"D 139"}]}},{"type":"Feature","geometry":{"type":"LineString","coordinates":[[5.3905,43.92449],[5.39049,43.92444],[5.39048,43.92433],[5.39039,43.92372],[5.39026,43.92271],[5.39021,43.9223],[5.3902,43.92217],[5.39012,43.92172],[5.39006,43.92103],[5.38995,43.92006],[5.38985,43.91924],[5.38981,43.91889],[5.38977,43.91857],[5.38964,43.91754],[5.38961,43.91728],[5.38961,43.91726],[5.38946,43.91625],[5.38944,43.91599],[5.38946,43.91592],[5.38956,43.91586],[5.38995,43.9157],[5.38996,43.91568],[5.38995,43.91565],[5.38962,43.91523]]},"properties":{"action":"modify","state":"new","osm_type":"way","osm_id":"171384304","highway":"track","axis":"path","version":"8","user":"cOSMografix","timestamp":"2026-09-27T21:10:23Z","changeset":"189650351","changes":[{"k":"lit","old":null,"new":"no"}]}},{"type":"Feature","geometry":{"type":"LineString","coordinates":[[5.39559,43.92291],[5.39561,43.92298],[5.39567,43.92303],[5.39586,43.92313],[5.39608,43.92322],[5.39617,43.92328],[5.39623,43.92335],[5.39628,43.92343]]},"properties":{"action":"modify","state":"new","osm_type":"way","osm_id":"171384317","highway":"track","axis":"path","version":"4","user":"cOSMografix","timestamp":"2026-09-27T21:10:33Z","changeset":"189650351","name":"Chemin des Joumillons","changes":[{"k":"lit","old":null,"new":"no"}]}},{"type":"Feature","geometry":{"type":"LineString","coordinates":[[4.99396,44.03859],[4.994,44.03856],[4.99404,44.03853],[4.9941,44.03848],[4.9942,44.03842],[4.99432,44.03836],[4.99451,44.03829],[4.99468,44.03823],[4.9949,44.03813],[4.99501,44.03808],[4.99511,44.03803],[4.99523,44.03795],[4.99541,44.03784],[4.99546,44.0378],[4.99554,44.03773],[4.99556,44.03771],[4.99565,44.03763],[4.99571,44.03756]]},"properties":{"action":"modify","state":"new","osm_type":"way","osm_id":"171598731","highway":"secondary","axis":"secondary","version":"19","user":"enzo_immergis","timestamp":"2026-09-28T16:22:07Z","changeset":"189687837","name":"Boulevard de Sarrians","surface":"asphalt","maxspeed":"50","changes":[{"k":"cycleway:both","old":null,"new":"no"}]}},{"type":"Feature","geometry":{"type":"LineString","coordinates":[[5.11271,43.99955],[5.11277,43.99941],[5.11297,43.99891],[5.1131,43.99852],[5.11323,43.99796],[5.1133,43.99768],[5.11333,43.99752],[5.11334,43.99732],[5.11334,43.99677],[5.11335,43.99658],[5.11339,43.99642],[5.11347,43.99618],[5.11363,43.99575],[5.11373,43.99556],[5.11382,43.99541],[5.11404,43.99518],[5.11418,43.99501],[5.11422,43.99497],[5.11426,43.99492],[5.1143,43.99484],[5.11439,43.99466],[5.11444,43.99454],[5.11446,43.99443],[5.11449,43.99429],[5.11451,43.99408],[5.11452,43.9938],[5.11454,43.99361],[5.11457,43.99348],[5.11459,43.9934],[5.11462,43.99332],[5.1147,43.99313],[5.11498,43.99251],[5.11502,43.99237],[5.11503,43.99223],[5.11504,43.99208],[5.11503,43.99201],[5.11502,43.99185],[5.11502,43.99172],[5.11502,43.99164],[5.11505,43.99144],[5.11518,43.99103],[5.11529,43.99067],[5.11536,43.99048],[5.11557,43.98996],[5.11569,43.98973],[5.1158,43.98949],[5.11609,43.98885],[5.11613,43.98873],[5.11646,43.98779],[5.11655,43.98754],[5.1166,43.98742],[5.11669,43.98725],[5.11679,43.9871],[5.11697,43.98686],[5.11714,43.98666],[5.11729,43.98653],[5.11742,43.98643],[5.11792,43.98612],[5.11812,43.986],[5.11844,43.98581],[5.11873,43.98565],[5.11881,43.98558]]},"properties":{"action":"modify","state":"new","osm_type":"way","osm_id":"172415119","highway":"tertiary","axis":"secondary","version":"19","user":"JLZIMMERMANN","timestamp":"2026-09-29T12:36:17Z","changeset":"189725654","name":"Route de Saint-Didier","ref":"D 39","surface":"asphalt","changes":[{"k":"maxspeed","old":"90","new":null},{"k":"maxspeed:type","old":null,"new":"FR:rural"}]}},{"type":"Feature","geometry":{"type":"LineString","coordinates":[[5.11271,43.99955],[5.11277,43.99941],[5.11297,43.99891],[5.1131,43.99852],[5.11323,43.99796],[5.1133,43.99768],[5.11333,43.99752],[5.11334,43.99732],[5.11334,43.99677],[5.11335,43.99658],[5.11339,43.99642],[5.11347,43.99618],[5.11363,43.99575],[5.11373,43.99556],[5.11382,43.99541],[5.11404,43.99518],[5.11418,43.99501],[5.11422,43.99497],[5.11426,43.99492],[5.1143,43.99484],[5.11439,43.99466],[5.11444,43.99454],[5.11446,43.99443],[5.11449,43.99429],[5.11451,43.99408],[5.11452,43.9938],[5.11454,43.99361],[5.11457,43.99348],[5.11459,43.9934],[5.11462,43.99332],[5.1147,43.99313],[5.11498,43.99251],[5.11502,43.99237],[5.11503,43.99223],[5.11504,43.99208],[5.11503,43.99201],[5.11502,43.99185],[5.11502,43.99172],[5.11502,43.99164],[5.11505,43.99144],[5.11518,43.99103],[5.11529,43.99067],[5.11536,43.99048],[5.11557,43.98996],[5.11569,43.98973],[5.1158,43.98949],[5.11609,43.98885],[5.11613,43.98873],[5.11646,43.98779],[5.11655,43.98754],[5.1166,43.98742],[5.11669,43.98725],[5.11679,43.9871],[5.11698,43.98684],[5.11714,43.98666],[5.11729,43.98652],[5.11742,43.98643],[5.11792,43.98612],[5.11812,43.986],[5.11844,43.98581],[5.11873,43.98565],[5.11881,43.98558]]},"properties":{"state":"old","osm_id":"172415119","axis":"secondary"}},{"type":"Feature","geometry":{"type":"LineString","coordinates":[[5.33755,43.74967],[5.33762,43.74962],[5.33769,43.74957],[5.33782,43.74951],[5.33797,43.74945],[5.3382,43.74936],[5.33845,43.74922],[5.33873,43.74902],[5.33882,43.74897],[5.33892,43.74894],[5.33916,43.74896],[5.33937,43.749],[5.33949,43.74905],[5.34053,43.7492],[5.34156,43.74936]]},"properties":{"action":"modify","state":"new","osm_type":"way","osm_id":"173895712","highway":"track","axis":"path","version":"1","user":"JLZIMMERMANN","timestamp":"2026-09-25T08:38:38Z","changeset":"189532686","moved_metres":44.2,"moved_only":true,"via_node":true}},{"type":"Feature","geometry":{"type":"LineString","coordinates":[[5.3375,43.75007],[5.33749,43.74975],[5.33751,43.74969],[5.33756,43.74965],[5.33776,43.74954],[5.3382,43.74936],[5.33845,43.74922],[5.33873,43.74902],[5.33882,43.74897],[5.33892,43.74894],[5.33916,43.74896],[5.33937,43.749],[5.33949,43.74905],[5.34053,43.7492],[5.34156,43.74936]]},"properties":{"state":"old","osm_id":"173895712","axis":"path"}},{"type":"Feature","geometry":{"type":"Polygon","coordinates":[[[5.26246,44.18329],[5.26245,44.18332],[5.26243,44.18335],[5.2624,44.18337],[5.26236,44.18337],[5.26231,44.18337],[5.26227,44.18336],[5.26225,44.18334],[5.26223,44.18332],[5.26222,44.18329],[5.26223,44.18327],[5.26225,44.18324],[5.26229,44.18322],[5.26233,44.18321],[5.26238,44.18321],[5.26242,44.18323],[5.26244,44.18326],[5.26246,44.18329]]]},"properties":{"action":"modify","state":"new","osm_type":"way","osm_id":"174649403","highway":"tertiary","axis":"secondary","version":"3","user":"thepriben","timestamp":"2026-09-25T17:07:55Z","changeset":"189554877","surface":"asphalt"}},{"type":"Feature","geometry":{"type":"Polygon","coordinates":[[[5.26244,44.18325],[5.26245,44.18328],[5.26245,44.1833],[5.26244,44.18332],[5.26242,44.18334],[5.26239,44.18335],[5.26237,44.18336],[5.26234,44.18336],[5.26231,44.18335],[5.26228,44.18334],[5.26226,44.18333],[5.26225,44.18331],[5.26224,44.18329],[5.26225,44.18327],[5.26226,44.18324],[5.26228,44.18323],[5.26231,44.18322],[5.26234,44.18321],[5.26237,44.18321],[5.2624,44.18322],[5.26242,44.18324],[5.26244,44.18325]]]},"properties":{"state":"old","osm_id":"174649403","axis":"secondary"}},{"type":"Feature","geometry":{"type":"LineString","coordinates":[[4.99173,43.97292],[4.9917,43.97297],[4.99168,43.97302],[4.99156,43.97328],[4.99141,43.97366],[4.99116,43.9743],[4.99098,43.97475],[4.99087,43.97507],[4.99075,43.97535],[4.99057,43.97582],[4.99049,43.97599],[4.99042,43.97624],[4.99014,43.97692],[4.98996,43.97751],[4.98963,43.9786],[4.9895,43.97899],[4.98929,43.97973],[4.98895,43.98085],[4.98887,43.98114],[4.9888,43.98133],[4.98841,43.98247],[4.98837,43.98259],[4.98835,43.98266],[4.98832,43.98271],[4.98829,43.98275]]},"properties":{"action":"modify","state":"new","osm_type":"way","osm_id":"176244861","highway":"unclassified","axis":"local","version":"13","user":"JLZIMMERMANN","timestamp":"2026-09-23T16:14:30Z","changeset":"189457977","name":"Chemin des Aub\u00e9pines"}},{"type":"Feature","geometry":{"type":"LineString","coordinates":[[4.99173,43.97292],[4.99168,43.97302],[4.99156,43.97328],[4.99141,43.97366],[4.99116,43.9743],[4.99098,43.97475],[4.99087,43.97507],[4.99075,43.97535],[4.99057,43.97582],[4.99049,43.97599],[4.99042,43.97624],[4.99014,43.97692],[4.98996,43.97751],[4.98963,43.9786],[4.9895,43.97899],[4.98929,43.97973],[4.98895,43.98085],[4.98887,43.98114],[4.9888,43.98133],[4.98841,43.98247],[4.98837,43.98259],[4.98835,43.98266],[4.98832,43.98271],[4.98829,43.98275]]},"properties":{"state":"old","osm_id":"176244861","axis":"local"}},{"type":"Feature","geometry":{"type":"LineString","coordinates":[[4.98669,43.97137],[4.98691,43.97146]]},"properties":{"action":"modify","state":"new","osm_type":"way","osm_id":"177146079","highway":"secondary","axis":"secondary","version":"10","user":"JLZIMMERMANN","timestamp":"2026-09-23T16:14:30Z","changeset":"189457977","name":"Route d'Avignon","ref":"D 28","surface":"asphalt","changes":[{"k":"operator","old":"CG84","new":"CD84"}]}},{"type":"Feature","geometry":{"type":"LineString","coordinates":[[4.98691,43.97146],[4.98716,43.97157],[4.98744,43.97168],[4.98789,43.97184],[4.98794,43.97186],[4.98838,43.97201],[4.98886,43.97216],[4.98979,43.97241],[4.99011,43.97249],[4.99173,43.97292],[4.99229,43.97308],[4.99235,43.97309],[4.99364,43.97345],[4.99403,43.97359],[4.99407,43.9736],[4.99429,43.97369],[4.99454,43.97382],[4.99479,43.97396],[4.99501,43.9741],[4.99515,43.97419],[4.99534,43.97434]]},"properties":{"action":"modify","state":"new","osm_type":"way","osm_id":"177146080","highway":"secondary","axis":"secondary","version":"16","user":"JLZIMMERMANN","timestamp":"2026-09-23T16:14:30Z","changeset":"189457977","name":"Route d'Avignon","ref":"D 28","surface":"asphalt","changes":[{"k":"operator","old":"CG84","new":"CD84"}]}},{"type":"Feature","geometry":{"type":"LineString","coordinates":[[4.98691,43.97146],[4.98716,43.97157],[4.98744,43.97168],[4.98789,43.97184],[4.98794,43.97186],[4.98838,43.97201],[4.98886,43.97216],[4.98979,43.97241],[4.99011,43.97249],[4.99173,43.97292],[4.99229,43.97308],[4.99235,43.97309],[4.99364,43.97345],[4.99403,43.97359],[4.99407,43.9736],[4.99429,43.97369],[4.99454,43.97382],[4.99479,43.97396],[4.99501,43.9741],[4.99517,43.97421],[4.99534,43.97434]]},"properties":{"state":"old","osm_id":"177146080","axis":"secondary"}},{"type":"Feature","geometry":{"type":"LineString","coordinates":[[4.83507,43.93013],[4.83478,43.93011],[4.83471,43.93011],[4.83454,43.9301],[4.83411,43.93008],[4.83375,43.93008],[4.83321,43.93007],[4.833,43.93002],[4.8328,43.92979]]},"properties":{"action":"modify","state":"new","osm_type":"way","osm_id":"180807347","highway":"unclassified","axis":"local","version":"17","user":"GuyonT","timestamp":"2026-09-23T13:31:21Z","changeset":"189450067","name":"Rue Paul \u00c9luard","surface":"asphalt","changes":[{"k":"lane_markings","old":null,"new":"yes"},{"k":"lanes","old":null,"new":"2"}]}},{"type":"Feature","geometry":{"type":"LineString","coordinates":[[5.39335,43.94048],[5.39335,43.94052],[5.39334,43.94062],[5.3934,43.94078],[5.39346,43.94092],[5.39351,43.941],[5.39355,43.94116],[5.39354,43.94133],[5.39348,43.94156],[5.39346,43.94163],[5.39346,43.9417],[5.39349,43.94181],[5.39361,43.94211],[5.39371,43.9426],[5.3937,43.94271],[5.39368,43.94274],[5.39366,43.94277],[5.39356,43.94282],[5.39344,43.94285],[5.39332,43.94292],[5.39326,43.94297],[5.39322,43.94301],[5.39318,43.94308],[5.39299,43.94359],[5.39294,43.94372],[5.3929,43.94385],[5.39289,43.94397],[5.39287,43.94418],[5.39284,43.94426],[5.3928,43.94433],[5.39279,43.94435],[5.3927,43.94444],[5.39253,43.94457],[5.39228,43.94469],[5.39211,43.94476]]},"properties":{"action":"modify","state":"new","osm_type":"way","osm_id":"181082007","highway":"service","axis":"local","version":"13","user":"cOSMografix","timestamp":"2026-09-27T21:10:50Z","changeset":"189650351","name":"Chemin de Jacquet","surface":"gravel","changes":[{"k":"lit","old":null,"new":"no"}]}},{"type":"Feature","geometry":{"type":"LineString","coordinates":[[5.39425,43.93924],[5.39445,43.93938],[5.39467,43.93954],[5.39476,43.93961],[5.39484,43.93972],[5.39488,43.9398],[5.39489,43.93984],[5.3949,43.93989],[5.39483,43.94004],[5.39479,43.94018],[5.3948,43.94027],[5.39483,43.94032],[5.39486,43.94035],[5.39499,43.94049],[5.39502,43.94052],[5.39517,43.94065],[5.39519,43.94067],[5.39545,43.94089],[5.39573,43.94114],[5.3958,43.94119],[5.39585,43.94123],[5.3959,43.94127],[5.39596,43.9413],[5.39603,43.94128],[5.39614,43.94122],[5.39626,43.94117],[5.39635,43.94109],[5.39646,43.94101],[5.39654,43.94096]]},"properties":{"action":"modify","state":"new","osm_type":"way","osm_id":"181082010","highway":"service","axis":"local","version":"5","user":"cOSMografix","timestamp":"2026-09-27T21:10:49Z","changeset":"189650351","changes":[{"k":"lit","old":null,"new":"no"}]}},{"type":"Feature","geometry":{"type":"LineString","coordinates":[[5.39253,43.94661],[5.39258,43.94662],[5.39262,43.94665],[5.39266,43.94672],[5.39267,43.94681],[5.39266,43.94718],[5.39268,43.94727],[5.39275,43.9474],[5.39277,43.94754],[5.39277,43.94808]]},"properties":{"action":"modify","state":"new","osm_type":"way","osm_id":"181127014","highway":"service","axis":"local","version":"9","user":"cOSMografix","timestamp":"2026-09-27T21:10:54Z","changeset":"189650351","surface":"gravel","changes":[{"k":"lit","old":null,"new":"no"}]}},{"type":"Feature","geometry":{"type":"LineString","coordinates":[[5.39604,43.9376],[5.3961,43.93765],[5.39615,43.93771],[5.3962,43.93779],[5.39623,43.93787],[5.39625,43.93793],[5.39633,43.93814],[5.39635,43.93821],[5.39636,43.93825],[5.39637,43.93834],[5.39638,43.93835],[5.39644,43.9386],[5.39648,43.93879],[5.3965,43.93888],[5.3966,43.93899],[5.39673,43.93909],[5.39708,43.9394],[5.39724,43.93955],[5.39732,43.93964],[5.39733,43.93966],[5.39742,43.93975],[5.39748,43.9398],[5.39752,43.93984],[5.39763,43.93992],[5.39769,43.93997],[5.39777,43.94002],[5.39782,43.94005],[5.39784,43.94005],[5.39788,43.94004],[5.39793,43.94001],[5.39821,43.93983],[5.39833,43.93977],[5.39839,43.93976],[5.39846,43.93976],[5.39849,43.93977],[5.39872,43.9398],[5.39903,43.93983],[5.3992,43.93986],[5.39932,43.93989],[5.39947,43.93995],[5.39952,43.93998],[5.39953,43.94],[5.39954,43.94001],[5.39959,43.94009],[5.39961,43.94017],[5.3996,43.94026],[5.39953,43.94042],[5.39944,43.94062],[5.39942,43.94072],[5.39938,43.94082],[5.3993,43.94098],[5.39927,43.94106],[5.39928,43.94113],[5.39927,43.94121],[5.39922,43.94139],[5.39921,43.94141],[5.39921,43.94143],[5.39924,43.94158],[5.39925,43.94181],[5.39926,43.94187],[5.3993,43.94208],[5.39936,43.94249],[5.39938,43.9428],[5.3994,43.94292],[5.39944,43.94304],[5.39952,43.94322],[5.39959,43.94332],[5.39963,43.94344],[5.39965,43.94348],[5.39969,43.94366],[5.39975,43.94382],[5.39986,43.944],[5.39991,43.94407],[5.39998,43.94415],[5.40004,43.94423],[5.40006,43.94431],[5.40011,43.94451],[5.40013,43.94471],[5.40016,43.94487],[5.40017,43.94493],[5.40017,43.94497]]},"properties":{"action":"modify","state":"new","osm_type":"way","osm_id":"181127021","highway":"residential","axis":"local","version":"12","user":"cOSMografix","timestamp":"2026-09-27T21:10:57Z","changeset":"189650351","name":"Chemin des Garrigues","surface":"asphalt","maxspeed":"30","changes":[{"k":"lit","old":null,"new":"no"}]}},{"type":"Feature","geometry":{"type":"LineString","coordinates":[[4.83072,43.93082],[4.83066,43.93085],[4.83053,43.93096],[4.83019,43.93128],[4.83017,43.9313],[4.82973,43.93173]]},"properties":{"action":"modify","state":"new","osm_type":"way","osm_id":"182173360","highway":"residential","axis":"local","version":"7","user":"GuyonT","timestamp":"2026-09-23T13:32:19Z","changeset":"189450103","name":"Avenue de la Croix Rouge","surface":"asphalt","changes":[{"k":"cycleway:both","old":null,"new":"no"},{"k":"sidewalk:left","old":null,"new":"no"},{"k":"sidewalk:right","old":null,"new":"yes"}]}},{"type":"Feature","geometry":{"type":"LineString","coordinates":[[4.829,43.93192],[4.82894,43.93188],[4.82874,43.9318],[4.82857,43.93174],[4.82781,43.93156]]},"properties":{"action":"modify","state":"new","osm_type":"way","osm_id":"182173368","highway":"primary","axis":"main","version":"13","user":"GuyonT","timestamp":"2026-09-23T13:32:52Z","changeset":"189450153","name":"Rocade Charles de Gaulle","surface":"asphalt","maxspeed":"50","changes":[{"k":"foot","old":null,"new":"no"}]}},{"type":"Feature","geometry":{"type":"LineString","coordinates":[[4.81185,43.92877],[4.81065,43.92867],[4.80987,43.9286]]},"properties":{"action":"modify","state":"new","osm_type":"way","osm_id":"185100992","highway":"primary","axis":"main","version":"18","user":"GuyonT","timestamp":"2026-09-23T13:36:55Z","changeset":"189450103","name":"Rocade Charles de Gaulle","surface":"asphalt","maxspeed":"50","changes":[{"k":"cycleway:right","old":null,"new":"no"},{"k":"sidewalk:left","old":null,"new":"no"},{"k":"sidewalk:right","old":null,"new":"separate"}]}},{"type":"Feature","geometry":{"type":"LineString","coordinates":[[4.82781,43.93156],[4.82754,43.9315],[4.82692,43.93136],[4.82642,43.93126]]},"properties":{"action":"modify","state":"new","osm_type":"way","osm_id":"185101002","highway":"primary","axis":"main","version":"10","user":"GuyonT","timestamp":"2026-09-23T13:33:00Z","changeset":"189449231","name":"Rocade Charles de Gaulle","surface":"asphalt","maxspeed":"50","changes":[{"k":"sidewalk:left","old":null,"new":"no"},{"k":"sidewalk:right","old":null,"new":"yes"}]}},{"type":"Feature","geometry":{"type":"LineString","coordinates":[[4.96456,43.89602],[4.96461,43.89592],[4.96463,43.89588],[4.96518,43.89498]]},"properties":{"action":"modify","state":"new","osm_type":"way","osm_id":"186217548","highway":"residential","axis":"local","version":"3","user":"JLZIMMERMANN","timestamp":"2026-09-25T12:14:55Z","changeset":"189541592","moved_metres":1.4,"moved_only":true,"via_node":true}},{"type":"Feature","geometry":{"type":"LineString","coordinates":[[4.96456,43.89602],[4.96461,43.89592],[4.96463,43.89588],[4.96518,43.89497]]},"properties":{"state":"old","osm_id":"186217548","axis":"local"}},{"type":"Feature","geometry":{"type":"LineString","coordinates":[[4.96364,43.89559],[4.96386,43.89566],[4.9639,43.89568],[4.96393,43.89568],[4.96396,43.89566],[4.96399,43.89563],[4.96452,43.89481]]},"properties":{"action":"modify","state":"new","osm_type":"way","osm_id":"186217551","highway":"residential","axis":"local","version":"2","user":"JLZIMMERMANN","timestamp":"2026-09-25T12:14:55Z","changeset":"189541592","name":"All\u00e9e des Griottes","moved_metres":1.9,"moved_only":true,"via_node":true}},{"type":"Feature","geometry":{"type":"LineString","coordinates":[[4.96364,43.89559],[4.96386,43.89566],[4.9639,43.89568],[4.96393,43.89568],[4.96396,43.89566],[4.96399,43.89563],[4.96453,43.89479]]},"properties":{"state":"old","osm_id":"186217551","axis":"local"}},{"type":"Feature","geometry":{"type":"LineString","coordinates":[[4.96696,43.89545],[4.96694,43.89548],[4.9669,43.89551],[4.96684,43.89561],[4.96618,43.89684],[4.96615,43.8969],[4.96611,43.89695],[4.96608,43.89699],[4.96602,43.89701],[4.96597,43.89703],[4.96581,43.89707],[4.96568,43.8971],[4.96548,43.89712],[4.96531,43.89713],[4.96512,43.89713],[4.96504,43.89713],[4.96493,43.89712],[4.96481,43.89711],[4.96469,43.8971],[4.96457,43.89708],[4.96448,43.89706],[4.96422,43.897],[4.96407,43.89697],[4.964,43.89697],[4.96395,43.89697],[4.96389,43.89699],[4.96387,43.89703],[4.96383,43.89707],[4.96378,43.89715],[4.96337,43.89801],[4.96318,43.89842],[4.96302,43.89873],[4.96288,43.89907],[4.96284,43.89916]]},"properties":{"action":"modify","state":"new","osm_type":"way","osm_id":"186217741","highway":"unclassified","axis":"local","version":"5","user":"JLZIMMERMANN","timestamp":"2026-09-25T12:14:55Z","changeset":"189541592","name":"Chemin des Muscadelles","maxspeed":"30"}},{"type":"Feature","geometry":{"type":"LineString","coordinates":[[4.96697,43.89544],[4.9669,43.89551],[4.96684,43.89561],[4.96618,43.89684],[4.96615,43.8969],[4.96611,43.89695],[4.96608,43.89699],[4.96602,43.89701],[4.96597,43.89703],[4.96581,43.89707],[4.96568,43.8971],[4.96548,43.89712],[4.96531,43.89713],[4.96512,43.89713],[4.96504,43.89713],[4.96493,43.89712],[4.96481,43.89711],[4.96469,43.8971],[4.96457,43.89708],[4.96448,43.89706],[4.96422,43.897],[4.96407,43.89697],[4.964,43.89697],[4.96395,43.89697],[4.96389,43.89699],[4.96387,43.89703],[4.96383,43.89707],[4.96378,43.89715],[4.96337,43.89801],[4.96318,43.89842],[4.96302,43.89873],[4.96288,43.89907],[4.96284,43.89916]]},"properties":{"state":"old","osm_id":"186217741","axis":"local"}},{"type":"Feature","geometry":{"type":"LineString","coordinates":[[5.07699,43.87535],[5.07665,43.87555],[5.07656,43.87549],[5.07688,43.87525]]},"properties":{"action":"modify","state":"new","osm_type":"way","osm_id":"187806825","highway":"service","axis":"local","version":"4","user":"enzo_immergis","timestamp":"2026-09-28T16:52:19Z","changeset":"189689100"}},{"type":"Feature","geometry":{"type":"LineString","coordinates":[[5.07699,43.87535],[5.07697,43.87537],[5.07665,43.87555],[5.07656,43.87549],[5.07686,43.87527],[5.07688,43.87525]]},"properties":{"state":"old","osm_id":"187806825","axis":"local"}},{"type":"Feature","geometry":{"type":"LineString","coordinates":[[5.22481,43.85995],[5.22486,43.85992]]},"properties":{"action":"modify","state":"new","osm_type":"way","osm_id":"188651914","highway":"path","axis":"path","version":"14","user":"Alexandre148025","timestamp":"2026-09-23T13:28:32Z","changeset":"189449915","surface":"asphalt","changes":[{"k":"railway","old":"razed","new":"abandoned"}]}},{"type":"Feature","geometry":{"type":"LineString","coordinates":[[5.22486,43.85992],[5.22544,43.85963],[5.22638,43.85917],[5.22692,43.8589],[5.22727,43.85873],[5.22729,43.85872],[5.22731,43.85871],[5.22735,43.85869],[5.22736,43.85868],[5.22841,43.85816],[5.22919,43.85778],[5.22998,43.85739],[5.23057,43.8571],[5.23065,43.85706]]},"properties":{"action":"modify","state":"new","osm_type":"way","osm_id":"188651916","highway":"path","axis":"path","version":"20","user":"Alexandre148025","timestamp":"2026-09-23T13:28:32Z","changeset":"189449915","surface":"asphalt","changes":[{"k":"railway","old":"razed","new":"abandoned"}]}},{"type":"Feature","geometry":{"type":"LineString","coordinates":[[5.2307,43.85704],[5.23105,43.85686]]},"properties":{"action":"modify","state":"new","osm_type":"way","osm_id":"188716578","highway":"path","axis":"path","version":"17","user":"Alexandre148025","timestamp":"2026-09-23T13:28:32Z","changeset":"189449915","surface":"asphalt","changes":[{"k":"railway","old":"razed","new":"abandoned"}]}},{"type":"Feature","geometry":{"type":"LineString","coordinates":[[5.23065,43.85706],[5.2307,43.85704]]},"properties":{"action":"modify","state":"new","osm_type":"way","osm_id":"188716580","highway":"path","axis":"path","version":"16","user":"Alexandre148025","timestamp":"2026-09-23T13:28:32Z","changeset":"189449915","surface":"asphalt","changes":[{"k":"railway","old":"razed","new":"abandoned"}]}},{"type":"Feature","geometry":{"type":"LineString","coordinates":[[5.10313,43.84642],[5.10313,43.8465],[5.10312,43.84653]]},"properties":{"action":"modify","state":"new","osm_type":"way","osm_id":"199683053","highway":"tertiary","axis":"secondary","version":"11","user":"cOSMografix","timestamp":"2026-09-26T09:24:38Z","changeset":"189578224","name":"Avenue Andr\u00e9 Dumoulin","ref":"D 31","surface":"asphalt","maxspeed":"30","changes":[{"k":"cycleway:right","old":null,"new":"no"}]}},{"type":"Feature","geometry":{"type":"LineString","coordinates":[[4.85089,43.92472],[4.85059,43.92482],[4.85025,43.92493]]},"properties":{"action":"modify","state":"new","osm_type":"way","osm_id":"205371500","highway":"service","axis":"local","version":"2","user":"GuyonT","timestamp":"2026-09-23T13:24:03Z","changeset":"189449692","surface":"asphalt","changes":[{"k":"surface","old":null,"new":"asphalt"}]}},{"type":"Feature","geometry":{"type":"LineString","coordinates":[[5.05662,43.82904],[5.05655,43.82902],[5.05638,43.82896],[5.05623,43.82892],[5.05553,43.82872],[5.05498,43.82874],[5.0549,43.82891],[5.05518,43.82912],[5.0556,43.82924]]},"properties":{"action":"modify","state":"new","osm_type":"way","osm_id":"208675750","highway":"service","axis":"local","version":"6","user":"Alexandre148025","timestamp":"2026-09-23T13:28:32Z","changeset":"189449915"}},{"type":"Feature","geometry":{"type":"LineString","coordinates":[[5.05662,43.82904],[5.05655,43.82902],[5.05638,43.82896],[5.0562,43.82891],[5.05505,43.8286],[5.0549,43.82891],[5.055,43.829],[5.05519,43.82906],[5.05518,43.82912],[5.0556,43.82924]]},"properties":{"state":"old","osm_id":"208675750","axis":"local"}},{"type":"Feature","geometry":{"type":"LineString","coordinates":[[5.03267,43.91129],[5.03268,43.91134],[5.03268,43.91139]]},"properties":{"action":"modify","state":"new","osm_type":"way","osm_id":"211636724","highway":"primary_link","axis":"main","version":"6","user":"JLZIMMERMANN","timestamp":"2026-09-25T12:14:55Z","changeset":"189541592","ref":"D 31"}},{"type":"Feature","geometry":{"type":"LineString","coordinates":[[5.03267,43.91129],[5.03268,43.91134],[5.03268,43.91139],[5.03267,43.91142]]},"properties":{"state":"old","osm_id":"211636724","axis":"main"}},{"type":"Feature","geometry":{"type":"LineString","coordinates":[[4.71371,44.22768],[4.7138,44.2278],[4.71384,44.22792],[4.71386,44.22802],[4.71385,44.22812],[4.71383,44.22818],[4.71378,44.22846],[4.71363,44.22938],[4.7136,44.22956],[4.71352,44.23003],[4.71339,44.23085],[4.71323,44.23179],[4.71309,44.23267],[4.71308,44.23276],[4.71296,44.23349],[4.71292,44.23372],[4.71291,44.2338]]},"properties":{"action":"modify","state":"new","osm_type":"way","osm_id":"219923255","highway":"secondary","axis":"secondary","version":"13","user":"JLZIMMERMANN","timestamp":"2026-09-24T14:06:23Z","changeset":"189500604","name":"Avenue Henri Benissa","ref":"D 26","surface":"asphalt","changes":[{"k":"operator","old":null,"new":"CD84"}]}},{"type":"Feature","geometry":{"type":"LineString","coordinates":[[4.71371,44.22768],[4.7138,44.2278],[4.71384,44.22792],[4.71386,44.22802],[4.71385,44.22812],[4.71383,44.22818],[4.71378,44.22846],[4.71363,44.22938],[4.7136,44.22956],[4.71352,44.23003],[4.71339,44.23085],[4.71323,44.23179],[4.71309,44.23267],[4.71308,44.23276],[4.71296,44.23349],[4.71292,44.23372],[4.7129,44.23383],[4.71289,44.23394],[4.71287,44.23405],[4.71285,44.23414],[4.71285,44.23417]]},"properties":{"state":"old","osm_id":"219923255","axis":"secondary"}},{"type":"Feature","geometry":{"type":"LineString","coordinates":[[5.39045,43.92546],[5.39044,43.92554],[5.39045,43.92561],[5.39056,43.92579],[5.39066,43.92598],[5.39076,43.92625],[5.39083,43.92644],[5.39084,43.92652],[5.39084,43.92659],[5.39082,43.92666],[5.39077,43.92675],[5.39066,43.92689],[5.39051,43.92708],[5.39015,43.92745],[5.39004,43.92756],[5.38998,43.92766],[5.38998,43.92776],[5.39002,43.92792],[5.39007,43.92805],[5.39014,43.92817],[5.39025,43.9283],[5.39038,43.92847],[5.39047,43.92864],[5.39061,43.929],[5.39072,43.92918],[5.39078,43.92935],[5.3908,43.92949],[5.39084,43.92973],[5.39084,43.92989],[5.39086,43.93005],[5.39085,43.9302],[5.39084,43.93027],[5.39082,43.93035],[5.39084,43.93044],[5.39089,43.93053],[5.39098,43.93069],[5.39115,43.93096],[5.39137,43.93132],[5.39154,43.93156]]},"properties":{"action":"modify","state":"new","osm_type":"way","osm_id":"223398041","highway":"service","axis":"local","version":"7","user":"cOSMografix","timestamp":"2026-09-27T21:10:25Z","changeset":"189650351","name":"Chemin de Saint Jacques","surface":"gravel","changes":[{"k":"lit","old":null,"new":"no"}]}},{"type":"Feature","geometry":{"type":"LineString","coordinates":[[5.39539,43.92271],[5.39547,43.92269],[5.3956,43.92264],[5.39566,43.92257],[5.39565,43.9225],[5.39562,43.92244],[5.39557,43.92234],[5.3955,43.92226],[5.39539,43.92212],[5.39532,43.92201],[5.39529,43.92193],[5.39526,43.92177],[5.39527,43.92158],[5.39528,43.92138],[5.39527,43.92129],[5.39525,43.92123],[5.39522,43.92118],[5.39519,43.92113],[5.39515,43.92109],[5.3951,43.92107],[5.39505,43.92101],[5.39494,43.92087],[5.39483,43.92074],[5.39474,43.9206],[5.39464,43.92045],[5.3946,43.92031],[5.39458,43.92005],[5.39458,43.91988],[5.39462,43.9198],[5.39468,43.91977],[5.39474,43.91973],[5.39482,43.91967],[5.39491,43.9196],[5.39497,43.91947],[5.39512,43.91913],[5.39528,43.91867],[5.39535,43.91843],[5.39541,43.91819],[5.39543,43.91808],[5.39546,43.91799],[5.39546,43.91786],[5.39546,43.91757],[5.39544,43.91728],[5.39547,43.91709],[5.3955,43.91693],[5.39554,43.91672],[5.39558,43.91664],[5.39566,43.91656],[5.39582,43.9164],[5.39593,43.91631],[5.39603,43.91624]]},"properties":{"action":"modify","state":"new","osm_type":"way","osm_id":"223398044","highway":"track","axis":"path","version":"12","user":"cOSMografix","timestamp":"2026-09-27T21:10:31Z","changeset":"189650351","changes":[{"k":"lit","old":null,"new":"no"}]}},{"type":"Feature","geometry":{"type":"LineString","coordinates":[[5.2887,43.86402],[5.28888,43.86343],[5.28912,43.86284]]},"properties":{"action":"modify","state":"new","osm_type":"way","osm_id":"223570123","highway":"service","axis":"local","version":"4","user":"cOSMografix","timestamp":"2026-09-26T09:25:44Z","changeset":"189578331","surface":"compacted","changes":[{"k":"smoothness","old":null,"new":"good"},{"k":"surface","old":null,"new":"compacted"}]}},{"type":"Feature","geometry":{"type":"LineString","coordinates":[[5.37226,43.90948],[5.37237,43.9094],[5.37275,43.90883],[5.37295,43.90851],[5.37314,43.90821],[5.37338,43.90781],[5.37359,43.90749],[5.37375,43.90723],[5.37389,43.90703],[5.37404,43.90683],[5.37411,43.90665],[5.37422,43.90645],[5.37435,43.90629],[5.3744,43.90621]]},"properties":{"action":"modify","state":"new","osm_type":"way","osm_id":"223757129","highway":"track","axis":"path","version":"4","user":"cOSMografix","timestamp":"2026-09-27T21:10:19Z","changeset":"189650351","name":"Chemin du Mistral","changes":[{"k":"lit","old":null,"new":"no"}]}},{"type":"Feature","geometry":{"type":"LineString","coordinates":[[5.37357,43.92299],[5.37355,43.92295],[5.37353,43.92292],[5.37351,43.92287],[5.37351,43.92282],[5.37349,43.92255],[5.37346,43.92231],[5.3734,43.9221],[5.37324,43.92168],[5.37319,43.9215],[5.37314,43.9213],[5.37313,43.92118],[5.37314,43.92096],[5.37315,43.92065],[5.37316,43.92051],[5.37317,43.92033],[5.3732,43.92015],[5.37329,43.9197],[5.37339,43.91923],[5.37342,43.91892],[5.37343,43.91879],[5.37343,43.91867],[5.37341,43.91854],[5.37341,43.91844],[5.37341,43.91841],[5.37342,43.91837],[5.37343,43.9183],[5.37365,43.91774],[5.37371,43.91755],[5.37375,43.91735],[5.37379,43.91719],[5.3738,43.91707],[5.37378,43.91692],[5.37375,43.91673],[5.37372,43.91661],[5.3737,43.9165],[5.37372,43.9164],[5.37375,43.91632],[5.37389,43.91618],[5.37398,43.91604],[5.37411,43.91582],[5.37436,43.91549],[5.37443,43.91539],[5.37444,43.91538],[5.37452,43.91524],[5.3746,43.9151],[5.37465,43.91497],[5.37467,43.91484],[5.37482,43.91428],[5.37491,43.91407],[5.37496,43.91397],[5.37499,43.91391],[5.37505,43.91369],[5.37512,43.91343],[5.37516,43.91307],[5.37517,43.91302],[5.37519,43.91295],[5.37521,43.91291],[5.37529,43.91288],[5.37552,43.91286],[5.37591,43.91281],[5.37642,43.91276],[5.37672,43.91272],[5.37688,43.91271],[5.37701,43.91268],[5.37709,43.91266],[5.37712,43.91265]]},"properties":{"action":"modify","state":"new","osm_type":"way","osm_id":"223757134","highway":"service","axis":"local","version":"11","user":"cOSMografix","timestamp":"2026-09-27T21:10:16Z","changeset":"189650351","name":"Chemin de la D\u00e9bruge","surface":"gravel","changes":[{"k":"lit","old":null,"new":"no"}]}},{"type":"Feature","geometry":{"type":"LineString","coordinates":[[4.87457,44.00566],[4.87458,44.00563],[4.87461,44.00556],[4.87466,44.00548],[4.8748,44.0053],[4.87504,44.00504]]},"properties":{"action":"modify","state":"new","osm_type":"way","osm_id":"223874879","highway":"residential","axis":"local","version":"19","user":"enzo_immergis","timestamp":"2026-09-28T16:16:06Z","changeset":"189687581","name":"Place Wettemberg","surface":"asphalt","changes":[{"k":"cycleway:both","old":null,"new":"no"}]}},{"type":"Feature","geometry":{"type":"LineString","coordinates":[[5.01792,43.90407],[5.01807,43.90408],[5.01834,43.90408],[5.01854,43.90407],[5.01879,43.90403],[5.01942,43.90401],[5.02032,43.90401],[5.02077,43.90399],[5.0211,43.90395],[5.02157,43.90391],[5.02216,43.90382],[5.02241,43.90379],[5.02264,43.90374],[5.02312,43.90366],[5.02321,43.90363],[5.02332,43.9036],[5.02361,43.90353],[5.02388,43.90341],[5.02407,43.90331],[5.02459,43.90306],[5.02559,43.90257],[5.0258,43.90245],[5.02603,43.90237],[5.02623,43.90234],[5.02647,43.90233],[5.02666,43.90233],[5.02693,43.90232],[5.02727,43.90229],[5.02759,43.90226],[5.0279,43.90224]]},"properties":{"action":"modify","state":"new","osm_type":"way","osm_id":"223996925","highway":"unclassified","axis":"local","version":"3","user":"JLZIMMERMANN","timestamp":"2026-09-25T12:14:55Z","changeset":"189541592","moved_metres":3.8,"moved_only":true,"via_node":true}},{"type":"Feature","geometry":{"type":"LineString","coordinates":[[5.01792,43.90407],[5.01811,43.90407],[5.01834,43.90408],[5.01854,43.90407],[5.01879,43.90403],[5.01942,43.90401],[5.02032,43.90401],[5.02077,43.90399],[5.0211,43.90395],[5.02157,43.90391],[5.02216,43.90382],[5.02241,43.90379],[5.02264,43.90374],[5.02312,43.90366],[5.02321,43.90363],[5.02332,43.9036],[5.02361,43.90353],[5.02388,43.90341],[5.02407,43.90331],[5.02459,43.90306],[5.02559,43.90257],[5.0258,43.90245],[5.02603,43.90237],[5.02623,43.90234],[5.02647,43.90233],[5.02666,43.90233],[5.02693,43.90232],[5.02727,43.90229],[5.02759,43.90226],[5.0279,43.90224]]},"properties":{"state":"old","osm_id":"223996925","axis":"local"}},{"type":"Feature","geometry":{"type":"LineString","coordinates":[[4.72715,44.20169],[4.72717,44.20176],[4.72719,44.20178],[4.7272,44.20179],[4.72721,44.20182],[4.72722,44.20187],[4.72722,44.20194],[4.72722,44.20199],[4.72721,44.20207],[4.7272,44.20217],[4.7272,44.20233],[4.72721,44.20251],[4.72721,44.20265],[4.7272,44.20284],[4.72719,44.2029],[4.72717,44.20295],[4.72717,44.20301],[4.72717,44.2031],[4.72718,44.20316],[4.72718,44.20321],[4.72718,44.20337],[4.72716,44.20358],[4.72715,44.20378],[4.72712,44.20385],[4.72712,44.20392],[4.72711,44.20399],[4.72713,44.20406],[4.72713,44.20411],[4.7271,44.20464],[4.7271,44.20477],[4.72707,44.20484],[4.72707,44.20488],[4.72707,44.20492],[4.72708,44.20498],[4.72709,44.20503],[4.7271,44.20508],[4.72711,44.20535],[4.72713,44.2057],[4.72716,44.20603],[4.72716,44.20605],[4.72714,44.2061],[4.72714,44.20615],[4.72714,44.20619],[4.72715,44.20623],[4.72716,44.20626],[4.72716,44.20651],[4.72716,44.20663],[4.72717,44.20667],[4.72722,44.20685],[4.72726,44.20694],[4.72729,44.20701],[4.72734,44.20708],[4.72739,44.20712],[4.72747,44.20715],[4.72768,44.20715]]},"properties":{"action":"modify","state":"new","osm_type":"way","osm_id":"227319256","highway":"residential","axis":"local","version":"13","user":"kirmonkey","timestamp":"2026-09-23T10:33:02Z","changeset":"189441717","name":"Avenue Jean Moulin","surface":"asphalt","maxspeed":"30","changes":[{"k":"sidewalk:left","old":null,"new":"no"},{"k":"sidewalk:right","old":null,"new":"yes"}]}},{"type":"Feature","geometry":{"type":"LineString","coordinates":[[4.92854,43.9562],[4.92842,43.95637],[4.92836,43.95649],[4.92834,43.95653],[4.92832,43.95658],[4.92831,43.95662],[4.9283,43.95666],[4.92829,43.95671],[4.9283,43.95678],[4.92832,43.95695],[4.92832,43.95705],[4.92832,43.95715]]},"properties":{"action":"modify","state":"new","osm_type":"way","osm_id":"230427423","highway":"secondary","axis":"secondary","version":"9","user":"JLZIMMERMANN","timestamp":"2026-09-23T14:11:43Z","changeset":"189452082","name":"Boulevard de la Lib\u00e9ration","surface":"asphalt","maxspeed":"30","changes":[{"k":"ref","old":"D 28","new":null},{"k":"was:ref","old":null,"new":"D 28"}]}},{"type":"Feature","geometry":{"type":"LineString","coordinates":[[4.87038,44.01983],[4.87057,44.02023],[4.87067,44.02055]]},"properties":{"action":"modify","state":"new","osm_type":"way","osm_id":"234105224","highway":"trunk","axis":"main","version":"22","user":"JLZIMMERMANN","timestamp":"2026-09-29T13:04:24Z","changeset":"189726941","name":"D 907 (Avenue d'Orange)","ref":"D 907","surface":"asphalt","maxspeed":"90","changes":[{"k":"operator","old":"CG84","new":"CD84"}]}},{"type":"Feature","geometry":{"type":"LineString","coordinates":[[5.04662,44.05155],[5.0466,44.05148],[5.04654,44.05132],[5.04649,44.05122],[5.04642,44.05112]]},"properties":{"action":"modify","state":"new","osm_type":"way","osm_id":"234300650","highway":"tertiary","axis":"secondary","version":"16","user":"JLZIMMERMANN","timestamp":"2026-09-23T06:48:08Z","changeset":"189432684","name":"Avenue Wilson","surface":"asphalt","maxspeed":"30","changes":[{"k":"ref","old":"D 49","new":null},{"k":"was:ref","old":null,"new":"D 49"}]}},{"type":"Feature","geometry":{"type":"LineString","coordinates":[[4.87504,44.00504],[4.87523,44.00549],[4.87525,44.00554],[4.8753,44.00569]]},"properties":{"action":"modify","state":"new","osm_type":"way","osm_id":"235096069","highway":"residential","axis":"local","version":"20","user":"enzo_immergis","timestamp":"2026-09-28T16:16:06Z","changeset":"189687581","name":"Rue des 700 D\u00e9port\u00e9s du Train Fant\u00f4me","surface":"asphalt","maxspeed":"30","changes":[{"k":"cycleway:both","old":null,"new":"no"}]}},{"type":"Feature","geometry":{"type":"LineString","coordinates":[[4.71343,44.22733],[4.71355,44.22744],[4.71363,44.22752]]},"properties":{"action":"modify","state":"new","osm_type":"way","osm_id":"235474861","highway":"secondary","axis":"secondary","version":"6","user":"JLZIMMERMANN","timestamp":"2026-09-24T14:06:23Z","changeset":"189500604","ref":"D 26","surface":"asphalt","changes":[{"k":"operator","old":null,"new":"CD84"}]}},{"type":"Feature","geometry":{"type":"LineString","coordinates":[[4.71362,44.22758],[4.71359,44.22757],[4.71352,44.22754],[4.71336,44.22751],[4.71334,44.22751],[4.71331,44.22749],[4.71329,44.22746],[4.71328,44.22742]]},"properties":{"action":"modify","state":"new","osm_type":"way","osm_id":"235474862","highway":"secondary","axis":"secondary","version":"6","user":"JLZIMMERMANN","timestamp":"2026-09-24T14:06:23Z","changeset":"189500604","ref":"D 26","surface":"asphalt","changes":[{"k":"operator","old":null,"new":"CD84"}]}},{"type":"Feature","geometry":{"type":"LineString","coordinates":[[4.80187,43.9285],[4.80151,43.92823],[4.80097,43.92778],[4.8003,43.92722],[4.79995,43.92698],[4.7997,43.92684],[4.7993,43.92666]]},"properties":{"action":"modify","state":"new","osm_type":"way","osm_id":"237199850","highway":"primary","axis":"main","version":"6","user":"GuyonT","timestamp":"2026-09-23T13:39:50Z","changeset":"189450103","name":"Rocade Charles de Gaulle","surface":"asphalt","maxspeed":"70","changes":[{"k":"cycleway:right","old":null,"new":"no"}]}},{"type":"Feature","geometry":{"type":"LineString","coordinates":[[5.04972,43.82824],[5.04987,43.82824],[5.05016,43.82824],[5.05036,43.82824],[5.05057,43.82826],[5.05085,43.8283],[5.05113,43.82835],[5.05138,43.82839],[5.05152,43.82843],[5.05171,43.82848],[5.05189,43.82853],[5.05211,43.82862],[5.05252,43.8288],[5.05321,43.82911],[5.0535,43.82926],[5.05397,43.82949],[5.05442,43.82971],[5.05497,43.82997]]},"properties":{"action":"modify","state":"new","osm_type":"way","osm_id":"238800165","highway":"path","axis":"path","version":"22","user":"Alexandre148025","timestamp":"2026-09-23T13:28:32Z","changeset":"189449915","surface":"asphalt","changes":[{"k":"railway","old":null,"new":"abandoned"}]}},{"type":"Feature","geometry":{"type":"LineString","coordinates":[[5.04972,43.82824],[5.04987,43.82824],[5.05016,43.82824],[5.05036,43.82824],[5.05057,43.82826],[5.05085,43.8283],[5.05113,43.82835],[5.05138,43.82839],[5.05152,43.82843],[5.05171,43.82848],[5.05189,43.82853],[5.05211,43.82862],[5.05252,43.8288],[5.05321,43.82911],[5.0535,43.82926],[5.05396,43.82949],[5.05442,43.82971],[5.05497,43.82997]]},"properties":{"state":"old","osm_id":"238800165","axis":"path"}},{"type":"Feature","geometry":{"type":"LineString","coordinates":[[5.0478,43.91823],[5.04788,43.91825],[5.04796,43.91826]]},"properties":{"action":"modify","state":"new","osm_type":"way","osm_id":"239077060","highway":"secondary","axis":"secondary","version":"18","user":"enzo_immergis","timestamp":"2026-09-29T08:43:43Z","changeset":"189715545","name":"Avenue de la Lib\u00e9ration","surface":"asphalt","maxspeed":"50","changes":[{"k":"cycleway:both","old":null,"new":"no"}]}},{"type":"Feature","geometry":{"type":"LineString","coordinates":[[5.04914,43.91805],[5.04906,43.91807],[5.04901,43.91807],[5.04895,43.91808]]},"properties":{"action":"modify","state":"new","osm_type":"way","osm_id":"239077961","highway":"secondary","axis":"secondary","version":"21","user":"enzo_immergis","timestamp":"2026-09-29T08:43:43Z","changeset":"189715545","name":"Avenue de la Lib\u00e9ration","surface":"asphalt","maxspeed":"50","changes":[{"k":"cycleway:both","old":null,"new":"no"}]}},{"type":"Feature","geometry":{"type":"LineString","coordinates":[[5.04724,43.91832],[5.04682,43.91841],[5.04654,43.91846],[5.04644,43.91848],[5.04593,43.91857],[5.04567,43.91861],[5.04558,43.91863],[5.04549,43.91865],[5.04535,43.91868],[5.04489,43.91876]]},"properties":{"action":"modify","state":"new","osm_type":"way","osm_id":"239077962","highway":"secondary","axis":"secondary","version":"16","user":"enzo_immergis","timestamp":"2026-09-29T08:43:43Z","changeset":"189715545","name":"Cours \u00c9mile Zola","surface":"asphalt","maxspeed":"50","changes":[{"k":"cycleway:both","old":null,"new":"no"}]}},{"type":"Feature","geometry":{"type":"LineString","coordinates":[[5.38983,43.87903],[5.38984,43.87908],[5.3898,43.87914]]},"properties":{"action":"modify","state":"new","osm_type":"way","osm_id":"239915071","highway":"residential","axis":"local","version":"4","user":"Alexandre148025","timestamp":"2026-09-23T13:28:32Z","changeset":"189449915","moved_metres":3.5,"moved_only":true,"via_node":true}},{"type":"Feature","geometry":{"type":"LineString","coordinates":[[5.38988,43.87902],[5.38984,43.87908],[5.38982,43.87913]]},"properties":{"state":"old","osm_id":"239915071","axis":"local"}},{"type":"Feature","geometry":{"type":"LineString","coordinates":[[5.38817,43.87933],[5.38829,43.87932],[5.38894,43.87922],[5.38957,43.87913],[5.38973,43.87912],[5.3898,43.87914]]},"properties":{"action":"modify","state":"new","osm_type":"way","osm_id":"239915073","highway":"residential","axis":"local","version":"2","user":"Alexandre148025","timestamp":"2026-09-23T13:28:32Z","changeset":"189449915","moved_metres":2.0,"moved_only":true,"via_node":true}},{"type":"Feature","geometry":{"type":"LineString","coordinates":[[5.38817,43.87933],[5.38829,43.87932],[5.38894,43.87922],[5.38957,43.87913],[5.38973,43.87912],[5.38982,43.87913]]},"properties":{"state":"old","osm_id":"239915073","axis":"local"}},{"type":"Feature","geometry":{"type":"LineString","coordinates":[[5.3898,43.87914],[5.3899,43.87956],[5.3899,43.87972],[5.38985,43.87975],[5.38965,43.87985]]},"properties":{"action":"modify","state":"new","osm_type":"way","osm_id":"239915076","highway":"service","axis":"local","version":"2","user":"Alexandre148025","timestamp":"2026-09-23T13:28:32Z","changeset":"189449915","changes":[{"k":"highway","old":"residential","new":"service"},{"k":"service","old":null,"new":"alley"}]}},{"type":"Feature","geometry":{"type":"LineString","coordinates":[[5.38982,43.87913],[5.3899,43.87956],[5.3899,43.87972],[5.38985,43.87975],[5.38965,43.87985]]},"properties":{"state":"old","osm_id":"239915076","axis":"local"}},{"type":"Feature","geometry":{"type":"LineString","coordinates":[[5.03167,43.9105],[5.03184,43.91064],[5.03191,43.9107],[5.03203,43.91082],[5.0321,43.91089],[5.03226,43.91102],[5.03267,43.91129]]},"properties":{"action":"modify","state":"new","osm_type":"way","osm_id":"239964045","highway":"tertiary","axis":"secondary","version":"10","user":"JLZIMMERMANN","timestamp":"2026-09-25T12:14:55Z","changeset":"189541592","name":"Route de Caumont","ref":"D 25","surface":"asphalt","changes":[{"k":"operator","old":null,"new":"CD84"},{"k":"ref","old":null,"new":"D 25"},{"k":"surface","old":null,"new":"asphalt"}]}},{"type":"Feature","geometry":{"type":"LineString","coordinates":[[5.0943,43.91891],[5.09397,43.91888],[5.09364,43.91888],[5.09301,43.91889],[5.09264,43.91891],[5.09219,43.91894],[5.09163,43.91901],[5.09066,43.91915],[5.09006,43.91923],[5.08828,43.91947],[5.08671,43.91968],[5.08514,43.91991],[5.0828,43.92026],[5.08216,43.92035],[5.08172,43.92042]]},"properties":{"action":"modify","state":"new","osm_type":"way","osm_id":"240139590","highway":"tertiary","axis":"secondary","version":"22","user":"JLZIMMERMANN","timestamp":"2026-09-25T12:14:55Z","changeset":"189541592","name":"Route de Fontaine de Vaucluse","ref":"D 25","surface":"asphalt","changes":[{"k":"operator","old":null,"new":"CD84"}]}},{"type":"Feature","geometry":{"type":"LineString","coordinates":[[5.04124,43.91943],[5.041,43.91947],[5.04084,43.91948],[5.0407,43.91949],[5.04032,43.91948],[5.04012,43.91948],[5.03995,43.91948],[5.0398,43.91947],[5.03907,43.91947],[5.03898,43.91946],[5.03875,43.91946],[5.03842,43.91946],[5.038,43.91945],[5.03722,43.91945],[5.03692,43.91944],[5.03679,43.91944],[5.03646,43.91943],[5.03615,43.91941],[5.03593,43.91938],[5.03568,43.91934],[5.03561,43.91933],[5.03546,43.9193]]},"properties":{"action":"modify","state":"new","osm_type":"way","osm_id":"240220223","highway":"secondary","axis":"secondary","version":"19","user":"enzo_immergis","timestamp":"2026-09-29T08:43:43Z","changeset":"189715545","name":"Route du Thor","surface":"asphalt","maxspeed":"50","changes":[{"k":"cycleway:both","old":null,"new":"no"}]}},{"type":"Feature","geometry":{"type":"LineString","coordinates":[[5.04067,43.91273],[5.04035,43.91269],[5.0399,43.91266],[5.03943,43.91266],[5.0387,43.91266],[5.03825,43.91265],[5.03769,43.91261],[5.0376,43.91261],[5.03695,43.91255],[5.03678,43.91253],[5.03604,43.91244],[5.03569,43.91238],[5.03541,43.91232],[5.03481,43.91218],[5.03439,43.91207],[5.03422,43.91201],[5.03404,43.91195],[5.03396,43.91193],[5.03385,43.91188]]},"properties":{"action":"modify","state":"new","osm_type":"way","osm_id":"240221223","highway":"tertiary","axis":"secondary","version":"10","user":"JLZIMMERMANN","timestamp":"2026-09-25T12:14:55Z","changeset":"189541592","name":"Route de Caumont","surface":"asphalt","changes":[{"k":"operator","old":null,"new":"CD84"},{"k":"ref","old":"D 25","new":null},{"k":"surface","old":null,"new":"asphalt"},{"k":"was:ref","old":null,"new":"D 25"}]}},{"type":"Feature","geometry":{"type":"LineString","coordinates":[[5.04067,43.91273],[5.04035,43.91269],[5.03994,43.91266],[5.03943,43.91266],[5.03826,43.91263],[5.03769,43.91261],[5.0376,43.91261],[5.03695,43.91255],[5.03678,43.91253],[5.03604,43.91244],[5.03541,43.91232],[5.03481,43.91218],[5.03438,43.91207],[5.03422,43.91201],[5.03404,43.91195],[5.03396,43.91193],[5.03385,43.91188]]},"properties":{"state":"old","osm_id":"240221223","axis":"secondary"}},{"type":"Feature","geometry":{"type":"LineString","coordinates":[[5.0673,43.92548],[5.06714,43.92555],[5.06697,43.92561],[5.06682,43.92566],[5.06665,43.92569],[5.06649,43.92572],[5.06618,43.92577],[5.06578,43.92582],[5.06554,43.92586],[5.06525,43.92593],[5.065,43.926],[5.0644,43.92624]]},"properties":{"action":"modify","state":"new","osm_type":"way","osm_id":"240265610","highway":"tertiary","axis":"secondary","version":"7","user":"JLZIMMERMANN","timestamp":"2026-09-25T12:14:55Z","changeset":"189541592","name":"Route de Fontaine de Vaucluse","ref":"D 25","surface":"asphalt","maxspeed":"50","changes":[{"k":"operator","old":null,"new":"CD84"}]}},{"type":"Feature","geometry":{"type":"LineString","coordinates":[[5.06846,43.92486],[5.06837,43.92494],[5.0682,43.92505],[5.06794,43.92518],[5.06754,43.92539],[5.06739,43.92546],[5.0673,43.92548]]},"properties":{"action":"modify","state":"new","osm_type":"way","osm_id":"240265611","highway":"tertiary","axis":"secondary","version":"8","user":"JLZIMMERMANN","timestamp":"2026-09-25T12:14:55Z","changeset":"189541592","ref":"D 25","surface":"asphalt","maxspeed":"50","changes":[{"k":"ref","old":null,"new":"D 25"}]}},{"type":"Feature","geometry":{"type":"LineString","coordinates":[[5.3941,43.87838],[5.39432,43.87836]]},"properties":{"action":"modify","state":"new","osm_type":"way","osm_id":"240620069","highway":"living_street","axis":"local","version":"11","user":"enzo_immergis","timestamp":"2026-09-28T16:46:41Z","changeset":"189688885","name":"Avenue des Gen\u00eats","surface":"asphalt","maxspeed":"20","changes":[{"k":"bicycle","old":"designated","new":null},{"k":"foot","old":"designated","new":null},{"k":"highway","old":"path","new":"living_street"}]}},{"type":"Feature","geometry":{"type":"LineString","coordinates":[[5.39432,43.87836],[5.39472,43.87831],[5.39495,43.87829],[5.39555,43.8782],[5.39563,43.87819],[5.39566,43.87819]]},"properties":{"action":"modify","state":"new","osm_type":"way","osm_id":"240620070","highway":"living_street","axis":"local","version":"13","user":"enzo_immergis","timestamp":"2026-09-28T16:46:41Z","changeset":"189688885","name":"Avenue des Gen\u00eats","surface":"asphalt","maxspeed":"20","changes":[{"k":"bicycle","old":"designated","new":null},{"k":"foot","old":"designated","new":null},{"k":"highway","old":"path","new":"living_street"}]}},{"type":"Feature","geometry":{"type":"LineString","coordinates":[[5.39432,43.87836],[5.39495,43.87829],[5.39555,43.8782],[5.39566,43.87819]]},"properties":{"state":"old","osm_id":"240620070","axis":"path"}},{"type":"Feature","geometry":{"type":"LineString","coordinates":[[5.39566,43.87819],[5.3959,43.87813],[5.39617,43.87807],[5.39702,43.87791],[5.3985,43.87764],[5.39921,43.87749],[5.39953,43.87743],[5.39972,43.8774],[5.39985,43.87738],[5.40017,43.87735],[5.40033,43.87734],[5.40053,43.87734],[5.40076,43.87735],[5.40149,43.8774],[5.40169,43.87741],[5.40176,43.87741]]},"properties":{"action":"modify","state":"new","osm_type":"way","osm_id":"240620071","highway":"path","axis":"path","version":"14","user":"Alexandre148025","timestamp":"2026-09-23T13:28:32Z","changeset":"189449915","surface":"asphalt"}},{"type":"Feature","geometry":{"type":"LineString","coordinates":[[5.39566,43.87819],[5.39594,43.87812],[5.39616,43.87808],[5.39617,43.87807],[5.39702,43.87791],[5.3985,43.87764],[5.39921,43.87749],[5.39953,43.87743],[5.39972,43.8774],[5.39985,43.87738],[5.40017,43.87735],[5.40033,43.87734],[5.40053,43.87734],[5.40076,43.87735],[5.40149,43.8774],[5.40169,43.87741],[5.40176,43.87741]]},"properties":{"state":"old","osm_id":"240620071","axis":"path"}},{"type":"Feature","geometry":{"type":"LineString","coordinates":[[5.05245,43.91715],[5.05246,43.9173],[5.05246,43.9174],[5.05243,43.91746],[5.05238,43.9175],[5.05235,43.91755]]},"properties":{"action":"modify","state":"new","osm_type":"way","osm_id":"240747994","highway":"tertiary","axis":"secondary","version":"8","user":"enzo_immergis","timestamp":"2026-09-29T08:43:43Z","changeset":"189715545","name":"Cours Anatole France","ref":"D 31D","surface":"asphalt","maxspeed":"50","changes":[{"k":"cycleway:both","old":null,"new":"no"}]}},{"type":"Feature","geometry":{"type":"LineString","coordinates":[[5.03335,43.91895],[5.03318,43.91893],[5.03292,43.91892],[5.03263,43.91891],[5.03245,43.91892],[5.03225,43.91893]]},"properties":{"action":"modify","state":"new","osm_type":"way","osm_id":"240747997","highway":"secondary","axis":"secondary","version":"8","user":"enzo_immergis","timestamp":"2026-09-29T08:43:43Z","changeset":"189715545","name":"Route du Thor","surface":"asphalt","maxspeed":"50","changes":[{"k":"cycleway:both","old":null,"new":"no"}]}},{"type":"Feature","geometry":{"type":"LineString","coordinates":[[5.04724,43.91832],[5.04745,43.91825],[5.04751,43.91823],[5.04759,43.9182]]},"properties":{"action":"modify","state":"new","osm_type":"way","osm_id":"240821274","highway":"secondary","axis":"secondary","version":"9","user":"enzo_immergis","timestamp":"2026-09-29T08:43:43Z","changeset":"189715545","name":"Cours \u00c9mile Zola","surface":"asphalt","maxspeed":"50","changes":[{"k":"cycleway:both","old":null,"new":"no"}]}},{"type":"Feature","geometry":{"type":"LineString","coordinates":[[5.0476,43.91832],[5.04753,43.91831],[5.04747,43.91831],[5.04736,43.91832],[5.04724,43.91832]]},"properties":{"action":"modify","state":"new","osm_type":"way","osm_id":"240821278","highway":"secondary","axis":"secondary","version":"13","user":"enzo_immergis","timestamp":"2026-09-29T08:43:43Z","changeset":"189715545","name":"Cours \u00c9mile Zola","surface":"asphalt","maxspeed":"50","changes":[{"k":"cycleway:both","old":null,"new":"no"}]}},{"type":"Feature","geometry":{"type":"LineString","coordinates":[[5.0821,43.84419],[5.08213,43.84415],[5.0822,43.84405],[5.08269,43.84358],[5.0831,43.84321]]},"properties":{"action":"modify","state":"new","osm_type":"way","osm_id":"241061923","highway":"residential","axis":"local","version":"9","user":"cOSMografix","timestamp":"2026-09-26T09:24:29Z","changeset":"189578237","name":"Impasse Bel Air","surface":"asphalt","maxspeed":"20","changes":[{"k":"maxspeed","old":null,"new":"20"},{"k":"maxspeed:type","old":null,"new":"sign"}]}},{"type":"Feature","geometry":{"type":"LineString","coordinates":[[4.99534,43.97434],[4.99551,43.97448]]},"properties":{"action":"modify","state":"new","osm_type":"way","osm_id":"241755420","highway":"secondary","axis":"secondary","version":"11","user":"JLZIMMERMANN","timestamp":"2026-09-23T16:14:30Z","changeset":"189457977","name":"Route d'Avignon","ref":"D 28","surface":"asphalt","changes":[{"k":"operator","old":"CG84","new":"CD84"}]}},{"type":"Feature","geometry":{"type":"LineString","coordinates":[[4.99534,43.97434],[4.99547,43.97445]]},"properties":{"state":"old","osm_id":"241755420","axis":"secondary"}},{"type":"Feature","geometry":{"type":"LineString","coordinates":[[4.99551,43.97448],[4.99576,43.97468],[4.99616,43.97502],[4.99728,43.97596],[4.99859,43.97708],[4.99863,43.97711],[4.99937,43.97774],[4.99973,43.97803],[5.00011,43.97831],[5.00037,43.97846],[5.00067,43.97863],[5.00102,43.97878],[5.00137,43.97892],[5.00156,43.97898],[5.00179,43.97904],[5.00239,43.9792],[5.00296,43.97934],[5.00334,43.97943],[5.00399,43.97958],[5.0045,43.97968],[5.00474,43.97972],[5.00507,43.97978],[5.00529,43.97981],[5.00569,43.97987],[5.00745,43.98004],[5.00826,43.98012],[5.0088,43.98016],[5.00918,43.98017],[5.00956,43.98017],[5.00958,43.98017],[5.00992,43.98015],[5.01034,43.9801],[5.0105,43.98008],[5.01058,43.98007],[5.01197,43.97991],[5.01228,43.97989],[5.01256,43.97988],[5.01298,43.97988],[5.01334,43.97991],[5.01347,43.97993],[5.01361,43.97995]]},"properties":{"action":"modify","state":"new","osm_type":"way","osm_id":"241755421","highway":"secondary","axis":"secondary","version":"18","user":"JLZIMMERMANN","timestamp":"2026-09-23T16:14:30Z","changeset":"189457977","name":"Route d'Avignon","ref":"D 28","surface":"asphalt","changes":[{"k":"operator","old":"CG84","new":"CD84"}]}},{"type":"Feature","geometry":{"type":"LineString","coordinates":[[4.99547,43.97445],[4.99576,43.97468],[4.99616,43.97502],[4.99728,43.97596],[4.99859,43.97708],[4.99863,43.97711],[4.99937,43.97774],[4.99973,43.97803],[5.00011,43.97831],[5.00037,43.97846],[5.00067,43.97863],[5.00102,43.97878],[5.00137,43.97892],[5.00156,43.97898],[5.00179,43.97904],[5.00239,43.9792],[5.00296,43.97934],[5.00334,43.97943],[5.00399,43.97958],[5.0045,43.97968],[5.00474,43.97972],[5.00507,43.97978],[5.00529,43.97981],[5.00569,43.97987],[5.00745,43.98004],[5.00826,43.98012],[5.0088,43.98016],[5.00918,43.98017],[5.00956,43.98017],[5.00958,43.98017],[5.00992,43.98015],[5.01034,43.9801],[5.0105,43.98008],[5.01058,43.98007],[5.01197,43.97991],[5.01228,43.97989],[5.01259,43.97988],[5.01298,43.97988],[5.01334,43.97991],[5.01347,43.97993],[5.01361,43.97995]]},"properties":{"state":"old","osm_id":"241755421","axis":"secondary"}},{"type":"Feature","geometry":{"type":"LineString","coordinates":[[5.34638,43.74502],[5.34693,43.74555]]},"properties":{"action":"modify","state":"new","osm_type":"way","osm_id":"242827065","highway":"tertiary","axis":"secondary","version":"2","user":"JLZIMMERMANN","timestamp":"2026-09-25T08:32:30Z","changeset":"189532490","ref":"D 139","surface":"asphalt","changes":[{"k":"operator","old":null,"new":"CD84"},{"k":"surface","old":null,"new":"asphalt"}]}},{"type":"Feature","geometry":{"type":"LineString","coordinates":[[5.34693,43.74555],[5.34766,43.74624],[5.34777,43.74636],[5.34798,43.74663],[5.34822,43.74704],[5.34831,43.74717],[5.34842,43.7473],[5.34858,43.74746],[5.34891,43.74782],[5.34918,43.74807],[5.34946,43.7483],[5.34959,43.74842],[5.34969,43.74855],[5.34984,43.7488],[5.34992,43.74897],[5.34996,43.74909],[5.34999,43.74921],[5.35007,43.74967],[5.35011,43.74982],[5.35018,43.74997],[5.35028,43.75013],[5.35037,43.75026],[5.35049,43.75041],[5.35063,43.75054],[5.35108,43.75091],[5.35149,43.75134],[5.35188,43.75177],[5.35299,43.75293],[5.35337,43.75332],[5.35393,43.75397],[5.35401,43.75408],[5.35408,43.75418],[5.35415,43.7543],[5.35515,43.7565],[5.35521,43.75662],[5.35529,43.75675],[5.35535,43.75683],[5.3555,43.75699],[5.35566,43.75715],[5.35572,43.75725],[5.35576,43.75735],[5.35581,43.75756],[5.35582,43.75776],[5.35583,43.75779]]},"properties":{"action":"modify","state":"new","osm_type":"way","osm_id":"242827066","highway":"tertiary","axis":"secondary","version":"11","user":"JLZIMMERMANN","timestamp":"2026-09-25T08:32:30Z","changeset":"189532490","ref":"D 139","surface":"asphalt","maxspeed":"70","moved_metres":5.8,"moved_only":true,"via_node":true}},{"type":"Feature","geometry":{"type":"LineString","coordinates":[[5.34693,43.74555],[5.34766,43.74624],[5.34777,43.74636],[5.34798,43.74663],[5.34822,43.74704],[5.34831,43.74717],[5.34842,43.7473],[5.34858,43.74746],[5.34891,43.74782],[5.34918,43.74807],[5.34946,43.7483],[5.34959,43.74842],[5.34969,43.74855],[5.34986,43.74879],[5.34992,43.74892],[5.34996,43.74909],[5.34999,43.74921],[5.35009,43.74966],[5.35014,43.74982],[5.35021,43.74997],[5.3503,43.75011],[5.35039,43.75026],[5.35051,43.75039],[5.35064,43.75052],[5.35108,43.75091],[5.35149,43.75132],[5.35189,43.75174],[5.35299,43.75293],[5.35334,43.75327],[5.35393,43.75397],[5.35401,43.75408],[5.35408,43.75418],[5.35415,43.7543],[5.35515,43.7565],[5.35521,43.75662],[5.35529,43.75675],[5.35535,43.75683],[5.3555,43.75699],[5.35566,43.75715],[5.35572,43.75725],[5.35576,43.75735],[5.35581,43.75756],[5.35582,43.75776],[5.35583,43.75779]]},"properties":{"state":"old","osm_id":"242827066","axis":"secondary"}},{"type":"Feature","geometry":{"type":"LineString","coordinates":[[4.8844,44.00362],[4.88429,44.00361],[4.88417,44.00359],[4.88404,44.00358],[4.88371,44.00355],[4.8831,44.00354],[4.88288,44.00353],[4.88276,44.00353],[4.88256,44.00352],[4.88245,44.00352],[4.88199,44.00351],[4.88169,44.0035]]},"properties":{"action":"modify","state":"new","osm_type":"way","osm_id":"243275280","highway":"secondary","axis":"secondary","version":"20","user":"JLZIMMERMANN","timestamp":"2026-09-23T07:18:35Z","changeset":"189433706","name":"Boulevard Salvador Allende","surface":"asphalt","changes":[{"k":"ref","old":"D 226","new":null},{"k":"was:ref","old":null,"new":"D 226"}]}},{"type":"Feature","geometry":{"type":"LineString","coordinates":[[5.05623,43.82892],[5.05605,43.82926]]},"properties":{"action":"modify","state":"new","osm_type":"way","osm_id":"245945164","highway":"service","axis":"local","version":"2","user":"Alexandre148025","timestamp":"2026-09-23T13:28:32Z","changeset":"189449915","changes":[{"k":"service","old":null,"new":"parking_aisle"}]}},{"type":"Feature","geometry":{"type":"LineString","coordinates":[[5.0562,43.82891],[5.05603,43.82928]]},"properties":{"state":"old","osm_id":"245945164","axis":"local"}},{"type":"Feature","geometry":{"type":"LineString","coordinates":[[4.8825,44.02488],[4.88262,44.02476],[4.88266,44.02473],[4.88287,44.02457],[4.88351,44.02414]]},"properties":{"action":"modify","state":"new","osm_type":"way","osm_id":"255359869","highway":"secondary","axis":"secondary","version":"13","user":"JLZIMMERMANN","timestamp":"2026-09-23T07:31:11Z","changeset":"189434151","name":"Route de B\u00e9darrides","surface":"asphalt","changes":[{"k":"ref","old":"D 226","new":null},{"k":"was:ref","old":null,"new":"D 226"}]}},{"type":"Feature","geometry":{"type":"LineString","coordinates":[[4.99456,44.03463],[4.99458,44.03472],[4.9946,44.03476],[4.9946,44.0348]]},"properties":{"action":"modify","state":"new","osm_type":"way","osm_id":"258239593","highway":"secondary","axis":"secondary","version":"9","user":"enzo_immergis","timestamp":"2026-09-28T16:22:07Z","changeset":"189687837","name":"Boulevard Belle Croix","changes":[{"k":"cycleway:both","old":null,"new":"no"}]}},{"type":"Feature","geometry":{"type":"LineString","coordinates":[[4.99456,44.03463],[4.9946,44.0348]]},"properties":{"state":"old","osm_id":"258239593","axis":"secondary"}},{"type":"Feature","geometry":{"type":"LineString","coordinates":[[4.9946,44.0348],[4.99455,44.03478],[4.99446,44.03472],[4.99442,44.03468]]},"properties":{"action":"modify","state":"new","osm_type":"way","osm_id":"258239594","highway":"secondary","axis":"secondary","version":"11","user":"enzo_immergis","timestamp":"2026-09-28T16:22:07Z","changeset":"189687837","name":"Boulevard Belle Croix","surface":"asphalt","maxspeed":"50","changes":[{"k":"cycleway:both","old":null,"new":"no"}]}},{"type":"Feature","geometry":{"type":"LineString","coordinates":[[4.9946,44.0348],[4.99448,44.03471],[4.99445,44.03468]]},"properties":{"state":"old","osm_id":"258239594","axis":"secondary"}},{"type":"Feature","geometry":{"type":"LineString","coordinates":[[5.14955,43.86777],[5.14964,43.86776],[5.15009,43.86769],[5.15062,43.86758]]},"properties":{"action":"modify","state":"new","osm_type":"way","osm_id":"269144048","highway":"primary","axis":"main","version":"15","user":"cOSMografix","timestamp":"2026-09-26T09:25:15Z","changeset":"189578268","name":"Route d'Apt","ref":"D 900","surface":"asphalt","maxspeed":"50","changes":[{"k":"sidewalk:both","old":null,"new":"no"}]}},{"type":"Feature","geometry":{"type":"LineString","coordinates":[[5.14413,43.86725],[5.14427,43.86724],[5.14527,43.8672],[5.14551,43.86717],[5.14607,43.86715],[5.14649,43.86714],[5.14664,43.86713],[5.1468,43.86713],[5.14707,43.86712],[5.14753,43.86709],[5.14759,43.86708],[5.14774,43.86707],[5.14817,43.86705],[5.14825,43.86704],[5.14829,43.86704],[5.1491,43.86698],[5.1494,43.86695],[5.14975,43.86692],[5.14993,43.86689],[5.15013,43.86685],[5.15032,43.86683]]},"properties":{"action":"modify","state":"new","osm_type":"way","osm_id":"274820317","highway":"cycleway","axis":"path","version":"21","user":"Alexandre148025","timestamp":"2026-09-23T13:28:32Z","changeset":"189449915","surface":"asphalt","changes":[{"k":"railway","old":"razed","new":"abandoned"}]}},{"type":"Feature","geometry":{"type":"LineString","coordinates":[[5.1649,43.8641],[5.17224,43.86268],[5.17679,43.86181],[5.17682,43.8618],[5.17686,43.8618],[5.18321,43.86057],[5.18325,43.86057],[5.18328,43.86056],[5.18755,43.85974],[5.18855,43.85954],[5.18956,43.85936],[5.19033,43.85925],[5.19196,43.85906],[5.192,43.85906],[5.19203,43.85906],[5.19342,43.85891]]},"properties":{"action":"modify","state":"new","osm_type":"way","osm_id":"274821264","highway":"path","axis":"path","version":"19","user":"Alexandre148025","timestamp":"2026-09-23T13:28:32Z","changeset":"189449915","surface":"asphalt","changes":[{"k":"railway","old":"razed","new":"abandoned"}]}},{"type":"Feature","geometry":{"type":"LineString","coordinates":[[5.03268,43.91139],[5.03246,43.91126],[5.03217,43.91106],[5.03207,43.91099],[5.03199,43.91092],[5.03192,43.91083],[5.03167,43.9105]]},"properties":{"action":"modify","state":"new","osm_type":"way","osm_id":"275035452","highway":"tertiary","axis":"secondary","version":"6","user":"JLZIMMERMANN","timestamp":"2026-09-25T12:14:55Z","changeset":"189541592","name":"Route de Caumont","ref":"D 25","surface":"asphalt","changes":[{"k":"operator","old":null,"new":"CD84"},{"k":"surface","old":null,"new":"asphalt"}]}},{"type":"Feature","geometry":{"type":"LineString","coordinates":[[5.03385,43.91188],[5.03313,43.91162],[5.03278,43.91144],[5.03268,43.91139],[5.03246,43.91126],[5.03217,43.91106],[5.03207,43.91099],[5.03199,43.91092],[5.03192,43.91083],[5.03167,43.9105]]},"properties":{"state":"old","osm_id":"275035452","axis":"secondary"}},{"type":"Feature","geometry":{"type":"LineString","coordinates":[[4.86053,43.95122],[4.86083,43.95134],[4.86134,43.95152],[4.86176,43.95168],[4.86203,43.95177],[4.86243,43.95189],[4.86279,43.95199],[4.86301,43.95205],[4.86327,43.95211],[4.86348,43.95215],[4.86355,43.95217],[4.86381,43.95221],[4.8645,43.95231],[4.86485,43.95237],[4.86546,43.95247],[4.86586,43.95255]]},"properties":{"action":"modify","state":"new","osm_type":"way","osm_id":"275264595","highway":"secondary","axis":"secondary","version":"13","user":"JLZIMMERMANN","timestamp":"2026-09-23T14:11:43Z","changeset":"189452082","name":"Route de Saint-Saturnin","ref":"D 28","surface":"asphalt","maxspeed":"70","changes":[{"k":"operator","old":null,"new":"CD84"}]}},{"type":"Feature","geometry":{"type":"LineString","coordinates":[[4.86586,43.95255],[4.86545,43.95251],[4.8648,43.95241],[4.86463,43.95238],[4.86388,43.95227],[4.86363,43.95223],[4.86343,43.9522],[4.86325,43.95217],[4.86308,43.95213],[4.86285,43.95207],[4.86267,43.95201],[4.86212,43.95185],[4.86185,43.95176],[4.86164,43.95169],[4.86123,43.95154],[4.86088,43.9514]]},"properties":{"action":"modify","state":"new","osm_type":"way","osm_id":"275264596","highway":"secondary","axis":"secondary","version":"14","user":"JLZIMMERMANN","timestamp":"2026-09-23T14:11:43Z","changeset":"189452082","name":"Route de Saint-Saturnin","ref":"D 28","surface":"asphalt","maxspeed":"70","changes":[{"k":"operator","old":null,"new":"CD84"}]}},{"type":"Feature","geometry":{"type":"LineString","coordinates":[[4.89473,43.95381],[4.89518,43.95381],[4.8958,43.95386],[4.89647,43.95391],[4.89677,43.95392],[4.89702,43.95393],[4.89732,43.95394],[4.89747,43.95395],[4.89766,43.95397],[4.89793,43.95399],[4.89823,43.95401],[4.89886,43.95403],[4.89922,43.95404],[4.8993,43.95404],[4.89985,43.95405],[4.90002,43.95405],[4.90048,43.95405],[4.90086,43.95405],[4.90088,43.95405],[4.90106,43.95405],[4.90116,43.95405],[4.90128,43.95404],[4.90137,43.95403],[4.90148,43.95399],[4.90158,43.95393]]},"properties":{"action":"modify","state":"new","osm_type":"way","osm_id":"276019614","highway":"secondary","axis":"secondary","version":"17","user":"JLZIMMERMANN","timestamp":"2026-09-23T14:11:43Z","changeset":"189452082","name":"Route de Realpanier","ref":"D 28","surface":"asphalt","maxspeed":"50","changes":[{"k":"operator","old":null,"new":"CD84"}]}},{"type":"Feature","geometry":{"type":"LineString","coordinates":[[4.90223,43.95392],[4.90231,43.95396],[4.90243,43.954],[4.90256,43.95401],[4.90327,43.95402],[4.90387,43.95402]]},"properties":{"action":"modify","state":"new","osm_type":"way","osm_id":"276019615","highway":"secondary","axis":"secondary","version":"9","user":"JLZIMMERMANN","timestamp":"2026-09-23T14:11:43Z","changeset":"189452082","name":"Route de Saint-Saturnin","ref":"D 28","surface":"asphalt","changes":[{"k":"operator","old":null,"new":"CD84"}]}},{"type":"Feature","geometry":{"type":"LineString","coordinates":[[4.90387,43.95402],[4.90327,43.95407],[4.903,43.95409],[4.90258,43.95414],[4.90238,43.95416],[4.90229,43.95419],[4.9022,43.95423]]},"properties":{"action":"modify","state":"new","osm_type":"way","osm_id":"276019617","highway":"secondary","axis":"secondary","version":"9","user":"JLZIMMERMANN","timestamp":"2026-09-23T14:11:43Z","changeset":"189452082","name":"Route de Saint-Saturnin","ref":"D 28","surface":"asphalt","changes":[{"k":"operator","old":null,"new":"CD84"}]}},{"type":"Feature","geometry":{"type":"LineString","coordinates":[[5.40076,43.94673],[5.40074,43.94676],[5.40071,43.94678],[5.40063,43.94681],[5.40056,43.94685],[5.4005,43.94701],[5.40047,43.9471],[5.40048,43.94718],[5.40051,43.94723],[5.40054,43.94729],[5.40057,43.94734],[5.4006,43.9474],[5.40061,43.94745],[5.40057,43.94748],[5.40052,43.94749],[5.40021,43.94748],[5.39996,43.94751],[5.39991,43.9475],[5.39984,43.94748],[5.39971,43.94749],[5.39955,43.94754]]},"properties":{"action":"modify","state":"new","osm_type":"way","osm_id":"279437396","highway":"track","axis":"path","version":"4","user":"cOSMografix","timestamp":"2026-09-27T21:10:55Z","changeset":"189650351","changes":[{"k":"lit","old":null,"new":"no"}]}},{"type":"Feature","geometry":{"type":"LineString","coordinates":[[5.39253,43.94661],[5.39255,43.9466],[5.39258,43.94659],[5.39276,43.94657],[5.39297,43.94654],[5.39311,43.94652],[5.39326,43.94648],[5.39341,43.94643],[5.39386,43.94627],[5.39401,43.94622],[5.39413,43.9462],[5.39423,43.94618]]},"properties":{"action":"modify","state":"new","osm_type":"way","osm_id":"279437397","highway":"service","axis":"local","version":"6","user":"cOSMografix","timestamp":"2026-09-27T21:10:53Z","changeset":"189650351","name":"Chemin de la Fontaine de Guby","surface":"gravel","changes":[{"k":"lit","old":null,"new":"no"}]}},{"type":"Feature","geometry":{"type":"LineString","coordinates":[[5.39942,43.94375],[5.39954,43.94376],[5.39968,43.9438],[5.39975,43.94382]]},"properties":{"action":"modify","state":"new","osm_type":"way","osm_id":"279437399","highway":"path","axis":"path","version":"2","user":"cOSMografix","timestamp":"2026-09-27T21:10:58Z","changeset":"189650351","changes":[{"k":"lit","old":null,"new":"no"}]}},{"type":"Feature","geometry":{"type":"LineString","coordinates":[[5.39602,43.94521],[5.39623,43.94499],[5.39635,43.94489],[5.39637,43.94481],[5.3964,43.94474],[5.3965,43.94458],[5.39655,43.9445],[5.39657,43.94442],[5.39665,43.94434],[5.3967,43.94421],[5.39674,43.944],[5.39675,43.94391],[5.39677,43.94383],[5.39682,43.94366],[5.39684,43.94358],[5.39686,43.94348],[5.3969,43.94339],[5.39715,43.94331],[5.39725,43.94328],[5.3973,43.94324],[5.39737,43.94322],[5.39749,43.94318],[5.39759,43.94315],[5.39775,43.94305],[5.3978,43.94298],[5.39784,43.94296],[5.39792,43.94294],[5.39799,43.9429],[5.39807,43.94287],[5.39816,43.94285],[5.39823,43.9428],[5.39828,43.9428],[5.39838,43.94283],[5.3985,43.94287],[5.39858,43.94298],[5.39862,43.94306],[5.39872,43.94318],[5.39884,43.94323],[5.39894,43.94328],[5.39901,43.94334],[5.39909,43.94338],[5.39914,43.94341],[5.39925,43.94352],[5.39935,43.94362],[5.39942,43.94375],[5.39941,43.9439],[5.39942,43.94397],[5.39944,43.94401],[5.39942,43.94405],[5.39946,43.94409],[5.39946,43.94415],[5.3995,43.94423],[5.39956,43.94429],[5.39959,43.94436],[5.39965,43.94447],[5.3997,43.94453],[5.39972,43.94459],[5.39977,43.94463],[5.39981,43.9447],[5.39984,43.94473],[5.39988,43.94476],[5.39995,43.9448],[5.40004,43.94484],[5.40016,43.94487]]},"properties":{"action":"modify","state":"new","osm_type":"way","osm_id":"279437400","highway":"path","axis":"path","version":"5","user":"cOSMografix","timestamp":"2026-09-27T21:10:51Z","changeset":"189650351","changes":[{"k":"lit","old":null,"new":"no"}]}},{"type":"Feature","geometry":{"type":"LineString","coordinates":[[5.39602,43.94521],[5.39619,43.94531],[5.39621,43.94534],[5.39623,43.9455],[5.39632,43.94569],[5.39645,43.94578],[5.39652,43.94589],[5.39669,43.94598],[5.39682,43.94609],[5.39695,43.9463],[5.39704,43.94635],[5.39712,43.94642],[5.39724,43.94646],[5.39734,43.94653],[5.39741,43.94666],[5.3975,43.94672],[5.39761,43.94677],[5.39768,43.94689],[5.39778,43.94697],[5.39781,43.94705],[5.39797,43.94717],[5.39823,43.94719],[5.39836,43.94724],[5.3985,43.9473],[5.39866,43.94733],[5.39875,43.94736],[5.39893,43.9475],[5.39902,43.9476],[5.39908,43.94763],[5.39911,43.94763],[5.39924,43.94768],[5.3993,43.94772],[5.39941,43.94773],[5.39955,43.94769],[5.39965,43.94768],[5.39977,43.94765],[5.39987,43.94763],[5.39998,43.94764],[5.40007,43.94762],[5.40013,43.94763],[5.40021,43.9476],[5.4003,43.94758],[5.40036,43.94758],[5.40042,43.9476],[5.4005,43.94763],[5.40057,43.94763],[5.4006,43.94762],[5.40066,43.94762],[5.40081,43.94762],[5.4009,43.94762],[5.40101,43.9476],[5.40123,43.94759],[5.40139,43.94757],[5.40165,43.94756],[5.40176,43.94755],[5.40183,43.94752]]},"properties":{"action":"modify","state":"new","osm_type":"way","osm_id":"279437401","highway":"path","axis":"path","version":"6","user":"cOSMografix","timestamp":"2026-09-27T21:10:51Z","changeset":"189650351","changes":[{"k":"lit","old":null,"new":"no"}]}},{"type":"Feature","geometry":{"type":"LineString","coordinates":[[5.38054,43.88797],[5.38069,43.88796],[5.38075,43.88797]]},"properties":{"action":"modify","state":"new","osm_type":"way","osm_id":"285809212","highway":"unclassified","axis":"local","version":"11","user":"cOSMografix","timestamp":"2026-09-26T09:26:18Z","changeset":"189578349","surface":"asphalt","changes":[{"k":"foot","old":null,"new":"yes"}]}},{"type":"Feature","geometry":{"type":"LineString","coordinates":[[4.89934,44.038],[4.89925,44.03801],[4.89916,44.03801],[4.89911,44.03802],[4.89905,44.03803]]},"properties":{"action":"modify","state":"new","osm_type":"way","osm_id":"293393730","highway":"tertiary","axis":"secondary","version":"20","user":"JLZIMMERMANN","timestamp":"2026-09-29T20:55:50Z","changeset":"189747460","name":"Petite Route de Sorgues","changes":[{"k":"ref","old":"D 183","new":null},{"k":"was:ref","old":null,"new":"D 183"}]}},{"type":"Feature","geometry":{"type":"LineString","coordinates":[[4.90024,44.0384],[4.90037,44.03848],[4.90048,44.03856],[4.90057,44.03865]]},"properties":{"action":"modify","state":"new","osm_type":"way","osm_id":"293393742","highway":"tertiary","axis":"secondary","version":"22","user":"JLZIMMERMANN","timestamp":"2026-09-29T20:55:50Z","changeset":"189747460","name":"Petite Route de Sorgues","surface":"asphalt","changes":[{"k":"ref","old":"D 183","new":null},{"k":"was:ref","old":null,"new":"D 183"}]}},{"type":"Feature","geometry":{"type":"LineString","coordinates":[[4.90035,44.03876],[4.9003,44.03855],[4.90024,44.0384]]},"properties":{"action":"modify","state":"new","osm_type":"way","osm_id":"293393743","highway":"tertiary","axis":"secondary","version":"21","user":"JLZIMMERMANN","timestamp":"2026-09-29T20:55:50Z","changeset":"189747460","name":"Petite Route de Sorgues","changes":[{"k":"ref","old":"D 183","new":null},{"k":"was:ref","old":null,"new":"D 183"}]}},{"type":"Feature","geometry":{"type":"LineString","coordinates":[[5.03924,44.03384],[5.03917,44.03371],[5.03912,44.03365],[5.03907,44.0336],[5.03899,44.03355]]},"properties":{"action":"modify","state":"new","osm_type":"way","osm_id":"304657969","highway":"tertiary","axis":"secondary","version":"12","user":"JLZIMMERMANN","timestamp":"2026-09-23T06:48:08Z","changeset":"189432684","name":"Avenue des March\u00e9s","surface":"asphalt","changes":[{"k":"ref","old":"D 49","new":null},{"k":"was:ref","old":null,"new":"D 49"}]}},{"type":"Feature","geometry":{"type":"LineString","coordinates":[[5.22115,43.86102],[5.22138,43.861]]},"properties":{"action":"modify","state":"new","osm_type":"way","osm_id":"304854585","highway":"path","axis":"path","version":"14","user":"Alexandre148025","timestamp":"2026-09-23T13:28:32Z","changeset":"189449915","surface":"asphalt","changes":[{"k":"railway","old":"razed","new":"abandoned"}]}},{"type":"Feature","geometry":{"type":"LineString","coordinates":[[5.22138,43.861],[5.22173,43.86097],[5.22222,43.86088],[5.22261,43.86079],[5.22307,43.86067],[5.22349,43.86053],[5.22402,43.86032],[5.22447,43.8601],[5.22481,43.85995]]},"properties":{"action":"modify","state":"new","osm_type":"way","osm_id":"304854586","highway":"path","axis":"path","version":"13","user":"Alexandre148025","timestamp":"2026-09-23T13:28:32Z","changeset":"189449915","surface":"asphalt","changes":[{"k":"railway","old":"razed","new":"abandoned"}]}},{"type":"Feature","geometry":{"type":"LineString","coordinates":[[4.91608,43.89204],[4.91617,43.89173],[4.91624,43.89144],[4.9162,43.8912],[4.91608,43.89103],[4.91587,43.89082],[4.91562,43.89062],[4.91542,43.89049],[4.91527,43.89046],[4.91491,43.89043],[4.9144,43.89038]]},"properties":{"action":"modify","state":"new","osm_type":"way","osm_id":"304893925","highway":"primary_link","axis":"main","version":"16","user":"GuyonT","timestamp":"2026-09-23T13:10:31Z","changeset":"189449018","surface":"asphalt","changes":[{"k":"surface","old":null,"new":"asphalt"}]}},{"type":"Feature","geometry":{"type":"LineString","coordinates":[[5.31945,43.86506],[5.31956,43.86508],[5.31966,43.86516],[5.31976,43.86539],[5.31977,43.86558],[5.31989,43.86568],[5.32014,43.86579],[5.32029,43.86587],[5.32051,43.86595],[5.32059,43.86597],[5.32067,43.866],[5.32073,43.86603],[5.32077,43.86605],[5.32084,43.8661],[5.32086,43.86612],[5.32088,43.86615],[5.32098,43.86636],[5.32106,43.86651],[5.32121,43.86665],[5.32145,43.86678],[5.32156,43.86687],[5.32162,43.86695],[5.32165,43.86711],[5.32165,43.86717],[5.32164,43.8673],[5.32166,43.86736],[5.3218,43.86734],[5.32193,43.86733]]},"properties":{"action":"modify","state":"new","osm_type":"way","osm_id":"305459380","highway":"path","axis":"path","version":"3","user":"cOSMografix","timestamp":"2026-09-26T09:25:51Z","changeset":"189578337","changes":[{"k":"lit","old":null,"new":"no"}]}},{"type":"Feature","geometry":{"type":"LineString","coordinates":[[5.04609,43.83105],[5.04618,43.83101],[5.04634,43.83097],[5.04647,43.83095],[5.04691,43.83087],[5.04736,43.83078],[5.04825,43.83061],[5.0486,43.83055],[5.04885,43.83051],[5.04899,43.8305],[5.04908,43.83051]]},"properties":{"action":"modify","state":"new","osm_type":"way","osm_id":"305491390","highway":"residential","axis":"local","version":"12","user":"Alexandre148025","timestamp":"2026-09-23T13:28:32Z","changeset":"189449915","name":"Rue du Hameau de Saint-Anne","surface":"asphalt"}},{"type":"Feature","geometry":{"type":"LineString","coordinates":[[5.04601,43.8311],[5.04616,43.831],[5.04634,43.83097],[5.04646,43.83095],[5.04691,43.83087],[5.04736,43.83078],[5.04825,43.83061],[5.0486,43.83055],[5.04885,43.83051],[5.04899,43.8305],[5.04908,43.83051]]},"properties":{"state":"old","osm_id":"305491390","axis":"local"}},{"type":"Feature","geometry":{"type":"LineString","coordinates":[[5.11535,43.84899],[5.11511,43.84896],[5.11483,43.84892],[5.11468,43.8489]]},"properties":{"action":"modify","state":"new","osm_type":"way","osm_id":"305494149","highway":"secondary","axis":"secondary","version":"10","user":"cOSMografix","timestamp":"2026-09-26T09:24:50Z","changeset":"189578222","name":"Avenue Aristide Briand","ref":"D 2","surface":"asphalt","maxspeed":"50","changes":[{"k":"sidewalk:both","old":null,"new":"yes"}]}},{"type":"Feature","geometry":{"type":"LineString","coordinates":[[4.91763,43.95391],[4.91712,43.95394],[4.91659,43.95396],[4.91621,43.95396],[4.91561,43.95394],[4.91538,43.95393],[4.91519,43.95392],[4.91311,43.95381],[4.913,43.9538],[4.91125,43.95372]]},"properties":{"action":"modify","state":"new","osm_type":"way","osm_id":"305799421","highway":"secondary","axis":"secondary","version":"20","user":"JLZIMMERMANN","timestamp":"2026-09-23T14:11:43Z","changeset":"189452082","name":"Route de Saint-Saturnin","ref":"D 28","surface":"asphalt","changes":[{"k":"operator","old":null,"new":"CD84"}]}},{"type":"Feature","geometry":{"type":"LineString","coordinates":[[4.91762,43.95391],[4.91712,43.95394],[4.91659,43.95396],[4.91621,43.95396],[4.91561,43.95394],[4.91538,43.95393],[4.91519,43.95392],[4.91311,43.95381],[4.913,43.9538],[4.91125,43.95372]]},"properties":{"state":"old","osm_id":"305799421","axis":"secondary"}},{"type":"Feature","geometry":{"type":"LineString","coordinates":[[4.92729,43.95771],[4.92723,43.95771],[4.92705,43.95768],[4.92694,43.95766],[4.92666,43.95761],[4.92641,43.95756],[4.9262,43.95751],[4.92603,43.95746],[4.92589,43.95741],[4.92578,43.95735],[4.92569,43.95729],[4.92564,43.95724],[4.92555,43.95711],[4.92533,43.95679],[4.92525,43.95669],[4.92518,43.95659],[4.92507,43.95649],[4.92495,43.9564],[4.9248,43.9563],[4.9247,43.95624],[4.92447,43.95609],[4.92441,43.95606],[4.92424,43.95593]]},"properties":{"action":"modify","state":"new","osm_type":"way","osm_id":"305799427","highway":"secondary","axis":"secondary","version":"10","user":"JLZIMMERMANN","timestamp":"2026-09-23T14:11:43Z","changeset":"189452082","name":"Route d'Avignon","surface":"asphalt","maxspeed":"30","changes":[{"k":"ref","old":"D 28","new":null},{"k":"was:ref","old":null,"new":"D 28"}]}},{"type":"Feature","geometry":{"type":"LineString","coordinates":[[4.92832,43.95715],[4.92828,43.95728],[4.92824,43.95737],[4.92821,43.95745],[4.92814,43.95753],[4.92807,43.95759],[4.92797,43.95765],[4.92786,43.95769],[4.92775,43.95772],[4.9276,43.95773],[4.92743,43.95773],[4.92723,43.95771],[4.92694,43.95766],[4.92666,43.95761],[4.92641,43.95756],[4.9262,43.95751],[4.92603,43.95746],[4.92589,43.95741],[4.92578,43.95735],[4.92569,43.95729],[4.92564,43.95724],[4.92555,43.95711],[4.92533,43.95679],[4.92525,43.95669],[4.92518,43.95659],[4.92507,43.95649],[4.92495,43.9564],[4.9248,43.9563],[4.9247,43.95624],[4.92447,43.95609],[4.92441,43.95606],[4.92424,43.95593]]},"properties":{"state":"old","osm_id":"305799427","axis":"secondary"}},{"type":"Feature","geometry":{"type":"LineString","coordinates":[[4.88749,44.03398],[4.88656,44.03313],[4.88592,44.03252],[4.88583,44.03244]]},"properties":{"action":"modify","state":"new","osm_type":"way","osm_id":"305986781","highway":"secondary","axis":"secondary","version":"8","user":"JLZIMMERMANN","timestamp":"2026-09-29T21:02:19Z","changeset":"189747615","name":"Route de B\u00e9darrides","ref":"D 183","surface":"asphalt","changes":[{"k":"operator","old":"CG84","new":"CD84"}]}},{"type":"Feature","geometry":{"type":"LineString","coordinates":[[4.88427,44.01436],[4.88413,44.01449],[4.8841,44.01454],[4.884,44.0147],[4.88388,44.01491],[4.88379,44.01506],[4.88371,44.01521]]},"properties":{"action":"modify","state":"new","osm_type":"way","osm_id":"311370166","highway":"secondary","axis":"secondary","version":"11","user":"JLZIMMERMANN","timestamp":"2026-09-23T07:18:35Z","changeset":"189433706","name":"Boulevard Salvador Allende","changes":[{"k":"ref","old":"D 226","new":null},{"k":"was:ref","old":null,"new":"D 226"}]}},{"type":"Feature","geometry":{"type":"LineString","coordinates":[[4.88429,44.01412],[4.88435,44.01407],[4.88441,44.01402],[4.8845,44.01396]]},"properties":{"action":"modify","state":"new","osm_type":"way","osm_id":"311370167","highway":"secondary","axis":"secondary","version":"12","user":"JLZIMMERMANN","timestamp":"2026-09-23T07:18:35Z","changeset":"189433706","name":"Boulevard Salvador Allende","changes":[{"k":"ref","old":"D 226","new":null},{"k":"was:ref","old":null,"new":"D 226"}]}},{"type":"Feature","geometry":{"type":"LineString","coordinates":[[4.88371,44.01521],[4.88375,44.01505],[4.88381,44.01489],[4.8839,44.01471],[4.88404,44.01451],[4.88406,44.01447],[4.88411,44.01436],[4.88414,44.0143]]},"properties":{"action":"modify","state":"new","osm_type":"way","osm_id":"311370168","highway":"secondary","axis":"secondary","version":"12","user":"JLZIMMERMANN","timestamp":"2026-09-23T07:18:35Z","changeset":"189433706","name":"Boulevard Salvador Allende","changes":[{"k":"ref","old":"D 226","new":null},{"k":"was:ref","old":null,"new":"D 226"}]}},{"type":"Feature","geometry":{"type":"LineString","coordinates":[[4.8845,44.01396],[4.88446,44.01404],[4.88443,44.01411],[4.88443,44.01419]]},"properties":{"action":"modify","state":"new","osm_type":"way","osm_id":"311370169","highway":"secondary","axis":"secondary","version":"12","user":"JLZIMMERMANN","timestamp":"2026-09-23T07:18:35Z","changeset":"189433706","name":"Boulevard Salvador Allende","changes":[{"k":"ref","old":"D 226","new":null},{"k":"was:ref","old":null,"new":"D 226"}]}},{"type":"Feature","geometry":{"type":"LineString","coordinates":[[5.3662,43.88643],[5.36614,43.88637],[5.36609,43.88633],[5.36604,43.8863]]},"properties":{"action":"modify","state":"new","osm_type":"way","osm_id":"316724338","highway":"primary","axis":"main","version":"12","user":"cOSMografix","timestamp":"2026-09-27T20:30:19Z","changeset":"189649268","ref":"D 900","surface":"asphalt","maxspeed":"80","changes":[{"k":"foot","old":null,"new":"yes"},{"k":"sidewalk:both","old":null,"new":"no"}]}},{"type":"Feature","geometry":{"type":"LineString","coordinates":[[4.98039,43.96833],[4.98035,43.96829],[4.98023,43.96823],[4.97981,43.96806]]},"properties":{"action":"modify","state":"new","osm_type":"way","osm_id":"316869922","highway":"secondary","axis":"secondary","version":"8","user":"JLZIMMERMANN","timestamp":"2026-09-23T14:11:43Z","changeset":"189452082","ref":"D 28","surface":"asphalt","maxspeed":"80","changes":[{"k":"operator","old":null,"new":"CG84"}]}},{"type":"Feature","geometry":{"type":"LineString","coordinates":[[5.03176,43.91901],[5.03172,43.91902],[5.03159,43.91904],[5.03128,43.91911],[5.03119,43.91914]]},"properties":{"action":"modify","state":"new","osm_type":"way","osm_id":"320211351","highway":"secondary","axis":"secondary","version":"7","user":"enzo_immergis","timestamp":"2026-09-29T08:43:43Z","changeset":"189715545","name":"Route du Thor","surface":"asphalt","maxspeed":"50","changes":[{"k":"cycleway:both","old":null,"new":"no"}]}},{"type":"Feature","geometry":{"type":"LineString","coordinates":[[5.03119,43.91914],[5.03105,43.91917],[5.03018,43.91937]]},"properties":{"action":"modify","state":"new","osm_type":"way","osm_id":"320211354","highway":"secondary","axis":"secondary","version":"5","user":"enzo_immergis","timestamp":"2026-09-29T08:43:43Z","changeset":"189715545","name":"Route du Thor","surface":"asphalt","maxspeed":"50","changes":[{"k":"cycleway:both","old":null,"new":"no"}]}},{"type":"Feature","geometry":{"type":"LineString","coordinates":[[5.03392,43.91904],[5.03364,43.91899],[5.03335,43.91895]]},"properties":{"action":"modify","state":"new","osm_type":"way","osm_id":"320213405","highway":"secondary","axis":"secondary","version":"5","user":"enzo_immergis","timestamp":"2026-09-29T08:43:43Z","changeset":"189715545","name":"Route du Thor","surface":"asphalt","maxspeed":"50","changes":[{"k":"cycleway:both","old":null,"new":"no"}]}},{"type":"Feature","geometry":{"type":"LineString","coordinates":[[5.03546,43.9193],[5.03544,43.9193],[5.03502,43.91923],[5.03495,43.91922],[5.03463,43.91916]]},"properties":{"action":"modify","state":"new","osm_type":"way","osm_id":"320213575","highway":"secondary","axis":"secondary","version":"9","user":"enzo_immergis","timestamp":"2026-09-29T08:43:43Z","changeset":"189715545","name":"Route du Thor","surface":"asphalt","maxspeed":"30","changes":[{"k":"cycleway:both","old":null,"new":"no"}]}},{"type":"Feature","geometry":{"type":"LineString","coordinates":[[5.04895,43.91808],[5.0483,43.91821],[5.04816,43.91823],[5.04803,43.91825],[5.04796,43.91826]]},"properties":{"action":"modify","state":"new","osm_type":"way","osm_id":"320215497","highway":"secondary","axis":"secondary","version":"7","user":"enzo_immergis","timestamp":"2026-09-29T08:43:43Z","changeset":"189715545","name":"Avenue de la Lib\u00e9ration","surface":"asphalt","maxspeed":"50","changes":[{"k":"cycleway:both","old":null,"new":"no"}]}},{"type":"Feature","geometry":{"type":"LineString","coordinates":[[5.04926,43.91794],[5.04943,43.91796]]},"properties":{"action":"modify","state":"new","osm_type":"way","osm_id":"320216261","highway":"secondary","axis":"secondary","version":"9","user":"enzo_immergis","timestamp":"2026-09-29T08:43:43Z","changeset":"189715545","name":"Avenue de la Lib\u00e9ration","surface":"asphalt","maxspeed":"50","changes":[{"k":"cycleway:both","old":null,"new":"no"}]}},{"type":"Feature","geometry":{"type":"LineString","coordinates":[[5.04943,43.91796],[5.04934,43.91798],[5.04928,43.91799]]},"properties":{"action":"modify","state":"new","osm_type":"way","osm_id":"320216262","highway":"secondary","axis":"secondary","version":"7","user":"enzo_immergis","timestamp":"2026-09-29T08:43:43Z","changeset":"189715545","name":"Avenue de la Lib\u00e9ration","surface":"asphalt","maxspeed":"50","changes":[{"k":"cycleway:both","old":null,"new":"no"}]}},{"type":"Feature","geometry":{"type":"LineString","coordinates":[[5.02796,43.94612],[5.02787,43.9466]]},"properties":{"action":"modify","state":"new","osm_type":"way","osm_id":"320228679","highway":"primary","axis":"main","version":"9","user":"JLZIMMERMANN","timestamp":"2026-09-29T14:52:53Z","changeset":"189732586","name":"Route de Cavaillon","ref":"D 31","surface":"asphalt","maxspeed":"80"}},{"type":"Feature","geometry":{"type":"LineString","coordinates":[[5.02796,43.94612],[5.02787,43.9466],[5.0278,43.94699],[5.02778,43.94709],[5.02778,43.94712],[5.02776,43.94721]]},"properties":{"state":"old","osm_id":"320228679","axis":"main"}},{"type":"Feature","geometry":{"type":"LineString","coordinates":[[5.02745,43.94713],[5.02725,43.9473],[5.02709,43.94742],[5.02689,43.94752],[5.02641,43.94771],[5.0262,43.94778],[5.02601,43.94786],[5.02594,43.94794],[5.02565,43.94837],[5.02517,43.94896],[5.02499,43.94918],[5.02484,43.94935],[5.02438,43.94984],[5.02392,43.95035],[5.02371,43.95058],[5.02364,43.95064],[5.02355,43.95069],[5.02344,43.95072],[5.02338,43.95074],[5.02327,43.95075],[5.02314,43.95073],[5.02297,43.9507],[5.02279,43.95068],[5.02266,43.95066],[5.02257,43.95067],[5.02252,43.9507],[5.02245,43.95074],[5.02214,43.9511],[5.02199,43.95134],[5.02195,43.9514],[5.02188,43.9516],[5.02183,43.95185],[5.02178,43.95195],[5.02173,43.95203]]},"properties":{"action":"modify","state":"new","osm_type":"way","osm_id":"320229174","highway":"unclassified","axis":"local","version":"10","user":"JLZIMMERMANN","timestamp":"2026-09-29T14:52:53Z","changeset":"189732586","name":"Chemin de la Petite Bressy","ref":"D 31 D","surface":"asphalt","maxspeed":"30","moved_metres":15.1,"moved_only":true,"via_node":true}},{"type":"Feature","geometry":{"type":"LineString","coordinates":[[5.02733,43.94724],[5.02725,43.9473],[5.02709,43.94742],[5.02689,43.94752],[5.02641,43.94771],[5.0262,43.94778],[5.02601,43.94786],[5.02594,43.94794],[5.02565,43.94837],[5.02517,43.94896],[5.02499,43.94918],[5.02484,43.94935],[5.02438,43.94984],[5.02392,43.95035],[5.02371,43.95058],[5.02364,43.95064],[5.02355,43.95069],[5.02344,43.95072],[5.02338,43.95074],[5.02327,43.95075],[5.02314,43.95073],[5.02297,43.9507],[5.02279,43.95068],[5.02266,43.95066],[5.02257,43.95067],[5.02252,43.9507],[5.02245,43.95074],[5.02214,43.9511],[5.02199,43.95134],[5.02195,43.9514],[5.02188,43.9516],[5.02183,43.95185],[5.02178,43.95195],[5.02173,43.95203]]},"properties":{"state":"old","osm_id":"320229174","axis":"local"}},{"type":"Feature","geometry":{"type":"LineString","coordinates":[[5.02745,43.94713],[5.0276,43.94694],[5.02768,43.94685],[5.02779,43.94681]]},"properties":{"action":"modify","state":"new","osm_type":"way","osm_id":"320229175","highway":"unclassified","axis":"local","version":"6","user":"JLZIMMERMANN","timestamp":"2026-09-29T14:52:53Z","changeset":"189732586","name":"Chemin de la Petite Bressy","ref":"D 31 D","surface":"asphalt","maxspeed":"30"}},{"type":"Feature","geometry":{"type":"LineString","coordinates":[[5.02733,43.94724],[5.02752,43.94703],[5.0277,43.947],[5.0278,43.94699]]},"properties":{"state":"old","osm_id":"320229175","axis":"local"}},{"type":"Feature","geometry":{"type":"LineString","coordinates":[[5.02797,43.94692],[5.028,43.94697],[5.02826,43.94698]]},"properties":{"action":"modify","state":"new","osm_type":"way","osm_id":"320229662","highway":"unclassified","axis":"local","version":"5","user":"JLZIMMERMANN","timestamp":"2026-09-29T14:52:53Z","changeset":"189732586","ref":"D 31 D","surface":"asphalt","maxspeed":"30"}},{"type":"Feature","geometry":{"type":"LineString","coordinates":[[5.0278,43.94699],[5.02794,43.947],[5.0282,43.94701]]},"properties":{"state":"old","osm_id":"320229662","axis":"local"}},{"type":"Feature","geometry":{"type":"LineString","coordinates":[[5.02826,43.94698],[5.02801,43.94701],[5.02795,43.94702],[5.0279,43.94699]]},"properties":{"action":"modify","state":"new","osm_type":"way","osm_id":"320229663","highway":"unclassified","axis":"local","version":"5","user":"JLZIMMERMANN","timestamp":"2026-09-29T14:52:53Z","changeset":"189732586","ref":"D 31 D","maxspeed":"30"}},{"type":"Feature","geometry":{"type":"LineString","coordinates":[[5.0282,43.94701],[5.02798,43.94706],[5.02796,43.94706],[5.02785,43.94708],[5.02778,43.94709]]},"properties":{"state":"old","osm_id":"320229663","axis":"local"}},{"type":"Feature","geometry":{"type":"LineString","coordinates":[[5.028,43.94697],[5.02801,43.94701],[5.02799,43.9471],[5.02801,43.94713]]},"properties":{"action":"modify","state":"new","osm_type":"way","osm_id":"320229665","highway":"track","axis":"path","version":"3","user":"JLZIMMERMANN","timestamp":"2026-09-29T14:52:53Z","changeset":"189732586"}},{"type":"Feature","geometry":{"type":"LineString","coordinates":[[5.02794,43.947],[5.02796,43.94706],[5.02799,43.9471],[5.02801,43.94713]]},"properties":{"state":"old","osm_id":"320229665","axis":"path"}},{"type":"Feature","geometry":{"type":"LineString","coordinates":[[5.02977,43.94605],[5.02964,43.94626],[5.02939,43.9465],[5.02915,43.94663],[5.02826,43.94698]]},"properties":{"action":"modify","state":"new","osm_type":"way","osm_id":"320229712","highway":"unclassified","axis":"local","version":"7","user":"JLZIMMERMANN","timestamp":"2026-09-29T14:52:53Z","changeset":"189732586","ref":"D 31 D","surface":"asphalt","maxspeed":"80","moved_metres":5.9,"moved_only":true,"via_node":true}},{"type":"Feature","geometry":{"type":"LineString","coordinates":[[5.02977,43.94605],[5.02964,43.94626],[5.02939,43.9465],[5.02915,43.94663],[5.0282,43.94701]]},"properties":{"state":"old","osm_id":"320229712","axis":"local"}},{"type":"Feature","geometry":{"type":"LineString","coordinates":[[5.14285,43.86794],[5.14256,43.86772],[5.14251,43.86769],[5.14246,43.86765]]},"properties":{"action":"modify","state":"new","osm_type":"way","osm_id":"327469000","highway":"secondary","axis":"secondary","version":"13","user":"cOSMografix","timestamp":"2026-09-26T09:25:03Z","changeset":"189578268","name":"Route de Cavaillon","ref":"D 2","surface":"asphalt","maxspeed":"50","changes":[{"k":"sidewalk:both","old":null,"new":"yes"}]}},{"type":"Feature","geometry":{"type":"LineString","coordinates":[[5.14285,43.86794],[5.14298,43.86801],[5.14327,43.86821],[5.14342,43.86831]]},"properties":{"action":"modify","state":"new","osm_type":"way","osm_id":"327469002","highway":"secondary","axis":"secondary","version":"9","user":"cOSMografix","timestamp":"2026-09-26T09:25:03Z","changeset":"189578268","name":"Route de Cavaillon","ref":"D 2","surface":"asphalt","maxspeed":"50","changes":[{"k":"sidewalk:left","old":null,"new":"no"},{"k":"sidewalk:right","old":null,"new":"yes"}]}},{"type":"Feature","geometry":{"type":"LineString","coordinates":[[5.14329,43.86832],[5.14342,43.86831]]},"properties":{"action":"modify","state":"new","osm_type":"way","osm_id":"327483311","highway":"primary","axis":"main","version":"8","user":"cOSMografix","timestamp":"2026-09-26T09:25:05Z","changeset":"189578249","ref":"D 900","surface":"asphalt","maxspeed":"50","changes":[{"k":"foot","old":null,"new":"no"},{"k":"sidewalk:both","old":null,"new":"no"}]}},{"type":"Feature","geometry":{"type":"LineString","coordinates":[[4.89007,44.03871],[4.88998,44.03863],[4.8898,44.03845],[4.88972,44.03836],[4.88963,44.03819],[4.88961,44.03814],[4.88955,44.03799],[4.88954,44.03796],[4.88948,44.03776],[4.88944,44.03762],[4.88924,44.03683],[4.88916,44.03655],[4.889,44.03601],[4.88897,44.03592],[4.88886,44.03565],[4.88879,44.03551],[4.88861,44.03521],[4.88841,44.03494],[4.88838,44.0349],[4.88808,44.03454],[4.88792,44.03438],[4.88773,44.03421]]},"properties":{"action":"modify","state":"new","osm_type":"way","osm_id":"334852192","highway":"secondary","axis":"secondary","version":"14","user":"JLZIMMERMANN","timestamp":"2026-09-29T21:02:19Z","changeset":"189747615","name":"Petite Route de Sorgues","ref":"D 183","maxspeed":"50","changes":[{"k":"operator","old":"CG84","new":"CD84"}]}},{"type":"Feature","geometry":{"type":"LineString","coordinates":[[4.89007,44.03871],[4.88998,44.03863],[4.8898,44.03845],[4.88972,44.03836],[4.88963,44.03819],[4.88961,44.03814],[4.88955,44.03799],[4.88954,44.03796],[4.88948,44.03776],[4.88944,44.03762],[4.88924,44.03683],[4.88916,44.03655],[4.889,44.03601],[4.88887,44.03565],[4.88879,44.03551],[4.88861,44.03521],[4.88841,44.03494],[4.88838,44.0349],[4.88808,44.03453],[4.88792,44.03438],[4.88773,44.03421]]},"properties":{"state":"old","osm_id":"334852192","axis":"secondary"}},{"type":"Feature","geometry":{"type":"LineString","coordinates":[[4.89076,44.03904],[4.8908,44.03905],[4.89095,44.03906],[4.8913,44.03908],[4.89147,44.03908],[4.89161,44.03907],[4.89173,44.03906],[4.89185,44.03904],[4.89195,44.03902],[4.89235,44.03894],[4.89247,44.03891],[4.89267,44.03887],[4.89278,44.03886],[4.89306,44.03885],[4.89346,44.03887],[4.89375,44.03889],[4.89395,44.0389],[4.8941,44.03891],[4.8943,44.03892],[4.89438,44.03892],[4.89444,44.03892],[4.89461,44.03893],[4.89481,44.03894],[4.89505,44.03894],[4.89526,44.03894],[4.89539,44.03896],[4.89569,44.03893],[4.89587,44.0389],[4.89607,44.03887],[4.89623,44.03884],[4.89654,44.03876],[4.89694,44.03864],[4.89733,44.03853],[4.89766,44.0385],[4.89807,44.03845],[4.89824,44.03838],[4.89837,44.03832],[4.89855,44.0382]]},"properties":{"action":"modify","state":"new","osm_type":"way","osm_id":"334852193","highway":"tertiary","axis":"secondary","version":"18","user":"JLZIMMERMANN","timestamp":"2026-09-29T20:51:47Z","changeset":"189747333","name":"Petite Route de Sorgues","surface":"asphalt","maxspeed":"30","changes":[{"k":"ref","old":"D 183","new":null},{"k":"was:ref","old":null,"new":"D 183"}]}},{"type":"Feature","geometry":{"type":"LineString","coordinates":[[4.89007,44.03871],[4.89016,44.03877],[4.89023,44.03882],[4.8903,44.03886]]},"properties":{"action":"modify","state":"new","osm_type":"way","osm_id":"334852194","highway":"secondary","axis":"secondary","version":"11","user":"JLZIMMERMANN","timestamp":"2026-09-29T21:02:19Z","changeset":"189747615","name":"Petite Route de Sorgues","ref":"D 183","surface":"asphalt","changes":[{"k":"operator","old":"CG84","new":"CD84"}]}},{"type":"Feature","geometry":{"type":"LineString","coordinates":[[4.89952,44.03805],[4.89996,44.03822]]},"properties":{"action":"modify","state":"new","osm_type":"way","osm_id":"334862946","highway":"tertiary","axis":"secondary","version":"14","user":"JLZIMMERMANN","timestamp":"2026-09-29T20:55:50Z","changeset":"189747460","name":"Petite Route de Sorgues","surface":"asphalt","changes":[{"k":"ref","old":"D 183","new":null},{"k":"was:ref","old":null,"new":"D 183"}]}},{"type":"Feature","geometry":{"type":"LineString","coordinates":[[4.88373,43.91075],[4.88357,43.91082],[4.88354,43.91083],[4.88329,43.91094],[4.88314,43.91101],[4.88294,43.91112],[4.88248,43.91141],[4.88197,43.9117],[4.88126,43.91208],[4.88079,43.91232],[4.88054,43.91244],[4.87987,43.91279],[4.87878,43.91334],[4.8783,43.9136],[4.87783,43.91387],[4.87694,43.9144],[4.87651,43.91465],[4.87629,43.91477],[4.87607,43.91489],[4.87575,43.91506],[4.87558,43.91515],[4.87543,43.91524],[4.87525,43.91537],[4.87509,43.91551],[4.87503,43.91556],[4.87499,43.91562]]},"properties":{"action":"modify","state":"new","osm_type":"way","osm_id":"342346396","highway":"primary","axis":"main","version":"17","user":"GuyonT","timestamp":"2026-09-23T13:14:30Z","changeset":"189449231","name":"Route de Marseille","ref":"D 907","surface":"asphalt","maxspeed":"70","changes":[{"k":"sidewalk:both","old":null,"new":"no"}]}},{"type":"Feature","geometry":{"type":"LineString","coordinates":[[5.13103,43.9212],[5.13113,43.92116],[5.13124,43.92105],[5.13128,43.92092],[5.13137,43.9206],[5.13153,43.92021],[5.13158,43.92011],[5.13171,43.91984]]},"properties":{"action":"modify","state":"new","osm_type":"way","osm_id":"351227823","highway":"footway","axis":"path","version":"10","user":"JLZIMMERMANN","timestamp":"2026-09-25T12:14:55Z","changeset":"189541592","name":"Chemin de la Fontaine","ref":"D 25","surface":"concrete","changes":[{"k":"operator","old":null,"new":"CD84"},{"k":"ref","old":null,"new":"D 25"}]}},{"type":"Feature","geometry":{"type":"LineString","coordinates":[[5.14174,43.86712],[5.14161,43.86702]]},"properties":{"action":"modify","state":"new","osm_type":"way","osm_id":"354089584","highway":"secondary","axis":"secondary","version":"9","user":"cOSMografix","timestamp":"2026-09-26T09:25:02Z","changeset":"189578268","name":"Route de Cavaillon","ref":"D 2","surface":"asphalt","maxspeed":"50","changes":[{"k":"sidewalk:both","old":null,"new":"yes"}]}},{"type":"Feature","geometry":{"type":"LineString","coordinates":[[5.14161,43.86702],[5.1412,43.86673],[5.14104,43.86661],[5.14076,43.8664],[5.14068,43.86634],[5.14033,43.86608],[5.14017,43.86596],[5.14008,43.86589],[5.13971,43.8656],[5.13937,43.86534],[5.1387,43.86483],[5.13849,43.86467]]},"properties":{"action":"modify","state":"new","osm_type":"way","osm_id":"354089585","highway":"secondary","axis":"secondary","version":"13","user":"cOSMografix","timestamp":"2026-09-26T09:25:02Z","changeset":"189578268","name":"Route de Cavaillon","ref":"D 2","surface":"asphalt","maxspeed":"50","changes":[{"k":"sidewalk:left","old":null,"new":"yes"},{"k":"sidewalk:right","old":null,"new":"no"}]}},{"type":"Feature","geometry":{"type":"LineString","coordinates":[[5.06829,43.8375],[5.06814,43.8375]]},"properties":{"action":"modify","state":"new","osm_type":"way","osm_id":"354089593","highway":"tertiary","axis":"secondary","version":"7","user":"cOSMografix","timestamp":"2026-09-26T09:24:20Z","changeset":"189578224","name":"Route des Taillades","surface":"asphalt","maxspeed":"70","changes":[{"k":"cycleway:left","old":null,"new":"no"},{"k":"cycleway:right","old":null,"new":"separate"}]}},{"type":"Feature","geometry":{"type":"LineString","coordinates":[[5.11272,43.85766],[5.11281,43.85772]]},"properties":{"action":"modify","state":"new","osm_type":"way","osm_id":"355014926","highway":"path","axis":"path","version":"14","user":"Alexandre148025","timestamp":"2026-09-23T13:28:32Z","changeset":"189449915","surface":"asphalt","changes":[{"k":"railway","old":"razed","new":"abandoned"}]}},{"type":"Feature","geometry":{"type":"LineString","coordinates":[[5.11414,43.8593],[5.1143,43.85962]]},"properties":{"action":"modify","state":"new","osm_type":"way","osm_id":"355015538","highway":"path","axis":"path","version":"13","user":"Alexandre148025","timestamp":"2026-09-23T13:28:32Z","changeset":"189449915","surface":"asphalt","changes":[{"k":"railway","old":"razed","new":"abandoned"}]}},{"type":"Feature","geometry":{"type":"LineString","coordinates":[[5.1143,43.85962],[5.11437,43.85976],[5.11448,43.85998]]},"properties":{"action":"modify","state":"new","osm_type":"way","osm_id":"355018658","highway":"path","axis":"path","version":"14","user":"Alexandre148025","timestamp":"2026-09-23T13:28:32Z","changeset":"189449915","surface":"asphalt","changes":[{"k":"railway","old":"razed","new":"abandoned"}]}},{"type":"Feature","geometry":{"type":"LineString","coordinates":[[5.11281,43.85772],[5.11293,43.85781],[5.11308,43.85792],[5.11329,43.8581],[5.11353,43.85835],[5.11375,43.85861],[5.11385,43.85876],[5.11393,43.85888],[5.11399,43.859],[5.11404,43.8591],[5.11414,43.8593]]},"properties":{"action":"modify","state":"new","osm_type":"way","osm_id":"355018660","highway":"path","axis":"path","version":"13","user":"Alexandre148025","timestamp":"2026-09-23T13:28:32Z","changeset":"189449915","surface":"asphalt","changes":[{"k":"railway","old":"razed","new":"abandoned"}]}},{"type":"Feature","geometry":{"type":"LineString","coordinates":[[4.86379,44.00862],[4.86395,44.00888],[4.86408,44.00919],[4.8642,44.00945],[4.86433,44.0097],[4.86446,44.00987],[4.86455,44.00998],[4.86468,44.01007],[4.86509,44.01032],[4.86528,44.01045],[4.86538,44.01053],[4.86544,44.0106],[4.86545,44.0107],[4.86544,44.01079],[4.86543,44.01091],[4.86543,44.01095]]},"properties":{"action":"modify","state":"new","osm_type":"way","osm_id":"358180926","highway":"trunk_link","axis":"main","version":"8","user":"JLZIMMERMANN","timestamp":"2026-09-24T05:06:11Z","changeset":"189477719","name":"Chemin des Combes","maxspeed":"70","moved_metres":1.1,"moved_only":true,"via_node":true}},{"type":"Feature","geometry":{"type":"LineString","coordinates":[[4.86379,44.00862],[4.86395,44.00888],[4.86408,44.00919],[4.8642,44.00945],[4.86433,44.0097],[4.86446,44.00987],[4.86455,44.00998],[4.86468,44.01007],[4.86509,44.01032],[4.86528,44.01045],[4.86538,44.01053],[4.86544,44.0106],[4.86545,44.0107],[4.86544,44.01079],[4.86543,44.0109],[4.86543,44.01095]]},"properties":{"state":"old","osm_id":"358180926","axis":"main"}},{"type":"Feature","geometry":{"type":"LineString","coordinates":[[4.88381,44.01954],[4.88375,44.01874],[4.88374,44.01862],[4.88372,44.01851],[4.88365,44.0183],[4.8836,44.01816],[4.88357,44.01811]]},"properties":{"action":"modify","state":"new","osm_type":"way","osm_id":"358180953","highway":"secondary","axis":"secondary","version":"10","user":"JLZIMMERMANN","timestamp":"2026-09-23T07:31:11Z","changeset":"189434151","name":"Route de B\u00e9darrides","surface":"asphalt","changes":[{"k":"was:ref","old":null,"new":"D 226"}]}},{"type":"Feature","geometry":{"type":"LineString","coordinates":[[5.11457,44.27874],[5.11458,44.27878],[5.11465,44.27883],[5.11486,44.27898],[5.11496,44.27927],[5.11506,44.27954],[5.11517,44.27969],[5.11527,44.27981],[5.11536,44.28005],[5.11543,44.28014],[5.11556,44.28026],[5.11563,44.28031],[5.1157,44.28033],[5.11575,44.28029],[5.11588,44.2802],[5.11618,44.28006],[5.11647,44.27997],[5.11663,44.27997]]},"properties":{"action":"modify","state":"new","osm_type":"way","osm_id":"364613077","highway":"service","axis":"local","version":"6","user":"JLZIMMERMANN","timestamp":"2026-09-24T09:25:45Z","changeset":"189486623","moved_metres":16.7,"moved_only":true,"via_node":true}},{"type":"Feature","geometry":{"type":"LineString","coordinates":[[5.11457,44.27874],[5.11458,44.27878],[5.11465,44.27883],[5.11486,44.27898],[5.11496,44.27927],[5.11506,44.27954],[5.11517,44.27969],[5.11527,44.27981],[5.11536,44.28005],[5.11543,44.28014],[5.11556,44.28026],[5.11563,44.28031],[5.1157,44.28033],[5.11575,44.28029],[5.11588,44.2802],[5.11601,44.28014],[5.11647,44.27997],[5.11663,44.27997]]},"properties":{"state":"old","osm_id":"364613077","axis":"local"}},{"type":"Feature","geometry":{"type":"LineString","coordinates":[[5.01729,43.98153],[5.01734,43.98158],[5.01741,43.98163],[5.01769,43.98177],[5.01805,43.98196],[5.0184,43.98214],[5.0188,43.98233],[5.01933,43.98257],[5.01995,43.98286]]},"properties":{"action":"modify","state":"new","osm_type":"way","osm_id":"369166722","highway":"secondary","axis":"secondary","version":"12","user":"JLZIMMERMANN","timestamp":"2026-09-23T16:14:30Z","changeset":"189457977","name":"Route d'Avignon","ref":"D 28","surface":"asphalt","maxspeed":"80","changes":[{"k":"operator","old":"CG84","new":"CD84"}]}},{"type":"Feature","geometry":{"type":"LineString","coordinates":[[4.87067,44.02055],[4.87092,44.02108]]},"properties":{"action":"modify","state":"new","osm_type":"way","osm_id":"369501388","highway":"primary","axis":"main","version":"13","user":"JLZIMMERMANN","timestamp":"2026-09-29T13:04:24Z","changeset":"189726941","name":"D 907 (Avenue d'Orange)","ref":"D 907","surface":"asphalt","maxspeed":"90","changes":[{"k":"operator","old":"CG84","new":"CD84"}]}},{"type":"Feature","geometry":{"type":"LineString","coordinates":[[4.87067,44.02055],[4.87048,44.02026],[4.87025,44.01984]]},"properties":{"action":"modify","state":"new","osm_type":"way","osm_id":"369501389","highway":"trunk","axis":"main","version":"16","user":"JLZIMMERMANN","timestamp":"2026-09-29T13:04:24Z","changeset":"189726941","name":"D 907 (Avenue d'Orange)","ref":"D 907","surface":"asphalt","maxspeed":"90","changes":[{"k":"operator","old":"CG84","new":"CD84"}]}},{"type":"Feature","geometry":{"type":"LineString","coordinates":[[4.8711,44.02145],[4.87121,44.02169],[4.87128,44.02183]]},"properties":{"action":"modify","state":"new","osm_type":"way","osm_id":"369501390","highway":"primary","axis":"main","version":"16","user":"JLZIMMERMANN","timestamp":"2026-09-29T13:04:24Z","changeset":"189726941","name":"D 907 (Avenue d'Orange)","ref":"D 907","surface":"asphalt","maxspeed":"80","changes":[{"k":"maxspeed","old":"90","new":"80"},{"k":"operator","old":"CG84","new":"CD84"}]}},{"type":"Feature","geometry":{"type":"LineString","coordinates":[[4.87092,44.02108],[4.87103,44.02131],[4.87121,44.02169],[4.87128,44.02183]]},"properties":{"state":"old","osm_id":"369501390","axis":"main"}},{"type":"Feature","geometry":{"type":"LineString","coordinates":[[4.87182,44.02298],[4.87171,44.02277],[4.87164,44.0226],[4.87137,44.02203],[4.87128,44.02183]]},"properties":{"action":"modify","state":"new","osm_type":"way","osm_id":"369501391","highway":"primary","axis":"main","version":"16","user":"JLZIMMERMANN","timestamp":"2026-09-29T13:04:24Z","changeset":"189726941","name":"D 907 (Avenue d'Orange)","ref":"D 907","surface":"asphalt","maxspeed":"90","changes":[{"k":"operator","old":"CG84","new":"CD84"}]}},{"type":"Feature","geometry":{"type":"LineString","coordinates":[[5.01361,43.97995],[5.01377,43.97997]]},"properties":{"action":"modify","state":"new","osm_type":"way","osm_id":"374401060","highway":"secondary","axis":"secondary","version":"6","user":"JLZIMMERMANN","timestamp":"2026-09-23T16:14:30Z","changeset":"189457977","name":"Route d'Avignon","ref":"D 28","surface":"asphalt","changes":[{"k":"operator","old":"CG84","new":"CD84"}]}},{"type":"Feature","geometry":{"type":"LineString","coordinates":[[5.01377,43.97997],[5.01406,43.98003],[5.01435,43.98011],[5.01463,43.98019],[5.01499,43.98032],[5.01527,43.98044],[5.01538,43.9805],[5.01557,43.98059],[5.01575,43.9807]]},"properties":{"action":"modify","state":"new","osm_type":"way","osm_id":"374401061","highway":"secondary","axis":"secondary","version":"11","user":"JLZIMMERMANN","timestamp":"2026-09-23T16:14:30Z","changeset":"189457977","name":"Route d'Avignon","ref":"D 28","surface":"asphalt","changes":[{"k":"operator","old":"CG84","new":"CD84"}]}},{"type":"Feature","geometry":{"type":"LineString","coordinates":[[5.01377,43.97997],[5.01406,43.98003],[5.01435,43.98011],[5.01463,43.98019],[5.01499,43.98032],[5.01527,43.98044],[5.01542,43.98052],[5.01557,43.98059],[5.01575,43.9807]]},"properties":{"state":"old","osm_id":"374401061","axis":"secondary"}},{"type":"Feature","geometry":{"type":"LineString","coordinates":[[5.04101,44.04133],[5.04106,44.04104]]},"properties":{"action":"modify","state":"new","osm_type":"way","osm_id":"376587817","highway":"tertiary","axis":"secondary","version":"6","user":"JLZIMMERMANN","timestamp":"2026-09-23T06:48:08Z","changeset":"189432684","name":"Avenue des March\u00e9s","surface":"asphalt","changes":[{"k":"ref","old":"D 49","new":null},{"k":"was:ref","old":null,"new":"D 49"}]}},{"type":"Feature","geometry":{"type":"LineString","coordinates":[[5.04106,44.04104],[5.04117,44.04127],[5.04119,44.04132]]},"properties":{"action":"modify","state":"new","osm_type":"way","osm_id":"376587818","highway":"tertiary","axis":"secondary","version":"5","user":"JLZIMMERMANN","timestamp":"2026-09-23T06:48:08Z","changeset":"189432684","name":"Avenue des March\u00e9s","surface":"asphalt","changes":[{"k":"ref","old":"D 49","new":null},{"k":"was:ref","old":null,"new":"D 49"}]}},{"type":"Feature","geometry":{"type":"LineString","coordinates":[[5.39562,43.87888],[5.39632,43.87877],[5.39647,43.87874],[5.39677,43.87861]]},"properties":{"action":"modify","state":"new","osm_type":"way","osm_id":"384947026","highway":"residential","axis":"local","version":"3","user":"Alexandre148025","timestamp":"2026-09-23T13:28:32Z","changeset":"189449915","name":"Impasse des Trois Pins"}},{"type":"Feature","geometry":{"type":"LineString","coordinates":[[5.39562,43.87887],[5.39642,43.87875],[5.39668,43.87862]]},"properties":{"state":"old","osm_id":"384947026","axis":"local"}},{"type":"Feature","geometry":{"type":"LineString","coordinates":[[5.14891,43.86788],[5.14955,43.86777]]},"properties":{"action":"modify","state":"new","osm_type":"way","osm_id":"386834257","highway":"primary","axis":"main","version":"7","user":"cOSMografix","timestamp":"2026-09-26T09:25:14Z","changeset":"189578268","name":"Route d'Apt","ref":"D 900","surface":"asphalt","maxspeed":"50","changes":[{"k":"sidewalk:both","old":null,"new":"no"}]}},{"type":"Feature","geometry":{"type":"LineString","coordinates":[[5.162,43.87615],[5.16191,43.87619]]},"properties":{"action":"modify","state":"new","osm_type":"way","osm_id":"390466077","highway":"tertiary","axis":"secondary","version":"3","user":"JLZIMMERMANN","timestamp":"2026-09-23T22:05:10Z","changeset":"189470856","ref":"D 148","surface":"asphalt","changes":[{"k":"operator","old":null,"new":"CD84"},{"k":"surface","old":null,"new":"asphalt"}]}},{"type":"Feature","geometry":{"type":"LineString","coordinates":[[5.16204,43.87613],[5.16191,43.87619]]},"properties":{"state":"old","osm_id":"390466077","axis":"secondary"}},{"type":"Feature","geometry":{"type":"LineString","coordinates":[[5.15801,43.87821],[5.15794,43.87825],[5.15786,43.87828],[5.1578,43.8783],[5.15758,43.87832]]},"properties":{"action":"modify","state":"new","osm_type":"way","osm_id":"390466079","highway":"tertiary","axis":"secondary","version":"5","user":"JLZIMMERMANN","timestamp":"2026-09-23T22:05:10Z","changeset":"189470856","name":"Route des Beaumettes","changes":[{"k":"ref","old":"D 148","new":null},{"k":"was:ref","old":null,"new":"D 148"}]}},{"type":"Feature","geometry":{"type":"LineString","coordinates":[[5.15822,43.87802],[5.15814,43.87807],[5.1581,43.87811],[5.15807,43.87815],[5.15804,43.87819],[5.15801,43.87821],[5.15794,43.87825],[5.15786,43.87828],[5.1578,43.8783],[5.15758,43.87832]]},"properties":{"state":"old","osm_id":"390466079","axis":"secondary"}},{"type":"Feature","geometry":{"type":"LineString","coordinates":[[5.19621,43.85862],[5.19688,43.85854],[5.19759,43.85846]]},"properties":{"action":"modify","state":"new","osm_type":"way","osm_id":"395067776","highway":"primary","axis":"main","version":"6","user":"Alexandre148025","timestamp":"2026-09-23T13:28:32Z","changeset":"189449915","ref":"D 900","surface":"asphalt","maxspeed":"80","changes":[{"k":"railway","old":null,"new":"abandoned"}]}},{"type":"Feature","geometry":{"type":"LineString","coordinates":[[5.19843,43.85836],[5.20176,43.85797],[5.20207,43.85794]]},"properties":{"action":"modify","state":"new","osm_type":"way","osm_id":"395067780","highway":"primary","axis":"main","version":"8","user":"Alexandre148025","timestamp":"2026-09-23T13:28:32Z","changeset":"189449915","ref":"D 900","surface":"asphalt","maxspeed":"80","changes":[{"k":"railway","old":null,"new":"abandoned"}]}},{"type":"Feature","geometry":{"type":"LineString","coordinates":[[5.20207,43.85794],[5.20238,43.85791],[5.20273,43.85789],[5.20315,43.85787],[5.20359,43.85787]]},"properties":{"action":"modify","state":"new","osm_type":"way","osm_id":"395067785","highway":"primary","axis":"main","version":"11","user":"Alexandre148025","timestamp":"2026-09-23T13:28:32Z","changeset":"189449915","ref":"D 900","surface":"asphalt","maxspeed":"80","changes":[{"k":"railway","old":null,"new":"abandoned"}]}},{"type":"Feature","geometry":{"type":"LineString","coordinates":[[5.19831,43.85838],[5.19843,43.85836]]},"properties":{"action":"modify","state":"new","osm_type":"way","osm_id":"395067797","highway":"primary","axis":"main","version":"6","user":"Alexandre148025","timestamp":"2026-09-23T13:28:32Z","changeset":"189449915","ref":"D 900","surface":"asphalt","maxspeed":"80","changes":[{"k":"railway","old":null,"new":"abandoned"}]}},{"type":"Feature","geometry":{"type":"LineString","coordinates":[[5.20359,43.85787],[5.20573,43.85789],[5.20618,43.8579],[5.20668,43.85792],[5.20711,43.85795],[5.20745,43.85798],[5.20777,43.85802],[5.20815,43.85807],[5.20858,43.85814],[5.20899,43.85822],[5.20925,43.85827],[5.20958,43.85835],[5.21,43.85846],[5.21072,43.85866]]},"properties":{"action":"modify","state":"new","osm_type":"way","osm_id":"395067802","highway":"primary","axis":"main","version":"7","user":"Alexandre148025","timestamp":"2026-09-23T13:28:32Z","changeset":"189449915","ref":"D 900","surface":"asphalt","maxspeed":"80","changes":[{"k":"railway","old":null,"new":"abandoned"}]}},{"type":"Feature","geometry":{"type":"LineString","coordinates":[[5.19554,43.85871],[5.19561,43.8587],[5.19621,43.85862]]},"properties":{"action":"modify","state":"new","osm_type":"way","osm_id":"395067804","highway":"primary","axis":"main","version":"7","user":"Alexandre148025","timestamp":"2026-09-23T13:28:32Z","changeset":"189449915","ref":"D 900","surface":"asphalt","maxspeed":"80","changes":[{"k":"railway","old":null,"new":"abandoned"}]}},{"type":"Feature","geometry":{"type":"LineString","coordinates":[[5.10222,43.85353],[5.10225,43.85355],[5.10229,43.85356],[5.1029,43.85379],[5.10426,43.8543],[5.10569,43.85484],[5.10599,43.85496],[5.10764,43.8556],[5.10959,43.85634],[5.10959,43.85635],[5.10964,43.85636],[5.10967,43.85637],[5.10967,43.85637],[5.11075,43.85678]]},"properties":{"action":"modify","state":"new","osm_type":"way","osm_id":"395083215","highway":"path","axis":"path","version":"17","user":"Alexandre148025","timestamp":"2026-09-23T13:28:32Z","changeset":"189449915","surface":"asphalt","changes":[{"k":"railway","old":"razed","new":"abandoned"}]}},{"type":"Feature","geometry":{"type":"LineString","coordinates":[[5.11075,43.85678],[5.11088,43.85683]]},"properties":{"action":"modify","state":"new","osm_type":"way","osm_id":"395083222","highway":"path","axis":"path","version":"13","user":"Alexandre148025","timestamp":"2026-09-23T13:28:32Z","changeset":"189449915","surface":"asphalt","changes":[{"k":"railway","old":"razed","new":"abandoned"}]}},{"type":"Feature","geometry":{"type":"LineString","coordinates":[[5.04489,43.91876],[5.04446,43.91884],[5.04436,43.91886],[5.04415,43.91889],[5.04389,43.91894]]},"properties":{"action":"modify","state":"new","osm_type":"way","osm_id":"395119709","highway":"secondary","axis":"secondary","version":"6","user":"enzo_immergis","timestamp":"2026-09-29T08:43:43Z","changeset":"189715545","name":"Cours \u00c9mile Zola","surface":"asphalt","maxspeed":"30","changes":[{"k":"cycleway:both","old":null,"new":"no"}]}},{"type":"Feature","geometry":{"type":"LineString","coordinates":[[5.04389,43.91894],[5.04379,43.91896],[5.04368,43.91898],[5.04313,43.91908],[5.04282,43.91914],[5.04253,43.91919],[5.04186,43.91931],[5.04179,43.91932],[5.04151,43.91938],[5.04138,43.9194],[5.04124,43.91943]]},"properties":{"action":"modify","state":"new","osm_type":"way","osm_id":"395119720","highway":"secondary","axis":"secondary","version":"6","user":"enzo_immergis","timestamp":"2026-09-29T08:43:43Z","changeset":"189715545","name":"Cours \u00c9mile Zola","surface":"asphalt","maxspeed":"50","changes":[{"k":"cycleway:both","old":null,"new":"no"}]}},{"type":"Feature","geometry":{"type":"LineString","coordinates":[[5.02834,43.91985],[5.02821,43.91991],[5.02804,43.91997],[5.02796,43.92],[5.0279,43.92003],[5.02789,43.92004],[5.02788,43.92005],[5.02784,43.92008]]},"properties":{"action":"modify","state":"new","osm_type":"way","osm_id":"395123920","highway":"secondary","axis":"secondary","version":"6","user":"enzo_immergis","timestamp":"2026-09-29T08:43:43Z","changeset":"189715545","name":"Route du Thor","surface":"asphalt","maxspeed":"50"}},{"type":"Feature","geometry":{"type":"LineString","coordinates":[[5.02957,43.91951],[5.02932,43.91958],[5.02897,43.91967]]},"properties":{"action":"modify","state":"new","osm_type":"way","osm_id":"395123922","highway":"secondary","axis":"secondary","version":"4","user":"enzo_immergis","timestamp":"2026-09-29T08:43:43Z","changeset":"189715545","name":"Route du Thor","surface":"asphalt","maxspeed":"30"}},{"type":"Feature","geometry":{"type":"LineString","coordinates":[[5.36516,43.88588],[5.36609,43.88618],[5.3662,43.8862],[5.36629,43.88621],[5.36637,43.88622]]},"properties":{"action":"modify","state":"new","osm_type":"way","osm_id":"399014789","highway":"primary","axis":"main","version":"8","user":"cOSMografix","timestamp":"2026-09-26T09:26:03Z","changeset":"189578349","ref":"D 900","surface":"asphalt","maxspeed":"80","changes":[{"k":"foot","old":null,"new":"yes"},{"k":"sidewalk:both","old":null,"new":"no"}]}},{"type":"Feature","geometry":{"type":"LineString","coordinates":[[4.90035,44.03876],[4.90029,44.03878],[4.90027,44.03882],[4.90026,44.03885]]},"properties":{"action":"modify","state":"new","osm_type":"way","osm_id":"403459956","highway":"tertiary","axis":"secondary","version":"8","user":"JLZIMMERMANN","timestamp":"2026-09-29T20:55:50Z","changeset":"189747460","name":"Petite Route de Sorgues","surface":"asphalt","maxspeed":"50","changes":[{"k":"ref","old":"D 183","new":null},{"k":"was:ref","old":null,"new":"D 183"}]}},{"type":"Feature","geometry":{"type":"LineString","coordinates":[[5.0871,43.84999],[5.08738,43.84998],[5.08773,43.84997],[5.08804,43.84994],[5.08953,43.84976],[5.09042,43.84965],[5.09133,43.84954],[5.09229,43.84943],[5.09266,43.84939],[5.09303,43.84937],[5.09344,43.84936],[5.09381,43.84938],[5.09434,43.84943],[5.09461,43.84947],[5.09491,43.84953],[5.09537,43.84962],[5.09589,43.84976],[5.09623,43.84989],[5.09656,43.85003],[5.09683,43.85015],[5.09713,43.8503],[5.09719,43.85033],[5.09722,43.85035],[5.09725,43.85037],[5.09729,43.85039],[5.0977,43.85067],[5.09815,43.851],[5.09971,43.85218],[5.10008,43.85244],[5.1003,43.85261],[5.10046,43.85271],[5.10064,43.85282],[5.10094,43.85299],[5.10129,43.85315],[5.10161,43.8533],[5.10184,43.85339],[5.10206,43.85347],[5.10218,43.85352],[5.10222,43.85353]]},"properties":{"action":"modify","state":"new","osm_type":"way","osm_id":"405066941","highway":"path","axis":"path","version":"14","user":"Alexandre148025","timestamp":"2026-09-23T13:28:32Z","changeset":"189449915","surface":"asphalt","changes":[{"k":"railway","old":"razed","new":"abandoned"}]}},{"type":"Feature","geometry":{"type":"LineString","coordinates":[[5.08711,43.84999],[5.08738,43.84998],[5.08773,43.84997],[5.08804,43.84994],[5.08953,43.84976],[5.09042,43.84965],[5.09133,43.84954],[5.09229,43.84943],[5.09266,43.84939],[5.09303,43.84937],[5.09344,43.84936],[5.09381,43.84938],[5.09434,43.84943],[5.09461,43.84947],[5.09491,43.84953],[5.09537,43.84962],[5.09589,43.84976],[5.09623,43.84989],[5.09656,43.85003],[5.09683,43.85015],[5.09713,43.8503],[5.09719,43.85033],[5.09722,43.85035],[5.09725,43.85037],[5.09729,43.85039],[5.0977,43.85067],[5.09815,43.851],[5.09971,43.85218],[5.10008,43.85244],[5.1003,43.85261],[5.10046,43.85271],[5.10064,43.85282],[5.10094,43.85299],[5.10129,43.85315],[5.10161,43.8533],[5.10184,43.85339],[5.10208,43.85348],[5.10218,43.85352],[5.10222,43.85353]]},"properties":{"state":"old","osm_id":"405066941","axis":"path"}},{"type":"Feature","geometry":{"type":"LineString","coordinates":[[5.10664,43.84726],[5.10654,43.84724],[5.10649,43.84723],[5.10636,43.8472]]},"properties":{"action":"modify","state":"new","osm_type":"way","osm_id":"405085895","highway":"secondary","axis":"secondary","version":"10","user":"cOSMografix","timestamp":"2026-09-26T09:24:40Z","changeset":"189578222","name":"Avenue de Provence","ref":"D 2","surface":"asphalt","maxspeed":"30","changes":[{"k":"sidewalk:both","old":null,"new":"yes"}]}},{"type":"Feature","geometry":{"type":"LineString","coordinates":[[4.87472,44.02916],[4.87432,44.0283],[4.87421,44.02807],[4.87413,44.0279],[4.87393,44.02748],[4.8737,44.02699],[4.87358,44.02673]]},"properties":{"action":"modify","state":"new","osm_type":"way","osm_id":"405953497","highway":"primary","axis":"main","version":"15","user":"JLZIMMERMANN","timestamp":"2026-09-29T13:04:24Z","changeset":"189726941","name":"D 907 (Avenue d'Orange)","ref":"D 907","maxspeed":"70","changes":[{"k":"operator","old":"CG84","new":"CD84"}]}},{"type":"Feature","geometry":{"type":"LineString","coordinates":[[5.0367,44.02373],[5.03675,44.02392],[5.03682,44.02425],[5.03689,44.02474],[5.03692,44.02498],[5.03698,44.02545],[5.037,44.02557],[5.03702,44.02577]]},"properties":{"action":"modify","state":"new","osm_type":"way","osm_id":"406235213","highway":"primary","axis":"main","version":"11","user":"JLZIMMERMANN","timestamp":"2026-09-23T07:01:23Z","changeset":"189433180","name":"Route de Velleron","ref":"D 49","surface":"asphalt","maxspeed":"70","changes":[{"k":"operator","old":null,"new":"CD84"}]}},{"type":"Feature","geometry":{"type":"LineString","coordinates":[[5.0367,44.02373],[5.03675,44.02392],[5.03682,44.02425],[5.03689,44.02474],[5.03692,44.02498],[5.03698,44.02545],[5.03702,44.02577]]},"properties":{"state":"old","osm_id":"406235213","axis":"main"}},{"type":"Feature","geometry":{"type":"LineString","coordinates":[[5.0353,44.02089],[5.03539,44.02105],[5.03548,44.02121],[5.03556,44.02136],[5.03564,44.02152],[5.03591,44.02202],[5.03597,44.02212],[5.03602,44.02219],[5.03608,44.02229],[5.03613,44.02239],[5.03625,44.02258]]},"properties":{"action":"modify","state":"new","osm_type":"way","osm_id":"406235214","highway":"primary","axis":"main","version":"10","user":"JLZIMMERMANN","timestamp":"2026-09-23T07:01:23Z","changeset":"189433180","name":"Route de Patris","ref":"D 49","surface":"asphalt","maxspeed":"50","changes":[{"k":"operator","old":"CG84","new":"CD84"}]}},{"type":"Feature","geometry":{"type":"LineString","coordinates":[[5.0353,44.02089],[5.03539,44.02105],[5.03548,44.02121],[5.03556,44.02136],[5.03591,44.02202],[5.03597,44.02212],[5.03602,44.02219],[5.03608,44.02229],[5.03613,44.02239],[5.03625,44.02258]]},"properties":{"state":"old","osm_id":"406235214","axis":"main"}},{"type":"Feature","geometry":{"type":"LineString","coordinates":[[5.03415,44.01986],[5.0342,44.01989],[5.03427,44.01995],[5.03451,44.02012],[5.03469,44.02025],[5.03484,44.02037],[5.03492,44.02044],[5.03498,44.0205],[5.03516,44.0207],[5.0352,44.02076],[5.03525,44.02082],[5.0353,44.02089]]},"properties":{"action":"modify","state":"new","osm_type":"way","osm_id":"406235215","highway":"primary","axis":"main","version":"9","user":"JLZIMMERMANN","timestamp":"2026-09-23T07:01:23Z","changeset":"189433180","name":"Route de Patris","ref":"D 49","surface":"asphalt","maxspeed":"70","changes":[{"k":"operator","old":"CG84","new":"CD84"}]}},{"type":"Feature","geometry":{"type":"LineString","coordinates":[[5.016,44.00155],[5.01603,44.00157],[5.01638,44.00181],[5.0165,44.00191],[5.0168,44.00218],[5.01707,44.00245],[5.01762,44.00309]]},"properties":{"action":"modify","state":"new","osm_type":"way","osm_id":"406235217","highway":"primary","axis":"main","version":"15","user":"JLZIMMERMANN","timestamp":"2026-09-23T07:01:23Z","changeset":"189433180","name":"Route de la Gasqui","ref":"D 49","surface":"asphalt","maxspeed":"80","changes":[{"k":"operator","old":"CG84","new":"CD84"}]}},{"type":"Feature","geometry":{"type":"LineString","coordinates":[[4.94952,43.89296],[4.94953,43.89297],[4.94953,43.89299],[4.94952,43.893],[4.94951,43.89301],[4.94949,43.89302],[4.94947,43.89303],[4.94945,43.89302],[4.94943,43.89302],[4.94941,43.89301],[4.94941,43.89299],[4.9494,43.89298],[4.94941,43.89297]]},"properties":{"action":"delete","state":"new","osm_type":"way","osm_id":"406819337","highway":"secondary","axis":"secondary","version":"6","user":"Fox_45","timestamp":"2026-09-25T13:02:44Z","changeset":"189543981","surface":"asphalt","changes":[{"k":"cycleway:right","old":"no","new":null},{"k":"highway","old":"secondary","new":null},{"k":"junction","old":"roundabout","new":null},{"k":"surface","old":"asphalt","new":null}]}},{"type":"Feature","geometry":{"type":"LineString","coordinates":[[4.94946,43.89298],[4.9495,43.89296],[4.94955,43.89293],[4.94958,43.89293],[4.94961,43.89291],[4.94967,43.8929],[4.94985,43.89287],[4.95024,43.89281],[4.95035,43.89278],[4.95054,43.89274]]},"properties":{"action":"modify","state":"new","osm_type":"way","osm_id":"406819340","highway":"secondary","axis":"secondary","version":"9","user":"Fox_45","timestamp":"2026-09-25T13:02:44Z","changeset":"189543981","name":"Avenue du Mar\u00e9chal Leclerc","surface":"asphalt","maxspeed":"30"}},{"type":"Feature","geometry":{"type":"LineString","coordinates":[[4.94952,43.89296],[4.94954,43.89295],[4.94956,43.89294],[4.94958,43.89293],[4.94961,43.89291],[4.94967,43.8929],[4.94985,43.89287],[4.95024,43.89281],[4.95035,43.89278],[4.95054,43.89274]]},"properties":{"state":"old","osm_id":"406819340","axis":"secondary"}},{"type":"Feature","geometry":{"type":"LineString","coordinates":[[4.94946,43.89298],[4.94944,43.89306],[4.94942,43.89314],[4.94935,43.89335],[4.94931,43.89348],[4.94929,43.89348],[4.94906,43.89351]]},"properties":{"action":"modify","state":"new","osm_type":"way","osm_id":"406819776","highway":"service","axis":"local","version":"8","user":"Fox_45","timestamp":"2026-09-25T13:02:44Z","changeset":"189543981","surface":"asphalt"}},{"type":"Feature","geometry":{"type":"LineString","coordinates":[[4.94945,43.89302],[4.94944,43.89306],[4.94942,43.89314],[4.94935,43.89335],[4.94931,43.89348],[4.94929,43.89348],[4.94906,43.89351]]},"properties":{"state":"old","osm_id":"406819776","axis":"local"}},{"type":"Feature","geometry":{"type":"LineString","coordinates":[[4.90618,43.98069],[4.90603,43.98078]]},"properties":{"action":"modify","state":"new","osm_type":"way","osm_id":"407196754","highway":"secondary","axis":"secondary","version":"8","user":"JLZIMMERMANN","timestamp":"2026-09-25T16:16:04Z","changeset":"189552799","name":"Avenue de la Fonderie","surface":"asphalt","maxspeed":"30","changes":[{"k":"ref","old":"D 6","new":null},{"k":"was:ref","old":null,"new":"D 6"}]}},{"type":"Feature","geometry":{"type":"LineString","coordinates":[[5.28814,43.85672],[5.28809,43.85671],[5.28808,43.85671],[5.27772,43.855],[5.27531,43.85459],[5.27462,43.85447],[5.27412,43.85438],[5.27409,43.85437],[5.27408,43.85437]]},"properties":{"action":"modify","state":"new","osm_type":"way","osm_id":"409745517","highway":"path","axis":"path","version":"9","user":"Alexandre148025","timestamp":"2026-09-23T13:28:32Z","changeset":"189449915","surface":"asphalt","changes":[{"k":"railway","old":"razed","new":"abandoned"}]}},{"type":"Feature","geometry":{"type":"LineString","coordinates":[[5.39166,43.93883],[5.39168,43.9389],[5.39171,43.93892],[5.39174,43.939],[5.39194,43.93991],[5.39197,43.93997],[5.392,43.94],[5.39203,43.94004],[5.39206,43.94007],[5.39207,43.94011],[5.392,43.94034],[5.39195,43.94059],[5.39191,43.94081],[5.3919,43.94102],[5.39191,43.94118],[5.39193,43.94126],[5.39192,43.94135],[5.39189,43.94141],[5.39182,43.94145],[5.39155,43.94154],[5.39149,43.94158],[5.39147,43.94162],[5.39147,43.94168],[5.39149,43.94188],[5.39153,43.94204],[5.39151,43.9421],[5.39147,43.94216],[5.39136,43.94221]]},"properties":{"action":"modify","state":"new","osm_type":"way","osm_id":"424974320","highway":"track","axis":"path","version":"6","user":"cOSMografix","timestamp":"2026-09-27T21:10:47Z","changeset":"189650351","changes":[{"k":"lit","old":null,"new":"no"}]}},{"type":"Feature","geometry":{"type":"LineString","coordinates":[[4.85399,44.05729],[4.85372,44.05725],[4.85351,44.05723],[4.85312,44.05721],[4.85295,44.0572],[4.85277,44.05719],[4.85265,44.05718],[4.8526,44.05717]]},"properties":{"action":"modify","state":"new","osm_type":"way","osm_id":"431133595","highway":"track","axis":"path","version":"8","user":"patate_nouvelle","timestamp":"2026-09-24T22:48:08Z","changeset":"189519909","name":"Chemin de Coste Froide","changes":[{"k":"smoothness","old":"com","new":"intermediate"}]}},{"type":"Feature","geometry":{"type":"LineString","coordinates":[[4.81486,43.94202],[4.81478,43.94211],[4.81471,43.94218],[4.81466,43.94224],[4.81463,43.94229]]},"properties":{"action":"modify","state":"new","osm_type":"way","osm_id":"433778393","highway":"residential","axis":"local","version":"6","user":"chrizy","timestamp":"2026-09-24T11:21:56Z","changeset":"189492381","name":"Avenue de la Trillade","surface":"asphalt","maxspeed":"50","changes":[{"k":"cycleway:right","old":"lane","new":"shared_lane"}]}},{"type":"Feature","geometry":{"type":"LineString","coordinates":[[4.81447,43.94245],[4.81441,43.94249],[4.81429,43.9426],[4.8141,43.94276],[4.81379,43.94297],[4.81377,43.94298]]},"properties":{"action":"modify","state":"new","osm_type":"way","osm_id":"433778394","highway":"residential","axis":"local","version":"6","user":"chrizy","timestamp":"2026-09-24T11:21:56Z","changeset":"189492381","name":"Avenue de la Trillade","surface":"asphalt","maxspeed":"50","changes":[{"k":"cycleway:right","old":"lane","new":"shared_lane"},{"k":"lanes","old":null,"new":"1"}]}},{"type":"Feature","geometry":{"type":"LineString","coordinates":[[5.03267,43.91129],[5.03276,43.91135]]},"properties":{"action":"modify","state":"new","osm_type":"way","osm_id":"437087972","highway":"tertiary","axis":"secondary","version":"6","user":"JLZIMMERMANN","timestamp":"2026-09-25T12:14:55Z","changeset":"189541592","name":"Route de Caumont","changes":[{"k":"was:ref","old":null,"new":"D 25"}]}},{"type":"Feature","geometry":{"type":"LineString","coordinates":[[5.03276,43.91135],[5.033,43.91148],[5.03317,43.91157],[5.03327,43.91162],[5.03352,43.91173],[5.03372,43.91181],[5.03376,43.91183],[5.03385,43.91188]]},"properties":{"action":"modify","state":"new","osm_type":"way","osm_id":"437087973","highway":"tertiary","axis":"secondary","version":"4","user":"JLZIMMERMANN","timestamp":"2026-09-25T12:14:55Z","changeset":"189541592","name":"Route de Caumont","changes":[{"k":"operator","old":null,"new":"CD84"},{"k":"was:ref","old":null,"new":"D 25"}]}},{"type":"Feature","geometry":{"type":"LineString","coordinates":[[5.0292,44.01486],[5.02906,44.01492],[5.0289,44.01498],[5.02866,44.01496],[5.02863,44.01492],[5.02849,44.01475],[5.0281,44.01471]]},"properties":{"action":"modify","state":"new","osm_type":"way","osm_id":"440168895","highway":"service","axis":"local","version":"2","user":"JLZIMMERMANN","timestamp":"2026-09-23T07:01:23Z","changeset":"189433180"}},{"type":"Feature","geometry":{"type":"LineString","coordinates":[[5.0292,44.01486],[5.02896,44.01496],[5.02884,44.01497],[5.02863,44.01492],[5.02849,44.01475],[5.0281,44.01471]]},"properties":{"state":"old","osm_id":"440168895","axis":"local"}},{"type":"Feature","geometry":{"type":"LineString","coordinates":[[4.90223,43.95392],[4.90227,43.954],[4.90228,43.95408],[4.90225,43.95416],[4.9022,43.95423]]},"properties":{"action":"modify","state":"new","osm_type":"way","osm_id":"440227089","highway":"secondary","axis":"secondary","version":"10","user":"JLZIMMERMANN","timestamp":"2026-09-23T14:11:43Z","changeset":"189452082","ref":"D 28","surface":"asphalt","changes":[{"k":"operator","old":null,"new":"CD84"}]}},{"type":"Feature","geometry":{"type":"LineString","coordinates":[[4.90158,43.95393],[4.90162,43.95389],[4.90167,43.95386],[4.90173,43.95383],[4.90179,43.95381]]},"properties":{"action":"modify","state":"new","osm_type":"way","osm_id":"440227090","highway":"secondary","axis":"secondary","version":"10","user":"JLZIMMERMANN","timestamp":"2026-09-23T14:11:43Z","changeset":"189452082","ref":"D 28","surface":"asphalt","changes":[{"k":"operator","old":null,"new":"CD84"}]}},{"type":"Feature","geometry":{"type":"LineString","coordinates":[[4.90212,43.95384],[4.90216,43.95387],[4.90219,43.95389],[4.90223,43.95392]]},"properties":{"action":"modify","state":"new","osm_type":"way","osm_id":"440227091","highway":"secondary","axis":"secondary","version":"11","user":"JLZIMMERMANN","timestamp":"2026-09-23T14:11:43Z","changeset":"189452082","ref":"D 28","surface":"asphalt","changes":[{"k":"operator","old":null,"new":"CD84"}]}},{"type":"Feature","geometry":{"type":"LineString","coordinates":[[4.90179,43.95381],[4.9019,43.9538],[4.90201,43.95381],[4.90212,43.95384]]},"properties":{"action":"modify","state":"new","osm_type":"way","osm_id":"440227092","highway":"secondary","axis":"secondary","version":"10","user":"JLZIMMERMANN","timestamp":"2026-09-23T14:11:43Z","changeset":"189452082","ref":"D 28","surface":"asphalt","changes":[{"k":"operator","old":null,"new":"CD84"}]}},{"type":"Feature","geometry":{"type":"LineString","coordinates":[[4.9022,43.95423],[4.90215,43.95427],[4.90209,43.95429]]},"properties":{"action":"modify","state":"new","osm_type":"way","osm_id":"440227093","highway":"secondary","axis":"secondary","version":"10","user":"JLZIMMERMANN","timestamp":"2026-09-23T14:11:43Z","changeset":"189452082","ref":"D 28","surface":"asphalt","changes":[{"k":"operator","old":null,"new":"CD84"}]}},{"type":"Feature","geometry":{"type":"LineString","coordinates":[[4.90209,43.95429],[4.90201,43.95432],[4.90193,43.95433],[4.90185,43.95433],[4.90177,43.95431],[4.9017,43.95428]]},"properties":{"action":"modify","state":"new","osm_type":"way","osm_id":"440227094","highway":"secondary","axis":"secondary","version":"8","user":"JLZIMMERMANN","timestamp":"2026-09-23T14:11:43Z","changeset":"189452082","ref":"D 28","surface":"asphalt","changes":[{"k":"operator","old":null,"new":"CD84"}]}},{"type":"Feature","geometry":{"type":"LineString","coordinates":[[4.9017,43.95428],[4.90164,43.95425],[4.90159,43.9542]]},"properties":{"action":"modify","state":"new","osm_type":"way","osm_id":"440227095","highway":"secondary","axis":"secondary","version":"10","user":"JLZIMMERMANN","timestamp":"2026-09-23T14:11:43Z","changeset":"189452082","ref":"D 28","surface":"asphalt","changes":[{"k":"operator","old":null,"new":"CD84"}]}},{"type":"Feature","geometry":{"type":"LineString","coordinates":[[5.36604,43.8863],[5.3659,43.88623],[5.36516,43.88588]]},"properties":{"action":"modify","state":"new","osm_type":"way","osm_id":"441538334","highway":"primary","axis":"main","version":"7","user":"cOSMografix","timestamp":"2026-09-26T09:26:01Z","changeset":"189578349","ref":"D 900","surface":"asphalt","maxspeed":"80","changes":[{"k":"foot","old":null,"new":"yes"},{"k":"sidewalk:both","old":null,"new":"no"}]}},{"type":"Feature","geometry":{"type":"LineString","coordinates":[[4.87358,44.02673],[4.87347,44.02649],[4.87332,44.02617],[4.87308,44.02567],[4.8729,44.02529],[4.8728,44.02507],[4.87269,44.02487],[4.87254,44.02453],[4.87229,44.02399],[4.8719,44.02316],[4.87182,44.02298]]},"properties":{"action":"modify","state":"new","osm_type":"way","osm_id":"441999010","highway":"primary","axis":"main","version":"15","user":"JLZIMMERMANN","timestamp":"2026-09-29T13:04:24Z","changeset":"189726941","name":"D 907 (Avenue d'Orange)","ref":"D 907","surface":"asphalt","maxspeed":"80","changes":[{"k":"maxspeed","old":"90","new":"80"},{"k":"operator","old":"CG84","new":"CD84"}]}},{"type":"Feature","geometry":{"type":"LineString","coordinates":[[4.87358,44.02673],[4.87332,44.02617],[4.8729,44.02529],[4.8728,44.02507],[4.87269,44.02487],[4.87254,44.02453],[4.87229,44.02399],[4.8719,44.02316],[4.87182,44.02298]]},"properties":{"state":"old","osm_id":"441999010","axis":"main"}},{"type":"Feature","geometry":{"type":"LineString","coordinates":[[5.01698,43.98123],[5.01704,43.9812]]},"properties":{"action":"modify","state":"new","osm_type":"way","osm_id":"444034431","highway":"primary","axis":"main","version":"11","user":"JLZIMMERMANN","timestamp":"2026-09-23T16:14:30Z","changeset":"189457977","name":"Route de Velleron","ref":"D 31","surface":"asphalt","maxspeed":"90","changes":[{"k":"operator","old":"CG84","new":"CD84"}]}},{"type":"Feature","geometry":{"type":"LineString","coordinates":[[4.94064,43.95975],[4.94071,43.95978]]},"properties":{"action":"modify","state":"new","osm_type":"way","osm_id":"448689502","highway":"secondary","axis":"secondary","version":"7","user":"JLZIMMERMANN","timestamp":"2026-09-23T14:11:43Z","changeset":"189452082","name":"Route de Pernes","surface":"asphalt","maxspeed":"50","changes":[{"k":"ref","old":"D 28","new":null},{"k":"was:ref","old":null,"new":"D 28"}]}},{"type":"Feature","geometry":{"type":"LineString","coordinates":[[4.94397,43.90235],[4.94405,43.90185],[4.94408,43.90167],[4.9441,43.90157],[4.94411,43.90154],[4.94413,43.90137],[4.94433,43.90085],[4.94436,43.90077],[4.94442,43.90065],[4.94446,43.90056],[4.94452,43.90021],[4.94452,43.90012],[4.94452,43.90004],[4.94457,43.89983],[4.94468,43.89963],[4.9447,43.89951],[4.94469,43.89934],[4.9447,43.89917],[4.94474,43.89903],[4.94482,43.8989]]},"properties":{"action":"modify","state":"new","osm_type":"way","osm_id":"451637202","highway":"unclassified","axis":"local","version":"7","user":"JLZIMMERMANN","timestamp":"2026-09-24T04:56:37Z","changeset":"189477557","name":"Chemin des Gravelliers","surface":"asphalt","maxspeed":"50"}},{"type":"Feature","geometry":{"type":"LineString","coordinates":[[4.94397,43.90235],[4.94405,43.90185],[4.9441,43.90157],[4.94411,43.90154],[4.94413,43.90137],[4.94433,43.90085],[4.94436,43.90077],[4.94442,43.90065],[4.94446,43.90056],[4.94452,43.90021],[4.94452,43.90012],[4.94452,43.90004],[4.94457,43.89983],[4.94468,43.89963],[4.9447,43.89951],[4.94469,43.89934],[4.9447,43.89917],[4.94474,43.89903],[4.94482,43.8989]]},"properties":{"state":"old","osm_id":"451637202","axis":"local"}},{"type":"Feature","geometry":{"type":"LineString","coordinates":[[4.94946,43.89298],[4.94937,43.89296],[4.94933,43.89295],[4.94929,43.89295],[4.94924,43.89295],[4.94881,43.89301]]},"properties":{"action":"modify","state":"new","osm_type":"way","osm_id":"451656997","highway":"secondary","axis":"secondary","version":"12","user":"Fox_45","timestamp":"2026-09-25T13:02:44Z","changeset":"189543981","name":"Avenue du Mar\u00e9chal Leclerc","surface":"asphalt","maxspeed":"50"}},{"type":"Feature","geometry":{"type":"LineString","coordinates":[[4.94941,43.89297],[4.94937,43.89296],[4.94933,43.89295],[4.94929,43.89295],[4.94924,43.89295],[4.94881,43.89301]]},"properties":{"state":"old","osm_id":"451656997","axis":"secondary"}},{"type":"Feature","geometry":{"type":"LineString","coordinates":[[5.20882,43.85829],[5.20844,43.85828],[5.20806,43.8583],[5.20789,43.85831],[5.20775,43.85833],[5.20743,43.85839]]},"properties":{"action":"modify","state":"new","osm_type":"way","osm_id":"454603832","highway":"tertiary","axis":"secondary","version":"11","user":"cOSMografix","timestamp":"2026-09-26T09:25:31Z","changeset":"189578304","name":"Rue des Micocouliers","surface":"asphalt","maxspeed":"30","changes":[{"k":"foot","old":null,"new":"yes"}]}},{"type":"Feature","geometry":{"type":"LineString","coordinates":[[5.04143,44.04159],[5.04158,44.04175],[5.04166,44.04182],[5.04173,44.04186],[5.0418,44.0419],[5.04227,44.04213],[5.04238,44.04218],[5.04252,44.04225],[5.0427,44.04235],[5.043,44.04254],[5.04318,44.04266],[5.04338,44.04281],[5.04355,44.04293],[5.04369,44.04303],[5.04386,44.04315],[5.04404,44.04327],[5.0442,44.04335],[5.04428,44.04339],[5.04446,44.04346],[5.0448,44.04357],[5.04505,44.04363],[5.04514,44.04364],[5.04524,44.04366],[5.04551,44.04368],[5.04581,44.04368],[5.04587,44.04369],[5.04592,44.04371],[5.04596,44.04373]]},"properties":{"action":"modify","state":"new","osm_type":"way","osm_id":"455011741","highway":"tertiary","axis":"secondary","version":"10","user":"JLZIMMERMANN","timestamp":"2026-09-23T06:48:08Z","changeset":"189432684","name":"Boulevard Pasteur","changes":[{"k":"ref","old":"D 49","new":null},{"k":"was:ref","old":null,"new":"D 49"}]}},{"type":"Feature","geometry":{"type":"LineString","coordinates":[[4.785,43.92885],[4.78492,43.92895],[4.78482,43.92913],[4.7844,43.92997],[4.78433,43.9301],[4.78433,43.93016],[4.78433,43.9302]]},"properties":{"action":"modify","state":"new","osm_type":"way","osm_id":"456877560","highway":"primary","axis":"main","version":"11","user":"GuyonT","timestamp":"2026-09-23T13:41:23Z","changeset":"189450351","name":"Rocade Charles de Gaulle","surface":"asphalt","maxspeed":"50","changes":[{"k":"sidewalk:left","old":null,"new":"no"},{"k":"sidewalk:right","old":null,"new":"yes"}]}},{"type":"Feature","geometry":{"type":"LineString","coordinates":[[4.89331,44.04129],[4.89311,44.04133],[4.89309,44.04134]]},"properties":{"action":"modify","state":"new","osm_type":"way","osm_id":"457044304","highway":"footway","axis":"path","version":"8","user":"la meilleure carte","timestamp":"2026-09-25T16:40:00Z","changeset":"189553645","surface":"asphalt","changes":[{"k":"layer","old":"0","new":null}]}},{"type":"Feature","geometry":{"type":"LineString","coordinates":[[4.794,43.94258],[4.79423,43.9426],[4.79454,43.94263],[4.79465,43.94265],[4.79476,43.94268],[4.79484,43.94271],[4.79492,43.94276],[4.795,43.94282],[4.79514,43.94291]]},"properties":{"action":"modify","state":"new","osm_type":"way","osm_id":"457093936","highway":"primary","axis":"main","version":"9","user":"GuyonT","timestamp":"2026-09-23T13:45:14Z","changeset":"189450351","surface":"asphalt","maxspeed":"50","changes":[{"k":"sidewalk:both","old":null,"new":"no"}]}},{"type":"Feature","geometry":{"type":"LineString","coordinates":[[5.02525,44.00973],[5.02539,44.00996],[5.02544,44.01004],[5.02561,44.01032],[5.02586,44.01069],[5.02606,44.01097],[5.02683,44.01196],[5.0272,44.01245],[5.02767,44.01305],[5.02834,44.0139],[5.02849,44.01408],[5.02866,44.01428],[5.02897,44.01462],[5.0292,44.01486],[5.02957,44.01523],[5.02983,44.01551],[5.03009,44.01583],[5.03016,44.01594],[5.03035,44.0162],[5.03055,44.01647],[5.03093,44.017],[5.03101,44.01711],[5.0312,44.01738]]},"properties":{"action":"modify","state":"new","osm_type":"way","osm_id":"457427325","highway":"primary","axis":"main","version":"11","user":"JLZIMMERMANN","timestamp":"2026-09-23T07:01:23Z","changeset":"189433180","name":"Route de Patris","ref":"D 49","surface":"asphalt","maxspeed":"80","changes":[{"k":"operator","old":"CG84","new":"CD84"}]}},{"type":"Feature","geometry":{"type":"LineString","coordinates":[[5.02525,44.00973],[5.02539,44.00996],[5.02544,44.01004],[5.02561,44.01032],[5.02586,44.01069],[5.02606,44.01097],[5.02683,44.01196],[5.0272,44.01245],[5.02767,44.01305],[5.02834,44.0139],[5.02849,44.01408],[5.02866,44.01428],[5.02897,44.01462],[5.0292,44.01486],[5.02957,44.01523],[5.02983,44.01551],[5.03009,44.01583],[5.03035,44.0162],[5.03093,44.017],[5.03101,44.01711],[5.0312,44.01738]]},"properties":{"state":"old","osm_id":"457427325","axis":"main"}},{"type":"Feature","geometry":{"type":"LineString","coordinates":[[5.03625,44.02258],[5.03633,44.02272],[5.03645,44.02297],[5.03653,44.02317],[5.0366,44.02339],[5.0367,44.02373]]},"properties":{"action":"modify","state":"new","osm_type":"way","osm_id":"457427326","highway":"primary","axis":"main","version":"4","user":"JLZIMMERMANN","timestamp":"2026-09-23T07:01:23Z","changeset":"189433180","name":"Route de Velleron","ref":"D 49","surface":"asphalt","maxspeed":"50","changes":[{"k":"operator","old":null,"new":"CD84"}]}},{"type":"Feature","geometry":{"type":"LineString","coordinates":[[5.0166,43.98133],[5.01657,43.98129],[5.01651,43.98123],[5.01642,43.98115],[5.01625,43.98104],[5.016,43.98088],[5.01592,43.98083],[5.01575,43.9807]]},"properties":{"action":"modify","state":"new","osm_type":"way","osm_id":"458938468","highway":"secondary","axis":"secondary","version":"12","user":"JLZIMMERMANN","timestamp":"2026-09-23T16:14:30Z","changeset":"189457977","name":"Route d'Avignon","ref":"D 28","surface":"asphalt","changes":[{"k":"operator","old":"CG84","new":"CD84"}]}},{"type":"Feature","geometry":{"type":"LineString","coordinates":[[5.01704,43.9812],[5.01708,43.98118],[5.0172,43.98108],[5.01734,43.98094],[5.01744,43.9808],[5.01753,43.98063],[5.01759,43.98049],[5.01766,43.98031]]},"properties":{"action":"modify","state":"new","osm_type":"way","osm_id":"458938470","highway":"primary","axis":"main","version":"12","user":"JLZIMMERMANN","timestamp":"2026-09-23T16:14:30Z","changeset":"189457977","name":"Route de Velleron","ref":"D 31","surface":"asphalt","maxspeed":"80","changes":[{"k":"operator","old":"CG84","new":"CD84"}]}},{"type":"Feature","geometry":{"type":"LineString","coordinates":[[5.10817,43.8482],[5.10831,43.84807],[5.10854,43.84781],[5.10858,43.84773]]},"properties":{"action":"modify","state":"new","osm_type":"way","osm_id":"459054649","highway":"footway","axis":"path","version":"3","user":"cOSMografix","timestamp":"2026-09-26T09:24:42Z","changeset":"189578223","changes":[{"k":"lit","old":null,"new":"yes"}]}},{"type":"Feature","geometry":{"type":"LineString","coordinates":[[5.10735,43.84742],[5.1073,43.84741],[5.10706,43.84736],[5.1069,43.84733],[5.10685,43.84732],[5.10664,43.84726]]},"properties":{"action":"modify","state":"new","osm_type":"way","osm_id":"459054655","highway":"secondary","axis":"secondary","version":"8","user":"cOSMografix","timestamp":"2026-09-26T09:24:40Z","changeset":"189578222","name":"Avenue Aristide Briand","ref":"D 2","surface":"asphalt","maxspeed":"30","changes":[{"k":"sidewalk:both","old":null,"new":"yes"}]}},{"type":"Feature","geometry":{"type":"LineString","coordinates":[[5.05482,43.82316],[5.0547,43.82335],[5.05442,43.82382],[5.05415,43.82425],[5.05396,43.82455],[5.05352,43.82503],[5.05326,43.82533],[5.0531,43.82557],[5.05292,43.82583],[5.05277,43.82606],[5.05256,43.82633],[5.05246,43.82642],[5.0524,43.82648],[5.05232,43.82654],[5.05209,43.82667],[5.05198,43.82673],[5.05177,43.82682],[5.05151,43.82689],[5.05095,43.82701],[5.05078,43.82703],[5.05042,43.82707],[5.04966,43.82716],[5.04954,43.82719],[5.04946,43.82723],[5.04941,43.82725],[5.04936,43.82727]]},"properties":{"action":"modify","state":"new","osm_type":"way","osm_id":"460083350","highway":"unclassified","axis":"local","version":"12","user":"Alexandre148025","timestamp":"2026-09-23T13:28:32Z","changeset":"189449915","name":"Avenue de la Voguette","surface":"asphalt"}},{"type":"Feature","geometry":{"type":"LineString","coordinates":[[5.05482,43.82316],[5.0547,43.82335],[5.05442,43.82382],[5.05415,43.82425],[5.05396,43.82455],[5.05352,43.82503],[5.05326,43.82533],[5.0531,43.82557],[5.05292,43.82583],[5.05277,43.82606],[5.05256,43.82633],[5.05246,43.82642],[5.0524,43.82648],[5.05232,43.82654],[5.05198,43.82673],[5.05177,43.82682],[5.05151,43.82689],[5.05095,43.82701],[5.05078,43.82703],[5.05042,43.82707],[5.04966,43.82716],[5.04954,43.82719],[5.04946,43.82723],[5.04941,43.82725],[5.04936,43.82727]]},"properties":{"state":"old","osm_id":"460083350","axis":"local"}},{"type":"Feature","geometry":{"type":"LineString","coordinates":[[5.0004,43.89945],[5.00035,43.89943],[5.00004,43.89937],[4.99898,43.89915],[4.99753,43.89886],[4.99685,43.89881],[4.99615,43.89875],[4.99572,43.89871],[4.99543,43.89869],[4.99425,43.89855],[4.99337,43.89845],[4.99087,43.89819],[4.99016,43.8981],[4.98977,43.89801],[4.98951,43.89793],[4.98926,43.89783],[4.98901,43.89774],[4.98876,43.89764],[4.98839,43.89751],[4.98773,43.89732],[4.98706,43.89714],[4.98644,43.89697],[4.98593,43.89686],[4.98539,43.89678]]},"properties":{"action":"modify","state":"new","osm_type":"way","osm_id":"477279811","highway":"tertiary","axis":"secondary","version":"6","user":"JLZIMMERMANN","timestamp":"2026-09-25T12:14:55Z","changeset":"189541592","name":"Route de Fontaine de Vaucluse","ref":"D 25","surface":"asphalt","changes":[{"k":"operator","old":null,"new":"CD84"}]}},{"type":"Feature","geometry":{"type":"LineString","coordinates":[[5.0004,43.89945],[5.00035,43.89943],[5.00004,43.89937],[4.99898,43.89915],[4.99753,43.89886],[4.99685,43.89881],[4.99615,43.89875],[4.99572,43.89871],[4.99543,43.89869],[4.99425,43.89855],[4.99337,43.89845],[4.99087,43.89819],[4.99016,43.8981],[4.98977,43.89801],[4.98926,43.89783],[4.98901,43.89773],[4.98876,43.89764],[4.98839,43.89751],[4.98706,43.89713],[4.98644,43.89697],[4.98593,43.89686],[4.98539,43.89678]]},"properties":{"state":"old","osm_id":"477279811","axis":"secondary"}},{"type":"Feature","geometry":{"type":"LineString","coordinates":[[5.32165,43.86717],[5.32169,43.86722],[5.32178,43.86727],[5.32193,43.86733],[5.32204,43.86737],[5.32213,43.86746],[5.32249,43.86807],[5.32258,43.8682],[5.32263,43.86826],[5.3227,43.86835],[5.32278,43.86846],[5.323,43.86879],[5.32326,43.86928],[5.32349,43.86983]]},"properties":{"action":"modify","state":"new","osm_type":"way","osm_id":"481168954","highway":"path","axis":"path","version":"2","user":"cOSMografix","timestamp":"2026-09-26T09:25:51Z","changeset":"189578337","changes":[{"k":"lit","old":null,"new":"no"}]}},{"type":"Feature","geometry":{"type":"LineString","coordinates":[[5.02864,43.91977],[5.02834,43.91985]]},"properties":{"action":"modify","state":"new","osm_type":"way","osm_id":"482805289","highway":"secondary","axis":"secondary","version":"5","user":"enzo_immergis","timestamp":"2026-09-29T08:43:43Z","changeset":"189715545","name":"Route du Thor","surface":"asphalt","maxspeed":"50"}},{"type":"Feature","geometry":{"type":"LineString","coordinates":[[5.03018,43.91937],[5.02957,43.91951]]},"properties":{"action":"modify","state":"new","osm_type":"way","osm_id":"482805290","highway":"secondary","axis":"secondary","version":"3","user":"enzo_immergis","timestamp":"2026-09-29T08:43:43Z","changeset":"189715545","name":"Route du Thor","surface":"asphalt","maxspeed":"30","changes":[{"k":"cycleway:both","old":null,"new":"no"}]}},{"type":"Feature","geometry":{"type":"LineString","coordinates":[[5.03225,43.91893],[5.03208,43.91895],[5.0319,43.91898],[5.03176,43.91901]]},"properties":{"action":"modify","state":"new","osm_type":"way","osm_id":"482805292","highway":"secondary","axis":"secondary","version":"3","user":"enzo_immergis","timestamp":"2026-09-29T08:43:43Z","changeset":"189715545","name":"Route du Thor","surface":"asphalt","maxspeed":"50","changes":[{"k":"cycleway:both","old":null,"new":"no"}]}},{"type":"Feature","geometry":{"type":"LineString","coordinates":[[5.0413,44.04145],[5.04143,44.04159]]},"properties":{"action":"modify","state":"new","osm_type":"way","osm_id":"482819059","highway":"tertiary","axis":"secondary","version":"5","user":"JLZIMMERMANN","timestamp":"2026-09-23T06:48:08Z","changeset":"189432684","name":"Boulevard Pasteur","surface":"asphalt","changes":[{"k":"ref","old":"D 49","new":null},{"k":"was:ref","old":null,"new":"D 49"}]}},{"type":"Feature","geometry":{"type":"LineString","coordinates":[[5.01762,44.00309],[5.01712,44.00259],[5.01705,44.00253],[5.01659,44.00208],[5.01626,44.00181],[5.01592,44.00158],[5.01575,44.00149]]},"properties":{"action":"modify","state":"new","osm_type":"way","osm_id":"482819071","highway":"primary","axis":"main","version":"9","user":"JLZIMMERMANN","timestamp":"2026-09-23T07:01:23Z","changeset":"189433180","name":"Route de la Gasqui","ref":"D 49","surface":"asphalt","maxspeed":"80","changes":[{"k":"operator","old":"CG84","new":"CD84"}]}},{"type":"Feature","geometry":{"type":"LineString","coordinates":[[5.01762,44.00309],[5.01943,44.00508],[5.01954,44.00521],[5.01963,44.0053],[5.01978,44.00546],[5.01994,44.00562],[5.02044,44.00606],[5.02083,44.00636],[5.02091,44.00641],[5.02117,44.00658],[5.02145,44.00675],[5.02155,44.0068],[5.02223,44.00718],[5.02299,44.00762],[5.02342,44.00791],[5.02396,44.00833],[5.02445,44.00875],[5.02461,44.0089],[5.0247,44.009]]},"properties":{"action":"modify","state":"new","osm_type":"way","osm_id":"482819073","highway":"primary","axis":"main","version":"12","user":"JLZIMMERMANN","timestamp":"2026-09-23T07:01:23Z","changeset":"189433180","name":"Route de la Gasqui","ref":"D 49","surface":"asphalt","maxspeed":"80","changes":[{"k":"operator","old":"CG84","new":"CD84"}]}},{"type":"Feature","geometry":{"type":"LineString","coordinates":[[5.39956,43.8788],[5.39965,43.87889],[5.39974,43.8791]]},"properties":{"action":"modify","state":"new","osm_type":"way","osm_id":"484585563","highway":"residential","axis":"local","version":"5","user":"Alexandre148025","timestamp":"2026-09-23T13:28:32Z","changeset":"189449915","name":"Chemin Fran\u00e7ois Marini","changes":[{"k":"highway","old":"service","new":"residential"}]}},{"type":"Feature","geometry":{"type":"LineString","coordinates":[[5.12753,43.92203],[5.12767,43.92224],[5.12775,43.92231],[5.12791,43.92241],[5.12802,43.92248]]},"properties":{"action":"modify","state":"new","osm_type":"way","osm_id":"485592288","highway":"living_street","axis":"local","version":"5","user":"JLZIMMERMANN","timestamp":"2026-09-25T12:14:55Z","changeset":"189541592","name":"Chemin de la Fontaine de Vaucluse","ref":"D 25","surface":"concrete","changes":[{"k":"operator","old":null,"new":"CD84"},{"k":"ref","old":null,"new":"D 25"}]}},{"type":"Feature","geometry":{"type":"LineString","coordinates":[[5.07969,43.84362],[5.07972,43.8436],[5.07975,43.84358],[5.07978,43.84357],[5.07982,43.84357],[5.07988,43.84357],[5.07993,43.84358],[5.07997,43.84361],[5.07999,43.84363],[5.08,43.84365],[5.08001,43.84367]]},"properties":{"action":"modify","state":"new","osm_type":"way","osm_id":"490117721","highway":"secondary","axis":"secondary","version":"10","user":"cOSMografix","timestamp":"2026-09-26T09:24:27Z","changeset":"189578224","surface":"asphalt","maxspeed":"50","changes":[{"k":"cycleway","old":"lane","new":null},{"k":"cycleway:right","old":null,"new":"no"}]}},{"type":"Feature","geometry":{"type":"LineString","coordinates":[[5.12745,43.92193],[5.12665,43.92178],[5.12651,43.92175],[5.12638,43.92173],[5.12627,43.92172]]},"properties":{"action":"modify","state":"new","osm_type":"way","osm_id":"490521770","highway":"living_street","axis":"local","version":"12","user":"JLZIMMERMANN","timestamp":"2026-09-25T12:14:55Z","changeset":"189541592","name":"Avenue Robert Garcin","ref":"D 25","surface":"asphalt","maxspeed":"20","changes":[{"k":"operator","old":null,"new":"CD84"}]}},{"type":"Feature","geometry":{"type":"LineString","coordinates":[[5.4071,44.09235],[5.40715,44.09247],[5.40719,44.09259],[5.40718,44.09262],[5.40717,44.09264],[5.40714,44.09266],[5.4071,44.09265],[5.40706,44.09262],[5.407,44.09256],[5.40694,44.0925],[5.40682,44.09236],[5.40679,44.09231]]},"properties":{"action":"modify","state":"new","osm_type":"way","osm_id":"490653802","highway":"tertiary","axis":"secondary","version":"7","user":"JLZIMMERMANN","timestamp":"2026-09-25T10:41:44Z","changeset":"189537550","name":"Route de Saint-Marc","ref":"D 137","surface":"asphalt","changes":[{"k":"operator","old":null,"new":"CD84"}]}},{"type":"Feature","geometry":{"type":"LineString","coordinates":[[5.11088,43.85683],[5.1113,43.85699],[5.11178,43.85717],[5.11204,43.85729],[5.11227,43.8574],[5.11248,43.85751],[5.11272,43.85766]]},"properties":{"action":"modify","state":"new","osm_type":"way","osm_id":"490726354","highway":"path","axis":"path","version":"10","user":"Alexandre148025","timestamp":"2026-09-23T13:28:32Z","changeset":"189449915","surface":"asphalt","changes":[{"k":"railway","old":"razed","new":"abandoned"}]}},{"type":"Feature","geometry":{"type":"LineString","coordinates":[[5.12627,43.92172],[5.1262,43.92172],[5.12603,43.92173],[5.12591,43.92173]]},"properties":{"action":"modify","state":"new","osm_type":"way","osm_id":"490726380","highway":"living_street","axis":"local","version":"9","user":"JLZIMMERMANN","timestamp":"2026-09-25T12:14:55Z","changeset":"189541592","name":"Avenue Robert Garcin","ref":"D 25","surface":"asphalt","maxspeed":"20","changes":[{"k":"operator","old":null,"new":"CD84"}]}},{"type":"Feature","geometry":{"type":"LineString","coordinates":[[5.38701,43.93894],[5.38705,43.93893],[5.38711,43.9389],[5.38719,43.93888],[5.38728,43.93887],[5.38756,43.93886],[5.38762,43.93886],[5.38789,43.93885],[5.38814,43.93884],[5.38817,43.93884],[5.38826,43.93884],[5.38862,43.93882],[5.38878,43.93881],[5.38888,43.93879],[5.38899,43.93877],[5.38941,43.93866],[5.38952,43.93863],[5.38963,43.9386],[5.38977,43.93858],[5.38987,43.93858],[5.38995,43.93859],[5.39,43.93861],[5.39003,43.93863],[5.39009,43.93867],[5.39018,43.93876],[5.39029,43.93887],[5.39037,43.93893],[5.39046,43.93897],[5.39056,43.93899],[5.39069,43.93899],[5.39083,43.93898],[5.39166,43.93883],[5.39277,43.93864],[5.39325,43.93854],[5.39366,43.93843],[5.3947,43.93812],[5.39488,43.93806]]},"properties":{"action":"modify","state":"new","osm_type":"way","osm_id":"490986189","highway":"tertiary","axis":"secondary","version":"11","user":"cOSMografix","timestamp":"2026-09-27T21:10:47Z","changeset":"189650351","name":"Route de Rustrel","ref":"D 179","surface":"asphalt","maxspeed":"80","changes":[{"k":"lit","old":null,"new":"no"}]}},{"type":"Feature","geometry":{"type":"LineString","coordinates":[[4.94941,43.89297],[4.94942,43.89295],[4.94945,43.89294],[4.94947,43.89294],[4.9495,43.89294],[4.94952,43.89296]]},"properties":{"action":"delete","state":"new","osm_type":"way","osm_id":"493183122","highway":"secondary","axis":"secondary","version":"5","user":"Fox_45","timestamp":"2026-09-25T13:02:44Z","changeset":"189543981","surface":"asphalt","changes":[{"k":"cycleway:right","old":"no","new":null},{"k":"highway","old":"secondary","new":null},{"k":"junction","old":"roundabout","new":null},{"k":"surface","old":"asphalt","new":null}]}},{"type":"Feature","geometry":{"type":"LineString","coordinates":[[4.88438,43.95302],[4.88437,43.95297],[4.88437,43.95293],[4.88438,43.95288],[4.88441,43.95284]]},"properties":{"action":"modify","state":"new","osm_type":"way","osm_id":"493461404","highway":"secondary","axis":"secondary","version":"9","user":"JLZIMMERMANN","timestamp":"2026-09-23T14:11:43Z","changeset":"189452082","ref":"D 28","surface":"asphalt","changes":[{"k":"operator","old":null,"new":"CD84"},{"k":"ref","old":null,"new":"D 28"}]}},{"type":"Feature","geometry":{"type":"LineString","coordinates":[[4.88471,43.9531],[4.88467,43.95312],[4.88462,43.95312],[4.88457,43.95312],[4.88453,43.95311]]},"properties":{"action":"modify","state":"new","osm_type":"way","osm_id":"493461406","highway":"secondary","axis":"secondary","version":"12","user":"JLZIMMERMANN","timestamp":"2026-09-23T14:11:43Z","changeset":"189452082","ref":"D 28","surface":"asphalt","changes":[{"k":"operator","old":null,"new":"CD84"},{"k":"ref","old":null,"new":"D 28"}]}},{"type":"Feature","geometry":{"type":"LineString","coordinates":[[4.88483,43.95288],[4.88484,43.95293],[4.88484,43.95298],[4.88482,43.95302],[4.88479,43.95306]]},"properties":{"action":"modify","state":"new","osm_type":"way","osm_id":"493461409","highway":"secondary","axis":"secondary","version":"9","user":"JLZIMMERMANN","timestamp":"2026-09-23T14:11:43Z","changeset":"189452082","ref":"D 28","surface":"asphalt","changes":[{"k":"operator","old":null,"new":"CD84"},{"k":"ref","old":null,"new":"D 28"}]}},{"type":"Feature","geometry":{"type":"LineString","coordinates":[[4.93082,43.95676],[4.93085,43.95676],[4.93088,43.95676],[4.93091,43.95676],[4.93093,43.95677],[4.93095,43.95679],[4.93096,43.95682],[4.93095,43.95684],[4.93094,43.95686]]},"properties":{"action":"modify","state":"new","osm_type":"way","osm_id":"493461412","highway":"secondary","axis":"secondary","version":"6","user":"JLZIMMERMANN","timestamp":"2026-09-23T14:11:43Z","changeset":"189452082","surface":"asphalt","maxspeed":"30","changes":[{"k":"was:ref","old":null,"new":"D 28"}]}},{"type":"Feature","geometry":{"type":"LineString","coordinates":[[4.92194,43.9535],[4.92193,43.95355],[4.9219,43.95359],[4.92185,43.95362]]},"properties":{"action":"modify","state":"new","osm_type":"way","osm_id":"493461416","highway":"secondary","axis":"secondary","version":"8","user":"JLZIMMERMANN","timestamp":"2026-09-23T14:11:43Z","changeset":"189452082","ref":"D 28","surface":"asphalt","changes":[{"k":"operator","old":null,"new":"CD84"},{"k":"ref","old":null,"new":"D 28"}]}},{"type":"Feature","geometry":{"type":"LineString","coordinates":[[4.92158,43.95359],[4.92155,43.95356],[4.92154,43.95352],[4.92154,43.95348],[4.92156,43.95344]]},"properties":{"action":"modify","state":"new","osm_type":"way","osm_id":"493461419","highway":"secondary","axis":"secondary","version":"6","user":"JLZIMMERMANN","timestamp":"2026-09-23T14:11:43Z","changeset":"189452082","ref":"D 28","surface":"asphalt","changes":[{"k":"operator","old":null,"new":"CD84"},{"k":"ref","old":null,"new":"D 28"}]}},{"type":"Feature","geometry":{"type":"LineString","coordinates":[[4.92185,43.95362],[4.92181,43.95364],[4.92177,43.95364],[4.92172,43.95364],[4.92168,43.95364],[4.92162,43.95362],[4.92158,43.95359]]},"properties":{"action":"modify","state":"new","osm_type":"way","osm_id":"493461421","highway":"secondary","axis":"secondary","version":"6","user":"JLZIMMERMANN","timestamp":"2026-09-23T14:11:43Z","changeset":"189452082","ref":"D 28","surface":"asphalt","changes":[{"k":"operator","old":null,"new":"CD84"},{"k":"ref","old":null,"new":"D 28"}]}},{"type":"Feature","geometry":{"type":"LineString","coordinates":[[5.26035,44.18304],[5.26089,44.1831],[5.26216,44.18326],[5.2622,44.18326],[5.26221,44.18327],[5.26223,44.18327]]},"properties":{"action":"modify","state":"new","osm_type":"way","osm_id":"493949066","highway":"tertiary","axis":"secondary","version":"5","user":"thepriben","timestamp":"2026-09-29T17:38:13Z","changeset":"189740461","ref":"D 164A","surface":"asphalt"}},{"type":"Feature","geometry":{"type":"LineString","coordinates":[[5.26035,44.18304],[5.26089,44.1831],[5.26215,44.18326],[5.26221,44.18327],[5.26225,44.18327]]},"properties":{"state":"old","osm_id":"493949066","axis":"secondary"}},{"type":"Feature","geometry":{"type":"LineString","coordinates":[[5.38137,43.88247],[5.3815,43.88243],[5.38169,43.88235]]},"properties":{"action":"modify","state":"new","osm_type":"way","osm_id":"496600914","highway":"service","axis":"local","version":"2","user":"Alexandre148025","timestamp":"2026-09-23T13:28:32Z","changeset":"189449915","changes":[{"k":"service","old":null,"new":"parking_aisle"}]}},{"type":"Feature","geometry":{"type":"LineString","coordinates":[[5.04928,43.91799],[5.04927,43.91802],[5.04926,43.91804],[5.04923,43.91805],[5.0492,43.91806],[5.04917,43.91806],[5.04914,43.91805]]},"properties":{"action":"modify","state":"new","osm_type":"way","osm_id":"499398696","highway":"secondary","axis":"secondary","version":"4","user":"enzo_immergis","timestamp":"2026-09-29T08:43:43Z","changeset":"189715545","name":"Rond-Point du Portail d'Avignon","surface":"asphalt","maxspeed":"50","changes":[{"k":"cycleway:both","old":null,"new":"no"}]}},{"type":"Feature","geometry":{"type":"LineString","coordinates":[[5.04779,43.9183],[5.04777,43.91831],[5.04775,43.91833]]},"properties":{"action":"modify","state":"new","osm_type":"way","osm_id":"499398697","highway":"secondary","axis":"secondary","version":"4","user":"enzo_immergis","timestamp":"2026-09-29T08:43:43Z","changeset":"189715545","surface":"asphalt","maxspeed":"50","changes":[{"k":"cycleway:both","old":null,"new":"no"}]}},{"type":"Feature","geometry":{"type":"LineString","coordinates":[[5.04914,43.91805],[5.04912,43.91804],[5.0491,43.91803],[5.04909,43.91801],[5.04908,43.91799]]},"properties":{"action":"modify","state":"new","osm_type":"way","osm_id":"499425720","highway":"secondary","axis":"secondary","version":"4","user":"enzo_immergis","timestamp":"2026-09-29T08:43:43Z","changeset":"189715545","name":"Rond-Point du Portail d'Avignon","surface":"asphalt","maxspeed":"50","changes":[{"k":"cycleway:both","old":null,"new":"no"}]}},{"type":"Feature","geometry":{"type":"LineString","coordinates":[[5.04926,43.91794],[5.04928,43.91796],[5.04928,43.91798],[5.04928,43.91799]]},"properties":{"action":"modify","state":"new","osm_type":"way","osm_id":"499425721","highway":"secondary","axis":"secondary","version":"2","user":"enzo_immergis","timestamp":"2026-09-29T08:43:43Z","changeset":"189715545","name":"Rond-Point du Portail d'Avignon","surface":"asphalt","maxspeed":"50","changes":[{"k":"cycleway:both","old":null,"new":"no"}]}},{"type":"Feature","geometry":{"type":"LineString","coordinates":[[5.0478,43.91823],[5.0478,43.91825],[5.0478,43.91828],[5.04779,43.9183]]},"properties":{"action":"modify","state":"new","osm_type":"way","osm_id":"499425722","highway":"secondary","axis":"secondary","version":"3","user":"enzo_immergis","timestamp":"2026-09-29T08:43:43Z","changeset":"189715545","surface":"asphalt","maxspeed":"50","changes":[{"k":"cycleway:both","old":null,"new":"no"}]}},{"type":"Feature","geometry":{"type":"LineString","coordinates":[[5.0476,43.91832],[5.04757,43.91829],[5.04756,43.91826],[5.04757,43.91823],[5.04759,43.9182]]},"properties":{"action":"modify","state":"new","osm_type":"way","osm_id":"499425723","highway":"secondary","axis":"secondary","version":"3","user":"enzo_immergis","timestamp":"2026-09-29T08:43:43Z","changeset":"189715545","surface":"asphalt","maxspeed":"50","changes":[{"k":"cycleway:both","old":null,"new":"no"}]}},{"type":"Feature","geometry":{"type":"LineString","coordinates":[[4.99585,44.03729],[4.99591,44.0372],[4.99591,44.03719],[4.99602,44.03702],[4.99618,44.03677],[4.99624,44.03667],[4.9963,44.03657]]},"properties":{"action":"modify","state":"new","osm_type":"way","osm_id":"500386425","highway":"secondary","axis":"secondary","version":"8","user":"enzo_immergis","timestamp":"2026-09-28T16:22:07Z","changeset":"189687837","name":"Boulevard Commandant Bertier","surface":"asphalt","maxspeed":"50","changes":[{"k":"cycleway:both","old":null,"new":"no"}]}},{"type":"Feature","geometry":{"type":"LineString","coordinates":[[5.03682,44.02425],[5.03694,44.02423],[5.03794,44.02412],[5.03817,44.02415],[5.03824,44.02419],[5.03835,44.02426]]},"properties":{"action":"modify","state":"new","osm_type":"way","osm_id":"508927009","highway":"residential","axis":"local","version":"8","user":"JLZIMMERMANN","timestamp":"2026-09-23T07:01:23Z","changeset":"189433180","name":"Chemin de la Prato"}},{"type":"Feature","geometry":{"type":"LineString","coordinates":[[5.03682,44.02425],[5.03794,44.02412],[5.03817,44.02415],[5.03824,44.02419],[5.03835,44.02426]]},"properties":{"state":"old","osm_id":"508927009","axis":"local"}},{"type":"Feature","geometry":{"type":"LineString","coordinates":[[5.04913,43.91793],[5.04915,43.91792],[5.04917,43.91792],[5.0492,43.91792]]},"properties":{"action":"modify","state":"new","osm_type":"way","osm_id":"508949493","highway":"secondary","axis":"secondary","version":"4","user":"enzo_immergis","timestamp":"2026-09-29T08:43:43Z","changeset":"189715545","name":"Rond-Point du Portail d'Avignon","surface":"asphalt","maxspeed":"50","changes":[{"k":"cycleway:both","old":null,"new":"no"}]}},{"type":"Feature","geometry":{"type":"LineString","coordinates":[[5.04775,43.91833],[5.04772,43.91834],[5.04768,43.91834],[5.04764,43.91834]]},"properties":{"action":"modify","state":"new","osm_type":"way","osm_id":"508950781","highway":"secondary","axis":"secondary","version":"2","user":"enzo_immergis","timestamp":"2026-09-29T08:43:43Z","changeset":"189715545","surface":"asphalt","maxspeed":"50","changes":[{"k":"cycleway:both","old":null,"new":"no"}]}},{"type":"Feature","geometry":{"type":"LineString","coordinates":[[5.04764,43.91834],[5.04762,43.91833],[5.0476,43.91832]]},"properties":{"action":"modify","state":"new","osm_type":"way","osm_id":"508950784","highway":"secondary","axis":"secondary","version":"3","user":"enzo_immergis","timestamp":"2026-09-29T08:43:43Z","changeset":"189715545","surface":"asphalt","maxspeed":"50","changes":[{"k":"cycleway:both","old":null,"new":"no"}]}},{"type":"Feature","geometry":{"type":"LineString","coordinates":[[5.04582,44.04705],[5.04574,44.04726]]},"properties":{"action":"modify","state":"new","osm_type":"way","osm_id":"508969075","highway":"tertiary","axis":"secondary","version":"9","user":"JLZIMMERMANN","timestamp":"2026-09-23T06:48:08Z","changeset":"189432684","name":"Boulevard Pasteur","surface":"asphalt","maxspeed":"30","changes":[{"k":"ref","old":"D 49","new":null},{"k":"was:ref","old":null,"new":"D 49"}]}},{"type":"Feature","geometry":{"type":"LineString","coordinates":[[5.04574,44.04726],[5.04568,44.04741]]},"properties":{"action":"modify","state":"new","osm_type":"way","osm_id":"509268191","highway":"tertiary","axis":"secondary","version":"9","user":"JLZIMMERMANN","timestamp":"2026-09-23T06:48:08Z","changeset":"189432684","name":"Boulevard Pasteur","surface":"asphalt","maxspeed":"30","changes":[{"k":"ref","old":"D 49","new":null},{"k":"was:ref","old":null,"new":"D 49"}]}},{"type":"Feature","geometry":{"type":"LineString","coordinates":[[5.04568,44.04741],[5.04561,44.0476]]},"properties":{"action":"modify","state":"new","osm_type":"way","osm_id":"509453924","highway":"tertiary","axis":"secondary","version":"12","user":"JLZIMMERMANN","timestamp":"2026-09-23T06:48:08Z","changeset":"189432684","name":"Boulevard Pasteur","surface":"asphalt","maxspeed":"30","changes":[{"k":"ref","old":"D 49","new":null},{"k":"was:ref","old":null,"new":"D 49"}]}},{"type":"Feature","geometry":{"type":"LineString","coordinates":[[4.74263,44.26952],[4.7426,44.26943]]},"properties":{"action":"modify","state":"new","osm_type":"way","osm_id":"519356704","highway":"secondary","axis":"secondary","version":"3","user":"JLZIMMERMANN","timestamp":"2026-09-24T14:06:23Z","changeset":"189500604","name":"Avenue Andr\u00e9 Rombeau","ref":"D 26","surface":"asphalt","changes":[{"k":"operator","old":null,"new":"CD84"},{"k":"surface","old":null,"new":"asphalt"}]}},{"type":"Feature","geometry":{"type":"LineString","coordinates":[[4.74263,44.26951],[4.7426,44.26943]]},"properties":{"state":"old","osm_id":"519356704","axis":"secondary"}},{"type":"Feature","geometry":{"type":"LineString","coordinates":[[4.74328,44.27185],[4.74326,44.27178],[4.74316,44.27137],[4.7429,44.27037],[4.74274,44.26978],[4.74265,44.26956],[4.74263,44.26952]]},"properties":{"action":"modify","state":"new","osm_type":"way","osm_id":"519356706","highway":"secondary","axis":"secondary","version":"11","user":"JLZIMMERMANN","timestamp":"2026-09-24T14:06:23Z","changeset":"189500604","name":"Avenue Andr\u00e9 Rombeau","ref":"D 26","surface":"asphalt","changes":[{"k":"operator","old":null,"new":"CD84"}]}},{"type":"Feature","geometry":{"type":"LineString","coordinates":[[4.74405,44.27401],[4.74402,44.27388],[4.74398,44.27376],[4.74393,44.27362],[4.74382,44.27335],[4.7438,44.27329],[4.74367,44.27297],[4.74362,44.27286],[4.74346,44.27244],[4.74335,44.27212],[4.74333,44.27204],[4.7433,44.27191],[4.74328,44.27185],[4.74326,44.27178],[4.74316,44.27137],[4.7429,44.27037],[4.74274,44.26978],[4.74265,44.26956],[4.74263,44.26951]]},"properties":{"state":"old","osm_id":"519356706","axis":"secondary"}},{"type":"Feature","geometry":{"type":"LineString","coordinates":[[5.01256,43.97988],[5.01266,43.97946],[5.01277,43.97901],[5.01281,43.97886],[5.01291,43.97879],[5.01302,43.97879],[5.01308,43.97884],[5.01307,43.97889]]},"properties":{"action":"modify","state":"new","osm_type":"way","osm_id":"544620538","highway":"service","axis":"local","version":"2","user":"JLZIMMERMANN","timestamp":"2026-09-23T16:14:30Z","changeset":"189457977","surface":"unpaved","moved_metres":2.7,"moved_only":true,"via_node":true}},{"type":"Feature","geometry":{"type":"LineString","coordinates":[[5.01259,43.97988],[5.01268,43.97946],[5.01277,43.97901],[5.01281,43.97886],[5.01291,43.97879],[5.01302,43.97879],[5.01308,43.97884],[5.01307,43.97889]]},"properties":{"state":"old","osm_id":"544620538","axis":"local"}},{"type":"Feature","geometry":{"type":"LineString","coordinates":[[4.75323,44.2906],[4.75318,44.2904],[4.75311,44.29021],[4.753,44.29],[4.75289,44.28981],[4.75277,44.28965],[4.75261,44.28947],[4.75252,44.28938]]},"properties":{"action":"modify","state":"new","osm_type":"way","osm_id":"549127403","highway":"secondary","axis":"secondary","version":"5","user":"JLZIMMERMANN","timestamp":"2026-09-24T14:06:23Z","changeset":"189500604","name":"Avenue Jean Moulin","ref":"D 26","surface":"asphalt","maxspeed":"50","changes":[{"k":"operator","old":null,"new":"CD84"}]}},{"type":"Feature","geometry":{"type":"LineString","coordinates":[[4.75252,44.28938],[4.75243,44.2893],[4.75234,44.28922],[4.75219,44.28911],[4.75213,44.28907],[4.75187,44.28891],[4.75177,44.28887],[4.75167,44.28885]]},"properties":{"action":"modify","state":"new","osm_type":"way","osm_id":"549127408","highway":"secondary","axis":"secondary","version":"3","user":"JLZIMMERMANN","timestamp":"2026-09-24T14:06:23Z","changeset":"189500604","name":"Avenue Jean Moulin","ref":"D 26","surface":"asphalt","maxspeed":"30","changes":[{"k":"operator","old":null,"new":"CD84"}]}},{"type":"Feature","geometry":{"type":"LineString","coordinates":[[5.11148,43.84844],[5.11121,43.84837],[5.11099,43.84831]]},"properties":{"action":"modify","state":"new","osm_type":"way","osm_id":"551963177","highway":"secondary","axis":"secondary","version":"7","user":"cOSMografix","timestamp":"2026-09-26T09:24:45Z","changeset":"189578222","name":"Avenue Aristide Briand","ref":"D 2","surface":"asphalt","maxspeed":"50","changes":[{"k":"sidewalk:both","old":null,"new":"yes"}]}},{"type":"Feature","geometry":{"type":"LineString","coordinates":[[5.11468,43.8489],[5.11448,43.84888],[5.113,43.84865],[5.11284,43.84863],[5.11237,43.84855],[5.11222,43.84853],[5.11201,43.84851],[5.112,43.8485]]},"properties":{"action":"modify","state":"new","osm_type":"way","osm_id":"551963180","highway":"secondary","axis":"secondary","version":"8","user":"cOSMografix","timestamp":"2026-09-26T09:24:46Z","changeset":"189578222","name":"Avenue Aristide Briand","ref":"D 2","surface":"asphalt","maxspeed":"50","changes":[{"k":"sidewalk:both","old":null,"new":"yes"}]}},{"type":"Feature","geometry":{"type":"LineString","coordinates":[[5.12233,43.84991],[5.12188,43.84984]]},"properties":{"action":"modify","state":"new","osm_type":"way","osm_id":"551963181","highway":"secondary","axis":"secondary","version":"6","user":"cOSMografix","timestamp":"2026-09-26T09:24:56Z","changeset":"189578268","name":"Route des Alpes","ref":"D 2","surface":"asphalt","maxspeed":"50","changes":[{"k":"sidewalk:both","old":null,"new":"no"}]}},{"type":"Feature","geometry":{"type":"LineString","coordinates":[[5.112,43.8485],[5.11179,43.84848],[5.11148,43.84844]]},"properties":{"action":"modify","state":"new","osm_type":"way","osm_id":"551963185","highway":"secondary","axis":"secondary","version":"6","user":"cOSMografix","timestamp":"2026-09-26T09:24:45Z","changeset":"189578222","name":"Avenue Aristide Briand","ref":"D 2","surface":"asphalt","maxspeed":"50","changes":[{"k":"sidewalk:both","old":null,"new":"yes"}]}},{"type":"Feature","geometry":{"type":"LineString","coordinates":[[5.11099,43.84831],[5.11067,43.84823],[5.11057,43.84821],[5.11015,43.84811],[5.10987,43.84805],[5.10979,43.84803],[5.10948,43.84795],[5.10935,43.84792],[5.10927,43.8479],[5.10914,43.84787],[5.10861,43.84774],[5.10858,43.84773],[5.10809,43.84762],[5.10773,43.84753]]},"properties":{"action":"modify","state":"new","osm_type":"way","osm_id":"551964977","highway":"secondary","axis":"secondary","version":"8","user":"cOSMografix","timestamp":"2026-09-26T09:24:43Z","changeset":"189578222","name":"Avenue Aristide Briand","ref":"D 2","surface":"asphalt","maxspeed":"50","changes":[{"k":"sidewalk:both","old":null,"new":"yes"}]}},{"type":"Feature","geometry":{"type":"LineString","coordinates":[[5.0247,44.009],[5.02488,44.0092],[5.02498,44.00933],[5.0251,44.0095],[5.02525,44.00973]]},"properties":{"action":"modify","state":"new","osm_type":"way","osm_id":"552619190","highway":"primary","axis":"main","version":"4","user":"JLZIMMERMANN","timestamp":"2026-09-23T07:01:23Z","changeset":"189433180","name":"Route de la Gasqui","ref":"D 49","surface":"asphalt","maxspeed":"80","changes":[{"k":"operator","old":"CG84","new":"CD84"}]}},{"type":"Feature","geometry":{"type":"LineString","coordinates":[[5.03229,44.01848],[5.03251,44.01866],[5.03297,44.019],[5.03323,44.01919],[5.03388,44.01966],[5.03415,44.01986]]},"properties":{"action":"modify","state":"new","osm_type":"way","osm_id":"552620590","highway":"primary","axis":"main","version":"5","user":"JLZIMMERMANN","timestamp":"2026-09-23T07:01:23Z","changeset":"189433180","name":"Route de Patris","ref":"D 49","surface":"asphalt","maxspeed":"80","changes":[{"k":"operator","old":"CG84","new":"CD84"}]}},{"type":"Feature","geometry":{"type":"LineString","coordinates":[[5.0312,44.01738],[5.03144,44.01766],[5.03148,44.0177],[5.03163,44.01786],[5.03175,44.01798]]},"properties":{"action":"modify","state":"new","osm_type":"way","osm_id":"552620591","highway":"primary","axis":"main","version":"5","user":"JLZIMMERMANN","timestamp":"2026-09-23T07:01:23Z","changeset":"189433180","name":"Route de Patris","ref":"D 49","surface":"asphalt","maxspeed":"80","changes":[{"k":"operator","old":"CG84","new":"CD84"}]}},{"type":"Feature","geometry":{"type":"LineString","coordinates":[[5.03702,44.02577],[5.03707,44.02615],[5.03709,44.02631],[5.03712,44.02649],[5.03719,44.02689],[5.03727,44.02732],[5.0373,44.02745],[5.03733,44.02757],[5.03735,44.02768],[5.03736,44.02771],[5.03745,44.02805],[5.03757,44.02849],[5.03763,44.02869],[5.03772,44.02904],[5.03782,44.02937],[5.03796,44.02986],[5.03807,44.03025],[5.0382,44.03071],[5.03837,44.03129],[5.03845,44.03154],[5.03852,44.03175],[5.0386,44.03195],[5.03866,44.03212],[5.03876,44.03236],[5.03882,44.03252],[5.03884,44.0326],[5.03886,44.03266]]},"properties":{"action":"modify","state":"new","osm_type":"way","osm_id":"552620592","highway":"primary","axis":"main","version":"13","user":"JLZIMMERMANN","timestamp":"2026-09-23T07:01:23Z","changeset":"189433180","name":"Route de Velleron","ref":"D 49","surface":"asphalt","maxspeed":"80","changes":[{"k":"operator","old":null,"new":"CD84"}]}},{"type":"Feature","geometry":{"type":"LineString","coordinates":[[5.03702,44.02577],[5.03707,44.02615],[5.03709,44.02631],[5.03712,44.02649],[5.03719,44.02689],[5.03727,44.02732],[5.03735,44.02768],[5.03736,44.02771],[5.03745,44.02805],[5.03757,44.02849],[5.03763,44.02869],[5.03772,44.02904],[5.03782,44.02937],[5.03796,44.02986],[5.03807,44.03025],[5.0382,44.03071],[5.03837,44.03129],[5.03845,44.03154],[5.03852,44.03175],[5.0386,44.03195],[5.03866,44.03212],[5.03876,44.03236],[5.03882,44.03252],[5.03884,44.0326],[5.03886,44.03266]]},"properties":{"state":"old","osm_id":"552620592","axis":"main"}},{"type":"Feature","geometry":{"type":"LineString","coordinates":[[5.03189,44.01811],[5.03229,44.01848]]},"properties":{"action":"modify","state":"new","osm_type":"way","osm_id":"552620593","highway":"primary","axis":"main","version":"6","user":"JLZIMMERMANN","timestamp":"2026-09-23T07:01:23Z","changeset":"189433180","name":"Route de Patris","ref":"D 49","surface":"asphalt","maxspeed":"80","changes":[{"k":"operator","old":"CG84","new":"CD84"}]}},{"type":"Feature","geometry":{"type":"LineString","coordinates":[[5.03175,44.01798],[5.03182,44.01804],[5.03189,44.01811]]},"properties":{"action":"modify","state":"new","osm_type":"way","osm_id":"552620594","highway":"primary","axis":"main","version":"4","user":"JLZIMMERMANN","timestamp":"2026-09-23T07:01:23Z","changeset":"189433180","name":"Route de Patris","ref":"D 49","surface":"asphalt","maxspeed":"80","changes":[{"k":"operator","old":"CG84","new":"CD84"}]}},{"type":"Feature","geometry":{"type":"LineString","coordinates":[[5.00504,43.90079],[5.00476,43.90068],[5.00456,43.9006],[5.00293,43.9001],[5.00093,43.89958],[5.0004,43.89945]]},"properties":{"action":"modify","state":"new","osm_type":"way","osm_id":"565462142","highway":"tertiary","axis":"secondary","version":"3","user":"JLZIMMERMANN","timestamp":"2026-09-25T12:14:55Z","changeset":"189541592","name":"Route de Fontaine de Vaucluse","ref":"D 25","surface":"asphalt","changes":[{"k":"operator","old":null,"new":"CD84"},{"k":"surface","old":null,"new":"asphalt"}]}},{"type":"Feature","geometry":{"type":"LineString","coordinates":[[5.21416,43.88242],[5.21405,43.88238],[5.21398,43.88234],[5.21391,43.88229],[5.21382,43.88219],[5.21352,43.88191],[5.21326,43.88164],[5.21302,43.88147]]},"properties":{"action":"modify","state":"new","osm_type":"way","osm_id":"567237306","highway":"tertiary","axis":"secondary","version":"8","user":"JLZIMMERMANN","timestamp":"2026-09-23T22:05:10Z","changeset":"189470856","name":"Route de la Badelle","ref":"D 148","surface":"asphalt","maxspeed":"30","changes":[{"k":"operator","old":null,"new":"CD84"},{"k":"ref","old":null,"new":"D 148"},{"k":"surface","old":null,"new":"asphalt"}]}},{"type":"Feature","geometry":{"type":"LineString","coordinates":[[5.40689,44.08998],[5.40688,44.08993],[5.40688,44.0899],[5.40686,44.08988],[5.40683,44.08986],[5.4068,44.08985]]},"properties":{"action":"modify","state":"new","osm_type":"way","osm_id":"568511180","highway":"tertiary","axis":"secondary","version":"9","user":"JLZIMMERMANN","timestamp":"2026-09-25T10:41:44Z","changeset":"189537550","name":"Route de Saint-Marc","ref":"D 137","surface":"asphalt","changes":[{"k":"operator","old":null,"new":"CD84"}]}},{"type":"Feature","geometry":{"type":"LineString","coordinates":[[4.86783,43.95285],[4.86687,43.9527],[4.86586,43.95255]]},"properties":{"action":"modify","state":"new","osm_type":"way","osm_id":"586216711","highway":"secondary","axis":"secondary","version":"7","user":"JLZIMMERMANN","timestamp":"2026-09-23T14:11:43Z","changeset":"189452082","name":"Route de Saint-Saturnin","ref":"D 28","surface":"asphalt","maxspeed":"70","changes":[{"k":"operator","old":null,"new":"CD84"}]}},{"type":"Feature","geometry":{"type":"LineString","coordinates":[[5.0455,44.04789],[5.04545,44.04802],[5.04543,44.04807]]},"properties":{"action":"modify","state":"new","osm_type":"way","osm_id":"586649615","highway":"tertiary","axis":"secondary","version":"9","user":"JLZIMMERMANN","timestamp":"2026-09-23T06:48:08Z","changeset":"189432684","name":"Boulevard Pasteur","surface":"asphalt","maxspeed":"30","changes":[{"k":"ref","old":"D 49","new":null},{"k":"was:ref","old":null,"new":"D 49"}]}},{"type":"Feature","geometry":{"type":"LineString","coordinates":[[5.04543,44.04807],[5.04536,44.04826]]},"properties":{"action":"modify","state":"new","osm_type":"way","osm_id":"586661200","highway":"tertiary","axis":"secondary","version":"10","user":"JLZIMMERMANN","timestamp":"2026-09-23T06:48:08Z","changeset":"189432684","name":"Boulevard Pasteur","surface":"asphalt","maxspeed":"30","changes":[{"k":"ref","old":"D 49","new":null},{"k":"was:ref","old":null,"new":"D 49"}]}},{"type":"Feature","geometry":{"type":"LineString","coordinates":[[5.04528,44.04845],[5.04526,44.04849],[5.04523,44.04859],[5.04522,44.04861]]},"properties":{"action":"modify","state":"new","osm_type":"way","osm_id":"587727897","highway":"tertiary","axis":"secondary","version":"8","user":"JLZIMMERMANN","timestamp":"2026-09-23T06:48:08Z","changeset":"189432684","name":"Boulevard Pasteur","surface":"asphalt","maxspeed":"30","changes":[{"k":"ref","old":"D 49","new":null},{"k":"was:ref","old":null,"new":"D 49"}]}},{"type":"Feature","geometry":{"type":"LineString","coordinates":[[4.99455,44.03458],[4.99456,44.0346],[4.99456,44.03463],[4.99454,44.03465],[4.99452,44.03467],[4.99448,44.03468],[4.99442,44.03468],[4.99439,44.03467],[4.99436,44.03464],[4.99435,44.03462],[4.99435,44.0346],[4.99436,44.03458]]},"properties":{"action":"modify","state":"new","osm_type":"way","osm_id":"587737048","highway":"secondary","axis":"secondary","version":"6","user":"enzo_immergis","timestamp":"2026-09-28T16:22:07Z","changeset":"189687837","name":"Ront Point de Belle Croix","surface":"asphalt","maxspeed":"50","changes":[{"k":"cycleway:both","old":null,"new":"no"}]}},{"type":"Feature","geometry":{"type":"LineString","coordinates":[[4.99455,44.03458],[4.99456,44.0346],[4.99456,44.03463],[4.99454,44.03465],[4.99452,44.03467],[4.99448,44.03468],[4.99445,44.03468],[4.99442,44.03468],[4.99439,44.03467],[4.99436,44.03464],[4.99435,44.03462],[4.99435,44.0346],[4.99436,44.03458]]},"properties":{"state":"old","osm_id":"587737048","axis":"secondary"}},{"type":"Feature","geometry":{"type":"LineString","coordinates":[[4.99448,44.03453],[4.99453,44.03455],[4.99455,44.03458]]},"properties":{"action":"modify","state":"new","osm_type":"way","osm_id":"587737049","highway":"secondary","axis":"secondary","version":"5","user":"enzo_immergis","timestamp":"2026-09-28T16:22:07Z","changeset":"189687837","name":"Ront Point de Belle Croix","surface":"asphalt","maxspeed":"50","changes":[{"k":"cycleway:both","old":null,"new":"no"}]}},{"type":"Feature","geometry":{"type":"LineString","coordinates":[[4.99436,44.03458],[4.99437,44.03456],[4.9944,44.03455],[4.99443,44.03454],[4.99446,44.03453]]},"properties":{"action":"modify","state":"new","osm_type":"way","osm_id":"587737050","highway":"secondary","axis":"secondary","version":"8","user":"enzo_immergis","timestamp":"2026-09-28T16:22:07Z","changeset":"189687837","name":"Ront Point de Belle Croix","surface":"asphalt","maxspeed":"50","changes":[{"k":"cycleway:both","old":null,"new":"no"}]}},{"type":"Feature","geometry":{"type":"LineString","coordinates":[[5.04407,43.91395],[5.04402,43.91392],[5.04396,43.91387],[5.04389,43.91382]]},"properties":{"action":"modify","state":"new","osm_type":"way","osm_id":"598514201","highway":"tertiary","axis":"secondary","version":"3","user":"JLZIMMERMANN","timestamp":"2026-09-25T12:14:55Z","changeset":"189541592","changes":[{"k":"ref","old":"D 25","new":null},{"k":"was:ref","old":null,"new":"D 25"}]}},{"type":"Feature","geometry":{"type":"LineString","coordinates":[[5.04458,43.91399],[5.04444,43.91398],[5.04432,43.91399],[5.04424,43.91401]]},"properties":{"action":"modify","state":"new","osm_type":"way","osm_id":"598514203","highway":"tertiary","axis":"secondary","version":"4","user":"JLZIMMERMANN","timestamp":"2026-09-25T12:14:55Z","changeset":"189541592","name":"Route de Caumont","surface":"asphalt","maxspeed":"50","changes":[{"k":"ref","old":"D 25","new":null},{"k":"was:ref","old":null,"new":"D 25"}]}},{"type":"Feature","geometry":{"type":"LineString","coordinates":[[5.04423,43.91391],[5.04434,43.91393],[5.04447,43.91395],[5.04458,43.91399]]},"properties":{"action":"modify","state":"new","osm_type":"way","osm_id":"598514205","highway":"tertiary","axis":"secondary","version":"4","user":"JLZIMMERMANN","timestamp":"2026-09-25T12:14:55Z","changeset":"189541592","name":"Route de Caumont","surface":"asphalt","maxspeed":"50","changes":[{"k":"ref","old":"D 25","new":null},{"k":"was:ref","old":null,"new":"D 25"}]}},{"type":"Feature","geometry":{"type":"LineString","coordinates":[[5.04389,43.91382],[5.044,43.91384],[5.04409,43.91387],[5.04418,43.91389]]},"properties":{"action":"modify","state":"new","osm_type":"way","osm_id":"598514208","highway":"tertiary","axis":"secondary","version":"3","user":"JLZIMMERMANN","timestamp":"2026-09-25T12:14:55Z","changeset":"189541592","changes":[{"k":"ref","old":"D 25","new":null},{"k":"was:ref","old":null,"new":"D 25"}]}},{"type":"Feature","geometry":{"type":"LineString","coordinates":[[5.04133,43.91287],[5.04119,43.91286],[5.04112,43.91286]]},"properties":{"action":"modify","state":"new","osm_type":"way","osm_id":"598514210","highway":"tertiary","axis":"secondary","version":"2","user":"JLZIMMERMANN","timestamp":"2026-09-25T12:14:55Z","changeset":"189541592","changes":[{"k":"ref","old":"D 25","new":null},{"k":"was:ref","old":null,"new":"D 25"}]}},{"type":"Feature","geometry":{"type":"LineString","coordinates":[[5.04067,43.91273],[5.04077,43.91272],[5.04086,43.9127],[5.04091,43.91269]]},"properties":{"action":"modify","state":"new","osm_type":"way","osm_id":"598514217","highway":"tertiary","axis":"secondary","version":"3","user":"JLZIMMERMANN","timestamp":"2026-09-25T12:14:55Z","changeset":"189541592","surface":"asphalt","changes":[{"k":"ref","old":"D 25","new":null},{"k":"surface","old":null,"new":"asphalt"},{"k":"was:ref","old":null,"new":"D 25"}]}},{"type":"Feature","geometry":{"type":"LineString","coordinates":[[5.05235,43.91755],[5.05239,43.91757],[5.05242,43.9176],[5.05247,43.91766],[5.05249,43.91769],[5.05252,43.91772],[5.05256,43.91776],[5.05275,43.91792],[5.05284,43.91798]]},"properties":{"action":"modify","state":"new","osm_type":"way","osm_id":"606788878","highway":"secondary","axis":"secondary","version":"8","user":"enzo_immergis","timestamp":"2026-09-29T08:43:43Z","changeset":"189715545","name":"Avenue des Quatre Otages","ref":"D 901","surface":"asphalt","maxspeed":"50","changes":[{"k":"cycleway:both","old":null,"new":"no"}]}},{"type":"Feature","geometry":{"type":"LineString","coordinates":[[4.89415,43.90325],[4.89408,43.90349],[4.89403,43.90367],[4.89402,43.90377],[4.89403,43.90382],[4.89406,43.90387]]},"properties":{"action":"modify","state":"new","osm_type":"way","osm_id":"609747338","highway":"primary","axis":"main","version":"11","user":"GuyonT","timestamp":"2026-09-23T13:12:46Z","changeset":"189449135","name":"Route de Marseille","ref":"D 907","surface":"asphalt","maxspeed":"90","changes":[{"k":"cycleway:right","old":null,"new":"no"}]}},{"type":"Feature","geometry":{"type":"LineString","coordinates":[[5.1159,43.84908],[5.11576,43.84905],[5.11564,43.84903],[5.11553,43.84902],[5.11535,43.84899]]},"properties":{"action":"modify","state":"new","osm_type":"way","osm_id":"613404906","highway":"secondary","axis":"secondary","version":"9","user":"cOSMografix","timestamp":"2026-09-26T09:24:50Z","changeset":"189578222","name":"Route des Alpes","ref":"D 2","surface":"asphalt","maxspeed":"50","changes":[{"k":"sidewalk:both","old":null,"new":"yes"}]}},{"type":"Feature","geometry":{"type":"LineString","coordinates":[[5.02681,43.98591],[5.02698,43.98593],[5.02718,43.98601],[5.02736,43.9861],[5.02747,43.98618],[5.0276,43.9863],[5.0277,43.98645],[5.02771,43.9865],[5.02772,43.98654]]},"properties":{"action":"modify","state":"new","osm_type":"way","osm_id":"623136868","highway":"service","axis":"local","version":"3","user":"JLZIMMERMANN","timestamp":"2026-09-23T16:14:30Z","changeset":"189457977"}},{"type":"Feature","geometry":{"type":"LineString","coordinates":[[5.02681,43.98591],[5.02698,43.98593],[5.02718,43.98601],[5.02736,43.9861],[5.02747,43.98618],[5.0276,43.9863],[5.0277,43.98645],[5.02772,43.98654]]},"properties":{"state":"old","osm_id":"623136868","axis":"local"}},{"type":"Feature","geometry":{"type":"LineString","coordinates":[[5.04589,43.91438],[5.04603,43.91444],[5.04631,43.91459],[5.04641,43.91465],[5.0465,43.91469],[5.04678,43.91489],[5.04692,43.91501],[5.04707,43.91513],[5.04719,43.91524],[5.04724,43.91527],[5.04729,43.91531],[5.04738,43.91533]]},"properties":{"action":"modify","state":"new","osm_type":"way","osm_id":"625534881","highway":"tertiary","axis":"secondary","version":"6","user":"JLZIMMERMANN","timestamp":"2026-09-25T12:14:55Z","changeset":"189541592","name":"Route de Caumont","surface":"asphalt","maxspeed":"50","changes":[{"k":"ref","old":"D 25","new":null},{"k":"was:ref","old":null,"new":"D 25"}]}},{"type":"Feature","geometry":{"type":"LineString","coordinates":[[5.04589,43.91438],[5.04603,43.91444],[5.04631,43.91459],[5.04641,43.91465],[5.0465,43.91469],[5.04691,43.91501],[5.04707,43.91513],[5.04719,43.91524],[5.04724,43.91527],[5.04729,43.91531],[5.04738,43.91533]]},"properties":{"state":"old","osm_id":"625534881","axis":"secondary"}},{"type":"Feature","geometry":{"type":"LineString","coordinates":[[4.98539,43.89678],[4.98524,43.89677],[4.9847,43.89678],[4.98425,43.89679],[4.98369,43.89678],[4.9826,43.89666],[4.98225,43.89664],[4.981,43.89663],[4.98066,43.89662],[4.98046,43.89661],[4.98033,43.89659],[4.98016,43.89657],[4.97958,43.8965],[4.97891,43.89641],[4.97869,43.89638],[4.97784,43.89627],[4.97701,43.89619],[4.97573,43.89606],[4.97549,43.89605],[4.97493,43.89603],[4.9746,43.89601],[4.97445,43.89599],[4.97417,43.89596],[4.97371,43.89585],[4.97315,43.89571],[4.97291,43.89566],[4.97281,43.89565],[4.97252,43.89564],[4.97226,43.89564],[4.97199,43.89566],[4.97143,43.89572],[4.97069,43.89582],[4.97051,43.89583],[4.97009,43.89586],[4.96969,43.89587],[4.96939,43.89584],[4.96901,43.89578],[4.96809,43.89567],[4.9678,43.89563],[4.96728,43.89554],[4.96696,43.89545],[4.96562,43.89508],[4.9654,43.89503],[4.96518,43.89498],[4.96452,43.89481],[4.96413,43.8947],[4.96367,43.89457],[4.96346,43.8945],[4.96317,43.89441],[4.96312,43.8944],[4.96285,43.89432],[4.96241,43.8942],[4.96176,43.89409],[4.96155,43.89406],[4.96135,43.89402],[4.96128,43.89401]]},"properties":{"action":"modify","state":"new","osm_type":"way","osm_id":"625563787","highway":"tertiary","axis":"secondary","version":"28","user":"JLZIMMERMANN","timestamp":"2026-09-25T12:14:55Z","changeset":"189541592","name":"Route de l'Isle sur la Sorgue","ref":"D 25","surface":"asphalt","changes":[{"k":"operator","old":null,"new":"CD84"}]}},{"type":"Feature","geometry":{"type":"LineString","coordinates":[[4.98539,43.89678],[4.98524,43.89677],[4.98466,43.89678],[4.98369,43.89678],[4.9826,43.89666],[4.98225,43.89664],[4.981,43.89662],[4.98066,43.89661],[4.98046,43.8966],[4.98033,43.89659],[4.98021,43.89657],[4.97958,43.89649],[4.97891,43.89641],[4.97869,43.89638],[4.97784,43.89627],[4.97701,43.89619],[4.97573,43.89606],[4.97549,43.89605],[4.97493,43.89603],[4.9746,43.89601],[4.97445,43.89599],[4.97417,43.89596],[4.97371,43.89585],[4.97292,43.89566],[4.97241,43.89564],[4.97226,43.89564],[4.97199,43.89566],[4.97143,43.89572],[4.97069,43.89582],[4.97051,43.89583],[4.96969,43.89586],[4.96901,43.89578],[4.96809,43.89567],[4.9678,43.89563],[4.96729,43.89552],[4.96697,43.89544],[4.96562,43.89508],[4.96532,43.895],[4.96518,43.89497],[4.96453,43.89479],[4.96413,43.89469],[4.96367,43.89457],[4.96346,43.8945],[4.96317,43.89441],[4.96312,43.8944],[4.96245,43.8942],[4.96241,43.89419],[4.96176,43.89409],[4.96155,43.89406],[4.96134,43.89403],[4.96106,43.89398],[4.96095,43.89396],[4.9609,43.89395],[4.96086,43.89395],[4.96063,43.89391],[4.96034,43.89385],[4.96009,43.8938],[4.95993,43.89377],[4.95961,43.89371],[4.95952,43.89369],[4.95914,43.89362],[4.95896,43.89359],[4.9581,43.89346],[4.95797,43.89344],[4.95757,43.89338],[4.95697,43.89328],[4.95639,43.8932],[4.95609,43.89316],[4.95601,43.89315],[4.9559,43.89314],[4.95568,43.89312],[4.95548,43.89311],[4.95539,43.8931],[4.95512,43.89309],[4.95481,43.89307],[4.95473,43.89306],[4.95439,43.89305],[4.95416,43.89303],[4.95402,43.89302],[4.95391,43.89302],[4.95366,43.893],[4.95337,43.89298],[4.95301,43.89298],[4.95268,43.89297],[4.95218,43.893],[4.95176,43.89302],[4.95156,43.89303]]},"properties":{"state":"old","osm_id":"625563787","axis":"secondary"}},{"type":"Feature","geometry":{"type":"LineString","coordinates":[[5.01491,43.90354],[5.01588,43.90366],[5.01729,43.90386],[5.0177,43.90398],[5.01792,43.90407],[5.01814,43.90418],[5.01842,43.90438],[5.01869,43.90458],[5.01888,43.90475],[5.01912,43.90494],[5.01931,43.90506],[5.01995,43.90539],[5.02077,43.90579],[5.02141,43.90611],[5.02168,43.90624],[5.02289,43.90685],[5.02316,43.90697],[5.02346,43.9071],[5.02396,43.90723],[5.02456,43.90738],[5.02513,43.90755],[5.02538,43.90766],[5.02549,43.90771],[5.02576,43.90787],[5.02641,43.90832],[5.02725,43.90889],[5.0273,43.90892],[5.02747,43.909],[5.02764,43.90907],[5.02795,43.90917],[5.02888,43.90936],[5.02945,43.90947],[5.02995,43.90957],[5.03028,43.90966],[5.03051,43.90973],[5.03073,43.90983],[5.03091,43.90992],[5.03109,43.91003],[5.03123,43.91012],[5.03137,43.91023],[5.03153,43.91038],[5.03167,43.9105]]},"properties":{"action":"modify","state":"new","osm_type":"way","osm_id":"625563788","highway":"tertiary","axis":"secondary","version":"10","user":"JLZIMMERMANN","timestamp":"2026-09-25T12:14:55Z","changeset":"189541592","name":"Route de Caumont","ref":"D 25","surface":"asphalt","changes":[{"k":"operator","old":null,"new":"CD84"},{"k":"surface","old":null,"new":"asphalt"}]}},{"type":"Feature","geometry":{"type":"LineString","coordinates":[[5.01491,43.90354],[5.01588,43.90366],[5.01729,43.90386],[5.0177,43.90398],[5.01792,43.90407],[5.01814,43.90418],[5.01842,43.90438],[5.01869,43.90458],[5.01892,43.90479],[5.01931,43.90506],[5.01995,43.90539],[5.02077,43.90579],[5.02141,43.90611],[5.02168,43.90624],[5.02289,43.90685],[5.02346,43.9071],[5.02396,43.90723],[5.02456,43.90738],[5.02513,43.90755],[5.02538,43.90766],[5.02549,43.90771],[5.02576,43.90787],[5.02641,43.90832],[5.02725,43.90889],[5.0273,43.90892],[5.02747,43.909],[5.02764,43.90907],[5.02795,43.90917],[5.02888,43.90936],[5.02945,43.90947],[5.02995,43.90957],[5.03028,43.90967],[5.03073,43.90984],[5.03106,43.91003],[5.03136,43.91024],[5.03153,43.91038],[5.03167,43.9105]]},"properties":{"state":"old","osm_id":"625563788","axis":"secondary"}},{"type":"Feature","geometry":{"type":"LineString","coordinates":[[4.85356,43.92416],[4.85348,43.92404],[4.85343,43.92403],[4.85268,43.92425],[4.85264,43.92429],[4.85261,43.92432],[4.85261,43.92453]]},"properties":{"action":"modify","state":"new","osm_type":"way","osm_id":"628523469","highway":"service","axis":"local","version":"3","user":"GuyonT","timestamp":"2026-09-23T13:23:50Z","changeset":"189449692","surface":"asphalt","changes":[{"k":"surface","old":null,"new":"asphalt"}]}},{"type":"Feature","geometry":{"type":"LineString","coordinates":[[5.53927,43.92266],[5.53919,43.92269],[5.53906,43.92268],[5.53895,43.92264],[5.53883,43.92258],[5.5387,43.92252],[5.53837,43.9223],[5.53817,43.9222],[5.53793,43.92209],[5.53763,43.92199],[5.53732,43.92191],[5.53606,43.92164],[5.53557,43.92151],[5.5352,43.92142],[5.53487,43.92135],[5.53464,43.92131],[5.53386,43.9212],[5.53318,43.9211],[5.53314,43.92109]]},"properties":{"action":"modify","state":"new","osm_type":"way","osm_id":"646419889","highway":"tertiary","axis":"secondary","version":"4","user":"JLZIMMERMANN","timestamp":"2026-09-23T21:17:58Z","changeset":"189469677","name":"Route de Gignac","ref":"D 112","surface":"asphalt","changes":[{"k":"operator","old":null,"new":"CD84"},{"k":"surface","old":null,"new":"asphalt"}]}},{"type":"Feature","geometry":{"type":"LineString","coordinates":[[5.53927,43.92266],[5.53919,43.92269],[5.53906,43.92268],[5.53895,43.92264],[5.53883,43.92258],[5.5387,43.92252],[5.53821,43.92222],[5.53793,43.92209],[5.53763,43.92199],[5.53732,43.92191],[5.53606,43.92164],[5.53557,43.92151],[5.5352,43.92142],[5.53487,43.92135],[5.53464,43.92131],[5.53386,43.9212],[5.53318,43.9211],[5.53314,43.92109]]},"properties":{"state":"old","osm_id":"646419889","axis":"secondary"}},{"type":"Feature","geometry":{"type":"LineString","coordinates":[[5.53937,43.92259],[5.53927,43.92266]]},"properties":{"action":"modify","state":"new","osm_type":"way","osm_id":"646419890","highway":"tertiary","axis":"secondary","version":"3","user":"JLZIMMERMANN","timestamp":"2026-09-23T21:17:58Z","changeset":"189469677","name":"Route de Gignac","ref":"D 112","surface":"asphalt","changes":[{"k":"operator","old":null,"new":"CD84"},{"k":"surface","old":null,"new":"asphalt"}]}},{"type":"Feature","geometry":{"type":"LineString","coordinates":[[4.85237,43.92435],[4.85246,43.9243],[4.85259,43.92428],[4.85264,43.92429]]},"properties":{"action":"modify","state":"new","osm_type":"way","osm_id":"652635204","highway":"service","axis":"local","version":"2","user":"GuyonT","timestamp":"2026-09-23T13:23:54Z","changeset":"189449692","surface":"asphalt","changes":[{"k":"surface","old":null,"new":"asphalt"}]}},{"type":"Feature","geometry":{"type":"LineString","coordinates":[[5.08686,43.84999],[5.0871,43.84999]]},"properties":{"action":"modify","state":"new","osm_type":"way","osm_id":"653209407","highway":"path","axis":"path","version":"9","user":"Alexandre148025","timestamp":"2026-09-23T13:28:32Z","changeset":"189449915","surface":"asphalt","changes":[{"k":"railway","old":"razed","new":"abandoned"}]}},{"type":"Feature","geometry":{"type":"LineString","coordinates":[[5.08691,43.84999],[5.08711,43.84999]]},"properties":{"state":"old","osm_id":"653209407","axis":"path"}},{"type":"Feature","geometry":{"type":"LineString","coordinates":[[5.0757,43.84364],[5.07582,43.84374],[5.07682,43.84452],[5.07858,43.8459],[5.08067,43.84754],[5.08125,43.84801],[5.08185,43.84847],[5.0822,43.84871],[5.08253,43.84889],[5.08296,43.84912],[5.08346,43.84933],[5.08385,43.84948],[5.08415,43.84958],[5.08449,43.84966],[5.08508,43.84981],[5.08579,43.84991],[5.08606,43.84995],[5.0863,43.84997],[5.08662,43.84999],[5.08686,43.84999]]},"properties":{"action":"modify","state":"new","osm_type":"way","osm_id":"653209412","highway":"path","axis":"path","version":"13","user":"Alexandre148025","timestamp":"2026-09-23T13:28:32Z","changeset":"189449915","surface":"asphalt","changes":[{"k":"railway","old":"razed","new":"abandoned"}]}},{"type":"Feature","geometry":{"type":"LineString","coordinates":[[5.0757,43.84364],[5.07582,43.84374],[5.07682,43.84452],[5.07858,43.8459],[5.08067,43.84754],[5.08125,43.84801],[5.08185,43.84847],[5.0822,43.84871],[5.08253,43.84889],[5.08296,43.84912],[5.08346,43.84933],[5.08385,43.84948],[5.08415,43.84958],[5.08449,43.84966],[5.08508,43.84981],[5.08579,43.84991],[5.08606,43.84995],[5.0863,43.84997],[5.08662,43.84999],[5.08691,43.84999]]},"properties":{"state":"old","osm_id":"653209412","axis":"path"}},{"type":"Feature","geometry":{"type":"LineString","coordinates":[[5.39949,43.87877],[5.39956,43.8788]]},"properties":{"action":"modify","state":"new","osm_type":"way","osm_id":"653529468","highway":"residential","axis":"local","version":"4","user":"Alexandre148025","timestamp":"2026-09-23T13:28:32Z","changeset":"189449915","name":"Chemin Fran\u00e7ois Marini","changes":[{"k":"highway","old":"service","new":"residential"}]}},{"type":"Feature","geometry":{"type":"LineString","coordinates":[[5.0631,43.83258],[5.06278,43.8327],[5.06262,43.83325],[5.0625,43.83335],[5.06243,43.83341],[5.0624,43.83344]]},"properties":{"action":"modify","state":"new","osm_type":"way","osm_id":"655727003","highway":"service","axis":"local","version":"4","user":"cOSMografix","timestamp":"2026-09-26T09:24:16Z","changeset":"189578223","changes":[{"k":"lit","old":null,"new":"yes"}]}},{"type":"Feature","geometry":{"type":"LineString","coordinates":[[5.04024,44.03742],[5.04026,44.03748],[5.04027,44.03752],[5.04033,44.03775],[5.04036,44.03788],[5.04039,44.03799],[5.04044,44.0382],[5.04049,44.03835],[5.04057,44.03865],[5.04066,44.03899],[5.0407,44.03916],[5.04075,44.03939],[5.04081,44.03971],[5.04089,44.04017],[5.0409,44.04024],[5.04098,44.04069],[5.04099,44.04074],[5.04105,44.04098],[5.04106,44.04104]]},"properties":{"action":"modify","state":"new","osm_type":"way","osm_id":"663120047","highway":"tertiary","axis":"secondary","version":"12","user":"JLZIMMERMANN","timestamp":"2026-09-23T06:48:08Z","changeset":"189432684","name":"Avenue des March\u00e9s","surface":"asphalt","maxspeed":"50","changes":[{"k":"ref","old":"D 49","new":null},{"k":"was:ref","old":null,"new":"D 49"}]}},{"type":"Feature","geometry":{"type":"LineString","coordinates":[[5.04536,44.04826],[5.04528,44.04845]]},"properties":{"action":"modify","state":"new","osm_type":"way","osm_id":"663175647","highway":"tertiary","axis":"secondary","version":"8","user":"JLZIMMERMANN","timestamp":"2026-09-23T06:48:08Z","changeset":"189432684","name":"Boulevard Pasteur","surface":"asphalt","maxspeed":"30","changes":[{"k":"ref","old":"D 49","new":null},{"k":"was:ref","old":null,"new":"D 49"}]}},{"type":"Feature","geometry":{"type":"LineString","coordinates":[[5.07925,43.84359],[5.07961,43.84363],[5.07969,43.84362]]},"properties":{"action":"modify","state":"new","osm_type":"way","osm_id":"675767403","highway":"secondary","axis":"secondary","version":"7","user":"cOSMografix","timestamp":"2026-09-26T09:24:27Z","changeset":"189578222","name":"Route de Robion","ref":"D 2","surface":"asphalt","maxspeed":"50","changes":[{"k":"sidewalk:left","old":null,"new":"no"},{"k":"sidewalk:right","old":null,"new":"yes"}]}},{"type":"Feature","geometry":{"type":"LineString","coordinates":[[4.89473,43.95381],[4.89464,43.9538],[4.89422,43.95377],[4.89293,43.95368],[4.89266,43.95366],[4.89239,43.95363]]},"properties":{"action":"modify","state":"new","osm_type":"way","osm_id":"676870663","highway":"secondary","axis":"secondary","version":"8","user":"JLZIMMERMANN","timestamp":"2026-09-23T14:11:43Z","changeset":"189452082","name":"Route de Realpanier","ref":"D 28","surface":"asphalt","maxspeed":"50","changes":[{"k":"operator","old":null,"new":"CD84"}]}},{"type":"Feature","geometry":{"type":"LineString","coordinates":[[4.8753,44.00569],[4.87532,44.00574],[4.87532,44.00578],[4.87531,44.00582]]},"properties":{"action":"modify","state":"new","osm_type":"way","osm_id":"677703728","highway":"residential","axis":"local","version":"8","user":"enzo_immergis","timestamp":"2026-09-28T16:16:06Z","changeset":"189687581","name":"Rue des 700 D\u00e9port\u00e9s du Train Fant\u00f4me","surface":"asphalt","changes":[{"k":"cycleway:both","old":null,"new":"no"}]}},{"type":"Feature","geometry":{"type":"LineString","coordinates":[[4.86991,44.01364],[4.86948,44.01353],[4.86934,44.01349],[4.86899,44.01336],[4.86874,44.01328],[4.86865,44.01325],[4.86844,44.01316],[4.86825,44.01307],[4.86812,44.013],[4.86804,44.01295],[4.86775,44.01278],[4.86755,44.01264],[4.86735,44.01248],[4.86723,44.01237],[4.86716,44.0123],[4.86692,44.01207],[4.86685,44.012],[4.86665,44.0118],[4.86646,44.01165],[4.8663,44.01149],[4.86615,44.01136],[4.86596,44.01122],[4.86569,44.01103],[4.86565,44.011],[4.86557,44.01097]]},"properties":{"action":"modify","state":"new","osm_type":"way","osm_id":"680724952","highway":"unclassified","axis":"local","version":"10","user":"JLZIMMERMANN","timestamp":"2026-09-24T05:06:11Z","changeset":"189477719","name":"Chemin des Combes","surface":"asphalt"}},{"type":"Feature","geometry":{"type":"LineString","coordinates":[[4.86991,44.01364],[4.86948,44.01353],[4.86934,44.01349],[4.86899,44.01336],[4.86874,44.01328],[4.86865,44.01325],[4.86844,44.01316],[4.86825,44.01307],[4.86812,44.013],[4.86804,44.01295],[4.86775,44.01278],[4.86755,44.01264],[4.86735,44.01248],[4.86723,44.01237],[4.86716,44.0123],[4.86692,44.01207],[4.86661,44.01176],[4.8663,44.01149],[4.86615,44.01136],[4.86596,44.01122],[4.86565,44.01101],[4.8656,44.01099],[4.86551,44.01095],[4.86549,44.01095],[4.86543,44.01095],[4.86537,44.01095],[4.86528,44.01096],[4.8651,44.01101]]},"properties":{"state":"old","osm_id":"680724952","axis":"local"}},{"type":"Feature","geometry":{"type":"LineString","coordinates":[[4.96241,43.8942],[4.96275,43.89347],[4.96282,43.89328],[4.96284,43.89324]]},"properties":{"action":"modify","state":"new","osm_type":"way","osm_id":"681588198","highway":"residential","axis":"local","version":"3","user":"JLZIMMERMANN","timestamp":"2026-09-25T12:14:55Z","changeset":"189541592","name":"All\u00e9e des Cr\u00e9cerelles","moved_metres":1.2,"moved_only":true,"via_node":true}},{"type":"Feature","geometry":{"type":"LineString","coordinates":[[4.96241,43.89419],[4.96275,43.89347],[4.96282,43.89328],[4.96284,43.89324]]},"properties":{"state":"old","osm_id":"681588198","axis":"local"}},{"type":"Feature","geometry":{"type":"LineString","coordinates":[[4.76745,44.26705],[4.76765,44.26706],[4.7679,44.26709],[4.76821,44.26718],[4.76846,44.26725],[4.76858,44.26731],[4.7687,44.26739],[4.76886,44.26748],[4.76902,44.26755],[4.7691,44.2676],[4.76914,44.26763],[4.76924,44.2677],[4.7694,44.26778],[4.76956,44.26786],[4.76982,44.26795],[4.77005,44.268],[4.77007,44.26801],[4.77019,44.26804],[4.77031,44.2681],[4.7704,44.26815],[4.77119,44.26854],[4.77155,44.26879],[4.77166,44.26885],[4.77181,44.26889],[4.77195,44.26894],[4.77217,44.26903],[4.77246,44.26918],[4.77278,44.26932],[4.77291,44.26934],[4.7731,44.26935],[4.77322,44.26937],[4.77336,44.26941],[4.7735,44.26946],[4.77366,44.26955],[4.77378,44.26962],[4.77399,44.26979],[4.77464,44.27031],[4.77481,44.27039],[4.77495,44.27044],[4.77509,44.27048],[4.77519,44.27053],[4.77537,44.27079],[4.77543,44.27084],[4.77547,44.27087],[4.77553,44.2709]]},"properties":{"action":"modify","state":"new","osm_type":"way","osm_id":"686435113","highway":"track","axis":"path","version":"6","user":"Curieux de d\u00e9couvertes","timestamp":"2026-09-27T13:22:53Z","changeset":"189630114","surface":"ground"}},{"type":"Feature","geometry":{"type":"LineString","coordinates":[[4.7679,44.26709],[4.76821,44.26718],[4.76846,44.26725],[4.76858,44.26731],[4.7687,44.26739],[4.76886,44.26748],[4.76902,44.26755],[4.7691,44.2676],[4.76914,44.26763],[4.76924,44.2677],[4.7694,44.26778],[4.76956,44.26786],[4.76982,44.26795],[4.77005,44.268],[4.77007,44.26801],[4.77019,44.26804],[4.77031,44.2681],[4.7704,44.26815],[4.77119,44.26854],[4.77155,44.26879],[4.77166,44.26885],[4.77181,44.26889],[4.77195,44.26894],[4.77217,44.26903],[4.77246,44.26918],[4.77278,44.26932],[4.77291,44.26934],[4.7731,44.26935],[4.77322,44.26937],[4.77336,44.26941],[4.7735,44.26946],[4.77366,44.26955],[4.77378,44.26962],[4.77399,44.26979],[4.77464,44.27031],[4.77481,44.27039],[4.77495,44.27044],[4.77509,44.27048],[4.77519,44.27053],[4.77537,44.27079],[4.77543,44.27084],[4.77547,44.27087],[4.77553,44.2709]]},"properties":{"state":"old","osm_id":"686435113","axis":"path"}},{"type":"Feature","geometry":{"type":"LineString","coordinates":[[5.38289,43.91831],[5.38291,43.91828],[5.38293,43.91821],[5.38295,43.9181],[5.38294,43.918],[5.38296,43.91789],[5.38298,43.91782],[5.38318,43.91726],[5.38337,43.91685],[5.3838,43.91596],[5.38427,43.91486],[5.38433,43.91468],[5.38436,43.91453],[5.38438,43.9143],[5.38438,43.91422],[5.38439,43.91419],[5.38442,43.91416]]},"properties":{"action":"modify","state":"new","osm_type":"way","osm_id":"693735212","highway":"unclassified","axis":"local","version":"3","user":"cOSMografix","timestamp":"2026-09-27T21:10:20Z","changeset":"189650351","name":"Traverse du Plan","changes":[{"k":"lit","old":null,"new":"no"}]}},{"type":"Feature","geometry":{"type":"LineString","coordinates":[[5.14122,43.86735],[5.1405,43.86739],[5.13974,43.8674],[5.13925,43.8674],[5.13887,43.8674],[5.13863,43.86739],[5.1383,43.86738],[5.1382,43.86737],[5.13814,43.86738],[5.13808,43.86738],[5.13803,43.86737],[5.138,43.86736]]},"properties":{"action":"modify","state":"new","osm_type":"way","osm_id":"698743778","highway":"service","axis":"local","version":"5","user":"Alexandre148025","timestamp":"2026-09-23T13:28:32Z","changeset":"189449915","surface":"asphalt","changes":[{"k":"railway","old":null,"new":"abandoned"}]}},{"type":"Feature","geometry":{"type":"LineString","coordinates":[[5.14167,43.86732],[5.14165,43.86733],[5.1416,43.86733],[5.1405,43.86739],[5.13974,43.8674],[5.13925,43.8674],[5.13887,43.8674],[5.13863,43.86739],[5.1383,43.86738],[5.1382,43.86737],[5.13814,43.86738],[5.13808,43.86738],[5.13803,43.86737],[5.138,43.86736],[5.13799,43.86735],[5.13798,43.86733],[5.13797,43.8673],[5.13797,43.86724]]},"properties":{"state":"old","osm_id":"698743778","axis":"local"}},{"type":"Feature","geometry":{"type":"LineString","coordinates":[[5.4076,44.08976],[5.40741,44.08979],[5.40722,44.08984],[5.40711,44.08988],[5.40689,44.08998]]},"properties":{"action":"modify","state":"new","osm_type":"way","osm_id":"702213206","highway":"tertiary","axis":"secondary","version":"8","user":"JLZIMMERMANN","timestamp":"2026-09-25T10:41:44Z","changeset":"189537550","name":"Route de Saint-Marc","ref":"D 137","surface":"asphalt","changes":[{"k":"operator","old":null,"new":"CD84"}]}},{"type":"Feature","geometry":{"type":"LineString","coordinates":[[5.4076,44.08976],[5.40743,44.08979],[5.40722,44.08984],[5.40703,44.08992],[5.40689,44.08998]]},"properties":{"state":"old","osm_id":"702213206","axis":"secondary"}},{"type":"Feature","geometry":{"type":"LineString","coordinates":[[4.75197,44.28864],[4.75199,44.2888],[4.75201,44.28886],[4.75206,44.28891],[4.75218,44.289]]},"properties":{"action":"modify","state":"new","osm_type":"way","osm_id":"704343545","highway":"secondary","axis":"secondary","version":"3","user":"JLZIMMERMANN","timestamp":"2026-09-24T14:06:23Z","changeset":"189500604","name":"Avenue Jean Moulin","ref":"D 26","surface":"asphalt","maxspeed":"50","changes":[{"k":"destination","old":"Pierrelatte;La ferme aux Crocodiles;Saint-Paul;Troi Ch\u00e2teaux;Site Nucl\u00e9aire du Tricastin; Zones d'Activit\u00e9s;Bis Lyon","new":"Pierrelatte;La ferme aux Crocodiles;Saint-Paul;Troi Ch\u00e2teaux;Site Nucl\u00e9aire du Tricastin;Zones d'Activit\u00e9s;Bis Lyon"},{"k":"operator","old":null,"new":"CD84"}]}},{"type":"Feature","geometry":{"type":"LineString","coordinates":[[5.05405,43.79938],[5.05377,43.7994],[5.05393,43.79957],[5.05394,43.79971],[5.05387,43.79974],[5.05358,43.79944],[5.05365,43.79938],[5.05377,43.7994]]},"properties":{"action":"modify","state":"new","osm_type":"way","osm_id":"707161178","highway":"service","axis":"local","version":"3","user":"cOSMografix","timestamp":"2026-09-28T11:23:38Z","changeset":"189673891","changes":[{"k":"lit","old":null,"new":"no"}]}},{"type":"Feature","geometry":{"type":"LineString","coordinates":[[4.92308,43.95463],[4.92281,43.95426],[4.92262,43.95401],[4.92244,43.95384],[4.92235,43.95377]]},"properties":{"action":"modify","state":"new","osm_type":"way","osm_id":"712552694","highway":"secondary","axis":"secondary","version":"7","user":"JLZIMMERMANN","timestamp":"2026-09-23T14:11:43Z","changeset":"189452082","name":"Route d'Avignon","surface":"asphalt","maxspeed":"30","changes":[{"k":"ref","old":"D 28","new":null},{"k":"was:ref","old":null,"new":"D 28"}]}},{"type":"Feature","geometry":{"type":"LineString","coordinates":[[5.0644,43.92624],[5.06402,43.9264],[5.06378,43.92649],[5.06362,43.92655],[5.0635,43.9266],[5.06343,43.92662]]},"properties":{"action":"modify","state":"new","osm_type":"way","osm_id":"714435386","highway":"tertiary","axis":"secondary","version":"5","user":"JLZIMMERMANN","timestamp":"2026-09-25T12:14:55Z","changeset":"189541592","name":"Route de Fontaine de Vaucluse","ref":"D 25","surface":"asphalt","maxspeed":"50","changes":[{"k":"operator","old":null,"new":"CD84"}]}},{"type":"Feature","geometry":{"type":"LineString","coordinates":[[5.11082,43.91577],[5.11192,43.91568],[5.11214,43.91567],[5.1124,43.91569],[5.11258,43.91571],[5.11282,43.91576],[5.11294,43.91579],[5.11331,43.91591],[5.11356,43.91599],[5.11382,43.9161],[5.11395,43.91619],[5.11403,43.91626],[5.11416,43.91643],[5.11429,43.91663],[5.11455,43.91704],[5.11464,43.91721],[5.1147,43.91739],[5.11484,43.91794],[5.1149,43.91817],[5.11497,43.91833],[5.11508,43.91849],[5.11523,43.91864],[5.11535,43.91874],[5.11546,43.91883],[5.11551,43.91886],[5.11566,43.91895],[5.11585,43.91906],[5.11612,43.9192],[5.11624,43.91926],[5.11635,43.91929],[5.11683,43.91944],[5.11794,43.91977],[5.12064,43.92054],[5.12072,43.92057]]},"properties":{"action":"modify","state":"new","osm_type":"way","osm_id":"714435390","highway":"tertiary","axis":"secondary","version":"6","user":"JLZIMMERMANN","timestamp":"2026-09-25T12:14:55Z","changeset":"189541592","name":"Avenue Robert Garcin","ref":"D 25","surface":"asphalt","changes":[{"k":"operator","old":null,"new":"CD84"}]}},{"type":"Feature","geometry":{"type":"LineString","coordinates":[[5.11082,43.91577],[5.11192,43.91568],[5.11214,43.91567],[5.1124,43.91569],[5.11258,43.91571],[5.11282,43.91576],[5.11294,43.91579],[5.1135,43.91596],[5.11382,43.9161],[5.11395,43.91619],[5.11403,43.91626],[5.11416,43.91643],[5.11429,43.91663],[5.11455,43.91704],[5.11464,43.91721],[5.1147,43.91739],[5.11484,43.91794],[5.1149,43.91817],[5.11497,43.91833],[5.11508,43.91849],[5.11523,43.91864],[5.11535,43.91874],[5.11546,43.91883],[5.11551,43.91886],[5.11561,43.91892],[5.11612,43.9192],[5.11625,43.91925],[5.11636,43.91929],[5.11683,43.91944],[5.11794,43.91977],[5.12064,43.92054],[5.12072,43.92057]]},"properties":{"state":"old","osm_id":"714435390","axis":"secondary"}},{"type":"Feature","geometry":{"type":"LineString","coordinates":[[5.01705,44.00253],[5.01697,44.00241],[5.01668,44.00212],[5.0164,44.00187],[5.01638,44.00181]]},"properties":{"action":"modify","state":"new","osm_type":"way","osm_id":"719711325","highway":"primary_link","axis":"main","version":"4","user":"JLZIMMERMANN","timestamp":"2026-09-23T07:01:23Z","changeset":"189433180","name":"Route de la Gasqui","ref":"D 49","surface":"asphalt","maxspeed":"80","changes":[{"k":"operator","old":"CG84","new":"CD84"}]}},{"type":"Feature","geometry":{"type":"LineString","coordinates":[[5.04806,43.99216],[5.04787,43.99214],[5.0475,43.99208],[5.04728,43.99204],[5.04714,43.99201],[5.04691,43.99195],[5.04637,43.99182]]},"properties":{"action":"modify","state":"new","osm_type":"way","osm_id":"719799435","highway":"secondary","axis":"secondary","version":"8","user":"JLZIMMERMANN","timestamp":"2026-09-23T16:14:30Z","changeset":"189457977","name":"Route d'Avignon","ref":"D 28","surface":"asphalt","maxspeed":"80","changes":[{"k":"operator","old":"CG84","new":"CD84"}]}},{"type":"Feature","geometry":{"type":"LineString","coordinates":[[4.75295,44.28977],[4.75308,44.29],[4.75316,44.29015],[4.75325,44.29039],[4.7533,44.29059],[4.75331,44.29072],[4.75336,44.29105],[4.75338,44.29124],[4.75338,44.29158],[4.75336,44.29189],[4.75333,44.29214],[4.75329,44.29253]]},"properties":{"action":"modify","state":"new","osm_type":"way","osm_id":"720259186","highway":"secondary","axis":"secondary","version":"3","user":"JLZIMMERMANN","timestamp":"2026-09-24T14:06:23Z","changeset":"189500604","name":"Avenue Jean Moulin","ref":"D 26","surface":"asphalt","maxspeed":"50","changes":[{"k":"operator","old":null,"new":"CD84"},{"k":"surface","old":null,"new":"asphalt"}]}},{"type":"Feature","geometry":{"type":"LineString","coordinates":[[5.14356,44.00627],[5.14354,44.00621]]},"properties":{"action":"modify","state":"new","osm_type":"way","osm_id":"720932060","highway":"secondary","axis":"secondary","version":"4","user":"JLZIMMERMANN","timestamp":"2026-09-29T13:05:46Z","changeset":"189727004","name":"Route de Carpentras","ref":"D 4","surface":"asphalt","changes":[{"k":"maxspeed","old":"90","new":null},{"k":"maxspeed:type","old":null,"new":"FR:rural"},{"k":"source:maxspeed","old":null,"new":"FR:rural"}]}},{"type":"Feature","geometry":{"type":"LineString","coordinates":[[5.38086,43.96899],[5.3809,43.96908],[5.38099,43.96921],[5.38109,43.96938],[5.38114,43.96945],[5.38115,43.96952],[5.38114,43.96959],[5.38108,43.96968],[5.38106,43.96973],[5.38106,43.96978],[5.38101,43.96984],[5.38103,43.96989],[5.38109,43.96994],[5.38114,43.96997],[5.38117,43.96999],[5.38118,43.97004],[5.38115,43.97009],[5.38095,43.97022],[5.38086,43.97029],[5.38084,43.97035],[5.38078,43.97043],[5.38076,43.97049],[5.38077,43.97059],[5.38079,43.97065],[5.38072,43.97075],[5.38067,43.97082],[5.38069,43.9709],[5.38072,43.97095],[5.38072,43.97102],[5.38066,43.97109],[5.38057,43.97113],[5.3805,43.97117],[5.38049,43.97124],[5.38047,43.97131],[5.3805,43.97135],[5.3806,43.97143],[5.38064,43.97153],[5.38063,43.97158],[5.38062,43.97163],[5.38059,43.97166],[5.38051,43.97168],[5.38039,43.97172],[5.38034,43.97176],[5.38034,43.97182],[5.38035,43.97189],[5.3804,43.97193],[5.38041,43.97196],[5.3804,43.97201],[5.3804,43.97206],[5.38048,43.97212],[5.38056,43.97219],[5.38059,43.97223],[5.38059,43.9723],[5.38052,43.97249],[5.38046,43.9726],[5.38039,43.9727],[5.38036,43.97276],[5.38035,43.97278],[5.38036,43.97279],[5.38041,43.97282],[5.38043,43.97285]]},"properties":{"action":"modify","state":"new","osm_type":"way","osm_id":"722180870","highway":"path","axis":"path","version":"4","user":"Benoit84","timestamp":"2026-09-29T13:23:42Z","changeset":"189727886"}},{"type":"Feature","geometry":{"type":"LineString","coordinates":[[5.38086,43.96899],[5.3809,43.96908],[5.38099,43.96921],[5.38109,43.96938],[5.38114,43.96945],[5.38115,43.96952],[5.38114,43.96959],[5.38108,43.96968],[5.38106,43.96973],[5.38106,43.96978],[5.38101,43.96984],[5.38103,43.96989],[5.38109,43.96994],[5.38114,43.96997],[5.38117,43.96999],[5.38118,43.97004],[5.38115,43.97009],[5.38095,43.97022],[5.38086,43.97029],[5.38084,43.97035],[5.38078,43.97043],[5.38076,43.97049],[5.38077,43.97059],[5.38079,43.97065],[5.38072,43.97075],[5.38067,43.97082],[5.38069,43.9709],[5.38072,43.97095],[5.38072,43.97102],[5.38066,43.97109],[5.38057,43.97113],[5.3805,43.97117],[5.38049,43.97124],[5.38047,43.97131],[5.3805,43.97135],[5.3806,43.97143],[5.38064,43.97153],[5.38063,43.97158],[5.38062,43.97163],[5.38059,43.97166],[5.38051,43.97168],[5.38039,43.97172],[5.38034,43.97176],[5.38034,43.97182],[5.38035,43.97189],[5.3804,43.97193],[5.38041,43.97196],[5.3804,43.97201],[5.3804,43.97206],[5.38048,43.97212],[5.38056,43.97219],[5.38059,43.97223],[5.38059,43.9723],[5.38052,43.97249],[5.38046,43.9726],[5.38039,43.9727],[5.38036,43.97276],[5.38035,43.97278],[5.38036,43.97279],[5.38042,43.97281],[5.38043,43.97285],[5.38041,43.97288],[5.38042,43.97292],[5.38043,43.97297],[5.3805,43.97307],[5.38051,43.97313],[5.38047,43.97318],[5.38037,43.97319],[5.38025,43.9732],[5.38019,43.97322],[5.38017,43.97326],[5.38018,43.97329],[5.3802,43.97334]]},"properties":{"state":"old","osm_id":"722180870","axis":"path"}},{"type":"Feature","geometry":{"type":"LineString","coordinates":[[4.74623,44.28034],[4.7462,44.28029],[4.74606,44.28008],[4.746,44.27998],[4.74594,44.27988],[4.74591,44.2798],[4.74589,44.27974],[4.74588,44.27968],[4.74589,44.2796],[4.7459,44.27953],[4.74591,44.27945],[4.74599,44.27928],[4.74604,44.27914],[4.74606,44.27909],[4.74606,44.27906]]},"properties":{"action":"modify","state":"new","osm_type":"way","osm_id":"724565402","highway":"secondary","axis":"secondary","version":"13","user":"JLZIMMERMANN","timestamp":"2026-09-24T14:06:23Z","changeset":"189500604","name":"Boulevard Gambetta","surface":"asphalt","changes":[{"k":"ref","old":"D 26","new":null},{"k":"was:ref","old":null,"new":"D 26"}]}},{"type":"Feature","geometry":{"type":"LineString","coordinates":[[4.80935,43.92856],[4.80927,43.92856],[4.80905,43.92855],[4.80869,43.92855],[4.80837,43.92856],[4.80806,43.92858],[4.80778,43.92861],[4.80726,43.92866],[4.80509,43.9289],[4.80493,43.92893],[4.80484,43.92895],[4.80475,43.92897]]},"properties":{"action":"modify","state":"new","osm_type":"way","osm_id":"724760496","highway":"primary","axis":"main","version":"10","user":"GuyonT","timestamp":"2026-09-23T13:39:02Z","changeset":"189450103","name":"Rocade Charles de Gaulle","surface":"asphalt","maxspeed":"50","changes":[{"k":"cycleway:right","old":null,"new":"separate"}]}},{"type":"Feature","geometry":{"type":"LineString","coordinates":[[5.39423,43.94618],[5.39432,43.94616],[5.39444,43.94614],[5.39461,43.94612],[5.39463,43.94611],[5.3947,43.9461],[5.39478,43.94607],[5.39485,43.94603],[5.39494,43.94593],[5.39497,43.94589],[5.39504,43.9458],[5.39513,43.94573],[5.3952,43.9457],[5.39523,43.9457],[5.39527,43.9457],[5.39529,43.94571],[5.39533,43.94571],[5.39535,43.94571],[5.39537,43.9457],[5.39542,43.94568],[5.39557,43.94551],[5.3956,43.94547],[5.39562,43.94543],[5.39568,43.9454],[5.39571,43.94537],[5.39576,43.94537],[5.39581,43.94536],[5.39585,43.94535],[5.3959,43.94531],[5.39602,43.94521]]},"properties":{"action":"modify","state":"new","osm_type":"way","osm_id":"726529005","highway":"path","axis":"path","version":"5","user":"cOSMografix","timestamp":"2026-09-27T21:10:52Z","changeset":"189650351","changes":[{"k":"lit","old":null,"new":"no"}]}},{"type":"Feature","geometry":{"type":"LineString","coordinates":[[5.40017,43.94497],[5.40016,43.94512],[5.40017,43.94527],[5.4002,43.94541],[5.40024,43.94559],[5.40027,43.94577],[5.40032,43.94588],[5.40035,43.94604],[5.4004,43.94623],[5.40048,43.94646],[5.40053,43.94658],[5.40057,43.94663],[5.40062,43.94667],[5.40076,43.94673],[5.40094,43.94681],[5.40115,43.94692],[5.40132,43.94703],[5.40152,43.94721],[5.40158,43.94727],[5.40172,43.94741],[5.40183,43.94752]]},"properties":{"action":"modify","state":"new","osm_type":"way","osm_id":"726529007","highway":"track","axis":"path","version":"3","user":"cOSMografix","timestamp":"2026-09-27T21:10:56Z","changeset":"189650351","changes":[{"k":"lit","old":null,"new":"no"}]}},{"type":"Feature","geometry":{"type":"LineString","coordinates":[[4.88021,43.91408],[4.8802,43.914],[4.88015,43.91379],[4.88012,43.91367],[4.88008,43.91366],[4.87982,43.91368]]},"properties":{"action":"modify","state":"new","osm_type":"way","osm_id":"735215278","highway":"service","axis":"local","version":"2","user":"Adwiladan","timestamp":"2026-09-29T08:24:07Z","changeset":"189714835"}},{"type":"Feature","geometry":{"type":"LineString","coordinates":[[4.88021,43.91408],[4.8802,43.914],[4.88015,43.91379],[4.88012,43.91367]]},"properties":{"state":"old","osm_id":"735215278","axis":"local"}},{"type":"Feature","geometry":{"type":"LineString","coordinates":[[5.26316,44.18338],[5.26303,44.18344],[5.26296,44.18346],[5.26288,44.18347],[5.26278,44.18346],[5.26265,44.18344],[5.26252,44.18342],[5.26242,44.18341]]},"properties":{"action":"modify","state":"new","osm_type":"way","osm_id":"738491027","highway":"service","axis":"local","version":"3","user":"thepriben","timestamp":"2026-09-25T17:07:55Z","changeset":"189554877"}},{"type":"Feature","geometry":{"type":"LineString","coordinates":[[5.26315,44.18338],[5.26303,44.18344],[5.26296,44.18346],[5.26288,44.18347],[5.26278,44.18346],[5.26265,44.18344],[5.26249,44.18342],[5.26238,44.18344]]},"properties":{"state":"old","osm_id":"738491027","axis":"local"}},{"type":"Feature","geometry":{"type":"LineString","coordinates":[[4.83507,43.93013],[4.8352,43.93014],[4.83534,43.93016],[4.83539,43.93016],[4.83554,43.93016],[4.83567,43.93014],[4.83588,43.93005],[4.83601,43.93],[4.83616,43.92998],[4.83636,43.92997],[4.83656,43.92997]]},"properties":{"action":"modify","state":"new","osm_type":"way","osm_id":"738493113","highway":"unclassified","axis":"local","version":"8","user":"GuyonT","timestamp":"2026-09-23T13:30:53Z","changeset":"189449231","name":"Rue Paul \u00c9luard","changes":[{"k":"sidewalk:both","old":null,"new":"yes"}]}},{"type":"Feature","geometry":{"type":"LineString","coordinates":[[5.05372,43.82928],[5.05376,43.82923],[5.05378,43.82921],[5.05355,43.82908],[5.05318,43.82892],[5.05314,43.82892],[5.05308,43.82892],[5.05305,43.82893],[5.05302,43.82895]]},"properties":{"action":"modify","state":"new","osm_type":"way","osm_id":"749373056","highway":"service","axis":"local","version":"2","user":"Alexandre148025","timestamp":"2026-09-23T13:28:32Z","changeset":"189449915","changes":[{"k":"service","old":null,"new":"driveway"}]}},{"type":"Feature","geometry":{"type":"LineString","coordinates":[[5.05372,43.82928],[5.05378,43.82921],[5.05355,43.82907],[5.05319,43.82893],[5.0532,43.82889]]},"properties":{"state":"old","osm_id":"749373056","axis":"local"}},{"type":"Feature","geometry":{"type":"LineString","coordinates":[[5.05355,43.82908],[5.05368,43.82903],[5.0538,43.82899],[5.05384,43.82895]]},"properties":{"action":"modify","state":"new","osm_type":"way","osm_id":"749373057","highway":"service","axis":"local","version":"2","user":"Alexandre148025","timestamp":"2026-09-23T13:28:32Z","changeset":"189449915","changes":[{"k":"service","old":null,"new":"driveway"}]}},{"type":"Feature","geometry":{"type":"LineString","coordinates":[[5.05355,43.82907],[5.05368,43.82903],[5.0538,43.82899],[5.05384,43.82895]]},"properties":{"state":"old","osm_id":"749373057","axis":"local"}},{"type":"Feature","geometry":{"type":"LineString","coordinates":[[5.05343,43.82754],[5.05324,43.82747],[5.05313,43.82744],[5.05268,43.82741],[5.05234,43.82752],[5.05219,43.8272],[5.05213,43.82683]]},"properties":{"action":"delete","state":"new","osm_type":"way","osm_id":"749373060","highway":"service","axis":"local","version":"4","user":"Alexandre148025","timestamp":"2026-09-23T13:28:32Z","changeset":"189449915","changes":[{"k":"highway","old":"service","new":null}]}},{"type":"Feature","geometry":{"type":"LineString","coordinates":[[5.05106,43.82776],[5.05104,43.82745],[5.05099,43.82726],[5.05095,43.82701]]},"properties":{"action":"modify","state":"new","osm_type":"way","osm_id":"749373061","highway":"service","axis":"local","version":"1","user":"Alexandre148025","timestamp":"2026-09-23T13:28:32Z","changeset":"189449915","moved_metres":2.8,"moved_only":true,"via_node":true}},{"type":"Feature","geometry":{"type":"LineString","coordinates":[[5.0511,43.82776],[5.05104,43.82745],[5.05099,43.82726],[5.05095,43.82701]]},"properties":{"state":"old","osm_id":"749373061","axis":"local"}},{"type":"Feature","geometry":{"type":"LineString","coordinates":[[5.05221,43.82765],[5.05222,43.82757],[5.05221,43.82755],[5.05219,43.82754],[5.05215,43.82753],[5.05167,43.82747],[5.05116,43.82744],[5.05104,43.82745]]},"properties":{"action":"modify","state":"new","osm_type":"way","osm_id":"749373062","highway":"service","axis":"local","version":"2","user":"Alexandre148025","timestamp":"2026-09-23T13:28:32Z","changeset":"189449915","changes":[{"k":"service","old":null,"new":"driveway"}]}},{"type":"Feature","geometry":{"type":"LineString","coordinates":[[5.05158,43.82747],[5.05116,43.82744],[5.05104,43.82745]]},"properties":{"state":"old","osm_id":"749373062","axis":"local"}},{"type":"Feature","geometry":{"type":"LineString","coordinates":[[4.88624,44.02515],[4.88614,44.02518],[4.886,44.02532],[4.88522,44.0254]]},"properties":{"action":"modify","state":"new","osm_type":"way","osm_id":"752138671","highway":"service","axis":"local","version":"1","user":"JLZIMMERMANN","timestamp":"2026-09-23T07:34:28Z","changeset":"189434261","moved_metres":5.8,"moved_only":true,"via_node":true}},{"type":"Feature","geometry":{"type":"LineString","coordinates":[[4.88624,44.02515],[4.88615,44.02517],[4.886,44.02532],[4.88515,44.0254]]},"properties":{"state":"old","osm_id":"752138671","axis":"local"}},{"type":"Feature","geometry":{"type":"LineString","coordinates":[[5.04608,43.83115],[5.04611,43.83118],[5.04616,43.83128]]},"properties":{"action":"modify","state":"new","osm_type":"way","osm_id":"753753727","highway":"service","axis":"local","version":"3","user":"Alexandre148025","timestamp":"2026-09-23T13:28:32Z","changeset":"189449915"}},{"type":"Feature","geometry":{"type":"LineString","coordinates":[[5.04601,43.8311],[5.04611,43.83118],[5.04616,43.83128]]},"properties":{"state":"old","osm_id":"753753727","axis":"local"}},{"type":"Feature","geometry":{"type":"LineString","coordinates":[[4.87523,44.00549],[4.87527,44.00548],[4.87529,44.00547],[4.87548,44.00543],[4.87556,44.00541],[4.87567,44.00538],[4.8757,44.00537]]},"properties":{"action":"modify","state":"new","osm_type":"way","osm_id":"756816214","highway":"footway","axis":"path","version":"7","user":"enzo_immergis","timestamp":"2026-09-28T16:16:06Z","changeset":"189687581"}},{"type":"Feature","geometry":{"type":"LineString","coordinates":[[4.87523,44.00549],[4.87527,44.00548],[4.87529,44.00547],[4.87548,44.00543],[4.87556,44.00541],[4.87567,44.00538],[4.8757,44.00537],[4.87575,44.00548],[4.87604,44.00613]]},"properties":{"state":"old","osm_id":"756816214","axis":"path"}},{"type":"Feature","geometry":{"type":"Polygon","coordinates":[[[4.87526,44.00544],[4.87527,44.00548],[4.87528,44.0055],[4.8753,44.0055],[4.87542,44.00547],[4.87561,44.0057],[4.87566,44.0057],[4.87571,44.00569],[4.87567,44.00561],[4.87567,44.0056],[4.87564,44.00555],[4.87563,44.00551],[4.87562,44.00551],[4.87562,44.0055],[4.87559,44.00543],[4.87557,44.00543],[4.87556,44.00541],[4.87554,44.00537],[4.87556,44.00537],[4.87553,44.0053],[4.87552,44.00528],[4.87549,44.00528],[4.87535,44.00532],[4.8754,44.00541],[4.87526,44.00544]]]},"properties":{"action":"modify","state":"new","osm_type":"way","osm_id":"756816215","highway":"pedestrian","axis":"path","version":"12","user":"enzo_immergis","timestamp":"2026-09-28T16:16:06Z","changeset":"189687581","surface":"concrete"}},{"type":"Feature","geometry":{"type":"Polygon","coordinates":[[[4.87526,44.00544],[4.87527,44.00548],[4.87528,44.0055],[4.87542,44.00547],[4.87561,44.0057],[4.87566,44.0057],[4.87571,44.00569],[4.87567,44.00561],[4.87567,44.0056],[4.87564,44.00555],[4.87563,44.00551],[4.87562,44.0055],[4.87559,44.00543],[4.87557,44.00543],[4.87556,44.00541],[4.87554,44.00537],[4.87556,44.00537],[4.87553,44.0053],[4.87552,44.00528],[4.87549,44.00528],[4.87535,44.00532],[4.8754,44.00541],[4.87526,44.00544]]]},"properties":{"state":"old","osm_id":"756816215","axis":"path"}},{"type":"Feature","geometry":{"type":"LineString","coordinates":[[4.8786,44.0029],[4.87838,44.0028],[4.87822,44.00269]]},"properties":{"action":"modify","state":"new","osm_type":"way","osm_id":"756816217","highway":"secondary","axis":"secondary","version":"4","user":"JLZIMMERMANN","timestamp":"2026-09-23T07:18:35Z","changeset":"189433706","name":"Boulevard Salvador Allende","surface":"asphalt","changes":[{"k":"ref","old":"D 226","new":null},{"k":"was:ref","old":null,"new":"D 226"}]}},{"type":"Feature","geometry":{"type":"LineString","coordinates":[[5.33742,43.7501],[5.33742,43.7502],[5.33736,43.75025],[5.33739,43.75032],[5.33743,43.75036],[5.33778,43.75036],[5.33801,43.75036],[5.33808,43.75036],[5.33839,43.75038],[5.33901,43.75041],[5.33915,43.75044],[5.3393,43.75042]]},"properties":{"action":"modify","state":"new","osm_type":"way","osm_id":"759056213","highway":"service","axis":"local","version":"2","user":"JLZIMMERMANN","timestamp":"2026-09-25T08:38:38Z","changeset":"189532686"}},{"type":"Feature","geometry":{"type":"LineString","coordinates":[[5.33734,43.7503],[5.33743,43.75036],[5.33778,43.75036],[5.33801,43.75036],[5.33808,43.75036],[5.33839,43.75038],[5.33901,43.75041],[5.33915,43.75044],[5.3393,43.75042]]},"properties":{"state":"old","osm_id":"759056213","axis":"local"}},{"type":"Feature","geometry":{"type":"LineString","coordinates":[[5.15575,43.8797],[5.1559,43.87952],[5.15597,43.87943],[5.15601,43.87937],[5.15604,43.87932],[5.15605,43.8793]]},"properties":{"action":"modify","state":"new","osm_type":"way","osm_id":"768603825","highway":"tertiary","axis":"secondary","version":"5","user":"JLZIMMERMANN","timestamp":"2026-09-23T22:05:10Z","changeset":"189470856","name":"Route des Beaumettes","surface":"asphalt","changes":[{"k":"ref","old":"D 148","new":null},{"k":"was:ref","old":null,"new":"D 148"}]}},{"type":"Feature","geometry":{"type":"LineString","coordinates":[[5.15575,43.8797],[5.1559,43.87952],[5.15597,43.87943],[5.15601,43.87937],[5.15604,43.87932],[5.15605,43.8793],[5.15612,43.87922],[5.15631,43.87906]]},"properties":{"state":"old","osm_id":"768603825","axis":"secondary"}},{"type":"Feature","geometry":{"type":"LineString","coordinates":[[5.15617,43.87935],[5.15613,43.87941],[5.15606,43.87948],[5.15575,43.8797]]},"properties":{"action":"modify","state":"new","osm_type":"way","osm_id":"768603826","highway":"tertiary","axis":"secondary","version":"5","user":"JLZIMMERMANN","timestamp":"2026-09-23T22:05:10Z","changeset":"189470856","name":"Route des Beaumettes","surface":"asphalt","changes":[{"k":"ref","old":"D 148","new":null},{"k":"was:ref","old":null,"new":"D 148"}]}},{"type":"Feature","geometry":{"type":"LineString","coordinates":[[5.15631,43.87906],[5.15624,43.8792],[5.15618,43.87933],[5.15617,43.87935],[5.15613,43.87941],[5.15606,43.87948],[5.15575,43.8797]]},"properties":{"state":"old","osm_id":"768603826","axis":"secondary"}},{"type":"Feature","geometry":{"type":"LineString","coordinates":[[5.15758,43.87832],[5.15733,43.87841],[5.15718,43.87847],[5.15698,43.87859],[5.15678,43.87871],[5.15653,43.87886],[5.15639,43.87897],[5.15631,43.87906]]},"properties":{"action":"modify","state":"new","osm_type":"way","osm_id":"768603827","highway":"tertiary","axis":"secondary","version":"5","user":"JLZIMMERMANN","timestamp":"2026-09-23T22:05:10Z","changeset":"189470856","name":"Route des Beaumettes","surface":"asphalt","changes":[{"k":"ref","old":"D 148","new":null},{"k":"was:ref","old":null,"new":"D 148"}]}},{"type":"Feature","geometry":{"type":"LineString","coordinates":[[5.16191,43.87619],[5.16185,43.87622],[5.16174,43.87627],[5.16112,43.87656],[5.16024,43.87694],[5.16017,43.87698],[5.15978,43.87719],[5.1589,43.8777],[5.15869,43.87781],[5.15861,43.87785],[5.15845,43.87793],[5.15825,43.87801],[5.15822,43.87802]]},"properties":{"action":"modify","state":"new","osm_type":"way","osm_id":"768603828","highway":"tertiary","axis":"secondary","version":"8","user":"JLZIMMERMANN","timestamp":"2026-09-23T22:05:10Z","changeset":"189470856","name":"Route des Beaumettes","ref":"D 148","surface":"asphalt","changes":[{"k":"operator","old":null,"new":"CD84"}]}},{"type":"Feature","geometry":{"type":"LineString","coordinates":[[5.16191,43.87619],[5.16185,43.87622],[5.16174,43.87627],[5.16112,43.87656],[5.16024,43.87694],[5.16017,43.87698],[5.15978,43.87719],[5.1589,43.8777],[5.15869,43.87781],[5.15861,43.87785],[5.15845,43.87793],[5.15822,43.87802]]},"properties":{"state":"old","osm_id":"768603828","axis":"secondary"}},{"type":"Feature","geometry":{"type":"LineString","coordinates":[[5.15758,43.87832],[5.15768,43.87827],[5.15775,43.87822],[5.15785,43.87814],[5.15788,43.87812]]},"properties":{"action":"modify","state":"new","osm_type":"way","osm_id":"768603829","highway":"tertiary","axis":"secondary","version":"4","user":"JLZIMMERMANN","timestamp":"2026-09-23T22:05:10Z","changeset":"189470856","name":"Route des Beaumettes","changes":[{"k":"ref","old":"D 148","new":null},{"k":"was:ref","old":null,"new":"D 148"}]}},{"type":"Feature","geometry":{"type":"LineString","coordinates":[[4.95961,43.89373],[4.95965,43.89362],[4.95985,43.89318]]},"properties":{"action":"modify","state":"new","osm_type":"way","osm_id":"769947770","highway":"service","axis":"local","version":"1","user":"JLZIMMERMANN","timestamp":"2026-09-25T12:14:55Z","changeset":"189541592","moved_metres":2.2,"moved_only":true,"via_node":true}},{"type":"Feature","geometry":{"type":"LineString","coordinates":[[4.95961,43.89371],[4.95965,43.89362],[4.95985,43.89318]]},"properties":{"state":"old","osm_id":"769947770","axis":"local"}},{"type":"Feature","geometry":{"type":"LineString","coordinates":[[4.74144,44.26296],[4.74138,44.26297],[4.74132,44.26297],[4.74126,44.26295]]},"properties":{"action":"modify","state":"new","osm_type":"way","osm_id":"783322040","highway":"secondary","axis":"secondary","version":"3","user":"JLZIMMERMANN","timestamp":"2026-09-24T14:06:23Z","changeset":"189500604","ref":"D 26","surface":"asphalt","changes":[{"k":"operator","old":null,"new":"CD84"},{"k":"ref","old":null,"new":"D 26"}]}},{"type":"Feature","geometry":{"type":"LineString","coordinates":[[4.7415,44.26272],[4.74151,44.26273],[4.74154,44.26275],[4.74155,44.26278],[4.74156,44.26282],[4.74156,44.26285],[4.74155,44.26288],[4.74152,44.26292],[4.74149,44.26294],[4.74144,44.26296]]},"properties":{"action":"modify","state":"new","osm_type":"way","osm_id":"783322041","highway":"secondary","axis":"secondary","version":"4","user":"JLZIMMERMANN","timestamp":"2026-09-24T14:06:23Z","changeset":"189500604","ref":"D 26","surface":"asphalt","changes":[{"k":"operator","old":null,"new":"CD84"},{"k":"ref","old":null,"new":"D 26"}]}},{"type":"Feature","geometry":{"type":"LineString","coordinates":[[4.74134,44.26268],[4.7414,44.26268],[4.74145,44.2627],[4.7415,44.26272]]},"properties":{"action":"modify","state":"new","osm_type":"way","osm_id":"783322042","highway":"secondary","axis":"secondary","version":"3","user":"JLZIMMERMANN","timestamp":"2026-09-24T14:06:23Z","changeset":"189500604","ref":"D 26","surface":"asphalt","changes":[{"k":"operator","old":null,"new":"CD84"},{"k":"ref","old":null,"new":"D 26"}]}},{"type":"Feature","geometry":{"type":"LineString","coordinates":[[4.74132,44.26327],[4.74131,44.26322],[4.74131,44.26313],[4.74128,44.26301],[4.74126,44.26295]]},"properties":{"action":"modify","state":"new","osm_type":"way","osm_id":"783322043","highway":"secondary","axis":"secondary","version":"4","user":"JLZIMMERMANN","timestamp":"2026-09-24T14:06:23Z","changeset":"189500604","ref":"D 26","surface":"asphalt","changes":[{"k":"operator","old":null,"new":"CD84"},{"k":"surface","old":null,"new":"asphalt"}]}},{"type":"Feature","geometry":{"type":"LineString","coordinates":[[4.74144,44.26296],[4.74141,44.263],[4.74136,44.26313],[4.74132,44.26327]]},"properties":{"action":"modify","state":"new","osm_type":"way","osm_id":"783322044","highway":"secondary","axis":"secondary","version":"3","user":"JLZIMMERMANN","timestamp":"2026-09-24T14:06:23Z","changeset":"189500604","ref":"D 26","surface":"asphalt","changes":[{"k":"operator","old":null,"new":"CD84"},{"k":"surface","old":null,"new":"asphalt"}]}},{"type":"Feature","geometry":{"type":"LineString","coordinates":[[4.74149,44.26248],[4.74149,44.26256],[4.74149,44.26266],[4.7415,44.26272]]},"properties":{"action":"modify","state":"new","osm_type":"way","osm_id":"783322045","highway":"secondary","axis":"secondary","version":"3","user":"JLZIMMERMANN","timestamp":"2026-09-24T14:06:23Z","changeset":"189500604","ref":"D 26","surface":"asphalt","changes":[{"k":"operator","old":null,"new":"CD84"},{"k":"surface","old":null,"new":"asphalt"}]}},{"type":"Feature","geometry":{"type":"LineString","coordinates":[[4.74134,44.26268],[4.74138,44.26264],[4.74143,44.26258],[4.74145,44.26254],[4.74149,44.26248]]},"properties":{"action":"modify","state":"new","osm_type":"way","osm_id":"783322046","highway":"secondary","axis":"secondary","version":"2","user":"JLZIMMERMANN","timestamp":"2026-09-24T14:06:23Z","changeset":"189500604","ref":"D 26","surface":"asphalt","changes":[{"k":"operator","old":null,"new":"CD84"},{"k":"surface","old":null,"new":"asphalt"}]}},{"type":"Feature","geometry":{"type":"LineString","coordinates":[[5.39098,43.93069],[5.391,43.93065],[5.39104,43.93061],[5.39114,43.93058],[5.39147,43.93049],[5.39158,43.93046],[5.39166,43.93043],[5.39171,43.93039],[5.39246,43.9297],[5.39251,43.92964],[5.39253,43.92961],[5.39255,43.9296],[5.39257,43.9296]]},"properties":{"action":"modify","state":"new","osm_type":"way","osm_id":"787547082","highway":"service","axis":"local","version":"4","user":"cOSMografix","timestamp":"2026-09-27T21:10:37Z","changeset":"189650351","surface":"gravel","changes":[{"k":"lit","old":null,"new":"no"}]}},{"type":"Feature","geometry":{"type":"LineString","coordinates":[[5.39084,43.92973],[5.3909,43.92978],[5.39099,43.92979],[5.39105,43.9298],[5.3911,43.92979],[5.39193,43.92954],[5.39206,43.92952],[5.39218,43.92952],[5.39231,43.92953],[5.39244,43.92956],[5.39257,43.9296]]},"properties":{"action":"modify","state":"new","osm_type":"way","osm_id":"787547083","highway":"track","axis":"path","version":"3","user":"cOSMografix","timestamp":"2026-09-27T21:10:36Z","changeset":"189650351","changes":[{"k":"lit","old":null,"new":"no"}]}},{"type":"Feature","geometry":{"type":"LineString","coordinates":[[5.39042,43.92533],[5.3905,43.92531],[5.39055,43.92524],[5.39056,43.92518],[5.3905,43.92454],[5.3905,43.92449]]},"properties":{"action":"modify","state":"new","osm_type":"way","osm_id":"787547086","highway":"service","axis":"local","version":"3","user":"cOSMografix","timestamp":"2026-09-27T21:10:25Z","changeset":"189650351","surface":"asphalt","changes":[{"k":"lit","old":null,"new":"no"}]}},{"type":"Feature","geometry":{"type":"LineString","coordinates":[[5.38619,43.92352],[5.38626,43.92354],[5.38647,43.92357],[5.38762,43.92361],[5.38799,43.92363],[5.38824,43.92364],[5.39039,43.92372]]},"properties":{"action":"modify","state":"new","osm_type":"way","osm_id":"787547087","highway":"track","axis":"path","version":"5","user":"cOSMografix","timestamp":"2026-09-27T21:10:23Z","changeset":"189650351","changes":[{"k":"lit","old":null,"new":"no"}]}},{"type":"Feature","geometry":{"type":"LineString","coordinates":[[5.3987,43.92514],[5.39859,43.9252],[5.39845,43.92528],[5.39834,43.92537],[5.39826,43.92545],[5.39816,43.92559],[5.39801,43.92578],[5.39785,43.92593],[5.39755,43.92615],[5.39745,43.92623],[5.39736,43.92636],[5.39721,43.92659],[5.39713,43.92673],[5.39706,43.92681],[5.39695,43.92692],[5.3968,43.92703],[5.39664,43.92713],[5.39648,43.92723],[5.39636,43.9273],[5.39607,43.92755],[5.395,43.92846],[5.39407,43.92925],[5.39394,43.92936]]},"properties":{"action":"modify","state":"new","osm_type":"way","osm_id":"787547090","highway":"track","axis":"path","version":"4","user":"cOSMografix","timestamp":"2026-09-27T21:10:38Z","changeset":"189650351","surface":"ground","changes":[{"k":"lit","old":null,"new":"no"}]}},{"type":"Feature","geometry":{"type":"LineString","coordinates":[[4.90159,43.9542],[4.90153,43.95418],[4.90143,43.95415],[4.90131,43.95414],[4.90106,43.95413],[4.90088,43.95412],[4.90064,43.95411],[4.90054,43.95411],[4.90018,43.95409],[4.90002,43.95409],[4.89939,43.95408],[4.89914,43.95407],[4.89873,43.95406],[4.89834,43.95405],[4.89827,43.95405],[4.89776,43.95402],[4.8977,43.95402],[4.89734,43.95401],[4.89716,43.95399],[4.89638,43.95394],[4.89526,43.95386],[4.89517,43.95385],[4.89473,43.95381]]},"properties":{"action":"modify","state":"new","osm_type":"way","osm_id":"798439506","highway":"secondary","axis":"secondary","version":"10","user":"JLZIMMERMANN","timestamp":"2026-09-23T14:11:43Z","changeset":"189452082","name":"Route de Realpanier","ref":"D 28","surface":"asphalt","maxspeed":"50","changes":[{"k":"operator","old":null,"new":"CD84"}]}},{"type":"Feature","geometry":{"type":"LineString","coordinates":[[4.71371,44.22768],[4.71367,44.22763],[4.71362,44.22758]]},"properties":{"action":"modify","state":"new","osm_type":"way","osm_id":"801891906","highway":"secondary","axis":"secondary","version":"2","user":"JLZIMMERMANN","timestamp":"2026-09-24T14:10:19Z","changeset":"189500786","ref":"D 26","surface":"asphalt","changes":[{"k":"operator","old":null,"new":"CD84"}]}},{"type":"Feature","geometry":{"type":"LineString","coordinates":[[4.71363,44.22752],[4.71368,44.2276],[4.71371,44.22768]]},"properties":{"action":"modify","state":"new","osm_type":"way","osm_id":"801891907","highway":"secondary","axis":"secondary","version":"2","user":"JLZIMMERMANN","timestamp":"2026-09-24T14:10:19Z","changeset":"189500786","ref":"D 26","surface":"asphalt","changes":[{"k":"operator","old":null,"new":"CD84"}]}},{"type":"Feature","geometry":{"type":"LineString","coordinates":[[5.0431,44.00502],[5.04324,44.00506],[5.04436,44.00527],[5.04445,44.00511],[5.04485,44.00526],[5.04498,44.00518],[5.04499,44.00522],[5.04626,44.00562],[5.04675,44.00574]]},"properties":{"action":"modify","state":"new","osm_type":"way","osm_id":"804195903","highway":"residential","axis":"local","version":"2","user":"Mas La Gentille","timestamp":"2026-09-25T18:43:24Z","changeset":"189558578","surface":"dirt","maxspeed":"50","moved_metres":36.9,"moved_only":true,"via_node":true}},{"type":"Feature","geometry":{"type":"LineString","coordinates":[[5.0431,44.00502],[5.04324,44.00506],[5.04436,44.00527],[5.04445,44.00511],[5.0445,44.00504],[5.04498,44.00518],[5.04499,44.00522],[5.04626,44.00562],[5.04675,44.00574]]},"properties":{"state":"old","osm_id":"804195903","axis":"local"}},{"type":"Feature","geometry":{"type":"LineString","coordinates":[[4.88449,43.9531],[4.88446,43.95309],[4.88442,43.95306],[4.8844,43.95304]]},"properties":{"action":"modify","state":"new","osm_type":"way","osm_id":"806730195","highway":"secondary","axis":"secondary","version":"4","user":"JLZIMMERMANN","timestamp":"2026-09-23T14:11:43Z","changeset":"189452082","ref":"D 28","surface":"asphalt","changes":[{"k":"operator","old":null,"new":"CD84"},{"k":"ref","old":null,"new":"D 28"}]}},{"type":"Feature","geometry":{"type":"LineString","coordinates":[[4.8844,43.95304],[4.88438,43.95302]]},"properties":{"action":"modify","state":"new","osm_type":"way","osm_id":"806730196","highway":"secondary","axis":"secondary","version":"4","user":"JLZIMMERMANN","timestamp":"2026-09-23T14:11:43Z","changeset":"189452082","ref":"D 28","surface":"asphalt","changes":[{"k":"operator","old":null,"new":"CD84"},{"k":"ref","old":null,"new":"D 28"}]}},{"type":"Feature","geometry":{"type":"LineString","coordinates":[[4.9492,43.89308],[4.94929,43.89305],[4.94931,43.89304],[4.94934,43.89303],[4.94946,43.89298]]},"properties":{"action":"modify","state":"new","osm_type":"way","osm_id":"807723370","highway":"service","axis":"local","version":"5","user":"Fox_45","timestamp":"2026-09-25T13:02:44Z","changeset":"189543981","surface":"asphalt"}},{"type":"Feature","geometry":{"type":"LineString","coordinates":[[4.9492,43.89308],[4.94929,43.89305],[4.94931,43.89304],[4.94934,43.89303],[4.94941,43.89301]]},"properties":{"state":"old","osm_id":"807723370","axis":"local"}},{"type":"Feature","geometry":{"type":"LineString","coordinates":[[4.82237,43.92983],[4.82176,43.92977],[4.82112,43.9297],[4.82095,43.92968]]},"properties":{"action":"modify","state":"new","osm_type":"way","osm_id":"809955735","highway":"primary","axis":"main","version":"9","user":"GuyonT","timestamp":"2026-09-23T13:34:01Z","changeset":"189450153","name":"Rocade Charles de Gaulle","surface":"asphalt","maxspeed":"50","changes":[{"k":"foot","old":null,"new":"no"},{"k":"sidewalk:both","old":null,"new":"no"}]}},{"type":"Feature","geometry":{"type":"LineString","coordinates":[[4.8747,43.91594],[4.87462,43.91595],[4.87455,43.91595],[4.87447,43.91594],[4.8744,43.91593]]},"properties":{"action":"modify","state":"new","osm_type":"way","osm_id":"809955740","highway":"primary","axis":"main","version":"4","user":"GuyonT","timestamp":"2026-09-23T13:15:13Z","changeset":"189449135","surface":"asphalt","changes":[{"k":"cycleway:right","old":null,"new":"no"}]}},{"type":"Feature","geometry":{"type":"LineString","coordinates":[[4.71655,44.24235],[4.71657,44.2424],[4.71655,44.24244],[4.71651,44.24248]]},"properties":{"action":"modify","state":"new","osm_type":"way","osm_id":"810494509","highway":"secondary","axis":"secondary","version":"5","user":"JLZIMMERMANN","timestamp":"2026-09-24T14:06:23Z","changeset":"189500604","ref":"D 26","surface":"asphalt","changes":[{"k":"operator","old":null,"new":"CD84"},{"k":"ref","old":null,"new":"D 26"}]}},{"type":"Feature","geometry":{"type":"LineString","coordinates":[[4.71637,44.24228],[4.71643,44.24228],[4.71648,44.24229],[4.71652,44.24232],[4.71655,44.24235]]},"properties":{"action":"modify","state":"new","osm_type":"way","osm_id":"810494510","highway":"secondary","axis":"secondary","version":"6","user":"JLZIMMERMANN","timestamp":"2026-09-24T14:06:23Z","changeset":"189500604","ref":"D 26","surface":"asphalt","changes":[{"k":"operator","old":null,"new":"CD84"},{"k":"ref","old":null,"new":"D 26"}]}},{"type":"Feature","geometry":{"type":"LineString","coordinates":[[4.71625,44.24235],[4.71628,44.24231],[4.71632,44.24229],[4.71637,44.24228]]},"properties":{"action":"modify","state":"new","osm_type":"way","osm_id":"810494511","highway":"secondary","axis":"secondary","version":"5","user":"JLZIMMERMANN","timestamp":"2026-09-24T14:06:23Z","changeset":"189500604","ref":"D 26","surface":"asphalt","changes":[{"k":"operator","old":null,"new":"CD84"},{"k":"ref","old":null,"new":"D 26"}]}},{"type":"Feature","geometry":{"type":"LineString","coordinates":[[4.74429,44.27491],[4.74428,44.27485],[4.74424,44.27471],[4.74418,44.27446],[4.74415,44.27436],[4.74409,44.27415],[4.74407,44.27407],[4.74405,44.27401]]},"properties":{"action":"modify","state":"new","osm_type":"way","osm_id":"810520534","highway":"secondary","axis":"secondary","version":"11","user":"JLZIMMERMANN","timestamp":"2026-09-24T14:06:23Z","changeset":"189500604","name":"Avenue Andr\u00e9 Rombeau","surface":"asphalt","changes":[{"k":"ref","old":"D 26","new":null},{"k":"was:ref","old":null,"new":"D 26"}]}},{"type":"Feature","geometry":{"type":"LineString","coordinates":[[4.74445,44.27556],[4.74441,44.27542]]},"properties":{"action":"modify","state":"new","osm_type":"way","osm_id":"810603117","highway":"secondary","axis":"secondary","version":"6","user":"JLZIMMERMANN","timestamp":"2026-09-24T14:06:23Z","changeset":"189500604","name":"Avenue Andr\u00e9 Rombeau","surface":"asphalt","changes":[{"k":"ref","old":"D 26","new":null},{"k":"was:ref","old":null,"new":"D 26"}]}},{"type":"Feature","geometry":{"type":"LineString","coordinates":[[4.7448,44.2768],[4.74477,44.27675],[4.74475,44.2767],[4.74473,44.27664],[4.74472,44.27658]]},"properties":{"action":"modify","state":"new","osm_type":"way","osm_id":"810603135","highway":"secondary","axis":"secondary","version":"6","user":"JLZIMMERMANN","timestamp":"2026-09-24T14:06:23Z","changeset":"189500604","name":"Avenue Andr\u00e9 Rombeau","surface":"asphalt","changes":[{"k":"ref","old":"D 26","new":null},{"k":"was:ref","old":null,"new":"D 26"}]}},{"type":"Feature","geometry":{"type":"LineString","coordinates":[[4.74645,44.28065],[4.7464,44.28058]]},"properties":{"action":"modify","state":"new","osm_type":"way","osm_id":"810603141","highway":"secondary","axis":"secondary","version":"4","user":"JLZIMMERMANN","timestamp":"2026-09-24T14:06:23Z","changeset":"189500604","name":"Avenue Pasteur","surface":"asphalt","changes":[{"k":"ref","old":"D 26","new":null},{"k":"was:ref","old":null,"new":"D 26"}]}},{"type":"Feature","geometry":{"type":"LineString","coordinates":[[5.04555,44.04776],[5.0455,44.04789]]},"properties":{"action":"modify","state":"new","osm_type":"way","osm_id":"813630109","highway":"tertiary","axis":"secondary","version":"8","user":"JLZIMMERMANN","timestamp":"2026-09-23T06:48:08Z","changeset":"189432684","name":"Boulevard Pasteur","surface":"asphalt","maxspeed":"30","changes":[{"k":"ref","old":"D 49","new":null},{"k":"was:ref","old":null,"new":"D 49"}]}},{"type":"Feature","geometry":{"type":"LineString","coordinates":[[5.03818,43.91292],[5.03825,43.91273],[5.03825,43.91265]]},"properties":{"action":"modify","state":"new","osm_type":"way","osm_id":"814264581","highway":"service","axis":"local","version":"1","user":"JLZIMMERMANN","timestamp":"2026-09-25T12:14:55Z","changeset":"189541592","moved_metres":1.9,"moved_only":true,"via_node":true}},{"type":"Feature","geometry":{"type":"LineString","coordinates":[[5.03818,43.91292],[5.03825,43.91273],[5.03826,43.91263]]},"properties":{"state":"old","osm_id":"814264581","axis":"local"}},{"type":"Feature","geometry":{"type":"LineString","coordinates":[[4.74438,44.2753],[4.74429,44.27491]]},"properties":{"action":"modify","state":"new","osm_type":"way","osm_id":"817942556","highway":"secondary","axis":"secondary","version":"6","user":"JLZIMMERMANN","timestamp":"2026-09-24T14:06:23Z","changeset":"189500604","name":"Avenue Andr\u00e9 Rombeau","surface":"asphalt","changes":[{"k":"ref","old":"D 26","new":null},{"k":"was:ref","old":null,"new":"D 26"}]}},{"type":"Feature","geometry":{"type":"LineString","coordinates":[[4.74441,44.27542],[4.74438,44.2753]]},"properties":{"action":"modify","state":"new","osm_type":"way","osm_id":"817942558","highway":"secondary","axis":"secondary","version":"6","user":"JLZIMMERMANN","timestamp":"2026-09-24T14:06:23Z","changeset":"189500604","name":"Avenue Andr\u00e9 Rombeau","surface":"asphalt","changes":[{"k":"ref","old":"D 26","new":null},{"k":"was:ref","old":null,"new":"D 26"}]}},{"type":"Feature","geometry":{"type":"LineString","coordinates":[[5.38207,43.88298],[5.38187,43.88286],[5.38183,43.88286],[5.38178,43.88285]]},"properties":{"action":"modify","state":"new","osm_type":"way","osm_id":"825680909","highway":"service","axis":"local","version":"4","user":"Alexandre148025","timestamp":"2026-09-23T13:28:32Z","changeset":"189449915","surface":"asphalt","changes":[{"k":"service","old":null,"new":"parking_aisle"}]}},{"type":"Feature","geometry":{"type":"LineString","coordinates":[[5.38144,43.88166],[5.38125,43.88171],[5.38122,43.88183]]},"properties":{"action":"modify","state":"new","osm_type":"way","osm_id":"833843489","highway":"service","axis":"local","version":"2","user":"Alexandre148025","timestamp":"2026-09-23T13:28:32Z","changeset":"189449915","changes":[{"k":"service","old":null,"new":"driveway"}]}},{"type":"Feature","geometry":{"type":"LineString","coordinates":[[4.87092,44.02108],[4.87064,44.02108],[4.87032,44.02118],[4.86933,44.02093],[4.86925,44.02104],[4.86924,44.02107],[4.86919,44.02123],[4.86927,44.02131],[4.86969,44.02146],[4.86984,44.02156],[4.87002,44.02178],[4.86995,44.02204],[4.86984,44.02241],[4.86963,44.02333]]},"properties":{"action":"modify","state":"new","osm_type":"way","osm_id":"837794230","highway":"service","axis":"local","version":"3","user":"JLZIMMERMANN","timestamp":"2026-09-29T13:04:24Z","changeset":"189726941","moved_metres":6.2,"moved_only":true,"via_node":true}},{"type":"Feature","geometry":{"type":"LineString","coordinates":[[4.87092,44.02108],[4.87064,44.02108],[4.87032,44.02118],[4.86933,44.02093],[4.86925,44.02104],[4.86924,44.02107],[4.86919,44.02123],[4.86927,44.02131],[4.86969,44.02146],[4.86984,44.02156],[4.87002,44.02178],[4.86995,44.02204],[4.86984,44.02241],[4.86963,44.02339]]},"properties":{"state":"old","osm_id":"837794230","axis":"local"}},{"type":"Feature","geometry":{"type":"LineString","coordinates":[[5.38053,43.8817],[5.38052,43.88176],[5.38048,43.88186],[5.38043,43.882],[5.38044,43.88208],[5.38041,43.88218]]},"properties":{"action":"modify","state":"new","osm_type":"way","osm_id":"884428965","highway":"service","axis":"local","version":"4","user":"Alexandre148025","timestamp":"2026-09-23T13:28:32Z","changeset":"189449915","surface":"asphalt","changes":[{"k":"service","old":null,"new":"driveway"}]}},{"type":"Feature","geometry":{"type":"LineString","coordinates":[[5.08524,43.84494],[5.08523,43.84498],[5.08522,43.84505],[5.08519,43.84534]]},"properties":{"action":"modify","state":"new","osm_type":"way","osm_id":"886146912","highway":"service","axis":"local","version":"3","user":"cOSMografix","timestamp":"2026-09-26T09:24:30Z","changeset":"189578223","changes":[{"k":"lit","old":null,"new":"no"}]}},{"type":"Feature","geometry":{"type":"Polygon","coordinates":[[[4.99632,44.03651],[4.99632,44.0365],[4.99632,44.03649],[4.99634,44.03648],[4.99636,44.03648],[4.99637,44.03648],[4.99639,44.03649],[4.99639,44.0365],[4.99639,44.03651],[4.99639,44.03652],[4.99638,44.03652],[4.99637,44.03653],[4.99636,44.03653],[4.99634,44.03653],[4.99633,44.03652],[4.99632,44.03651]]]},"properties":{"action":"modify","state":"new","osm_type":"way","osm_id":"892635406","highway":"secondary","axis":"secondary","version":"9","user":"enzo_immergis","timestamp":"2026-09-28T16:22:07Z","changeset":"189687837","surface":"asphalt","changes":[{"k":"cycleway:left","old":null,"new":"no"},{"k":"cycleway:right","old":null,"new":"shared_lane"},{"k":"cycleway:right:lane","old":null,"new":"pictogram"}]}},{"type":"Feature","geometry":{"type":"LineString","coordinates":[[4.99625,44.0364],[4.99631,44.03646]]},"properties":{"action":"modify","state":"new","osm_type":"way","osm_id":"892635408","highway":"secondary","axis":"secondary","version":"8","user":"enzo_immergis","timestamp":"2026-09-28T16:22:07Z","changeset":"189687837","name":"Boulevard Belle Croix","surface":"asphalt","changes":[{"k":"cycleway:both","old":null,"new":"no"}]}},{"type":"Feature","geometry":{"type":"LineString","coordinates":[[4.99632,44.0365],[4.99631,44.03646]]},"properties":{"action":"modify","state":"new","osm_type":"way","osm_id":"892635409","highway":"secondary","axis":"secondary","version":"9","user":"enzo_immergis","timestamp":"2026-09-28T16:22:07Z","changeset":"189687837","name":"Boulevard Belle Croix","surface":"asphalt","changes":[{"k":"cycleway:left","old":null,"new":"no"},{"k":"cycleway:right","old":null,"new":"shared_lane"},{"k":"cycleway:right:lane","old":null,"new":"pictogram"}]}},{"type":"Feature","geometry":{"type":"LineString","coordinates":[[4.99631,44.03646],[4.99634,44.03647],[4.99636,44.03648]]},"properties":{"action":"modify","state":"new","osm_type":"way","osm_id":"892635410","highway":"secondary","axis":"secondary","version":"9","user":"enzo_immergis","timestamp":"2026-09-28T16:22:07Z","changeset":"189687837","name":"Boulevard Belle Croix","surface":"asphalt","changes":[{"k":"cycleway:left","old":null,"new":"no"},{"k":"cycleway:right","old":null,"new":"shared_lane"},{"k":"cycleway:right:lane","old":null,"new":"pictogram"}]}},{"type":"Feature","geometry":{"type":"LineString","coordinates":[[4.99639,44.03649],[4.9965,44.0365]]},"properties":{"action":"modify","state":"new","osm_type":"way","osm_id":"892635411","highway":"secondary","axis":"secondary","version":"9","user":"enzo_immergis","timestamp":"2026-09-28T16:22:07Z","changeset":"189687837","name":"Boulevard de Verdun","surface":"asphalt","changes":[{"k":"cycleway","old":"lane","new":null},{"k":"cycleway:left","old":null,"new":"no"},{"k":"cycleway:right","old":null,"new":"shared_lane"},{"k":"cycleway:right:lane","old":null,"new":"pictogram"}]}},{"type":"Feature","geometry":{"type":"LineString","coordinates":[[4.9965,44.0365],[4.99642,44.03651],[4.99639,44.03652]]},"properties":{"action":"modify","state":"new","osm_type":"way","osm_id":"892635412","highway":"secondary","axis":"secondary","version":"9","user":"enzo_immergis","timestamp":"2026-09-28T16:22:07Z","changeset":"189687837","name":"Boulevard de Verdun","surface":"asphalt","changes":[{"k":"cycleway","old":"lane","new":null},{"k":"cycleway:left","old":null,"new":"no"},{"k":"cycleway:right","old":null,"new":"shared_lane"},{"k":"cycleway:right:lane","old":null,"new":"pictogram"}]}},{"type":"Feature","geometry":{"type":"LineString","coordinates":[[4.9965,44.0365],[4.99655,44.03649]]},"properties":{"action":"modify","state":"new","osm_type":"way","osm_id":"892635413","highway":"secondary","axis":"secondary","version":"7","user":"enzo_immergis","timestamp":"2026-09-28T16:22:07Z","changeset":"189687837","name":"Boulevard de Verdun","surface":"asphalt","changes":[{"k":"cycleway:both","old":null,"new":"shared_lane"},{"k":"cycleway:both:lane","old":null,"new":"pictogram"}]}},{"type":"Feature","geometry":{"type":"LineString","coordinates":[[4.9963,44.03657],[4.99631,44.03653],[4.99632,44.03651]]},"properties":{"action":"modify","state":"new","osm_type":"way","osm_id":"892635414","highway":"secondary","axis":"secondary","version":"6","user":"enzo_immergis","timestamp":"2026-09-28T16:22:07Z","changeset":"189687837","name":"Boulevard Commandant Bertier","surface":"asphalt","maxspeed":"50","changes":[{"k":"cycleway:both","old":null,"new":"no"}]}},{"type":"Feature","geometry":{"type":"LineString","coordinates":[[4.99636,44.03653],[4.9963,44.03657]]},"properties":{"action":"modify","state":"new","osm_type":"way","osm_id":"892635415","highway":"secondary","axis":"secondary","version":"6","user":"enzo_immergis","timestamp":"2026-09-28T16:22:07Z","changeset":"189687837","name":"Boulevard Commandant Bertier","surface":"asphalt","maxspeed":"50","changes":[{"k":"cycleway:both","old":null,"new":"no"}]}},{"type":"Feature","geometry":{"type":"LineString","coordinates":[[4.99865,44.03636],[4.99852,44.03636],[4.99841,44.03637]]},"properties":{"action":"modify","state":"new","osm_type":"way","osm_id":"892635417","highway":"secondary","axis":"secondary","version":"8","user":"enzo_immergis","timestamp":"2026-09-28T16:22:07Z","changeset":"189687837","name":"Boulevard de Verdun","surface":"asphalt","changes":[{"k":"cycleway","old":"lane","new":null},{"k":"cycleway:both","old":null,"new":"shared_lane"},{"k":"cycleway:both:lane","old":null,"new":"pictogram"}]}},{"type":"Feature","geometry":{"type":"LineString","coordinates":[[4.99841,44.03637],[4.99827,44.03639]]},"properties":{"action":"modify","state":"new","osm_type":"way","osm_id":"892635418","highway":"secondary","axis":"secondary","version":"6","user":"enzo_immergis","timestamp":"2026-09-28T16:22:07Z","changeset":"189687837","name":"Boulevard de Verdun","surface":"asphalt","changes":[{"k":"cycleway","old":"lane","new":null},{"k":"cycleway:both","old":null,"new":"shared_lane"},{"k":"cycleway:both:lane","old":null,"new":"pictogram"}]}},{"type":"Feature","geometry":{"type":"LineString","coordinates":[[4.99892,44.03635],[4.99894,44.03637],[4.99894,44.03641],[4.99894,44.03643],[4.99892,44.03646],[4.99889,44.03649]]},"properties":{"action":"modify","state":"new","osm_type":"way","osm_id":"892635423","highway":"residential","axis":"local","version":"9","user":"enzo_immergis","timestamp":"2026-09-28T16:22:07Z","changeset":"189687837","name":"Boulevard de Loriol","surface":"asphalt","changes":[{"k":"cycleway:both","old":null,"new":"no"}]}},{"type":"Feature","geometry":{"type":"LineString","coordinates":[[4.99892,44.03635],[4.99895,44.03637],[4.99894,44.03641],[4.99894,44.03643],[4.99892,44.03646],[4.99889,44.03649]]},"properties":{"state":"old","osm_id":"892635423","axis":"local"}},{"type":"Feature","geometry":{"type":"LineString","coordinates":[[4.99889,44.03649],[4.99889,44.03643],[4.99888,44.03642],[4.99886,44.03639],[4.99885,44.03637]]},"properties":{"action":"modify","state":"new","osm_type":"way","osm_id":"892635426","highway":"residential","axis":"local","version":"10","user":"enzo_immergis","timestamp":"2026-09-28T16:22:07Z","changeset":"189687837","name":"Boulevard de Loriol","surface":"asphalt","changes":[{"k":"cycleway:both","old":null,"new":"no"}]}},{"type":"Feature","geometry":{"type":"LineString","coordinates":[[4.99889,44.03649],[4.99889,44.03643],[4.99888,44.03642],[4.99887,44.03639],[4.99887,44.03637]]},"properties":{"state":"old","osm_id":"892635426","axis":"local"}},{"type":"Feature","geometry":{"type":"LineString","coordinates":[[4.71289,44.23434],[4.71284,44.23435],[4.7128,44.23434],[4.71276,44.23432]]},"properties":{"action":"modify","state":"new","osm_type":"way","osm_id":"895739894","highway":"secondary","axis":"secondary","version":"5","user":"Patchi","timestamp":"2026-09-25T05:25:15Z","changeset":"189526330","ref":"D 26","surface":"asphalt","changes":[{"k":"operator","old":null,"new":"CD84"},{"k":"ref","old":null,"new":"D 26"}]}},{"type":"Feature","geometry":{"type":"LineString","coordinates":[[4.71292,44.23433],[4.71289,44.23434],[4.71285,44.23435],[4.71281,44.23434]]},"properties":{"state":"old","osm_id":"895739894","axis":"secondary"}},{"type":"Feature","geometry":{"type":"LineString","coordinates":[[4.71296,44.23422],[4.71297,44.23425],[4.71297,44.23428],[4.71295,44.23431],[4.71292,44.23433]]},"properties":{"action":"modify","state":"new","osm_type":"way","osm_id":"895739895","highway":"secondary","axis":"secondary","version":"6","user":"Patchi","timestamp":"2026-09-25T05:25:15Z","changeset":"189526330","ref":"D 26","surface":"asphalt","changes":[{"k":"operator","old":null,"new":"CD84"},{"k":"ref","old":null,"new":"D 26"}]}},{"type":"Feature","geometry":{"type":"LineString","coordinates":[[4.71285,44.23417],[4.7129,44.23418],[4.71294,44.2342],[4.71296,44.23422],[4.71297,44.23425],[4.71297,44.23429],[4.71295,44.23431],[4.71292,44.23433]]},"properties":{"state":"old","osm_id":"895739895","axis":"secondary"}},{"type":"Feature","geometry":{"type":"LineString","coordinates":[[5.03935,44.03419],[5.0394,44.03437],[5.03955,44.03486],[5.03969,44.03531],[5.03973,44.03544],[5.03979,44.03568],[5.03988,44.03597],[5.04001,44.03653],[5.04003,44.03658],[5.04004,44.03663],[5.04007,44.03675],[5.04009,44.03684],[5.04013,44.03699],[5.0402,44.03727],[5.04023,44.03738],[5.04024,44.03742]]},"properties":{"action":"modify","state":"new","osm_type":"way","osm_id":"896578519","highway":"tertiary","axis":"secondary","version":"3","user":"JLZIMMERMANN","timestamp":"2026-09-23T06:48:08Z","changeset":"189432684","name":"Avenue des March\u00e9s","surface":"asphalt","maxspeed":"50","changes":[{"k":"ref","old":"D 49","new":null},{"k":"was:ref","old":null,"new":"D 49"}]}},{"type":"Feature","geometry":{"type":"LineString","coordinates":[[5.03935,44.03419],[5.0394,44.03437],[5.03955,44.03486],[5.03969,44.03531],[5.03973,44.03544],[5.03988,44.03597],[5.04001,44.03653],[5.04003,44.03658],[5.04004,44.03663],[5.04007,44.03675],[5.04009,44.03684],[5.04013,44.03699],[5.0402,44.03727],[5.04023,44.03738],[5.04024,44.03742]]},"properties":{"state":"old","osm_id":"896578519","axis":"secondary"}},{"type":"Feature","geometry":{"type":"LineString","coordinates":[[4.99865,44.03636],[4.99879,44.03629]]},"properties":{"action":"modify","state":"new","osm_type":"way","osm_id":"898009339","highway":"secondary","axis":"secondary","version":"5","user":"enzo_immergis","timestamp":"2026-09-28T16:22:07Z","changeset":"189687837","name":"Boulevard de Verdun","surface":"asphalt","changes":[{"k":"cycleway","old":"lane","new":null},{"k":"cycleway:left","old":null,"new":"no"},{"k":"cycleway:right","old":null,"new":"shared_lane"},{"k":"cycleway:right:lane","old":null,"new":"pictogram"}]}},{"type":"Feature","geometry":{"type":"Polygon","coordinates":[[[4.99879,44.03629],[4.99881,44.03628],[4.99883,44.03627],[4.99885,44.03626],[4.99887,44.03626],[4.99889,44.03627],[4.99891,44.03628],[4.99892,44.03629],[4.99893,44.0363],[4.99893,44.03632],[4.99893,44.03634],[4.99892,44.03635],[4.9989,44.03636],[4.99889,44.03637],[4.99885,44.03637],[4.99882,44.03637],[4.99881,44.03636],[4.99879,44.03634],[4.99878,44.03633],[4.99878,44.03631],[4.99879,44.03629]]]},"properties":{"action":"modify","state":"new","osm_type":"way","osm_id":"898009342","highway":"secondary","axis":"secondary","version":"10","user":"enzo_immergis","timestamp":"2026-09-28T16:22:07Z","changeset":"189687837","name":"Boulevard de Verdun","surface":"asphalt","changes":[{"k":"cycleway:both","old":null,"new":"no"}]}},{"type":"Feature","geometry":{"type":"Polygon","coordinates":[[[4.99879,44.03629],[4.99881,44.03628],[4.99883,44.03627],[4.99885,44.03626],[4.99887,44.03626],[4.99889,44.03627],[4.99891,44.03628],[4.99892,44.03629],[4.99893,44.0363],[4.99893,44.03632],[4.99893,44.03634],[4.99892,44.03635],[4.9989,44.03636],[4.99889,44.03637],[4.99887,44.03637],[4.99885,44.03637],[4.99882,44.03637],[4.99881,44.03636],[4.99879,44.03634],[4.99878,44.03633],[4.99878,44.03631],[4.99879,44.03629]]]},"properties":{"state":"old","osm_id":"898009342","axis":"secondary"}},{"type":"Feature","geometry":{"type":"LineString","coordinates":[[5.04633,44.04573],[5.04625,44.04588],[5.04608,44.04635],[5.04598,44.04662],[5.0459,44.04682],[5.04587,44.04691],[5.04582,44.04705]]},"properties":{"action":"modify","state":"new","osm_type":"way","osm_id":"900411482","highway":"tertiary","axis":"secondary","version":"3","user":"JLZIMMERMANN","timestamp":"2026-09-23T06:48:08Z","changeset":"189432684","name":"Boulevard Pasteur","surface":"asphalt","maxspeed":"30","changes":[{"k":"ref","old":"D 49","new":null},{"k":"was:ref","old":null,"new":"D 49"}]}},{"type":"Feature","geometry":{"type":"LineString","coordinates":[[5.12102,43.84978],[5.12091,43.84978],[5.1208,43.84977],[5.12048,43.84973],[5.12037,43.84972]]},"properties":{"action":"modify","state":"new","osm_type":"way","osm_id":"900667785","highway":"secondary","axis":"secondary","version":"5","user":"cOSMografix","timestamp":"2026-09-26T09:24:55Z","changeset":"189578268","name":"Route des Alpes","ref":"D 2","surface":"asphalt","maxspeed":"50","changes":[{"k":"sidewalk:both","old":null,"new":"yes"}]}},{"type":"Feature","geometry":{"type":"LineString","coordinates":[[5.04561,44.0476],[5.04555,44.04776]]},"properties":{"action":"modify","state":"new","osm_type":"way","osm_id":"900961564","highway":"tertiary","axis":"secondary","version":"8","user":"JLZIMMERMANN","timestamp":"2026-09-23T06:48:08Z","changeset":"189432684","name":"Boulevard Pasteur","surface":"asphalt","maxspeed":"30","changes":[{"k":"ref","old":"D 49","new":null},{"k":"was:ref","old":null,"new":"D 49"}]}},{"type":"Feature","geometry":{"type":"LineString","coordinates":[[5.37392,43.9112],[5.37337,43.91079],[5.37272,43.91021],[5.37264,43.91012],[5.37262,43.9101],[5.3725,43.90997],[5.37228,43.9095],[5.37226,43.90948]]},"properties":{"action":"modify","state":"new","osm_type":"way","osm_id":"905877884","highway":"tertiary","axis":"secondary","version":"5","user":"cOSMografix","timestamp":"2026-09-27T21:10:16Z","changeset":"189650351","name":"Route de Gargas","ref":"D 83","surface":"asphalt","changes":[{"k":"lit","old":null,"new":"no"}]}},{"type":"Feature","geometry":{"type":"LineString","coordinates":[[5.04765,43.80314],[5.04772,43.80308],[5.04795,43.8029],[5.04827,43.80262],[5.04835,43.80259],[5.04841,43.8026],[5.04846,43.80262],[5.04884,43.80307],[5.05059,43.80497],[5.05155,43.806]]},"properties":{"action":"modify","state":"new","osm_type":"way","osm_id":"915198431","highway":"unclassified","axis":"local","version":"8","user":"cOSMografix","timestamp":"2026-09-28T11:23:36Z","changeset":"189673879","name":"Chemin des Champs","surface":"asphalt","changes":[{"k":"cycleway:both","old":null,"new":"no"}]}},{"type":"Feature","geometry":{"type":"LineString","coordinates":[[5.06793,43.83751],[5.06798,43.83756],[5.06803,43.83759],[5.07189,43.84063],[5.07278,43.84133],[5.07284,43.84138]]},"properties":{"action":"modify","state":"new","osm_type":"way","osm_id":"925082313","highway":"path","axis":"path","version":"10","user":"Alexandre148025","timestamp":"2026-09-23T13:28:32Z","changeset":"189449915","surface":"asphalt","changes":[{"k":"railway","old":"razed","new":"abandoned"}]}},{"type":"Feature","geometry":{"type":"LineString","coordinates":[[5.01538,43.9805],[5.01556,43.9804],[5.01607,43.98036],[5.01621,43.98034],[5.01627,43.98015]]},"properties":{"action":"modify","state":"new","osm_type":"way","osm_id":"939094144","highway":"service","axis":"local","version":"1","user":"JLZIMMERMANN","timestamp":"2026-09-23T16:14:30Z","changeset":"189457977","moved_metres":3.6,"moved_only":true,"via_node":true}},{"type":"Feature","geometry":{"type":"LineString","coordinates":[[5.01542,43.98052],[5.01556,43.9804],[5.01607,43.98036],[5.01621,43.98034],[5.01627,43.98015]]},"properties":{"state":"old","osm_id":"939094144","axis":"local"}},{"type":"Feature","geometry":{"type":"LineString","coordinates":[[4.74149,44.26248],[4.7415,44.26232],[4.7415,44.26218],[4.74149,44.26209],[4.74149,44.26204],[4.74146,44.26186],[4.74142,44.26168],[4.74137,44.26148],[4.74129,44.26126],[4.74118,44.26102],[4.741,44.26074],[4.74093,44.26063],[4.74065,44.26022],[4.7401,44.25946],[4.73989,44.25916],[4.73935,44.25843],[4.73925,44.25831],[4.73901,44.25804],[4.73844,44.25747],[4.73795,44.25697],[4.73742,44.25644],[4.73718,44.25621],[4.73691,44.25602],[4.73653,44.25579],[4.73618,44.25562],[4.7357,44.25541],[4.73512,44.25519],[4.73486,44.25507],[4.7346,44.25493],[4.73437,44.25478],[4.7341,44.2546],[4.73389,44.25442]]},"properties":{"action":"modify","state":"new","osm_type":"way","osm_id":"943563170","highway":"secondary","axis":"secondary","version":"7","user":"JLZIMMERMANN","timestamp":"2026-09-24T14:06:23Z","changeset":"189500604","name":"Route de Mondragon","ref":"D 26","surface":"asphalt","changes":[{"k":"operator","old":null,"new":"CD84"}]}},{"type":"Feature","geometry":{"type":"LineString","coordinates":[[4.74149,44.26248],[4.7415,44.26232],[4.7415,44.26218],[4.74149,44.26209],[4.74149,44.26204],[4.74146,44.26186],[4.74142,44.26168],[4.74137,44.26148],[4.74129,44.26126],[4.74118,44.26102],[4.741,44.26074],[4.74093,44.26063],[4.74065,44.26022],[4.7401,44.25946],[4.73989,44.25916],[4.73935,44.25843],[4.73901,44.25804],[4.73795,44.25697],[4.73742,44.25644],[4.73718,44.25621],[4.73691,44.25602],[4.73653,44.25579],[4.73618,44.25562],[4.7357,44.25541],[4.73512,44.25519],[4.73486,44.25507],[4.7346,44.25493],[4.73437,44.25478],[4.7341,44.2546],[4.73389,44.25442]]},"properties":{"state":"old","osm_id":"943563170","axis":"secondary"}},{"type":"Feature","geometry":{"type":"LineString","coordinates":[[5.0553,43.8299],[5.05526,43.82997],[5.05521,43.83001],[5.05514,43.83004]]},"properties":{"action":"modify","state":"new","osm_type":"way","osm_id":"952955916","highway":"path","axis":"path","version":"6","user":"Alexandre148025","timestamp":"2026-09-23T13:28:32Z","changeset":"189449915","moved_metres":1.0,"moved_only":true,"via_node":true}},{"type":"Feature","geometry":{"type":"LineString","coordinates":[[5.0553,43.8299],[5.05526,43.82997],[5.05521,43.83001],[5.05515,43.83004]]},"properties":{"state":"old","osm_id":"952955916","axis":"path"}},{"type":"Feature","geometry":{"type":"LineString","coordinates":[[5.05514,43.83004],[5.05517,43.83008],[5.05519,43.83011],[5.0552,43.83026],[5.05522,43.83028],[5.0553,43.83033],[5.05536,43.83034],[5.0554,43.83035]]},"properties":{"action":"modify","state":"new","osm_type":"way","osm_id":"952955917","highway":"path","axis":"path","version":"13","user":"Alexandre148025","timestamp":"2026-09-23T13:28:32Z","changeset":"189449915","surface":"asphalt","changes":[{"k":"railway","old":"razed","new":null}]}},{"type":"Feature","geometry":{"type":"LineString","coordinates":[[5.05515,43.83004],[5.05517,43.83008],[5.05519,43.83011],[5.0552,43.83026],[5.05522,43.83028],[5.0553,43.83033],[5.05536,43.83034],[5.0554,43.83035]]},"properties":{"state":"old","osm_id":"952955917","axis":"path"}},{"type":"Feature","geometry":{"type":"LineString","coordinates":[[5.0533,43.82792],[5.05317,43.82808],[5.0528,43.82801],[5.05245,43.82816],[5.05224,43.82812],[5.05234,43.82752],[5.05229,43.82741],[5.05217,43.82717],[5.05215,43.827],[5.05213,43.82683],[5.05211,43.82671],[5.05209,43.82667]]},"properties":{"action":"modify","state":"new","osm_type":"way","osm_id":"995943140","highway":"service","axis":"local","version":"4","user":"Alexandre148025","timestamp":"2026-09-23T13:28:32Z","changeset":"189449915","surface":"asphalt"}},{"type":"Feature","geometry":{"type":"LineString","coordinates":[[5.0533,43.82792],[5.05317,43.82808],[5.0528,43.82801],[5.05245,43.82816],[5.05224,43.82812],[5.05234,43.82752]]},"properties":{"state":"old","osm_id":"995943140","axis":"local"}},{"type":"Feature","geometry":{"type":"LineString","coordinates":[[5.05497,43.82997],[5.05514,43.83004]]},"properties":{"action":"modify","state":"new","osm_type":"way","osm_id":"998723880","highway":"path","axis":"path","version":"5","user":"Alexandre148025","timestamp":"2026-09-23T13:28:32Z","changeset":"189449915","surface":"asphalt","moved_metres":1.0,"moved_only":true,"via_node":true}},{"type":"Feature","geometry":{"type":"LineString","coordinates":[[5.05497,43.82997],[5.05515,43.83004]]},"properties":{"state":"old","osm_id":"998723880","axis":"path"}},{"type":"Feature","geometry":{"type":"LineString","coordinates":[[4.88772,44.0097],[4.88769,44.00943],[4.88765,44.00904]]},"properties":{"action":"modify","state":"new","osm_type":"way","osm_id":"999069055","highway":"secondary","axis":"secondary","version":"3","user":"JLZIMMERMANN","timestamp":"2026-09-23T07:18:35Z","changeset":"189433706","name":"Boulevard Salvador Allende","maxspeed":"50","changes":[{"k":"ref","old":"D 226","new":null},{"k":"was:ref","old":null,"new":"D 226"}]}},{"type":"Feature","geometry":{"type":"LineString","coordinates":[[4.88772,44.00977],[4.88772,44.0097]]},"properties":{"action":"modify","state":"new","osm_type":"way","osm_id":"999069056","highway":"secondary","axis":"secondary","version":"3","user":"JLZIMMERMANN","timestamp":"2026-09-23T07:18:35Z","changeset":"189433706","name":"Boulevard Salvador Allende","maxspeed":"50","changes":[{"k":"ref","old":"D 226","new":null},{"k":"was:ref","old":null,"new":"D 226"}]}},{"type":"Feature","geometry":{"type":"LineString","coordinates":[[4.86004,43.95099],[4.86,43.95096],[4.85997,43.95092],[4.8599,43.95088],[4.85982,43.95084],[4.85971,43.95081]]},"properties":{"action":"modify","state":"new","osm_type":"way","osm_id":"999538788","highway":"secondary","axis":"secondary","version":"3","user":"JLZIMMERMANN","timestamp":"2026-09-23T14:11:43Z","changeset":"189452082","name":"Route de Saint-Saturnin","ref":"D 28","surface":"asphalt","maxspeed":"70","changes":[{"k":"operator","old":null,"new":"CD84"}]}},{"type":"Feature","geometry":{"type":"LineString","coordinates":[[4.86036,43.95066],[4.8603,43.95075],[4.86025,43.95081],[4.86021,43.95091],[4.86021,43.95096]]},"properties":{"action":"modify","state":"new","osm_type":"way","osm_id":"999538789","highway":"secondary","axis":"secondary","version":"3","user":"JLZIMMERMANN","timestamp":"2026-09-23T14:11:43Z","changeset":"189452082","name":"Route de Saint-Saturnin","ref":"D 28","surface":"asphalt","maxspeed":"70","changes":[{"k":"operator","old":null,"new":"CD84"}]}},{"type":"Feature","geometry":{"type":"LineString","coordinates":[[4.86021,43.95096],[4.86023,43.95103],[4.86027,43.95108],[4.86034,43.95113],[4.86043,43.95118],[4.86053,43.95122]]},"properties":{"action":"modify","state":"new","osm_type":"way","osm_id":"999539053","highway":"secondary","axis":"secondary","version":"3","user":"JLZIMMERMANN","timestamp":"2026-09-23T14:11:43Z","changeset":"189452082","name":"Route de Saint-Saturnin","ref":"D 28","surface":"asphalt","maxspeed":"70","changes":[{"k":"operator","old":null,"new":"CD84"},{"k":"surface","old":null,"new":"asphalt"}]}},{"type":"Feature","geometry":{"type":"LineString","coordinates":[[4.86068,43.95133],[4.86037,43.95121],[4.86028,43.95117],[4.86022,43.95113],[4.86016,43.95109],[4.86011,43.95105],[4.86004,43.95099]]},"properties":{"action":"modify","state":"new","osm_type":"way","osm_id":"999539054","highway":"secondary","axis":"secondary","version":"4","user":"JLZIMMERMANN","timestamp":"2026-09-23T14:11:43Z","changeset":"189452082","name":"Route de Saint-Saturnin","ref":"D 28","surface":"asphalt","maxspeed":"70","changes":[{"k":"operator","old":null,"new":"CD84"},{"k":"surface","old":null,"new":"asphalt"}]}},{"type":"Feature","geometry":{"type":"LineString","coordinates":[[4.80963,43.92866],[4.8096,43.92866],[4.80956,43.92866],[4.80951,43.92865],[4.80948,43.92865]]},"properties":{"action":"modify","state":"new","osm_type":"way","osm_id":"1000827886","highway":"path","axis":"path","version":"7","user":"GuyonT","timestamp":"2026-09-23T13:37:35Z","changeset":"189450414","surface":"asphalt","changes":[{"k":"footway:surface","old":null,"new":"asphalt"}]}},{"type":"Feature","geometry":{"type":"LineString","coordinates":[[4.81377,43.94298],[4.81344,43.94313],[4.81328,43.94321]]},"properties":{"action":"modify","state":"new","osm_type":"way","osm_id":"1003044590","highway":"residential","axis":"local","version":"5","user":"chrizy","timestamp":"2026-09-24T11:21:56Z","changeset":"189492381","name":"Avenue de la Trillade","surface":"asphalt","maxspeed":"50","changes":[{"k":"cycleway:right","old":"lane","new":"shared_lane"},{"k":"lanes","old":null,"new":"1"}]}},{"type":"Feature","geometry":{"type":"LineString","coordinates":[[4.81463,43.94229],[4.81452,43.94241],[4.81447,43.94245]]},"properties":{"action":"modify","state":"new","osm_type":"way","osm_id":"1003044591","highway":"residential","axis":"local","version":"3","user":"chrizy","timestamp":"2026-09-24T11:21:56Z","changeset":"189492381","name":"Avenue de la Trillade","surface":"asphalt","maxspeed":"50","changes":[{"k":"cycleway:right","old":"lane","new":"shared_lane"},{"k":"lanes","old":null,"new":"1"}]}},{"type":"Feature","geometry":{"type":"LineString","coordinates":[[4.815,43.94186],[4.81486,43.94202]]},"properties":{"action":"modify","state":"new","osm_type":"way","osm_id":"1003044592","highway":"residential","axis":"local","version":"3","user":"chrizy","timestamp":"2026-09-24T11:21:56Z","changeset":"189492381","name":"Avenue de la Trillade","surface":"asphalt","maxspeed":"50","changes":[{"k":"cycleway:right","old":"lane","new":"shared_lane"}]}},{"type":"Feature","geometry":{"type":"LineString","coordinates":[[4.79041,44.15094],[4.79034,44.15087],[4.79027,44.15079],[4.79006,44.15053],[4.78994,44.15024]]},"properties":{"action":"modify","state":"new","osm_type":"way","osm_id":"1005557768","highway":"service","axis":"local","version":"1","user":"Aur\u00e9lien_A","timestamp":"2026-09-29T09:50:16Z","changeset":"189718312","moved_metres":1.8,"moved_only":true,"via_node":true}},{"type":"Feature","geometry":{"type":"LineString","coordinates":[[4.79041,44.15094],[4.79035,44.15088],[4.79027,44.15079],[4.79006,44.15053],[4.78994,44.15024]]},"properties":{"state":"old","osm_id":"1005557768","axis":"local"}},{"type":"Feature","geometry":{"type":"LineString","coordinates":[[5.04618,43.91562],[5.04625,43.91556],[5.04643,43.9154],[5.04692,43.91501]]},"properties":{"action":"modify","state":"new","osm_type":"way","osm_id":"1009576076","highway":"service","axis":"local","version":"2","user":"JLZIMMERMANN","timestamp":"2026-09-25T12:14:55Z","changeset":"189541592","moved_metres":1.0,"moved_only":true,"via_node":true}},{"type":"Feature","geometry":{"type":"LineString","coordinates":[[5.04618,43.91562],[5.04625,43.91556],[5.04643,43.9154],[5.04691,43.91501]]},"properties":{"state":"old","osm_id":"1009576076","axis":"local"}},{"type":"Feature","geometry":{"type":"LineString","coordinates":[[5.04575,43.83155],[5.04569,43.83152],[5.04567,43.83149],[5.04571,43.83143],[5.0458,43.83116],[5.04583,43.83108],[5.04589,43.83107],[5.04593,43.83108]]},"properties":{"action":"modify","state":"new","osm_type":"way","osm_id":"1010152179","highway":"service","axis":"local","version":"5","user":"Alexandre148025","timestamp":"2026-09-23T13:28:32Z","changeset":"189449915","surface":"asphalt"}},{"type":"Feature","geometry":{"type":"LineString","coordinates":[[5.04575,43.83155],[5.04569,43.83152],[5.04567,43.83149],[5.04571,43.83143],[5.0458,43.83116],[5.04583,43.83108],[5.04589,43.83107],[5.04601,43.8311]]},"properties":{"state":"old","osm_id":"1010152179","axis":"local"}},{"type":"Feature","geometry":{"type":"LineString","coordinates":[[4.95914,43.89365],[4.95903,43.89383],[4.95893,43.89404],[4.95853,43.8948]]},"properties":{"action":"modify","state":"new","osm_type":"way","osm_id":"1016894815","highway":"service","axis":"local","version":"2","user":"JLZIMMERMANN","timestamp":"2026-09-25T12:14:55Z","changeset":"189541592","moved_metres":3.2,"moved_only":true,"via_node":true}},{"type":"Feature","geometry":{"type":"LineString","coordinates":[[4.95914,43.89362],[4.95903,43.89383],[4.95893,43.89404],[4.95853,43.8948]]},"properties":{"state":"old","osm_id":"1016894815","axis":"local"}},{"type":"Feature","geometry":{"type":"LineString","coordinates":[[4.93429,43.95786],[4.93427,43.95787],[4.93425,43.95788],[4.93423,43.95788]]},"properties":{"action":"modify","state":"new","osm_type":"way","osm_id":"1017168967","highway":"secondary","axis":"secondary","version":"12","user":"JLZIMMERMANN","timestamp":"2026-09-23T14:11:43Z","changeset":"189452082","surface":"asphalt","changes":[{"k":"was:ref","old":null,"new":"D 28"}]}},{"type":"Feature","geometry":{"type":"LineString","coordinates":[[4.94044,43.95969],[4.94038,43.95967],[4.9403,43.95964],[4.94006,43.95955],[4.93962,43.9594],[4.93918,43.95924],[4.93873,43.95909],[4.9386,43.95904],[4.93828,43.95893],[4.93821,43.95891],[4.93778,43.95876],[4.93763,43.95871],[4.93752,43.95867],[4.93646,43.95836],[4.93639,43.95834],[4.93611,43.95826],[4.93596,43.95821],[4.93568,43.95813],[4.93538,43.95805],[4.93523,43.95801],[4.93498,43.95795],[4.93474,43.9579],[4.93455,43.95787]]},"properties":{"action":"modify","state":"new","osm_type":"way","osm_id":"1017168968","highway":"secondary","axis":"secondary","version":"9","user":"JLZIMMERMANN","timestamp":"2026-09-23T14:11:43Z","changeset":"189452082","name":"Route de Pernes","surface":"asphalt","maxspeed":"30","changes":[{"k":"ref","old":"D 28","new":null},{"k":"was:ref","old":null,"new":"D 28"}]}},{"type":"Feature","geometry":{"type":"LineString","coordinates":[[4.93421,43.95775],[4.93423,43.95774],[4.93426,43.95775],[4.93429,43.95776],[4.93431,43.95777]]},"properties":{"action":"modify","state":"new","osm_type":"way","osm_id":"1017295696","highway":"secondary","axis":"secondary","version":"8","user":"JLZIMMERMANN","timestamp":"2026-09-23T14:11:43Z","changeset":"189452082","surface":"asphalt","changes":[{"k":"was:ref","old":null,"new":"D 28"}]}},{"type":"Feature","geometry":{"type":"LineString","coordinates":[[4.93423,43.95788],[4.9342,43.95788],[4.93418,43.95787],[4.93416,43.95786],[4.93415,43.95784]]},"properties":{"action":"modify","state":"new","osm_type":"way","osm_id":"1017295697","highway":"secondary","axis":"secondary","version":"8","user":"JLZIMMERMANN","timestamp":"2026-09-23T14:11:43Z","changeset":"189452082","surface":"asphalt","changes":[{"k":"was:ref","old":null,"new":"D 28"}]}},{"type":"Feature","geometry":{"type":"LineString","coordinates":[[5.07519,43.84423],[5.07516,43.84428],[5.07512,43.8444],[5.07526,43.84448]]},"properties":{"action":"modify","state":"new","osm_type":"way","osm_id":"1017816229","highway":"service","axis":"local","version":"2","user":"Alexandre148025","timestamp":"2026-09-23T13:28:32Z","changeset":"189449915","changes":[{"k":"service","old":null,"new":"driveway"}]}},{"type":"Feature","geometry":{"type":"LineString","coordinates":[[5.07404,43.84382],[5.07411,43.84373],[5.07418,43.84355],[5.07386,43.84349],[5.07372,43.84356],[5.07364,43.84355]]},"properties":{"action":"modify","state":"new","osm_type":"way","osm_id":"1017816230","highway":"service","axis":"local","version":"2","user":"Alexandre148025","timestamp":"2026-09-23T13:28:32Z","changeset":"189449915","changes":[{"k":"service","old":null,"new":"driveway"}]}},{"type":"Feature","geometry":{"type":"LineString","coordinates":[[5.02725,43.9473],[5.0272,43.94719],[5.02718,43.94709],[5.0273,43.94707],[5.02736,43.94699],[5.02732,43.9467]]},"properties":{"action":"modify","state":"new","osm_type":"way","osm_id":"1019372510","highway":"service","axis":"local","version":"1","user":"JLZIMMERMANN","timestamp":"2026-09-29T14:52:53Z","changeset":"189732586","moved_metres":3.6,"moved_only":true,"via_node":true}},{"type":"Feature","geometry":{"type":"LineString","coordinates":[[5.02725,43.9473],[5.0272,43.94719],[5.02718,43.94709],[5.0273,43.94707],[5.02736,43.94699],[5.02733,43.94667]]},"properties":{"state":"old","osm_id":"1019372510","axis":"local"}},{"type":"Feature","geometry":{"type":"LineString","coordinates":[[4.88329,43.95291],[4.88271,43.9529],[4.88261,43.9529],[4.88246,43.9529],[4.88234,43.9529],[4.88214,43.9529],[4.88167,43.95292],[4.88124,43.95294],[4.88088,43.95295],[4.88054,43.95297],[4.88027,43.95298],[4.88007,43.95299],[4.8797,43.95301],[4.87932,43.95303],[4.87888,43.95305],[4.87881,43.95306],[4.87845,43.95307],[4.87806,43.95309],[4.87738,43.95313],[4.87732,43.95313],[4.8768,43.95315],[4.87658,43.95316],[4.87559,43.95321],[4.87496,43.95324],[4.87433,43.95327],[4.87377,43.9533],[4.87322,43.95331],[4.87283,43.95331],[4.87234,43.95329],[4.87154,43.95323],[4.87006,43.9531],[4.86869,43.95296],[4.86835,43.95292],[4.86804,43.95288],[4.86783,43.95285]]},"properties":{"action":"modify","state":"new","osm_type":"way","osm_id":"1023351198","highway":"secondary","axis":"secondary","version":"9","user":"ratrun","timestamp":"2026-09-25T02:32:03Z","changeset":"189523094","name":"Route de Saint-Saturnin","ref":"D 28","surface":"asphalt","maxspeed":"80","changes":[{"k":"operator","old":null,"new":"CD84"}]}},{"type":"Feature","geometry":{"type":"LineString","coordinates":[[4.88329,43.95291],[4.88271,43.9529],[4.88261,43.9529],[4.88246,43.9529],[4.88234,43.9529],[4.88214,43.9529],[4.88167,43.95292],[4.88124,43.95294],[4.88054,43.95297],[4.88027,43.95298],[4.87998,43.953],[4.87932,43.95303],[4.87888,43.95305],[4.87881,43.95306],[4.87845,43.95307],[4.87806,43.95309],[4.87738,43.95313],[4.87732,43.95313],[4.8768,43.95315],[4.87658,43.95316],[4.87559,43.95321],[4.87496,43.95324],[4.87433,43.95327],[4.87377,43.9533],[4.87322,43.95331],[4.87283,43.95331],[4.87234,43.95329],[4.87154,43.95323],[4.87006,43.9531],[4.86869,43.95296],[4.86835,43.95292],[4.86804,43.95288],[4.86783,43.95285]]},"properties":{"state":"old","osm_id":"1023351198","axis":"secondary"}},{"type":"Feature","geometry":{"type":"LineString","coordinates":[[4.7137,44.23653],[4.71366,44.23646],[4.71356,44.2364],[4.71349,44.23636]]},"properties":{"action":"modify","state":"new","osm_type":"way","osm_id":"1027326774","highway":"residential","axis":"local","version":"2","user":"JLZIMMERMANN","timestamp":"2026-09-24T14:06:23Z","changeset":"189500604","name":"Place de la Porte du Midi","moved_metres":2.7,"moved_only":true,"via_node":true}},{"type":"Feature","geometry":{"type":"LineString","coordinates":[[4.7137,44.23653],[4.71366,44.23648],[4.71357,44.2364],[4.71349,44.23636]]},"properties":{"state":"old","osm_id":"1027326774","axis":"local"}},{"type":"Feature","geometry":{"type":"LineString","coordinates":[[4.71611,44.2421],[4.71585,44.24189],[4.71555,44.24163],[4.71536,44.24146],[4.71522,44.24132],[4.71512,44.2412],[4.71498,44.24104],[4.71479,44.24087],[4.71446,44.24061],[4.71429,44.24048],[4.71422,44.24041],[4.71402,44.24023]]},"properties":{"action":"modify","state":"new","osm_type":"way","osm_id":"1027326780","highway":"secondary","axis":"secondary","version":"4","user":"JLZIMMERMANN","timestamp":"2026-09-24T14:06:23Z","changeset":"189500604","name":"Route de Boll\u00e8ne","ref":"D 26","surface":"asphalt","changes":[{"k":"operator","old":null,"new":"CD84"}]}},{"type":"Feature","geometry":{"type":"LineString","coordinates":[[5.10466,44.02376],[5.10472,44.02372],[5.10473,44.02366],[5.1052,44.02333],[5.1057,44.02299]]},"properties":{"action":"modify","state":"new","osm_type":"way","osm_id":"1030679637","highway":"service","axis":"local","version":"1","user":"JLZIMMERMANN","timestamp":"2026-09-29T13:53:57Z","changeset":"189729451","moved_metres":6.2,"moved_only":true,"via_node":true}},{"type":"Feature","geometry":{"type":"LineString","coordinates":[[5.10466,44.02376],[5.10472,44.02372],[5.10473,44.02366],[5.10526,44.0233],[5.1057,44.02299]]},"properties":{"state":"old","osm_id":"1030679637","axis":"local"}},{"type":"Feature","geometry":{"type":"LineString","coordinates":[[5.26236,44.18361],[5.26243,44.18359],[5.26249,44.18356],[5.26253,44.18351],[5.26258,44.1835],[5.26264,44.1835],[5.2629,44.18353]]},"properties":{"action":"modify","state":"new","osm_type":"way","osm_id":"1043801472","highway":"service","axis":"local","version":"1","user":"thepriben","timestamp":"2026-09-25T17:07:55Z","changeset":"189554877","moved_metres":2.2,"moved_only":true,"via_node":true}},{"type":"Feature","geometry":{"type":"LineString","coordinates":[[5.26233,44.18361],[5.26243,44.18359],[5.26249,44.18356],[5.26253,44.18351],[5.26258,44.1835],[5.26264,44.1835],[5.2629,44.18353]]},"properties":{"state":"old","osm_id":"1043801472","axis":"local"}},{"type":"Feature","geometry":{"type":"LineString","coordinates":[[5.162,43.87615],[5.16315,43.87562],[5.16336,43.87548],[5.16355,43.87527],[5.16388,43.87484],[5.16516,43.87317],[5.1668,43.87119]]},"properties":{"action":"modify","state":"new","osm_type":"way","osm_id":"1044439195","highway":"tertiary","axis":"secondary","version":"3","user":"JLZIMMERMANN","timestamp":"2026-09-23T22:05:10Z","changeset":"189470856","name":"Route des Beaumettes","ref":"D 148","surface":"asphalt","changes":[{"k":"operator","old":null,"new":"CD84"}]}},{"type":"Feature","geometry":{"type":"LineString","coordinates":[[5.16204,43.87613],[5.16315,43.87562],[5.16336,43.87548],[5.16355,43.87527],[5.16388,43.87484],[5.16516,43.87317],[5.1668,43.87119]]},"properties":{"state":"old","osm_id":"1044439195","axis":"secondary"}},{"type":"Feature","geometry":{"type":"LineString","coordinates":[[4.89239,43.95363],[4.89207,43.95361],[4.892,43.95361],[4.89168,43.95357],[4.89094,43.95351],[4.8905,43.95347],[4.89007,43.95343],[4.88967,43.95339],[4.88855,43.95328],[4.88807,43.95323],[4.88801,43.95323],[4.88745,43.95317],[4.88709,43.95314],[4.88657,43.95309],[4.88646,43.95308],[4.8862,43.95306],[4.88564,43.95301],[4.88551,43.953],[4.88529,43.95299]]},"properties":{"action":"modify","state":"new","osm_type":"way","osm_id":"1076512991","highway":"secondary","axis":"secondary","version":"8","user":"Nordpfeil","timestamp":"2026-09-25T06:34:16Z","changeset":"189528352","name":"Route de Realpanier","ref":"D 28","surface":"asphalt","maxspeed":"80","changes":[{"k":"operator","old":null,"new":"CD84"}]}},{"type":"Feature","geometry":{"type":"LineString","coordinates":[[4.88862,44.08943],[4.88868,44.08953],[4.8887,44.08961],[4.88871,44.08974],[4.88872,44.08978],[4.88874,44.08982],[4.88881,44.0899],[4.88888,44.08995],[4.8891,44.09014],[4.88953,44.09048],[4.88972,44.09061],[4.8899,44.09074],[4.89005,44.09082],[4.89015,44.09087],[4.89048,44.09103],[4.89058,44.09108]]},"properties":{"action":"modify","state":"new","osm_type":"way","osm_id":"1082915387","highway":"tertiary","axis":"secondary","version":"4","user":"enzo_immergis","timestamp":"2026-09-28T15:54:31Z","changeset":"189686613","name":"Route de Beauregard","surface":"asphalt","maxspeed":"30","changes":[{"k":"cycleway:both","old":null,"new":"no"}]}},{"type":"Feature","geometry":{"type":"LineString","coordinates":[[4.88861,44.08901],[4.88855,44.08932],[4.88856,44.08937],[4.88862,44.08943]]},"properties":{"action":"modify","state":"new","osm_type":"way","osm_id":"1082915388","highway":"tertiary","axis":"secondary","version":"3","user":"enzo_immergis","timestamp":"2026-09-28T15:54:31Z","changeset":"189686613","name":"Route de l'Europe","surface":"asphalt","maxspeed":"30","changes":[{"k":"cycleway:both","old":null,"new":"no"}]}},{"type":"Feature","geometry":{"type":"LineString","coordinates":[[5.41085,44.0952],[5.41083,44.0953],[5.41079,44.09552],[5.41083,44.09556],[5.41086,44.09559],[5.41087,44.09563],[5.41087,44.09565]]},"properties":{"action":"modify","state":"new","osm_type":"way","osm_id":"1094209729","highway":"service","axis":"local","version":"4","user":"JLZIMMERMANN","timestamp":"2026-09-25T10:41:44Z","changeset":"189537550","surface":"compacted","moved_metres":2.7,"moved_only":true,"via_node":true}},{"type":"Feature","geometry":{"type":"LineString","coordinates":[[5.41085,44.0952],[5.41083,44.09531],[5.4108,44.09555],[5.41083,44.09556],[5.41086,44.09559],[5.41087,44.09563],[5.41087,44.09565]]},"properties":{"state":"old","osm_id":"1094209729","axis":"local"}},{"type":"Feature","geometry":{"type":"LineString","coordinates":[[5.1045,43.85545],[5.10455,43.85541],[5.1046,43.85534],[5.10468,43.85512],[5.10478,43.85484]]},"properties":{"action":"modify","state":"new","osm_type":"way","osm_id":"1103628840","highway":"service","axis":"local","version":"1","user":"Alexandre148025","timestamp":"2026-09-23T13:28:32Z","changeset":"189449915","moved_metres":1.3,"moved_only":true,"via_node":true}},{"type":"Feature","geometry":{"type":"LineString","coordinates":[[5.10449,43.85545],[5.10455,43.85541],[5.1046,43.85534],[5.10468,43.85512],[5.10479,43.85483]]},"properties":{"state":"old","osm_id":"1103628840","axis":"local"}},{"type":"Feature","geometry":{"type":"LineString","coordinates":[[5.1038,43.8562],[5.10405,43.85567]]},"properties":{"action":"modify","state":"new","osm_type":"way","osm_id":"1103628843","highway":"service","axis":"local","version":"2","user":"Alexandre148025","timestamp":"2026-09-23T13:28:32Z","changeset":"189449915"}},{"type":"Feature","geometry":{"type":"LineString","coordinates":[[5.1038,43.8562],[5.10397,43.85582],[5.10408,43.85556],[5.10402,43.85549],[5.10385,43.85544]]},"properties":{"state":"old","osm_id":"1103628843","axis":"local"}},{"type":"Feature","geometry":{"type":"LineString","coordinates":[[5.06287,43.83377],[5.06293,43.8338]]},"properties":{"action":"modify","state":"new","osm_type":"way","osm_id":"1117328936","highway":"path","axis":"path","version":"7","user":"Alexandre148025","timestamp":"2026-09-23T13:28:32Z","changeset":"189449915","surface":"asphalt","changes":[{"k":"railway","old":"razed","new":"abandoned"}]}},{"type":"Feature","geometry":{"type":"LineString","coordinates":[[5.06293,43.8338],[5.06316,43.83392],[5.0634,43.83407],[5.06386,43.83436],[5.06437,43.83471],[5.06485,43.83509],[5.06543,43.83555],[5.06613,43.83609],[5.06782,43.83742],[5.06787,43.83746],[5.06793,43.83751]]},"properties":{"action":"modify","state":"new","osm_type":"way","osm_id":"1117328939","highway":"path","axis":"path","version":"9","user":"Alexandre148025","timestamp":"2026-09-23T13:28:32Z","changeset":"189449915","surface":"asphalt","changes":[{"k":"railway","old":"razed","new":"abandoned"}]}},{"type":"Feature","geometry":{"type":"LineString","coordinates":[[5.06118,43.83281],[5.06119,43.83279],[5.06121,43.83277],[5.06124,43.83275],[5.06127,43.83274]]},"properties":{"action":"modify","state":"new","osm_type":"way","osm_id":"1117328944","highway":"unclassified","axis":"local","version":"7","user":"cOSMografix","timestamp":"2026-09-26T09:24:14Z","changeset":"189578222","surface":"asphalt","changes":[{"k":"sidewalk:both","old":null,"new":"no"}]}},{"type":"Feature","geometry":{"type":"LineString","coordinates":[[4.86995,44.02204],[4.86971,44.02224],[4.86951,44.02247],[4.86931,44.02262],[4.86922,44.0227],[4.86896,44.02302],[4.86879,44.02315],[4.86858,44.02318]]},"properties":{"action":"modify","state":"new","osm_type":"way","osm_id":"1119796022","highway":"service","axis":"local","version":"2","user":"JLZIMMERMANN","timestamp":"2026-09-29T13:04:24Z","changeset":"189726941"}},{"type":"Feature","geometry":{"type":"LineString","coordinates":[[4.86995,44.02204],[4.86971,44.02224],[4.86937,44.02251],[4.8692,44.02269],[4.86895,44.02301],[4.86879,44.02315],[4.86858,44.02318]]},"properties":{"state":"old","osm_id":"1119796022","axis":"local"}},{"type":"Feature","geometry":{"type":"LineString","coordinates":[[5.10581,43.85452],[5.10574,43.85461],[5.10576,43.85471],[5.10574,43.85477],[5.10569,43.85484],[5.10564,43.85489],[5.1056,43.85493],[5.10556,43.85496]]},"properties":{"action":"modify","state":"new","osm_type":"way","osm_id":"1120108230","highway":"path","axis":"path","version":"1","user":"Alexandre148025","timestamp":"2026-09-23T13:28:32Z","changeset":"189449915","moved_metres":2.1,"moved_only":true,"via_node":true}},{"type":"Feature","geometry":{"type":"LineString","coordinates":[[5.10581,43.85452],[5.10574,43.85461],[5.10576,43.85471],[5.10575,43.85476],[5.10569,43.85484],[5.10565,43.85489],[5.1056,43.85493],[5.10554,43.85496]]},"properties":{"state":"old","osm_id":"1120108230","axis":"path"}},{"type":"Feature","geometry":{"type":"LineString","coordinates":[[5.05198,43.82673],[5.05203,43.82677],[5.05203,43.82688],[5.05204,43.827],[5.05186,43.82704]]},"properties":{"action":"modify","state":"new","osm_type":"way","osm_id":"1121648273","highway":"service","axis":"local","version":"2","user":"Alexandre148025","timestamp":"2026-09-23T13:28:32Z","changeset":"189449915","changes":[{"k":"service","old":null,"new":"driveway"}]}},{"type":"Feature","geometry":{"type":"LineString","coordinates":[[5.53314,43.92109],[5.53227,43.92093],[5.53215,43.92092],[5.53202,43.92093],[5.53148,43.92104],[5.53134,43.92106],[5.5312,43.92106],[5.53107,43.92103],[5.53095,43.92098],[5.53061,43.9208],[5.53046,43.92073],[5.53016,43.92062],[5.52982,43.9205],[5.52947,43.92038],[5.52932,43.92032],[5.52924,43.9203],[5.52916,43.92029]]},"properties":{"action":"modify","state":"new","osm_type":"way","osm_id":"1126072865","highway":"tertiary","axis":"secondary","version":"3","user":"JLZIMMERMANN","timestamp":"2026-09-23T21:17:58Z","changeset":"189469677","ref":"D 112","surface":"asphalt","changes":[{"k":"operator","old":null,"new":"CD84"},{"k":"surface","old":null,"new":"asphalt"}]}},{"type":"Feature","geometry":{"type":"LineString","coordinates":[[5.07521,43.84313],[5.0754,43.84328],[5.07555,43.84341],[5.07559,43.84347],[5.0757,43.84364]]},"properties":{"action":"modify","state":"new","osm_type":"way","osm_id":"1127720150","highway":"path","axis":"path","version":"8","user":"Alexandre148025","timestamp":"2026-09-23T13:28:32Z","changeset":"189449915","surface":"asphalt"}},{"type":"Feature","geometry":{"type":"LineString","coordinates":[[5.07522,43.84313],[5.0754,43.84328],[5.07559,43.84347],[5.0757,43.84364]]},"properties":{"state":"old","osm_id":"1127720150","axis":"path"}},{"type":"Feature","geometry":{"type":"LineString","coordinates":[[5.13218,43.86653],[5.13221,43.86653],[5.13328,43.86676],[5.13384,43.86687],[5.1344,43.86696],[5.13504,43.86706],[5.13569,43.86715],[5.13649,43.86723],[5.13691,43.86727],[5.13717,43.86729],[5.13728,43.8673],[5.13736,43.86732]]},"properties":{"action":"modify","state":"new","osm_type":"way","osm_id":"1127720153","highway":"path","axis":"path","version":"7","user":"Alexandre148025","timestamp":"2026-09-23T13:28:32Z","changeset":"189449915","surface":"asphalt","changes":[{"k":"railway","old":"razed","new":"abandoned"}]}},{"type":"Feature","geometry":{"type":"LineString","coordinates":[[5.13218,43.86653],[5.13221,43.86653],[5.13328,43.86676],[5.13384,43.86687],[5.1344,43.86696],[5.13504,43.86706],[5.13569,43.86715],[5.13649,43.86723],[5.13691,43.86727],[5.13717,43.86729],[5.13728,43.8673],[5.13737,43.86732]]},"properties":{"state":"old","osm_id":"1127720153","axis":"path"}},{"type":"Feature","geometry":{"type":"LineString","coordinates":[[5.09495,43.91903],[5.09467,43.91897],[5.0943,43.91891]]},"properties":{"action":"modify","state":"new","osm_type":"way","osm_id":"1127720165","highway":"tertiary","axis":"secondary","version":"5","user":"JLZIMMERMANN","timestamp":"2026-09-25T12:14:55Z","changeset":"189541592","name":"Route de Fontaine de Vaucluse","ref":"D 25","surface":"asphalt","changes":[{"k":"operator","old":null,"new":"CD84"}]}},{"type":"Feature","geometry":{"type":"LineString","coordinates":[[5.10578,43.91687],[5.10538,43.91687],[5.10442,43.91687],[5.10416,43.91689],[5.10386,43.91693],[5.10354,43.91699],[5.10278,43.91717],[5.10272,43.91718],[5.10229,43.91728],[5.10197,43.91738],[5.10107,43.91769]]},"properties":{"action":"modify","state":"new","osm_type":"way","osm_id":"1127720166","highway":"tertiary","axis":"secondary","version":"6","user":"JLZIMMERMANN","timestamp":"2026-09-25T12:14:55Z","changeset":"189541592","name":"Route de Fontaine de Vaucluse","ref":"D 25","surface":"asphalt","changes":[{"k":"operator","old":null,"new":"CD84"}]}},{"type":"Feature","geometry":{"type":"LineString","coordinates":[[5.04762,43.91818],[5.04766,43.91817],[5.0477,43.91817]]},"properties":{"action":"modify","state":"new","osm_type":"way","osm_id":"1127720167","highway":"secondary","axis":"secondary","version":"3","user":"enzo_immergis","timestamp":"2026-09-29T08:43:43Z","changeset":"189715545","surface":"asphalt","maxspeed":"50","changes":[{"k":"cycleway:both","old":null,"new":"no"}]}},{"type":"Feature","geometry":{"type":"LineString","coordinates":[[5.04759,43.9182],[5.0476,43.91819],[5.04762,43.91818]]},"properties":{"action":"modify","state":"new","osm_type":"way","osm_id":"1127720173","highway":"secondary","axis":"secondary","version":"3","user":"enzo_immergis","timestamp":"2026-09-29T08:43:43Z","changeset":"189715545","surface":"asphalt","maxspeed":"50","changes":[{"k":"cycleway:both","old":null,"new":"no"}]}},{"type":"Feature","geometry":{"type":"LineString","coordinates":[[5.04796,43.91826],[5.04786,43.91829],[5.04779,43.9183]]},"properties":{"action":"modify","state":"new","osm_type":"way","osm_id":"1127720178","highway":"secondary","axis":"secondary","version":"3","user":"enzo_immergis","timestamp":"2026-09-29T08:43:43Z","changeset":"189715545","name":"Avenue de la Lib\u00e9ration","surface":"asphalt","maxspeed":"50","changes":[{"k":"cycleway:both","old":null,"new":"no"}]}},{"type":"Feature","geometry":{"type":"LineString","coordinates":[[5.04895,43.91808],[5.049,43.91805],[5.04905,43.91802],[5.04907,43.918],[5.04908,43.91799]]},"properties":{"action":"modify","state":"new","osm_type":"way","osm_id":"1127720179","highway":"secondary","axis":"secondary","version":"3","user":"enzo_immergis","timestamp":"2026-09-29T08:43:43Z","changeset":"189715545","name":"Avenue de la Lib\u00e9ration","surface":"asphalt","maxspeed":"50","changes":[{"k":"cycleway:both","old":null,"new":"no"}]}},{"type":"Feature","geometry":{"type":"LineString","coordinates":[[5.12759,43.92196],[5.12759,43.92198],[5.12758,43.922],[5.12757,43.92201],[5.12755,43.92202],[5.12753,43.92203]]},"properties":{"action":"modify","state":"new","osm_type":"way","osm_id":"1127720189","highway":"living_street","axis":"local","version":"6","user":"JLZIMMERMANN","timestamp":"2026-09-25T12:14:55Z","changeset":"189541592","name":"Place de la Colonne","ref":"D 25","surface":"asphalt","changes":[{"k":"operator","old":null,"new":"CD84"},{"k":"ref","old":null,"new":"D 25"}]}},{"type":"Feature","geometry":{"type":"LineString","coordinates":[[5.12745,43.92193],[5.12748,43.92192],[5.1275,43.92192],[5.12753,43.92192],[5.12755,43.92193],[5.12757,43.92193],[5.12758,43.92195],[5.12759,43.92196]]},"properties":{"action":"modify","state":"new","osm_type":"way","osm_id":"1127720190","highway":"living_street","axis":"local","version":"5","user":"JLZIMMERMANN","timestamp":"2026-09-25T12:14:55Z","changeset":"189541592","name":"Place de la Colonne","ref":"D 25","surface":"asphalt","changes":[{"k":"operator","old":null,"new":"CD84"},{"k":"ref","old":null,"new":"D 25"}]}},{"type":"Feature","geometry":{"type":"LineString","coordinates":[[5.10578,43.91687],[5.10587,43.91687],[5.10595,43.91687]]},"properties":{"action":"modify","state":"new","osm_type":"way","osm_id":"1127720193","highway":"tertiary","axis":"secondary","version":"6","user":"JLZIMMERMANN","timestamp":"2026-09-25T12:14:55Z","changeset":"189541592","ref":"D 25","surface":"asphalt","changes":[{"k":"operator","old":null,"new":"CD84"}]}},{"type":"Feature","geometry":{"type":"LineString","coordinates":[[5.06923,43.92431],[5.06921,43.92433],[5.06907,43.92446],[5.06894,43.92456],[5.06879,43.92466],[5.06856,43.9248],[5.06853,43.92482],[5.06846,43.92486]]},"properties":{"action":"modify","state":"new","osm_type":"way","osm_id":"1127720194","highway":"tertiary","axis":"secondary","version":"3","user":"JLZIMMERMANN","timestamp":"2026-09-25T12:14:55Z","changeset":"189541592","name":"Route de Fontaine de Vaucluse","ref":"D 25","surface":"asphalt","maxspeed":"50","changes":[{"k":"operator","old":null,"new":"CD84"},{"k":"surface","old":null,"new":"asphalt"}]}},{"type":"Feature","geometry":{"type":"LineString","coordinates":[[5.10595,43.91687],[5.10622,43.91688],[5.10653,43.9169],[5.1068,43.91691],[5.1072,43.91692],[5.10745,43.91691],[5.10756,43.91688],[5.10766,43.91685],[5.10782,43.91678],[5.10839,43.91638],[5.10861,43.91622],[5.10884,43.9161],[5.10922,43.91594],[5.1093,43.91592],[5.10956,43.91587],[5.10995,43.91583],[5.11024,43.91581],[5.11078,43.91577],[5.11082,43.91577]]},"properties":{"action":"modify","state":"new","osm_type":"way","osm_id":"1127720195","highway":"tertiary","axis":"secondary","version":"5","user":"JLZIMMERMANN","timestamp":"2026-09-25T12:14:55Z","changeset":"189541592","ref":"D 25","surface":"asphalt","changes":[{"k":"operator","old":null,"new":"CD84"}]}},{"type":"Feature","geometry":{"type":"LineString","coordinates":[[5.38427,43.88172],[5.38429,43.88169],[5.3843,43.88167],[5.3843,43.88165]]},"properties":{"action":"modify","state":"new","osm_type":"way","osm_id":"1127736477","highway":"path","axis":"path","version":"3","user":"Alexandre148025","timestamp":"2026-09-23T13:28:32Z","changeset":"189449915","surface":"asphalt","changes":[{"k":"oneway","old":"no","new":null},{"k":"railway","old":"abandoned","new":null}]}},{"type":"Feature","geometry":{"type":"LineString","coordinates":[[5.39222,43.87859],[5.39208,43.87857],[5.39201,43.87857],[5.3917,43.87862],[5.39142,43.87866],[5.39139,43.87859],[5.39147,43.87857],[5.3917,43.87862]]},"properties":{"action":"modify","state":"new","osm_type":"way","osm_id":"1127736478","highway":"service","axis":"local","version":"2","user":"Alexandre148025","timestamp":"2026-09-23T13:28:32Z","changeset":"189449915","changes":[{"k":"service","old":null,"new":"parking_aisle"}]}},{"type":"Feature","geometry":{"type":"LineString","coordinates":[[5.39222,43.87859],[5.39208,43.87857],[5.39201,43.87857],[5.39141,43.87866]]},"properties":{"state":"old","osm_id":"1127736478","axis":"local"}},{"type":"Feature","geometry":{"type":"LineString","coordinates":[[5.39262,43.87873],[5.39278,43.87868],[5.39291,43.87866],[5.39315,43.87861],[5.39335,43.87856]]},"properties":{"action":"modify","state":"new","osm_type":"way","osm_id":"1127736480","highway":"service","axis":"local","version":"2","user":"Alexandre148025","timestamp":"2026-09-23T13:28:32Z","changeset":"189449915"}},{"type":"Feature","geometry":{"type":"LineString","coordinates":[[5.39291,43.87866],[5.39315,43.87861],[5.39335,43.87856]]},"properties":{"state":"old","osm_id":"1127736480","axis":"local"}},{"type":"Feature","geometry":{"type":"LineString","coordinates":[[5.39566,43.87819],[5.3958,43.87817],[5.39607,43.87815],[5.39616,43.87814],[5.39678,43.87804]]},"properties":{"action":"modify","state":"new","osm_type":"way","osm_id":"1127736481","highway":"living_street","axis":"local","version":"4","user":"Alexandre148025","timestamp":"2026-09-23T13:28:32Z","changeset":"189449915","name":"Avenue des Gen\u00eats","surface":"asphalt","maxspeed":"20","changes":[{"k":"highway","old":"residential","new":"living_street"},{"k":"railway","old":"abandoned","new":null}]}},{"type":"Feature","geometry":{"type":"LineString","coordinates":[[5.39566,43.87819],[5.3958,43.87817],[5.39606,43.87814],[5.39615,43.87813],[5.39657,43.87808]]},"properties":{"state":"old","osm_id":"1127736481","axis":"local"}},{"type":"Feature","geometry":{"type":"LineString","coordinates":[[5.01718,43.98131],[5.01721,43.98135],[5.01723,43.98139],[5.01724,43.98144],[5.01723,43.98149],[5.0172,43.98155],[5.01716,43.9816],[5.01709,43.98163],[5.01703,43.98165],[5.01695,43.98166]]},"properties":{"action":"modify","state":"new","osm_type":"way","osm_id":"1129646968","highway":"primary","axis":"main","version":"3","user":"JLZIMMERMANN","timestamp":"2026-09-23T16:14:30Z","changeset":"189457977","surface":"asphalt","maxspeed":"80","changes":[{"k":"operator","old":"CG84","new":"CD84"}]}},{"type":"Feature","geometry":{"type":"LineString","coordinates":[[5.07289,43.84142],[5.07331,43.84175],[5.07366,43.84203],[5.07393,43.84224],[5.07416,43.84241]]},"properties":{"action":"modify","state":"new","osm_type":"way","osm_id":"1140216537","highway":"path","axis":"path","version":"6","user":"Alexandre148025","timestamp":"2026-09-23T13:28:32Z","changeset":"189449915","surface":"asphalt","changes":[{"k":"railway","old":"razed","new":"abandoned"}]}},{"type":"Feature","geometry":{"type":"LineString","coordinates":[[5.07284,43.84138],[5.07289,43.84142]]},"properties":{"action":"modify","state":"new","osm_type":"way","osm_id":"1140216538","highway":"path","axis":"path","version":"5","user":"Alexandre148025","timestamp":"2026-09-23T13:28:32Z","changeset":"189449915","surface":"asphalt","changes":[{"k":"railway","old":"razed","new":"abandoned"}]}},{"type":"Feature","geometry":{"type":"LineString","coordinates":[[5.07635,43.92117],[5.07622,43.92124],[5.07606,43.92132],[5.07582,43.92141],[5.07556,43.92149],[5.07518,43.92158],[5.07494,43.92163],[5.07474,43.92166],[5.07455,43.92169],[5.07437,43.92171],[5.07417,43.92172],[5.074,43.92174],[5.07382,43.92175],[5.07372,43.92175],[5.07352,43.92176],[5.07331,43.92177],[5.07246,43.92189],[5.07239,43.9219],[5.07204,43.92195],[5.07169,43.922],[5.0715,43.92204],[5.07137,43.92207],[5.07125,43.92212],[5.07113,43.92218],[5.07103,43.92225],[5.07085,43.92239],[5.07061,43.92262],[5.0703,43.92293],[5.07003,43.92325],[5.06993,43.92337],[5.06948,43.92401],[5.06936,43.92417],[5.06923,43.92431]]},"properties":{"action":"modify","state":"new","osm_type":"way","osm_id":"1148466564","highway":"tertiary","axis":"secondary","version":"6","user":"JLZIMMERMANN","timestamp":"2026-09-25T12:14:55Z","changeset":"189541592","name":"Route de Fontaine de Vaucluse","ref":"D 25","surface":"asphalt","changes":[{"k":"operator","old":null,"new":"CD84"}]}},{"type":"Feature","geometry":{"type":"LineString","coordinates":[[5.07644,43.92111],[5.07635,43.92117]]},"properties":{"action":"modify","state":"new","osm_type":"way","osm_id":"1148466565","highway":"tertiary","axis":"secondary","version":"2","user":"JLZIMMERMANN","timestamp":"2026-09-25T12:14:55Z","changeset":"189541592","name":"Route de Fontaine de Vaucluse","ref":"D 25","surface":"asphalt","changes":[{"k":"operator","old":null,"new":"CD84"},{"k":"surface","old":null,"new":"asphalt"}]}},{"type":"Feature","geometry":{"type":"LineString","coordinates":[[5.10096,43.91773],[5.1009,43.91775],[5.10014,43.91801],[5.09916,43.91831],[5.09868,43.91848],[5.0982,43.91867],[5.09775,43.91886],[5.09737,43.91901],[5.09715,43.91909],[5.09696,43.91914],[5.09677,43.91917]]},"properties":{"action":"modify","state":"new","osm_type":"way","osm_id":"1148504609","highway":"tertiary","axis":"secondary","version":"4","user":"JLZIMMERMANN","timestamp":"2026-09-25T12:14:55Z","changeset":"189541592","name":"Route de Fontaine de Vaucluse","ref":"D 25","surface":"asphalt","changes":[{"k":"operator","old":null,"new":"CD84"}]}},{"type":"Feature","geometry":{"type":"LineString","coordinates":[[5.10107,43.91769],[5.10096,43.91773]]},"properties":{"action":"modify","state":"new","osm_type":"way","osm_id":"1148504610","highway":"tertiary","axis":"secondary","version":"2","user":"JLZIMMERMANN","timestamp":"2026-09-25T12:14:55Z","changeset":"189541592","name":"Route de Fontaine de Vaucluse","ref":"D 25","surface":"asphalt","changes":[{"k":"operator","old":null,"new":"CD84"},{"k":"surface","old":null,"new":"asphalt"}]}},{"type":"Feature","geometry":{"type":"LineString","coordinates":[[5.52886,43.92022],[5.52877,43.92026]]},"properties":{"action":"modify","state":"new","osm_type":"way","osm_id":"1148840490","highway":"tertiary","axis":"secondary","version":"2","user":"JLZIMMERMANN","timestamp":"2026-09-23T21:17:58Z","changeset":"189469677","ref":"D 112","surface":"asphalt","changes":[{"k":"operator","old":null,"new":"CD84"}]}},{"type":"Feature","geometry":{"type":"LineString","coordinates":[[5.52877,43.92026],[5.52867,43.92027]]},"properties":{"action":"modify","state":"new","osm_type":"way","osm_id":"1148840491","highway":"tertiary","axis":"secondary","version":"2","user":"JLZIMMERMANN","timestamp":"2026-09-23T21:17:58Z","changeset":"189469677","ref":"D 112","surface":"asphalt","changes":[{"k":"operator","old":null,"new":"CD84"}]}},{"type":"Feature","geometry":{"type":"LineString","coordinates":[[5.39333,43.91389],[5.39334,43.91393],[5.39335,43.91397],[5.3934,43.91406],[5.39365,43.9144],[5.39397,43.91482],[5.39414,43.9151],[5.3942,43.9152],[5.39429,43.91534],[5.39439,43.91547]]},"properties":{"action":"modify","state":"new","osm_type":"way","osm_id":"1149580810","highway":"track","axis":"path","version":"3","user":"cOSMografix","timestamp":"2026-09-27T21:10:30Z","changeset":"189650351","changes":[{"k":"lit","old":null,"new":"no"}]}},{"type":"Feature","geometry":{"type":"LineString","coordinates":[[5.39294,43.91589],[5.39296,43.91585],[5.393,43.91582],[5.39305,43.91579],[5.39308,43.91577],[5.39311,43.91574],[5.39314,43.91571],[5.39323,43.91568],[5.39335,43.91565],[5.3936,43.9156],[5.39396,43.9155],[5.39417,43.91546],[5.39426,43.91546],[5.39433,43.91546],[5.39439,43.91547]]},"properties":{"action":"modify","state":"new","osm_type":"way","osm_id":"1149580811","highway":"service","axis":"local","version":"5","user":"cOSMografix","timestamp":"2026-09-27T21:10:28Z","changeset":"189650351","surface":"gravel","changes":[{"k":"lit","old":null,"new":"no"}]}},{"type":"Feature","geometry":{"type":"LineString","coordinates":[[5.39417,43.92539],[5.39421,43.92547],[5.39422,43.92556],[5.39419,43.92568],[5.39414,43.92581],[5.39397,43.92615],[5.39389,43.92637],[5.39389,43.92658],[5.39389,43.92673],[5.39385,43.92688],[5.39383,43.92695],[5.39381,43.92714],[5.39381,43.92724],[5.39386,43.92731],[5.39386,43.92755],[5.39384,43.92781],[5.39382,43.92798],[5.39389,43.92849],[5.39393,43.92882],[5.39392,43.92919],[5.39394,43.92936]]},"properties":{"action":"modify","state":"new","osm_type":"way","osm_id":"1149612343","highway":"track","axis":"path","version":"5","user":"cOSMografix","timestamp":"2026-09-27T21:10:35Z","changeset":"189650351","name":"Chemin des Joumillons","changes":[{"k":"lit","old":null,"new":"no"}]}},{"type":"Feature","geometry":{"type":"LineString","coordinates":[[5.3951,43.92107],[5.39503,43.92106],[5.3949,43.92108],[5.39476,43.9211],[5.39423,43.92116],[5.39402,43.92118],[5.39395,43.92119],[5.39388,43.92117],[5.39372,43.9211],[5.39357,43.92101],[5.39348,43.92095],[5.39339,43.92086],[5.39333,43.92077],[5.39328,43.92068],[5.39318,43.92042],[5.39312,43.92026],[5.39295,43.91997],[5.39273,43.91971],[5.39259,43.91953],[5.39238,43.9193],[5.39216,43.91902],[5.39196,43.91871],[5.39184,43.91851],[5.39175,43.91832],[5.39161,43.91808],[5.39153,43.91789],[5.39144,43.91766],[5.39136,43.91745],[5.39133,43.91741],[5.39139,43.91738],[5.39147,43.91732],[5.39147,43.91728],[5.39145,43.91724],[5.39141,43.91721]]},"properties":{"action":"modify","state":"new","osm_type":"way","osm_id":"1149612939","highway":"track","axis":"path","version":"4","user":"cOSMografix","timestamp":"2026-09-27T21:10:26Z","changeset":"189650351","changes":[{"k":"lit","old":null,"new":"no"}]}},{"type":"Feature","geometry":{"type":"LineString","coordinates":[[5.39147,43.91732],[5.39153,43.91734],[5.39162,43.91735],[5.39172,43.91733],[5.39192,43.91728],[5.39198,43.91729],[5.3921,43.91733],[5.3922,43.91737],[5.39227,43.91737],[5.39234,43.91736],[5.39237,43.91728],[5.39241,43.91718],[5.39246,43.91729],[5.39251,43.91734],[5.3926,43.91738],[5.39276,43.9174],[5.39293,43.9174],[5.39305,43.91736],[5.39317,43.91733],[5.39335,43.9173],[5.39344,43.91731],[5.39363,43.91732],[5.39379,43.91732],[5.39389,43.91731],[5.3939,43.91726],[5.39395,43.91722],[5.3941,43.91719],[5.39423,43.91718],[5.39438,43.91717],[5.3945,43.91716],[5.39459,43.91716],[5.39471,43.91712],[5.39494,43.91708],[5.39507,43.91706],[5.3952,43.91704],[5.39531,43.91701],[5.39541,43.91697],[5.39547,43.91695],[5.3955,43.91693]]},"properties":{"action":"modify","state":"new","osm_type":"way","osm_id":"1149612940","highway":"track","axis":"path","version":"4","user":"cOSMografix","timestamp":"2026-09-27T21:10:27Z","changeset":"189650351","changes":[{"k":"lit","old":null,"new":"no"}]}},{"type":"Feature","geometry":{"type":"LineString","coordinates":[[5.39558,43.91664],[5.3955,43.9166],[5.39532,43.91655],[5.39515,43.91656],[5.39439,43.91675],[5.39437,43.91678],[5.39442,43.91689],[5.39453,43.9171],[5.3945,43.91716]]},"properties":{"action":"modify","state":"new","osm_type":"way","osm_id":"1149613125","highway":"track","axis":"path","version":"2","user":"cOSMografix","timestamp":"2026-09-27T21:10:29Z","changeset":"189650351","changes":[{"k":"lit","old":null,"new":"no"}]}},{"type":"Feature","geometry":{"type":"LineString","coordinates":[[5.39437,43.91678],[5.39428,43.91668],[5.39419,43.91651],[5.39409,43.91631]]},"properties":{"action":"modify","state":"new","osm_type":"way","osm_id":"1149613287","highway":"track","axis":"path","version":"2","user":"cOSMografix","timestamp":"2026-09-27T21:10:30Z","changeset":"189650351","changes":[{"k":"lit","old":null,"new":"no"}]}},{"type":"Feature","geometry":{"type":"LineString","coordinates":[[5.39409,43.91631],[5.39404,43.91619],[5.39399,43.91607],[5.394,43.91601],[5.39415,43.91597],[5.39451,43.91586],[5.39474,43.91579],[5.39486,43.91576],[5.39499,43.91575],[5.39505,43.91574],[5.39511,43.91585],[5.3952,43.91606],[5.39531,43.91628],[5.39539,43.91646],[5.39545,43.91651],[5.39548,43.91654],[5.3955,43.9166]]},"properties":{"action":"modify","state":"new","osm_type":"way","osm_id":"1149613289","highway":"track","axis":"path","version":"2","user":"cOSMografix","timestamp":"2026-09-27T21:10:29Z","changeset":"189650351","changes":[{"k":"lit","old":null,"new":"no"}]}},{"type":"Feature","geometry":{"type":"LineString","coordinates":[[5.06153,43.83312],[5.06257,43.83361],[5.06287,43.83377]]},"properties":{"action":"modify","state":"new","osm_type":"way","osm_id":"1152270263","highway":"cycleway","axis":"path","version":"6","user":"Alexandre148025","timestamp":"2026-09-23T13:28:32Z","changeset":"189449915","surface":"asphalt","changes":[{"k":"railway","old":"razed","new":"abandoned"}]}},{"type":"Feature","geometry":{"type":"LineString","coordinates":[[4.80987,43.9286],[4.80963,43.92857],[4.80959,43.92857],[4.80952,43.92856]]},"properties":{"action":"modify","state":"new","osm_type":"way","osm_id":"1176608875","highway":"primary","axis":"main","version":"4","user":"GuyonT","timestamp":"2026-09-23T13:37:56Z","changeset":"189450103","name":"Rocade Charles de Gaulle","surface":"asphalt","maxspeed":"50","changes":[{"k":"cycleway:right","old":null,"new":"separate"},{"k":"sidewalk:left","old":null,"new":"no"},{"k":"sidewalk:right","old":null,"new":"separate"}]}},{"type":"Feature","geometry":{"type":"LineString","coordinates":[[5.0055,43.90098],[5.00504,43.90079]]},"properties":{"action":"modify","state":"new","osm_type":"way","osm_id":"1184195574","highway":"tertiary","axis":"secondary","version":"2","user":"JLZIMMERMANN","timestamp":"2026-09-25T12:14:55Z","changeset":"189541592","name":"Route de Fontaine de Vaucluse","ref":"D 25","surface":"asphalt","changes":[{"k":"operator","old":null,"new":"CD84"},{"k":"surface","old":null,"new":"asphalt"}]}},{"type":"Feature","geometry":{"type":"LineString","coordinates":[[5.00556,43.901],[5.0055,43.90098]]},"properties":{"action":"modify","state":"new","osm_type":"way","osm_id":"1184195575","highway":"tertiary","axis":"secondary","version":"2","user":"JLZIMMERMANN","timestamp":"2026-09-25T12:14:55Z","changeset":"189541592","name":"Route de Fontaine de Vaucluse","ref":"D 25","surface":"asphalt","changes":[{"k":"operator","old":null,"new":"CD84"},{"k":"surface","old":null,"new":"asphalt"}]}},{"type":"Feature","geometry":{"type":"Polygon","coordinates":[[[5.00028,43.97846],[5.00058,43.97863],[5.0011,43.97885],[5.00138,43.97895],[5.00113,43.979],[5.00063,43.9789],[5.00039,43.97867],[5.00028,43.97846]]]},"properties":{"action":"modify","state":"new","osm_type":"way","osm_id":"1201740659","highway":"rest_area","axis":"other","version":"4","user":"JLZIMMERMANN","timestamp":"2026-09-23T16:19:30Z","changeset":"189458226","changes":[{"k":"bin","old":"separate","new":"1"}]}},{"type":"Feature","geometry":{"type":"Polygon","coordinates":[[[4.96695,43.96585],[4.96671,43.96593],[4.96639,43.96597],[4.96624,43.96595],[4.96552,43.96578],[4.9654,43.9657],[4.96553,43.9657],[4.9668,43.96581],[4.96695,43.96585]]]},"properties":{"action":"modify","state":"new","osm_type":"way","osm_id":"1201791582","highway":"rest_area","axis":"other","version":"7","user":"JLZIMMERMANN","timestamp":"2026-09-23T16:24:10Z","changeset":"189458473","changes":[{"k":"bin","old":"separate","new":"1"}]}},{"type":"Feature","geometry":{"type":"Polygon","coordinates":[[[4.96715,43.96577],[4.96761,43.96558],[4.96783,43.96552],[4.96825,43.96556],[4.96914,43.96577],[4.96964,43.96589],[4.96968,43.96595],[4.96813,43.96583],[4.96715,43.96577]]]},"properties":{"action":"modify","state":"new","osm_type":"way","osm_id":"1201791583","highway":"rest_area","axis":"other","version":"6","user":"JLZIMMERMANN","timestamp":"2026-09-23T16:23:40Z","changeset":"189458450","changes":[{"k":"bin","old":"separate","new":"3"},{"k":"picnic_table","old":"separate","new":"2"}]}},{"type":"Feature","geometry":{"type":"Polygon","coordinates":[[[5.02683,43.98587],[5.02696,43.98589],[5.02724,43.98602],[5.0274,43.98611],[5.02757,43.98624],[5.02778,43.98648],[5.02777,43.98652],[5.02753,43.98635],[5.02697,43.98597],[5.02683,43.98587]]]},"properties":{"action":"modify","state":"new","osm_type":"way","osm_id":"1201793881","highway":"rest_area","axis":"other","version":"5","user":"JLZIMMERMANN","timestamp":"2026-09-23T16:11:46Z","changeset":"189457867","changes":[{"k":"bin","old":"separate","new":"1"},{"k":"picnic_table","old":"separate","new":"1"}]}},{"type":"Feature","geometry":{"type":"LineString","coordinates":[[4.74629,44.28042],[4.74623,44.28034]]},"properties":{"action":"modify","state":"new","osm_type":"way","osm_id":"1204078673","highway":"secondary","axis":"secondary","version":"4","user":"JLZIMMERMANN","timestamp":"2026-09-24T14:06:23Z","changeset":"189500604","name":"Boulevard Gambetta","surface":"asphalt","changes":[{"k":"ref","old":"D 26","new":null},{"k":"was:ref","old":null,"new":"D 26"}]}},{"type":"Feature","geometry":{"type":"LineString","coordinates":[[4.88891,44.08111],[4.88903,44.08112]]},"properties":{"action":"modify","state":"new","osm_type":"way","osm_id":"1205196967","highway":"footway","axis":"path","version":"1","user":"JLZIMMERMANN","timestamp":"2026-09-24T08:09:25Z","changeset":"189483365","moved_metres":6.9,"moved_only":true,"via_node":true}},{"type":"Feature","geometry":{"type":"LineString","coordinates":[[4.88882,44.08111],[4.88903,44.08112]]},"properties":{"state":"old","osm_id":"1205196967","axis":"path"}},{"type":"Feature","geometry":{"type":"LineString","coordinates":[[5.38521,43.92591],[5.38614,43.92581],[5.38749,43.92565],[5.38815,43.92558],[5.38916,43.92546],[5.39042,43.92533]]},"properties":{"action":"modify","state":"new","osm_type":"way","osm_id":"1209667000","highway":"unclassified","axis":"local","version":"4","user":"cOSMografix","timestamp":"2026-09-27T21:10:24Z","changeset":"189650351","name":"Chemin des Roberts","changes":[{"k":"lit","old":null,"new":"no"}]}},{"type":"Feature","geometry":{"type":"LineString","coordinates":[[5.38781,43.92297],[5.38782,43.92294],[5.38784,43.92292],[5.38788,43.92291],[5.38794,43.92291],[5.38987,43.92299]]},"properties":{"action":"modify","state":"new","osm_type":"way","osm_id":"1211521191","highway":"track","axis":"path","version":"2","user":"cOSMografix","timestamp":"2026-09-27T21:10:24Z","changeset":"189650351","changes":[{"k":"lit","old":null,"new":"no"}]}},{"type":"Feature","geometry":{"type":"LineString","coordinates":[[5.38766,43.92167],[5.38764,43.92157],[5.38747,43.92016],[5.38738,43.91936],[5.38739,43.91935],[5.38743,43.91932],[5.38747,43.9193],[5.38753,43.9193],[5.3876,43.9193],[5.3882,43.91931],[5.38842,43.91931],[5.38873,43.91932],[5.38931,43.91932],[5.38968,43.91933]]},"properties":{"action":"modify","state":"new","osm_type":"way","osm_id":"1211521192","highway":"track","axis":"path","version":"2","user":"cOSMografix","timestamp":"2026-09-27T21:10:22Z","changeset":"189650351","changes":[{"k":"lit","old":null,"new":"no"}]}},{"type":"Feature","geometry":{"type":"LineString","coordinates":[[5.39621,43.88014],[5.39615,43.88017],[5.39599,43.88023],[5.39559,43.88012]]},"properties":{"action":"modify","state":"new","osm_type":"way","osm_id":"1215509148","highway":"service","axis":"local","version":"1","user":"Alexandre148025","timestamp":"2026-09-23T13:28:32Z","changeset":"189449915","moved_metres":2.0,"moved_only":true,"via_node":true}},{"type":"Feature","geometry":{"type":"LineString","coordinates":[[5.39622,43.88012],[5.39615,43.88017],[5.39599,43.88023],[5.39559,43.88012]]},"properties":{"state":"old","osm_id":"1215509148","axis":"local"}},{"type":"Feature","geometry":{"type":"LineString","coordinates":[[5.13802,43.86769],[5.13794,43.86745],[5.138,43.86736]]},"properties":{"action":"modify","state":"new","osm_type":"way","osm_id":"1216276520","highway":"service","axis":"local","version":"2","user":"Alexandre148025","timestamp":"2026-09-23T13:28:32Z","changeset":"189449915"}},{"type":"Feature","geometry":{"type":"LineString","coordinates":[[5.10457,43.85592],[5.10434,43.85585],[5.10433,43.8558],[5.10437,43.85569],[5.10446,43.8555],[5.1045,43.85545]]},"properties":{"action":"modify","state":"new","osm_type":"way","osm_id":"1216629328","highway":"service","axis":"local","version":"2","user":"Alexandre148025","timestamp":"2026-09-23T13:28:32Z","changeset":"189449915","changes":[{"k":"service","old":null,"new":"driveway"}]}},{"type":"Feature","geometry":{"type":"LineString","coordinates":[[5.10457,43.85592],[5.10434,43.85585],[5.10433,43.8558],[5.10437,43.85569],[5.10446,43.8555],[5.10449,43.85545]]},"properties":{"state":"old","osm_id":"1216629328","axis":"local"}},{"type":"Feature","geometry":{"type":"LineString","coordinates":[[5.10498,43.85519],[5.10477,43.85514],[5.10468,43.85512]]},"properties":{"action":"modify","state":"new","osm_type":"way","osm_id":"1216629329","highway":"service","axis":"local","version":"2","user":"Alexandre148025","timestamp":"2026-09-23T13:28:32Z","changeset":"189449915","changes":[{"k":"service","old":null,"new":"driveway"}]}},{"type":"Feature","geometry":{"type":"LineString","coordinates":[[5.1037,43.85501],[5.1037,43.85497],[5.10367,43.85495],[5.10357,43.85492],[5.10348,43.85489]]},"properties":{"action":"modify","state":"new","osm_type":"way","osm_id":"1216629362","highway":"service","axis":"local","version":"2","user":"Alexandre148025","timestamp":"2026-09-23T13:28:32Z","changeset":"189449915","changes":[{"k":"service","old":null,"new":"driveway"}]}},{"type":"Feature","geometry":{"type":"LineString","coordinates":[[4.91073,43.89073],[4.91059,43.89081],[4.91042,43.8909],[4.90981,43.89131],[4.90959,43.89144],[4.9094,43.89154],[4.90913,43.89166],[4.90886,43.89177],[4.90859,43.89186],[4.9084,43.89192],[4.90821,43.89197],[4.908,43.89202],[4.90779,43.89207],[4.90754,43.89211],[4.90725,43.89216],[4.90686,43.89221]]},"properties":{"action":"modify","state":"new","osm_type":"way","osm_id":"1217373545","highway":"primary","axis":"main","version":"8","user":"GuyonT","timestamp":"2026-09-23T13:11:27Z","changeset":"189449065","name":"Route de Marseille","ref":"D 907","surface":"asphalt","maxspeed":"90","changes":[{"k":"check_date","old":"2026-09-13","new":null},{"k":"construction","old":"primary","new":null},{"k":"highway","old":"construction","new":"primary"}]}},{"type":"Feature","geometry":{"type":"LineString","coordinates":[[4.90686,43.89221],[4.90647,43.89227],[4.90624,43.89231],[4.90594,43.89237]]},"properties":{"action":"modify","state":"new","osm_type":"way","osm_id":"1217373546","highway":"primary","axis":"main","version":"7","user":"GuyonT","timestamp":"2026-09-23T13:11:30Z","changeset":"189449065","name":"Route de Marseille","ref":"D 907","surface":"asphalt","maxspeed":"90","changes":[{"k":"check_date","old":"2026-09-13","new":null},{"k":"construction","old":"primary","new":null},{"k":"highway","old":"construction","new":"primary"}]}},{"type":"Feature","geometry":{"type":"LineString","coordinates":[[4.87203,43.9169],[4.87059,43.91752],[4.86979,43.91786],[4.869,43.9182],[4.86842,43.91844],[4.86799,43.91862],[4.86755,43.91878],[4.86728,43.91888]]},"properties":{"action":"modify","state":"new","osm_type":"way","osm_id":"1217483421","highway":"primary","axis":"main","version":"5","user":"GuyonT","timestamp":"2026-09-23T13:15:26Z","changeset":"189449135","name":"Route de Marseille","ref":"D 907","surface":"asphalt","maxspeed":"70","changes":[{"k":"cycleway:right","old":null,"new":"no"}]}},{"type":"Feature","geometry":{"type":"LineString","coordinates":[[5.39303,43.87923],[5.39293,43.87925],[5.39288,43.8792],[5.39263,43.8788],[5.39262,43.87873]]},"properties":{"action":"modify","state":"new","osm_type":"way","osm_id":"1222211103","highway":"service","axis":"local","version":"2","user":"Alexandre148025","timestamp":"2026-09-23T13:28:32Z","changeset":"189449915","changes":[{"k":"service","old":null,"new":"driveway"}]}},{"type":"Feature","geometry":{"type":"LineString","coordinates":[[5.39308,43.87923],[5.39293,43.87925],[5.39287,43.8792],[5.39262,43.87879],[5.39264,43.87871],[5.39278,43.87868],[5.39291,43.87866]]},"properties":{"state":"old","osm_id":"1222211103","axis":"local"}},{"type":"Feature","geometry":{"type":"LineString","coordinates":[[5.39338,43.87888],[5.3931,43.87884],[5.39306,43.87877],[5.39294,43.87874],[5.39291,43.87866]]},"properties":{"action":"modify","state":"new","osm_type":"way","osm_id":"1222211104","highway":"service","axis":"local","version":"2","user":"Alexandre148025","timestamp":"2026-09-23T13:28:32Z","changeset":"189449915","changes":[{"k":"service","old":null,"new":"driveway"}]}},{"type":"Feature","geometry":{"type":"LineString","coordinates":[[5.39784,43.87398],[5.39789,43.874],[5.39801,43.87402],[5.39805,43.87408],[5.39814,43.87417],[5.39818,43.8742],[5.39827,43.87429],[5.39839,43.87438],[5.39847,43.87443],[5.39851,43.87445],[5.3988,43.8746],[5.39901,43.87464],[5.39909,43.87463],[5.39917,43.87466],[5.39928,43.87469],[5.39938,43.87469],[5.39947,43.87467],[5.39952,43.87463],[5.39958,43.87459],[5.39961,43.87448],[5.39959,43.87442],[5.39951,43.87432],[5.39944,43.87434],[5.39934,43.87431],[5.39927,43.87424],[5.39922,43.87423],[5.39917,43.87421],[5.39913,43.87416],[5.39912,43.8741],[5.39922,43.874],[5.39937,43.87403],[5.39944,43.87409],[5.39948,43.87415],[5.39955,43.87426],[5.39954,43.87429],[5.39954,43.87431],[5.39951,43.87432]]},"properties":{"action":"modify","state":"new","osm_type":"way","osm_id":"1224896190","highway":"footway","axis":"path","version":"4","user":"Benoit84","timestamp":"2026-09-29T08:20:24Z","changeset":"189714728","surface":"compacted"}},{"type":"Feature","geometry":{"type":"LineString","coordinates":[[5.39784,43.87398],[5.39789,43.874],[5.39801,43.87402],[5.39805,43.87408],[5.39814,43.87417],[5.39818,43.8742],[5.39827,43.87429],[5.39839,43.87438],[5.39847,43.87443],[5.39851,43.87445],[5.3988,43.8746],[5.39901,43.87464],[5.39909,43.87463],[5.39917,43.87466],[5.39928,43.87469],[5.39938,43.87469],[5.39947,43.87467],[5.39952,43.87463],[5.39958,43.87459],[5.39961,43.87448],[5.39959,43.87442],[5.39951,43.87432],[5.39944,43.87434],[5.39934,43.87431],[5.39927,43.87424],[5.39922,43.87423],[5.39917,43.87421],[5.39913,43.87416],[5.39912,43.8741],[5.39922,43.874],[5.39937,43.87403],[5.39944,43.87409],[5.39948,43.87415],[5.39955,43.87426],[5.39954,43.87431],[5.39951,43.87432]]},"properties":{"state":"old","osm_id":"1224896190","axis":"path"}},{"type":"Feature","geometry":{"type":"LineString","coordinates":[[5.39915,43.91416],[5.39912,43.91418],[5.39909,43.91418],[5.39898,43.91417],[5.39873,43.91412],[5.39843,43.91408],[5.39801,43.91402],[5.3978,43.914],[5.39774,43.914],[5.39761,43.91401]]},"properties":{"action":"modify","state":"new","osm_type":"way","osm_id":"1227849399","highway":"unclassified","axis":"local","version":"10","user":"cOSMografix","timestamp":"2026-09-27T20:30:11Z","changeset":"189649259","name":"Chemin du Boy","surface":"asphalt","maxspeed":"80","changes":[{"k":"cycleway:both","old":null,"new":"no"}]}},{"type":"Feature","geometry":{"type":"LineString","coordinates":[[5.39525,43.92386],[5.39536,43.92383],[5.3956,43.92382],[5.39568,43.9238],[5.39574,43.92378],[5.39579,43.92376],[5.39586,43.92372],[5.39596,43.92363],[5.39605,43.92357],[5.39612,43.9235],[5.3962,43.92345],[5.39628,43.92343]]},"properties":{"action":"modify","state":"new","osm_type":"way","osm_id":"1230289751","highway":"track","axis":"path","version":"3","user":"cOSMografix","timestamp":"2026-09-27T21:10:33Z","changeset":"189650351","changes":[{"k":"lit","old":null,"new":"no"}]}},{"type":"Feature","geometry":{"type":"LineString","coordinates":[[5.3928,43.94433],[5.39284,43.94439],[5.39292,43.9445],[5.39297,43.94462],[5.39298,43.94468],[5.39295,43.94477],[5.39292,43.94483],[5.39291,43.94489],[5.39292,43.94495],[5.39294,43.945],[5.39297,43.94504],[5.39306,43.94507],[5.39335,43.94516],[5.39361,43.94525],[5.39383,43.94533],[5.39394,43.94536],[5.39404,43.94538],[5.39413,43.94537],[5.39426,43.94533],[5.39444,43.94528],[5.39464,43.94524],[5.39473,43.94523]]},"properties":{"action":"modify","state":"new","osm_type":"way","osm_id":"1230297108","highway":"service","axis":"local","version":"4","user":"cOSMografix","timestamp":"2026-09-27T21:10:52Z","changeset":"189650351","surface":"gravel","changes":[{"k":"lit","old":null,"new":"no"}]}},{"type":"Feature","geometry":{"type":"LineString","coordinates":[[5.39259,43.9457],[5.39259,43.94568],[5.39262,43.94566],[5.39269,43.94563],[5.39282,43.94559],[5.39298,43.94554],[5.39308,43.94551],[5.39319,43.94548],[5.39328,43.94547],[5.39332,43.94542],[5.39331,43.94537],[5.39326,43.94531],[5.39316,43.94527],[5.39306,43.94524],[5.39298,43.94521],[5.39299,43.94517],[5.39299,43.94514],[5.39299,43.94513],[5.39298,43.94506],[5.39297,43.94504]]},"properties":{"action":"modify","state":"new","osm_type":"way","osm_id":"1230297109","highway":"path","axis":"path","version":"4","user":"cOSMografix","timestamp":"2026-09-27T21:10:54Z","changeset":"189650351","changes":[{"k":"lit","old":null,"new":"no"}]}},{"type":"Feature","geometry":{"type":"LineString","coordinates":[[5.39259,43.9457],[5.39263,43.94573],[5.39269,43.94582],[5.39272,43.94587],[5.39271,43.94589],[5.39265,43.94591],[5.39261,43.94595],[5.39256,43.94603],[5.39249,43.94612],[5.39246,43.94622],[5.39245,43.94638],[5.39246,43.94647],[5.39247,43.94661]]},"properties":{"action":"modify","state":"new","osm_type":"way","osm_id":"1230297110","highway":"path","axis":"path","version":"3","user":"cOSMografix","timestamp":"2026-09-27T21:10:53Z","changeset":"189650351","changes":[{"k":"lit","old":null,"new":"no"}]}},{"type":"Feature","geometry":{"type":"LineString","coordinates":[[5.37712,43.91265],[5.37699,43.91255],[5.37674,43.91239],[5.37645,43.91222],[5.37624,43.9121],[5.37604,43.912],[5.37581,43.91193],[5.37556,43.91187],[5.37524,43.9118],[5.37489,43.91169],[5.37465,43.9116],[5.3744,43.91149],[5.37419,43.91138],[5.37404,43.91129],[5.37399,43.91125]]},"properties":{"action":"modify","state":"new","osm_type":"way","osm_id":"1230349684","highway":"tertiary","axis":"secondary","version":"4","user":"cOSMografix","timestamp":"2026-09-27T21:10:16Z","changeset":"189650351","name":"Route de Gargas","ref":"D 83","surface":"asphalt","changes":[{"k":"lit","old":null,"new":"no"}]}},{"type":"Feature","geometry":{"type":"LineString","coordinates":[[4.88158,44.01961],[4.88154,44.01969],[4.88145,44.01978],[4.88137,44.0199],[4.88087,44.02006],[4.88071,44.02002],[4.88066,44.01994],[4.88074,44.0198],[4.88107,44.01969],[4.88131,44.01963],[4.88126,44.01954]]},"properties":{"action":"modify","state":"new","osm_type":"way","osm_id":"1230814287","highway":"service","axis":"local","version":"1","user":"JLZIMMERMANN","timestamp":"2026-09-23T07:34:28Z","changeset":"189434261","moved_metres":6.1,"moved_only":true,"via_node":true}},{"type":"Feature","geometry":{"type":"LineString","coordinates":[[4.88158,44.01961],[4.88154,44.01969],[4.88145,44.01978],[4.88137,44.0199],[4.88087,44.02006],[4.88071,44.02002],[4.88066,44.01994],[4.88074,44.0198],[4.88107,44.01969],[4.88131,44.01963],[4.88132,44.01957]]},"properties":{"state":"old","osm_id":"1230814287","axis":"local"}},{"type":"Feature","geometry":{"type":"LineString","coordinates":[[5.1342,43.86083],[5.13431,43.8608]]},"properties":{"action":"modify","state":"new","osm_type":"way","osm_id":"1231332719","highway":"tertiary","axis":"secondary","version":"6","user":"cOSMografix","timestamp":"2026-09-26T09:25:01Z","changeset":"189578274","ref":"D 178","surface":"asphalt","changes":[{"k":"cycleway:right","old":null,"new":"no"}]}},{"type":"Feature","geometry":{"type":"LineString","coordinates":[[5.13121,43.85557],[5.13114,43.85561]]},"properties":{"action":"modify","state":"new","osm_type":"way","osm_id":"1236762438","highway":"secondary_link","axis":"secondary","version":"7","user":"cOSMografix","timestamp":"2026-09-26T09:25:01Z","changeset":"189578274","surface":"asphalt","changes":[{"k":"cycleway:both","old":null,"new":"no"}]}},{"type":"Feature","geometry":{"type":"LineString","coordinates":[[5.09677,43.91917],[5.09672,43.91918],[5.0966,43.9192],[5.09645,43.91921],[5.0963,43.91922],[5.09612,43.91922],[5.09595,43.91921],[5.09571,43.91918],[5.09558,43.91916]]},"properties":{"action":"modify","state":"new","osm_type":"way","osm_id":"1238265855","highway":"tertiary","axis":"secondary","version":"4","user":"JLZIMMERMANN","timestamp":"2026-09-25T12:14:55Z","changeset":"189541592","name":"Route de Fontaine de Vaucluse","ref":"D 25","surface":"asphalt","changes":[{"k":"operator","old":null,"new":"CD84"}]}},{"type":"Feature","geometry":{"type":"LineString","coordinates":[[5.09558,43.91916],[5.09545,43.91914],[5.09512,43.91907]]},"properties":{"action":"modify","state":"new","osm_type":"way","osm_id":"1238265856","highway":"tertiary","axis":"secondary","version":"2","user":"JLZIMMERMANN","timestamp":"2026-09-25T12:14:55Z","changeset":"189541592","name":"Route de Fontaine de Vaucluse","ref":"D 25","surface":"asphalt","changes":[{"k":"operator","old":null,"new":"CD84"}]}},{"type":"Feature","geometry":{"type":"LineString","coordinates":[[5.16249,43.86457],[5.1626,43.86454],[5.16466,43.86415]]},"properties":{"action":"modify","state":"new","osm_type":"way","osm_id":"1239594182","highway":"path","axis":"path","version":"3","user":"Alexandre148025","timestamp":"2026-09-23T13:28:32Z","changeset":"189449915","surface":"asphalt","changes":[{"k":"railway","old":"razed","new":"abandoned"}]}},{"type":"Feature","geometry":{"type":"LineString","coordinates":[[5.16248,43.86457],[5.1626,43.86454],[5.16466,43.86415]]},"properties":{"state":"old","osm_id":"1239594182","axis":"path"}},{"type":"Feature","geometry":{"type":"LineString","coordinates":[[5.1624,43.86458],[5.16249,43.86457]]},"properties":{"action":"modify","state":"new","osm_type":"way","osm_id":"1239594183","highway":"path","axis":"path","version":"3","user":"Alexandre148025","timestamp":"2026-09-23T13:28:32Z","changeset":"189449915","surface":"asphalt","changes":[{"k":"railway","old":"razed","new":"abandoned"}]}},{"type":"Feature","geometry":{"type":"LineString","coordinates":[[5.1624,43.86458],[5.16248,43.86457]]},"properties":{"state":"old","osm_id":"1239594183","axis":"path"}},{"type":"Feature","geometry":{"type":"LineString","coordinates":[[5.14222,43.86735],[5.14353,43.86729],[5.14399,43.86726],[5.14413,43.86725]]},"properties":{"action":"modify","state":"new","osm_type":"way","osm_id":"1239594187","highway":"path","axis":"path","version":"3","user":"Alexandre148025","timestamp":"2026-09-23T13:28:32Z","changeset":"189449915","surface":"asphalt","changes":[{"k":"railway","old":"razed","new":"abandoned"}]}},{"type":"Feature","geometry":{"type":"LineString","coordinates":[[5.15032,43.86683],[5.1507,43.86679],[5.15146,43.86667],[5.15287,43.86643],[5.15361,43.86629],[5.15704,43.86563],[5.1624,43.86458]]},"properties":{"action":"modify","state":"new","osm_type":"way","osm_id":"1239594188","highway":"path","axis":"path","version":"3","user":"Alexandre148025","timestamp":"2026-09-23T13:28:32Z","changeset":"189449915","surface":"asphalt","changes":[{"k":"railway","old":"razed","new":"abandoned"}]}},{"type":"Feature","geometry":{"type":"LineString","coordinates":[[5.05622,43.83058],[5.05631,43.83062],[5.05675,43.83082],[5.05733,43.8311],[5.05773,43.83129],[5.05966,43.83221],[5.06107,43.83289],[5.06112,43.83293],[5.06133,43.83303],[5.06153,43.83312]]},"properties":{"action":"modify","state":"new","osm_type":"way","osm_id":"1239594195","highway":"cycleway","axis":"path","version":"6","user":"Alexandre148025","timestamp":"2026-09-23T13:28:32Z","changeset":"189449915","surface":"asphalt","changes":[{"k":"railway","old":"razed","new":"abandoned"}]}},{"type":"Feature","geometry":{"type":"LineString","coordinates":[[5.0554,43.83035],[5.0556,43.83037],[5.05581,43.83042],[5.05611,43.83055],[5.05622,43.83058],[5.05631,43.83062],[5.05675,43.83082],[5.05733,43.8311],[5.05773,43.83129],[5.05966,43.83221],[5.06107,43.83289],[5.06112,43.83293],[5.06133,43.83303],[5.06153,43.83312]]},"properties":{"state":"old","osm_id":"1239594195","axis":"path"}},{"type":"Feature","geometry":{"type":"LineString","coordinates":[[5.39184,43.93611],[5.39178,43.9361],[5.39175,43.93606],[5.39125,43.93533],[5.39122,43.9353],[5.39075,43.93469],[5.39052,43.93431],[5.39041,43.9341],[5.39038,43.93403],[5.39037,43.93398],[5.39035,43.93386],[5.39034,43.93373]]},"properties":{"action":"modify","state":"new","osm_type":"way","osm_id":"1240855602","highway":"unclassified","axis":"local","version":"6","user":"cOSMografix","timestamp":"2026-09-27T21:10:44Z","changeset":"189650351","name":"Chemin des Garbis","changes":[{"k":"lit","old":null,"new":"no"}]}},{"type":"Feature","geometry":{"type":"LineString","coordinates":[[5.38826,43.93884],[5.38826,43.93881],[5.38826,43.93879],[5.38827,43.93874],[5.38828,43.93873],[5.38837,43.93859],[5.38863,43.93818],[5.38876,43.93796],[5.38903,43.9375],[5.38922,43.93728],[5.38932,43.93715],[5.38948,43.93706],[5.38965,43.93699],[5.38999,43.9369],[5.39039,43.93675],[5.39088,43.93653],[5.39115,43.93641],[5.39151,43.93627],[5.39184,43.93611]]},"properties":{"action":"modify","state":"new","osm_type":"way","osm_id":"1240855603","highway":"unclassified","axis":"local","version":"8","user":"cOSMografix","timestamp":"2026-09-27T21:10:43Z","changeset":"189650351","name":"Chemin de Saint-Maurin","changes":[{"k":"lit","old":null,"new":"no"}]}},{"type":"Feature","geometry":{"type":"LineString","coordinates":[[5.37226,43.90948],[5.37201,43.90902],[5.37175,43.90864],[5.3717,43.90856],[5.37077,43.90761],[5.37035,43.90718],[5.37021,43.90704],[5.37001,43.90686],[5.36977,43.90664]]},"properties":{"action":"modify","state":"new","osm_type":"way","osm_id":"1241306821","highway":"tertiary","axis":"secondary","version":"3","user":"cOSMografix","timestamp":"2026-09-27T21:10:17Z","changeset":"189650351","name":"Route de Saint-Saturnin-l\u00e8s-Apt","ref":"D 83","surface":"asphalt","changes":[{"k":"lit","old":null,"new":"no"}]}},{"type":"Feature","geometry":{"type":"LineString","coordinates":[[5.37689,43.91429],[5.37664,43.9143],[5.37651,43.9143],[5.37577,43.91432],[5.37569,43.91498],[5.37562,43.91503],[5.3747,43.91507],[5.37467,43.91509],[5.37462,43.91518],[5.37454,43.91531],[5.37451,43.91538],[5.37447,43.9154],[5.37443,43.91539]]},"properties":{"action":"modify","state":"new","osm_type":"way","osm_id":"1241905060","highway":"track","axis":"path","version":"4","user":"cOSMografix","timestamp":"2026-09-27T21:10:15Z","changeset":"189650351","changes":[{"k":"lit","old":null,"new":"no"}]}},{"type":"Feature","geometry":{"type":"LineString","coordinates":[[5.37873,43.91469],[5.37881,43.91463],[5.37905,43.9145],[5.37934,43.91434],[5.37969,43.91412],[5.37985,43.91406],[5.38018,43.91425]]},"properties":{"action":"modify","state":"new","osm_type":"way","osm_id":"1241907064","highway":"track","axis":"path","version":"2","user":"cOSMografix","timestamp":"2026-09-27T21:10:13Z","changeset":"189650351","changes":[{"k":"lit","old":null,"new":"no"}]}},{"type":"Feature","geometry":{"type":"LineString","coordinates":[[5.37658,43.9108],[5.37654,43.91074],[5.37633,43.9106],[5.37471,43.90972],[5.3747,43.90969],[5.37472,43.90963],[5.37486,43.90949],[5.37489,43.90943],[5.37485,43.90931],[5.37486,43.90927],[5.37499,43.90906],[5.37513,43.90879],[5.37528,43.90863]]},"properties":{"action":"modify","state":"new","osm_type":"way","osm_id":"1241907067","highway":"track","axis":"path","version":"2","user":"cOSMografix","timestamp":"2026-09-27T21:10:17Z","changeset":"189650351","changes":[{"k":"lit","old":null,"new":"no"}]}},{"type":"Feature","geometry":{"type":"LineString","coordinates":[[5.37404,43.91129],[5.37411,43.91125],[5.37421,43.91114],[5.37428,43.91099],[5.37449,43.91053],[5.37459,43.91028],[5.37468,43.90991],[5.37471,43.90972]]},"properties":{"action":"modify","state":"new","osm_type":"way","osm_id":"1241907068","highway":"track","axis":"path","version":"2","user":"cOSMografix","timestamp":"2026-09-27T21:10:18Z","changeset":"189650351","changes":[{"k":"lit","old":null,"new":"no"}]}},{"type":"Feature","geometry":{"type":"LineString","coordinates":[[5.32621,43.87877],[5.32627,43.87869],[5.3264,43.87857],[5.32691,43.8781],[5.32775,43.8773],[5.32829,43.87671],[5.32856,43.87642],[5.32873,43.87625],[5.32891,43.87609],[5.32947,43.87561],[5.32986,43.87527],[5.3299,43.87523]]},"properties":{"action":"modify","state":"new","osm_type":"way","osm_id":"1243551040","highway":"unclassified","axis":"local","version":"6","user":"cOSMografix","timestamp":"2026-09-26T09:25:52Z","changeset":"189578268","name":"Chemin de Sainte-Marthe","surface":"asphalt","maxspeed":"50","changes":[{"k":"sidewalk:both","old":null,"new":"no"}]}},{"type":"Feature","geometry":{"type":"LineString","coordinates":[[5.12743,43.92198],[5.12743,43.92196],[5.12744,43.92195],[5.12745,43.92193]]},"properties":{"action":"modify","state":"new","osm_type":"way","osm_id":"1244188805","highway":"living_street","axis":"local","version":"4","user":"JLZIMMERMANN","timestamp":"2026-09-25T12:14:55Z","changeset":"189541592","name":"Place de la Colonne","ref":"D 25","surface":"asphalt","changes":[{"k":"operator","old":null,"new":"CD84"},{"k":"ref","old":null,"new":"D 25"}]}},{"type":"Feature","geometry":{"type":"LineString","coordinates":[[5.05191,43.79498],[5.05193,43.79502],[5.05194,43.79509],[5.05192,43.79515],[5.05183,43.79528],[5.0518,43.79538],[5.0518,43.79548],[5.05184,43.79558],[5.05187,43.79562],[5.05205,43.79576],[5.05221,43.79587]]},"properties":{"action":"modify","state":"new","osm_type":"way","osm_id":"1247787324","highway":"service","axis":"local","version":"3","user":"cOSMografix","timestamp":"2026-09-28T11:23:44Z","changeset":"189673891","changes":[{"k":"lit","old":null,"new":"no"}]}},{"type":"Feature","geometry":{"type":"LineString","coordinates":[[5.03009,44.01583],[5.02994,44.01586],[5.02986,44.01587],[5.02979,44.01587],[5.02776,44.01584],[5.02772,44.0158],[5.02734,44.01565],[5.02675,44.01548],[5.02647,44.01545]]},"properties":{"action":"modify","state":"new","osm_type":"way","osm_id":"1255201916","highway":"service","axis":"local","version":"2","user":"JLZIMMERMANN","timestamp":"2026-09-23T07:01:23Z","changeset":"189433180"}},{"type":"Feature","geometry":{"type":"LineString","coordinates":[[5.03009,44.01583],[5.02986,44.01587],[5.02979,44.01587],[5.02776,44.01584],[5.02772,44.0158],[5.02734,44.01565],[5.02675,44.01548],[5.02647,44.01545]]},"properties":{"state":"old","osm_id":"1255201916","axis":"local"}},{"type":"Feature","geometry":{"type":"LineString","coordinates":[[4.99515,43.97419],[4.99521,43.97415],[4.99529,43.9741],[4.99537,43.97411],[4.99552,43.97402]]},"properties":{"action":"modify","state":"new","osm_type":"way","osm_id":"1261442015","highway":"service","axis":"local","version":"1","user":"JLZIMMERMANN","timestamp":"2026-09-23T16:14:30Z","changeset":"189457977","moved_metres":2.5,"moved_only":true,"via_node":true}},{"type":"Feature","geometry":{"type":"LineString","coordinates":[[4.99517,43.97421],[4.99521,43.97415],[4.99529,43.9741],[4.99537,43.97411],[4.99552,43.97402]]},"properties":{"state":"old","osm_id":"1261442015","axis":"local"}},{"type":"Feature","geometry":{"type":"LineString","coordinates":[[5.10425,43.85388],[5.10444,43.85389],[5.10581,43.85452]]},"properties":{"action":"modify","state":"new","osm_type":"way","osm_id":"1268725216","highway":"path","axis":"path","version":"2","user":"Alexandre148025","timestamp":"2026-09-23T13:28:32Z","changeset":"189449915"}},{"type":"Feature","geometry":{"type":"LineString","coordinates":[[5.1035,43.85353],[5.10581,43.85452]]},"properties":{"state":"old","osm_id":"1268725216","axis":"path"}},{"type":"Feature","geometry":{"type":"LineString","coordinates":[[5.41305,44.09401],[5.4131,44.09399],[5.41323,44.09393],[5.4139,44.09368],[5.41404,44.09361],[5.41409,44.09356],[5.41412,44.09343],[5.41416,44.09335]]},"properties":{"action":"modify","state":"new","osm_type":"way","osm_id":"1273281560","highway":"service","axis":"local","version":"2","user":"JLZIMMERMANN","timestamp":"2026-09-25T10:41:44Z","changeset":"189537550"}},{"type":"Feature","geometry":{"type":"LineString","coordinates":[[5.41305,44.09401],[5.41323,44.09393],[5.4139,44.09368],[5.41404,44.09361],[5.41409,44.09356],[5.41412,44.09343],[5.41416,44.09335]]},"properties":{"state":"old","osm_id":"1273281560","axis":"local"}},{"type":"Feature","geometry":{"type":"LineString","coordinates":[[4.88453,43.95311],[4.88449,43.9531]]},"properties":{"action":"modify","state":"new","osm_type":"way","osm_id":"1279836873","highway":"secondary","axis":"secondary","version":"3","user":"JLZIMMERMANN","timestamp":"2026-09-23T14:11:43Z","changeset":"189452082","ref":"D 28","surface":"asphalt","changes":[{"k":"operator","old":null,"new":"CD84"},{"k":"ref","old":null,"new":"D 28"}]}},{"type":"Feature","geometry":{"type":"LineString","coordinates":[[4.88479,43.95306],[4.88475,43.95308],[4.88471,43.9531]]},"properties":{"action":"modify","state":"new","osm_type":"way","osm_id":"1279836874","highway":"secondary","axis":"secondary","version":"3","user":"JLZIMMERMANN","timestamp":"2026-09-23T14:11:43Z","changeset":"189452082","ref":"D 28","surface":"asphalt","changes":[{"k":"operator","old":null,"new":"CD84"},{"k":"ref","old":null,"new":"D 28"}]}},{"type":"Feature","geometry":{"type":"LineString","coordinates":[[4.93431,43.95777],[4.93432,43.95779],[4.93433,43.9578]]},"properties":{"action":"modify","state":"new","osm_type":"way","osm_id":"1279858882","highway":"secondary","axis":"secondary","version":"5","user":"JLZIMMERMANN","timestamp":"2026-09-23T14:11:43Z","changeset":"189452082","surface":"asphalt","changes":[{"k":"was:ref","old":null,"new":"D 28"}]}},{"type":"Feature","geometry":{"type":"LineString","coordinates":[[4.98043,43.96846],[4.9804,43.9684],[4.98039,43.96833]]},"properties":{"action":"modify","state":"new","osm_type":"way","osm_id":"1279858889","highway":"secondary","axis":"secondary","version":"4","user":"JLZIMMERMANN","timestamp":"2026-09-23T14:11:43Z","changeset":"189452082","ref":"D 28","surface":"asphalt","maxspeed":"80","changes":[{"k":"ref","old":null,"new":"D 28"}]}},{"type":"Feature","geometry":{"type":"LineString","coordinates":[[4.98066,43.9686],[4.98059,43.96858],[4.98053,43.96855],[4.98047,43.96851],[4.98043,43.96846]]},"properties":{"action":"modify","state":"new","osm_type":"way","osm_id":"1279858890","highway":"secondary","axis":"secondary","version":"4","user":"JLZIMMERMANN","timestamp":"2026-09-23T14:11:43Z","changeset":"189452082","ref":"D 28","surface":"asphalt","maxspeed":"80","changes":[{"k":"ref","old":null,"new":"D 28"}]}},{"type":"Feature","geometry":{"type":"LineString","coordinates":[[4.98039,43.96833],[4.9804,43.96827],[4.98044,43.9682],[4.98049,43.96814]]},"properties":{"action":"modify","state":"new","osm_type":"way","osm_id":"1279858891","highway":"secondary","axis":"secondary","version":"4","user":"JLZIMMERMANN","timestamp":"2026-09-23T14:11:43Z","changeset":"189452082","ref":"D 28","surface":"asphalt","maxspeed":"80","changes":[{"k":"ref","old":null,"new":"D 28"}]}},{"type":"Feature","geometry":{"type":"LineString","coordinates":[[4.98103,43.96813],[4.9811,43.96819],[4.98114,43.96825]]},"properties":{"action":"modify","state":"new","osm_type":"way","osm_id":"1279858892","highway":"secondary","axis":"secondary","version":"4","user":"JLZIMMERMANN","timestamp":"2026-09-23T14:11:43Z","changeset":"189452082","ref":"D 28","surface":"asphalt","maxspeed":"80","changes":[{"k":"ref","old":null,"new":"D 28"}]}},{"type":"Feature","geometry":{"type":"LineString","coordinates":[[4.98049,43.96814],[4.98056,43.9681],[4.98064,43.96807],[4.98073,43.96806],[4.98085,43.96806],[4.98096,43.96809],[4.98103,43.96813]]},"properties":{"action":"modify","state":"new","osm_type":"way","osm_id":"1279858893","highway":"secondary","axis":"secondary","version":"4","user":"JLZIMMERMANN","timestamp":"2026-09-23T14:11:43Z","changeset":"189452082","ref":"D 28","surface":"asphalt","maxspeed":"80","changes":[{"k":"ref","old":null,"new":"D 28"}]}},{"type":"Feature","geometry":{"type":"LineString","coordinates":[[5.07459,43.84359],[5.07475,43.84362],[5.0748,43.84358],[5.07486,43.8435],[5.07496,43.84345],[5.07512,43.84346],[5.07518,43.84343],[5.07522,43.84339]]},"properties":{"action":"modify","state":"new","osm_type":"way","osm_id":"1285516904","highway":"service","axis":"local","version":"2","user":"Alexandre148025","timestamp":"2026-09-23T13:28:32Z","changeset":"189449915","changes":[{"k":"service","old":null,"new":"driveway"}]}},{"type":"Feature","geometry":{"type":"LineString","coordinates":[[5.0757,43.84188],[5.07557,43.84186],[5.07508,43.84173],[5.07497,43.84169],[5.07489,43.84163],[5.07482,43.84156],[5.07481,43.84149],[5.07497,43.84095]]},"properties":{"action":"modify","state":"new","osm_type":"way","osm_id":"1285516905","highway":"service","axis":"local","version":"4","user":"Alexandre148025","timestamp":"2026-09-23T13:28:32Z","changeset":"189449915","surface":"compacted","moved_metres":1.6,"moved_only":true,"via_node":true}},{"type":"Feature","geometry":{"type":"LineString","coordinates":[[5.07568,43.84188],[5.07557,43.84186],[5.07508,43.84173],[5.07497,43.84169],[5.07489,43.84163],[5.07482,43.84156],[5.07481,43.84149],[5.07497,43.84095]]},"properties":{"state":"old","osm_id":"1285516905","axis":"local"}},{"type":"Feature","geometry":{"type":"LineString","coordinates":[[5.34345,43.88027],[5.34341,43.88016],[5.34356,43.87987]]},"properties":{"action":"modify","state":"new","osm_type":"way","osm_id":"1290288497","highway":"service","axis":"local","version":"2","user":"cOSMografix","timestamp":"2026-09-27T20:30:20Z","changeset":"189649263","changes":[{"k":"lit","old":null,"new":"no"}]}},{"type":"Feature","geometry":{"type":"LineString","coordinates":[[5.04342,44.00393],[5.04352,44.00396],[5.04472,44.00417],[5.04478,44.0042],[5.04478,44.00426],[5.04453,44.00498],[5.04485,44.00526]]},"properties":{"action":"modify","state":"new","osm_type":"way","osm_id":"1300186151","highway":"track","axis":"path","version":"1","user":"Mas La Gentille","timestamp":"2026-09-25T18:43:24Z","changeset":"189558578","moved_metres":36.9,"moved_only":true,"via_node":true}},{"type":"Feature","geometry":{"type":"LineString","coordinates":[[5.04342,44.00393],[5.04352,44.00396],[5.04472,44.00417],[5.04478,44.0042],[5.04478,44.00426],[5.04453,44.00498],[5.0445,44.00504]]},"properties":{"state":"old","osm_id":"1300186151","axis":"path"}},{"type":"Feature","geometry":{"type":"LineString","coordinates":[[4.96364,43.89549],[4.96379,43.89525],[4.96388,43.89513],[4.96407,43.8948],[4.96413,43.8947]]},"properties":{"action":"modify","state":"new","osm_type":"way","osm_id":"1301355711","highway":"service","axis":"local","version":"1","user":"JLZIMMERMANN","timestamp":"2026-09-25T12:14:55Z","changeset":"189541592","moved_metres":1.4,"moved_only":true,"via_node":true}},{"type":"Feature","geometry":{"type":"LineString","coordinates":[[4.96364,43.89549],[4.96379,43.89525],[4.96388,43.89513],[4.96407,43.8948],[4.96413,43.89469]]},"properties":{"state":"old","osm_id":"1301355711","axis":"local"}},{"type":"Feature","geometry":{"type":"LineString","coordinates":[[4.99741,44.03643],[4.99715,44.03645],[4.99704,44.03646],[4.99688,44.03647],[4.99655,44.03649]]},"properties":{"action":"modify","state":"new","osm_type":"way","osm_id":"1301604822","highway":"secondary","axis":"secondary","version":"3","user":"enzo_immergis","timestamp":"2026-09-28T16:22:07Z","changeset":"189687837","name":"Boulevard de Verdun","changes":[{"k":"cycleway","old":"lane","new":null},{"k":"cycleway:both","old":null,"new":"shared_lane"},{"k":"cycleway:both:lane","old":null,"new":"pictogram"}]}},{"type":"Feature","geometry":{"type":"LineString","coordinates":[[4.74124,44.26635],[4.7411,44.26641],[4.74096,44.2665],[4.74081,44.26661],[4.74078,44.26677]]},"properties":{"action":"modify","state":"new","osm_type":"way","osm_id":"1305211366","highway":"service","axis":"local","version":"1","user":"JLZIMMERMANN","timestamp":"2026-09-24T14:06:23Z","changeset":"189500604","moved_metres":2.8,"moved_only":true,"via_node":true}},{"type":"Feature","geometry":{"type":"LineString","coordinates":[[4.74124,44.26635],[4.74112,44.26642],[4.74094,44.26652],[4.74081,44.26661],[4.74078,44.26677]]},"properties":{"state":"old","osm_id":"1305211366","axis":"local"}},{"type":"Feature","geometry":{"type":"LineString","coordinates":[[5.15062,43.86758],[5.15206,43.86727]]},"properties":{"action":"modify","state":"new","osm_type":"way","osm_id":"1319862045","highway":"primary","axis":"main","version":"2","user":"cOSMografix","timestamp":"2026-09-26T09:25:15Z","changeset":"189578268","name":"Route d'Apt","ref":"D 900","surface":"asphalt","maxspeed":"50","changes":[{"k":"sidewalk:both","old":null,"new":"no"}]}},{"type":"Feature","geometry":{"type":"LineString","coordinates":[[5.39991,43.94407],[5.40002,43.94405],[5.4007,43.94388],[5.40106,43.94379],[5.40126,43.94371],[5.40136,43.94367],[5.4014,43.94352]]},"properties":{"action":"modify","state":"new","osm_type":"way","osm_id":"1329312949","highway":"service","axis":"local","version":"2","user":"cOSMografix","timestamp":"2026-09-27T21:10:57Z","changeset":"189650351","changes":[{"k":"lit","old":null,"new":"no"}]}},{"type":"Feature","geometry":{"type":"LineString","coordinates":[[5.40017,43.94493],[5.40037,43.94488],[5.40058,43.94481],[5.40079,43.94474],[5.40099,43.94465],[5.40115,43.94454],[5.40131,43.94444],[5.40142,43.94436],[5.40147,43.94434]]},"properties":{"action":"modify","state":"new","osm_type":"way","osm_id":"1329312952","highway":"path","axis":"path","version":"3","user":"cOSMografix","timestamp":"2026-09-27T21:10:58Z","changeset":"189650351","changes":[{"k":"lit","old":null,"new":"no"}]}},{"type":"Feature","geometry":{"type":"LineString","coordinates":[[5.14429,44.00257],[5.14443,44.00205]]},"properties":{"action":"modify","state":"new","osm_type":"way","osm_id":"1339064002","highway":"secondary","axis":"secondary","version":"3","user":"JLZIMMERMANN","timestamp":"2026-09-29T12:08:29Z","changeset":"189724431","name":"Route de Carpentras","ref":"D 4","surface":"asphalt","maxspeed":"30"}},{"type":"Feature","geometry":{"type":"LineString","coordinates":[[5.14416,44.00309],[5.14428,44.00263],[5.14443,44.00205]]},"properties":{"state":"old","osm_id":"1339064002","axis":"secondary"}},{"type":"Feature","geometry":{"type":"LineString","coordinates":[[5.04445,44.00511],[5.04453,44.00512],[5.0446,44.00513],[5.04484,44.0052],[5.04485,44.00523],[5.04485,44.00526],[5.04476,44.00539]]},"properties":{"action":"modify","state":"new","osm_type":"way","osm_id":"1341498296","highway":"service","axis":"local","version":"2","user":"Mas La Gentille","timestamp":"2026-09-25T18:43:24Z","changeset":"189558578"}},{"type":"Feature","geometry":{"type":"LineString","coordinates":[[5.38752,43.91455],[5.38739,43.91453],[5.38717,43.9145],[5.38696,43.91448],[5.3868,43.91447],[5.38676,43.91448],[5.38673,43.91451],[5.38666,43.91459],[5.38653,43.91474],[5.3865,43.91478],[5.38646,43.91482],[5.38641,43.91481],[5.38518,43.91454],[5.38477,43.91443],[5.38463,43.9144]]},"properties":{"action":"modify","state":"new","osm_type":"way","osm_id":"1347586543","highway":"track","axis":"path","version":"3","user":"cOSMografix","timestamp":"2026-09-27T21:10:21Z","changeset":"189650351","changes":[{"k":"lit","old":null,"new":"no"}]}},{"type":"Feature","geometry":{"type":"LineString","coordinates":[[4.89076,44.03904],[4.89062,44.03906],[4.89049,44.03907],[4.89043,44.03907]]},"properties":{"action":"modify","state":"new","osm_type":"way","osm_id":"1347597644","highway":"tertiary","axis":"secondary","version":"3","user":"JLZIMMERMANN","timestamp":"2026-09-29T20:55:50Z","changeset":"189747460","name":"Petite Route de Sorgues","surface":"asphalt","maxspeed":"30","changes":[{"k":"ref","old":"D 183","new":null},{"k":"was:ref","old":null,"new":"D 183"}]}},{"type":"Feature","geometry":{"type":"LineString","coordinates":[[5.40571,43.94544],[5.40565,43.94544],[5.40559,43.94543],[5.40556,43.94541],[5.40551,43.94536],[5.40547,43.94528],[5.40543,43.94522],[5.40536,43.94516],[5.4053,43.94514],[5.40524,43.94514],[5.40514,43.94517],[5.40505,43.94519],[5.40496,43.94522],[5.40492,43.94527],[5.40492,43.94531],[5.40493,43.94536],[5.40494,43.9454],[5.40496,43.94547],[5.40498,43.9455],[5.40498,43.94554],[5.40493,43.94559]]},"properties":{"action":"modify","state":"new","osm_type":"way","osm_id":"1349554528","highway":"track","axis":"path","version":"2","user":"cOSMografix","timestamp":"2026-09-27T21:11:01Z","changeset":"189650351","changes":[{"k":"lit","old":null,"new":"no"}]}},{"type":"Feature","geometry":{"type":"LineString","coordinates":[[5.40582,43.94553],[5.40585,43.94548],[5.40592,43.9454],[5.40602,43.94536],[5.40613,43.94533],[5.40627,43.94529],[5.40644,43.9452],[5.40654,43.94509],[5.40657,43.94503],[5.40663,43.94494],[5.4067,43.94488],[5.40677,43.94483],[5.40679,43.9448]]},"properties":{"action":"modify","state":"new","osm_type":"way","osm_id":"1349554529","highway":"track","axis":"path","version":"2","user":"cOSMografix","timestamp":"2026-09-27T21:11:02Z","changeset":"189650351","changes":[{"k":"lit","old":null,"new":"no"}]}},{"type":"Feature","geometry":{"type":"LineString","coordinates":[[5.40522,43.94442],[5.4052,43.9445],[5.40519,43.94454],[5.40516,43.94457],[5.40511,43.9446],[5.40503,43.94463],[5.4049,43.94467],[5.40467,43.94473],[5.4046,43.94475],[5.40454,43.94473],[5.40448,43.94466],[5.40439,43.94453],[5.40431,43.94441],[5.40423,43.94437],[5.40415,43.94436],[5.40409,43.94437],[5.40403,43.9444],[5.404,43.94444],[5.40399,43.94451]]},"properties":{"action":"modify","state":"new","osm_type":"way","osm_id":"1349554538","highway":"service","axis":"local","version":"3","user":"cOSMografix","timestamp":"2026-09-27T21:11:00Z","changeset":"189650351","changes":[{"k":"lit","old":null,"new":"no"}]}},{"type":"Feature","geometry":{"type":"LineString","coordinates":[[5.40424,43.94268],[5.40423,43.94273],[5.40423,43.94278],[5.40422,43.94284],[5.40429,43.94295],[5.40435,43.94306],[5.40441,43.94318],[5.40446,43.94328],[5.40445,43.94333],[5.4044,43.94336],[5.40423,43.94343],[5.40403,43.9435],[5.40385,43.94354],[5.4038,43.94354],[5.40377,43.94352],[5.40375,43.94347],[5.4037,43.94333],[5.40367,43.94325],[5.40365,43.94322],[5.40366,43.94319],[5.4037,43.94313],[5.40377,43.94304],[5.40384,43.94294],[5.4039,43.94289],[5.40402,43.94286],[5.40413,43.94281],[5.40417,43.9428],[5.40419,43.94281],[5.40422,43.94284]]},"properties":{"action":"modify","state":"new","osm_type":"way","osm_id":"1349554539","highway":"track","axis":"path","version":"3","user":"cOSMografix","timestamp":"2026-09-27T21:11:00Z","changeset":"189650351","changes":[{"k":"lit","old":null,"new":"no"}]}},{"type":"Feature","geometry":{"type":"LineString","coordinates":[[5.40394,43.94203],[5.40396,43.94213],[5.40397,43.94219],[5.40397,43.94223],[5.40395,43.94225],[5.40385,43.94229],[5.40358,43.94241],[5.40343,43.94246],[5.40332,43.94248],[5.4032,43.94245],[5.40312,43.94236],[5.40301,43.94221],[5.40269,43.94181]]},"properties":{"action":"modify","state":"new","osm_type":"way","osm_id":"1349554541","highway":"service","axis":"local","version":"2","user":"cOSMografix","timestamp":"2026-09-27T21:10:59Z","changeset":"189650351","changes":[{"k":"lit","old":null,"new":"no"}]}},{"type":"Feature","geometry":{"type":"LineString","coordinates":[[5.40353,43.9411],[5.4034,43.94116],[5.40333,43.94119],[5.40324,43.94124],[5.40315,43.94129],[5.40307,43.94135],[5.40298,43.94141],[5.40293,43.94144],[5.40286,43.94144],[5.40279,43.94142],[5.40275,43.94138]]},"properties":{"action":"modify","state":"new","osm_type":"way","osm_id":"1349554543","highway":"track","axis":"path","version":"2","user":"cOSMografix","timestamp":"2026-09-27T21:10:59Z","changeset":"189650351","changes":[{"k":"lit","old":null,"new":"no"}]}},{"type":"Feature","geometry":{"type":"LineString","coordinates":[[5.48794,43.91936],[5.4879,43.91948],[5.48785,43.91969]]},"properties":{"action":"modify","state":"new","osm_type":"way","osm_id":"1350026631","highway":"tertiary","axis":"secondary","version":"3","user":"JLZIMMERMANN","timestamp":"2026-09-23T21:17:58Z","changeset":"189469677","name":"Route des Ocres","ref":"D 112","surface":"asphalt","changes":[{"k":"operator","old":null,"new":"CD84"}]}},{"type":"Feature","geometry":{"type":"LineString","coordinates":[[5.13171,43.91984],[5.13182,43.91956]]},"properties":{"action":"modify","state":"new","osm_type":"way","osm_id":"1354382555","highway":"footway","axis":"path","version":"3","user":"JLZIMMERMANN","timestamp":"2026-09-25T12:14:55Z","changeset":"189541592","name":"Chemin de la Fontaine","ref":"D 25","surface":"concrete","changes":[{"k":"operator","old":null,"new":"CD84"},{"k":"ref","old":null,"new":"D 25"}]}},{"type":"Feature","geometry":{"type":"LineString","coordinates":[[4.95951,43.89371],[4.95928,43.89418],[4.96,43.89431]]},"properties":{"action":"modify","state":"new","osm_type":"way","osm_id":"1354618114","highway":"service","axis":"local","version":"1","user":"JLZIMMERMANN","timestamp":"2026-09-25T12:14:55Z","changeset":"189541592","moved_metres":2.1,"moved_only":true,"via_node":true}},{"type":"Feature","geometry":{"type":"LineString","coordinates":[[4.95952,43.89369],[4.95928,43.89418],[4.96,43.89431]]},"properties":{"state":"old","osm_id":"1354618114","axis":"local"}},{"type":"Feature","geometry":{"type":"LineString","coordinates":[[5.44363,43.88458],[5.4437,43.88436],[5.44375,43.88425],[5.44378,43.8842],[5.44407,43.88375],[5.44411,43.88369],[5.44414,43.88361],[5.44415,43.88354],[5.44415,43.88347]]},"properties":{"action":"modify","state":"new","osm_type":"way","osm_id":"1355203107","highway":"unclassified","axis":"local","version":"5","user":"Paolitosss","timestamp":"2026-09-26T16:11:30Z","changeset":"189595831","name":"Chemin des Tapets","surface":"asphalt","changes":[{"k":"lane_markings","old":null,"new":"no"},{"k":"surface","old":null,"new":"asphalt"}]}},{"type":"Feature","geometry":{"type":"LineString","coordinates":[[5.44363,43.88458],[5.4437,43.88436],[5.44378,43.8842],[5.44407,43.88375],[5.44411,43.88369],[5.44414,43.88361],[5.44415,43.88354],[5.44415,43.88347]]},"properties":{"state":"old","osm_id":"1355203107","axis":"local"}},{"type":"Feature","geometry":{"type":"LineString","coordinates":[[5.11195,44.00155],[5.11205,44.00134],[5.11216,44.00111],[5.11225,44.00093],[5.11232,44.00075],[5.11244,44.00032],[5.11271,43.99955]]},"properties":{"action":"modify","state":"new","osm_type":"way","osm_id":"1355691530","highway":"tertiary","axis":"secondary","version":"3","user":"JLZIMMERMANN","timestamp":"2026-09-29T12:36:17Z","changeset":"189725654","name":"Route de Saint-Didier","ref":"D 39","surface":"asphalt","changes":[{"k":"maxspeed","old":"90","new":null},{"k":"maxspeed:type","old":null,"new":"FR:rural"}]}},{"type":"Feature","geometry":{"type":"LineString","coordinates":[[5.39042,43.92533],[5.39045,43.92546],[5.39049,43.92552],[5.39056,43.92555],[5.39065,43.92555],[5.39172,43.92544],[5.39185,43.92544],[5.39191,43.92547],[5.39198,43.92552],[5.39204,43.92558],[5.39209,43.92561],[5.39214,43.92562],[5.39223,43.92562],[5.39301,43.92555]]},"properties":{"action":"modify","state":"new","osm_type":"way","osm_id":"1356471403","highway":"service","axis":"local","version":"4","user":"cOSMografix","timestamp":"2026-09-27T21:10:25Z","changeset":"189650351","name":"Chemin des Roberts","surface":"gravel","changes":[{"k":"lit","old":null,"new":"no"}]}},{"type":"Feature","geometry":{"type":"LineString","coordinates":[[5.39784,43.94005],[5.39787,43.94009],[5.39794,43.94013],[5.39802,43.94015],[5.39808,43.94016],[5.39815,43.94021],[5.39821,43.94026],[5.39829,43.9403],[5.39837,43.94037],[5.39846,43.94047],[5.39855,43.94055],[5.39861,43.94064],[5.39868,43.94073],[5.3987,43.94079],[5.39876,43.94088],[5.39887,43.94099],[5.39897,43.94108],[5.39904,43.94119],[5.39908,43.94129],[5.39909,43.94134]]},"properties":{"action":"modify","state":"new","osm_type":"way","osm_id":"1356647311","highway":"path","axis":"path","version":"2","user":"cOSMografix","timestamp":"2026-09-27T21:10:58Z","changeset":"189650351","changes":[{"k":"lit","old":null,"new":"no"}]}},{"type":"Feature","geometry":{"type":"LineString","coordinates":[[5.2629,44.18433],[5.26279,44.18435],[5.26268,44.18434],[5.26258,44.18432],[5.26246,44.18427],[5.26235,44.18418],[5.26226,44.18407],[5.26221,44.18394],[5.26221,44.18386],[5.26223,44.1838],[5.26226,44.18373]]},"properties":{"action":"modify","state":"new","osm_type":"way","osm_id":"1356744177","highway":"residential","axis":"local","version":"4","user":"thepriben","timestamp":"2026-09-25T17:10:51Z","changeset":"189555011","name":"Route du Fer \u00e0 Cheval"}},{"type":"Feature","geometry":{"type":"LineString","coordinates":[[5.2629,44.18433],[5.26279,44.18435],[5.26268,44.18434],[5.26258,44.18432],[5.26246,44.18427],[5.26235,44.18418],[5.26226,44.18407],[5.26221,44.18394],[5.26221,44.18386],[5.26223,44.18379],[5.26233,44.18361],[5.26236,44.18352],[5.26238,44.18344],[5.26237,44.18338],[5.26237,44.18336]]},"properties":{"state":"old","osm_id":"1356744177","axis":"local"}},{"type":"Feature","geometry":{"type":"LineString","coordinates":[[5.39438,43.93522],[5.39452,43.93516],[5.39465,43.93505],[5.39472,43.93492],[5.39479,43.93484],[5.39516,43.93463],[5.39542,43.93448],[5.39548,43.93441],[5.39554,43.93435],[5.39563,43.9343],[5.39589,43.93421],[5.39606,43.93413],[5.39616,43.93409],[5.39621,43.93406],[5.39624,43.93401],[5.39625,43.93392],[5.39625,43.93388],[5.3963,43.93379],[5.39635,43.9337],[5.39638,43.93363],[5.39637,43.93354],[5.39633,43.93332],[5.39626,43.933],[5.3963,43.93289]]},"properties":{"action":"modify","state":"new","osm_type":"way","osm_id":"1356876311","highway":"track","axis":"path","version":"3","user":"cOSMografix","timestamp":"2026-09-27T21:10:41Z","changeset":"189650351","changes":[{"k":"lit","old":null,"new":"no"}]}},{"type":"Feature","geometry":{"type":"LineString","coordinates":[[5.52916,43.92029],[5.52902,43.92028],[5.52896,43.92026],[5.52892,43.92025],[5.52889,43.92024],[5.52886,43.92022]]},"properties":{"action":"modify","state":"new","osm_type":"way","osm_id":"1357601006","highway":"tertiary","axis":"secondary","version":"2","user":"JLZIMMERMANN","timestamp":"2026-09-23T21:17:58Z","changeset":"189469677","ref":"D 112","surface":"asphalt","changes":[{"k":"operator","old":null,"new":"CD84"},{"k":"surface","old":null,"new":"asphalt"}]}},{"type":"Feature","geometry":{"type":"LineString","coordinates":[[5.25688,43.85162],[5.25692,43.85162],[5.25695,43.85163],[5.25735,43.85166],[5.25813,43.85175],[5.25853,43.85181],[5.26187,43.85236],[5.26596,43.85304]]},"properties":{"action":"modify","state":"new","osm_type":"way","osm_id":"1358205064","highway":"path","axis":"path","version":"3","user":"Alexandre148025","timestamp":"2026-09-23T13:28:32Z","changeset":"189449915","surface":"asphalt","changes":[{"k":"railway","old":"razed","new":"abandoned"}]}},{"type":"Feature","geometry":{"type":"LineString","coordinates":[[5.39351,43.941],[5.39368,43.9411],[5.39395,43.94135],[5.39419,43.94155],[5.39439,43.94173],[5.39456,43.94193],[5.39471,43.94213],[5.39478,43.94226],[5.39483,43.94247],[5.39484,43.94254]]},"properties":{"action":"modify","state":"new","osm_type":"way","osm_id":"1359069266","highway":"track","axis":"path","version":"2","user":"cOSMografix","timestamp":"2026-09-27T21:10:50Z","changeset":"189650351","changes":[{"k":"lit","old":null,"new":"no"}]}},{"type":"Feature","geometry":{"type":"LineString","coordinates":[[5.39494,43.94593],[5.39496,43.94584],[5.39494,43.94572],[5.39492,43.94568],[5.3949,43.94564],[5.39486,43.9456],[5.39482,43.94553],[5.39479,43.94547],[5.39477,43.94539],[5.39476,43.94526],[5.39476,43.94524],[5.39473,43.94523]]},"properties":{"action":"modify","state":"new","osm_type":"way","osm_id":"1359069269","highway":"path","axis":"path","version":"2","user":"cOSMografix","timestamp":"2026-09-27T21:10:54Z","changeset":"189650351","changes":[{"k":"lit","old":null,"new":"no"}]}},{"type":"Feature","geometry":{"type":"LineString","coordinates":[[5.39492,43.94568],[5.39498,43.94569],[5.39507,43.94569],[5.39512,43.94568],[5.39516,43.94566],[5.39522,43.94559],[5.39531,43.94547],[5.39542,43.94533],[5.39545,43.94531],[5.39548,43.94533],[5.39549,43.94535],[5.3955,43.94536],[5.39553,43.94538],[5.39555,43.94539],[5.39557,43.9454],[5.39557,43.94541],[5.39557,43.94543],[5.3956,43.94545],[5.3956,43.94547]]},"properties":{"action":"modify","state":"new","osm_type":"way","osm_id":"1359069270","highway":"path","axis":"path","version":"2","user":"cOSMografix","timestamp":"2026-09-27T21:10:55Z","changeset":"189650351","changes":[{"k":"lit","old":null,"new":"no"}]}},{"type":"Feature","geometry":{"type":"LineString","coordinates":[[5.04897,43.82829],[5.0489,43.82834],[5.04885,43.82835],[5.0488,43.82838],[5.04879,43.8284],[5.04879,43.82842]]},"properties":{"action":"modify","state":"new","osm_type":"way","osm_id":"1359400622","highway":"path","axis":"path","version":"2","user":"Alexandre148025","timestamp":"2026-09-23T13:28:32Z","changeset":"189449915","moved_metres":1.8,"moved_only":true,"via_node":true}},{"type":"Feature","geometry":{"type":"LineString","coordinates":[[5.04895,43.8283],[5.04891,43.82833],[5.04885,43.82835],[5.0488,43.82838],[5.04879,43.8284],[5.04879,43.82842]]},"properties":{"state":"old","osm_id":"1359400622","axis":"path"}},{"type":"Feature","geometry":{"type":"LineString","coordinates":[[5.04897,43.82829],[5.04905,43.82828],[5.04915,43.82827],[5.04929,43.82826],[5.04972,43.82824]]},"properties":{"action":"modify","state":"new","osm_type":"way","osm_id":"1359400623","highway":"path","axis":"path","version":"6","user":"Alexandre148025","timestamp":"2026-09-23T13:28:32Z","changeset":"189449915","surface":"asphalt","changes":[{"k":"railway","old":null,"new":"abandoned"}]}},{"type":"Feature","geometry":{"type":"LineString","coordinates":[[5.04895,43.8283],[5.04905,43.82828],[5.04915,43.82827],[5.04929,43.82826],[5.04972,43.82824]]},"properties":{"state":"old","osm_id":"1359400623","axis":"path"}},{"type":"Feature","geometry":{"type":"LineString","coordinates":[[5.10552,43.84702],[5.10597,43.84711],[5.10636,43.8472]]},"properties":{"action":"modify","state":"new","osm_type":"way","osm_id":"1359702218","highway":"secondary","axis":"secondary","version":"2","user":"cOSMografix","timestamp":"2026-09-26T09:24:39Z","changeset":"189578222","name":"Avenue de Provence","ref":"D 2","surface":"asphalt","maxspeed":"50","changes":[{"k":"sidewalk:both","old":null,"new":"yes"}]}},{"type":"Feature","geometry":{"type":"LineString","coordinates":[[5.1145,43.86002],[5.11473,43.86052],[5.11497,43.86099],[5.11512,43.86124],[5.11529,43.86151],[5.11552,43.8618],[5.11578,43.86206],[5.11606,43.86231],[5.11631,43.86251],[5.11637,43.86255]]},"properties":{"action":"modify","state":"new","osm_type":"way","osm_id":"1361392706","highway":"path","axis":"path","version":"3","user":"Alexandre148025","timestamp":"2026-09-23T13:28:32Z","changeset":"189449915","surface":"asphalt","changes":[{"k":"railway","old":"razed","new":"abandoned"}]}},{"type":"Feature","geometry":{"type":"LineString","coordinates":[[5.04848,43.99221],[5.04832,43.99219],[5.04821,43.99218],[5.04806,43.99216]]},"properties":{"action":"modify","state":"new","osm_type":"way","osm_id":"1361395521","highway":"secondary","axis":"secondary","version":"3","user":"JLZIMMERMANN","timestamp":"2026-09-23T16:14:30Z","changeset":"189457977","name":"Route d'Avignon","ref":"D 28","surface":"asphalt","maxspeed":"80","changes":[{"k":"operator","old":"CG84","new":"CD84"}]}},{"type":"Feature","geometry":{"type":"LineString","coordinates":[[5.04509,44.04895],[5.04501,44.04921]]},"properties":{"action":"modify","state":"new","osm_type":"way","osm_id":"1362575977","highway":"tertiary","axis":"secondary","version":"7","user":"JLZIMMERMANN","timestamp":"2026-09-23T06:48:08Z","changeset":"189432684","name":"Avenue Wilson","surface":"asphalt","maxspeed":"30","changes":[{"k":"ref","old":"D 49","new":null},{"k":"was:ref","old":null,"new":"D 49"}]}},{"type":"Feature","geometry":{"type":"LineString","coordinates":[[5.04522,44.04861],[5.04519,44.04868],[5.04517,44.04876]]},"properties":{"action":"modify","state":"new","osm_type":"way","osm_id":"1362575978","highway":"tertiary","axis":"secondary","version":"6","user":"JLZIMMERMANN","timestamp":"2026-09-23T06:48:08Z","changeset":"189432684","name":"Boulevard Pasteur","surface":"asphalt","maxspeed":"30","changes":[{"k":"ref","old":"D 49","new":null},{"k":"was:ref","old":null,"new":"D 49"}]}},{"type":"Feature","geometry":{"type":"LineString","coordinates":[[4.99881,44.03636],[4.99865,44.03636]]},"properties":{"action":"modify","state":"new","osm_type":"way","osm_id":"1366200495","highway":"secondary","axis":"secondary","version":"4","user":"enzo_immergis","timestamp":"2026-09-28T16:22:07Z","changeset":"189687837","name":"Boulevard de Verdun","surface":"asphalt","changes":[{"k":"cycleway","old":"lane","new":null},{"k":"cycleway:left","old":null,"new":"no"},{"k":"cycleway:right","old":null,"new":"shared_lane"},{"k":"cycleway:right:lane","old":null,"new":"pictogram"}]}},{"type":"Feature","geometry":{"type":"LineString","coordinates":[[4.92424,43.95593],[4.92407,43.95578],[4.92398,43.9557],[4.92386,43.95558],[4.92369,43.9554],[4.92354,43.95522],[4.92344,43.9551],[4.92338,43.95502],[4.92332,43.95495],[4.92325,43.95485],[4.92308,43.95463]]},"properties":{"action":"modify","state":"new","osm_type":"way","osm_id":"1377394152","highway":"secondary","axis":"secondary","version":"3","user":"JLZIMMERMANN","timestamp":"2026-09-23T14:11:43Z","changeset":"189452082","name":"Route d'Avignon","surface":"asphalt","maxspeed":"30","changes":[{"k":"ref","old":"D 28","new":null},{"k":"was:ref","old":null,"new":"D 28"}]}},{"type":"Feature","geometry":{"type":"LineString","coordinates":[[5.37709,43.91266],[5.37698,43.91266],[5.37689,43.91267],[5.37677,43.91269],[5.37666,43.9127],[5.37656,43.91271],[5.37641,43.91272],[5.37627,43.91272],[5.37615,43.91272],[5.37603,43.91272],[5.37588,43.91274],[5.37575,43.91276],[5.37564,43.91278],[5.37553,43.91279],[5.37544,43.91279],[5.37533,43.91277],[5.37524,43.91275],[5.37516,43.91274],[5.37508,43.91274],[5.37501,43.91275],[5.37494,43.91274],[5.37486,43.91273],[5.37481,43.91273],[5.37474,43.91274],[5.3746,43.91276],[5.37449,43.91278],[5.3744,43.9128],[5.37427,43.91281],[5.37412,43.91282],[5.374,43.91283],[5.37392,43.91281],[5.37384,43.91278],[5.3738,43.91276],[5.37377,43.91276],[5.37373,43.91277],[5.37367,43.91281],[5.3736,43.91285],[5.37352,43.9129],[5.37342,43.91297],[5.37334,43.91302],[5.37316,43.9131],[5.37295,43.91321],[5.37278,43.91331]]},"properties":{"action":"modify","state":"new","osm_type":"way","osm_id":"1388535527","highway":"track","axis":"path","version":"3","user":"cOSMografix","timestamp":"2026-09-27T21:10:15Z","changeset":"189650351","changes":[{"k":"lit","old":null,"new":"no"}]}},{"type":"Feature","geometry":{"type":"LineString","coordinates":[[5.38706,43.91836],[5.38713,43.91835],[5.3872,43.91835],[5.38725,43.91831],[5.38725,43.91823],[5.38723,43.91808],[5.38721,43.91794],[5.38721,43.91779],[5.38719,43.91761],[5.38714,43.91732],[5.38708,43.91699],[5.38707,43.91686],[5.38701,43.91633],[5.38698,43.9161],[5.38697,43.91606],[5.38696,43.91604],[5.38693,43.91599],[5.38692,43.91592],[5.38687,43.91576],[5.38688,43.9156],[5.38689,43.91548],[5.3869,43.91533],[5.38692,43.91516],[5.38699,43.91506],[5.38713,43.91486],[5.38724,43.91471],[5.3873,43.91466],[5.38738,43.91464],[5.38751,43.91462],[5.38755,43.91458],[5.38752,43.91455]]},"properties":{"action":"modify","state":"new","osm_type":"way","osm_id":"1391775916","highway":"track","axis":"path","version":"2","user":"cOSMografix","timestamp":"2026-09-27T21:10:21Z","changeset":"189650351","changes":[{"k":"lit","old":null,"new":"no"}]}},{"type":"Feature","geometry":{"type":"LineString","coordinates":[[5.39182,43.94145],[5.39178,43.94151],[5.39176,43.94155],[5.39177,43.94162],[5.39179,43.9417],[5.39184,43.94185],[5.39188,43.94194],[5.39191,43.94205],[5.39193,43.94211],[5.39192,43.94215],[5.39188,43.94218],[5.3918,43.9422],[5.39164,43.94223],[5.39149,43.94226],[5.39135,43.94224],[5.39116,43.94221]]},"properties":{"action":"modify","state":"new","osm_type":"way","osm_id":"1391852353","highway":"track","axis":"path","version":"2","user":"cOSMografix","timestamp":"2026-09-27T21:10:47Z","changeset":"189650351","changes":[{"k":"lit","old":null,"new":"no"}]}},{"type":"Feature","geometry":{"type":"LineString","coordinates":[[5.39488,43.93815],[5.39483,43.93818],[5.39481,43.93821],[5.39478,43.93824],[5.39473,43.93829],[5.3947,43.93835],[5.39466,43.93837],[5.39461,43.9384],[5.39451,43.93841],[5.39444,43.93842],[5.39436,43.93844],[5.39426,43.93847],[5.39421,43.93849],[5.39415,43.93854],[5.39412,43.93858],[5.39407,43.93862],[5.39403,43.93865],[5.39399,43.9387],[5.39396,43.93873],[5.39395,43.93877],[5.39392,43.9388],[5.39389,43.93883],[5.3939,43.93885],[5.39394,43.93889],[5.39395,43.93891],[5.39395,43.93894],[5.39395,43.93899],[5.39391,43.93903],[5.39388,43.93908],[5.39383,43.93916],[5.39379,43.93922]]},"properties":{"action":"modify","state":"new","osm_type":"way","osm_id":"1391852366","highway":"track","axis":"path","version":"3","user":"cOSMografix","timestamp":"2026-09-27T21:10:48Z","changeset":"189650351","changes":[{"k":"lit","old":null,"new":"no"}]}},{"type":"Feature","geometry":{"type":"LineString","coordinates":[[5.09512,43.91907],[5.09495,43.91903]]},"properties":{"action":"modify","state":"new","osm_type":"way","osm_id":"1392012560","highway":"tertiary","axis":"secondary","version":"2","user":"JLZIMMERMANN","timestamp":"2026-09-25T12:14:55Z","changeset":"189541592","name":"Route de Fontaine de Vaucluse","ref":"D 25","surface":"asphalt","changes":[{"k":"operator","old":null,"new":"CD84"}]}},{"type":"Feature","geometry":{"type":"LineString","coordinates":[[5.39515,43.92109],[5.3952,43.92109],[5.39528,43.92109],[5.39536,43.9211],[5.39546,43.9211],[5.3956,43.9211],[5.3957,43.9211],[5.39579,43.92111],[5.39583,43.92115],[5.39587,43.92121],[5.39592,43.9213],[5.39597,43.92139],[5.39602,43.92145],[5.39608,43.92149],[5.39614,43.9215],[5.39627,43.9215],[5.39643,43.92152],[5.39652,43.92154]]},"properties":{"action":"modify","state":"new","osm_type":"way","osm_id":"1396536082","highway":"track","axis":"path","version":"2","user":"cOSMografix","timestamp":"2026-09-27T21:10:31Z","changeset":"189650351","changes":[{"k":"lit","old":null,"new":"no"}]}},{"type":"Feature","geometry":{"type":"LineString","coordinates":[[5.3952,43.92109],[5.39524,43.92106],[5.39532,43.92105],[5.3954,43.92106],[5.39551,43.92105],[5.39575,43.92106],[5.39584,43.92106],[5.39591,43.92106],[5.39598,43.92104],[5.39605,43.92101],[5.39613,43.92096],[5.39617,43.92094]]},"properties":{"action":"modify","state":"new","osm_type":"way","osm_id":"1396536090","highway":"track","axis":"path","version":"2","user":"cOSMografix","timestamp":"2026-09-27T21:10:32Z","changeset":"189650351","changes":[{"k":"lit","old":null,"new":"no"}]}},{"type":"Feature","geometry":{"type":"LineString","coordinates":[[5.39811,43.93197],[5.39816,43.93203],[5.39831,43.93234],[5.39848,43.93265]]},"properties":{"action":"modify","state":"new","osm_type":"way","osm_id":"1411783566","highway":"track","axis":"path","version":"2","user":"cOSMografix","timestamp":"2026-09-27T21:10:40Z","changeset":"189650351","changes":[{"k":"lit","old":null,"new":"no"}]}},{"type":"Feature","geometry":{"type":"LineString","coordinates":[[5.38961,43.91726],[5.38984,43.91722],[5.39013,43.91721],[5.39047,43.91718],[5.39075,43.91718],[5.391,43.91717],[5.39121,43.91718],[5.39135,43.91719],[5.39141,43.91721]]},"properties":{"action":"modify","state":"new","osm_type":"way","osm_id":"1413775854","highway":"track","axis":"path","version":"2","user":"cOSMografix","timestamp":"2026-09-27T21:10:28Z","changeset":"189650351","changes":[{"k":"lit","old":null,"new":"no"}]}},{"type":"Feature","geometry":{"type":"LineString","coordinates":[[5.40551,43.94169],[5.40546,43.94174],[5.40543,43.9418],[5.40544,43.94186],[5.40548,43.94191],[5.40555,43.94198],[5.4056,43.94207],[5.40565,43.94214],[5.40578,43.9423],[5.40582,43.94237],[5.40587,43.9425],[5.40595,43.94263],[5.40598,43.94268],[5.40598,43.94275],[5.40595,43.9428],[5.40588,43.94284],[5.4057,43.94288],[5.40549,43.94292],[5.40537,43.94292],[5.40525,43.9429],[5.40511,43.94283],[5.40505,43.94282],[5.40499,43.94283],[5.40495,43.94285],[5.40492,43.94291]]},"properties":{"action":"modify","state":"new","osm_type":"way","osm_id":"1416485636","highway":"track","axis":"path","version":"2","user":"cOSMografix","timestamp":"2026-09-27T21:11:01Z","changeset":"189650351","changes":[{"k":"lit","old":null,"new":"no"}]}},{"type":"Feature","geometry":{"type":"LineString","coordinates":[[5.39011,43.93621],[5.39,43.93621],[5.38989,43.9362],[5.38974,43.93617],[5.38968,43.93615],[5.38956,43.93615],[5.38947,43.93615],[5.38936,43.93612],[5.38925,43.93608],[5.38905,43.93599],[5.38889,43.9359],[5.38883,43.93585],[5.38882,43.9358],[5.38885,43.93574],[5.389,43.93559],[5.38936,43.93519]]},"properties":{"action":"modify","state":"new","osm_type":"way","osm_id":"1417234070","highway":"track","axis":"path","version":"2","user":"cOSMografix","timestamp":"2026-09-27T21:10:46Z","changeset":"189650351","changes":[{"k":"lit","old":null,"new":"no"}]}},{"type":"Feature","geometry":{"type":"LineString","coordinates":[[5.39,43.93621],[5.38993,43.93626],[5.3898,43.93631],[5.3897,43.93632],[5.38958,43.93634],[5.38933,43.93639],[5.38906,43.93646],[5.38892,43.93649],[5.38877,43.93652],[5.38869,43.93653]]},"properties":{"action":"modify","state":"new","osm_type":"way","osm_id":"1417234073","highway":"track","axis":"path","version":"2","user":"cOSMografix","timestamp":"2026-09-27T21:10:45Z","changeset":"189650351","changes":[{"k":"lit","old":null,"new":"no"}]}},{"type":"Feature","geometry":{"type":"LineString","coordinates":[[5.38948,43.93706],[5.3894,43.93707],[5.38933,43.93708],[5.38924,43.9371],[5.38903,43.93716],[5.38878,43.93724],[5.38859,43.9373],[5.38841,43.93736],[5.38824,43.93741],[5.38818,43.93742],[5.38794,43.93746],[5.38762,43.93748],[5.38745,43.93749],[5.38738,43.9375],[5.38728,43.93752],[5.38721,43.93752],[5.38715,43.93751],[5.38712,43.93747],[5.3871,43.93739],[5.38698,43.93702],[5.38698,43.93698],[5.38698,43.93692],[5.38699,43.93686],[5.38698,43.93684],[5.38697,43.93681],[5.38694,43.93677],[5.38692,43.93672],[5.38693,43.93669],[5.38694,43.93666],[5.38692,43.93657],[5.38673,43.93603],[5.38671,43.93598],[5.3867,43.93593],[5.38666,43.93587],[5.38662,43.93577],[5.3866,43.93563],[5.3866,43.9356],[5.38664,43.93556],[5.38669,43.93554],[5.38676,43.93552],[5.3868,43.93549],[5.38683,43.93545],[5.38662,43.93441],[5.3866,43.93439],[5.38657,43.93437],[5.38645,43.93437],[5.38621,43.93439],[5.38602,43.93439]]},"properties":{"action":"modify","state":"new","osm_type":"way","osm_id":"1417234074","highway":"track","axis":"path","version":"3","user":"cOSMografix","timestamp":"2026-09-27T21:10:46Z","changeset":"189650351","changes":[{"k":"lit","old":null,"new":"no"}]}},{"type":"Feature","geometry":{"type":"LineString","coordinates":[[5.381,43.97274],[5.38086,43.9728],[5.38079,43.97282],[5.38072,43.97281],[5.38056,43.97281],[5.38044,43.97283],[5.38043,43.97285],[5.38041,43.97288],[5.38042,43.97292],[5.38043,43.97297],[5.3805,43.97307],[5.3805,43.97311],[5.38049,43.97314],[5.38046,43.97317],[5.38037,43.97319],[5.38026,43.9732],[5.38022,43.97321],[5.3802,43.97322],[5.38018,43.97326],[5.38019,43.97329],[5.3802,43.97334]]},"properties":{"action":"modify","state":"new","osm_type":"way","osm_id":"1419938466","highway":"track","axis":"path","version":"2","user":"Benoit84","timestamp":"2026-09-29T13:23:42Z","changeset":"189727886"}},{"type":"Feature","geometry":{"type":"LineString","coordinates":[[5.38043,43.97285],[5.38044,43.97283],[5.38056,43.97281],[5.38072,43.97281],[5.38079,43.97282],[5.38086,43.9728],[5.381,43.97274]]},"properties":{"state":"old","osm_id":"1419938466","axis":"path"}},{"type":"Feature","geometry":{"type":"LineString","coordinates":[[4.99571,44.03756],[4.99575,44.03749],[4.99578,44.03743],[4.99585,44.03729]]},"properties":{"action":"modify","state":"new","osm_type":"way","osm_id":"1420055468","highway":"secondary","axis":"secondary","version":"4","user":"enzo_immergis","timestamp":"2026-09-28T16:22:07Z","changeset":"189687837","name":"Boulevard Commandant Bertier","surface":"asphalt","maxspeed":"50","changes":[{"k":"cycleway:both","old":null,"new":"no"}]}},{"type":"Feature","geometry":{"type":"LineString","coordinates":[[5.39417,43.92539],[5.39424,43.92535],[5.39428,43.92531],[5.3943,43.92524],[5.3943,43.9249],[5.39431,43.92484],[5.39434,43.92478],[5.39441,43.92475],[5.39458,43.92467],[5.39479,43.92459],[5.39521,43.92439],[5.39525,43.92436],[5.3953,43.92431],[5.3953,43.92426],[5.39525,43.92386]]},"properties":{"action":"modify","state":"new","osm_type":"way","osm_id":"1420117848","highway":"track","axis":"path","version":"2","user":"cOSMografix","timestamp":"2026-09-27T21:10:35Z","changeset":"189650351","name":"Chemin des Joumillons","changes":[{"k":"lit","old":null,"new":"no"}]}},{"type":"Feature","geometry":{"type":"LineString","coordinates":[[5.39525,43.92386],[5.39524,43.92383],[5.39523,43.92372],[5.39512,43.92335],[5.39503,43.92298],[5.39505,43.92288],[5.39512,43.92281],[5.39523,43.92276],[5.39539,43.92271]]},"properties":{"action":"modify","state":"new","osm_type":"way","osm_id":"1420117849","highway":"track","axis":"path","version":"3","user":"cOSMografix","timestamp":"2026-09-27T21:10:33Z","changeset":"189650351","name":"Chemin des Joumillons","changes":[{"k":"lit","old":null,"new":"no"}]}},{"type":"Feature","geometry":{"type":"LineString","coordinates":[[5.39394,43.92936],[5.39377,43.92948],[5.39365,43.92956],[5.39347,43.92971],[5.39337,43.92981],[5.39324,43.92996],[5.39265,43.93065],[5.39231,43.93095],[5.39191,43.93126],[5.39169,43.93144],[5.39154,43.93156]]},"properties":{"action":"modify","state":"new","osm_type":"way","osm_id":"1420117851","highway":"service","axis":"local","version":"3","user":"cOSMografix","timestamp":"2026-09-27T21:10:38Z","changeset":"189650351","name":"Chemin des Joumillons","surface":"gravel","changes":[{"k":"lit","old":null,"new":"no"}]}},{"type":"Feature","geometry":{"type":"LineString","coordinates":[[4.83825,43.92985],[4.83849,43.92974]]},"properties":{"action":"modify","state":"new","osm_type":"way","osm_id":"1420179779","highway":"primary","axis":"main","version":"3","user":"GuyonT","timestamp":"2026-09-23T13:29:19Z","changeset":"189449231","name":"Avenue Pierre Semard","ref":"D 907","surface":"asphalt","maxspeed":"50","changes":[{"k":"sidewalk:left","old":null,"new":"no"},{"k":"sidewalk:right","old":null,"new":"separate"}]}},{"type":"Feature","geometry":{"type":"LineString","coordinates":[[5.37722,43.91832],[5.37731,43.91836],[5.37739,43.91838],[5.37744,43.91838],[5.3775,43.91837],[5.37754,43.91835],[5.3776,43.91831],[5.37765,43.91826],[5.37775,43.91815],[5.37786,43.91806],[5.37795,43.91802],[5.37805,43.91801],[5.37814,43.91802],[5.37822,43.91803],[5.3783,43.91804],[5.37837,43.91802],[5.37842,43.91799],[5.37862,43.91782],[5.37876,43.91768],[5.37877,43.91767],[5.37893,43.91754],[5.37912,43.91738],[5.37918,43.91732],[5.37949,43.91701],[5.3796,43.91689],[5.38011,43.91637],[5.38019,43.91629],[5.38067,43.91584]]},"properties":{"action":"modify","state":"new","osm_type":"way","osm_id":"1420886014","highway":"unclassified","axis":"local","version":"4","user":"cOSMografix","timestamp":"2026-09-27T21:10:14Z","changeset":"189650351","name":"Chemin de Bourguette","changes":[{"k":"lit","old":null,"new":"no"}]}},{"type":"Feature","geometry":{"type":"LineString","coordinates":[[5.39,43.93861],[5.39007,43.93851],[5.39025,43.93825],[5.39039,43.93812],[5.39054,43.938],[5.39069,43.93789],[5.39079,43.93782],[5.3909,43.93776],[5.39092,43.93775],[5.39106,43.93768],[5.39118,43.93763],[5.39132,43.93759],[5.39154,43.93752],[5.3918,43.93742],[5.39201,43.93735],[5.39244,43.9372],[5.39264,43.9371],[5.39294,43.93697],[5.39305,43.93691]]},"properties":{"action":"modify","state":"new","osm_type":"way","osm_id":"1424081224","highway":"track","axis":"path","version":"4","user":"cOSMografix","timestamp":"2026-09-27T21:10:43Z","changeset":"189650351","changes":[{"k":"lit","old":null,"new":"no"}]}},{"type":"Feature","geometry":{"type":"LineString","coordinates":[[5.39991,43.9475],[5.39993,43.94742],[5.39994,43.94738],[5.39995,43.94732],[5.39995,43.94727],[5.39993,43.94721],[5.39991,43.94718],[5.39986,43.94715],[5.39979,43.94714],[5.39963,43.94714],[5.39954,43.94716]]},"properties":{"action":"modify","state":"new","osm_type":"way","osm_id":"1424081264","highway":"track","axis":"path","version":"2","user":"cOSMografix","timestamp":"2026-09-27T21:10:56Z","changeset":"189650351","changes":[{"k":"lit","old":null,"new":"no"}]}},{"type":"Feature","geometry":{"type":"LineString","coordinates":[[5.39331,43.87848],[5.39329,43.87841],[5.39328,43.8784],[5.39327,43.87839],[5.39321,43.87838],[5.39296,43.8784]]},"properties":{"action":"modify","state":"new","osm_type":"way","osm_id":"1424084077","highway":"service","axis":"local","version":"2","user":"Alexandre148025","timestamp":"2026-09-23T13:28:32Z","changeset":"189449915","changes":[{"k":"service","old":null,"new":"driveway"}]}},{"type":"Feature","geometry":{"type":"LineString","coordinates":[[5.39332,43.87848],[5.39329,43.87841],[5.39326,43.87838],[5.39318,43.87838],[5.39296,43.8784]]},"properties":{"state":"old","osm_id":"1424084077","axis":"local"}},{"type":"Feature","geometry":{"type":"LineString","coordinates":[[5.39473,43.94523],[5.39476,43.94521],[5.39476,43.94518],[5.3948,43.94514],[5.39488,43.94509],[5.39491,43.94503],[5.39499,43.94489],[5.39504,43.94472],[5.39508,43.94453],[5.39508,43.94445],[5.39507,43.94439],[5.39505,43.94427],[5.39501,43.94419],[5.39497,43.94413],[5.39495,43.94409],[5.39496,43.94404],[5.39499,43.94398],[5.39499,43.94385],[5.39499,43.94375],[5.39502,43.94366],[5.39505,43.94357],[5.39508,43.94352]]},"properties":{"action":"modify","state":"new","osm_type":"way","osm_id":"1424823499","highway":"track","axis":"path","version":"2","user":"cOSMografix","timestamp":"2026-09-27T21:10:51Z","changeset":"189650351","surface":"gravel","changes":[{"k":"lit","old":null,"new":"no"}]}},{"type":"Feature","geometry":{"type":"LineString","coordinates":[[5.39488,43.93806],[5.39488,43.93815],[5.39482,43.93829],[5.39477,43.93838],[5.3947,43.93848],[5.39456,43.93866],[5.39448,43.93878],[5.39443,43.93887],[5.39425,43.93924],[5.39422,43.93929],[5.3942,43.93933],[5.39406,43.93958],[5.39388,43.93982],[5.3934,43.94038],[5.39335,43.94048]]},"properties":{"action":"modify","state":"new","osm_type":"way","osm_id":"1424988982","highway":"unclassified","axis":"local","version":"4","user":"cOSMografix","timestamp":"2026-09-27T21:10:48Z","changeset":"189650351","name":"Chemin de Jacquet","surface":"gravel","changes":[{"k":"lit","old":null,"new":"no"}]}},{"type":"Feature","geometry":{"type":"LineString","coordinates":[[5.15788,43.87812],[5.15794,43.87808],[5.15804,43.87806],[5.15822,43.87802]]},"properties":{"action":"modify","state":"new","osm_type":"way","osm_id":"1427273541","highway":"tertiary","axis":"secondary","version":"2","user":"JLZIMMERMANN","timestamp":"2026-09-23T22:05:10Z","changeset":"189470856","name":"Route des Beaumettes","ref":"D 148","surface":"asphalt","changes":[{"k":"operator","old":null,"new":"CD84"},{"k":"surface","old":null,"new":"asphalt"}]}},{"type":"Feature","geometry":{"type":"LineString","coordinates":[[5.15801,43.87821],[5.15824,43.87836],[5.15878,43.87873],[5.15902,43.8789],[5.15992,43.87952],[5.16006,43.87963],[5.16017,43.87972],[5.16032,43.87988],[5.16054,43.88014],[5.16061,43.88023]]},"properties":{"action":"modify","state":"new","osm_type":"way","osm_id":"1427273543","highway":"secondary","axis":"secondary","version":"2","user":"JLZIMMERMANN","timestamp":"2026-09-23T22:05:10Z","changeset":"189470856","name":"Route de Gordes","ref":"D 2","surface":"asphalt","maxspeed":"80"}},{"type":"Feature","geometry":{"type":"LineString","coordinates":[[5.15788,43.87812],[5.15801,43.87821],[5.15824,43.87836],[5.15878,43.87873],[5.15902,43.8789],[5.15992,43.87952],[5.16006,43.87963],[5.16017,43.87972],[5.16032,43.87988],[5.16054,43.88014],[5.16061,43.88023]]},"properties":{"state":"old","osm_id":"1427273543","axis":"secondary"}},{"type":"Feature","geometry":{"type":"LineString","coordinates":[[5.39257,43.9296],[5.39261,43.92962],[5.3927,43.92967],[5.39279,43.92974],[5.39289,43.92979],[5.39324,43.92996]]},"properties":{"action":"modify","state":"new","osm_type":"way","osm_id":"1429187692","highway":"service","axis":"local","version":"2","user":"cOSMografix","timestamp":"2026-09-27T21:10:37Z","changeset":"189650351","surface":"gravel","changes":[{"k":"lit","old":null,"new":"no"}]}},{"type":"Feature","geometry":{"type":"LineString","coordinates":[[5.39385,43.92688],[5.39378,43.92705],[5.3937,43.92721],[5.39363,43.92733],[5.39354,43.92743],[5.39346,43.92751],[5.39339,43.92753],[5.39329,43.92756],[5.39304,43.92759],[5.39283,43.92761],[5.39269,43.92766],[5.39263,43.9277],[5.39259,43.92778],[5.39257,43.92786]]},"properties":{"action":"modify","state":"new","osm_type":"way","osm_id":"1429187693","highway":"track","axis":"path","version":"2","user":"cOSMografix","timestamp":"2026-09-27T21:10:36Z","changeset":"189650351","changes":[{"k":"lit","old":null,"new":"no"}]}},{"type":"Feature","geometry":{"type":"LineString","coordinates":[[5.39301,43.92555],[5.39383,43.92548],[5.39397,43.92545],[5.39409,43.92543],[5.39417,43.92539]]},"properties":{"action":"modify","state":"new","osm_type":"way","osm_id":"1429187695","highway":"track","axis":"path","version":"2","user":"cOSMografix","timestamp":"2026-09-27T21:10:36Z","changeset":"189650351","name":"Chemin des Roberts","changes":[{"k":"lit","old":null,"new":"no"}]}},{"type":"Feature","geometry":{"type":"LineString","coordinates":[[5.39524,43.92383],[5.39498,43.92388],[5.39462,43.92393],[5.3941,43.92402],[5.39353,43.92412],[5.39317,43.92417],[5.39295,43.92419]]},"properties":{"action":"modify","state":"new","osm_type":"way","osm_id":"1436135293","highway":"track","axis":"path","version":"2","user":"cOSMografix","timestamp":"2026-09-27T21:10:34Z","changeset":"189650351","changes":[{"k":"lit","old":null,"new":"no"}]}},{"type":"Feature","geometry":{"type":"LineString","coordinates":[[5.39241,43.91718],[5.39239,43.91707],[5.3924,43.91691],[5.39237,43.91677],[5.39238,43.9167],[5.39243,43.91665],[5.39241,43.91661]]},"properties":{"action":"modify","state":"new","osm_type":"way","osm_id":"1436223083","highway":"track","axis":"path","version":"2","user":"cOSMografix","timestamp":"2026-09-27T21:10:27Z","changeset":"189650351","changes":[{"k":"lit","old":null,"new":"no"}]}},{"type":"Feature","geometry":{"type":"LineString","coordinates":[[5.38477,43.91443],[5.38476,43.91439],[5.38459,43.91421],[5.38452,43.91413],[5.3845,43.91408],[5.38455,43.91399],[5.38467,43.91382],[5.38471,43.91379],[5.38478,43.91378],[5.38509,43.91384],[5.3868,43.91423],[5.38686,43.91427],[5.38687,43.9143],[5.38684,43.91436],[5.3868,43.91444],[5.3868,43.91447]]},"properties":{"action":"modify","state":"new","osm_type":"way","osm_id":"1436634188","highway":"track","axis":"path","version":"2","user":"cOSMografix","timestamp":"2026-09-27T21:10:20Z","changeset":"189650351","changes":[{"k":"lit","old":null,"new":"no"}]}},{"type":"Feature","geometry":{"type":"LineString","coordinates":[[5.38719,43.91761],[5.38723,43.91758],[5.38743,43.91757],[5.3876,43.91757],[5.3879,43.91757],[5.38838,43.91758],[5.38882,43.91758],[5.38926,43.91759],[5.38952,43.91758],[5.38964,43.91754]]},"properties":{"action":"modify","state":"new","osm_type":"way","osm_id":"1436634194","highway":"track","axis":"path","version":"2","user":"cOSMografix","timestamp":"2026-09-27T21:10:22Z","changeset":"189650351","changes":[{"k":"lit","old":null,"new":"no"}]}},{"type":"Feature","geometry":{"type":"LineString","coordinates":[[5.39021,43.9223],[5.39038,43.9223],[5.39118,43.92227],[5.3913,43.92228],[5.39143,43.92232],[5.39157,43.92237],[5.39167,43.92242],[5.39178,43.92247],[5.39211,43.92258]]},"properties":{"action":"modify","state":"new","osm_type":"way","osm_id":"1436707717","highway":"track","axis":"path","version":"2","user":"cOSMografix","timestamp":"2026-09-27T21:10:23Z","changeset":"189650351","changes":[{"k":"lit","old":null,"new":"no"}]}},{"type":"Feature","geometry":{"type":"LineString","coordinates":[[5.37262,43.9101],[5.3727,43.91006],[5.37285,43.90993],[5.37301,43.90975],[5.37319,43.90955],[5.37346,43.90919],[5.37366,43.90892]]},"properties":{"action":"modify","state":"new","osm_type":"way","osm_id":"1446447598","highway":"track","axis":"path","version":"2","user":"cOSMografix","timestamp":"2026-09-27T21:10:19Z","changeset":"189650351","changes":[{"k":"lit","old":null,"new":"no"}]}},{"type":"Feature","geometry":{"type":"LineString","coordinates":[[5.3789,43.91344],[5.37903,43.91338],[5.37928,43.91323],[5.37973,43.91298],[5.37993,43.91289],[5.38007,43.91288],[5.38032,43.9129],[5.38063,43.91296],[5.38075,43.91296],[5.38101,43.91296],[5.38114,43.91298],[5.38126,43.91301],[5.3816,43.91333]]},"properties":{"action":"modify","state":"new","osm_type":"way","osm_id":"1446447603","highway":"track","axis":"path","version":"2","user":"cOSMografix","timestamp":"2026-09-27T21:10:20Z","changeset":"189650351","changes":[{"k":"lit","old":null,"new":"no"}]}},{"type":"Feature","geometry":{"type":"LineString","coordinates":[[5.3805,43.91573],[5.3806,43.91567],[5.38088,43.91549],[5.38094,43.91546],[5.38094,43.91542],[5.38093,43.91539],[5.38076,43.91529],[5.38068,43.91524],[5.38064,43.9152],[5.38065,43.91518],[5.3811,43.91481],[5.38145,43.91451],[5.38194,43.91411],[5.38211,43.91398]]},"properties":{"action":"modify","state":"new","osm_type":"way","osm_id":"1446447629","highway":"track","axis":"path","version":"2","user":"cOSMografix","timestamp":"2026-09-27T21:10:13Z","changeset":"189650351","changes":[{"k":"lit","old":null,"new":"no"}]}},{"type":"Feature","geometry":{"type":"LineString","coordinates":[[5.37144,43.91165],[5.37153,43.9117],[5.37159,43.91173],[5.37165,43.91181],[5.37169,43.91188],[5.37172,43.91193],[5.37174,43.91196],[5.37176,43.91197],[5.37181,43.91197],[5.37195,43.91194],[5.37203,43.91192],[5.37218,43.91189],[5.3724,43.91184],[5.37259,43.91179],[5.37284,43.91172],[5.37298,43.91164],[5.3731,43.91157],[5.3733,43.9115],[5.37341,43.91142],[5.37359,43.91133],[5.3738,43.91124],[5.37393,43.91121]]},"properties":{"action":"modify","state":"new","osm_type":"way","osm_id":"1446666221","highway":"track","axis":"path","version":"2","user":"cOSMografix","timestamp":"2026-09-27T21:10:19Z","changeset":"189650351","changes":[{"k":"lit","old":null,"new":"no"}]}},{"type":"Feature","geometry":{"type":"LineString","coordinates":[[5.37876,43.91768],[5.37878,43.91772],[5.37884,43.9178],[5.37891,43.91785],[5.379,43.91789],[5.37928,43.918],[5.37961,43.91815],[5.37966,43.91815],[5.37975,43.91814],[5.37983,43.91813],[5.37986,43.91817],[5.37978,43.91823],[5.37965,43.91831],[5.37937,43.91848],[5.37911,43.91866],[5.37897,43.91874],[5.37892,43.91876],[5.37885,43.91876],[5.37877,43.91873],[5.37869,43.91869],[5.37864,43.91866],[5.37851,43.91862],[5.3784,43.91857],[5.37832,43.91852],[5.3782,43.91848],[5.37808,43.91842],[5.37794,43.91836],[5.37777,43.9183],[5.37765,43.91826]]},"properties":{"action":"modify","state":"new","osm_type":"way","osm_id":"1449334192","highway":"track","axis":"path","version":"2","user":"cOSMografix","timestamp":"2026-09-27T21:10:14Z","changeset":"189650351","changes":[{"k":"lit","old":null,"new":"no"}]}},{"type":"Feature","geometry":{"type":"LineString","coordinates":[[5.39593,43.87828],[5.3958,43.87817]]},"properties":{"action":"delete","state":"new","osm_type":"way","osm_id":"1451362712","highway":"steps","axis":"path","version":"2","user":"Alexandre148025","timestamp":"2026-09-23T13:28:32Z","changeset":"189449915","changes":[{"k":"highway","old":"steps","new":null}]}},{"type":"Feature","geometry":{"type":"LineString","coordinates":[[5.39607,43.87815],[5.39578,43.87836],[5.39563,43.87851],[5.39549,43.87864],[5.39529,43.87881],[5.39525,43.8789]]},"properties":{"action":"modify","state":"new","osm_type":"way","osm_id":"1451362713","highway":"steps","axis":"path","version":"4","user":"Alexandre148025","timestamp":"2026-09-23T13:28:32Z","changeset":"189449915","changes":[{"k":"name","old":"escalierr","new":null}]}},{"type":"Feature","geometry":{"type":"LineString","coordinates":[[5.39617,43.87766],[5.3962,43.87774],[5.39629,43.87785],[5.39633,43.87792],[5.39629,43.87798],[5.39616,43.87808],[5.39606,43.87814],[5.39593,43.87828],[5.39587,43.87831],[5.39578,43.87837],[5.39563,43.87851],[5.39549,43.87864],[5.39529,43.87881],[5.39525,43.8789]]},"properties":{"state":"old","osm_id":"1451362713","axis":"path"}},{"type":"Feature","geometry":{"type":"LineString","coordinates":[[4.91125,43.95372],[4.91116,43.95372],[4.91055,43.95371],[4.91032,43.95371],[4.90993,43.95372],[4.90982,43.95372],[4.90952,43.95373],[4.90944,43.95373],[4.90927,43.95374]]},"properties":{"action":"modify","state":"new","osm_type":"way","osm_id":"1451368601","highway":"secondary","axis":"secondary","version":"2","user":"JLZIMMERMANN","timestamp":"2026-09-23T14:11:43Z","changeset":"189452082","name":"Route de Saint-Saturnin","ref":"D 28","surface":"asphalt","changes":[{"k":"operator","old":null,"new":"CD84"}]}},{"type":"Feature","geometry":{"type":"LineString","coordinates":[[4.90927,43.95374],[4.90709,43.95385]]},"properties":{"action":"modify","state":"new","osm_type":"way","osm_id":"1451368602","highway":"secondary","axis":"secondary","version":"2","user":"JLZIMMERMANN","timestamp":"2026-09-23T14:11:43Z","changeset":"189452082","name":"Route de Saint-Saturnin","ref":"D 28","surface":"asphalt","changes":[{"k":"operator","old":null,"new":"CD84"}]}},{"type":"Feature","geometry":{"type":"Polygon","coordinates":[[[4.99584,44.03533],[4.99583,44.03543],[4.99593,44.03544],[4.99599,44.03532],[4.99587,44.0353],[4.99585,44.03532],[4.99585,44.03532],[4.99584,44.03533]]]},"properties":{"action":"modify","state":"new","osm_type":"way","osm_id":"1455767655","highway":"pedestrian","axis":"path","version":"3","user":"enzo_immergis","timestamp":"2026-09-28T16:22:07Z","changeset":"189687837","name":"Place Joseph D\u00e9cor"}},{"type":"Feature","geometry":{"type":"Polygon","coordinates":[[[4.99584,44.03533],[4.99583,44.03543],[4.99593,44.03544],[4.99599,44.03532],[4.99587,44.0353],[4.99585,44.03532],[4.99584,44.03533]]]},"properties":{"state":"old","osm_id":"1455767655","axis":"path"}},{"type":"Feature","geometry":{"type":"LineString","coordinates":[[4.90471,43.89261],[4.90497,43.89242],[4.90525,43.8922],[4.90542,43.89207],[4.9056,43.8919],[4.90578,43.8918],[4.90601,43.89172],[4.90631,43.89169],[4.90679,43.89168],[4.90722,43.89164],[4.90783,43.89156],[4.90837,43.89147],[4.90857,43.89142],[4.90881,43.89134],[4.90938,43.89113],[4.90979,43.89101],[4.91025,43.89087],[4.91037,43.89082],[4.91058,43.8907]]},"properties":{"action":"modify","state":"new","osm_type":"way","osm_id":"1459584460","highway":"construction","axis":"works","version":"7","user":"la meilleure carte","timestamp":"2026-09-23T17:23:08Z","changeset":"189461105","name":"Route de Marseille","changes":[{"k":"cycleway:left","old":"no","new":null},{"k":"highway","old":"primary","new":"construction"},{"k":"lanes","old":"2","new":null},{"k":"maxspeed","old":"50","new":null},{"k":"parking:both","old":"no","new":null},{"k":"ref","old":"D 907","new":null},{"k":"sidewalk","old":"no","new":null},{"k":"surface","old":"asphalt","new":null}]}},{"type":"Feature","geometry":{"type":"LineString","coordinates":[[4.91073,43.89073],[4.9103,43.89094],[4.90989,43.89106],[4.9096,43.89114],[4.90897,43.89137],[4.9087,43.89147],[4.90823,43.89158],[4.90786,43.89164],[4.90748,43.8917],[4.907,43.89173],[4.90655,43.89177],[4.90631,43.89178],[4.90613,43.89179],[4.90579,43.89188],[4.90559,43.89203],[4.90533,43.89226],[4.90509,43.89245],[4.90472,43.89271]]},"properties":{"action":"modify","state":"new","osm_type":"way","osm_id":"1459584461","highway":"construction","axis":"works","version":"8","user":"la meilleure carte","timestamp":"2026-09-23T17:23:08Z","changeset":"189461105","name":"Route de Marseille","changes":[{"k":"cycleway:left","old":"no","new":null},{"k":"highway","old":"primary","new":"construction"},{"k":"lanes","old":"2","new":null},{"k":"maxspeed","old":"50","new":null},{"k":"parking:both","old":"no","new":null},{"k":"ref","old":"D 907","new":null},{"k":"sidewalk","old":"no","new":null},{"k":"surface","old":"asphalt","new":null}]}},{"type":"Feature","geometry":{"type":"LineString","coordinates":[[4.90594,43.89237],[4.90568,43.89243],[4.90545,43.89248],[4.90508,43.89259],[4.90472,43.89271]]},"properties":{"action":"modify","state":"new","osm_type":"way","osm_id":"1459584462","highway":"primary","axis":"main","version":"4","user":"GuyonT","timestamp":"2026-09-23T13:11:32Z","changeset":"189449065","name":"Route de Marseille","ref":"D 907","surface":"asphalt","maxspeed":"90","changes":[{"k":"check_date","old":"2026-06-29","new":null},{"k":"construction","old":"primary","new":null},{"k":"highway","old":"construction","new":"primary"}]}},{"type":"Feature","geometry":{"type":"LineString","coordinates":[[4.90471,43.89261],[4.90526,43.89244],[4.90575,43.89231],[4.90611,43.89224],[4.90649,43.89218],[4.90667,43.89215],[4.90731,43.89205],[4.90766,43.892],[4.90793,43.89194],[4.90818,43.89188],[4.90843,43.89181],[4.90869,43.89173],[4.90897,43.89162],[4.90922,43.89151],[4.90948,43.89138],[4.90969,43.89127]]},"properties":{"action":"modify","state":"new","osm_type":"way","osm_id":"1459584463","highway":"primary","axis":"main","version":"7","user":"la meilleure carte","timestamp":"2026-09-23T17:23:08Z","changeset":"189461105","name":"Route de Marseille","ref":"D 907","surface":"asphalt","maxspeed":"90","changes":[{"k":"check_date","old":"2026-09-13","new":null},{"k":"construction","old":"primary","new":null},{"k":"highway","old":"construction","new":"primary"}]}},{"type":"Feature","geometry":{"type":"LineString","coordinates":[[4.90969,43.89127],[4.91058,43.8907]]},"properties":{"action":"modify","state":"new","osm_type":"way","osm_id":"1459584465","highway":"primary","axis":"main","version":"4","user":"la meilleure carte","timestamp":"2026-09-23T17:23:08Z","changeset":"189461105","name":"Route de Marseille","ref":"D 907","surface":"asphalt","changes":[{"k":"check_date","old":"2026-06-29","new":null},{"k":"construction","old":"primary","new":null},{"k":"highway","old":"construction","new":"primary"}]}},{"type":"Feature","geometry":{"type":"LineString","coordinates":[[4.94071,43.95978],[4.94094,43.95984],[4.94116,43.95988],[4.94148,43.95995],[4.94177,43.96]]},"properties":{"action":"modify","state":"new","osm_type":"way","osm_id":"1462272716","highway":"secondary","axis":"secondary","version":"2","user":"JLZIMMERMANN","timestamp":"2026-09-23T14:11:43Z","changeset":"189452082","name":"Route de Pernes","surface":"asphalt","maxspeed":"50","changes":[{"k":"ref","old":"D 28","new":null},{"k":"was:ref","old":null,"new":"D 28"}]}},{"type":"Feature","geometry":{"type":"LineString","coordinates":[[4.94177,43.96],[4.94211,43.96007],[4.94234,43.96012],[4.94245,43.96015],[4.94267,43.96021]]},"properties":{"action":"modify","state":"new","osm_type":"way","osm_id":"1462272717","highway":"secondary","axis":"secondary","version":"2","user":"JLZIMMERMANN","timestamp":"2026-09-23T14:11:43Z","changeset":"189452082","name":"Route de Pernes","surface":"asphalt","maxspeed":"50","changes":[{"k":"ref","old":"D 28","new":null},{"k":"was:ref","old":null,"new":"D 28"}]}},{"type":"Feature","geometry":{"type":"LineString","coordinates":[[4.94267,43.96021],[4.94285,43.96027],[4.94305,43.96034],[4.94334,43.96046],[4.94373,43.96061]]},"properties":{"action":"modify","state":"new","osm_type":"way","osm_id":"1462272718","highway":"secondary","axis":"secondary","version":"2","user":"JLZIMMERMANN","timestamp":"2026-09-23T14:11:43Z","changeset":"189452082","name":"Route de Pernes","surface":"asphalt","maxspeed":"50","changes":[{"k":"ref","old":"D 28","new":null},{"k":"was:ref","old":null,"new":"D 28"}]}},{"type":"Feature","geometry":{"type":"LineString","coordinates":[[4.94821,43.96234],[4.94845,43.96242],[4.94866,43.96249],[4.94887,43.96255],[4.94905,43.96258],[4.94926,43.96262],[4.94951,43.96265],[4.94978,43.96267],[4.95006,43.96269],[4.95041,43.96269]]},"properties":{"action":"modify","state":"new","osm_type":"way","osm_id":"1463155129","highway":"secondary","axis":"secondary","version":"2","user":"JLZIMMERMANN","timestamp":"2026-09-23T14:11:43Z","changeset":"189452082","name":"Route de Pernes","surface":"asphalt","maxspeed":"70","changes":[{"k":"ref","old":"D 28","new":null},{"k":"was:ref","old":null,"new":"D 28"}]}},{"type":"Feature","geometry":{"type":"LineString","coordinates":[[5.02897,43.91967],[5.02864,43.91977]]},"properties":{"action":"modify","state":"new","osm_type":"way","osm_id":"1463668119","highway":"secondary","axis":"secondary","version":"3","user":"enzo_immergis","timestamp":"2026-09-29T08:43:43Z","changeset":"189715545","name":"Route du Thor","surface":"asphalt","maxspeed":"30"}},{"type":"Feature","geometry":{"type":"LineString","coordinates":[[5.03463,43.91916],[5.03445,43.91913],[5.03439,43.91912],[5.03418,43.91908],[5.03392,43.91904]]},"properties":{"action":"modify","state":"new","osm_type":"way","osm_id":"1463668120","highway":"secondary","axis":"secondary","version":"3","user":"enzo_immergis","timestamp":"2026-09-29T08:43:43Z","changeset":"189715545","name":"Route du Thor","surface":"asphalt","maxspeed":"30","changes":[{"k":"cycleway:both","old":null,"new":"no"}]}},{"type":"Feature","geometry":{"type":"LineString","coordinates":[[5.31284,43.86695],[5.31291,43.86701],[5.31307,43.86706],[5.31315,43.86713],[5.31324,43.86732],[5.31331,43.86756],[5.31331,43.8677]]},"properties":{"action":"modify","state":"new","osm_type":"way","osm_id":"1476780083","highway":"track","axis":"path","version":"2","user":"cOSMografix","timestamp":"2026-09-26T09:25:50Z","changeset":"189578337","changes":[{"k":"lit","old":null,"new":"no"}]}},{"type":"Feature","geometry":{"type":"LineString","coordinates":[[4.86088,43.9514],[4.86068,43.95133]]},"properties":{"action":"modify","state":"new","osm_type":"way","osm_id":"1483589996","highway":"secondary","axis":"secondary","version":"2","user":"JLZIMMERMANN","timestamp":"2026-09-23T14:11:43Z","changeset":"189452082","name":"Route de Saint-Saturnin","ref":"D 28","maxspeed":"70","changes":[{"k":"operator","old":null,"new":"CD84"}]}},{"type":"Feature","geometry":{"type":"LineString","coordinates":[[5.38126,43.90957],[5.38122,43.90954],[5.3809,43.90916],[5.38041,43.90868],[5.37991,43.90808]]},"properties":{"action":"modify","state":"new","osm_type":"way","osm_id":"1488968010","highway":"track","axis":"path","version":"2","user":"cOSMografix","timestamp":"2026-09-27T20:30:13Z","changeset":"189649263","changes":[{"k":"lit","old":null,"new":"no"}]}},{"type":"Feature","geometry":{"type":"LineString","coordinates":[[4.95156,43.89303],[4.95121,43.89305],[4.95064,43.89308],[4.95025,43.89308],[4.94987,43.89309],[4.94974,43.89308],[4.94965,43.89307],[4.9496,43.89305],[4.94955,43.89304],[4.94946,43.89298]]},"properties":{"action":"modify","state":"new","osm_type":"way","osm_id":"1512645334","highway":"tertiary","axis":"secondary","version":"2","user":"JLZIMMERMANN","timestamp":"2026-09-25T12:14:55Z","changeset":"189541592","name":"Route de l'Isle sur la Sorgue","ref":"D 25","surface":"asphalt","changes":[{"k":"operator","old":null,"new":"CD84"}]}},{"type":"Feature","geometry":{"type":"LineString","coordinates":[[4.95156,43.89303],[4.95121,43.89305],[4.95064,43.89308],[4.95025,43.89308],[4.94987,43.89309],[4.94974,43.89308],[4.94965,43.89307],[4.9496,43.89305],[4.94955,43.89304],[4.94951,43.89301]]},"properties":{"state":"old","osm_id":"1512645334","axis":"secondary"}},{"type":"Feature","geometry":{"type":"LineString","coordinates":[[4.87576,44.00588],[4.87542,44.0058],[4.87531,44.00555],[4.8753,44.0055],[4.87529,44.00547]]},"properties":{"action":"modify","state":"new","osm_type":"way","osm_id":"1516624434","highway":"footway","axis":"path","version":"2","user":"enzo_immergis","timestamp":"2026-09-28T16:16:06Z","changeset":"189687581"}},{"type":"Feature","geometry":{"type":"LineString","coordinates":[[4.87576,44.00588],[4.87542,44.0058],[4.87531,44.00555],[4.87529,44.00547]]},"properties":{"state":"old","osm_id":"1516624434","axis":"path"}},{"type":"Feature","geometry":{"type":"LineString","coordinates":[[4.8456,43.92708],[4.84556,43.92702],[4.84553,43.92696],[4.84553,43.92689],[4.84555,43.92682],[4.84561,43.9267],[4.84565,43.92667],[4.84586,43.92654],[4.84616,43.92635],[4.84668,43.92611],[4.84678,43.92608],[4.84685,43.92608]]},"properties":{"action":"modify","state":"new","osm_type":"way","osm_id":"1535185568","highway":"footway","axis":"path","version":"2","user":"GuyonT","timestamp":"2026-09-23T13:24:38Z","changeset":"189449725","surface":"fine_gravel","changes":[{"k":"surface","old":null,"new":"fine_gravel"}]}},{"type":"Feature","geometry":{"type":"LineString","coordinates":[[4.84704,43.92599],[4.84718,43.92589],[4.84728,43.92583],[4.84743,43.92576],[4.84762,43.92567],[4.84786,43.92556],[4.84813,43.92543],[4.84835,43.92535],[4.84852,43.92529],[4.84872,43.92524],[4.84894,43.92517],[4.84902,43.92516],[4.84909,43.92515],[4.84912,43.92515],[4.84918,43.92517],[4.84923,43.9252],[4.84924,43.92521]]},"properties":{"action":"modify","state":"new","osm_type":"way","osm_id":"1535185570","highway":"footway","axis":"path","version":"2","user":"GuyonT","timestamp":"2026-09-23T13:24:32Z","changeset":"189449725","surface":"fine_gravel","changes":[{"k":"surface","old":null,"new":"fine_gravel"}]}},{"type":"Feature","geometry":{"type":"LineString","coordinates":[[5.12658,43.85131],[5.12665,43.85119],[5.12674,43.85107],[5.12702,43.85117]]},"properties":{"action":"modify","state":"new","osm_type":"way","osm_id":"1541362758","highway":"service","axis":"local","version":"3","user":"cOSMografix","timestamp":"2026-09-26T09:24:59Z","changeset":"189578272","surface":"compacted","changes":[{"k":"lit","old":null,"new":"no"},{"k":"surface","old":null,"new":"compacted"}]}},{"type":"Feature","geometry":{"type":"LineString","coordinates":[[5.08172,43.92042],[5.08151,43.92045],[5.08119,43.92049],[5.08105,43.9205],[5.08101,43.9205],[5.08091,43.9205],[5.08074,43.92049],[5.07967,43.92043],[5.07937,43.92041],[5.07914,43.92041],[5.07875,43.92041],[5.07785,43.92045],[5.07766,43.92047],[5.07746,43.9205],[5.07731,43.92056],[5.07716,43.92064],[5.07679,43.92088],[5.07644,43.92111]]},"properties":{"action":"modify","state":"new","osm_type":"way","osm_id":"1544825687","highway":"tertiary","axis":"secondary","version":"2","user":"JLZIMMERMANN","timestamp":"2026-09-25T12:14:55Z","changeset":"189541592","name":"Route de Fontaine de Vaucluse","ref":"D 25","surface":"asphalt","changes":[{"k":"operator","old":null,"new":"CD84"}]}},{"type":"Feature","geometry":{"type":"LineString","coordinates":[[4.88059,44.00341],[4.88045,44.00339],[4.88033,44.00336],[4.88013,44.00333],[4.87989,44.00327]]},"properties":{"action":"modify","state":"new","osm_type":"way","osm_id":"1546024002","highway":"secondary","axis":"secondary","version":"2","user":"JLZIMMERMANN","timestamp":"2026-09-23T07:18:35Z","changeset":"189433706","name":"Boulevard Salvador Allende","surface":"asphalt","changes":[{"k":"ref","old":"D 226","new":null},{"k":"was:ref","old":null,"new":"D 226"}]}},{"type":"Feature","geometry":{"type":"LineString","coordinates":[[4.88169,44.0035],[4.88162,44.0035],[4.88145,44.00349],[4.88113,44.00347]]},"properties":{"action":"modify","state":"new","osm_type":"way","osm_id":"1546024003","highway":"secondary","axis":"secondary","version":"2","user":"JLZIMMERMANN","timestamp":"2026-09-23T07:18:35Z","changeset":"189433706","name":"Boulevard Salvador Allende","surface":"asphalt","changes":[{"k":"ref","old":"D 226","new":null},{"k":"was:ref","old":null,"new":"D 226"}]}},{"type":"Feature","geometry":{"type":"LineString","coordinates":[[4.87989,44.00327],[4.87977,44.00324],[4.87964,44.00321],[4.87957,44.00319]]},"properties":{"action":"modify","state":"new","osm_type":"way","osm_id":"1546024004","highway":"secondary","axis":"secondary","version":"2","user":"JLZIMMERMANN","timestamp":"2026-09-23T07:18:35Z","changeset":"189433706","name":"Boulevard Salvador Allende","surface":"asphalt","changes":[{"k":"ref","old":"D 226","new":null},{"k":"was:ref","old":null,"new":"D 226"}]}},{"type":"Feature","geometry":{"type":"LineString","coordinates":[[4.88113,44.00347],[4.88096,44.00345],[4.88059,44.00341]]},"properties":{"action":"modify","state":"new","osm_type":"way","osm_id":"1546024005","highway":"secondary","axis":"secondary","version":"2","user":"JLZIMMERMANN","timestamp":"2026-09-23T07:18:35Z","changeset":"189433706","name":"Boulevard Salvador Allende","surface":"asphalt","changes":[{"k":"ref","old":"D 226","new":null},{"k":"was:ref","old":null,"new":"D 226"}]}},{"type":"Feature","geometry":{"type":"LineString","coordinates":[[4.99473,44.0371],[4.99463,44.03709],[4.99449,44.03708],[4.99443,44.03707],[4.99419,44.03705],[4.99416,44.03704],[4.99388,44.03701],[4.99386,44.03701]]},"properties":{"action":"modify","state":"new","osm_type":"way","osm_id":"1546213888","highway":"unclassified","axis":"local","version":"2","user":"enzo_immergis","timestamp":"2026-09-28T16:22:07Z","changeset":"189687837","name":"Rue Aim\u00e9 Dupr\u00e9","maxspeed":"30","changes":[{"k":"cycleway:both","old":null,"new":"no"}]}},{"type":"Feature","geometry":{"type":"LineString","coordinates":[[4.99491,44.03711],[4.99482,44.0371],[4.99473,44.0371]]},"properties":{"action":"modify","state":"new","osm_type":"way","osm_id":"1546213889","highway":"unclassified","axis":"local","version":"2","user":"enzo_immergis","timestamp":"2026-09-28T16:22:07Z","changeset":"189687837","name":"Rue Aim\u00e9 Dupr\u00e9","maxspeed":"30","changes":[{"k":"cycleway:both","old":null,"new":"no"}]}},{"type":"Feature","geometry":{"type":"LineString","coordinates":[[5.38213,43.89243],[5.38215,43.89249]]},"properties":{"action":"modify","state":"new","osm_type":"way","osm_id":"1547728900","highway":"secondary","axis":"secondary","version":"2","user":"cOSMografix","timestamp":"2026-09-26T09:26:21Z","changeset":"189578372","name":"Route d'Apt","ref":"D 943","surface":"asphalt","maxspeed":"80","changes":[{"k":"maxweight:signed","old":null,"new":"no"}]}},{"type":"Feature","geometry":{"type":"LineString","coordinates":[[5.38213,43.88253],[5.38208,43.88249],[5.38199,43.88243],[5.38195,43.8824],[5.38179,43.88247]]},"properties":{"action":"modify","state":"new","osm_type":"way","osm_id":"1547728902","highway":"service","axis":"local","version":"2","user":"Alexandre148025","timestamp":"2026-09-23T13:28:32Z","changeset":"189449915","changes":[{"k":"service","old":null,"new":"parking_aisle"}]}},{"type":"Feature","geometry":{"type":"LineString","coordinates":[[5.1244,43.85058],[5.12439,43.85064],[5.12435,43.85077]]},"properties":{"action":"modify","state":"new","osm_type":"way","osm_id":"1553991549","highway":"service","axis":"local","version":"2","user":"cOSMografix","timestamp":"2026-09-26T09:24:58Z","changeset":"189578270","changes":[{"k":"lit","old":null,"new":"no"}]}},{"type":"Feature","geometry":{"type":"LineString","coordinates":[[5.38571,43.91165],[5.38563,43.91162]]},"properties":{"action":"modify","state":"new","osm_type":"way","osm_id":"1554173920","highway":"tertiary","axis":"secondary","version":"2","user":"cOSMografix","timestamp":"2026-09-27T20:30:12Z","changeset":"189649262","ref":"D 111","surface":"asphalt","changes":[{"k":"maxweight:signed","old":null,"new":"no"}]}},{"type":"Feature","geometry":{"type":"LineString","coordinates":[[5.41166,43.9281],[5.41161,43.92806],[5.41158,43.92803],[5.4114,43.92784],[5.41117,43.92757],[5.41108,43.92747],[5.41093,43.92732],[5.41066,43.92705]]},"properties":{"action":"modify","state":"new","osm_type":"way","osm_id":"1554173922","highway":"tertiary","axis":"secondary","version":"4","user":"cOSMografix","timestamp":"2026-09-27T20:30:07Z","changeset":"189649255","name":"Route du Stade","surface":"asphalt","maxspeed":"80","changes":[{"k":"lane_markings","old":null,"new":"no"},{"k":"smoothness","old":null,"new":"good"},{"k":"surface","old":null,"new":"asphalt"}]}},{"type":"Feature","geometry":{"type":"LineString","coordinates":[[4.93414,43.95782],[4.93408,43.95781],[4.93395,43.95776],[4.9339,43.95773]]},"properties":{"action":"modify","state":"new","osm_type":"way","osm_id":"1555095502","highway":"secondary","axis":"secondary","version":"2","user":"JLZIMMERMANN","timestamp":"2026-09-23T14:11:43Z","changeset":"189452082","name":"Avenue de la R\u00e9tanque","surface":"asphalt","maxspeed":"30","changes":[{"k":"ref","old":"D 28","new":null},{"k":"was:ref","old":null,"new":"D 28"}]}},{"type":"Feature","geometry":{"type":"LineString","coordinates":[[4.9339,43.95773],[4.93396,43.95773],[4.93411,43.95775],[4.93418,43.95775]]},"properties":{"action":"modify","state":"new","osm_type":"way","osm_id":"1555095503","highway":"secondary","axis":"secondary","version":"2","user":"JLZIMMERMANN","timestamp":"2026-09-23T14:11:43Z","changeset":"189452082","name":"Avenue de la R\u00e9tanque","surface":"asphalt","maxspeed":"30","changes":[{"k":"ref","old":"D 28","new":null},{"k":"was:ref","old":null,"new":"D 28"}]}},{"type":"Feature","geometry":{"type":"LineString","coordinates":[[4.93433,43.9578],[4.93438,43.95782],[4.9345,43.95784],[4.93455,43.95787]]},"properties":{"action":"modify","state":"new","osm_type":"way","osm_id":"1555095504","highway":"secondary","axis":"secondary","version":"2","user":"JLZIMMERMANN","timestamp":"2026-09-23T14:11:43Z","changeset":"189452082","name":"Route de Pernes","surface":"asphalt","maxspeed":"30","changes":[{"k":"ref","old":"D 28","new":null},{"k":"was:ref","old":null,"new":"D 28"}]}},{"type":"Feature","geometry":{"type":"LineString","coordinates":[[4.93455,43.95787],[4.9345,43.95788],[4.93437,43.95787],[4.93429,43.95786]]},"properties":{"action":"modify","state":"new","osm_type":"way","osm_id":"1555095505","highway":"secondary","axis":"secondary","version":"2","user":"JLZIMMERMANN","timestamp":"2026-09-23T14:11:43Z","changeset":"189452082","name":"Route de Pernes","surface":"asphalt","maxspeed":"30","changes":[{"k":"ref","old":"D 28","new":null},{"k":"was:ref","old":null,"new":"D 28"}]}},{"type":"Feature","geometry":{"type":"LineString","coordinates":[[4.93414,43.95782],[4.93414,43.9578],[4.93415,43.95779],[4.93416,43.95777],[4.93418,43.95775]]},"properties":{"action":"modify","state":"new","osm_type":"way","osm_id":"1555323739","highway":"secondary","axis":"secondary","version":"2","user":"JLZIMMERMANN","timestamp":"2026-09-23T14:11:43Z","changeset":"189452082","surface":"asphalt","changes":[{"k":"was:ref","old":null,"new":"D 28"}]}},{"type":"Feature","geometry":{"type":"LineString","coordinates":[[4.93433,43.9578],[4.93433,43.95782],[4.93432,43.95784],[4.93431,43.95785],[4.93429,43.95786]]},"properties":{"action":"modify","state":"new","osm_type":"way","osm_id":"1555323740","highway":"secondary","axis":"secondary","version":"2","user":"JLZIMMERMANN","timestamp":"2026-09-23T14:11:43Z","changeset":"189452082","surface":"asphalt","changes":[{"k":"was:ref","old":null,"new":"D 28"}]}},{"type":"Feature","geometry":{"type":"LineString","coordinates":[[4.93415,43.95784],[4.93414,43.95782]]},"properties":{"action":"modify","state":"new","osm_type":"way","osm_id":"1555323745","highway":"secondary","axis":"secondary","version":"2","user":"JLZIMMERMANN","timestamp":"2026-09-23T14:11:43Z","changeset":"189452082","surface":"asphalt","changes":[{"k":"was:ref","old":null,"new":"D 28"}]}},{"type":"Feature","geometry":{"type":"LineString","coordinates":[[4.93418,43.95775],[4.93421,43.95775]]},"properties":{"action":"modify","state":"new","osm_type":"way","osm_id":"1555323746","highway":"secondary","axis":"secondary","version":"2","user":"JLZIMMERMANN","timestamp":"2026-09-23T14:11:43Z","changeset":"189452082","surface":"asphalt","changes":[{"k":"was:ref","old":null,"new":"D 28"}]}},{"type":"Feature","geometry":{"type":"LineString","coordinates":[[5.03733,44.02757],[5.03721,44.02757],[5.03708,44.02756],[5.03704,44.02759],[5.03703,44.02771],[5.03711,44.02775]]},"properties":{"action":"create","state":"new","osm_type":"way","osm_id":"1561508720","highway":"service","axis":"local","version":"1","user":"JLZIMMERMANN","timestamp":"2026-09-23T07:01:23Z","changeset":"189433180","changes":[{"k":"highway","old":null,"new":"service"}]}},{"type":"Feature","geometry":{"type":"LineString","coordinates":[[5.0373,44.02745],[5.03743,44.02743],[5.03759,44.02744],[5.03762,44.02745],[5.03763,44.02752]]},"properties":{"action":"create","state":"new","osm_type":"way","osm_id":"1561508721","highway":"service","axis":"local","version":"1","user":"JLZIMMERMANN","timestamp":"2026-09-23T07:01:23Z","changeset":"189433180","changes":[{"k":"highway","old":null,"new":"service"}]}},{"type":"Feature","geometry":{"type":"LineString","coordinates":[[5.037,44.02557],[5.03714,44.02561],[5.03723,44.02566],[5.0373,44.02578]]},"properties":{"action":"create","state":"new","osm_type":"way","osm_id":"1561508722","highway":"service","axis":"local","version":"1","user":"JLZIMMERMANN","timestamp":"2026-09-23T07:01:23Z","changeset":"189433180","changes":[{"k":"highway","old":null,"new":"service"}]}},{"type":"Feature","geometry":{"type":"LineString","coordinates":[[5.03694,44.02423],[5.03701,44.02416],[5.03708,44.02406],[5.03708,44.02399]]},"properties":{"action":"create","state":"new","osm_type":"way","osm_id":"1561508723","highway":"service","axis":"local","version":"1","user":"JLZIMMERMANN","timestamp":"2026-09-23T07:01:23Z","changeset":"189433180","changes":[{"k":"highway","old":null,"new":"service"}]}},{"type":"Feature","geometry":{"type":"LineString","coordinates":[[5.03564,44.02152],[5.03551,44.02159],[5.03542,44.02165],[5.03524,44.02159]]},"properties":{"action":"create","state":"new","osm_type":"way","osm_id":"1561508724","highway":"service","axis":"local","version":"1","user":"JLZIMMERMANN","timestamp":"2026-09-23T07:01:23Z","changeset":"189433180","changes":[{"k":"highway","old":null,"new":"service"}]}},{"type":"Feature","geometry":{"type":"LineString","coordinates":[[5.03055,44.01647],[5.03068,44.01645],[5.0312,44.01636]]},"properties":{"action":"create","state":"new","osm_type":"way","osm_id":"1561508725","highway":"service","axis":"local","version":"1","user":"JLZIMMERMANN","timestamp":"2026-09-23T07:01:23Z","changeset":"189433180","changes":[{"k":"highway","old":null,"new":"service"}]}},{"type":"Feature","geometry":{"type":"LineString","coordinates":[[5.03035,44.0162],[5.03058,44.01616],[5.03118,44.01605],[5.03127,44.01627]]},"properties":{"action":"create","state":"new","osm_type":"way","osm_id":"1561508726","highway":"service","axis":"local","version":"1","user":"JLZIMMERMANN","timestamp":"2026-09-23T07:01:23Z","changeset":"189433180","changes":[{"k":"highway","old":null,"new":"service"}]}},{"type":"Feature","geometry":{"type":"LineString","coordinates":[[5.03016,44.01594],[5.03031,44.01589],[5.03038,44.01588],[5.03042,44.01599]]},"properties":{"action":"create","state":"new","osm_type":"way","osm_id":"1561508727","highway":"service","axis":"local","version":"1","user":"JLZIMMERMANN","timestamp":"2026-09-23T07:01:23Z","changeset":"189433180","changes":[{"k":"highway","old":null,"new":"service"}]}},{"type":"Feature","geometry":{"type":"LineString","coordinates":[[5.02994,44.01586],[5.0299,44.01581],[5.02984,44.01575],[5.02976,44.01571],[5.0294,44.01571],[5.02935,44.01567],[5.02934,44.01556]]},"properties":{"action":"create","state":"new","osm_type":"way","osm_id":"1561508728","highway":"service","axis":"local","version":"1","user":"JLZIMMERMANN","timestamp":"2026-09-23T07:01:23Z","changeset":"189433180","changes":[{"k":"highway","old":null,"new":"service"}]}},{"type":"Feature","geometry":{"type":"LineString","coordinates":[[4.88291,44.01986],[4.88252,44.01903],[4.8826,44.01896],[4.88323,44.0188]]},"properties":{"action":"create","state":"new","osm_type":"way","osm_id":"1561513153","highway":"service","axis":"local","version":"1","user":"JLZIMMERMANN","timestamp":"2026-09-23T07:34:28Z","changeset":"189434261","changes":[{"k":"highway","old":null,"new":"service"}]}},{"type":"Feature","geometry":{"type":"LineString","coordinates":[[4.88216,44.02005],[4.88226,44.0202]]},"properties":{"action":"create","state":"new","osm_type":"way","osm_id":"1561513154","highway":"service","axis":"local","version":"1","user":"JLZIMMERMANN","timestamp":"2026-09-23T07:34:28Z","changeset":"189434261","changes":[{"k":"highway","old":null,"new":"service"}]}},{"type":"Feature","geometry":{"type":"LineString","coordinates":[[5.04595,43.82803],[5.04591,43.8282],[5.04589,43.82835],[5.04588,43.8285],[5.0459,43.82889],[5.04589,43.82892],[5.04586,43.82894],[5.04585,43.82897],[5.04585,43.82936],[5.04586,43.82953],[5.04588,43.82956],[5.04601,43.82963],[5.04606,43.82968],[5.04616,43.82973]]},"properties":{"action":"create","state":"new","osm_type":"way","osm_id":"1561712665","highway":"path","axis":"path","version":"1","user":"Alexandre148025","timestamp":"2026-09-23T13:28:32Z","changeset":"189449915","changes":[{"k":"highway","old":null,"new":"path"}]}},{"type":"Feature","geometry":{"type":"Polygon","coordinates":[[[5.04611,43.83109],[5.04611,43.83112],[5.04608,43.83115],[5.04604,43.83117],[5.04599,43.83117],[5.04596,43.83115],[5.04593,43.83113],[5.04592,43.83111],[5.04593,43.83108],[5.04595,43.83105],[5.046,43.83103],[5.04605,43.83103],[5.04609,43.83105],[5.04611,43.83109]]]},"properties":{"action":"create","state":"new","osm_type":"way","osm_id":"1561712666","highway":"residential","axis":"local","version":"1","user":"Alexandre148025","timestamp":"2026-09-23T13:28:32Z","changeset":"189449915","changes":[{"k":"highway","old":null,"new":"residential"},{"k":"oneway","old":null,"new":"yes"}]}},{"type":"Feature","geometry":{"type":"LineString","coordinates":[[5.0554,43.83035],[5.0556,43.83037],[5.05581,43.83042],[5.05611,43.83055],[5.05622,43.83058]]},"properties":{"action":"create","state":"new","osm_type":"way","osm_id":"1561712667","highway":"cycleway","axis":"path","version":"1","user":"Alexandre148025","timestamp":"2026-09-23T13:28:32Z","changeset":"189449915","surface":"asphalt","changes":[{"k":"description","old":null,"new":"V\u00e9loroute du Calavon"},{"k":"highway","old":null,"new":"cycleway"},{"k":"horse","old":null,"new":"no"},{"k":"lit","old":null,"new":"yes"},{"k":"motor_vehicle","old":null,"new":"no"},{"k":"oneway","old":null,"new":"no"},{"k":"smoothness","old":null,"new":"excellent"},{"k":"surface","old":null,"new":"asphalt"},{"k":"traffic_sign","old":null,"new":"FR:C113"},{"k":"width","old":null,"new":"2"}]}},{"type":"Feature","geometry":{"type":"LineString","coordinates":[[5.05497,43.82997],[5.055,43.82996],[5.05503,43.82995],[5.0551,43.8299]]},"properties":{"action":"create","state":"new","osm_type":"way","osm_id":"1561712669","highway":"cycleway","axis":"path","version":"1","user":"Alexandre148025","timestamp":"2026-09-23T13:28:32Z","changeset":"189449915","changes":[{"k":"highway","old":null,"new":"cycleway"}]}},{"type":"Feature","geometry":{"type":"LineString","coordinates":[[5.10405,43.85567],[5.10408,43.85556],[5.10402,43.85549],[5.10385,43.85544]]},"properties":{"action":"create","state":"new","osm_type":"way","osm_id":"1561712670","highway":"service","axis":"local","version":"1","user":"Alexandre148025","timestamp":"2026-09-23T13:28:32Z","changeset":"189449915","changes":[{"k":"highway","old":null,"new":"service"},{"k":"service","old":null,"new":"driveway"}]}},{"type":"Feature","geometry":{"type":"LineString","coordinates":[[5.1052,43.85436],[5.10519,43.85433],[5.10516,43.85429],[5.10433,43.85392],[5.10425,43.85388]]},"properties":{"action":"create","state":"new","osm_type":"way","osm_id":"1561712671","highway":"track","axis":"path","version":"1","user":"Alexandre148025","timestamp":"2026-09-23T13:28:32Z","changeset":"189449915","changes":[{"k":"highway","old":null,"new":"track"}]}},{"type":"Feature","geometry":{"type":"LineString","coordinates":[[5.1035,43.85353],[5.10425,43.85388]]},"properties":{"action":"create","state":"new","osm_type":"way","osm_id":"1561712672","highway":"track","axis":"path","version":"1","user":"Alexandre148025","timestamp":"2026-09-23T13:28:32Z","changeset":"189449915","changes":[{"k":"highway","old":null,"new":"track"}]}},{"type":"Feature","geometry":{"type":"LineString","coordinates":[[5.138,43.86736],[5.13799,43.86735],[5.13798,43.86733],[5.13797,43.8673],[5.13797,43.86724]]},"properties":{"action":"create","state":"new","osm_type":"way","osm_id":"1561712674","highway":"service","axis":"local","version":"1","user":"Alexandre148025","timestamp":"2026-09-23T13:28:32Z","changeset":"189449915","surface":"asphalt","changes":[{"k":"highway","old":null,"new":"service"},{"k":"lit","old":null,"new":"yes"},{"k":"oneway","old":null,"new":"yes"},{"k":"surface","old":null,"new":"asphalt"}]}},{"type":"Feature","geometry":{"type":"LineString","coordinates":[[5.14167,43.86732],[5.14165,43.86733],[5.1416,43.86733],[5.14122,43.86735]]},"properties":{"action":"create","state":"new","osm_type":"way","osm_id":"1561712675","highway":"service","axis":"local","version":"1","user":"Alexandre148025","timestamp":"2026-09-23T13:28:32Z","changeset":"189449915","surface":"asphalt","changes":[{"k":"highway","old":null,"new":"service"},{"k":"lit","old":null,"new":"yes"},{"k":"oneway","old":null,"new":"yes"},{"k":"surface","old":null,"new":"asphalt"}]}},{"type":"Feature","geometry":{"type":"LineString","coordinates":[[5.25498,43.85257],[5.25494,43.85226]]},"properties":{"action":"create","state":"new","osm_type":"way","osm_id":"1561712676","highway":"service","axis":"local","version":"1","user":"Alexandre148025","timestamp":"2026-09-23T13:28:32Z","changeset":"189449915","changes":[{"k":"highway","old":null,"new":"service"},{"k":"service","old":null,"new":"driveway"}]}},{"type":"Feature","geometry":{"type":"LineString","coordinates":[[5.39432,43.87908],[5.3943,43.87899],[5.39424,43.8788],[5.39422,43.87846]]},"properties":{"action":"create","state":"new","osm_type":"way","osm_id":"1561712677","highway":"service","axis":"local","version":"1","user":"Alexandre148025","timestamp":"2026-09-23T13:28:32Z","changeset":"189449915","changes":[{"k":"highway","old":null,"new":"service"},{"k":"service","old":null,"new":"driveway"}]}},{"type":"Feature","geometry":{"type":"LineString","coordinates":[[5.39422,43.87846],[5.39445,43.87842],[5.39462,43.87838],[5.39469,43.87836],[5.39471,43.87834],[5.39472,43.87831]]},"properties":{"action":"create","state":"new","osm_type":"way","osm_id":"1561712678","highway":"service","axis":"local","version":"1","user":"Alexandre148025","timestamp":"2026-09-23T13:28:32Z","changeset":"189449915","changes":[{"k":"highway","old":null,"new":"service"},{"k":"service","old":null,"new":"alley"}]}},{"type":"Feature","geometry":{"type":"LineString","coordinates":[[5.39524,43.87833],[5.39502,43.87834],[5.39489,43.87836],[5.39484,43.87836],[5.39478,43.87834],[5.39472,43.87831]]},"properties":{"action":"create","state":"new","osm_type":"way","osm_id":"1561712679","highway":"service","axis":"local","version":"2","user":"enzo_immergis","timestamp":"2026-09-28T16:46:41Z","changeset":"189688885","changes":[{"k":"highway","old":null,"new":"service"},{"k":"noexit","old":null,"new":"yes"},{"k":"service","old":null,"new":"driveway"}]}},{"type":"Feature","geometry":{"type":"LineString","coordinates":[[5.39617,43.87766],[5.3962,43.87774],[5.39629,43.87785],[5.39633,43.87792]]},"properties":{"action":"create","state":"new","osm_type":"way","osm_id":"1561712680","highway":"steps","axis":"path","version":"1","user":"Alexandre148025","timestamp":"2026-09-23T13:28:32Z","changeset":"189449915","changes":[{"k":"highway","old":null,"new":"steps"}]}},{"type":"Feature","geometry":{"type":"LineString","coordinates":[[5.39587,43.87835],[5.39603,43.87823],[5.3961,43.87819],[5.39615,43.87816],[5.39616,43.87815],[5.39616,43.87814]]},"properties":{"action":"create","state":"new","osm_type":"way","osm_id":"1561712681","highway":"service","axis":"local","version":"1","user":"Alexandre148025","timestamp":"2026-09-23T13:28:32Z","changeset":"189449915","changes":[{"k":"highway","old":null,"new":"service"},{"k":"service","old":null,"new":"driveway"}]}},{"type":"Feature","geometry":{"type":"LineString","coordinates":[[5.39562,43.87888],[5.39596,43.87899],[5.39639,43.87898],[5.39698,43.87885],[5.39722,43.87882]]},"properties":{"action":"create","state":"new","osm_type":"way","osm_id":"1561712683","highway":"path","axis":"path","version":"1","user":"Alexandre148025","timestamp":"2026-09-23T13:28:32Z","changeset":"189449915","name":"Chemin Fran\u00e7ois Marini","changes":[{"k":"highway","old":null,"new":"path"},{"k":"name","old":null,"new":"Chemin Fran\u00e7ois Marini"}]}},{"type":"Feature","geometry":{"type":"LineString","coordinates":[[5.39624,43.8802],[5.39626,43.88017],[5.39628,43.88013],[5.39627,43.88006],[5.39603,43.87953]]},"properties":{"action":"create","state":"new","osm_type":"way","osm_id":"1561712684","highway":"service","axis":"local","version":"1","user":"Alexandre148025","timestamp":"2026-09-23T13:28:32Z","changeset":"189449915","changes":[{"k":"highway","old":null,"new":"service"},{"k":"service","old":null,"new":"driveway"}]}},{"type":"Feature","geometry":{"type":"LineString","coordinates":[[4.8797,43.95301],[4.87972,43.95278]]},"properties":{"action":"create","state":"new","osm_type":"way","osm_id":"1561722712","highway":"service","axis":"local","version":"1","user":"JLZIMMERMANN","timestamp":"2026-09-23T14:11:43Z","changeset":"189452082","changes":[{"k":"highway","old":null,"new":"service"}]}},{"type":"Feature","geometry":{"type":"LineString","coordinates":[[4.88007,43.95299],[4.88005,43.95282],[4.88015,43.95282]]},"properties":{"action":"create","state":"new","osm_type":"way","osm_id":"1561722713","highway":"service","axis":"local","version":"1","user":"JLZIMMERMANN","timestamp":"2026-09-23T14:11:43Z","changeset":"189452082","changes":[{"k":"highway","old":null,"new":"service"}]}},{"type":"Feature","geometry":{"type":"LineString","coordinates":[[4.88088,43.95295],[4.88087,43.95263]]},"properties":{"action":"create","state":"new","osm_type":"way","osm_id":"1561722714","highway":"service","axis":"local","version":"1","user":"JLZIMMERMANN","timestamp":"2026-09-23T14:11:43Z","changeset":"189452082","changes":[{"k":"highway","old":null,"new":"service"}]}},{"type":"Feature","geometry":{"type":"LineString","coordinates":[[4.92832,43.95715],[4.92828,43.95728],[4.92824,43.95737],[4.92821,43.95745],[4.92814,43.95753],[4.92807,43.95759],[4.92797,43.95765],[4.92786,43.95769],[4.92775,43.95772],[4.9276,43.95773],[4.92748,43.95773]]},"properties":{"action":"create","state":"new","osm_type":"way","osm_id":"1561722715","highway":"secondary","axis":"secondary","version":"1","user":"JLZIMMERMANN","timestamp":"2026-09-23T14:11:43Z","changeset":"189452082","name":"Route d'Avignon","surface":"asphalt","maxspeed":"30","changes":[{"k":"highway","old":null,"new":"secondary"},{"k":"maxspeed","old":null,"new":"30"},{"k":"name","old":null,"new":"Route d'Avignon"},{"k":"surface","old":null,"new":"asphalt"},{"k":"was:ref","old":null,"new":"D 28"},{"k":"zone:maxspeed","old":null,"new":"FR:30"}]}},{"type":"Feature","geometry":{"type":"LineString","coordinates":[[4.92748,43.95773],[4.92729,43.95771]]},"properties":{"action":"create","state":"new","osm_type":"way","osm_id":"1561722716","highway":"secondary","axis":"secondary","version":"1","user":"JLZIMMERMANN","timestamp":"2026-09-23T14:11:43Z","changeset":"189452082","name":"Route d'Avignon","surface":"asphalt","maxspeed":"30","changes":[{"k":"highway","old":null,"new":"secondary"},{"k":"maxspeed","old":null,"new":"30"},{"k":"name","old":null,"new":"Route d'Avignon"},{"k":"surface","old":null,"new":"asphalt"},{"k":"traffic_calming","old":null,"new":"table"},{"k":"was:ref","old":null,"new":"D 28"},{"k":"zone:maxspeed","old":null,"new":"FR:30"}]}},{"type":"Feature","geometry":{"type":"LineString","coordinates":[[4.93227,43.95732],[4.932,43.95723],[4.93181,43.95716],[4.93164,43.9571],[4.93133,43.95699],[4.9312,43.95694],[4.93107,43.9569],[4.93096,43.95687],[4.93094,43.95686]]},"properties":{"action":"create","state":"new","osm_type":"way","osm_id":"1561722717","highway":"secondary","axis":"secondary","version":"1","user":"JLZIMMERMANN","timestamp":"2026-09-23T14:11:43Z","changeset":"189452082","name":"Avenue de la R\u00e9tanque","surface":"asphalt","maxspeed":"30","changes":[{"k":"cycleway:both","old":null,"new":"no"},{"k":"highway","old":null,"new":"secondary"},{"k":"lanes","old":null,"new":"2"},{"k":"maxspeed","old":null,"new":"30"},{"k":"name","old":null,"new":"Avenue de la R\u00e9tanque"},{"k":"ref:FR:FANTOIR","old":null,"new":"841190723"},{"k":"smoothness","old":null,"new":"good"},{"k":"surface","old":null,"new":"asphalt"},{"k":"was:ref","old":null,"new":"D 28"}]}},{"type":"Feature","geometry":{"type":"LineString","coordinates":[[4.93244,43.95738],[4.9324,43.95737],[4.93233,43.95735],[4.93227,43.95732]]},"properties":{"action":"create","state":"new","osm_type":"way","osm_id":"1561722718","highway":"secondary","axis":"secondary","version":"1","user":"JLZIMMERMANN","timestamp":"2026-09-23T14:11:43Z","changeset":"189452082","name":"Avenue de la R\u00e9tanque","surface":"asphalt","maxspeed":"30","changes":[{"k":"cycleway:both","old":null,"new":"no"},{"k":"highway","old":null,"new":"secondary"},{"k":"lanes","old":null,"new":"2"},{"k":"maxspeed","old":null,"new":"30"},{"k":"name","old":null,"new":"Avenue de la R\u00e9tanque"},{"k":"ref:FR:FANTOIR","old":null,"new":"841190723"},{"k":"smoothness","old":null,"new":"good"},{"k":"surface","old":null,"new":"asphalt"},{"k":"traffic_calming","old":null,"new":"table"},{"k":"was:ref","old":null,"new":"D 28"}]}},{"type":"Feature","geometry":{"type":"LineString","coordinates":[[4.95041,43.96269],[4.95096,43.96269]]},"properties":{"action":"create","state":"new","osm_type":"way","osm_id":"1561722719","highway":"secondary","axis":"secondary","version":"1","user":"JLZIMMERMANN","timestamp":"2026-09-23T14:11:43Z","changeset":"189452082","name":"Route de Pernes","surface":"asphalt","maxspeed":"80","changes":[{"k":"cycleway:both","old":null,"new":"shoulder"},{"k":"highway","old":null,"new":"secondary"},{"k":"lanes","old":null,"new":"2"},{"k":"maxspeed","old":null,"new":"80"},{"k":"name","old":null,"new":"Route de Pernes"},{"k":"oneway","old":null,"new":"no"},{"k":"shoulder:both","old":null,"new":"yes"},{"k":"surface","old":null,"new":"asphalt"},{"k":"was:ref","old":null,"new":"D 28"}]}},{"type":"Feature","geometry":{"type":"LineString","coordinates":[[4.96329,43.9655],[4.96329,43.96545],[4.96335,43.96531],[4.96338,43.96526]]},"properties":{"action":"create","state":"new","osm_type":"way","osm_id":"1561722720","highway":"unclassified","axis":"local","version":"1","user":"JLZIMMERMANN","timestamp":"2026-09-23T14:11:43Z","changeset":"189452082","surface":"asphalt","changes":[{"k":"cycleway:both","old":null,"new":"no"},{"k":"highway","old":null,"new":"unclassified"},{"k":"oneway","old":null,"new":"yes"},{"k":"surface","old":null,"new":"asphalt"}]}},{"type":"Feature","geometry":{"type":"LineString","coordinates":[[4.96355,43.9653],[4.96345,43.96536],[4.96334,43.96547],[4.96329,43.9655]]},"properties":{"action":"create","state":"new","osm_type":"way","osm_id":"1561722721","highway":"unclassified","axis":"local","version":"1","user":"JLZIMMERMANN","timestamp":"2026-09-23T14:11:43Z","changeset":"189452082","surface":"asphalt","changes":[{"k":"cycleway:both","old":null,"new":"no"},{"k":"highway","old":null,"new":"unclassified"},{"k":"oneway","old":null,"new":"yes"},{"k":"surface","old":null,"new":"asphalt"}]}},{"type":"Feature","geometry":{"type":"LineString","coordinates":[[4.96365,43.96505],[4.96359,43.96526],[4.96355,43.9653]]},"properties":{"action":"create","state":"new","osm_type":"way","osm_id":"1561722722","highway":"tertiary","axis":"secondary","version":"1","user":"JLZIMMERMANN","timestamp":"2026-09-23T14:11:43Z","changeset":"189452082","name":"Route de Saint-Saturnin","ref":"D 98","surface":"asphalt","changes":[{"k":"highway","old":null,"new":"tertiary"},{"k":"name","old":null,"new":"Route de Saint-Saturnin"},{"k":"oneway","old":null,"new":"yes"},{"k":"ref","old":null,"new":"D 98"},{"k":"source","old":null,"new":"Bing"},{"k":"surface","old":null,"new":"asphalt"}]}},{"type":"Feature","geometry":{"type":"LineString","coordinates":[[4.96338,43.96526],[4.96343,43.96523],[4.96357,43.96511],[4.96365,43.96505]]},"properties":{"action":"create","state":"new","osm_type":"way","osm_id":"1561722723","highway":"tertiary","axis":"secondary","version":"1","user":"JLZIMMERMANN","timestamp":"2026-09-23T14:11:43Z","changeset":"189452082","name":"Route de Saint-Saturnin","ref":"D 98","surface":"asphalt","changes":[{"k":"highway","old":null,"new":"tertiary"},{"k":"name","old":null,"new":"Route de Saint-Saturnin"},{"k":"oneway","old":null,"new":"yes"},{"k":"ref","old":null,"new":"D 98"},{"k":"source","old":null,"new":"Bing"},{"k":"surface","old":null,"new":"asphalt"}]}},{"type":"Feature","geometry":{"type":"LineString","coordinates":[[5.04008,43.99038],[5.04011,43.99028],[5.04011,43.99014],[5.04014,43.98996]]},"properties":{"action":"create","state":"new","osm_type":"way","osm_id":"1561747925","highway":"service","axis":"local","version":"1","user":"JLZIMMERMANN","timestamp":"2026-09-23T16:14:30Z","changeset":"189457977","changes":[{"k":"highway","old":null,"new":"service"}]}},{"type":"Feature","geometry":{"type":"LineString","coordinates":[[5.54352,43.92411],[5.54349,43.92416],[5.5434,43.9242],[5.54294,43.92433],[5.54276,43.92437]]},"properties":{"action":"create","state":"new","osm_type":"way","osm_id":"1561821846","highway":"service","axis":"local","version":"1","user":"JLZIMMERMANN","timestamp":"2026-09-23T21:17:58Z","changeset":"189469677","changes":[{"k":"highway","old":null,"new":"service"}]}},{"type":"Feature","geometry":{"type":"LineString","coordinates":[[5.52863,43.92028],[5.52861,43.92018],[5.52859,43.92011],[5.52857,43.92008],[5.52852,43.92007],[5.52846,43.92007],[5.52825,43.92012]]},"properties":{"action":"create","state":"new","osm_type":"way","osm_id":"1561821847","highway":"service","axis":"local","version":"1","user":"JLZIMMERMANN","timestamp":"2026-09-23T21:17:58Z","changeset":"189469677","changes":[{"k":"highway","old":null,"new":"service"}]}},{"type":"Feature","geometry":{"type":"LineString","coordinates":[[5.19721,43.88161],[5.19719,43.88169],[5.19716,43.88188],[5.19715,43.88197],[5.1972,43.88205]]},"properties":{"action":"create","state":"new","osm_type":"way","osm_id":"1561826142","highway":"service","axis":"local","version":"1","user":"JLZIMMERMANN","timestamp":"2026-09-23T22:05:10Z","changeset":"189470856","changes":[{"k":"highway","old":null,"new":"service"}]}},{"type":"Feature","geometry":{"type":"LineString","coordinates":[[5.15822,43.87802],[5.15814,43.87807],[5.1581,43.87811],[5.15807,43.87815],[5.15804,43.87819],[5.15801,43.87821]]},"properties":{"action":"create","state":"new","osm_type":"way","osm_id":"1561826143","highway":"tertiary","axis":"secondary","version":"1","user":"JLZIMMERMANN","timestamp":"2026-09-23T22:05:10Z","changeset":"189470856","name":"Route des Beaumettes","ref":"D 148","surface":"asphalt","changes":[{"k":"highway","old":null,"new":"tertiary"},{"k":"name","old":null,"new":"Route des Beaumettes"},{"k":"oneway","old":null,"new":"yes"},{"k":"operator","old":null,"new":"CD84"},{"k":"ref","old":null,"new":"D 148"},{"k":"surface","old":null,"new":"asphalt"}]}},{"type":"Feature","geometry":{"type":"LineString","coordinates":[[5.15788,43.87812],[5.15801,43.87821]]},"properties":{"action":"create","state":"new","osm_type":"way","osm_id":"1561826144","highway":"secondary","axis":"secondary","version":"1","user":"JLZIMMERMANN","timestamp":"2026-09-23T22:05:10Z","changeset":"189470856","name":"Route de Gordes","ref":"D 2","surface":"asphalt","maxspeed":"80","changes":[{"k":"highway","old":null,"new":"secondary"},{"k":"maxspeed","old":null,"new":"80"},{"k":"name","old":null,"new":"Route de Gordes"},{"k":"oneway","old":null,"new":"no"},{"k":"ref","old":null,"new":"D 2"},{"k":"surface","old":null,"new":"asphalt"}]}},{"type":"Feature","geometry":{"type":"LineString","coordinates":[[5.15605,43.8793],[5.15612,43.87922],[5.15631,43.87906]]},"properties":{"action":"create","state":"new","osm_type":"way","osm_id":"1561826145","highway":"tertiary","axis":"secondary","version":"1","user":"JLZIMMERMANN","timestamp":"2026-09-23T22:05:10Z","changeset":"189470856","name":"Route des Beaumettes","surface":"asphalt","changes":[{"k":"highway","old":null,"new":"tertiary"},{"k":"lanes","old":null,"new":"1"},{"k":"name","old":null,"new":"Route des Beaumettes"},{"k":"oneway","old":null,"new":"yes"},{"k":"surface","old":null,"new":"asphalt"},{"k":"was:ref","old":null,"new":"D 148"}]}},{"type":"Feature","geometry":{"type":"LineString","coordinates":[[5.15631,43.87906],[5.15624,43.8792],[5.15618,43.87933],[5.15617,43.87935]]},"properties":{"action":"create","state":"new","osm_type":"way","osm_id":"1561826146","highway":"tertiary","axis":"secondary","version":"1","user":"JLZIMMERMANN","timestamp":"2026-09-23T22:05:10Z","changeset":"189470856","name":"Route des Beaumettes","surface":"asphalt","changes":[{"k":"highway","old":null,"new":"tertiary"},{"k":"lanes","old":null,"new":"1"},{"k":"name","old":null,"new":"Route des Beaumettes"},{"k":"oneway","old":null,"new":"yes"},{"k":"surface","old":null,"new":"asphalt"},{"k":"was:ref","old":null,"new":"D 148"}]}},{"type":"Feature","geometry":{"type":"LineString","coordinates":[[5.15825,43.87801],[5.15824,43.87793],[5.15823,43.87786],[5.1582,43.87784]]},"properties":{"action":"create","state":"new","osm_type":"way","osm_id":"1561826147","highway":"service","axis":"local","version":"1","user":"JLZIMMERMANN","timestamp":"2026-09-23T22:05:10Z","changeset":"189470856","changes":[{"k":"highway","old":null,"new":"service"}]}},{"type":"Feature","geometry":{"type":"LineString","coordinates":[[4.94408,43.90167],[4.94418,43.90168],[4.9447,43.90174]]},"properties":{"action":"create","state":"new","osm_type":"way","osm_id":"1561879393","highway":"service","axis":"local","version":"1","user":"JLZIMMERMANN","timestamp":"2026-09-24T04:56:37Z","changeset":"189477557","changes":[{"k":"highway","old":null,"new":"service"}]}},{"type":"Feature","geometry":{"type":"LineString","coordinates":[[4.86557,44.01097],[4.86551,44.01095],[4.86549,44.01095],[4.86543,44.01095],[4.86537,44.01095],[4.86528,44.01095],[4.86522,44.01097]]},"properties":{"action":"create","state":"new","osm_type":"way","osm_id":"1561880867","highway":"unclassified","axis":"local","version":"1","user":"JLZIMMERMANN","timestamp":"2026-09-24T05:06:11Z","changeset":"189477719","name":"Chemin des Combes","surface":"asphalt","changes":[{"k":"cycleway:both","old":null,"new":"no"},{"k":"highway","old":null,"new":"unclassified"},{"k":"name","old":null,"new":"Chemin des Combes"},{"k":"operator","old":null,"new":"CASC"},{"k":"ref:FR:commune","old":null,"new":"84129V000072"},{"k":"source","old":null,"new":"CCPRO 2016"},{"k":"surface","old":null,"new":"asphalt"},{"k":"traffic_calming","old":null,"new":"table"}]}},{"type":"Feature","geometry":{"type":"LineString","coordinates":[[4.86522,44.01097],[4.8651,44.01101]]},"properties":{"action":"create","state":"new","osm_type":"way","osm_id":"1561880868","highway":"unclassified","axis":"local","version":"1","user":"JLZIMMERMANN","timestamp":"2026-09-24T05:06:11Z","changeset":"189477719","name":"Chemin des Combes","surface":"asphalt","changes":[{"k":"cycleway:both","old":null,"new":"no"},{"k":"highway","old":null,"new":"unclassified"},{"k":"name","old":null,"new":"Chemin des Combes"},{"k":"operator","old":null,"new":"CASC"},{"k":"ref:FR:commune","old":null,"new":"84129V000072"},{"k":"source","old":null,"new":"CCPRO 2016"},{"k":"surface","old":null,"new":"asphalt"}]}},{"type":"Feature","geometry":{"type":"LineString","coordinates":[[4.80254,44.13982],[4.80251,44.1398],[4.80248,44.13978],[4.80247,44.13975],[4.80247,44.13972],[4.80248,44.13969],[4.8025,44.13967]]},"properties":{"action":"create","state":"new","osm_type":"way","osm_id":"1561929261","highway":"residential","axis":"local","version":"1","user":"alapeyre","timestamp":"2026-09-24T09:01:40Z","changeset":"189485417","name":"Avenue des \u00c9tudiants","surface":"asphalt","maxspeed":"30","changes":[{"k":"area","old":null,"new":"no"},{"k":"highway","old":null,"new":"residential"},{"k":"junction","old":null,"new":"roundabout"},{"k":"lanes","old":null,"new":"1"},{"k":"lit","old":null,"new":"yes"},{"k":"maintenance","old":null,"new":"CCPRO"},{"k":"mapillary","old":null,"new":"283593343403231"},{"k":"maxspeed","old":null,"new":"30"},{"k":"name","old":null,"new":"Avenue des \u00c9tudiants"},{"k":"parking:both","old":null,"new":"no"},{"k":"parking:both:restriction","old":null,"new":"no_stopping"},{"k":"parking_lane","old":null,"new":"none"},{"k":"ref:FR:commune","old":null,"new":"84087V000262"},{"k":"smoothness","old":null,"new":"good"}]}},{"type":"Feature","geometry":{"type":"LineString","coordinates":[[4.8025,44.13967],[4.80253,44.13965],[4.80256,44.13963],[4.8026,44.13963],[4.80264,44.13963],[4.80268,44.13964],[4.80271,44.13966]]},"properties":{"action":"create","state":"new","osm_type":"way","osm_id":"1561929262","highway":"residential","axis":"local","version":"1","user":"alapeyre","timestamp":"2026-09-24T09:01:40Z","changeset":"189485417","name":"Avenue des \u00c9tudiants","surface":"asphalt","maxspeed":"30","changes":[{"k":"area","old":null,"new":"no"},{"k":"highway","old":null,"new":"residential"},{"k":"junction","old":null,"new":"roundabout"},{"k":"lanes","old":null,"new":"1"},{"k":"lit","old":null,"new":"yes"},{"k":"maintenance","old":null,"new":"CCPRO"},{"k":"mapillary","old":null,"new":"283593343403231"},{"k":"maxspeed","old":null,"new":"30"},{"k":"name","old":null,"new":"Avenue des \u00c9tudiants"},{"k":"parking:both","old":null,"new":"no"},{"k":"parking:both:restriction","old":null,"new":"no_stopping"},{"k":"parking_lane","old":null,"new":"none"},{"k":"ref:FR:commune","old":null,"new":"84087V000262"},{"k":"smoothness","old":null,"new":"good"}]}},{"type":"Feature","geometry":{"type":"LineString","coordinates":[[4.80271,44.13966],[4.80274,44.13969],[4.80275,44.13972],[4.80275,44.13976],[4.80272,44.13979]]},"properties":{"action":"create","state":"new","osm_type":"way","osm_id":"1561929263","highway":"residential","axis":"local","version":"1","user":"alapeyre","timestamp":"2026-09-24T09:01:40Z","changeset":"189485417","name":"Avenue des \u00c9tudiants","surface":"asphalt","maxspeed":"30","changes":[{"k":"area","old":null,"new":"no"},{"k":"highway","old":null,"new":"residential"},{"k":"junction","old":null,"new":"roundabout"},{"k":"lanes","old":null,"new":"1"},{"k":"lit","old":null,"new":"yes"},{"k":"maintenance","old":null,"new":"CCPRO"},{"k":"mapillary","old":null,"new":"283593343403231"},{"k":"maxspeed","old":null,"new":"30"},{"k":"name","old":null,"new":"Avenue des \u00c9tudiants"},{"k":"parking:both","old":null,"new":"no"},{"k":"parking:both:restriction","old":null,"new":"no_stopping"},{"k":"parking_lane","old":null,"new":"none"},{"k":"ref:FR:commune","old":null,"new":"84087V000262"},{"k":"smoothness","old":null,"new":"good"}]}},{"type":"Feature","geometry":{"type":"LineString","coordinates":[[4.80272,44.13979],[4.8027,44.13981],[4.80266,44.13983],[4.80263,44.13983],[4.80259,44.13983],[4.80254,44.13982]]},"properties":{"action":"create","state":"new","osm_type":"way","osm_id":"1561929264","highway":"residential","axis":"local","version":"1","user":"alapeyre","timestamp":"2026-09-24T09:01:40Z","changeset":"189485417","name":"Avenue des \u00c9tudiants","surface":"asphalt","maxspeed":"30","changes":[{"k":"area","old":null,"new":"no"},{"k":"highway","old":null,"new":"residential"},{"k":"junction","old":null,"new":"roundabout"},{"k":"lanes","old":null,"new":"1"},{"k":"lit","old":null,"new":"yes"},{"k":"maintenance","old":null,"new":"CCPRO"},{"k":"mapillary","old":null,"new":"283593343403231"},{"k":"maxspeed","old":null,"new":"30"},{"k":"name","old":null,"new":"Avenue des \u00c9tudiants"},{"k":"parking:both","old":null,"new":"no"},{"k":"parking:both:restriction","old":null,"new":"no_stopping"},{"k":"parking_lane","old":null,"new":"none"},{"k":"ref:FR:commune","old":null,"new":"84087V000262"},{"k":"smoothness","old":null,"new":"good"}]}},{"type":"Feature","geometry":{"type":"LineString","coordinates":[[4.74405,44.27401],[4.74402,44.27388],[4.74398,44.27376],[4.74393,44.27362],[4.74382,44.27335],[4.7438,44.27329],[4.74367,44.27297],[4.74362,44.27286],[4.74346,44.27244],[4.74335,44.27212],[4.74333,44.27204],[4.7433,44.27191],[4.74328,44.27185]]},"properties":{"action":"create","state":"new","osm_type":"way","osm_id":"1561988393","highway":"secondary","axis":"secondary","version":"1","user":"JLZIMMERMANN","timestamp":"2026-09-24T14:06:23Z","changeset":"189500604","name":"Avenue Andr\u00e9 Rombeau","surface":"asphalt","changes":[{"k":"cycleway:both","old":null,"new":"no"},{"k":"highway","old":null,"new":"secondary"},{"k":"name","old":null,"new":"Avenue Andr\u00e9 Rombeau"},{"k":"surface","old":null,"new":"asphalt"},{"k":"was:ref","old":null,"new":"D 26"}]}},{"type":"Feature","geometry":{"type":"LineString","coordinates":[[4.73925,44.25831],[4.73941,44.25826],[4.73957,44.25812]]},"properties":{"action":"create","state":"new","osm_type":"way","osm_id":"1561988395","highway":"service","axis":"local","version":"1","user":"JLZIMMERMANN","timestamp":"2026-09-24T14:06:23Z","changeset":"189500604","changes":[{"k":"highway","old":null,"new":"service"}]}},{"type":"Feature","geometry":{"type":"LineString","coordinates":[[4.73844,44.25747],[4.73835,44.2575],[4.73815,44.25765],[4.73797,44.25777],[4.73785,44.25782],[4.73769,44.25777]]},"properties":{"action":"create","state":"new","osm_type":"way","osm_id":"1561988396","highway":"service","axis":"local","version":"1","user":"JLZIMMERMANN","timestamp":"2026-09-24T14:06:23Z","changeset":"189500604","changes":[{"k":"highway","old":null,"new":"service"}]}},{"type":"Feature","geometry":{"type":"LineString","coordinates":[[4.71294,44.23909],[4.71286,44.23894],[4.7128,44.23884],[4.71275,44.23873]]},"properties":{"action":"create","state":"new","osm_type":"way","osm_id":"1561988397","highway":"secondary","axis":"secondary","version":"1","user":"JLZIMMERMANN","timestamp":"2026-09-24T14:06:23Z","changeset":"189500604","name":"Boulevard S\u00e9raphin Perrot","ref":"D 26","surface":"asphalt","changes":[{"k":"cycleway:both","old":null,"new":"no"},{"k":"highway","old":null,"new":"secondary"},{"k":"name","old":null,"new":"Boulevard S\u00e9raphin Perrot"},{"k":"operator","old":null,"new":"CD84"},{"k":"ref","old":null,"new":"D 26"},{"k":"surface","old":null,"new":"asphalt"}]}},{"type":"Feature","geometry":{"type":"LineString","coordinates":[[4.71319,44.23943],[4.71311,44.23933],[4.71306,44.23926],[4.71301,44.23919],[4.71294,44.23909]]},"properties":{"action":"create","state":"new","osm_type":"way","osm_id":"1561988398","highway":"secondary","axis":"secondary","version":"1","user":"JLZIMMERMANN","timestamp":"2026-09-24T14:06:23Z","changeset":"189500604","name":"Boulevard S\u00e9raphin Perrot","ref":"D 26","surface":"asphalt","changes":[{"k":"cycleway:both","old":null,"new":"no"},{"k":"highway","old":null,"new":"secondary"},{"k":"name","old":null,"new":"Boulevard S\u00e9raphin Perrot"},{"k":"operator","old":null,"new":"CD84"},{"k":"ref","old":null,"new":"D 26"},{"k":"surface","old":null,"new":"asphalt"},{"k":"traffic_calming","old":null,"new":"table"}]}},{"type":"Feature","geometry":{"type":"LineString","coordinates":[[4.71275,44.23873],[4.71274,44.23868]]},"properties":{"action":"create","state":"new","osm_type":"way","osm_id":"1561988399","highway":"secondary","axis":"secondary","version":"1","user":"JLZIMMERMANN","timestamp":"2026-09-24T14:06:23Z","changeset":"189500604","name":"Boulevard L\u00e9opold Fauritte","ref":"D 26","surface":"asphalt","changes":[{"k":"cycleway:both","old":null,"new":"no"},{"k":"highway","old":null,"new":"secondary"},{"k":"lane_markings","old":null,"new":"no"},{"k":"lit","old":null,"new":"yes"},{"k":"name","old":null,"new":"Boulevard L\u00e9opold Fauritte"},{"k":"operator","old":null,"new":"CD84"},{"k":"ref","old":null,"new":"D 26"},{"k":"surface","old":null,"new":"asphalt"}]}},{"type":"Feature","geometry":{"type":"LineString","coordinates":[[4.71274,44.23868],[4.71272,44.23863],[4.71271,44.23857],[4.71271,44.2385],[4.71271,44.23831]]},"properties":{"action":"create","state":"new","osm_type":"way","osm_id":"1561988400","highway":"secondary","axis":"secondary","version":"1","user":"JLZIMMERMANN","timestamp":"2026-09-24T14:06:23Z","changeset":"189500604","name":"Boulevard L\u00e9opold Fauritte","ref":"D 26","surface":"asphalt","changes":[{"k":"cycleway:both","old":null,"new":"no"},{"k":"highway","old":null,"new":"secondary"},{"k":"lane_markings","old":null,"new":"no"},{"k":"lit","old":null,"new":"yes"},{"k":"name","old":null,"new":"Boulevard L\u00e9opold Fauritte"},{"k":"operator","old":null,"new":"CD84"},{"k":"ref","old":null,"new":"D 26"},{"k":"surface","old":null,"new":"asphalt"},{"k":"traffic_calming","old":null,"new":"table"}]}},{"type":"Feature","geometry":{"type":"LineString","coordinates":[[4.71279,44.23449],[4.71277,44.23436],[4.71276,44.23432]]},"properties":{"action":"create","state":"new","osm_type":"way","osm_id":"1561988401","highway":"secondary","axis":"secondary","version":"1","user":"JLZIMMERMANN","timestamp":"2026-09-24T14:06:23Z","changeset":"189500604","name":"Avenue de la Lib\u00e9ration","ref":"D 26","surface":"asphalt","changes":[{"k":"highway","old":null,"new":"secondary"},{"k":"name","old":null,"new":"Avenue de la Lib\u00e9ration"},{"k":"oneway","old":null,"new":"yes"},{"k":"operator","old":null,"new":"CD84"},{"k":"ref","old":null,"new":"D 26"},{"k":"surface","old":null,"new":"asphalt"}]}},{"type":"Feature","geometry":{"type":"LineString","coordinates":[[4.71289,44.23434],[4.71285,44.23438],[4.71279,44.23449]]},"properties":{"action":"create","state":"new","osm_type":"way","osm_id":"1561988402","highway":"secondary","axis":"secondary","version":"1","user":"JLZIMMERMANN","timestamp":"2026-09-24T14:06:23Z","changeset":"189500604","name":"Avenue de la Lib\u00e9ration","ref":"D 26","surface":"asphalt","changes":[{"k":"highway","old":null,"new":"secondary"},{"k":"name","old":null,"new":"Avenue de la Lib\u00e9ration"},{"k":"oneway","old":null,"new":"yes"},{"k":"operator","old":null,"new":"CD84"},{"k":"ref","old":null,"new":"D 26"},{"k":"surface","old":null,"new":"asphalt"}]}},{"type":"Feature","geometry":{"type":"LineString","coordinates":[[4.71287,44.23405],[4.71289,44.23415],[4.71291,44.23418]]},"properties":{"action":"create","state":"new","osm_type":"way","osm_id":"1561988403","highway":"secondary","axis":"secondary","version":"1","user":"JLZIMMERMANN","timestamp":"2026-09-24T14:06:23Z","changeset":"189500604","name":"Avenue Henri Benissa","ref":"D 26","surface":"asphalt","changes":[{"k":"highway","old":null,"new":"secondary"},{"k":"name","old":null,"new":"Avenue Henri Benissa"},{"k":"oneway","old":null,"new":"yes"},{"k":"operator","old":null,"new":"CD84"},{"k":"ref","old":null,"new":"D 26"},{"k":"surface","old":null,"new":"asphalt"}]}},{"type":"Feature","geometry":{"type":"LineString","coordinates":[[4.71279,44.23418],[4.71282,44.23413],[4.71287,44.23405]]},"properties":{"action":"create","state":"new","osm_type":"way","osm_id":"1561988404","highway":"secondary","axis":"secondary","version":"1","user":"JLZIMMERMANN","timestamp":"2026-09-24T14:06:23Z","changeset":"189500604","name":"Avenue Henri Benissa","ref":"D 26","surface":"asphalt","changes":[{"k":"highway","old":null,"new":"secondary"},{"k":"name","old":null,"new":"Avenue Henri Benissa"},{"k":"oneway","old":null,"new":"yes"},{"k":"operator","old":null,"new":"CD84"},{"k":"ref","old":null,"new":"D 26"},{"k":"surface","old":null,"new":"asphalt"}]}},{"type":"Feature","geometry":{"type":"LineString","coordinates":[[4.71289,44.23386],[4.71289,44.23394],[4.71287,44.23405]]},"properties":{"action":"create","state":"new","osm_type":"way","osm_id":"1561988405","highway":"secondary","axis":"secondary","version":"1","user":"JLZIMMERMANN","timestamp":"2026-09-24T14:06:23Z","changeset":"189500604","name":"Avenue Henri Benissa","ref":"D 26","surface":"asphalt","changes":[{"k":"highway","old":null,"new":"secondary"},{"k":"name","old":null,"new":"Avenue Henri Benissa"},{"k":"operator","old":null,"new":"CD84"},{"k":"ref","old":null,"new":"D 26"},{"k":"surface","old":null,"new":"asphalt"}]}},{"type":"Feature","geometry":{"type":"LineString","coordinates":[[4.71291,44.2338],[4.7129,44.23383],[4.71289,44.23386]]},"properties":{"action":"create","state":"new","osm_type":"way","osm_id":"1561988406","highway":"secondary","axis":"secondary","version":"1","user":"JLZIMMERMANN","timestamp":"2026-09-24T14:06:23Z","changeset":"189500604","name":"Avenue Henri Benissa","ref":"D 26","surface":"asphalt","changes":[{"k":"highway","old":null,"new":"secondary"},{"k":"name","old":null,"new":"Avenue Henri Benissa"},{"k":"operator","old":null,"new":"CD84"},{"k":"ref","old":null,"new":"D 26"},{"k":"surface","old":null,"new":"asphalt"},{"k":"traffic_calming","old":null,"new":"table"}]}},{"type":"Feature","geometry":{"type":"LineString","coordinates":[[5.26193,44.18331],[5.2621,44.18334],[5.26214,44.18334],[5.2622,44.18335],[5.2623,44.18343],[5.26231,44.18345],[5.26231,44.18348],[5.26231,44.18352],[5.26229,44.18358]]},"properties":{"action":"create","state":"new","osm_type":"way","osm_id":"1562113400","highway":"footway","axis":"path","version":"1","user":"thepriben","timestamp":"2026-09-25T04:28:07Z","changeset":"189525050","changes":[{"k":"footway","old":null,"new":"sidewalk"},{"k":"highway","old":null,"new":"footway"}]}},{"type":"Feature","geometry":{"type":"LineString","coordinates":[[5.2621,44.18334],[5.26216,44.18326],[5.26222,44.18319]]},"properties":{"action":"create","state":"new","osm_type":"way","osm_id":"1562113401","highway":"footway","axis":"path","version":"2","user":"thepriben","timestamp":"2026-09-29T17:38:13Z","changeset":"189740461","changes":[{"k":"crossing","old":null,"new":"marked"},{"k":"crossing:island","old":null,"new":"no"},{"k":"crossing:markings","old":null,"new":"zebra"},{"k":"footway","old":null,"new":"crossing"},{"k":"highway","old":null,"new":"footway"}]}},{"type":"Feature","geometry":{"type":"LineString","coordinates":[[5.26222,44.18319],[5.26234,44.18312],[5.26241,44.18311],[5.26247,44.18311],[5.26253,44.18313]]},"properties":{"action":"create","state":"new","osm_type":"way","osm_id":"1562113403","highway":"track","axis":"path","version":"2","user":"thepriben","timestamp":"2026-09-25T18:29:34Z","changeset":"189558114","changes":[{"k":"highway","old":null,"new":"track"}]}},{"type":"Feature","geometry":{"type":"LineString","coordinates":[[4.71291,44.23418],[4.71293,44.23419],[4.71295,44.23421],[4.71296,44.23422]]},"properties":{"action":"create","state":"new","osm_type":"way","osm_id":"1562121966","highway":"secondary","axis":"secondary","version":"1","user":"Patchi","timestamp":"2026-09-25T05:25:15Z","changeset":"189526330","ref":"D 26","surface":"asphalt","changes":[{"k":"highway","old":null,"new":"secondary"},{"k":"junction","old":null,"new":"roundabout"},{"k":"noname","old":null,"new":"yes"},{"k":"operator","old":null,"new":"CD84"},{"k":"ref","old":null,"new":"D 26"},{"k":"surface","old":null,"new":"asphalt"}]}},{"type":"Feature","geometry":{"type":"LineString","coordinates":[[4.71292,44.23433],[4.71291,44.23434],[4.71289,44.23434]]},"properties":{"action":"create","state":"new","osm_type":"way","osm_id":"1562121967","highway":"secondary","axis":"secondary","version":"1","user":"Patchi","timestamp":"2026-09-25T05:25:15Z","changeset":"189526330","ref":"D 26","surface":"asphalt","changes":[{"k":"highway","old":null,"new":"secondary"},{"k":"junction","old":null,"new":"roundabout"},{"k":"noname","old":null,"new":"yes"},{"k":"operator","old":null,"new":"CD84"},{"k":"ref","old":null,"new":"D 26"},{"k":"surface","old":null,"new":"asphalt"}]}},{"type":"Feature","geometry":{"type":"LineString","coordinates":[[4.71279,44.23418],[4.71283,44.23417],[4.71287,44.23417],[4.71291,44.23418]]},"properties":{"action":"create","state":"new","osm_type":"way","osm_id":"1562121968","highway":"secondary","axis":"secondary","version":"1","user":"Patchi","timestamp":"2026-09-25T05:25:15Z","changeset":"189526330","ref":"D 26","surface":"asphalt","changes":[{"k":"highway","old":null,"new":"secondary"},{"k":"junction","old":null,"new":"roundabout"},{"k":"noname","old":null,"new":"yes"},{"k":"operator","old":null,"new":"CD84"},{"k":"ref","old":null,"new":"D 26"},{"k":"surface","old":null,"new":"asphalt"}]}},{"type":"Feature","geometry":{"type":"LineString","coordinates":[[4.71323,44.23431],[4.71322,44.23436],[4.71319,44.23446]]},"properties":{"action":"create","state":"new","osm_type":"way","osm_id":"1562141452","highway":"service","axis":"local","version":"1","user":"JLZIMMERMANN","timestamp":"2026-09-25T07:46:46Z","changeset":"189530777","changes":[{"k":"highway","old":null,"new":"service"}]}},{"type":"Feature","geometry":{"type":"LineString","coordinates":[[5.35694,43.75826],[5.35702,43.75823],[5.35709,43.75821],[5.35718,43.75822],[5.35753,43.75831],[5.35774,43.75839]]},"properties":{"action":"create","state":"new","osm_type":"way","osm_id":"1562146330","highway":"service","axis":"local","version":"1","user":"JLZIMMERMANN","timestamp":"2026-09-25T08:15:10Z","changeset":"189531801","changes":[{"k":"highway","old":null,"new":"service"}]}},{"type":"Feature","geometry":{"type":"LineString","coordinates":[[5.35401,43.75408],[5.35408,43.754],[5.35415,43.75387],[5.35417,43.7538]]},"properties":{"action":"create","state":"new","osm_type":"way","osm_id":"1562149347","highway":"service","axis":"local","version":"1","user":"JLZIMMERMANN","timestamp":"2026-09-25T08:32:30Z","changeset":"189532490","changes":[{"k":"highway","old":null,"new":"service"}]}},{"type":"Feature","geometry":{"type":"LineString","coordinates":[[5.33605,43.74775],[5.33605,43.74784],[5.33621,43.74809],[5.33627,43.74827],[5.3363,43.74836],[5.3363,43.74855],[5.33622,43.74899],[5.33612,43.74944],[5.3361,43.74954],[5.33612,43.7497],[5.33616,43.74978],[5.33631,43.74992],[5.3365,43.75003],[5.33664,43.7501],[5.33705,43.75015]]},"properties":{"action":"create","state":"new","osm_type":"way","osm_id":"1562150324","highway":"service","axis":"local","version":"1","user":"JLZIMMERMANN","timestamp":"2026-09-25T08:38:38Z","changeset":"189532686","changes":[{"k":"highway","old":null,"new":"service"}]}},{"type":"Feature","geometry":{"type":"LineString","coordinates":[[5.40892,44.0939],[5.40889,44.09392],[5.40888,44.09402]]},"properties":{"action":"create","state":"new","osm_type":"way","osm_id":"1562168592","highway":"service","axis":"local","version":"1","user":"JLZIMMERMANN","timestamp":"2026-09-25T10:41:44Z","changeset":"189537550","changes":[{"k":"highway","old":null,"new":"service"}]}},{"type":"Feature","geometry":{"type":"LineString","coordinates":[[5.4131,44.09399],[5.41311,44.09388],[5.4131,44.0934],[5.41309,44.09322],[5.41279,44.09303]]},"properties":{"action":"create","state":"new","osm_type":"way","osm_id":"1562168593","highway":"service","axis":"local","version":"1","user":"JLZIMMERMANN","timestamp":"2026-09-25T10:41:44Z","changeset":"189537550","changes":[{"k":"highway","old":null,"new":"service"}]}},{"type":"Feature","geometry":{"type":"LineString","coordinates":[[4.96114,43.89399],[4.96106,43.89398],[4.96095,43.89396],[4.9609,43.89395],[4.96086,43.89394],[4.96034,43.89385],[4.96009,43.89381],[4.95993,43.89378],[4.95961,43.89373],[4.95951,43.89371],[4.95914,43.89365],[4.95894,43.89362],[4.9581,43.89346],[4.95797,43.89344],[4.95757,43.89338],[4.95697,43.89328],[4.95639,43.8932],[4.95609,43.89316],[4.95601,43.89315],[4.9559,43.89314],[4.95568,43.89312],[4.95548,43.89311],[4.95539,43.8931],[4.95512,43.89309],[4.95481,43.89307],[4.95473,43.89306],[4.95439,43.89305],[4.95416,43.89303],[4.95402,43.89302],[4.95391,43.89302],[4.95366,43.893],[4.95337,43.89298],[4.95301,43.89298],[4.95268,43.89297],[4.95218,43.893],[4.95176,43.89302],[4.95156,43.89303]]},"properties":{"action":"create","state":"new","osm_type":"way","osm_id":"1562182779","highway":"tertiary","axis":"secondary","version":"1","user":"JLZIMMERMANN","timestamp":"2026-09-25T12:14:55Z","changeset":"189541592","name":"Route de l'Isle sur la Sorgue","ref":"D 25","surface":"asphalt","changes":[{"k":"highway","old":null,"new":"tertiary"},{"k":"name","old":null,"new":"Route de l'Isle sur la Sorgue"},{"k":"operator","old":null,"new":"CD84"},{"k":"ref","old":null,"new":"D 25"},{"k":"surface","old":null,"new":"asphalt"}]}},{"type":"Feature","geometry":{"type":"LineString","coordinates":[[4.96128,43.89401],[4.96114,43.89399]]},"properties":{"action":"create","state":"new","osm_type":"way","osm_id":"1562182780","highway":"tertiary","axis":"secondary","version":"1","user":"JLZIMMERMANN","timestamp":"2026-09-25T12:14:55Z","changeset":"189541592","name":"Route de l'Isle sur la Sorgue","ref":"D 25","surface":"asphalt","changes":[{"k":"highway","old":null,"new":"tertiary"},{"k":"name","old":null,"new":"Route de l'Isle sur la Sorgue"},{"k":"operator","old":null,"new":"CD84"},{"k":"ref","old":null,"new":"D 25"},{"k":"surface","old":null,"new":"asphalt"},{"k":"traffic_calming","old":null,"new":"table"}]}},{"type":"Feature","geometry":{"type":"LineString","coordinates":[[4.96285,43.89432],[4.96283,43.89424],[4.96281,43.89422],[4.96275,43.89416]]},"properties":{"action":"create","state":"new","osm_type":"way","osm_id":"1562182783","highway":"service","axis":"local","version":"1","user":"JLZIMMERMANN","timestamp":"2026-09-25T12:14:55Z","changeset":"189541592","changes":[{"k":"highway","old":null,"new":"service"}]}},{"type":"Feature","geometry":{"type":"LineString","coordinates":[[4.97226,43.89564],[4.97223,43.89549],[4.97222,43.89539],[4.97218,43.89539],[4.97212,43.8954],[4.9721,43.89548]]},"properties":{"action":"create","state":"new","osm_type":"way","osm_id":"1562182784","highway":"service","axis":"local","version":"1","user":"JLZIMMERMANN","timestamp":"2026-09-25T12:14:55Z","changeset":"189541592","changes":[{"k":"highway","old":null,"new":"service"}]}},{"type":"Feature","geometry":{"type":"LineString","coordinates":[[5.03385,43.91188],[5.03313,43.91162],[5.03278,43.91144],[5.03268,43.91139]]},"properties":{"action":"create","state":"new","osm_type":"way","osm_id":"1562182786","highway":"tertiary","axis":"secondary","version":"1","user":"JLZIMMERMANN","timestamp":"2026-09-25T12:14:55Z","changeset":"189541592","name":"Route de Caumont","changes":[{"k":"cycleway:right","old":null,"new":"lane"},{"k":"highway","old":null,"new":"tertiary"},{"k":"name","old":null,"new":"Route de Caumont"},{"k":"oneway","old":null,"new":"yes"},{"k":"operator","old":null,"new":"CD84"},{"k":"was:ref","old":null,"new":"D 25"}]}},{"type":"Feature","geometry":{"type":"LineString","coordinates":[[5.03268,43.91139],[5.03267,43.91142]]},"properties":{"action":"create","state":"new","osm_type":"way","osm_id":"1562182787","highway":"primary_link","axis":"main","version":"1","user":"JLZIMMERMANN","timestamp":"2026-09-25T12:14:55Z","changeset":"189541592","ref":"D 31","changes":[{"k":"destination","old":null,"new":"Velleron;Carpentras"},{"k":"highway","old":null,"new":"primary_link"},{"k":"oneway","old":null,"new":"yes"},{"k":"ref","old":null,"new":"D 31"}]}},{"type":"Feature","geometry":{"type":"LineString","coordinates":[[5.26226,44.18373],[5.26226,44.18369],[5.26234,44.18355],[5.26235,44.18351],[5.26235,44.18346],[5.26231,44.1834],[5.26227,44.18336]]},"properties":{"action":"create","state":"new","osm_type":"way","osm_id":"1562247459","highway":"residential","axis":"local","version":"1","user":"thepriben","timestamp":"2026-09-25T17:07:55Z","changeset":"189554877","name":"Route du Fer \u00e0 Cheval","changes":[{"k":"highway","old":null,"new":"residential"},{"k":"name","old":null,"new":"Route du Fer \u00e0 Cheval"},{"k":"oneway","old":null,"new":"yes"},{"k":"ref:FR:FANTOIR","old":null,"new":"840150016"}]}},{"type":"Feature","geometry":{"type":"LineString","coordinates":[[5.26226,44.18373],[5.26232,44.18369],[5.26235,44.18365],[5.26236,44.18361],[5.26241,44.18348],[5.26242,44.18341],[5.26243,44.18335]]},"properties":{"action":"create","state":"new","osm_type":"way","osm_id":"1562247460","highway":"residential","axis":"local","version":"1","user":"thepriben","timestamp":"2026-09-25T17:07:55Z","changeset":"189554877","name":"Route du Fer \u00e0 Cheval","changes":[{"k":"highway","old":null,"new":"residential"},{"k":"name","old":null,"new":"Route du Fer \u00e0 Cheval"},{"k":"oneway","old":null,"new":"yes"},{"k":"ref:FR:FANTOIR","old":null,"new":"840150016"}]}},{"type":"Feature","geometry":{"type":"LineString","coordinates":[[5.26299,44.18335],[5.26252,44.18334],[5.26249,44.18334],[5.26243,44.18335]]},"properties":{"action":"create","state":"new","osm_type":"way","osm_id":"1562247461","highway":"tertiary","axis":"secondary","version":"2","user":"thepriben","timestamp":"2026-09-29T17:38:13Z","changeset":"189740461","ref":"D 164A","surface":"asphalt","changes":[{"k":"highway","old":null,"new":"tertiary"},{"k":"oneway","old":null,"new":"yes"},{"k":"ref","old":null,"new":"D 164A"},{"k":"surface","old":null,"new":"asphalt"}]}},{"type":"Feature","geometry":{"type":"LineString","coordinates":[[5.26299,44.18335],[5.26244,44.18326]]},"properties":{"action":"create","state":"new","osm_type":"way","osm_id":"1562247462","highway":"tertiary","axis":"secondary","version":"1","user":"thepriben","timestamp":"2026-09-25T17:07:55Z","changeset":"189554877","ref":"D 164A","surface":"asphalt","changes":[{"k":"highway","old":null,"new":"tertiary"},{"k":"oneway","old":null,"new":"yes"},{"k":"ref","old":null,"new":"D 164A"},{"k":"surface","old":null,"new":"asphalt"}]}},{"type":"Feature","geometry":{"type":"LineString","coordinates":[[5.26223,44.1838],[5.26205,44.1837],[5.26199,44.18366],[5.26195,44.18362],[5.26193,44.18358],[5.26193,44.18354],[5.26195,44.1835],[5.262,44.18346]]},"properties":{"action":"create","state":"new","osm_type":"way","osm_id":"1562247859","highway":"service","axis":"local","version":"1","user":"thepriben","timestamp":"2026-09-25T17:10:51Z","changeset":"189555011","changes":[{"k":"highway","old":null,"new":"service"}]}},{"type":"Feature","geometry":{"type":"LineString","coordinates":[[5.51713,43.77071],[5.51739,43.77068],[5.5175,43.77064],[5.51757,43.77044]]},"properties":{"action":"create","state":"new","osm_type":"way","osm_id":"1562481862","highway":"service","axis":"local","version":"1","user":"GanKonMalade","timestamp":"2026-09-26T09:26:36Z","changeset":"189578378","changes":[{"k":"highway","old":null,"new":"service"},{"k":"service","old":null,"new":"driveway"}]}},{"type":"Feature","geometry":{"type":"LineString","coordinates":[[5.44328,43.8842],[5.44342,43.88422],[5.44361,43.88424],[5.44375,43.88425]]},"properties":{"action":"create","state":"new","osm_type":"way","osm_id":"1562562470","highway":"service","axis":"local","version":"1","user":"Paolitosss","timestamp":"2026-09-26T16:11:30Z","changeset":"189595831","surface":"gravel","changes":[{"k":"highway","old":null,"new":"service"},{"k":"service","old":null,"new":"driveway"},{"k":"surface","old":null,"new":"gravel"}]}},{"type":"Feature","geometry":{"type":"LineString","coordinates":[[4.76198,44.26711],[4.76227,44.26717],[4.76239,44.26719]]},"properties":{"action":"create","state":"new","osm_type":"way","osm_id":"1562762254","highway":"path","axis":"path","version":"1","user":"Curieux de d\u00e9couvertes","timestamp":"2026-09-27T13:22:53Z","changeset":"189630114","changes":[{"k":"highway","old":null,"new":"path"}]}},{"type":"Feature","geometry":{"type":"LineString","coordinates":[[4.8757,44.00537],[4.87575,44.00548],[4.87604,44.00613]]},"properties":{"action":"create","state":"new","osm_type":"way","osm_id":"1563200012","highway":"footway","axis":"path","version":"1","user":"enzo_immergis","timestamp":"2026-09-28T16:16:06Z","changeset":"189687581","changes":[{"k":"highway","old":null,"new":"footway"},{"k":"level","old":null,"new":"0"}]}},{"type":"Feature","geometry":{"type":"LineString","coordinates":[[5.39954,43.87429],[5.39959,43.87429],[5.39965,43.87429],[5.39976,43.87428],[5.39979,43.87428]]},"properties":{"action":"create","state":"new","osm_type":"way","osm_id":"1563446457","highway":"footway","axis":"path","version":"1","user":"Benoit84","timestamp":"2026-09-29T08:20:24Z","changeset":"189714728","changes":[{"k":"highway","old":null,"new":"footway"}]}},{"type":"Feature","geometry":{"type":"LineString","coordinates":[[5.39901,43.87464],[5.39902,43.87468],[5.39901,43.8747],[5.39899,43.87474]]},"properties":{"action":"create","state":"new","osm_type":"way","osm_id":"1563446458","highway":"footway","axis":"path","version":"1","user":"Benoit84","timestamp":"2026-09-29T08:20:24Z","changeset":"189714728","changes":[{"k":"highway","old":null,"new":"footway"}]}},{"type":"Feature","geometry":{"type":"LineString","coordinates":[[4.88012,43.91682],[4.88016,43.91664],[4.88026,43.91631],[4.88038,43.916],[4.88048,43.91574],[4.88071,43.91534],[4.88087,43.91508],[4.88108,43.91464],[4.88119,43.91437],[4.88132,43.91407]]},"properties":{"action":"create","state":"new","osm_type":"way","osm_id":"1563446901","highway":"track","axis":"path","version":"1","user":"Adwiladan","timestamp":"2026-09-29T08:24:07Z","changeset":"189714835","changes":[{"k":"highway","old":null,"new":"track"}]}},{"type":"Feature","geometry":{"type":"LineString","coordinates":[[5.1438,44.00714],[5.14373,44.00715],[5.14369,44.00719],[5.1436,44.00736],[5.14353,44.00753],[5.14329,44.00752],[5.14327,44.00758],[5.14324,44.00771],[5.14318,44.00782]]},"properties":{"action":"create","state":"new","osm_type":"way","osm_id":"1563513135","highway":"service","axis":"local","version":"1","user":"JLZIMMERMANN","timestamp":"2026-09-29T12:08:29Z","changeset":"189724431","changes":[{"k":"highway","old":null,"new":"service"}]}},{"type":"Feature","geometry":{"type":"LineString","coordinates":[[5.14324,44.00771],[5.14333,44.00771],[5.14354,44.00771],[5.14356,44.00767],[5.14356,44.00755],[5.14353,44.00753]]},"properties":{"action":"create","state":"new","osm_type":"way","osm_id":"1563513136","highway":"service","axis":"local","version":"1","user":"JLZIMMERMANN","timestamp":"2026-09-29T12:08:29Z","changeset":"189724431","changes":[{"k":"highway","old":null,"new":"service"}]}},{"type":"Feature","geometry":{"type":"LineString","coordinates":[[5.14416,44.00309],[5.14426,44.00268]]},"properties":{"action":"create","state":"new","osm_type":"way","osm_id":"1563513137","highway":"secondary","axis":"secondary","version":"1","user":"JLZIMMERMANN","timestamp":"2026-09-29T12:08:29Z","changeset":"189724431","name":"Route de Carpentras","ref":"D 4","surface":"asphalt","maxspeed":"30","changes":[{"k":"highway","old":null,"new":"secondary"},{"k":"maxspeed","old":null,"new":"30"},{"k":"name","old":null,"new":"Route de Carpentras"},{"k":"oneway","old":null,"new":"no"},{"k":"operator","old":null,"new":"CD84"},{"k":"ref","old":null,"new":"D 4"},{"k":"source:maxspeed","old":null,"new":"sign"},{"k":"surface","old":null,"new":"asphalt"}]}},{"type":"Feature","geometry":{"type":"LineString","coordinates":[[5.14426,44.00268],[5.14429,44.00257]]},"properties":{"action":"create","state":"new","osm_type":"way","osm_id":"1563513138","highway":"secondary","axis":"secondary","version":"1","user":"JLZIMMERMANN","timestamp":"2026-09-29T12:08:29Z","changeset":"189724431","name":"Route de Carpentras","ref":"D 4","surface":"asphalt","maxspeed":"30","changes":[{"k":"highway","old":null,"new":"secondary"},{"k":"maxspeed","old":null,"new":"30"},{"k":"name","old":null,"new":"Route de Carpentras"},{"k":"oneway","old":null,"new":"no"},{"k":"operator","old":null,"new":"CD84"},{"k":"ref","old":null,"new":"D 4"},{"k":"source:maxspeed","old":null,"new":"sign"},{"k":"surface","old":null,"new":"asphalt"},{"k":"traffic_calming","old":null,"new":"table"}]}},{"type":"Feature","geometry":{"type":"LineString","coordinates":[[4.87347,44.02649],[4.87335,44.02649],[4.87314,44.02642]]},"properties":{"action":"create","state":"new","osm_type":"way","osm_id":"1563525870","highway":"service","axis":"local","version":"1","user":"JLZIMMERMANN","timestamp":"2026-09-29T13:04:24Z","changeset":"189726941","changes":[{"k":"highway","old":null,"new":"service"}]}},{"type":"Feature","geometry":{"type":"LineString","coordinates":[[4.87308,44.02567],[4.87293,44.02573],[4.87276,44.02576],[4.87262,44.02572]]},"properties":{"action":"create","state":"new","osm_type":"way","osm_id":"1563525872","highway":"service","axis":"local","version":"1","user":"JLZIMMERMANN","timestamp":"2026-09-29T13:04:24Z","changeset":"189726941","changes":[{"k":"highway","old":null,"new":"service"}]}},{"type":"Feature","geometry":{"type":"LineString","coordinates":[[4.87049,44.0276],[4.8706,44.02763],[4.87064,44.02764],[4.8707,44.02763],[4.87079,44.02755],[4.87081,44.02745]]},"properties":{"action":"create","state":"new","osm_type":"way","osm_id":"1563525877","highway":"service","axis":"local","version":"1","user":"JLZIMMERMANN","timestamp":"2026-09-29T13:04:24Z","changeset":"189726941","changes":[{"k":"highway","old":null,"new":"service"}]}},{"type":"Feature","geometry":{"type":"LineString","coordinates":[[4.87092,44.02108],[4.87103,44.02131],[4.8711,44.02145]]},"properties":{"action":"create","state":"new","osm_type":"way","osm_id":"1563525878","highway":"primary","axis":"main","version":"1","user":"JLZIMMERMANN","timestamp":"2026-09-29T13:04:24Z","changeset":"189726941","name":"D 907 (Avenue d'Orange)","ref":"D 907","surface":"asphalt","maxspeed":"90","changes":[{"k":"guard_rail","old":null,"new":"no"},{"k":"guard_rail:material","old":null,"new":"concrete;metal"},{"k":"highway","old":null,"new":"primary"},{"k":"lanes","old":null,"new":"1"},{"k":"lanes:forward","old":null,"new":"2"},{"k":"lit","old":null,"new":"yes"},{"k":"mapillary","old":null,"new":"1403176900037345"},{"k":"maxspeed","old":null,"new":"90"},{"k":"name","old":null,"new":"D 907 (Avenue d'Orange)"},{"k":"old_ref","old":null,"new":"N 7"},{"k":"operator","old":null,"new":"CD84"},{"k":"ref","old":null,"new":"D 907"},{"k":"ref:FR:commune","old":null,"new":"84129V000090"},{"k":"source","old":null,"new":"CCPRO 2016"}]}},{"type":"Feature","geometry":{"type":"LineString","coordinates":[[5.10632,44.02408],[5.10622,44.02415],[5.1062,44.02419],[5.10617,44.02428],[5.10611,44.02435],[5.1061,44.02445],[5.10608,44.0245],[5.10599,44.02459],[5.10588,44.02459],[5.10584,44.02458],[5.10578,44.02447]]},"properties":{"action":"create","state":"new","osm_type":"way","osm_id":"1563538100","highway":"service","axis":"local","version":"1","user":"JLZIMMERMANN","timestamp":"2026-09-29T13:53:57Z","changeset":"189729451","changes":[{"k":"highway","old":null,"new":"service"}]}},{"type":"Feature","geometry":{"type":"LineString","coordinates":[[5.1052,44.02333],[5.10527,44.02338],[5.10561,44.02365]]},"properties":{"action":"create","state":"new","osm_type":"way","osm_id":"1563538101","highway":"service","axis":"local","version":"1","user":"JLZIMMERMANN","timestamp":"2026-09-29T13:53:57Z","changeset":"189729451","changes":[{"k":"highway","old":null,"new":"service"}]}},{"type":"Feature","geometry":{"type":"LineString","coordinates":[[5.1047,44.02125],[5.10489,44.02119],[5.10542,44.02104],[5.10551,44.02105]]},"properties":{"action":"create","state":"new","osm_type":"way","osm_id":"1563538102","highway":"service","axis":"local","version":"1","user":"JLZIMMERMANN","timestamp":"2026-09-29T13:53:57Z","changeset":"189729451","changes":[{"k":"highway","old":null,"new":"service"}]}},{"type":"Feature","geometry":{"type":"LineString","coordinates":[[5.10446,44.02079],[5.10469,44.02074]]},"properties":{"action":"create","state":"new","osm_type":"way","osm_id":"1563538103","highway":"service","axis":"local","version":"1","user":"JLZIMMERMANN","timestamp":"2026-09-29T13:53:57Z","changeset":"189729451","changes":[{"k":"highway","old":null,"new":"service"}]}},{"type":"Feature","geometry":{"type":"LineString","coordinates":[[5.10418,44.02028],[5.10401,44.02036],[5.10394,44.0204],[5.10391,44.02046],[5.10385,44.0205],[5.10372,44.02053],[5.1034,44.02064]]},"properties":{"action":"create","state":"new","osm_type":"way","osm_id":"1563538104","highway":"service","axis":"local","version":"1","user":"JLZIMMERMANN","timestamp":"2026-09-29T13:53:57Z","changeset":"189729451","changes":[{"k":"highway","old":null,"new":"service"}]}},{"type":"Feature","geometry":{"type":"LineString","coordinates":[[5.10412,44.02017],[5.10402,44.0202],[5.1039,44.02026],[5.10357,44.02043],[5.1035,44.02043],[5.10344,44.02043]]},"properties":{"action":"create","state":"new","osm_type":"way","osm_id":"1563538105","highway":"service","axis":"local","version":"1","user":"JLZIMMERMANN","timestamp":"2026-09-29T13:53:57Z","changeset":"189729451","changes":[{"k":"highway","old":null,"new":"service"}]}},{"type":"Feature","geometry":{"type":"LineString","coordinates":[[5.10376,44.01954],[5.10364,44.01955],[5.10349,44.01958],[5.10319,44.01963],[5.10299,44.01967],[5.10285,44.01971]]},"properties":{"action":"create","state":"new","osm_type":"way","osm_id":"1563538106","highway":"service","axis":"local","version":"1","user":"JLZIMMERMANN","timestamp":"2026-09-29T13:53:57Z","changeset":"189729451","changes":[{"k":"highway","old":null,"new":"service"}]}},{"type":"Feature","geometry":{"type":"LineString","coordinates":[[5.1036,44.01926],[5.10373,44.01923],[5.10397,44.0192],[5.10427,44.01915]]},"properties":{"action":"create","state":"new","osm_type":"way","osm_id":"1563538107","highway":"service","axis":"local","version":"1","user":"JLZIMMERMANN","timestamp":"2026-09-29T13:53:57Z","changeset":"189729451","changes":[{"k":"highway","old":null,"new":"service"}]}},{"type":"Feature","geometry":{"type":"LineString","coordinates":[[5.1045,44.01835],[5.10436,44.01801],[5.10414,44.01752],[5.10407,44.01748]]},"properties":{"action":"create","state":"new","osm_type":"way","osm_id":"1563538110","highway":"service","axis":"local","version":"1","user":"JLZIMMERMANN","timestamp":"2026-09-29T13:53:57Z","changeset":"189729451","changes":[{"k":"highway","old":null,"new":"service"}]}},{"type":"Feature","geometry":{"type":"LineString","coordinates":[[5.02783,43.9468],[5.02779,43.94681],[5.02774,43.94682],[5.02771,43.94685],[5.02769,43.94688],[5.02769,43.94691],[5.0277,43.94694],[5.02772,43.94697],[5.02776,43.94699],[5.0278,43.947]]},"properties":{"action":"create","state":"new","osm_type":"way","osm_id":"1563560110","highway":"primary","axis":"main","version":"1","user":"JLZIMMERMANN","timestamp":"2026-09-29T14:52:53Z","changeset":"189732586","name":"Route de Cavaillon","ref":"D 31","surface":"asphalt","maxspeed":"80","changes":[{"k":"cycleway:both","old":null,"new":"lane"},{"k":"cycleway:both:lane","old":null,"new":"exclusive"},{"k":"highway","old":null,"new":"primary"},{"k":"lanes","old":null,"new":"2"},{"k":"maxspeed","old":null,"new":"80"},{"k":"name","old":null,"new":"Route de Cavaillon"},{"k":"oneway","old":null,"new":"no"},{"k":"ref","old":null,"new":"D 31"},{"k":"surface","old":null,"new":"asphalt"}]}},{"type":"Feature","geometry":{"type":"LineString","coordinates":[[5.0278,43.947],[5.02776,43.94721]]},"properties":{"action":"create","state":"new","osm_type":"way","osm_id":"1563560111","highway":"primary","axis":"main","version":"1","user":"JLZIMMERMANN","timestamp":"2026-09-29T14:52:53Z","changeset":"189732586","name":"Route de Cavaillon","ref":"D 31","surface":"asphalt","maxspeed":"80","changes":[{"k":"cycleway:both","old":null,"new":"lane"},{"k":"cycleway:both:lane","old":null,"new":"exclusive"},{"k":"highway","old":null,"new":"primary"},{"k":"lanes","old":null,"new":"2"},{"k":"maxspeed","old":null,"new":"80"},{"k":"name","old":null,"new":"Route de Cavaillon"},{"k":"oneway","old":null,"new":"no"},{"k":"ref","old":null,"new":"D 31"},{"k":"surface","old":null,"new":"asphalt"}]}},{"type":"Feature","geometry":{"type":"LineString","coordinates":[[5.02783,43.9468],[5.02786,43.94681],[5.02789,43.94681],[5.02793,43.94683],[5.02795,43.94686],[5.02797,43.94689],[5.02797,43.94692],[5.02795,43.94695],[5.02793,43.94697],[5.0279,43.94699],[5.02786,43.947],[5.02783,43.947],[5.0278,43.947]]},"properties":{"action":"create","state":"new","osm_type":"way","osm_id":"1563560112","highway":"primary","axis":"main","version":"1","user":"JLZIMMERMANN","timestamp":"2026-09-29T14:52:53Z","changeset":"189732586","name":"Route de Cavaillon","ref":"D 31","surface":"asphalt","maxspeed":"80","changes":[{"k":"cycleway:both","old":null,"new":"lane"},{"k":"cycleway:both:lane","old":null,"new":"exclusive"},{"k":"highway","old":null,"new":"primary"},{"k":"lanes","old":null,"new":"2"},{"k":"maxspeed","old":null,"new":"80"},{"k":"name","old":null,"new":"Route de Cavaillon"},{"k":"oneway","old":null,"new":"no"},{"k":"ref","old":null,"new":"D 31"},{"k":"surface","old":null,"new":"asphalt"}]}},{"type":"Feature","geometry":{"type":"LineString","coordinates":[[5.02783,43.9468],[5.02784,43.94672],[5.02787,43.9466]]},"properties":{"action":"create","state":"new","osm_type":"way","osm_id":"1563560113","highway":"primary","axis":"main","version":"1","user":"JLZIMMERMANN","timestamp":"2026-09-29T14:52:53Z","changeset":"189732586","name":"Route de Cavaillon","ref":"D 31","surface":"asphalt","maxspeed":"80","changes":[{"k":"cycleway:both","old":null,"new":"lane"},{"k":"cycleway:both:lane","old":null,"new":"exclusive"},{"k":"highway","old":null,"new":"primary"},{"k":"lanes","old":null,"new":"2"},{"k":"maxspeed","old":null,"new":"80"},{"k":"name","old":null,"new":"Route de Cavaillon"},{"k":"oneway","old":null,"new":"yes"},{"k":"ref","old":null,"new":"D 31"},{"k":"surface","old":null,"new":"asphalt"}]}},{"type":"Feature","geometry":{"type":"LineString","coordinates":[[5.02787,43.9466],[5.02789,43.94669],[5.02789,43.94681]]},"properties":{"action":"create","state":"new","osm_type":"way","osm_id":"1563560114","highway":"primary","axis":"main","version":"1","user":"JLZIMMERMANN","timestamp":"2026-09-29T14:52:53Z","changeset":"189732586","name":"Route de Cavaillon","ref":"D 31","surface":"asphalt","maxspeed":"80","changes":[{"k":"cycleway:both","old":null,"new":"lane"},{"k":"cycleway:both:lane","old":null,"new":"exclusive"},{"k":"highway","old":null,"new":"primary"},{"k":"lanes","old":null,"new":"2"},{"k":"maxspeed","old":null,"new":"80"},{"k":"name","old":null,"new":"Route de Cavaillon"},{"k":"oneway","old":null,"new":"yes"},{"k":"ref","old":null,"new":"D 31"},{"k":"surface","old":null,"new":"asphalt"}]}},{"type":"Feature","geometry":{"type":"LineString","coordinates":[[4.88897,44.03592],[4.88879,44.03596],[4.8887,44.03598]]},"properties":{"action":"create","state":"new","osm_type":"way","osm_id":"1563648628","highway":"service","axis":"local","version":"1","user":"JLZIMMERMANN","timestamp":"2026-09-29T21:02:19Z","changeset":"189747615","changes":[{"k":"highway","old":null,"new":"service"}]}}],"_cache":{"generated_at":"2026-09-29T23:10:25.285448+00:00","endpoint":"https://overpass-api.de/api/interpreter","user_agent":"dataroads-FR84/0.23.1 (https://github.com/thepriben/dataroads-FR84)","source_format":"overpass-adiff-xml","source_elements":2176,"window_days":7,"since":"2026-09-22T23:09:45Z","bbox":[43.67,4.64,44.29,5.76]}}
