{"type":"FeatureCollection","features":[{"type":"Feature","id":"230814-001797-1","geometry":{"type":"Point","coordinates":[1.601671,42.844486]},"properties":{"event_type":"roadwork","datex_type":"RoadOrCarriagewayOrLaneManagement","description":"Arr\u00eat\u00e9 A-154(Ter)-2022","road_name":"N20","commune":"Tarascon-sur-Ari\u00e8ge","start_time":"2023-08-14T16:55:00.071+02:00","end_time":"","source":"Direction interd\u00e9partementale des routes/DIR Sud-Ouest","version":"4"}},{"type":"Feature","id":"251022-000640-1","geometry":{"type":"Point","coordinates":[-1.7477167,48.104973]},"properties":{"event_type":"roadwork","datex_type":"RoadOrCarriagewayOrLaneManagement","description":"La mesure est obligatoire","road_name":"N24","commune":"Vezin-le-Coquet","start_time":"2025-10-22T09:11:58.953+02:00","end_time":"2025-10-24T00:00:00.000+02:00","source":"Direction interd\u00e9partementale des routes/DIR Ouest","version":"2"}},{"type":"Feature","id":"251023-001144-1","geometry":{"type":"Point","coordinates":[6.1781034,45.23877]},"properties":{"event_type":"weather","datex_type":"WeatherRelatedRoadConditions","description":"Le col du Glandon est ferm\u00e9 pour la saison hivernale.\n\nHabituellement le col est ferm\u00e9 pour la saison hivernale du 2\u00e8me lundi de novembre jusqu'au dernier vendredi de mai.","road_name":"D926","commune":"Saint-Colomban-des-Villards","start_time":"2025-10-23T10:44:14.681+02:00","end_time":"2026-05-29T17:00:00.000+02:00","source":"Direction interd\u00e9partementale des routes/DIR Centre-Est","version":"1"}},{"type":"Feature","id":"251023-001144-2","geometry":{"type":"Point","coordinates":[6.1781034,45.23877]},"properties":{"event_type":"roadwork","datex_type":"RoadOrCarriagewayOrLaneManagement","description":"Le col du Glandon est ferm\u00e9 pour la saison hivernale.\n\nHabituellement le col est ferm\u00e9 pour la saison hivernale du 2\u00e8me lundi de novembre jusqu'au dernier vendredi de mai.","road_name":"D926","commune":"Saint-Colomban-des-Villards","start_time":"2025-10-23T10:44:14.681+02:00","end_time":"2026-05-29T17:00:00.000+02:00","source":"Direction interd\u00e9partementale des routes/DIR Centre-Est","version":"1"}},{"type":"Feature","id":"241125-001455-1","geometry":{"type":"Point","coordinates":[3.7624981,49.745174]},"properties":{"event_type":"roadwork","datex_type":"RoadOrCarriagewayOrLaneManagement","description":"Arr\u00eat\u00e9 n\u00b0 T 24-481 AI\n\n (Prorogation de l\u2019arr\u00eat\u00e9 T 23-548 AI)","road_name":"N2","commune":"Marle","start_time":"2024-11-25T11:50:00.000+01:00","end_time":"2026-11-30T17:00:00.000+01:00","source":"Direction interd\u00e9partementale des routes/DIR Nord","version":"6"}},{"type":"Feature","id":"260113-001342-1","geometry":{"type":"Point","coordinates":[2.2259395,48.826313]},"properties":{"event_type":"roadwork","datex_type":"ReroutingManagement","description":"Sortie 1 vers D7 ferm\u00e9e 24h/24 jusqu'en 2027","road_name":"N118","commune":"S\u00e8vres","start_time":"2026-01-13T12:38:00.504+01:00","end_time":"2027-01-13T12:00:00.000+01:00","source":"Direction interd\u00e9partementale des routes/DIR \u00cele-de-France","version":"1"}},{"type":"Feature","id":"260122-001707-1","geometry":{"type":"Point","coordinates":[0.6984161,42.908493]},"properties":{"event_type":"roadwork","datex_type":"MaintenanceWorks","description":"Travaux de maintenance\nArr\u00eat\u00e9 A-002-2026 RN125","road_name":"N125","commune":"Lez","start_time":"2026-12-03T08:30:00.000+01:00","end_time":"2026-12-03T16:30:00.000+01:00","source":"Direction interd\u00e9partementale des routes/DIR Sud-Ouest","version":"1"}},{"type":"Feature","id":"260122-001707-2","geometry":{"type":"Point","coordinates":[0.6984161,42.908493]},"properties":{"event_type":"roadwork","datex_type":"RoadOrCarriagewayOrLaneManagement","description":"Point particulier : d\u00e9but : situ\u00e9 3947 m au sud de Chaum, fin : situ\u00e9 5769 m au nord de Fos DIR Sud-Ouest/District Sud (Foix)/CEI Chaum","road_name":"N125","commune":"Lez","start_time":"2026-12-03T08:30:00.000+01:00","end_time":"2026-12-03T16:30:00.000+01:00","source":"Direction interd\u00e9partementale des routes/DIR Sud-Ouest","version":"1"}},{"type":"Feature","id":"260122-001707-3","geometry":{"type":"Point","coordinates":[0.6984161,42.908493]},"properties":{"event_type":"roadwork","datex_type":"ReroutingManagement","description":"Point particulier : d\u00e9but : situ\u00e9 3947 m au sud de Chaum, fin : situ\u00e9 5769 m au nord de Fos DIR Sud-Ouest/District Sud (Foix)/CEI Chaum","road_name":"N125","commune":"Lez","start_time":"2026-12-03T08:30:00.000+01:00","end_time":"2026-12-03T16:30:00.000+01:00","source":"Direction interd\u00e9partementale des routes/DIR Sud-Ouest","version":"1"}},{"type":"Feature","id":"260122-001728-1","geometry":{"type":"Point","coordinates":[0.6984161,42.908493]},"properties":{"event_type":"roadwork","datex_type":"MaintenanceWorks","description":"Travaux de maintenance\nArr\u00eat\u00e9 A-002-2026 RN125","road_name":"N125","commune":"Lez","start_time":"2026-11-05T08:30:00.000+01:00","end_time":"2026-11-05T16:30:00.000+01:00","source":"Direction interd\u00e9partementale des routes/DIR Sud-Ouest","version":"1"}},{"type":"Feature","id":"260122-001728-2","geometry":{"type":"Point","coordinates":[0.6984161,42.908493]},"properties":{"event_type":"roadwork","datex_type":"RoadOrCarriagewayOrLaneManagement","description":"Point particulier : d\u00e9but : situ\u00e9 3947 m au sud de Chaum, fin : situ\u00e9 5769 m au nord de Fos DIR Sud-Ouest/District Sud (Foix)/CEI Chaum","road_name":"N125","commune":"Lez","start_time":"2026-11-05T08:30:00.000+01:00","end_time":"2026-11-05T16:30:00.000+01:00","source":"Direction interd\u00e9partementale des routes/DIR Sud-Ouest","version":"1"}},{"type":"Feature","id":"260122-001728-3","geometry":{"type":"Point","coordinates":[0.6984161,42.908493]},"properties":{"event_type":"roadwork","datex_type":"ReroutingManagement","description":"Point particulier : d\u00e9but : situ\u00e9 3947 m au sud de Chaum, fin : situ\u00e9 5769 m au nord de Fos DIR Sud-Ouest/District Sud (Foix)/CEI Chaum","road_name":"N125","commune":"Lez","start_time":"2026-11-05T08:30:00.000+01:00","end_time":"2026-11-05T16:30:00.000+01:00","source":"Direction interd\u00e9partementale des routes/DIR Sud-Ouest","version":"1"}},{"type":"Feature","id":"260122-001799-1","geometry":{"type":"Point","coordinates":[1.6221097,42.946754]},"properties":{"event_type":"roadwork","datex_type":"MaintenanceWorks","description":"Travaux de maintenance\nArr\u00eat\u00e9 A-003-2026 RN20","road_name":"N20","commune":"Foix","start_time":"2026-12-09T20:30:00.000+01:00","end_time":"2026-12-11T06:00:00.000+01:00","source":"Direction interd\u00e9partementale des routes/DIR Sud-Ouest","version":"1"}},{"type":"Feature","id":"260122-001799-2","geometry":{"type":"Point","coordinates":[1.6221097,42.946754]},"properties":{"event_type":"roadwork","datex_type":"RoadOrCarriagewayOrLaneManagement","description":"Point particulier : d\u00e9but : situ\u00e9 49 m au sud de Saint-Jean-de-Verges, fin : situ\u00e9 2738 m au nord de Saint-Paul-de-Jarrat DIR Sud-Ouest/District Sud (Foix)/CEI Saint-Paul-de-Jarrat","road_name":"N20","commune":"Foix","start_time":"2026-12-09T20:30:00.000+01:00","end_time":"2026-12-11T06:00:00.000+01:00","source":"Direction interd\u00e9partementale des routes/DIR Sud-Ouest","version":"1"}},{"type":"Feature","id":"260122-001799-3","geometry":{"type":"Point","coordinates":[1.6221097,42.946754]},"properties":{"event_type":"roadwork","datex_type":"ReroutingManagement","description":"Point particulier : d\u00e9but : situ\u00e9 49 m au sud de Saint-Jean-de-Verges, fin : situ\u00e9 2738 m au nord de Saint-Paul-de-Jarrat DIR Sud-Ouest/District Sud (Foix)/CEI Saint-Paul-de-Jarrat","road_name":"N20","commune":"Foix","start_time":"2026-12-09T20:30:00.000+01:00","end_time":"2026-12-11T06:00:00.000+01:00","source":"Direction interd\u00e9partementale des routes/DIR Sud-Ouest","version":"1"}},{"type":"Feature","id":"260122-001792-1","geometry":{"type":"Point","coordinates":[1.6221097,42.946754]},"properties":{"event_type":"roadwork","datex_type":"MaintenanceWorks","description":"Travaux de maintenance\nArr\u00eat\u00e9 A-003-2026 RN20","road_name":"N20","commune":"Foix","start_time":"2026-10-07T20:30:00.000+02:00","end_time":"2026-10-09T06:00:00.000+02:00","source":"Direction interd\u00e9partementale des routes/DIR Sud-Ouest","version":"2"}},{"type":"Feature","id":"260122-001792-2","geometry":{"type":"Point","coordinates":[1.6221097,42.946754]},"properties":{"event_type":"roadwork","datex_type":"RoadOrCarriagewayOrLaneManagement","description":"Point particulier : d\u00e9but : situ\u00e9 49 m au sud de Saint-Jean-de-Verges, fin : situ\u00e9 2738 m au nord de Saint-Paul-de-Jarrat DIR Sud-Ouest/District Sud (Foix)/CEI Saint-Paul-de-Jarrat","road_name":"N20","commune":"Foix","start_time":"2026-10-07T20:30:00.000+02:00","end_time":"2026-10-09T06:00:00.000+02:00","source":"Direction interd\u00e9partementale des routes/DIR Sud-Ouest","version":"2"}},{"type":"Feature","id":"260122-001792-3","geometry":{"type":"Point","coordinates":[1.6221097,42.946754]},"properties":{"event_type":"roadwork","datex_type":"ReroutingManagement","description":"Point particulier : d\u00e9but : situ\u00e9 49 m au sud de Saint-Jean-de-Verges, fin : situ\u00e9 2738 m au nord de Saint-Paul-de-Jarrat DIR Sud-Ouest/District Sud (Foix)/CEI Saint-Paul-de-Jarrat","road_name":"N20","commune":"Foix","start_time":"2026-10-07T20:30:00.000+02:00","end_time":"2026-10-09T06:00:00.000+02:00","source":"Direction interd\u00e9partementale des routes/DIR Sud-Ouest","version":"2"}},{"type":"Feature","id":"260122-001843-1","geometry":{"type":"Point","coordinates":[1.6221097,42.946754]},"properties":{"event_type":"roadwork","datex_type":"MaintenanceWorks","description":"Travaux de maintenance\nArr\u00eat\u00e9 A-003-2026 RN20","road_name":"N20","commune":"Foix","start_time":"2026-11-18T20:30:00.000+01:00","end_time":"2026-11-20T06:00:00.000+01:00","source":"Direction interd\u00e9partementale des routes/DIR Sud-Ouest","version":"1"}},{"type":"Feature","id":"260122-001843-2","geometry":{"type":"Point","coordinates":[1.6221097,42.946754]},"properties":{"event_type":"roadwork","datex_type":"RoadOrCarriagewayOrLaneManagement","description":"Point particulier : d\u00e9but : situ\u00e9 49 m au sud de Saint-Jean-de-Verges, fin : situ\u00e9 2738 m au nord de Saint-Paul-de-Jarrat DIR Sud-Ouest/District Sud (Foix)/CEI Saint-Paul-de-Jarrat","road_name":"N20","commune":"Foix","start_time":"2026-11-18T20:30:00.000+01:00","end_time":"2026-11-20T06:00:00.000+01:00","source":"Direction interd\u00e9partementale des routes/DIR Sud-Ouest","version":"1"}},{"type":"Feature","id":"260122-001843-3","geometry":{"type":"Point","coordinates":[1.6221097,42.946754]},"properties":{"event_type":"roadwork","datex_type":"ReroutingManagement","description":"Point particulier : d\u00e9but : situ\u00e9 49 m au sud de Saint-Jean-de-Verges, fin : situ\u00e9 2738 m au nord de Saint-Paul-de-Jarrat DIR Sud-Ouest/District Sud (Foix)/CEI Saint-Paul-de-Jarrat","road_name":"N20","commune":"Foix","start_time":"2026-11-18T20:30:00.000+01:00","end_time":"2026-11-20T06:00:00.000+01:00","source":"Direction interd\u00e9partementale des routes/DIR Sud-Ouest","version":"1"}},{"type":"Feature","id":"260212-002970-102","geometry":{"type":"Point","coordinates":[6.0333233,45.597878]},"properties":{"event_type":"incident","datex_type":"GeneralObstruction","description":"Glissement de terrain avec coupure de la chauss\u00e9e avant  Thorm\u00e9roz  entre Thoiry et St Jean d'Arvey. D\u00e9viation locale mise en place par la RD206.","road_name":"D21","commune":"Thoiry","start_time":"2026-02-12T04:37:52.713+01:00","end_time":"","source":"Direction interd\u00e9partementale des routes/DIR Centre-Est","version":"5"}},{"type":"Feature","id":"260212-002970-1","geometry":{"type":"Point","coordinates":[6.0332246,45.59857]},"properties":{"event_type":"info","datex_type":"GeneralNetworkManagement","description":"Circulation en alternat sur la RD 21 en aval de Thorneroz  suite \u00e0 glissement de terrain.\n\nLa mesure est obligatoire","road_name":"D21","commune":"Thoiry","start_time":"2026-02-12T17:22:34.240+01:00","end_time":"","source":"Direction interd\u00e9partementale des routes/DIR Centre-Est","version":"6"}},{"type":"Feature","id":"260303-001546-1","geometry":{"type":"Point","coordinates":[4.7095,43.95063]},"properties":{"event_type":"roadwork","datex_type":"MaintenanceWorks","description":"Raccordement fibre optique","road_name":"N100","commune":"Saze","start_time":"2026-03-12T09:16:00.000+01:00","end_time":"","source":"Direction interd\u00e9partementale des routes/DIR M\u00e9diterran\u00e9e","version":"1"}},{"type":"Feature","id":"260131-000090-1","geometry":{"type":"Point","coordinates":[1.8350875,42.674904]},"properties":{"event_type":"incident","datex_type":"EnvironmentalObstruction","description":"A-016-RN20-2026 ( Annule et replace A-010(TER)-RN20-2026)\ntous les usagers (v\u00e9hicules, cycliste et pi\u00e9tons)","road_name":"N20","commune":"M\u00e9rens-les-Vals","start_time":"2026-01-31T02:22:31.507+01:00","end_time":"","source":"Gendarmerie/CORG","version":"42"}},{"type":"Feature","id":"260131-000090-111","geometry":{"type":"Point","coordinates":[1.835843,42.673695]},"properties":{"event_type":"info","datex_type":"GeneralNetworkManagement","description":"L\u2019arr\u00eat et Le stationnement sont formellement interdits sur les deux sens","road_name":"N20","commune":"M\u00e9rens-les-Vals","start_time":"2026-03-09T06:00:00.000+01:00","end_time":"","source":"Direction interd\u00e9partementale des routes/DIR Sud-Ouest","version":"8"}},{"type":"Feature","id":"260131-000090-112","geometry":{"type":"Point","coordinates":[1.8356863,42.672256]},"properties":{"event_type":"roadwork","datex_type":"SpeedManagement","description":"Point particulier : d\u00e9but : situ\u00e9 5639 m au sud de Ax-les-Thermes, fin : situ\u00e9 11618 m au nord de L'Hospitalet-pr\u00e8s-l'Andorre DIR Sud-Ouest/District Sud (Foix)/CEI L'Hospitalet","road_name":"N20","commune":"M\u00e9rens-les-Vals","start_time":"2026-03-09T06:00:00.000+01:00","end_time":"","source":"Direction interd\u00e9partementale des routes/DIR Sud-Ouest","version":"9"}},{"type":"Feature","id":"260318-002333-1","geometry":{"type":"Point","coordinates":[1.8397138,42.549812]},"properties":{"event_type":"incident","datex_type":"GeneralObstruction","description":"Effondrement du mur de sout\u00e8nement de la chauss\u00e9e","road_name":"N320","commune":"Port\u00e9-Puymorens","start_time":"2026-03-18T18:24:43.960+01:00","end_time":"","source":"Direction interd\u00e9partementale des routes/DIR Sud-Ouest","version":"2"}},{"type":"Feature","id":"260318-002333-2","geometry":{"type":"Point","coordinates":[1.8397138,42.549812]},"properties":{"event_type":"roadwork","datex_type":"RoadOrCarriagewayOrLaneManagement","description":"Circulation altern\u00e9e \u00e0 l'aide de panneaux B15 et C18","road_name":"N320","commune":"Port\u00e9-Puymorens","start_time":"2026-03-18T18:24:43.960+01:00","end_time":"","source":"Direction interd\u00e9partementale des routes/DIR Sud-Ouest","version":"2"}},{"type":"Feature","id":"260325-000131-1","geometry":{"type":"Point","coordinates":[5.893566,45.618313]},"properties":{"event_type":"info","datex_type":"GeneralNetworkManagement","description":"Suite \u00e0 effondrement de chauss\u00e9e coupure de la RD 10 dans les 2 sens\nDur\u00e9e ind\u00e9termin\u00e9e\nLa mesure est obligatoire","road_name":"D10","commune":"Voglans","start_time":"2025-05-23T08:34:26.034+02:00","end_time":"","source":"Direction interd\u00e9partementale des routes/DIR Centre-Est","version":"1"}},{"type":"Feature","id":"260316-001821-1","geometry":{"type":"Point","coordinates":[-2.5898418,48.476738]},"properties":{"event_type":"info","datex_type":"RoadsideServiceDisruption","description":"Station TOTAL de Bel Air ferm\u00e9e\nArr\u00eat\u00e9 SL187","road_name":"N12","commune":"Co\u00ebtmieux","start_time":"2026-03-30T09:00:00.000+02:00","end_time":"2026-10-30T16:30:00.000+01:00","source":"Direction interd\u00e9partementale des routes/DIR Ouest","version":"2"}},{"type":"Feature","id":"250428-001558-1","geometry":{"type":"Point","coordinates":[4.2289405,49.38467]},"properties":{"event_type":"roadwork","datex_type":"RoadOrCarriagewayOrLaneManagement","description":"Arr\u00eat\u00e9 n\u00b0T 26-152/08.","road_name":"N51","commune":"Saint-Remy-le-Petit","start_time":"2025-04-28T14:48:08.866+02:00","end_time":"2027-04-30T17:00:00.000+02:00","source":"Direction interd\u00e9partementale des routes/DIR Nord","version":"5"}},{"type":"Feature","id":"260410-001062-1","geometry":{"type":"Point","coordinates":[1.1397017,49.485924]},"properties":{"event_type":"roadwork","datex_type":"ConstructionWorks","description":"Travaux de r\u00e9alisation ouvrage d'art franchissement de la N28","road_name":"N28","commune":"Saint-Martin-du-Vivier","start_time":"2026-04-13T08:00:00.000+02:00","end_time":"2026-09-07T18:00:00.000+02:00","source":"Direction interd\u00e9partementale des routes/DIR Nord-Ouest","version":"2"}},{"type":"Feature","id":"260410-001062-2","geometry":{"type":"Point","coordinates":[1.1412507,49.487946]},"properties":{"event_type":"roadwork","datex_type":"RoadOrCarriagewayOrLaneManagement","description":"Point particulier : d\u00e9but : situ\u00e9 631 m au nord de Rouges Terres, fin : situ\u00e9 460 m au sud de \u00c9changeur-de-la-Ronce DIR Nord-Ouest/District Rouen/PE Sud/CEI Isneauville De Rouen vers Isneauville","road_name":"N28","commune":"Isneauville","start_time":"2026-04-13T08:00:00.000+02:00","end_time":"2026-09-07T18:00:00.000+02:00","source":"Direction interd\u00e9partementale des routes/DIR Nord-Ouest","version":"2"}},{"type":"Feature","id":"260410-001062-3","geometry":{"type":"Point","coordinates":[1.1451204,49.4896]},"properties":{"event_type":"info","datex_type":"GeneralInstructionOrMessageToRoadUsers","description":"Point particulier : d\u00e9but : situ\u00e9 972 m au nord de Saint-Martin-du-Vivier Bihorel, fin : situ\u00e9 135 m au sud de \u00c9changeur-de-la-Ronce DIR Nord-Ouest/District Rouen/PE Sud/CEI Isneauville De Rouen vers Isneauville","road_name":"N28","commune":"Isneauville","start_time":"2026-04-13T08:00:00.000+02:00","end_time":"2026-09-07T18:00:00.000+02:00","source":"Direction interd\u00e9partementale des routes/DIR Nord-Ouest","version":"2"}},{"type":"Feature","id":"260410-001062-4","geometry":{"type":"Point","coordinates":[1.1376615,49.48141]},"properties":{"event_type":"roadwork","datex_type":"SpeedManagement","description":"Point particulier : d\u00e9but : situ\u00e9 972 m au nord de Saint-Martin-du-Vivier Bihorel, fin : situ\u00e9 1618 m au sud de \u00c9changeur-de-la-Ronce DIR Nord-Ouest/District Rouen/PE Sud/CEI Isneauville De Rouen vers Isneauville","road_name":"N28","commune":"Bois-Guillaume","start_time":"2026-04-13T08:00:00.000+02:00","end_time":"2026-09-07T18:00:00.000+02:00","source":"Direction interd\u00e9partementale des routes/DIR Nord-Ouest","version":"2"}},{"type":"Feature","id":"260410-001062-5","geometry":{"type":"Point","coordinates":[1.1417203,49.488308]},"properties":{"event_type":"roadwork","datex_type":"SpeedManagement","description":"Point particulier : d\u00e9but : situ\u00e9 431 m au nord de Rouges Terres, fin : situ\u00e9 410 m au sud de \u00c9changeur-de-la-Ronce DIR Nord-Ouest/District Rouen/PE Sud/CEI Isneauville De Rouen vers Isneauville","road_name":"N28","commune":"Isneauville","start_time":"2026-04-13T08:00:00.000+02:00","end_time":"2026-09-07T18:00:00.000+02:00","source":"Direction interd\u00e9partementale des routes/DIR Nord-Ouest","version":"2"}},{"type":"Feature","id":"260410-001062-6","geometry":{"type":"Point","coordinates":[1.1376625,49.48225]},"properties":{"event_type":"roadwork","datex_type":"RoadOrCarriagewayOrLaneManagement","description":"Point particulier : d\u00e9but : situ\u00e9 585 m au sud de \u00c9changeur-de-la-Ronce, fin : situ\u00e9 540 m au nord de Rouges Terres DIR Nord-Ouest/District Rouen/PE Sud/CEI Isneauville De Isneauville vers Rouen","road_name":"N28","commune":"Bois-Guillaume","start_time":"2026-04-13T08:00:00.000+02:00","end_time":"2026-09-07T18:00:00.000+02:00","source":"Direction interd\u00e9partementale des routes/DIR Nord-Ouest","version":"2"}},{"type":"Feature","id":"260410-001062-7","geometry":{"type":"Point","coordinates":[1.1375463,49.48159]},"properties":{"event_type":"info","datex_type":"GeneralInstructionOrMessageToRoadUsers","description":"Point particulier : d\u00e9but : situ\u00e9 38 m au sud de \u00c9changeur-de-la-Ronce, fin : situ\u00e9 464 m au nord de Rouges Terres DIR Nord-Ouest/District Rouen/PE Sud/CEI Isneauville De Isneauville vers Rouen","road_name":"N28","commune":"Bois-Guillaume","start_time":"2026-04-13T08:00:00.000+02:00","end_time":"2026-09-07T18:00:00.000+02:00","source":"Direction interd\u00e9partementale des routes/DIR Nord-Ouest","version":"2"}},{"type":"Feature","id":"260410-001062-8","geometry":{"type":"Point","coordinates":[1.1443491,49.489536]},"properties":{"event_type":"roadwork","datex_type":"SpeedManagement","description":"Point particulier : d\u00e9but : situ\u00e9 38 m au sud de \u00c9changeur-de-la-Ronce, fin : situ\u00e9 1864 m au nord de Rouges Terres DIR Nord-Ouest/District Rouen/PE Sud/CEI Isneauville De Isneauville vers Rouen","road_name":"N28","commune":"Isneauville","start_time":"2026-04-13T08:00:00.000+02:00","end_time":"2026-09-07T18:00:00.000+02:00","source":"Direction interd\u00e9partementale des routes/DIR Nord-Ouest","version":"2"}},{"type":"Feature","id":"260410-001062-9","geometry":{"type":"Point","coordinates":[1.1375705,49.48181]},"properties":{"event_type":"roadwork","datex_type":"SpeedManagement","description":"Point particulier : d\u00e9but : situ\u00e9 185 m au sud de \u00c9changeur-de-la-Ronce, fin : situ\u00e9 490 m au nord de Rouges Terres DIR Nord-Ouest/District Rouen/PE Sud/CEI Isneauville De Isneauville vers Rouen","road_name":"N28","commune":"Bois-Guillaume","start_time":"2026-04-13T08:00:00.000+02:00","end_time":"2026-09-07T18:00:00.000+02:00","source":"Direction interd\u00e9partementale des routes/DIR Nord-Ouest","version":"2"}},{"type":"Feature","id":"260410-001062-10","geometry":{"type":"Point","coordinates":[1.1372408,49.477165]},"properties":{"event_type":"roadwork","datex_type":"SpeedManagement","description":"Point particulier : d\u00e9but : situ\u00e9 1559 m au sud de \u00c9changeur-de-la-Ronce, fin : situ\u00e9 1175 m au nord de Saint-Martin-du-Vivier Bihorel DIR Nord-Ouest/District Rouen/PE Sud/CEI Isneauville De Isneauville vers Rouen","road_name":"N28","commune":"Bois-Guillaume","start_time":"2026-04-13T08:00:00.000+02:00","end_time":"2026-09-07T18:00:00.000+02:00","source":"Direction interd\u00e9partementale des routes/DIR Nord-Ouest","version":"2"}},{"type":"Feature","id":"260420-000514-1","geometry":{"type":"Point","coordinates":[6.5900536,45.751556]},"properties":{"event_type":"info","datex_type":"GeneralNetworkManagement","description":"A compter du lundi 20 Avril et jusqu'au vendredi 15 Octobre le pont sur le Dorinet \u00e0 l'aval d'hauteluce sera ferm\u00e9 \u00e0 toute circulation 24h/24h et 7 jours sur 7.\nUne d\u00e9viation sera mise en place par Beaufort par les RD 218B, RD 925 et RD 70.\nLa mesure est obligatoire","road_name":"D70","commune":"Hauteluce","start_time":"2026-04-20T08:18:12.474+02:00","end_time":"","source":"Direction interd\u00e9partementale des routes/DIR Centre-Est","version":"1"}},{"type":"Feature","id":"260424-001645-1","geometry":{"type":"Point","coordinates":[3.986831,44.23804]},"properties":{"event_type":"roadwork","datex_type":"SpeedManagement","description":"- s\u00e9curisation du barrage des Camboux \n- Entr\u00e9es et sorties de  poids lourds de chantier sur la RN106 au droit du carrefour RN106 avec la Base Nautique","road_name":"N106","commune":"Sainte-C\u00e9cile-d'Andorge","start_time":"2026-04-27T07:00:00.000+02:00","end_time":"2026-10-30T17:00:00.000+01:00","source":"Direction interd\u00e9partementale des routes/DIR M\u00e9diterran\u00e9e","version":"1"}},{"type":"Feature","id":"260424-001677-1","geometry":{"type":"Point","coordinates":[3.8020115,44.281925]},"properties":{"event_type":"roadwork","datex_type":"ConstructionWorks","description":"R\u00e9fection d\u2019un ouvrage hydraulique","road_name":"N106","commune":"Saint-Privat-de-Vallongue","start_time":"2026-04-27T00:00:00.000+02:00","end_time":"2026-12-24T23:59:00.000+01:00","source":"Direction interd\u00e9partementale des routes/DIR M\u00e9diterran\u00e9e","version":"1"}},{"type":"Feature","id":"260510-000682-1","geometry":{"type":"Point","coordinates":[6.553804,45.303513]},"properties":{"event_type":"info","datex_type":"GeneralNetworkManagement","description":"A la suite d'une importante coul\u00e9e de boue, la RD 117 est rouverte sous alternat de circulation. Mise en place de blocs b\u00e9ton sur une demie chauss\u00e9e pour prot\u00e9ger d'\u00e9ventuelles nouvelles coul\u00e9es de boue.\nLa mesure est obligatoire","road_name":"D117","commune":"Saint-Martin-de-Belleville","start_time":"2026-05-10T12:27:46.287+02:00","end_time":"","source":"Direction interd\u00e9partementale des routes/DIR Centre-Est","version":"2"}},{"type":"Feature","id":"260510-001453-1","geometry":{"type":"Point","coordinates":[6.00227,45.70348]},"properties":{"event_type":"info","datex_type":"GeneralNetworkManagement","description":"Mise en place d'un alternat de circulation suite \u00e0 l'affaissement de la chauss\u00e9e.\nLa mesure est obligatoire","road_name":"D913","commune":"Montcel","start_time":"2026-05-10T17:20:14.605+02:00","end_time":"","source":"Direction interd\u00e9partementale des routes/DIR Centre-Est","version":"1"}},{"type":"Feature","id":"260513-000836-1","geometry":{"type":"Point","coordinates":[1.7933661,42.575855]},"properties":{"event_type":"roadwork","datex_type":"ConstructionWorks","description":"A-032-2026 RN 320, 22, 20 \npour 09 et 66\n\nPOUR LA R\u00c9ALISATION DES TRAVAUX DE CONSTRUCTION DU PARAVALANCHE H2 SUR LA COMMUNE DE L\u2019HOSPITALET PRES L\u2019ANDORRE","road_name":"N320","commune":"L'Hospitalet-pr\u00e8s-l'Andorre","start_time":"2026-06-01T20:30:00.000+02:00","end_time":"2026-10-29T06:00:00.000+01:00","source":"Direction interd\u00e9partementale des routes/DIR Sud-Ouest","version":"6"}},{"type":"Feature","id":"260513-000836-2","geometry":{"type":"Point","coordinates":[1.7933661,42.575855]},"properties":{"event_type":"roadwork","datex_type":"RoadOrCarriagewayOrLaneManagement","description":"Point particulier : d\u00e9but : situ\u00e9 0 m au sud de Pont-Cerda Tunnel du Puymorens, fin : situ\u00e9 14 m au nord de 19091 DIR Sud-Ouest/District Sud (Foix)/CEI L'Hospitalet","road_name":"N320","commune":"L'Hospitalet-pr\u00e8s-l'Andorre","start_time":"2026-06-01T20:30:00.000+02:00","end_time":"2026-10-29T06:00:00.000+01:00","source":"Direction interd\u00e9partementale des routes/DIR Sud-Ouest","version":"6"}},{"type":"Feature","id":"260513-000836-3","geometry":{"type":"Point","coordinates":[1.7933661,42.575855]},"properties":{"event_type":"roadwork","datex_type":"ReroutingManagement","description":"Point particulier : d\u00e9but : situ\u00e9 0 m au sud de Pont-Cerda Tunnel du Puymorens, fin : situ\u00e9 14 m au nord de 19091 DIR Sud-Ouest/District Sud (Foix)/CEI L'Hospitalet","road_name":"N320","commune":"L'Hospitalet-pr\u00e8s-l'Andorre","start_time":"2026-06-01T20:30:00.000+02:00","end_time":"2026-10-29T06:00:00.000+01:00","source":"Direction interd\u00e9partementale des routes/DIR Sud-Ouest","version":"6"}},{"type":"Feature","id":"260513-000836-9","geometry":{"type":"Point","coordinates":[1.7933661,42.575855]},"properties":{"event_type":"roadwork","datex_type":"ReroutingManagement","description":"Du mardi 02/06/26 \u00e0 06h00 au jeudi 29/10/26 \u00e0 6h00, la RN22 (09), du PR 00+000 au PR 04+095 sera ouverte \u00e0 tous les v\u00e9hicules dans les deux sens de circulation.","road_name":"N320","commune":"L'Hospitalet-pr\u00e8s-l'Andorre","start_time":"2026-06-02T06:00:00.000+02:00","end_time":"2026-10-29T06:00:00.000+01:00","source":"Direction interd\u00e9partementale des routes/DIR Sud-Ouest","version":"6"}},{"type":"Feature","id":"260511-000619-1","geometry":{"type":"Point","coordinates":[6.4694986,45.539238]},"properties":{"event_type":"info","datex_type":"GeneralNetworkManagement","description":"RD990 Travaux de protection contre les chutes de blocs,la route est coup\u00e9e entre le pont de la Foug\u00e8re et le pont du Diable, une d\u00e9viation est mise en place localement pour les VL.\nles PL sont d\u00e9vi\u00e9s par la RN90 sortie 38.\nLa mesure est obligatoire","road_name":"D990","commune":"La L\u00e9ch\u00e8re","start_time":"2026-05-11T08:50:37.815+02:00","end_time":"","source":"Direction interd\u00e9partementale des routes/DIR Centre-Est","version":"2"}},{"type":"Feature","id":"260403-004178-1","geometry":{"type":"Point","coordinates":[4.776926,49.738663]},"properties":{"event_type":"info","datex_type":"GeneralNetworkManagement","description":"Arr\u00eat\u00e9 n\u00b0 T26\u2013149AR","road_name":"A34","commune":"Lumes","start_time":"2026-03-30T13:21:00.000+02:00","end_time":"2026-12-31T23:59:00.000+01:00","source":"Direction interd\u00e9partementale des routes/DIR Nord","version":"3"}},{"type":"Feature","id":"260403-004178-2","geometry":{"type":"Point","coordinates":[4.776926,49.738663]},"properties":{"event_type":"info","datex_type":"GeneralNetworkManagement","description":"Point particulier : d\u00e9but : situ\u00e9 1600 m \u00e0 l'est de Villers, fin : situ\u00e9 381 m \u00e0 l'ouest de Lumes DIR Nord/District Reims-Ardennes/CEI de Charleville-M\u00e9zi\u00e8res De Reims vers Belgique","road_name":"A34","commune":"Lumes","start_time":"2026-04-03T13:21:54.161+02:00","end_time":"2026-12-31T23:59:00.000+01:00","source":"Direction interd\u00e9partementale des routes/DIR Nord","version":"3"}},{"type":"Feature","id":"260612-000797-1","geometry":{"type":"Point","coordinates":[3.3619974,43.685184]},"properties":{"event_type":"roadwork","datex_type":"SpeedManagement","description":"Point particulier : d\u00e9but : situ\u00e9 1023 m au nord de Saint-F\u00e9lix-de-Lodez ouest, fin : situ\u00e9 1733 m au sud de Le Bosc DIR Massif-Central/District Sud/CEI Clermont-L'H\u00e9rault De B\u00e9ziers vers Clermont-Ferrand","road_name":"A75","commune":"Le Bosc","start_time":"2026-06-12T09:53:33.652+02:00","end_time":"2027-05-31T00:00:00.000+02:00","source":"Direction interd\u00e9partementale des routes/DIR Massif-Central","version":"1"}},{"type":"Feature","id":"260625-000925-1","geometry":{"type":"Point","coordinates":[6.7599483,43.97102]},"properties":{"event_type":"roadwork","datex_type":"ConstructionWorks","description":"Alternat manuel\ns\u00e9curisation OPCB","road_name":"N202","commune":"Saint-Beno\u00eet","start_time":"2026-08-31T07:00:00.000+02:00","end_time":"2026-11-27T18:00:00.000+01:00","source":"Direction interd\u00e9partementale des routes/DIR M\u00e9diterran\u00e9e","version":"1"}},{"type":"Feature","id":"250603-002326-1","geometry":{"type":"Point","coordinates":[4.311595,46.63]},"properties":{"event_type":"incident","datex_type":"InfrastructureDamageObstruction","description":"Point particulier : d\u00e9but : situ\u00e9 10204 m au sud de Montceau-les-Mines Blanzy, fin : situ\u00e9 5546 m au nord de 42096 DIR Centre-Est/District M\u00e2con/CEI Montchanin De Montceau-les-Mines vers Paray-le-Monial","road_name":"N70","commune":"Ciry-le-Noble","start_time":"2025-06-03T17:29:00.000+02:00","end_time":"2027-01-31T18:00:00.000+01:00","source":"Direction interd\u00e9partementale des routes/DIR Centre-Est","version":"31"}},{"type":"Feature","id":"250603-002326-2","geometry":{"type":"Point","coordinates":[4.329261,46.64772]},"properties":{"event_type":"roadwork","datex_type":"RoadOrCarriagewayOrLaneManagement","description":"Voie de droite neutralis\u00e9e jour et nuit, week-end et jours f\u00e9ri\u00e9s y compris.","road_name":"N70","commune":"Saint-Vallier","start_time":"2025-11-19T08:24:00.000+01:00","end_time":"2027-01-31T18:00:00.000+01:00","source":"Direction interd\u00e9partementale des routes/DIR Centre-Est","version":"31"}},{"type":"Feature","id":"250603-002326-105","geometry":{"type":"Point","coordinates":[4.3294106,46.64773]},"properties":{"event_type":"roadwork","datex_type":"RoadOrCarriagewayOrLaneManagement","description":"Voie de gauche neutralis\u00e9e,  jour et nuit, week-end et jours f\u00e9ri\u00e9s y compris","road_name":"N70","commune":"Saint-Vallier","start_time":"2025-10-20T09:48:00.000+02:00","end_time":"2027-01-31T18:00:00.000+01:00","source":"Direction interd\u00e9partementale des routes/DIR Centre-Est","version":"24"}},{"type":"Feature","id":"250603-002326-115","geometry":{"type":"Point","coordinates":[4.3294106,46.64773]},"properties":{"event_type":"incident","datex_type":"GeneralObstruction","description":"Point particulier : d\u00e9but : situ\u00e9 4151 m au nord de 42096, fin : situ\u00e9 7906 m au sud de Montceau-les-Mines Blanzy DIR Centre-Est/District M\u00e2con/CEI Montchanin De Paray-le-Monial vers Montceau-les-Mines","road_name":"N70","commune":"Saint-Vallier","start_time":"2026-07-07T19:50:00.000+02:00","end_time":"2026-07-07T21:30:00.000+02:00","source":"S\u00e9curit\u00e9 civile/Pompiers (CODIS)","version":"2"}},{"type":"Feature","id":"260710-000444-1","geometry":{"type":"Point","coordinates":[3.728824,44.27538]},"properties":{"event_type":"roadwork","datex_type":"RoadOrCarriagewayOrLaneManagement","description":"Ancienne RN 106, Viaduc de Poumas acc\u00e8s interdit au +3.5 T d\u00e9s l entr\u00e9e du d\u00e9laiss\u00e9.","road_name":"N106","commune":"Cassagnas","start_time":"2026-07-10T07:00:53.425+02:00","end_time":"2027-03-31T14:14:00.000+02:00","source":"Direction interd\u00e9partementale des routes/DIR Massif-Central","version":"1"}},{"type":"Feature","id":"260702-001923-1","geometry":{"type":"Point","coordinates":[-1.7397919,48.10491]},"properties":{"event_type":"roadwork","datex_type":"ConstructionWorks","description":"Travaux am\u00e9nagement voie de trambus\nTravaux RM","road_name":"N24","commune":"Vezin-le-Coquet","start_time":"2026-07-06T20:00:00.000+02:00","end_time":"2028-03-30T06:00:00.000+02:00","source":"Direction interd\u00e9partementale des routes/DIR Ouest","version":"4"}},{"type":"Feature","id":"260715-001336-102","geometry":{"type":"Point","coordinates":[6.6904006,45.440033]},"properties":{"event_type":"info","datex_type":"GeneralNetworkManagement","description":"Suite \u00e0 une reconnaissance du site au niveau de l'incendie, r\u00e9ouverture de la RD915 acc\u00e8s au Planay avec mise en place d'un alternat de circulation.\nLa mesure est obligatoire","road_name":"D915","commune":"Planay","start_time":"2026-07-22T22:32:18.797+02:00","end_time":"","source":"Direction interd\u00e9partementale des routes/DIR Centre-Est","version":"2"}},{"type":"Feature","id":"260715-001336-1","geometry":{"type":"Point","coordinates":[6.6904006,45.440033]},"properties":{"event_type":"info","datex_type":"GeneralNetworkManagement","description":"Mise en place d'un alternat \nLa mesure est obligatoire","road_name":"D915","commune":"Planay","start_time":"2026-07-15T10:43:45.827+02:00","end_time":"","source":"Direction interd\u00e9partementale des routes/DIR Centre-Est","version":"3"}},{"type":"Feature","id":"260723-000260-1","geometry":{"type":"Point","coordinates":[2.1489067,48.832264]},"properties":{"event_type":"roadwork","datex_type":"ReroutingManagement","description":"Point particulier : d\u00e9but : situ\u00e9 447 m \u00e0 l'ouest de Vaucresson - Versailles, fin : situ\u00e9 252 m \u00e0 l'est de A86 DIR \u00cele-de-France sur bretelle de sortie De Paris vers Cherbourg","road_name":"A13","commune":"Vaucresson","start_time":"2026-11-16T10:00:00.000+01:00","end_time":"2027-08-31T10:00:00.000+02:00","source":"Direction interd\u00e9partementale des routes","version":"3"}},{"type":"Feature","id":"260723-000260-102","geometry":{"type":"Point","coordinates":[2.1530595,48.832367]},"properties":{"event_type":"roadwork","datex_type":"ReroutingManagement","description":"Point particulier : d\u00e9but : situ\u00e9 3163 m \u00e0 l'ouest de Saint-Cloud - Ville d'Avray, fin : situ\u00e9 78 m \u00e0 l'est de Vaucresson - Versailles DIR \u00cele-de-France sur bretelle de sortie De Paris vers Cherbourg","road_name":"A13","commune":"Marnes-la-Coquette","start_time":"2026-11-16T10:00:00.000+01:00","end_time":"2027-08-31T10:00:00.000+02:00","source":"Direction interd\u00e9partementale des routes","version":"2"}},{"type":"Feature","id":"260722-001668-1","geometry":{"type":"Point","coordinates":[2.2188368,48.839455]},"properties":{"event_type":"roadwork","datex_type":"ReroutingManagement","description":"Point particulier : d\u00e9but : situ\u00e9 2283 m \u00e0 l'ouest de Bois de Boulogne, fin : situ\u00e9 37 m \u00e0 l'est de Boulogne-Billancourt - Suresne DIR \u00cele-de-France sur bretelle d'entr\u00e9e De Paris vers Cherbourg","road_name":"A13","commune":"Saint-Cloud","start_time":"2026-11-16T10:00:00.000+01:00","end_time":"2027-08-31T10:00:00.000+02:00","source":"Direction interd\u00e9partementale des routes","version":"3"}},{"type":"Feature","id":"260722-001601-1","geometry":{"type":"Point","coordinates":[2.2491663,48.848366]},"properties":{"event_type":"roadwork","datex_type":"RoadOrCarriagewayOrLaneManagement","description":"Ville de Paris","road_name":"75000C02","commune":"Paris - 16\u00e8me arrondissement","start_time":"2026-11-16T10:00:00.000+01:00","end_time":"2027-08-31T10:00:00.000+02:00","source":"Direction interd\u00e9partementale des routes","version":"3"}},{"type":"Feature","id":"260722-001601-2","geometry":{"type":"Point","coordinates":[2.252931,48.849133]},"properties":{"event_type":"roadwork","datex_type":"ReroutingManagement","description":"Point particulier : d\u00e9but : situ\u00e9 75 m \u00e0 l'ouest de Paris - Porte d'Auteuil, fin : situ\u00e9 475 m \u00e0 l'est de Bois de Boulogne DIR \u00cele-de-France sur bretelle d'entr\u00e9e De Paris vers Cherbourg","road_name":"A13","commune":"Paris - 16\u00e8me arrondissement","start_time":"2026-11-16T10:00:00.000+01:00","end_time":"2027-08-31T10:00:00.000+02:00","source":"Direction interd\u00e9partementale des routes","version":"3"}},{"type":"Feature","id":"260722-001613-1","geometry":{"type":"Point","coordinates":[2.1437325,48.831665]},"properties":{"event_type":"roadwork","datex_type":"RoadOrCarriagewayOrLaneManagement","description":"Point particulier : d\u00e9but : situ\u00e9 0 m au nord de Paris - Porte d'Auteuil, fin : situ\u00e9 2646 m au sud de Marly-le-Roi - Le Chesnay DIR \u00cele-de-France De Paris vers Cherbourg","road_name":"A13","commune":"Le Chesnay","start_time":"2026-11-16T10:00:00.000+01:00","end_time":"2027-08-31T10:00:00.000+02:00","source":"Direction interd\u00e9partementale des routes","version":"2"}},{"type":"Feature","id":"260731-003221-1","geometry":{"type":"Point","coordinates":[6.0625043,44.691666]},"properties":{"event_type":"roadwork","datex_type":"ConstructionWorks","description":"Alternat par feu ou manuel, enrochement DRAC","road_name":"N85","commune":"Poligny","start_time":"2026-08-18T07:00:00.000+02:00","end_time":"2026-11-19T18:00:00.000+01:00","source":"Direction interd\u00e9partementale des routes/DIR M\u00e9diterran\u00e9e","version":"1"}},{"type":"Feature","id":"260804-001610-1","geometry":{"type":"Point","coordinates":[2.4163725,44.90044]},"properties":{"event_type":"roadwork","datex_type":"MaintenanceWorks","description":"situ\u00e9 17891 m au sud de Aurillac AURA_DIRMC/District Centre AURA/CEI Saint-Mamet","road_name":"N122","commune":"Aurillac","start_time":"2026-08-04T14:18:22.536+02:00","end_time":"2026-09-30T14:14:41.559+02:00","source":"Direction interd\u00e9partementale des routes/DIR Massif-Central","version":"3"}},{"type":"Feature","id":"260804-001610-102","geometry":{"type":"Point","coordinates":[2.4163725,44.90044]},"properties":{"event_type":"info","datex_type":"GeneralNetworkManagement","description":"Abaissement de la vitesse a 50km/h\nLa mesure est obligatoire","road_name":"N122","commune":"Aurillac","start_time":"2026-08-04T14:31:14.938+02:00","end_time":"2026-09-30T10:18:27.726+02:00","source":"Direction interd\u00e9partementale des routes/DIR Massif-Central","version":"2"}},{"type":"Feature","id":"260805-000596-1","geometry":{"type":"Point","coordinates":[5.5958,44.96533]},"properties":{"event_type":"incident","datex_type":"EnvironmentalObstruction","description":"DIR Centre-Est","road_name":"D8","commune":"Miribel-Lanch\u00e2tre","start_time":"2024-10-22T16:48:02.229+02:00","end_time":"","source":"Direction interd\u00e9partementale des routes/DIR Centre-Est","version":"1"}},{"type":"Feature","id":"260805-000596-2","geometry":{"type":"Point","coordinates":[5.5958,44.96533]},"properties":{"event_type":"roadwork","datex_type":"RoadOrCarriagewayOrLaneManagement","description":"La mesure est obligatoire","road_name":"D8","commune":"Miribel-Lanch\u00e2tre","start_time":"2024-10-22T16:50:32.849+02:00","end_time":"","source":"Direction interd\u00e9partementale des routes/DIR Centre-Est","version":"1"}},{"type":"Feature","id":"260806-000443-1","geometry":{"type":"Point","coordinates":[3.9868603,44.237953]},"properties":{"event_type":"roadwork","datex_type":"MaintenanceWorks","description":"Travaux de protection contre les chutes de blocs","road_name":"N106","commune":"Sainte-C\u00e9cile-d'Andorge","start_time":"2026-08-24T00:00:00.000+02:00","end_time":"2026-09-25T23:59:00.000+02:00","source":"Direction interd\u00e9partementale des routes/DIR M\u00e9diterran\u00e9e","version":"1"}},{"type":"Feature","id":"260806-001586-1","geometry":{"type":"Point","coordinates":[6.563589,44.63326]},"properties":{"event_type":"roadwork","datex_type":"ConstructionWorks","description":"Alternat par feux ou manuel\nProtection contre les chutes de bloc","road_name":"N94","commune":"Ch\u00e2teauroux-les-Alpes","start_time":"2026-08-31T00:00:00.000+02:00","end_time":"2026-11-10T23:59:00.000+01:00","source":"Direction interd\u00e9partementale des routes/DIR M\u00e9diterran\u00e9e","version":"2"}},{"type":"Feature","id":"260806-002455-1","geometry":{"type":"Point","coordinates":[1.6234473,42.818493]},"properties":{"event_type":"roadwork","datex_type":"ConstructionWorks","description":"Mise en circulation provisoire du tron\u00e7on de la RN20\n\u00e0 Ussat les Bains et Ornolac-Ussat les Bains\nA-098-RN20-2026","road_name":"N20","commune":"Ornolac-Ussat-les-Bains","start_time":"2026-08-07T08:00:00.000+02:00","end_time":"2026-12-31T23:59:00.000+01:00","source":"Direction interd\u00e9partementale des routes/DIR Sud-Ouest","version":"2"}},{"type":"Feature","id":"260806-002455-2","geometry":{"type":"Point","coordinates":[1.6234473,42.818493]},"properties":{"event_type":"roadwork","datex_type":"SpeedManagement","description":"Point particulier : d\u00e9but : situ\u00e9 1561 m au sud de Tarascon-sur-Ari\u00e8ge sud, fin : situ\u00e9 5062 m au nord de Les Cabannes DIR Sud-Ouest/District Sud (Foix)/CEI Saint-Paul-de-Jarrat","road_name":"N20","commune":"Ornolac-Ussat-les-Bains","start_time":"2026-08-07T08:00:00.000+02:00","end_time":"2026-12-31T23:59:00.000+01:00","source":"Direction interd\u00e9partementale des routes/DIR Sud-Ouest","version":"2"}},{"type":"Feature","id":"260806-002455-3","geometry":{"type":"Point","coordinates":[1.6234473,42.818493]},"properties":{"event_type":"info","datex_type":"GeneralInstructionOrMessageToRoadUsers","description":"Point particulier : d\u00e9but : situ\u00e9 1561 m au sud de Tarascon-sur-Ari\u00e8ge sud, fin : situ\u00e9 5062 m au nord de Les Cabannes DIR Sud-Ouest/District Sud (Foix)/CEI Saint-Paul-de-Jarrat","road_name":"N20","commune":"Ornolac-Ussat-les-Bains","start_time":"2026-08-07T08:00:00.000+02:00","end_time":"2026-12-31T23:59:00.000+01:00","source":"Direction interd\u00e9partementale des routes/DIR Sud-Ouest","version":"2"}},{"type":"Feature","id":"260810-000285-1","geometry":{"type":"Point","coordinates":[1.3548621,43.609303]},"properties":{"event_type":"roadwork","datex_type":"ReroutingManagement","description":"situ\u00e9 0 m \u00e0 l'est de Colomiers Est Hors voie de circulation DIR Sud-Ouest/District Centre (Toulouse)/CEI Toulouse sur bretelle d'entr\u00e9e De Toulouse vers Langon","road_name":"N124","commune":"Toulouse","start_time":"2026-06-05T06:41:40.251+02:00","end_time":"","source":"Direction interd\u00e9partementale des routes/DIR Sud-Ouest","version":"1"}},{"type":"Feature","id":"260810-000285-2","geometry":{"type":"Point","coordinates":[1.3548621,43.609303]},"properties":{"event_type":"roadwork","datex_type":"ConstructionWorks","description":"situ\u00e9 0 m \u00e0 l'est de Colomiers Est Hors voie de circulation DIR Sud-Ouest/District Centre (Toulouse)/CEI Toulouse sur bretelle d'entr\u00e9e De Toulouse vers Langon","road_name":"N124","commune":"Toulouse","start_time":"2026-06-05T06:40:58.529+02:00","end_time":"","source":"Direction interd\u00e9partementale des routes/DIR Sud-Ouest","version":"1"}},{"type":"Feature","id":"260810-002030-1","geometry":{"type":"Point","coordinates":[6.0742097,44.57667]},"properties":{"event_type":"roadwork","datex_type":"ConstructionWorks","description":"Alternat par feux ou manuel\n\u00c9tanch\u00e9it\u00e9 sur pont","road_name":"N85","commune":"Gap","start_time":"2026-09-14T00:00:00.000+02:00","end_time":"2026-10-07T23:59:00.000+02:00","source":"Direction interd\u00e9partementale des routes/DIR M\u00e9diterran\u00e9e","version":"1"}},{"type":"Feature","id":"260811-000704-1","geometry":{"type":"Point","coordinates":[4.212186,43.72311]},"properties":{"event_type":"roadwork","datex_type":"MaintenanceWorks","description":"Point particulier : d\u00e9but : situ\u00e9 2016 m \u00e0 l'ouest de Codognan, fin : situ\u00e9 2581 m \u00e0 l'est de Gallargues-le-Montueux DIR M\u00e9diterran\u00e9e","road_name":"N113","commune":"Mus","start_time":"2026-08-24T00:00:00.000+02:00","end_time":"2026-12-24T23:59:00.000+01:00","source":"Direction interd\u00e9partementale des routes/DIR M\u00e9diterran\u00e9e","version":"1"}},{"type":"Feature","id":"260803-002183-102","geometry":{"type":"Point","coordinates":[1.8913742,43.85584]},"properties":{"event_type":"info","datex_type":"GeneralNetworkManagement","description":"La mesure est obligatoire","road_name":"A68","commune":"Montans","start_time":"2026-08-03T14:49:33.801+02:00","end_time":"","source":"Direction interd\u00e9partementale des routes/DIR Sud-Ouest","version":"3"}},{"type":"Feature","id":"260803-002183-1","geometry":{"type":"Point","coordinates":[1.8913742,43.85584]},"properties":{"event_type":"roadwork","datex_type":"MaintenanceWorks","description":"Point particulier : d\u00e9but : situ\u00e9 3566 m \u00e0 l'est de Lisle-sur-Tarn, fin : situ\u00e9 2633 m \u00e0 l'ouest de Gaillac DIR Sud-Ouest/District Est (Rosi\u00e8res)/CEI Montans De Toulouse vers Albi","road_name":"A68","commune":"Montans","start_time":"2026-08-03T14:49:05.597+02:00","end_time":"","source":"Direction interd\u00e9partementale des routes/DIR Sud-Ouest","version":"4"}},{"type":"Feature","id":"260811-001955-1","geometry":{"type":"Point","coordinates":[-2.0947328,47.341778]},"properties":{"event_type":"roadwork","datex_type":"MaintenanceWorks","description":"situ\u00e9 8 m \u00e0 l'ouest de Donges DIR Ouest/District de Nantes/CEI de Savenay sur bretelle de sortie De Saint-Nazaire vers Laval","road_name":"N171","commune":"Donges","start_time":"2026-10-02T08:00:00.000+02:00","end_time":"2026-10-02T17:30:00.000+02:00","source":"Direction interd\u00e9partementale des routes/DIR Ouest","version":"3"}},{"type":"Feature","id":"260811-001955-2","geometry":{"type":"Point","coordinates":[-2.0947328,47.341778]},"properties":{"event_type":"roadwork","datex_type":"ReroutingManagement","description":"situ\u00e9 8 m \u00e0 l'ouest de Donges DIR Ouest/District de Nantes/CEI de Savenay sur bretelle de sortie De Saint-Nazaire vers Laval","road_name":"N171","commune":"Donges","start_time":"2026-10-02T08:00:00.000+02:00","end_time":"2026-10-02T17:30:00.000+02:00","source":"Direction interd\u00e9partementale des routes/DIR Ouest","version":"3"}},{"type":"Feature","id":"260811-001955-3","geometry":{"type":"Point","coordinates":[-2.0947328,47.341778]},"properties":{"event_type":"roadwork","datex_type":"ReroutingManagement","description":"situ\u00e9 8 m \u00e0 l'ouest de Donges DIR Ouest/District de Nantes/CEI de Savenay sur bretelle de sortie De Saint-Nazaire vers Laval","road_name":"N171","commune":"Donges","start_time":"2026-10-02T08:00:00.000+02:00","end_time":"2026-10-02T17:30:00.000+02:00","source":"Direction interd\u00e9partementale des routes/DIR Ouest","version":"3"}},{"type":"Feature","id":"260824-000471-1","geometry":{"type":"Point","coordinates":[3.7497883,45.094574]},"properties":{"event_type":"roadwork","datex_type":"MaintenanceWorks","description":"RN 102 coup\u00e9e a la circulation pour travaux du 24/08 jusqu'au 06/11. Suivre d\u00e9viation mise en place","road_name":"N102","commune":"Loudes","start_time":"2026-08-24T08:32:24.920+02:00","end_time":"2026-11-06T09:30:03.838+01:00","source":"Direction interd\u00e9partementale des routes/DIR Massif-Central","version":"1"}},{"type":"Feature","id":"260820-002094-1","geometry":{"type":"Point","coordinates":[1.7752571,42.560966]},"properties":{"event_type":"roadwork","datex_type":"MaintenanceWorks","description":"R\u00e9alisation de travaux de confortement de la paroi schisteuse.\nARR\u00caT\u00c9 PR\u00c9FECTORAL N\u00b0 A-111-2026 RN22 (66)","road_name":"N22","commune":"Port\u00e9-Puymorens","start_time":"2026-08-24T08:00:00.000+02:00","end_time":"2026-10-29T18:00:00.000+01:00","source":"Direction interd\u00e9partementale des routes/DIR Sud-Ouest","version":"2"}},{"type":"Feature","id":"260820-002094-2","geometry":{"type":"Point","coordinates":[1.7752571,42.560966]},"properties":{"event_type":"roadwork","datex_type":"RoadOrCarriagewayOrLaneManagement","description":"Point particulier : d\u00e9but : situ\u00e9 527 m \u00e0 l'ouest de Le Poste de Douane, fin : situ\u00e9 4767 m \u00e0 l'est de Pas de la Case DIR Sud-Ouest/District Sud (Foix)/CEI L'Hospitalet","road_name":"N22","commune":"Port\u00e9-Puymorens","start_time":"2026-08-24T08:00:00.000+02:00","end_time":"2026-10-29T18:00:00.000+01:00","source":"Direction interd\u00e9partementale des routes/DIR Sud-Ouest","version":"2"}},{"type":"Feature","id":"260820-002094-3","geometry":{"type":"Point","coordinates":[1.7752571,42.560966]},"properties":{"event_type":"roadwork","datex_type":"SpeedManagement","description":"Point particulier : d\u00e9but : situ\u00e9 527 m \u00e0 l'ouest de Le Poste de Douane, fin : situ\u00e9 4767 m \u00e0 l'est de Pas de la Case DIR Sud-Ouest/District Sud (Foix)/CEI L'Hospitalet","road_name":"N22","commune":"Port\u00e9-Puymorens","start_time":"2026-08-24T08:00:00.000+02:00","end_time":"2026-10-29T18:00:00.000+01:00","source":"Direction interd\u00e9partementale des routes/DIR Sud-Ouest","version":"2"}},{"type":"Feature","id":"260820-002094-4","geometry":{"type":"Point","coordinates":[1.7752571,42.560966]},"properties":{"event_type":"info","datex_type":"GeneralInstructionOrMessageToRoadUsers","description":"Point particulier : d\u00e9but : situ\u00e9 527 m \u00e0 l'ouest de Le Poste de Douane, fin : situ\u00e9 4767 m \u00e0 l'est de Pas de la Case DIR Sud-Ouest/District Sud (Foix)/CEI L'Hospitalet","road_name":"N22","commune":"Port\u00e9-Puymorens","start_time":"2026-08-24T08:00:00.000+02:00","end_time":"2026-10-29T18:00:00.000+01:00","source":"Direction interd\u00e9partementale des routes/DIR Sud-Ouest","version":"2"}},{"type":"Feature","id":"260825-001429-1","geometry":{"type":"Point","coordinates":[6.0830226,44.571247]},"properties":{"event_type":"roadwork","datex_type":"MaintenanceWorks","description":"Alternat par feux ou manuel\n\u00c9tanch\u00e9it\u00e9 sur pont de Varsie","road_name":"N85","commune":"Gap","start_time":"2026-09-14T00:00:00.000+02:00","end_time":"2026-10-02T23:59:00.000+02:00","source":"Direction interd\u00e9partementale des routes/DIR M\u00e9diterran\u00e9e","version":"1"}},{"type":"Feature","id":"260827-000249-1","geometry":{"type":"Point","coordinates":[3.262278,45.506676]},"properties":{"event_type":"incident","datex_type":"InfrastructureDamageObstruction","description":"Vitesse limit\u00e9e a 110km/h du PR 35+600 au PR 35+235","road_name":"A75","commune":"Le Broc","start_time":"2026-08-27T06:37:50.754+02:00","end_time":"2026-10-31T07:36:11.053+01:00","source":"Direction interd\u00e9partementale des routes/DIR Massif-Central","version":"1"}},{"type":"Feature","id":"260827-000419-1","geometry":{"type":"Point","coordinates":[6.165009,44.059753]},"properties":{"event_type":"roadwork","datex_type":"ConstructionWorks","description":"Alternat manuel\nAm\u00e9nagement RN85","road_name":"N85","commune":"Aiglun","start_time":"2026-08-31T08:45:00.000+02:00","end_time":"2026-12-31T19:00:00.000+01:00","source":"Direction interd\u00e9partementale des routes/DIR M\u00e9diterran\u00e9e","version":"1"}},{"type":"Feature","id":"260827-000863-1","geometry":{"type":"Point","coordinates":[6.5585647,43.914783]},"properties":{"event_type":"roadwork","datex_type":"ConstructionWorks","description":"Alternat par feux ou manuel en dehors des horaires de coupure (8H30-12H00 et 14H00-17H00 du lundi au vendredi)\nS\u00e9curisation contre la chute de rochers","road_name":"N202","commune":"Vergons","start_time":"2026-09-02T00:00:00.000+02:00","end_time":"2026-11-13T23:59:00.000+01:00","source":"Direction interd\u00e9partementale des routes/DIR M\u00e9diterran\u00e9e","version":"3"}},{"type":"Feature","id":"260827-000863-102","geometry":{"type":"Point","coordinates":[6.5585647,43.914783]},"properties":{"event_type":"roadwork","datex_type":"RoadOrCarriagewayOrLaneManagement","description":"Route ferm\u00e9e dans les 2 sens de 8H30 \u00e0 12H00 et de 14H00 \u00e0 17H00 du lundi au vendredi","road_name":"N202","commune":"Vergons","start_time":"2026-09-02T08:30:00.000+02:00","end_time":"2026-11-13T17:00:00.000+01:00","source":"Direction interd\u00e9partementale des routes/DIR M\u00e9diterran\u00e9e","version":"2"}},{"type":"Feature","id":"260828-000792-1","geometry":{"type":"Point","coordinates":[3.8563974,44.27106]},"properties":{"event_type":"roadwork","datex_type":"MaintenanceWorks","description":"Travaux de protection contre les chutes de blocs,","road_name":"N106","commune":"Saint-Privat-de-Vallongue","start_time":"2026-08-31T00:00:00.000+02:00","end_time":"2026-12-18T23:59:00.000+01:00","source":"Direction interd\u00e9partementale des routes/DIR M\u00e9diterran\u00e9e","version":"1"}},{"type":"Feature","id":"251212-002057-1","geometry":{"type":"Point","coordinates":[3.5671785,49.333878]},"properties":{"event_type":"roadwork","datex_type":"RoadOrCarriagewayOrLaneManagement","description":"Arr\u00eat\u00e9 n\u00b0 T 25-509 AI","road_name":"N31","commune":"Courcelles-sur-Vesle","start_time":"2025-12-11T18:00:00.000+01:00","end_time":"2027-07-03T18:00:00.000+02:00","source":"Direction interd\u00e9partementale des routes/DIR Nord","version":"17"}},{"type":"Feature","id":"251212-002057-2","geometry":{"type":"Point","coordinates":[3.5671785,49.333878]},"properties":{"event_type":"info","datex_type":"GeneralNetworkManagement","description":"Point particulier : d\u00e9but : situ\u00e9 4910 m \u00e0 l'est de Sermoise est, fin : situ\u00e9 3856 m \u00e0 l'ouest de Bazoches-sur-Vesle DIR Nord/District Laon/CEI de Soissons De Beauvais vers Reims","road_name":"N31","commune":"Courcelles-sur-Vesle","start_time":"2025-12-12T17:25:25.327+01:00","end_time":"2027-07-03T18:00:00.000+02:00","source":"Direction interd\u00e9partementale des routes/DIR Nord","version":"17"}},{"type":"Feature","id":"251212-002057-3","geometry":{"type":"Point","coordinates":[3.517769,49.34036]},"properties":{"event_type":"roadwork","datex_type":"RoadOrCarriagewayOrLaneManagement","description":"Point particulier : d\u00e9but : situ\u00e9 3856 m \u00e0 l'ouest de Bazoches-sur-Vesle, fin : situ\u00e9 4910 m \u00e0 l'est de Sermoise est DIR Nord/District Laon/CEI de Soissons De Reims vers Beauvais","road_name":"N31","commune":"Augy","start_time":"2025-12-12T17:25:25.327+01:00","end_time":"2027-07-03T18:00:00.000+02:00","source":"Direction interd\u00e9partementale des routes/DIR Nord","version":"17"}},{"type":"Feature","id":"260803-001228-1","geometry":{"type":"Point","coordinates":[0.71544236,42.883312]},"properties":{"event_type":"roadwork","datex_type":"MaintenanceWorks","description":"Travaux de raccordement de la d\u00e9viation d\u2019Arlos \u00e0 la RN125\nArr\u00eat\u00e9 A-095-2026","road_name":"N125","commune":"Fos","start_time":"2026-08-31T08:00:00.000+02:00","end_time":"2026-10-02T18:00:00.000+02:00","source":"Direction interd\u00e9partementale des routes/DIR Sud-Ouest","version":"2"}},{"type":"Feature","id":"260803-001228-2","geometry":{"type":"Point","coordinates":[0.71684724,42.882187]},"properties":{"event_type":"roadwork","datex_type":"RoadOrCarriagewayOrLaneManagement","description":"La circulation sera altern\u00e9e par feux tricolores","road_name":"N125","commune":"Fos","start_time":"2026-08-31T08:00:00.000+02:00","end_time":"2026-10-02T18:00:00.000+02:00","source":"Direction interd\u00e9partementale des routes/DIR Sud-Ouest","version":"2"}},{"type":"Feature","id":"260803-001228-3","geometry":{"type":"Point","coordinates":[0.71684724,42.882187]},"properties":{"event_type":"roadwork","datex_type":"SpeedManagement","description":"Point particulier : d\u00e9but : situ\u00e9 5095 m au sud de Saint-B\u00e9at, fin : situ\u00e9 1497 m au nord de Fos DIR Sud-Ouest/District Sud (Foix)/CEI Chaum","road_name":"N125","commune":"Fos","start_time":"2026-08-31T08:00:00.000+02:00","end_time":"2026-10-02T18:00:00.000+02:00","source":"Direction interd\u00e9partementale des routes/DIR Sud-Ouest","version":"2"}},{"type":"Feature","id":"260803-001228-4","geometry":{"type":"Point","coordinates":[0.71684724,42.882187]},"properties":{"event_type":"info","datex_type":"GeneralInstructionOrMessageToRoadUsers","description":"Point particulier : d\u00e9but : situ\u00e9 5095 m au sud de Saint-B\u00e9at, fin : situ\u00e9 1497 m au nord de Fos DIR Sud-Ouest/District Sud (Foix)/CEI Chaum","road_name":"N125","commune":"Fos","start_time":"2026-08-31T08:00:00.000+02:00","end_time":"2026-10-02T18:00:00.000+02:00","source":"Direction interd\u00e9partementale des routes/DIR Sud-Ouest","version":"2"}},{"type":"Feature","id":"260806-001628-1","geometry":{"type":"Point","coordinates":[-4.3845587,48.450115]},"properties":{"event_type":"roadwork","datex_type":"MaintenanceWorks","description":"Arr\u00eat\u00e9 BB049-2","road_name":"N12","commune":"Guipavas","start_time":"2026-08-31T20:30:00.000+02:00","end_time":"2026-10-02T06:00:00.000+02:00","source":"Direction interd\u00e9partementale des routes/DIR Ouest","version":"2"}},{"type":"Feature","id":"260806-001628-2","geometry":{"type":"Point","coordinates":[-4.4164324,48.439697]},"properties":{"event_type":"roadwork","datex_type":"RoadOrCarriagewayOrLaneManagement","description":"Suivre d\u00e9viation","road_name":"N12","commune":"Guipavas","start_time":"2026-08-31T20:30:00.000+02:00","end_time":"2026-10-02T06:00:00.000+02:00","source":"Direction interd\u00e9partementale des routes/DIR Ouest","version":"2"}},{"type":"Feature","id":"260806-001628-3","geometry":{"type":"Point","coordinates":[-4.3633714,48.45804]},"properties":{"event_type":"roadwork","datex_type":"RoadOrCarriagewayOrLaneManagement","description":"Suivre d\u00e9viation","road_name":"N12","commune":"Kersaint-Plabennec","start_time":"2026-08-31T20:30:00.000+02:00","end_time":"2026-10-02T06:00:00.000+02:00","source":"Direction interd\u00e9partementale des routes/DIR Ouest","version":"2"}},{"type":"Feature","id":"251223-000967-1","geometry":{"type":"Point","coordinates":[3.669111,44.296688]},"properties":{"event_type":"roadwork","datex_type":"RoadOrCarriagewayOrLaneManagement","description":"Interdiction \u00e0 la circulation des v\u00e9hicules de plus de 44 Tonnes Alternat par feux de chantier\nLa mesure est obligatoire","road_name":"N106","commune":"Saint-Julien-d'Arpaon","start_time":"2025-12-23T11:54:54.077+01:00","end_time":"2027-02-01T14:56:00.881+01:00","source":"Direction interd\u00e9partementale des routes/DIR Massif-Central","version":"17"}},{"type":"Feature","id":"260901-000673-1","geometry":{"type":"Point","coordinates":[-2.2520227,48.199673]},"properties":{"event_type":"roadwork","datex_type":"MaintenanceWorks","description":"situ\u00e9 10562 m \u00e0 l'est de Merdrignac Z.A. DIR Ouest/District de Saint-Brieuc/CEI de Loud\u00e9ac","road_name":"N164","commune":"Loscou\u00ebt-sur-Meu","start_time":"2026-10-12T09:00:00.000+02:00","end_time":"2026-10-16T17:00:00.000+02:00","source":"Direction interd\u00e9partementale des routes/DIR Ouest","version":"2"}},{"type":"Feature","id":"260901-000673-2","geometry":{"type":"Point","coordinates":[-2.2491724,48.2002]},"properties":{"event_type":"roadwork","datex_type":"ReroutingManagement","description":"situ\u00e9 10779 m \u00e0 l'est de Merdrignac Z.A. DIR Ouest/District de Rennes/CEI de Pleumeleuc sur bretelle de sortie De Rennes vers Chateaulin","road_name":"N164","commune":"Loscou\u00ebt-sur-Meu","start_time":"2026-10-12T09:00:00.000+02:00","end_time":"2026-10-16T17:00:00.000+02:00","source":"Direction interd\u00e9partementale des routes/DIR Ouest","version":"2"}},{"type":"Feature","id":"260901-000673-3","geometry":{"type":"Point","coordinates":[-2.2547278,48.198906]},"properties":{"event_type":"roadwork","datex_type":"ReroutingManagement","description":"situ\u00e9 5198 m \u00e0 l'ouest de Saint-M\u00e9en-le-Grand DIR Ouest/District de Rennes/CEI de Pleumeleuc sur bretelle de sortie De Chateaulin vers Rennes","road_name":"N164","commune":"Tr\u00e9morel","start_time":"2026-10-12T09:00:00.000+02:00","end_time":"2026-10-16T17:00:00.000+02:00","source":"Direction interd\u00e9partementale des routes/DIR Ouest","version":"2"}},{"type":"Feature","id":"260731-001434-1","geometry":{"type":"Point","coordinates":[1.6221097,42.946754]},"properties":{"event_type":"roadwork","datex_type":"MaintenanceWorks","description":"Arr\u00eat\u00e9 N\u00b0 A-094 (Bis) RN20-2026-\n\nTravaux d'enrob\u00e9s \u00e0 la t\u00eate Sud du tunnel : Semaine 41 ( nuits du lundi 05 au vendredi 09 octobre 2026 de 20h30 \u00e0 06h00)","road_name":"N20","commune":"Foix","start_time":"2026-10-05T20:30:00.000+02:00","end_time":"2026-10-09T06:00:00.000+02:00","source":"Direction interd\u00e9partementale des routes/DIR Sud-Ouest","version":"2"}},{"type":"Feature","id":"260731-001434-2","geometry":{"type":"Point","coordinates":[1.6221097,42.946754]},"properties":{"event_type":"roadwork","datex_type":"RoadOrCarriagewayOrLaneManagement","description":"Point particulier : d\u00e9but : situ\u00e9 49 m au sud de Saint-Jean-de-Verges, fin : situ\u00e9 2738 m au nord de Saint-Paul-de-Jarrat DIR Sud-Ouest/District Sud (Foix)/CEI Saint-Paul-de-Jarrat","road_name":"N20","commune":"Foix","start_time":"2026-10-05T20:30:00.000+02:00","end_time":"2026-10-09T06:00:00.000+02:00","source":"Direction interd\u00e9partementale des routes/DIR Sud-Ouest","version":"2"}},{"type":"Feature","id":"260731-001434-3","geometry":{"type":"Point","coordinates":[1.6221097,42.946754]},"properties":{"event_type":"roadwork","datex_type":"ReroutingManagement","description":"Point particulier : d\u00e9but : situ\u00e9 49 m au sud de Saint-Jean-de-Verges, fin : situ\u00e9 2738 m au nord de Saint-Paul-de-Jarrat DIR Sud-Ouest/District Sud (Foix)/CEI Saint-Paul-de-Jarrat","road_name":"N20","commune":"Foix","start_time":"2026-10-05T20:30:00.000+02:00","end_time":"2026-10-09T06:00:00.000+02:00","source":"Direction interd\u00e9partementale des routes/DIR Sud-Ouest","version":"2"}},{"type":"Feature","id":"260902-001220-1","geometry":{"type":"Point","coordinates":[-2.64932,47.68262]},"properties":{"event_type":"roadwork","datex_type":"MaintenanceWorks","description":"Arr\u00eat\u00e9 N\u00b0144\nTransport exceptionnel\nDe part leurs dimensions et/ou poids, les transports exceptionnels seront interdits pendant cette\np\u00e9riode au regard des itin\u00e9raires de d\u00e9viation emprunt\u00e9s entre 20h30 et 06h00.","road_name":"N166","commune":"Saint-Nolff","start_time":"2026-10-12T20:30:00.000+02:00","end_time":"2026-10-16T06:00:00.000+02:00","source":"Direction interd\u00e9partementale des routes/DIR Ouest","version":"1"}},{"type":"Feature","id":"260902-001220-2","geometry":{"type":"Point","coordinates":[-2.7210362,47.67111]},"properties":{"event_type":"roadwork","datex_type":"ReroutingManagement","description":"situ\u00e9 976 m au sud de Tr\u00e9alv\u00e9 DIR Ouest/District de Vannes/CEI de Vannes sur bretelle d'entr\u00e9e De Vannes vers Plo\u00ebrmel","road_name":"N166","commune":"Vannes","start_time":"2026-10-12T20:30:00.000+02:00","end_time":"2026-10-16T06:00:00.000+02:00","source":"Direction interd\u00e9partementale des routes/DIR Ouest","version":"1"}},{"type":"Feature","id":"260902-001220-3","geometry":{"type":"Point","coordinates":[-2.7228882,47.670177]},"properties":{"event_type":"roadwork","datex_type":"ReroutingManagement","description":"situ\u00e9 0 m au sud de Le Liziec DIR Ouest/District de Vannes/CEI de Vannes sur bretelle de sortie De Vannes vers Plo\u00ebrmel","road_name":"N166","commune":"Vannes","start_time":"2026-10-12T20:30:00.000+02:00","end_time":"2026-10-16T06:00:00.000+02:00","source":"Direction interd\u00e9partementale des routes/DIR Ouest","version":"1"}},{"type":"Feature","id":"260903-000829-1","geometry":{"type":"Point","coordinates":[3.9931343,43.65438]},"properties":{"event_type":"roadwork","datex_type":"MaintenanceWorks","description":"Elagage des palmiers \u00e0 Baillargues","road_name":"N113","commune":"Baillargues","start_time":"2026-09-14T09:00:00.000+02:00","end_time":"2026-10-02T17:00:00.000+02:00","source":"Direction interd\u00e9partementale des routes/DIR M\u00e9diterran\u00e9e","version":"1"}},{"type":"Feature","id":"260903-000837-1","geometry":{"type":"Point","coordinates":[4.0387516,44.199886]},"properties":{"event_type":"roadwork","datex_type":"MaintenanceWorks","description":"Travaux de signalisation horizontale","road_name":"N106","commune":"Les Salles-du-Gardon","start_time":"2026-09-14T22:00:00.000+02:00","end_time":"2026-09-25T06:00:00.000+02:00","source":"Direction interd\u00e9partementale des routes/DIR M\u00e9diterran\u00e9e","version":"1"}},{"type":"Feature","id":"260903-000900-1","geometry":{"type":"Point","coordinates":[4.156875,44.014484]},"properties":{"event_type":"roadwork","datex_type":"MaintenanceWorks","description":"Travaux de signalisation horizontale","road_name":"N106","commune":"Boucoiran-et-Nozi\u00e8res","start_time":"2026-09-07T08:30:00.000+02:00","end_time":"2026-10-02T17:00:00.000+02:00","source":"Direction interd\u00e9partementale des routes/DIR M\u00e9diterran\u00e9e","version":"1"}},{"type":"Feature","id":"260903-000893-1","geometry":{"type":"Point","coordinates":[1.0747627,46.10358]},"properties":{"event_type":"roadwork","datex_type":"MaintenanceWorks","description":"Point particulier : d\u00e9but : situ\u00e9 12485 m au nord de Chamboret, fin : situ\u00e9 3009 m au sud de Bellac DIR Centre-Ouest/District Poitiers/CEI Bellac","road_name":"N147","commune":"Bellac","start_time":"2026-09-03T10:11:34.458+02:00","end_time":"2026-10-10T17:00:00.000+02:00","source":"Direction interd\u00e9partementale des routes/DIR Centre-Ouest","version":"2"}},{"type":"Feature","id":"260903-000893-2","geometry":{"type":"Point","coordinates":[1.0747627,46.10358]},"properties":{"event_type":"roadwork","datex_type":"RoadOrCarriagewayOrLaneManagement","description":"Point particulier : d\u00e9but : situ\u00e9 12485 m au nord de Chamboret, fin : situ\u00e9 3009 m au sud de Bellac DIR Centre-Ouest/District Poitiers/CEI Bellac","road_name":"N147","commune":"Bellac","start_time":"2026-09-03T10:11:34.458+02:00","end_time":"2026-10-10T17:00:00.000+02:00","source":"Direction interd\u00e9partementale des routes/DIR Centre-Ouest","version":"2"}},{"type":"Feature","id":"260903-000922-1","geometry":{"type":"Point","coordinates":[4.099746,44.106274]},"properties":{"event_type":"roadwork","datex_type":"MaintenanceWorks","description":"Travaux de signalisation horizontale","road_name":"N106","commune":"Saint-Hilaire-de-Brethmas","start_time":"2026-09-11T06:00:00.000+02:00","end_time":"2026-10-02T17:00:00.000+02:00","source":"Direction interd\u00e9partementale des routes/DIR M\u00e9diterran\u00e9e","version":"1"}},{"type":"Feature","id":"260903-001835-1","geometry":{"type":"Point","coordinates":[1.8353212,42.71168]},"properties":{"event_type":"roadwork","datex_type":"MaintenanceWorks","description":"R\u00e9habilitation du bassin n\u00b06\nA-122-RN20-2026\nNeutralisation de la BAU","road_name":"N20","commune":"Ax-les-Thermes","start_time":"2026-09-03T16:00:00.000+02:00","end_time":"2026-10-02T17:00:00.000+02:00","source":"Direction interd\u00e9partementale des routes/DIR Sud-Ouest","version":"2"}},{"type":"Feature","id":"260903-001835-2","geometry":{"type":"Point","coordinates":[1.8353212,42.71168]},"properties":{"event_type":"roadwork","datex_type":"SpeedManagement","description":"Point particulier : d\u00e9but : situ\u00e9 63 m au sud de Ax-les-Thermes, fin : situ\u00e9 17156 m au nord de L'Hospitalet-pr\u00e8s-l'Andorre DIR Sud-Ouest/District Sud (Foix)/CEI Saint-Paul-de-Jarrat De Pamiers vers Bourg-Madame - Espagne","road_name":"N20","commune":"Ax-les-Thermes","start_time":"2026-09-03T16:00:00.000+02:00","end_time":"2026-10-02T17:00:00.000+02:00","source":"Direction interd\u00e9partementale des routes/DIR Sud-Ouest","version":"2"}},{"type":"Feature","id":"260903-002445-1","geometry":{"type":"Point","coordinates":[6.506563,47.69625]},"properties":{"event_type":"info","datex_type":"RoadsideServiceDisruption","description":"Aire du Tertre ferm\u00e9e.","road_name":"N19","commune":"Lure","start_time":"2026-09-03T18:36:00.000+02:00","end_time":"2026-10-31T16:00:00.000+01:00","source":"Direction interd\u00e9partementale des routes/DIR Est","version":"2"}},{"type":"Feature","id":"260904-000929-1","geometry":{"type":"Point","coordinates":[6.0161324,44.08339]},"properties":{"event_type":"roadwork","datex_type":"ConstructionWorks","description":"Alternat par feux, travaux sur ouvrage","road_name":"N85","commune":"L'Escale","start_time":"2026-09-14T08:30:00.000+02:00","end_time":"2026-10-02T18:00:00.000+02:00","source":"Direction interd\u00e9partementale des routes/DIR M\u00e9diterran\u00e9e","version":"2"}},{"type":"Feature","id":"260904-000949-1","geometry":{"type":"Point","coordinates":[6.5788665,44.821995]},"properties":{"event_type":"roadwork","datex_type":"ConstructionWorks","description":"Alternat par feux ou manuel, confortement talus\nalternat de 200 m\u00e8tres maximum","road_name":"N94","commune":"Saint-Martin-de-Queyri\u00e8res","start_time":"2026-09-07T00:01:00.000+02:00","end_time":"2026-10-02T23:59:00.000+02:00","source":"Direction interd\u00e9partementale des routes/DIR M\u00e9diterran\u00e9e","version":"2"}},{"type":"Feature","id":"260902-001596-104","geometry":{"type":"Point","coordinates":[6.772255,48.437614]},"properties":{"event_type":"roadwork","datex_type":"RoadOrCarriagewayOrLaneManagement","description":"La mesure est obligatoire","road_name":"N59","commune":"Bertrichamps","start_time":"2026-09-07T07:40:14.549+02:00","end_time":"","source":"Direction interd\u00e9partementale des routes/DIR Est","version":"1"}},{"type":"Feature","id":"260902-001596-1","geometry":{"type":"Point","coordinates":[6.795612,48.41736]},"properties":{"event_type":"roadwork","datex_type":"MaintenanceWorks","description":"Point particulier : d\u00e9but : situ\u00e9 1420 m \u00e0 l'est de Baccarat, fin : situ\u00e9 2667 m \u00e0 l'ouest de Raon-l'\u00c9tape GE_DIRE/Service r\u00e9gional d\u2019exploitation Grand Est (SREX)/District Nancy/CEI Saint-Di\u00e9 De Lun\u00e9ville vers S\u00e9lestat","road_name":"N59","commune":"Lachapelle","start_time":"2026-09-02T15:07:31.619+02:00","end_time":"","source":"Direction interd\u00e9partementale des routes/DIR Est","version":"4"}},{"type":"Feature","id":"260902-001596-102","geometry":{"type":"Point","coordinates":[6.795612,48.41736]},"properties":{"event_type":"roadwork","datex_type":"RoadOrCarriagewayOrLaneManagement","description":"La mesure est obligatoire","road_name":"N59","commune":"Lachapelle","start_time":"2026-09-02T15:08:09.031+02:00","end_time":"","source":"Direction interd\u00e9partementale des routes/DIR Est","version":"3"}},{"type":"Feature","id":"260902-001596-103","geometry":{"type":"Point","coordinates":[6.772255,48.437614]},"properties":{"event_type":"roadwork","datex_type":"RoadOrCarriagewayOrLaneManagement","description":"La mesure est obligatoire","road_name":"N59","commune":"Bertrichamps","start_time":"2026-09-02T15:08:59.529+02:00","end_time":"","source":"Direction interd\u00e9partementale des routes/DIR Est","version":"2"}},{"type":"Feature","id":"260903-001790-1","geometry":{"type":"Point","coordinates":[1.7379233,42.549435]},"properties":{"event_type":"roadwork","datex_type":"MaintenanceWorks","description":"A-120-2026 RN22(66)","road_name":"N22","commune":"Porta","start_time":"2026-09-07T08:00:00.000+02:00","end_time":"2026-10-29T18:00:00.000+01:00","source":"Direction interd\u00e9partementale des routes/DIR Sud-Ouest","version":"2"}},{"type":"Feature","id":"260903-001790-2","geometry":{"type":"Point","coordinates":[1.7379233,42.549435]},"properties":{"event_type":"roadwork","datex_type":"RoadOrCarriagewayOrLaneManagement","description":"La circulation sera altern\u00e9e manuellement par piquets K10 en journ\u00e9e.\nDes microcoupures de la RN22 (maximum 05 minutes) sont \u00e0 pr\u00e9voir.","road_name":"N22","commune":"Porta","start_time":"2026-09-07T08:00:00.000+02:00","end_time":"2026-10-29T18:00:00.000+01:00","source":"Direction interd\u00e9partementale des routes/DIR Sud-Ouest","version":"2"}},{"type":"Feature","id":"260903-001790-3","geometry":{"type":"Point","coordinates":[1.7379233,42.549435]},"properties":{"event_type":"roadwork","datex_type":"SpeedManagement","description":"Point particulier : d\u00e9but : situ\u00e9 3112 m \u00e0 l'ouest de Le Poste de Douane, fin : situ\u00e9 695 m \u00e0 l'est de Pas de la Case DIR Sud-Ouest/District Sud (Foix)/CEI L'Hospitalet","road_name":"N22","commune":"Porta","start_time":"2026-09-07T08:00:00.000+02:00","end_time":"2026-10-29T18:00:00.000+01:00","source":"Direction interd\u00e9partementale des routes/DIR Sud-Ouest","version":"2"}},{"type":"Feature","id":"260903-001790-4","geometry":{"type":"Point","coordinates":[1.7379233,42.549435]},"properties":{"event_type":"info","datex_type":"GeneralInstructionOrMessageToRoadUsers","description":"Point particulier : d\u00e9but : situ\u00e9 3112 m \u00e0 l'ouest de Le Poste de Douane, fin : situ\u00e9 695 m \u00e0 l'est de Pas de la Case DIR Sud-Ouest/District Sud (Foix)/CEI L'Hospitalet","road_name":"N22","commune":"Porta","start_time":"2026-09-07T08:00:00.000+02:00","end_time":"2026-10-29T18:00:00.000+01:00","source":"Direction interd\u00e9partementale des routes/DIR Sud-Ouest","version":"2"}},{"type":"Feature","id":"260907-003972-1","geometry":{"type":"Point","coordinates":[6.5319133,43.930485]},"properties":{"event_type":"roadwork","datex_type":"ConstructionWorks","description":"Alternat manuel\nS\u00e9curisation des ouvrages de protection contre les chutes de blocs","road_name":"N202","commune":"Saint-Julien-du-Verdon","start_time":"2026-09-14T07:00:00.000+02:00","end_time":"2026-11-27T18:00:00.000+01:00","source":"Direction interd\u00e9partementale des routes/DIR M\u00e9diterran\u00e9e","version":"1"}},{"type":"Feature","id":"260810-001327-1","geometry":{"type":"Point","coordinates":[-3.6208365,47.87599]},"properties":{"event_type":"roadwork","datex_type":"MaintenanceWorks","description":"Arr\u00eat\u00e9 BM065 est abrog\u00e9 par l'arr\u00eat\u00e9 n\u00b0BM065-1 a partir du 07/09/2026 \u00e0 14h00","road_name":"N165","commune":"Riec-sur-Belon","start_time":"2026-09-07T10:00:00.000+02:00","end_time":"2026-10-02T17:00:00.000+02:00","source":"Direction interd\u00e9partementale des routes/DIR Ouest","version":"7"}},{"type":"Feature","id":"260810-001327-2","geometry":{"type":"Point","coordinates":[-3.623591,47.876358]},"properties":{"event_type":"roadwork","datex_type":"RoadOrCarriagewayOrLaneManagement","description":"Point particulier : d\u00e9but : situ\u00e9 878 m \u00e0 l'ouest de Viaduc de la La\u00efta, fin : situ\u00e9 6155 m \u00e0 l'est de K\u00e9randr\u00e9o DIR Ouest/District de Brest/CEI de Melgven De Nantes vers Brest","road_name":"N165","commune":"Riec-sur-Belon","start_time":"2026-09-07T10:00:00.000+02:00","end_time":"2026-10-09T17:00:00.000+02:00","source":"Direction interd\u00e9partementale des routes/DIR Ouest","version":"7"}},{"type":"Feature","id":"260810-001327-3","geometry":{"type":"Point","coordinates":[-3.5857792,47.867245]},"properties":{"event_type":"roadwork","datex_type":"ReroutingManagement","description":"Suivre d\u00e9viation","road_name":"N165","commune":"Mellac","start_time":"2026-09-07T10:00:00.000+02:00","end_time":"2026-10-09T17:00:00.000+02:00","source":"Direction interd\u00e9partementale des routes/DIR Ouest","version":"7"}},{"type":"Feature","id":"260810-001327-4","geometry":{"type":"Point","coordinates":[-3.5844967,47.86773]},"properties":{"event_type":"roadwork","datex_type":"ReroutingManagement","description":"Suivre d\u00e9viation","road_name":"N165","commune":"Mellac","start_time":"2026-09-07T10:00:00.000+02:00","end_time":"2026-10-09T17:00:00.000+02:00","source":"Direction interd\u00e9partementale des routes/DIR Ouest","version":"7"}},{"type":"Feature","id":"260810-001327-105","geometry":{"type":"Point","coordinates":[-3.6208365,47.87599]},"properties":{"event_type":"info","datex_type":"OperatorAction","description":"Un <Itin\u00e9raire conseill\u00e9> pour les v\u00e9hicules se dirigeant vers Quimper par la RN 165 est mis en place \u00e0 partir de la rue Samuel Billette (Sortie entreprise Bigard), la RN165, sens Brest vers Lorient jusqu'\u00e0 l'\u00e9changeur de Kerfleury PR2+905 pour y faire demi-tour en empruntant la rue de Kervidanou puis la RD765C et la RD765","road_name":"N165","commune":"Riec-sur-Belon","start_time":"2026-09-07T10:00:00.000+02:00","end_time":"2026-10-09T17:00:00.000+02:00","source":"Direction interd\u00e9partementale des routes/DIR Ouest","version":"6"}},{"type":"Feature","id":"260831-000773-1","geometry":{"type":"Point","coordinates":[6.5937395,45.432793]},"properties":{"event_type":"info","datex_type":"GeneralNetworkManagement","description":"RD98 Travaux de construction d'un ouvrage la Tania acc\u00e8s \u00e0 M\u00e9ribel-Village et au hameau du Plantin la circulation sera totalement interrompue du Lundi 31 Aout  au 30 Octobre 2026.Une d\u00e9viation est mise place via la RD915 Brides-les-Bains. \nLa mesure est obligatoire","road_name":"D98","commune":"La Perri\u00e8re","start_time":"2026-08-31T09:39:08.179+02:00","end_time":"","source":"Direction interd\u00e9partementale des routes/DIR Centre-Est","version":"2"}},{"type":"Feature","id":"260910-012248-1","geometry":{"type":"Point","coordinates":[6.6929264,44.927616]},"properties":{"event_type":"roadwork","datex_type":"MaintenanceWorks","description":"Alternat par feux ou manuel, sondages","road_name":"N94","commune":"Montgen\u00e8vre","start_time":"2026-09-14T00:00:00.000+02:00","end_time":"2026-10-16T23:59:00.000+02:00","source":"Direction interd\u00e9partementale des routes/DIR M\u00e9diterran\u00e9e","version":"1"}},{"type":"Feature","id":"260910-014004-1","geometry":{"type":"Point","coordinates":[-1.7357256,48.105103]},"properties":{"event_type":"roadwork","datex_type":"MaintenanceWorks","description":"Point particulier : d\u00e9but : situ\u00e9 399 m \u00e0 l'ouest de Rennes Porte de Lorient, fin : situ\u00e9 1908 m \u00e0 l'est de Le Rheu Les Landes d'Apign\u00e9 DIR Ouest/District de Rennes/CEI de Rennes De Rennes vers Lorient","road_name":"N24","commune":"Rennes","start_time":"2026-09-10T18:50:31.221+02:00","end_time":"","source":"Direction interd\u00e9partementale des routes/DIR Ouest","version":"1"}},{"type":"Feature","id":"260911-015201-1","geometry":{"type":"Point","coordinates":[6.169962,44.0638]},"properties":{"event_type":"roadwork","datex_type":"ConstructionWorks","description":"Alternat manuel, confortement des berges","road_name":"N85","commune":"Aiglun","start_time":"2026-09-14T08:45:00.000+02:00","end_time":"2026-11-30T18:00:00.000+01:00","source":"Direction interd\u00e9partementale des routes/DIR M\u00e9diterran\u00e9e","version":"1"}},{"type":"Feature","id":"260911-015585-1","geometry":{"type":"Point","coordinates":[4.5944667,45.52177]},"properties":{"event_type":"roadwork","datex_type":"MaintenanceWorks","description":"Point particulier : d\u00e9but : situ\u00e9 185 m \u00e0 l'est de Lorette - Rive-de-Gier, fin : situ\u00e9 4190 m \u00e0 l'ouest de La Madeleine DIR Centre-Est/District Saint-\u00c9tienne/CEI Varizelle De Saint-\u00c9tienne vers Lyon","road_name":"A47","commune":"Rive-de-Gier","start_time":"2026-09-11T11:50:08.142+02:00","end_time":"2026-10-30T05:00:00.000+01:00","source":"Direction interd\u00e9partementale des routes/DIR Centre-Est","version":"4"}},{"type":"Feature","id":"260911-015585-2","geometry":{"type":"Point","coordinates":[4.599576,45.52448]},"properties":{"event_type":"roadwork","datex_type":"RoadOrCarriagewayOrLaneManagement","description":"La mesure est obligatoire","road_name":"A47","commune":"Rive-de-Gier","start_time":"2026-09-11T11:50:19.195+02:00","end_time":"2026-10-30T05:00:00.000+01:00","source":"Direction interd\u00e9partementale des routes/DIR Centre-Est","version":"4"}},{"type":"Feature","id":"260911-015903-1","geometry":{"type":"Point","coordinates":[2.2749028,48.95745]},"properties":{"event_type":"roadwork","datex_type":"RoadOrCarriagewayOrLaneManagement","description":"La mesure est obligatoire","road_name":"A15","commune":"Argenteuil","start_time":"2026-09-11T13:48:39.000+02:00","end_time":"2026-10-23T12:12:12.000+02:00","source":"Direction interd\u00e9partementale des routes/DIR \u00cele-de-France","version":"1"}},{"type":"Feature","id":"260911-015903-2","geometry":{"type":"Point","coordinates":[2.2749028,48.95745]},"properties":{"event_type":"roadwork","datex_type":"MaintenanceWorks","description":"Point particulier : d\u00e9but : situ\u00e9 2217 m \u00e0 l'ouest de Gennevilliers, fin : situ\u00e9 756 m \u00e0 l'est de Argenteuil - Enghien-les-Bains DIR \u00cele-de-France sur bretelle d'entr\u00e9e De Gennevilliers (N315) vers Cergy-Pontoise (N14)","road_name":"A15","commune":"Argenteuil","start_time":"2026-08-24T12:12:12.000+02:00","end_time":"2026-10-23T12:12:12.000+02:00","source":"Direction interd\u00e9partementale des routes/DIR \u00cele-de-France","version":"1"}},{"type":"Feature","id":"260903-001142-104","geometry":{"type":"Point","coordinates":[5.239757,48.658573]},"properties":{"event_type":"roadwork","datex_type":"MaintenanceWorks","description":"Point particulier : d\u00e9but : situ\u00e9 3784 m \u00e0 l'ouest de Ligny-en-Barrois ouest, fin : situ\u00e9 12491 m \u00e0 l'est de Haironville Hors voie de circulation GE_DIRE/Service r\u00e9gional d\u2019exploitation Grand Est (SREX)/District Vitry-Le-Fran\u00e7ois/CEI Ligny-en-Barrois De Allemagne - Freiburg-im-Breisgau vers Paris","road_name":"N4","commune":"Nant-le-Petit","start_time":"2026-09-03T11:47:31.402+02:00","end_time":"","source":"Direction interd\u00e9partementale des routes/DIR Est","version":"2"}},{"type":"Feature","id":"260803-002382-1","geometry":{"type":"Point","coordinates":[5.9464145,46.664898]},"properties":{"event_type":"roadwork","datex_type":"MaintenanceWorks","description":"Travaux de s\u00e9curisation de murs de sout\u00e8nement de la RN5  dans le secteur \u00ab des gorges de La Lemme \u00bb.\nRestrictions de vitesse localis\u00e9es.","road_name":"N5","commune":"Chaux-des-Crotenay","start_time":"2026-08-17T08:50:00.000+02:00","end_time":"2026-10-26T17:00:00.000+01:00","source":"Direction interd\u00e9partementale des routes/DIR Est","version":"10"}},{"type":"Feature","id":"260803-002382-102","geometry":{"type":"Point","coordinates":[5.9464145,46.664898]},"properties":{"event_type":"roadwork","datex_type":"RoadOrCarriagewayOrLaneManagement","description":"Alternat de trafic par feux tricolores.\nLa mesure est obligatoire","road_name":"N5","commune":"Chaux-des-Crotenay","start_time":"2026-08-17T08:50:00.000+02:00","end_time":"2026-10-26T17:00:00.000+01:00","source":"Direction interd\u00e9partementale des routes/DIR Est","version":"9"}},{"type":"Feature","id":"260914-000203-1","geometry":{"type":"Point","coordinates":[-1.7838074,47.32917]},"properties":{"event_type":"info","datex_type":"RoadsideServiceDisruption","description":"situ\u00e9 819 m \u00e0 l'est de Le Temple-de-Bretagne DIR Ouest/District de Nantes/CEI de Savenay De Nantes vers Brest","road_name":"N165","commune":"Vigneux-de-Bretagne","start_time":"2026-09-14T20:00:00.000+02:00","end_time":"2027-09-27T06:00:00.000+02:00","source":"Direction interd\u00e9partementale des routes/DIR Ouest","version":"2"}},{"type":"Feature","id":"260914-000203-2","geometry":{"type":"Point","coordinates":[-1.7888174,47.332085]},"properties":{"event_type":"roadwork","datex_type":"SpeedManagement","description":"Point particulier : d\u00e9but : situ\u00e9 399 m \u00e0 l'ouest de Z.I. La Croix-Rouge, fin : situ\u00e9 319 m \u00e0 l'est de Le Temple-de-Bretagne DIR Ouest/District de Nantes/CEI de Savenay De Nantes vers Brest","road_name":"N165","commune":"Vigneux-de-Bretagne","start_time":"2026-09-14T20:00:00.000+02:00","end_time":"2027-09-27T06:00:00.000+02:00","source":"Direction interd\u00e9partementale des routes/DIR Ouest","version":"2"}},{"type":"Feature","id":"260914-000203-103","geometry":{"type":"Point","coordinates":[-1.7828658,47.328495]},"properties":{"event_type":"roadwork","datex_type":"ReroutingManagement","description":"situ\u00e9 922 m \u00e0 l'est de Le Temple-de-Bretagne DIR Ouest/District de Nantes/CEI de Savenay De Nantes vers Brest","road_name":"N165","commune":"Vigneux-de-Bretagne","start_time":"2026-09-14T20:00:00.000+02:00","end_time":"2027-09-27T06:00:00.000+02:00","source":"Direction interd\u00e9partementale des routes/DIR Ouest","version":"1"}},{"type":"Feature","id":"260914-000572-1","geometry":{"type":"Point","coordinates":[-1.7608029,48.553047]},"properties":{"event_type":"roadwork","datex_type":"MaintenanceWorks","description":"situ\u00e9 7280 m \u00e0 l'est de Plerguer DIR Ouest/District de Saint-Brieuc/CEI de Pleslin-Trigavou","road_name":"N176","commune":"Mont-Dol","start_time":"2026-10-12T09:00:00.000+02:00","end_time":"2026-10-14T17:00:00.000+02:00","source":"Direction interd\u00e9partementale des routes/DIR Ouest","version":"1"}},{"type":"Feature","id":"260914-000572-2","geometry":{"type":"Point","coordinates":[-1.7572144,48.553635]},"properties":{"event_type":"roadwork","datex_type":"ReroutingManagement","description":"situ\u00e9 256 m \u00e0 l'est de Dol-de-Bretagne DIR Ouest/District de Saint-Brieuc/CEI de Pleslin-Trigavou sur bretelle de sortie De Avranches vers Saint-Brieuc","road_name":"N176","commune":"Dol-de-Bretagne","start_time":"2026-10-12T09:00:00.000+02:00","end_time":"2026-10-14T17:00:00.000+02:00","source":"Direction interd\u00e9partementale des routes/DIR Ouest","version":"1"}},{"type":"Feature","id":"260914-000572-3","geometry":{"type":"Point","coordinates":[-1.7639997,48.55237]},"properties":{"event_type":"roadwork","datex_type":"ReroutingManagement","description":"situ\u00e9 254 m \u00e0 l'ouest de Dol-de-Bretagne DIR Ouest/District de Saint-Brieuc/CEI de Pleslin-Trigavou sur bretelle de sortie De Saint-Brieuc vers Avranches","road_name":"N176","commune":"Mont-Dol","start_time":"2026-10-12T09:00:00.000+02:00","end_time":"2026-10-14T17:00:00.000+02:00","source":"Direction interd\u00e9partementale des routes/DIR Ouest","version":"1"}},{"type":"Feature","id":"260812-001754-1","geometry":{"type":"Point","coordinates":[-3.6926775,48.23343]},"properties":{"event_type":"roadwork","datex_type":"MaintenanceWorks","description":"Arr\u00eat\u00e9 BF037","road_name":"N164","commune":"Cl\u00e9den-Poher","start_time":"2026-09-14T09:00:00.000+02:00","end_time":"2026-10-23T17:00:00.000+02:00","source":"Direction interd\u00e9partementale des routes/DIR Ouest","version":"2"}},{"type":"Feature","id":"260812-001754-2","geometry":{"type":"Point","coordinates":[-3.7555475,48.216793]},"properties":{"event_type":"roadwork","datex_type":"RoadOrCarriagewayOrLaneManagement","description":"Point particulier : d\u00e9but : situ\u00e9 2607 m \u00e0 l'ouest de Botaval, fin : situ\u00e9 1815 m \u00e0 l'est de Ch\u00e2teauneuf-du-Faou Saint-Andr DIR Ouest/District de Brest/CEI de Ch\u00e2teauneuf-du-Faou","road_name":"N164","commune":"Plon\u00e9vez-du-Faou","start_time":"2026-09-14T09:00:00.000+02:00","end_time":"2026-10-23T17:00:00.000+02:00","source":"Direction interd\u00e9partementale des routes/DIR Ouest","version":"2"}},{"type":"Feature","id":"260812-001754-3","geometry":{"type":"Point","coordinates":[-3.757385,48.216415]},"properties":{"event_type":"roadwork","datex_type":"SpeedManagement","description":"Point particulier : d\u00e9but : situ\u00e9 2747 m \u00e0 l'ouest de Botaval, fin : situ\u00e9 1672 m \u00e0 l'est de Ch\u00e2teauneuf-du-Faou Saint-Andr DIR Ouest/District de Brest/CEI de Ch\u00e2teauneuf-du-Faou","road_name":"N164","commune":"Plon\u00e9vez-du-Faou","start_time":"2026-09-14T09:00:00.000+02:00","end_time":"2026-10-23T17:00:00.000+02:00","source":"Direction interd\u00e9partementale des routes/DIR Ouest","version":"2"}},{"type":"Feature","id":"260812-001754-4","geometry":{"type":"Point","coordinates":[-3.7094152,48.218075]},"properties":{"event_type":"roadwork","datex_type":"ReroutingManagement","description":"- La bretelle de sortie est ferm\u00e9e. Une d\u00e9viation est mise en place par la RN164 jusqu\u2019\u00e0 l\u2019\u00e9changeur de Botaval PR11+868 pour y faire demi-tour en empruntant la RD217.","road_name":"N164","commune":"Landeleau","start_time":"2026-09-14T09:00:00.000+02:00","end_time":"2026-10-23T17:00:00.000+02:00","source":"Direction interd\u00e9partementale des routes/DIR Ouest","version":"2"}},{"type":"Feature","id":"260812-001754-5","geometry":{"type":"Point","coordinates":[-3.706605,48.218433]},"properties":{"event_type":"roadwork","datex_type":"ReroutingManagement","description":"- La bretelle d\u2019insertion est ferm\u00e9e. Une d\u00e9viation est mise en place par la RD217 jusqu\u2019\u00e0\nl\u2019\u00e9changeur de Botaval.","road_name":"N164","commune":"Landeleau","start_time":"2026-09-14T09:00:00.000+02:00","end_time":"2026-10-23T17:00:00.000+02:00","source":"Direction interd\u00e9partementale des routes/DIR Ouest","version":"2"}},{"type":"Feature","id":"260914-001249-1","geometry":{"type":"Point","coordinates":[4.7462125,49.73565]},"properties":{"event_type":"info","datex_type":"PublicEvent","description":"Arr\u00eat\u00e9 n\u00b0T 26 \u2013 481 / 08","road_name":"A34","commune":"Villers-Semeuse","start_time":"2026-10-04T11:00:00.000+02:00","end_time":"2026-10-04T17:00:00.000+02:00","source":"Direction interd\u00e9partementale des routes/DIR Nord","version":"1"}},{"type":"Feature","id":"260914-001249-2","geometry":{"type":"Point","coordinates":[4.7462125,49.73565]},"properties":{"event_type":"roadwork","datex_type":"RoadOrCarriagewayOrLaneManagement","description":"situ\u00e9 693 m \u00e0 l'est de Villers DIR Nord/District Reims-Ardennes/CEI de Charleville-M\u00e9zi\u00e8res sur bretelle d'entr\u00e9e De Belgique vers Reims","road_name":"A34","commune":"Villers-Semeuse","start_time":"2026-10-04T11:00:00.000+02:00","end_time":"2026-10-04T17:00:00.000+02:00","source":"Direction interd\u00e9partementale des routes/DIR Nord","version":"1"}},{"type":"Feature","id":"260914-001249-3","geometry":{"type":"Point","coordinates":[4.753735,49.73653]},"properties":{"event_type":"info","datex_type":"PublicEvent","description":"situ\u00e9 244 m \u00e0 l'est de Villers DIR Nord/District Reims-Ardennes/CEI de Charleville-M\u00e9zi\u00e8res sur bretelle de sortie De Belgique vers Reims","road_name":"A34","commune":"Villers-Semeuse","start_time":"2026-10-04T11:00:00.000+02:00","end_time":"2026-10-04T17:00:00.000+02:00","source":"Direction interd\u00e9partementale des routes/DIR Nord","version":"1"}},{"type":"Feature","id":"260914-001249-4","geometry":{"type":"Point","coordinates":[4.753735,49.73653]},"properties":{"event_type":"roadwork","datex_type":"RoadOrCarriagewayOrLaneManagement","description":"situ\u00e9 244 m \u00e0 l'est de Villers DIR Nord/District Reims-Ardennes/CEI de Charleville-M\u00e9zi\u00e8res sur bretelle de sortie De Belgique vers Reims","road_name":"A34","commune":"Villers-Semeuse","start_time":"2026-10-04T11:00:00.000+02:00","end_time":"2026-10-04T17:00:00.000+02:00","source":"Direction interd\u00e9partementale des routes/DIR Nord","version":"1"}},{"type":"Feature","id":"260914-001249-5","geometry":{"type":"Point","coordinates":[4.753735,49.73653]},"properties":{"event_type":"roadwork","datex_type":"ReroutingManagement","description":"situ\u00e9 244 m \u00e0 l'est de Villers DIR Nord/District Reims-Ardennes/CEI de Charleville-M\u00e9zi\u00e8res sur bretelle de sortie De Belgique vers Reims","road_name":"A34","commune":"Villers-Semeuse","start_time":"2026-10-04T11:00:00.000+02:00","end_time":"2026-10-04T17:00:00.000+02:00","source":"Direction interd\u00e9partementale des routes/DIR Nord","version":"1"}},{"type":"Feature","id":"260911-016050-1","geometry":{"type":"Point","coordinates":[-0.013635868,45.54935]},"properties":{"event_type":"roadwork","datex_type":"RoadOrCarriagewayOrLaneManagement","description":"La mesure est obligatoire","road_name":"N10","commune":"Jurignac","start_time":"2026-10-05T06:00:45.000+02:00","end_time":"2026-10-16T15:59:45.000+02:00","source":"Direction interd\u00e9partementale des routes/DIR Atlantique","version":"2"}},{"type":"Feature","id":"260218-001278-1","geometry":{"type":"Point","coordinates":[-2.6500528,47.681873]},"properties":{"event_type":"roadwork","datex_type":"SpeedManagement","description":"Arr\u00eat\u00e9 VV143","road_name":"N166","commune":"Saint-Nolff","start_time":"2026-02-18T12:58:58.618+01:00","end_time":"2026-10-16T06:00:00.000+02:00","source":"Direction interd\u00e9partementale des routes/DIR Ouest","version":"8"}},{"type":"Feature","id":"260806-002065-1","geometry":{"type":"Point","coordinates":[-4.0241876,48.116413]},"properties":{"event_type":"roadwork","datex_type":"MaintenanceWorks","description":"BC058-4\nConvoi exceptionnels:\nLa circulation est:\n- interdite dans le sens Brest vers Quimper aux convois d' une largeur sup\u00e9rieur \u00e0 3.50m.\n- interdite dans le sens Quimper vers Brest aux convois d'une largeur sup\u00e9rieure \u00e0 3.00m et d'une longueur sup\u00e9rieurre \u00e0 16.50m.","road_name":"N165","commune":"Briec","start_time":"2026-09-07T09:00:00.000+02:00","end_time":"2026-10-02T17:00:00.000+02:00","source":"Direction interd\u00e9partementale des routes/DIR Ouest","version":"3"}},{"type":"Feature","id":"260806-002065-2","geometry":{"type":"Point","coordinates":[-4.02283,48.11988]},"properties":{"event_type":"roadwork","datex_type":"ReroutingManagement","description":"Point particulier : d\u00e9but : situ\u00e9 6390 m au nord de Quimper Gourvily, fin : situ\u00e9 219 m au sud de An Teir C'hroaz DIR Ouest/District de Brest/CEI de Ch\u00e2teaulin De Nantes vers Brest","road_name":"N165","commune":"Briec","start_time":"2026-09-07T09:00:00.000+02:00","end_time":"2026-10-02T17:00:00.000+02:00","source":"Direction interd\u00e9partementale des routes/DIR Ouest","version":"3"}},{"type":"Feature","id":"260806-002065-3","geometry":{"type":"Point","coordinates":[-4.0476537,48.070072]},"properties":{"event_type":"roadwork","datex_type":"RoadOrCarriagewayOrLaneManagement","description":"Point particulier : d\u00e9but : situ\u00e9 222 m au sud de An Teir C'hroaz, fin : situ\u00e9 6394 m au nord de Quimper Gourvily DIR Ouest/District de Brest/CEI de Ch\u00e2teaulin De Brest vers Nantes","road_name":"N165","commune":"Briec","start_time":"2026-09-07T09:00:00.000+02:00","end_time":"2026-10-02T17:00:00.000+02:00","source":"Direction interd\u00e9partementale des routes/DIR Ouest","version":"3"}},{"type":"Feature","id":"260806-002065-4","geometry":{"type":"Point","coordinates":[-4.048448,48.067883]},"properties":{"event_type":"roadwork","datex_type":"SpeedManagement","description":"Point particulier : d\u00e9but : situ\u00e9 222 m au sud de An Teir C'hroaz, fin : situ\u00e9 6142 m au nord de Quimper Gourvily DIR Ouest/District de Brest/CEI de Ch\u00e2teaulin De Brest vers Nantes","road_name":"N165","commune":"Briec","start_time":"2026-09-07T09:00:00.000+02:00","end_time":"2026-10-02T17:00:00.000+02:00","source":"Direction interd\u00e9partementale des routes/DIR Ouest","version":"3"}},{"type":"Feature","id":"260806-002065-5","geometry":{"type":"Point","coordinates":[-4.0232396,48.118565]},"properties":{"event_type":"roadwork","datex_type":"SpeedManagement","description":"Point particulier : d\u00e9but : situ\u00e9 6540 m au nord de Quimper Gourvily, fin : situ\u00e9 369 m au sud de An Teir C'hroaz DIR Ouest/District de Brest/CEI de Ch\u00e2teaulin De Nantes vers Brest","road_name":"N165","commune":"Briec","start_time":"2026-09-07T09:00:00.000+02:00","end_time":"2026-10-02T17:00:00.000+02:00","source":"Direction interd\u00e9partementale des routes/DIR Ouest","version":"3"}},{"type":"Feature","id":"260806-002065-6","geometry":{"type":"Point","coordinates":[-4.031743,48.098232]},"properties":{"event_type":"roadwork","datex_type":"ReroutingManagement","description":"D\u00e9viation mise en place par la RN 165 jusqu' a l'\u00e9changeur de An Teir C'hroaz PR 66+645 pour y faire demi tour en empruntant la RD785 et revenir par la RN165 jusqu'a l'\u00e9changeur de Kerlez","road_name":"N165","commune":"Briec","start_time":"2026-09-07T09:00:00.000+02:00","end_time":"2026-10-02T17:00:00.000+02:00","source":"Direction interd\u00e9partementale des routes/DIR Ouest","version":"3"}},{"type":"Feature","id":"260806-002065-7","geometry":{"type":"Point","coordinates":[-4.031091,48.10111]},"properties":{"event_type":"roadwork","datex_type":"ReroutingManagement","description":"La bretelle d' insertion est ferm\u00e9e ;\nUne d\u00e9viation est mise en place par la RD61,RD770,et la RD41 jusqu a l'\u00e9changeur de TI H\u00e9mon PR70+155.","road_name":"N165","commune":"Briec","start_time":"2026-09-07T09:00:00.000+02:00","end_time":"2026-10-02T17:00:00.000+02:00","source":"Direction interd\u00e9partementale des routes/DIR Ouest","version":"3"}},{"type":"Feature","id":"260916-004739-1","geometry":{"type":"Point","coordinates":[4.3009715,43.78308]},"properties":{"event_type":"roadwork","datex_type":"MaintenanceWorks","description":"Travaux de de pose de Panneaux Radar,","road_name":"N113","commune":"Milhaud","start_time":"2026-10-05T08:00:00.000+02:00","end_time":"2026-10-09T17:00:00.000+02:00","source":"Direction interd\u00e9partementale des routes/DIR M\u00e9diterran\u00e9e","version":"1"}},{"type":"Feature","id":"260916-004754-1","geometry":{"type":"Point","coordinates":[3.8915982,44.249416]},"properties":{"event_type":"roadwork","datex_type":"MaintenanceWorks","description":"Protection contre les chutes de blocs","road_name":"N106","commune":"Saint-Michel-de-D\u00e8ze","start_time":"2026-09-21T00:00:00.000+02:00","end_time":"2026-11-20T23:59:00.000+01:00","source":"Direction interd\u00e9partementale des routes/DIR M\u00e9diterran\u00e9e","version":"1"}},{"type":"Feature","id":"260916-004786-1","geometry":{"type":"Point","coordinates":[3.929551,44.246815]},"properties":{"event_type":"roadwork","datex_type":"MaintenanceWorks","description":"Travaux de r\u00e9paration ouvrage hydraulique","road_name":"N106","commune":"Le Collet-de-D\u00e8ze","start_time":"2026-09-17T07:30:00.000+02:00","end_time":"2026-10-02T18:00:00.000+02:00","source":"Direction interd\u00e9partementale des routes/DIR M\u00e9diterran\u00e9e","version":"1"}},{"type":"Feature","id":"260916-004841-1","geometry":{"type":"Point","coordinates":[3.9931343,43.65438]},"properties":{"event_type":"roadwork","datex_type":"MaintenanceWorks","description":"Travaux d\u2019\u00e9lagage des palmiers","road_name":"N113","commune":"Baillargues","start_time":"2026-09-14T09:00:00.000+02:00","end_time":"2026-10-02T17:00:00.000+02:00","source":"Direction interd\u00e9partementale des routes/DIR M\u00e9diterran\u00e9e","version":"1"}},{"type":"Feature","id":"260916-005023-1","geometry":{"type":"Point","coordinates":[-3.279307,47.78812]},"properties":{"event_type":"roadwork","datex_type":"MaintenanceWorks","description":"Arr\u00eat\u00e9 VO166","road_name":"N165","commune":"Hennebont","start_time":"2026-11-03T20:00:00.000+01:00","end_time":"2026-11-04T06:00:00.000+01:00","source":"Direction interd\u00e9partementale des routes/DIR Ouest","version":"1"}},{"type":"Feature","id":"260916-005023-2","geometry":{"type":"Point","coordinates":[-3.279307,47.78812]},"properties":{"event_type":"roadwork","datex_type":"ReroutingManagement","description":"Suivre d\u00e9viation","road_name":"N165","commune":"Hennebont","start_time":"2026-11-03T20:00:00.000+01:00","end_time":"2026-11-04T06:00:00.000+01:00","source":"Direction interd\u00e9partementale des routes/DIR Ouest","version":"1"}},{"type":"Feature","id":"260916-005031-1","geometry":{"type":"Point","coordinates":[-3.279307,47.78812]},"properties":{"event_type":"roadwork","datex_type":"MaintenanceWorks","description":"Arr\u00eat\u00e9 No VO165","road_name":"N165","commune":"Hennebont","start_time":"2026-10-26T20:00:00.000+01:00","end_time":"2026-10-30T06:00:00.000+01:00","source":"Direction interd\u00e9partementale des routes/DIR Ouest","version":"2"}},{"type":"Feature","id":"260916-005031-2","geometry":{"type":"Point","coordinates":[-3.279307,47.78812]},"properties":{"event_type":"roadwork","datex_type":"ReroutingManagement","description":"situ\u00e9 142 m \u00e0 l'ouest de Hennebont DIR Ouest/District de Vannes/CEI de Lorient sur bretelle de sortie De Brest vers Nantes","road_name":"N165","commune":"Hennebont","start_time":"2026-10-26T20:00:00.000+01:00","end_time":"2026-10-30T06:00:00.000+01:00","source":"Direction interd\u00e9partementale des routes/DIR Ouest","version":"2"}},{"type":"Feature","id":"260916-005031-103","geometry":{"type":"Point","coordinates":[-3.279307,47.78812]},"properties":{"event_type":"roadwork","datex_type":"ReroutingManagement","description":"Les usagers venant de Quimper sur la RN165 souhaitant sortir \u00e0 la bretelle de sortie de l\u2019\u00e9changeur de \"Locoyarne\" au PR 90+000 en direction d'Hennebont,Port Louis et Kervignac sont invit\u00e9s \u00e0 sortir \u00e0 l'\u00e9changeur suivant  \"Pr\u00e9 aux Etangs\" au PR 87+350 en direction de Rennes sur la RN24.\nIls sortent \u00e0 l'\u00e9changeur du\"Castello\" au PR92+600 continuent sur la RD765 et empruntent la bretelle d'entr\u00e9e de l'\u00e9changeur de \"Castello\" en direction de Lorient sur la RN165.Ainsi,les usagers  retrouvent leur itin\u00e9raire en s'ins\u00e9rant sur la bretelle de l'\u00e9changeur de \"Locoyarne\".","road_name":"N165","commune":"Hennebont","start_time":"2026-10-26T20:00:00.000+01:00","end_time":"2026-10-30T06:00:00.000+01:00","source":"Direction interd\u00e9partementale des routes/DIR Ouest","version":"1"}},{"type":"Feature","id":"260914-002407-1","geometry":{"type":"Point","coordinates":[1.8260415,42.54486]},"properties":{"event_type":"roadwork","datex_type":"ConstructionWorks","description":"A-126-2026 RN 320 (66)\n\nFondations de pyl\u00f4nes THT par h\u00e9licopt\u00e8re","road_name":"N320","commune":"Port\u00e9-Puymorens","start_time":"2026-09-15T08:42:00.000+02:00","end_time":"2026-10-20T17:00:00.000+02:00","source":"Direction interd\u00e9partementale des routes/DIR Sud-Ouest","version":"2"}},{"type":"Feature","id":"260914-002407-2","geometry":{"type":"Point","coordinates":[1.8260415,42.54486]},"properties":{"event_type":"info","datex_type":"GeneralNetworkManagement","description":"microcoupures par piquet K10 (inf\u00e9rieure \u00e0 10 mn)","road_name":"N320","commune":"Port\u00e9-Puymorens","start_time":"2026-09-15T08:42:00.000+02:00","end_time":"2026-10-20T17:00:00.000+02:00","source":"Direction interd\u00e9partementale des routes/DIR Sud-Ouest","version":"2"}},{"type":"Feature","id":"260831-000350-104","geometry":{"type":"Point","coordinates":[3.2494342,44.579517]},"properties":{"event_type":"roadwork","datex_type":"RoadOrCarriagewayOrLaneManagement","description":"La mesure est obligatoire","road_name":"A75","commune":"Antrenas","start_time":"2026-08-31T17:10:06.887+02:00","end_time":"2026-10-23T19:17:23.485+02:00","source":"Direction interd\u00e9partementale des routes/DIR Massif-Central","version":"11"}},{"type":"Feature","id":"260831-000350-1","geometry":{"type":"Point","coordinates":[3.2571447,44.54173]},"properties":{"event_type":"roadwork","datex_type":"MaintenanceWorks","description":"Point particulier : d\u00e9but : situ\u00e9 4897 m au sud de Le Buisson, fin : situ\u00e9 4262 m au nord de Le Monastier DIR Massif-Central/District Nord/CEI Antrenas De Clermont-Ferrand vers B\u00e9ziers","road_name":"A75","commune":"Chirac","start_time":"2026-08-31T07:38:49.959+02:00","end_time":"2026-10-23T19:35:44.045+02:00","source":"Direction interd\u00e9partementale des routes/DIR Massif-Central","version":"16"}},{"type":"Feature","id":"260831-000350-102","geometry":{"type":"Point","coordinates":[3.252855,44.591682]},"properties":{"event_type":"roadwork","datex_type":"RoadOrCarriagewayOrLaneManagement","description":"La mesure est obligatoire","road_name":"A75","commune":"Antrenas","start_time":"2026-08-31T10:44:09.310+02:00","end_time":"2026-10-23T10:42:21.638+02:00","source":"Direction interd\u00e9partementale des routes/DIR Massif-Central","version":"14"}},{"type":"Feature","id":"260831-000350-103","geometry":{"type":"Point","coordinates":[3.25604,44.55074]},"properties":{"event_type":"roadwork","datex_type":"RoadOrCarriagewayOrLaneManagement","description":"La mesure est obligatoire","road_name":"A75","commune":"Chirac","start_time":"2026-08-31T10:52:01.862+02:00","end_time":"2026-10-23T19:49:57.423+02:00","source":"Direction interd\u00e9partementale des routes/DIR Massif-Central","version":"12"}},{"type":"Feature","id":"251117-000822-1","geometry":{"type":"Point","coordinates":[2.9445539,47.407757]},"properties":{"event_type":"incident","datex_type":"EnvironmentalObstruction","description":"Effondrement d'un talus et d'un mur anti-bruit","road_name":"A77","commune":"Saint-P\u00e8re","start_time":"2026-09-17T10:10:00.000+02:00","end_time":"2026-12-31T18:00:00.000+01:00","source":"Direction interd\u00e9partementale des routes/DIR Centre-Est","version":"48"}},{"type":"Feature","id":"251117-000822-2","geometry":{"type":"Point","coordinates":[2.9445539,47.407757]},"properties":{"event_type":"roadwork","datex_type":"RoadOrCarriagewayOrLaneManagement","description":"Voie de droite neutralis\u00e9e,Jour et nuit,Week-end et jours f\u00e9ri\u00e9s y compris\nBretelle de sortie \u00e9changeur 23 ferm\u00e9e","road_name":"A77","commune":"Saint-P\u00e8re","start_time":"2026-09-17T10:10:00.000+02:00","end_time":"2026-12-31T18:00:00.000+01:00","source":"Direction interd\u00e9partementale des routes/DIR Centre-Est","version":"48"}},{"type":"Feature","id":"260909-010895-102","geometry":{"type":"Point","coordinates":[6.84358,47.59497]},"properties":{"event_type":"roadwork","datex_type":"SpeedManagement","description":"La mesure est obligatoire","road_name":"N19","commune":"Botans","start_time":"2026-09-17T11:01:00.000+02:00","end_time":"2026-12-31T16:45:00.000+01:00","source":"Direction interd\u00e9partementale des routes/DIR Est","version":"3"}},{"type":"Feature","id":"260909-010895-1","geometry":{"type":"Point","coordinates":[6.84358,47.59497]},"properties":{"event_type":"roadwork","datex_type":"MaintenanceWorks","description":"Restrictions de vitesse localis\u00e9es.","road_name":"N19","commune":"Botans","start_time":"2026-09-17T11:02:00.000+02:00","end_time":"2026-12-31T16:45:00.000+01:00","source":"Direction interd\u00e9partementale des routes/DIR Est","version":"4"}},{"type":"Feature","id":"260917-008010-1","geometry":{"type":"Point","coordinates":[5.991589,44.776745]},"properties":{"event_type":"roadwork","datex_type":"MaintenanceWorks","description":"Alternat par feux\nReprise de travers\u00e9e de route","road_name":"N85","commune":"Saint-Firmin","start_time":"2026-09-21T00:00:00.000+02:00","end_time":"2026-10-02T23:59:00.000+02:00","source":"Direction interd\u00e9partementale des routes/DIR M\u00e9diterran\u00e9e","version":"1"}},{"type":"Feature","id":"260918-000199-1","geometry":{"type":"Point","coordinates":[-0.979218,49.021893]},"properties":{"event_type":"info","datex_type":"GeneralNetworkManagement","description":"Vitesse limit\u00e9e 70 km:h dans la zone rabot\u00e9e du PR 1+400 au 6+000 dans le sens A84 vers RN13\nLa mesure est obligatoire","road_name":"N174","commune":"Gi\u00e9ville","start_time":"2026-09-18T06:58:13.543+02:00","end_time":"","source":"Direction interd\u00e9partementale des routes/DIR Nord-Ouest","version":"2"}},{"type":"Feature","id":"260918-000222-1","geometry":{"type":"Point","coordinates":[-0.95886064,48.989315]},"properties":{"event_type":"info","datex_type":"GeneralNetworkManagement","description":"Vitesse limit\u00e9e 90 km:h dans la zone de chantier du PR 0+000 au 1+400 dans le sens A84 vers RN13\nLa mesure est obligatoire","road_name":"N174","commune":"Guilberville","start_time":"2026-09-18T07:05:47.632+02:00","end_time":"","source":"Direction interd\u00e9partementale des routes/DIR Nord-Ouest","version":"1"}},{"type":"Feature","id":"260918-001284-1","geometry":{"type":"Point","coordinates":[4.6900773,44.114384]},"properties":{"event_type":"roadwork","datex_type":"MaintenanceWorks","description":"Travaux de pontage de fissures","road_name":"N580","commune":"Laudun-l'Ardoise","start_time":"2026-09-21T09:00:00.000+02:00","end_time":"2026-09-25T16:30:00.000+02:00","source":"Direction interd\u00e9partementale des routes/DIR M\u00e9diterran\u00e9e","version":"1"}},{"type":"Feature","id":"260918-001291-1","geometry":{"type":"Point","coordinates":[4.791685,43.913536]},"properties":{"event_type":"roadwork","datex_type":"MaintenanceWorks","description":"Travaux de pontage de fissures","road_name":"N1007","commune":"Rognonas","start_time":"2026-09-21T08:30:00.000+02:00","end_time":"2026-09-25T16:30:00.000+02:00","source":"Direction interd\u00e9partementale des routes/DIR M\u00e9diterran\u00e9e","version":"1"}},{"type":"Feature","id":"260824-000550-102","geometry":{"type":"Point","coordinates":[2.7495284,45.089874]},"properties":{"event_type":"roadwork","datex_type":"RoadOrCarriagewayOrLaneManagement","description":"tunnel ferme\nLa mesure est obligatoire","road_name":"N122","commune":"Laveissi\u00e8re","start_time":"2026-08-24T08:26:36.863+02:00","end_time":"2026-10-23T19:17:36.863+02:00","source":"Direction interd\u00e9partementale des routes/DIR Massif-Central","version":"16"}},{"type":"Feature","id":"260824-000550-1","geometry":{"type":"Point","coordinates":[2.7270348,45.076687]},"properties":{"event_type":"roadwork","datex_type":"MaintenanceWorks","description":"Travaux RN122 du PR 85+800 au PR86 sous alternat avec fermeture du tunnel dans le sens Murat=>Aurillac jusqu'au 04/09/2026","road_name":"N122","commune":"Saint-Jacques-des-Blats","start_time":"2026-08-24T08:54:19.212+02:00","end_time":"2026-10-29T21:00:18.436+01:00","source":"Direction interd\u00e9partementale des routes/DIR Massif-Central","version":"17"}},{"type":"Feature","id":"260824-000550-105","geometry":{"type":"Point","coordinates":[2.7270348,45.076687]},"properties":{"event_type":"roadwork","datex_type":"RoadOrCarriagewayOrLaneManagement","description":"Alternat sur OA Lastache\nLa mesure est obligatoire","road_name":"N122","commune":"Saint-Jacques-des-Blats","start_time":"2026-09-18T14:58:53.302+02:00","end_time":"2026-10-23T14:58:40.250+02:00","source":"Direction interd\u00e9partementale des routes/DIR Massif-Central","version":"2"}},{"type":"Feature","id":"260918-001574-1","geometry":{"type":"Point","coordinates":[6.01637,44.083073]},"properties":{"event_type":"roadwork","datex_type":"MaintenanceWorks","description":"Alternat par feu ou manuel, enrob\u00e9","road_name":"N85","commune":"L'Escale","start_time":"2026-10-05T00:01:00.000+02:00","end_time":"2026-10-09T23:59:00.000+02:00","source":"Direction interd\u00e9partementale des routes/DIR M\u00e9diterran\u00e9e","version":"1"}},{"type":"Feature","id":"260918-001596-1","geometry":{"type":"Point","coordinates":[6.582135,44.852345]},"properties":{"event_type":"roadwork","datex_type":"MaintenanceWorks","description":"Alternat par feux ou manuel, purge","road_name":"N94","commune":"Saint-Martin-de-Queyri\u00e8res","start_time":"2026-09-28T07:33:00.000+02:00","end_time":"2026-10-02T18:00:00.000+02:00","source":"Direction interd\u00e9partementale des routes/DIR M\u00e9diterran\u00e9e","version":"1"}},{"type":"Feature","id":"260918-001617-1","geometry":{"type":"Point","coordinates":[6.728238,43.95977]},"properties":{"event_type":"roadwork","datex_type":"MaintenanceWorks","description":"Alternat par feux, curage","road_name":"N202","commune":"Saint-Beno\u00eet","start_time":"2026-09-28T07:00:00.000+02:00","end_time":"2026-10-16T19:00:00.000+02:00","source":"Direction interd\u00e9partementale des routes/DIR M\u00e9diterran\u00e9e","version":"1"}},{"type":"Feature","id":"260918-001633-1","geometry":{"type":"Point","coordinates":[6.0742097,44.57667]},"properties":{"event_type":"roadwork","datex_type":"MaintenanceWorks","description":"Alternat par feux ou manuel, enrob\u00e9, longueur de l'alternat 500 m\u00e8tres max","road_name":"N85","commune":"Gap","start_time":"2026-10-05T20:00:00.000+02:00","end_time":"2026-10-16T06:00:00.000+02:00","source":"Direction interd\u00e9partementale des routes/DIR M\u00e9diterran\u00e9e","version":"1"}},{"type":"Feature","id":"260918-001721-1","geometry":{"type":"Point","coordinates":[-3.276163,47.78856]},"properties":{"event_type":"roadwork","datex_type":"ReroutingManagement","description":"Point particulier : d\u00e9but : situ\u00e9 115 m \u00e0 l'ouest de Land\u00e9vant, fin : situ\u00e9 100 m \u00e0 l'est de Hennebont DIR Ouest/District de Vannes/CEI de Lorient","road_name":"N165","commune":"Hennebont","start_time":"2026-10-11T07:30:00.000+02:00","end_time":"2026-10-11T11:30:00.000+02:00","source":"Direction interd\u00e9partementale des routes/DIR Ouest","version":"1"}},{"type":"Feature","id":"260918-002091-1","geometry":{"type":"Point","coordinates":[-2.469033,47.774223]},"properties":{"event_type":"roadwork","datex_type":"MaintenanceWorks","description":"PHASE2 - ARRETE No VV140","road_name":"N166","commune":"Saint-Guyomard","start_time":"2026-10-05T09:00:00.000+02:00","end_time":"2026-10-29T16:30:00.000+01:00","source":"Direction interd\u00e9partementale des routes/DIR Ouest","version":"2"}},{"type":"Feature","id":"260918-002091-2","geometry":{"type":"Point","coordinates":[-2.4651332,47.775948]},"properties":{"event_type":"roadwork","datex_type":"RoadOrCarriagewayOrLaneManagement","description":"Point particulier : d\u00e9but : situ\u00e9 1219 m au nord de Elven, fin : situ\u00e9 582 m au sud de Aire de Bel Orient - Bohal DIR Ouest/District de Vannes/CEI de Vannes De Vannes vers Plo\u00ebrmel","road_name":"N166","commune":"Saint-Guyomard","start_time":"2026-10-05T09:00:00.000+02:00","end_time":"2026-10-29T16:30:00.000+01:00","source":"Direction interd\u00e9partementale des routes/DIR Ouest","version":"2"}},{"type":"Feature","id":"260918-002091-3","geometry":{"type":"Point","coordinates":[-2.469033,47.774223]},"properties":{"event_type":"info","datex_type":"GeneralNetworkManagement","description":"Transports Exceptionnels:\nDe part leurs dimensions et/ou poids, les convois exceptionnels sont interdits pendant cette p\u00e9riode de travaux au regard de l'exploitation mise en \u0153uvre (basculement de circulation), \u00e0 noter:\n- RN 166 sens Vannes vers Ploermel : de largeur sup\u00e9rieure \u00e0 3,00m et de longueur sup\u00e9rieure \u00e0 16,50m\n- RN 166 sens Ploermel vers Vannes : de largeur sup\u00e9rieure \u00e0 3,50m.","road_name":"N166","commune":"Saint-Guyomard","start_time":"2026-10-05T09:00:00.000+02:00","end_time":"2026-10-29T16:30:00.000+01:00","source":"Direction interd\u00e9partementale des routes/DIR Ouest","version":"2"}},{"type":"Feature","id":"260918-002091-4","geometry":{"type":"Point","coordinates":[-2.5529165,47.751766]},"properties":{"event_type":"roadwork","datex_type":"ReroutingManagement","description":"Suivre d\u00e9viations VL et PL mises en place","road_name":"N166","commune":"Elven","start_time":"2026-10-05T09:00:00.000+02:00","end_time":"2026-10-29T16:30:00.000+01:00","source":"Direction interd\u00e9partementale des routes/DIR Ouest","version":"2"}},{"type":"Feature","id":"260918-002091-5","geometry":{"type":"Point","coordinates":[-2.5529165,47.751766]},"properties":{"event_type":"roadwork","datex_type":"ReroutingManagement","description":"Suivre d\u00e9viation mise en place","road_name":"N166","commune":"Elven","start_time":"2026-10-05T09:00:00.000+02:00","end_time":"2026-10-29T16:30:00.000+01:00","source":"Direction interd\u00e9partementale des routes/DIR Ouest","version":"2"}},{"type":"Feature","id":"260918-002091-6","geometry":{"type":"Point","coordinates":[-2.5167365,47.76231]},"properties":{"event_type":"roadwork","datex_type":"ReroutingManagement","description":"Suivre d\u00e9viation mise en place","road_name":"N166","commune":"Le Cours","start_time":"2026-10-05T09:00:00.000+02:00","end_time":"2026-10-29T16:30:00.000+01:00","source":"Direction interd\u00e9partementale des routes/DIR Ouest","version":"2"}},{"type":"Feature","id":"260918-002091-7","geometry":{"type":"Point","coordinates":[-2.5091789,47.764328]},"properties":{"event_type":"info","datex_type":"OperatorAction","description":"Radar de chantier mise en service pendant la dur\u00e9e des travaux.Celui ci verbalise tous les exc\u00e8s de vitesse sup\u00e9rieurs \u00e0 80km/h dans les 2 sens de circulation.","road_name":"N166","commune":"Le Cours","start_time":"2026-10-05T09:00:00.000+02:00","end_time":"2026-10-29T16:30:00.000+01:00","source":"Direction interd\u00e9partementale des routes/DIR Ouest","version":"2"}},{"type":"Feature","id":"260919-000942-103","geometry":{"type":"Point","coordinates":[6.0030317,47.214085]},"properties":{"event_type":"roadwork","datex_type":"RoadOrCarriagewayOrLaneManagement","description":"Neutralisation de la voie de gauche dans le sens Pontarlier vers Besan\u00e7on.\n\nLa mesure est obligatoire","road_name":"N57","commune":"Beure","start_time":"2026-10-19T09:30:00.000+02:00","end_time":"2026-10-23T16:00:00.000+02:00","source":"Direction interd\u00e9partementale des routes/DIR Est","version":"1"}},{"type":"Feature","id":"260919-000942-102","geometry":{"type":"Point","coordinates":[6.066212,47.216537]},"properties":{"event_type":"roadwork","datex_type":"RoadOrCarriagewayOrLaneManagement","description":"Fermeture de la voie des Mercureaux (RN57) dans le sens Besan\u00e7on vers Pontarlier et d\u00e9viation locale par l?itin\u00e9raire S4 du plan de gestion du trafic de Besan\u00e7on.\nLa mesure est obligatoire","road_name":"N57","commune":"Morre","start_time":"2026-10-19T09:30:00.000+02:00","end_time":"2026-10-23T16:00:00.000+02:00","source":"Direction interd\u00e9partementale des routes/DIR Est","version":"2"}},{"type":"Feature","id":"260919-000942-1","geometry":{"type":"Point","coordinates":[6.066212,47.216537]},"properties":{"event_type":"roadwork","datex_type":"MaintenanceWorks","description":"Point particulier : d\u00e9but : situ\u00e9 0 m au sud de Besan\u00e7on (Echangeur des Boulev, fin : situ\u00e9 0 m au nord de Besan\u00e7on (Echangeur des Boulev DIR Est/Service r\u00e9gional d\u2019exploitation et d\u2019ing\u00e9ni\u00e9rie (SREI)/District Besan\u00e7on/CEI La V\u00e8ze De Metz vers Suisse - Lausanne","road_name":"N57","commune":"Morre","start_time":"2026-10-19T09:30:00.000+02:00","end_time":"2026-10-23T16:00:00.000+02:00","source":"Direction interd\u00e9partementale des routes/DIR Est","version":"3"}},{"type":"Feature","id":"260919-000967-102","geometry":{"type":"Point","coordinates":[6.066212,47.216537]},"properties":{"event_type":"roadwork","datex_type":"RoadOrCarriagewayOrLaneManagement","description":"D\u00c9VIATION du sens Besan\u00e7on ? Pontarlier: d\u00e9viation par l?itin\u00e9raire S4 du plan de gestion du trafic de Besan\u00e7on.\n\nD\u00c9VIATION du sens Pontarlier ? Besan\u00e7on: d\u00e9viation par l?itin\u00e9raire S7 du plan de gestion du trafic de Besan\u00e7on.\nLa mesure est obligatoire","road_name":"N57","commune":"Morre","start_time":"2026-10-26T09:30:00.000+01:00","end_time":"2026-10-27T16:00:00.000+01:00","source":"Direction interd\u00e9partementale des routes/DIR Est","version":"2"}},{"type":"Feature","id":"260919-000967-1","geometry":{"type":"Point","coordinates":[5.999173,47.210846]},"properties":{"event_type":"roadwork","datex_type":"MaintenanceWorks","description":"Restrictions de vitesse localis\u00e9es.","road_name":"N57","commune":"Beure","start_time":"2026-10-26T09:30:00.000+01:00","end_time":"2026-10-30T16:00:00.000+01:00","source":"Direction interd\u00e9partementale des routes/DIR Est","version":"3"}},{"type":"Feature","id":"260919-000967-103","geometry":{"type":"Point","coordinates":[5.999173,47.210846]},"properties":{"event_type":"roadwork","datex_type":"RoadOrCarriagewayOrLaneManagement","description":"D\u00c9VIATION du sens Pontarlier ? Besan\u00e7on de la N57 : d\u00e9viation par l?itin\u00e9raire S7 du plan de gestion du trafic de Besan\u00e7on.\nLa mesure est obligatoire","road_name":"N57","commune":"Beure","start_time":"2026-10-27T16:00:00.000+01:00","end_time":"2026-10-30T16:00:00.000+01:00","source":"Direction interd\u00e9partementale des routes/DIR Est","version":"1"}},{"type":"Feature","id":"260921-002110-1","geometry":{"type":"Point","coordinates":[1.2925892,45.892193]},"properties":{"event_type":"roadwork","datex_type":"MaintenanceWorks","description":"Point particulier : d\u00e9but : situ\u00e9 990 m au sud de Aire de Beaune-les-Mines, fin : situ\u00e9 796 m au nord de Beaubreuil DIR Centre-Ouest/District A20/CEI Feytiat","road_name":"A20","commune":"Limoges","start_time":"2026-09-21T02:39:12.940+02:00","end_time":"2026-10-09T10:00:00.000+02:00","source":"Direction interd\u00e9partementale des routes/DIR Centre-Ouest","version":"4"}},{"type":"Feature","id":"260921-002110-2","geometry":{"type":"Point","coordinates":[1.2919841,45.902836]},"properties":{"event_type":"roadwork","datex_type":"RoadOrCarriagewayOrLaneManagement","description":"Point particulier : d\u00e9but : situ\u00e9 796 m au nord de Beaubreuil, fin : situ\u00e9 990 m au sud de Aire de Beaune-les-Mines DIR Centre-Ouest/District A20/CEI Feytiat De Toulouse vers Paris","road_name":"A20","commune":"Limoges","start_time":"2026-09-21T02:39:12.940+02:00","end_time":"2026-10-09T18:00:00.000+02:00","source":"Direction interd\u00e9partementale des routes/DIR Centre-Ouest","version":"4"}},{"type":"Feature","id":"260921-002110-104","geometry":{"type":"Point","coordinates":[1.2925892,45.892193]},"properties":{"event_type":"roadwork","datex_type":"RoadOrCarriagewayOrLaneManagement","description":"Point particulier : d\u00e9but : situ\u00e9 1090 m au sud de Aire de Beaune-les-Mines, fin : situ\u00e9 796 m au nord de Beaubreuil DIR Centre-Ouest/District A20/CEI Feytiat De Paris vers Toulouse","road_name":"A20","commune":"Limoges","start_time":"2026-09-21T04:01:15.498+02:00","end_time":"2026-10-09T18:00:00.000+02:00","source":"Direction interd\u00e9partementale des routes/DIR Centre-Ouest","version":"2"}},{"type":"Feature","id":"260826-002291-1","geometry":{"type":"Point","coordinates":[1.8076495,42.72779]},"properties":{"event_type":"roadwork","datex_type":"MaintenanceWorks","description":"Point particulier : d\u00e9but : situ\u00e9 549 m au sud de Les Cabannes, fin : situ\u00e9 15384 m au nord de Ax-les-Thermes DIR Sud-Ouest/District Sud (Foix)/CEI Saint-Paul-de-Jarrat","road_name":"N20","commune":"Savignac-les-Ormeaux","start_time":"2026-09-21T08:00:00.000+02:00","end_time":"2026-10-16T16:00:00.000+02:00","source":"Direction interd\u00e9partementale des routes/DIR Sud-Ouest","version":"2"}},{"type":"Feature","id":"260826-002291-2","geometry":{"type":"Point","coordinates":[1.8076495,42.72779]},"properties":{"event_type":"roadwork","datex_type":"RoadOrCarriagewayOrLaneManagement","description":"Point particulier : d\u00e9but : situ\u00e9 549 m au sud de Les Cabannes, fin : situ\u00e9 15384 m au nord de Ax-les-Thermes DIR Sud-Ouest/District Sud (Foix)/CEI Saint-Paul-de-Jarrat","road_name":"N20","commune":"Savignac-les-Ormeaux","start_time":"2026-09-21T08:00:00.000+02:00","end_time":"2026-10-16T16:00:00.000+02:00","source":"Direction interd\u00e9partementale des routes/DIR Sud-Ouest","version":"2"}},{"type":"Feature","id":"260826-002291-3","geometry":{"type":"Point","coordinates":[1.8076495,42.72779]},"properties":{"event_type":"roadwork","datex_type":"SpeedManagement","description":"Point particulier : d\u00e9but : situ\u00e9 549 m au sud de Les Cabannes, fin : situ\u00e9 15384 m au nord de Ax-les-Thermes DIR Sud-Ouest/District Sud (Foix)/CEI Saint-Paul-de-Jarrat","road_name":"N20","commune":"Savignac-les-Ormeaux","start_time":"2026-09-21T08:00:00.000+02:00","end_time":"2026-10-16T16:00:00.000+02:00","source":"Direction interd\u00e9partementale des routes/DIR Sud-Ouest","version":"2"}},{"type":"Feature","id":"260826-002291-4","geometry":{"type":"Point","coordinates":[1.8076495,42.72779]},"properties":{"event_type":"info","datex_type":"GeneralInstructionOrMessageToRoadUsers","description":"Point particulier : d\u00e9but : situ\u00e9 549 m au sud de Les Cabannes, fin : situ\u00e9 15384 m au nord de Ax-les-Thermes DIR Sud-Ouest/District Sud (Foix)/CEI Saint-Paul-de-Jarrat","road_name":"N20","commune":"Savignac-les-Ormeaux","start_time":"2026-09-21T08:00:00.000+02:00","end_time":"2026-10-16T16:00:00.000+02:00","source":"Direction interd\u00e9partementale des routes/DIR Sud-Ouest","version":"2"}},{"type":"Feature","id":"260917-008026-1","geometry":{"type":"Point","coordinates":[-3.1644437,48.549397]},"properties":{"event_type":"roadwork","datex_type":"MaintenanceWorks","description":"Convois exceptionnels :\n\nInterdit aux convois d'une largeur sup\u00e9rieure \u00e0 3.5 M dans le sens Rennes vers Brest entre les \u00e9changeurs La Chesnaye et Kerrouan\nInterdit aux convois d'une largeur sup\u00e9rieure \u00e0 3 M et de longueur sup\u00e9rieure \u00e0 16.50M dans le sens Brest vers Rennes entre les \u00e9changeurs Laluzon et La Chesnaye","road_name":"N12","commune":"Gr\u00e2ces","start_time":"2026-09-21T09:00:00.000+02:00","end_time":"2026-10-09T17:00:00.000+02:00","source":"Direction interd\u00e9partementale des routes/DIR Ouest","version":"2"}},{"type":"Feature","id":"260917-008026-2","geometry":{"type":"Point","coordinates":[-3.1644437,48.549397]},"properties":{"event_type":"roadwork","datex_type":"RoadOrCarriagewayOrLaneManagement","description":"Point particulier : d\u00e9but : situ\u00e9 3369 m \u00e0 l'est de Keranrouan - Hent-Guer, fin : situ\u00e9 526 m \u00e0 l'ouest de Z.I. de Gr\u00e2ces DIR Ouest/District de Saint-Brieuc/CEI de Guingamp De Brest vers Paris","road_name":"N12","commune":"Gr\u00e2ces","start_time":"2026-09-21T09:00:00.000+02:00","end_time":"2026-10-09T17:00:00.000+02:00","source":"Direction interd\u00e9partementale des routes/DIR Ouest","version":"2"}},{"type":"Feature","id":"260917-008026-3","geometry":{"type":"Point","coordinates":[-3.2056203,48.565342]},"properties":{"event_type":"roadwork","datex_type":"ReroutingManagement","description":"D\u00e9viation : RD712 direction Tr\u00e9glamus, bretelle d'insertion RN12 \u00e9changeur Kerrouan","road_name":"N12","commune":"Plouisy","start_time":"2026-09-21T09:00:00.000+02:00","end_time":"2026-10-09T17:00:00.000+02:00","source":"Direction interd\u00e9partementale des routes/DIR Ouest","version":"2"}},{"type":"Feature","id":"260917-008026-4","geometry":{"type":"Point","coordinates":[-3.1663427,48.5494]},"properties":{"event_type":"roadwork","datex_type":"ReroutingManagement","description":"D\u00e9viation : route de Kerbost, rue de porsmin, bretelle pour la RN 12 \u00e9changeur de Graces","road_name":"N12","commune":"Gr\u00e2ces","start_time":"2026-09-21T09:00:00.000+02:00","end_time":"2026-10-09T17:00:00.000+02:00","source":"Direction interd\u00e9partementale des routes/DIR Ouest","version":"2"}},{"type":"Feature","id":"260917-008026-5","geometry":{"type":"Point","coordinates":[-3.1663563,48.549408]},"properties":{"event_type":"roadwork","datex_type":"ReroutingManagement","description":"D\u00e9viation: continuer sur la RN12 demi-tour \u00e9changeur La Chesnaye pour sortie Callac","road_name":"N12","commune":"Gr\u00e2ces","start_time":"2026-09-21T09:00:00.000+02:00","end_time":"2026-10-09T17:00:00.000+02:00","source":"Direction interd\u00e9partementale des routes/DIR Ouest","version":"2"}},{"type":"Feature","id":"260917-008026-6","geometry":{"type":"Point","coordinates":[-3.2213197,48.56626]},"properties":{"event_type":"roadwork","datex_type":"RoadOrCarriagewayOrLaneManagement","description":"Point particulier : d\u00e9but : situ\u00e9 968 m \u00e0 l'ouest de Kernilien, fin : situ\u00e9 2965 m \u00e0 l'est de Keranrouan - Hent-Guer DIR Ouest/District de Saint-Brieuc/CEI de Guingamp De Paris vers Brest","road_name":"N12","commune":"Tr\u00e9glamus","start_time":"2026-09-21T09:00:00.000+02:00","end_time":"2026-10-09T17:00:00.000+02:00","source":"Direction interd\u00e9partementale des routes/DIR Ouest","version":"2"}},{"type":"Feature","id":"260917-008026-7","geometry":{"type":"Point","coordinates":[-3.163144,48.54912]},"properties":{"event_type":"info","datex_type":"GeneralInstructionOrMessageToRoadUsers","description":"Point particulier : d\u00e9but : situ\u00e9 2368 m \u00e0 l'est de Keranrouan - Hent-Guer, fin : situ\u00e9 425 m \u00e0 l'ouest de Z.I. de Gr\u00e2ces DIR Ouest/District de Saint-Brieuc/CEI de Guingamp De Brest vers Paris","road_name":"N12","commune":"Gr\u00e2ces","start_time":"2026-09-21T09:00:00.000+02:00","end_time":"2026-10-09T17:00:00.000+02:00","source":"Direction interd\u00e9partementale des routes/DIR Ouest","version":"2"}},{"type":"Feature","id":"260917-008026-8","geometry":{"type":"Point","coordinates":[-3.217247,48.565697]},"properties":{"event_type":"roadwork","datex_type":"SpeedManagement","description":"Point particulier : d\u00e9but : situ\u00e9 2567 m \u00e0 l'est de Keranrouan - Hent-Guer, fin : situ\u00e9 1069 m \u00e0 l'ouest de Kernilien DIR Ouest/District de Saint-Brieuc/CEI de Guingamp De Brest vers Paris","road_name":"N12","commune":"Tr\u00e9glamus","start_time":"2026-09-21T09:00:00.000+02:00","end_time":"2026-10-09T17:00:00.000+02:00","source":"Direction interd\u00e9partementale des routes/DIR Ouest","version":"2"}},{"type":"Feature","id":"260917-008026-9","geometry":{"type":"Point","coordinates":[-3.215902,48.565563]},"properties":{"event_type":"roadwork","datex_type":"RoadOrCarriagewayOrLaneManagement","description":"Point particulier : d\u00e9but : situ\u00e9 2965 m \u00e0 l'est de Keranrouan - Hent-Guer, fin : situ\u00e9 969 m \u00e0 l'ouest de Kernilien DIR Ouest/District de Saint-Brieuc/CEI de Guingamp De Brest vers Paris","road_name":"N12","commune":"Tr\u00e9glamus","start_time":"2026-09-21T09:00:00.000+02:00","end_time":"2026-10-09T17:00:00.000+02:00","source":"Direction interd\u00e9partementale des routes/DIR Ouest","version":"2"}},{"type":"Feature","id":"260917-008026-10","geometry":{"type":"Point","coordinates":[-3.2132232,48.565296]},"properties":{"event_type":"roadwork","datex_type":"SpeedManagement","description":"Point particulier : d\u00e9but : situ\u00e9 3269 m \u00e0 l'est de Keranrouan - Hent-Guer, fin : situ\u00e9 768 m \u00e0 l'ouest de Kernilien DIR Ouest/District de Saint-Brieuc/CEI de Guingamp De Brest vers Paris","road_name":"N12","commune":"Tr\u00e9glamus","start_time":"2026-09-21T09:00:00.000+02:00","end_time":"2026-10-09T17:00:00.000+02:00","source":"Direction interd\u00e9partementale des routes/DIR Ouest","version":"2"}},{"type":"Feature","id":"260917-008026-11","geometry":{"type":"Point","coordinates":[-3.1656847,48.549755]},"properties":{"event_type":"roadwork","datex_type":"SpeedManagement","description":"Point particulier : d\u00e9but : situ\u00e9 3570 m \u00e0 l'est de Keranrouan - Hent-Guer, fin : situ\u00e9 627 m \u00e0 l'ouest de Z.I. de Gr\u00e2ces DIR Ouest/District de Saint-Brieuc/CEI de Guingamp De Brest vers Paris","road_name":"N12","commune":"Gr\u00e2ces","start_time":"2026-09-21T09:00:00.000+02:00","end_time":"2026-10-09T17:00:00.000+02:00","source":"Direction interd\u00e9partementale des routes/DIR Ouest","version":"2"}},{"type":"Feature","id":"260917-008026-12","geometry":{"type":"Point","coordinates":[-3.163144,48.54912]},"properties":{"event_type":"roadwork","datex_type":"SpeedManagement","description":"Point particulier : d\u00e9but : situ\u00e9 332 m \u00e0 l'est de Tolmine - Locm\u00e9nard, fin : situ\u00e9 425 m \u00e0 l'ouest de Z.I. de Gr\u00e2ces DIR Ouest/District de Saint-Brieuc/CEI de Guingamp De Brest vers Paris","road_name":"N12","commune":"Gr\u00e2ces","start_time":"2026-09-21T09:00:00.000+02:00","end_time":"2026-10-09T17:00:00.000+02:00","source":"Direction interd\u00e9partementale des routes/DIR Ouest","version":"2"}},{"type":"Feature","id":"260917-008026-13","geometry":{"type":"Point","coordinates":[-3.2185707,48.56598]},"properties":{"event_type":"info","datex_type":"GeneralInstructionOrMessageToRoadUsers","description":"Point particulier : d\u00e9but : situ\u00e9 458 m \u00e0 l'ouest de La Chesnaye, fin : situ\u00e9 3170 m \u00e0 l'est de Keranrouan - Hent-Guer DIR Ouest/District de Saint-Brieuc/CEI de Guingamp De Paris vers Brest","road_name":"N12","commune":"Tr\u00e9glamus","start_time":"2026-09-21T09:00:00.000+02:00","end_time":"2026-10-09T17:00:00.000+02:00","source":"Direction interd\u00e9partementale des routes/DIR Ouest","version":"2"}},{"type":"Feature","id":"260917-008026-14","geometry":{"type":"Point","coordinates":[-3.1650486,48.549683]},"properties":{"event_type":"roadwork","datex_type":"SpeedManagement","description":"Point particulier : d\u00e9but : situ\u00e9 658 m \u00e0 l'ouest de La Chesnaye, fin : situ\u00e9 385 m \u00e0 l'est de Tolmine - Locm\u00e9nard DIR Ouest/District de Saint-Brieuc/CEI de Guingamp De Paris vers Brest","road_name":"N12","commune":"Gr\u00e2ces","start_time":"2026-09-21T09:00:00.000+02:00","end_time":"2026-10-09T17:00:00.000+02:00","source":"Direction interd\u00e9partementale des routes/DIR Ouest","version":"2"}},{"type":"Feature","id":"260917-008026-15","geometry":{"type":"Point","coordinates":[-3.160467,48.548916]},"properties":{"event_type":"roadwork","datex_type":"RoadOrCarriagewayOrLaneManagement","description":"Point particulier : d\u00e9but : situ\u00e9 603 m \u00e0 l'ouest de Bellevue, fin : situ\u00e9 735 m \u00e0 l'est de Tolmine - Locm\u00e9nard DIR Ouest/District de Saint-Brieuc/CEI de Guingamp De Paris vers Brest","road_name":"N12","commune":"Gr\u00e2ces","start_time":"2026-09-21T09:00:00.000+02:00","end_time":"2026-10-09T17:00:00.000+02:00","source":"Direction interd\u00e9partementale des routes/DIR Ouest","version":"2"}},{"type":"Feature","id":"260917-008026-16","geometry":{"type":"Point","coordinates":[-3.2185707,48.56598]},"properties":{"event_type":"roadwork","datex_type":"SpeedManagement","description":"Point particulier : d\u00e9but : situ\u00e9 474 m \u00e0 l'ouest de Z.I. de Gr\u00e2ces, fin : situ\u00e9 3170 m \u00e0 l'est de Keranrouan - Hent-Guer DIR Ouest/District de Saint-Brieuc/CEI de Guingamp De Paris vers Brest","road_name":"N12","commune":"Tr\u00e9glamus","start_time":"2026-09-21T09:00:00.000+02:00","end_time":"2026-10-09T17:00:00.000+02:00","source":"Direction interd\u00e9partementale des routes/DIR Ouest","version":"2"}},{"type":"Feature","id":"260918-001962-1","geometry":{"type":"Point","coordinates":[-2.469033,47.774223]},"properties":{"event_type":"roadwork","datex_type":"MaintenanceWorks","description":"PHASE 1 - ARRETE No VV140","road_name":"N166","commune":"Saint-Guyomard","start_time":"2026-09-21T09:00:00.000+02:00","end_time":"2026-10-02T16:30:00.000+02:00","source":"Direction interd\u00e9partementale des routes/DIR Ouest","version":"4"}},{"type":"Feature","id":"260918-001962-2","geometry":{"type":"Point","coordinates":[-2.5630941,47.748444]},"properties":{"event_type":"roadwork","datex_type":"RoadOrCarriagewayOrLaneManagement","description":"Point particulier : d\u00e9but : situ\u00e9 2670 m au nord de Kerboulard, fin : situ\u00e9 863 m au sud de Saint-Guyomard DIR Ouest/District de Vannes/CEI de Vannes De Vannes vers Plo\u00ebrmel","road_name":"N166","commune":"Elven","start_time":"2026-09-21T09:00:00.000+02:00","end_time":"2026-10-02T16:30:00.000+02:00","source":"Direction interd\u00e9partementale des routes/DIR Ouest","version":"4"}},{"type":"Feature","id":"260918-001962-3","geometry":{"type":"Point","coordinates":[-2.469033,47.774223]},"properties":{"event_type":"info","datex_type":"GeneralNetworkManagement","description":"Transports exceptionnels:\nDe part leurs dimensions et/ou poids,les convois exceptionnels sont interdits pendant cette p\u00e9riode de travaux au regard de l'exploitation mise en \u0153uvre (basculement de circulation), \u00e0 noter:\n- RN 166 sens Vannes vers Ploermel : de largeur sup\u00e9rieure \u00e0 3,00m et de longueur sup\u00e9rieure \u00e0 16,50m.\n- RN 166 sens Ploermel vers Vannes : de largeur sup\u00e9rieure \u00e0 3,50m","road_name":"N166","commune":"Saint-Guyomard","start_time":"2026-09-21T09:00:00.000+02:00","end_time":"2026-10-02T16:30:00.000+02:00","source":"Direction interd\u00e9partementale des routes/DIR Ouest","version":"4"}},{"type":"Feature","id":"260918-001962-4","geometry":{"type":"Point","coordinates":[-2.5943902,47.72248]},"properties":{"event_type":"roadwork","datex_type":"ReroutingManagement","description":"Suivre d\u00e9viations VL et PL mises en place.","road_name":"N166","commune":"Elven","start_time":"2026-09-21T09:00:00.000+02:00","end_time":"2026-10-02T16:30:00.000+02:00","source":"Direction interd\u00e9partementale des routes/DIR Ouest","version":"4"}},{"type":"Feature","id":"260918-001962-5","geometry":{"type":"Point","coordinates":[-2.5943902,47.72248]},"properties":{"event_type":"roadwork","datex_type":"ReroutingManagement","description":"Suivre d\u00e9viation mise en place","road_name":"N166","commune":"Elven","start_time":"2026-09-21T09:00:00.000+02:00","end_time":"2026-10-02T16:30:00.000+02:00","source":"Direction interd\u00e9partementale des routes/DIR Ouest","version":"4"}},{"type":"Feature","id":"260918-001962-106","geometry":{"type":"Point","coordinates":[-2.5921402,47.723522]},"properties":{"event_type":"info","datex_type":"OperatorAction","description":"Un radar de chantier sera en service pendant toute la dur\u00e9e des travaux.Celui ci verbalise tous les exc\u00e8s de vitesse sup\u00e9rieurs \u00e0 80km/h dans les 2 sens de circulation.","road_name":"N166","commune":"Elven","start_time":"2026-09-21T09:00:00.000+02:00","end_time":"2026-10-02T16:30:00.000+02:00","source":"Direction interd\u00e9partementale des routes/DIR Ouest","version":"3"}},{"type":"Feature","id":"260915-002356-103","geometry":{"type":"Point","coordinates":[3.4281745,43.449993]},"properties":{"event_type":"roadwork","datex_type":"RoadOrCarriagewayOrLaneManagement","description":"La mesure est obligatoire","road_name":"A75","commune":"P\u00e9zenas","start_time":"2026-09-21T09:09:04.872+02:00","end_time":"","source":"Direction interd\u00e9partementale des routes/DIR Massif-Central","version":"8"}},{"type":"Feature","id":"260915-002356-104","geometry":{"type":"Point","coordinates":[3.4322257,43.464767]},"properties":{"event_type":"roadwork","datex_type":"MaintenanceWorks","description":"Point particulier : d\u00e9but : situ\u00e9 4265 m au sud de Paulhan, fin : situ\u00e9 1342 m au nord de P\u00e9zenas Sud Hors voie de circulation DIR Massif-Central/District Sud/CEI Servian De Clermont-Ferrand vers B\u00e9ziers","road_name":"A75","commune":"P\u00e9zenas","start_time":"2026-09-21T11:30:25.701+02:00","end_time":"2026-09-22T09:20:58.502+02:00","source":"Direction interd\u00e9partementale des routes/DIR Massif-Central","version":"4"}},{"type":"Feature","id":"260915-002356-1","geometry":{"type":"Point","coordinates":[3.389397,43.4262]},"properties":{"event_type":"roadwork","datex_type":"RoadOrCarriagewayOrLaneManagement","description":"La mesure est obligatoire","road_name":"A75","commune":"Tourbes","start_time":"2026-09-21T14:24:31.716+02:00","end_time":"2026-10-09T16:59:23.000+02:00","source":"Direction interd\u00e9partementale des routes/DIR Massif-Central","version":"10"}},{"type":"Feature","id":"260915-002356-102","geometry":{"type":"Point","coordinates":[3.3944852,43.439175]},"properties":{"event_type":"roadwork","datex_type":"RoadOrCarriagewayOrLaneManagement","description":"La mesure est obligatoire","road_name":"A75","commune":"Tourbes","start_time":"2026-09-21T09:10:17.274+02:00","end_time":"2026-10-09T17:00:14.000+02:00","source":"Direction interd\u00e9partementale des routes/DIR Massif-Central","version":"9"}},{"type":"Feature","id":"260918-002207-1","geometry":{"type":"Point","coordinates":[4.285894,45.529026]},"properties":{"event_type":"incident","datex_type":"GeneralObstruction","description":"situ\u00e9 21 m au sud de Andr\u00e9zieux-Bouth\u00e9on sud DIR Centre-Est/District Saint-\u00c9tienne/CEI Varizelle sur bretelle de sortie De Saint-\u00c9tienne vers Clermont-Ferrand","road_name":"A72","commune":"Andr\u00e9zieux-Bouth\u00e9on","start_time":"2026-09-18T18:04:47.743+02:00","end_time":"","source":"Direction interd\u00e9partementale des routes/DIR Centre-Est","version":"2"}},{"type":"Feature","id":"260922-006884-1","geometry":{"type":"Point","coordinates":[6.6502743,43.93309]},"properties":{"event_type":"roadwork","datex_type":"ConstructionWorks","description":"Alternat par feux, cr\u00e9ation d'un caniveau","road_name":"N202","commune":"Annot","start_time":"2026-09-23T07:00:00.000+02:00","end_time":"2026-10-02T18:00:00.000+02:00","source":"Direction interd\u00e9partementale des routes/DIR M\u00e9diterran\u00e9e","version":"1"}},{"type":"Feature","id":"260922-006933-1","geometry":{"type":"Point","coordinates":[6.5133653,44.58642]},"properties":{"event_type":"roadwork","datex_type":"MaintenanceWorks","description":"Alternat manuel, r\u00e9fection de la chauss\u00e9e, longueur max de 500 m\u00e8tres","road_name":"N94","commune":"Embrun","start_time":"2026-09-28T19:00:00.000+02:00","end_time":"2026-10-02T06:00:00.000+02:00","source":"Direction interd\u00e9partementale des routes/DIR M\u00e9diterran\u00e9e","version":"1"}},{"type":"Feature","id":"260922-007154-1","geometry":{"type":"Point","coordinates":[-0.50319725,44.868584]},"properties":{"event_type":"roadwork","datex_type":"RoadOrCarriagewayOrLaneManagement","description":"La mesure est obligatoire","road_name":"N89","commune":"Artigues-pr\u00e8s-Bordeaux","start_time":"2026-10-01T21:00:47.000+02:00","end_time":"2026-10-02T06:00:47.000+02:00","source":"Direction interd\u00e9partementale des routes/DIR Atlantique","version":"1"}},{"type":"Feature","id":"260922-007341-1","geometry":{"type":"Point","coordinates":[-0.6302013,44.788498]},"properties":{"event_type":"roadwork","datex_type":"RoadOrCarriagewayOrLaneManagement","description":"La mesure est obligatoire","road_name":"A63","commune":"Pessac","start_time":"2026-10-02T21:30:07.000+02:00","end_time":"2026-10-04T14:30:07.000+02:00","source":"Direction interd\u00e9partementale des routes/DIR Atlantique","version":"1"}},{"type":"Feature","id":"260903-000977-1","geometry":{"type":"Point","coordinates":[-2.7878284,48.54592]},"properties":{"event_type":"roadwork","datex_type":"MaintenanceWorks","description":"Arr\u00eat\u00e9 SL196","road_name":"N12","commune":"Pl\u00e9rin","start_time":"2026-09-07T20:15:00.000+02:00","end_time":"2026-10-16T05:45:00.000+02:00","source":"Direction interd\u00e9partementale des routes/DIR Ouest","version":"7"}},{"type":"Feature","id":"260903-000977-2","geometry":{"type":"Point","coordinates":[-2.6867514,48.48231]},"properties":{"event_type":"roadwork","datex_type":"ReroutingManagement","description":"situ\u00e9 256 m \u00e0 l'est de Le Perray DIR Ouest/District de Saint-Brieuc/CEI de Le Perray sur bretelle de sortie De Paris vers Brest","road_name":"N12","commune":"Yffiniac","start_time":"2026-09-14T20:15:00.000+02:00","end_time":"2026-10-02T05:45:00.000+02:00","source":"Direction interd\u00e9partementale des routes/DIR Ouest","version":"7"}},{"type":"Feature","id":"260903-000977-4","geometry":{"type":"Point","coordinates":[-2.859967,48.529003]},"properties":{"event_type":"roadwork","datex_type":"ReroutingManagement","description":"situ\u00e9 198 m \u00e0 l'ouest de A\u00e9roport Saint-Brieuc - Armor DIR Ouest/District de Saint-Brieuc/CEI de Le Perray sur bretelle de sortie De Brest vers Paris","road_name":"N12","commune":"Tr\u00e9muson","start_time":"2026-10-05T20:15:00.000+02:00","end_time":"2026-10-16T05:45:00.000+02:00","source":"Direction interd\u00e9partementale des routes/DIR Ouest","version":"7"}},{"type":"Feature","id":"260903-000977-6","geometry":{"type":"Point","coordinates":[-2.7878284,48.54592]},"properties":{"event_type":"roadwork","datex_type":"RoadOrCarriagewayOrLaneManagement","description":"Point particulier : d\u00e9but : situ\u00e9 498 m \u00e0 l'ouest de Le Gou\u00ebt, fin : situ\u00e9 3566 m \u00e0 l'est de Le S\u00e9pulcre DIR Ouest/District de Saint-Brieuc/CEI de Le Perray De Paris vers Brest","road_name":"N12","commune":"Pl\u00e9rin","start_time":"2026-10-05T20:15:00.000+02:00","end_time":"2026-10-09T05:45:00.000+02:00","source":"Direction interd\u00e9partementale des routes/DIR Ouest","version":"7"}},{"type":"Feature","id":"260914-000385-1","geometry":{"type":"Point","coordinates":[2.5712276,46.372147]},"properties":{"event_type":"roadwork","datex_type":"MaintenanceWorks","description":"Point particulier : d\u00e9but : situ\u00e9 25880 m \u00e0 l'est de Gouzon, fin : situ\u00e9 4235 m \u00e0 l'ouest de Les Varennes DIR Centre-Ouest/District Gu\u00e9ret/CEI Lamaids-Gouzon","road_name":"N145","commune":"Dom\u00e9rat","start_time":"2026-09-14T07:31:00.458+02:00","end_time":"2026-11-10T18:00:00.000+01:00","source":"Direction interd\u00e9partementale des routes/DIR Centre-Ouest","version":"4"}},{"type":"Feature","id":"260914-000385-105","geometry":{"type":"Point","coordinates":[2.560156,46.36587]},"properties":{"event_type":"roadwork","datex_type":"RoadOrCarriagewayOrLaneManagement","description":"sens Gu\u00e9ret Montlu\u00e7on sur le sens Montlu\u00e7on Gu\u00e9ret","road_name":"N145","commune":"Dom\u00e9rat","start_time":"2026-09-21T10:58:44.937+02:00","end_time":"2026-11-10T18:00:00.000+01:00","source":"Direction interd\u00e9partementale des routes/DIR Centre-Ouest","version":"3"}},{"type":"Feature","id":"260914-000385-2","geometry":{"type":"Point","coordinates":[2.5692215,46.371014]},"properties":{"event_type":"roadwork","datex_type":"RoadOrCarriagewayOrLaneManagement","description":"Point particulier : d\u00e9but : situ\u00e9 25880 m \u00e0 l'est de Gouzon, fin : situ\u00e9 4435 m \u00e0 l'ouest de Les Varennes DIR Centre-Ouest/District Gu\u00e9ret/CEI Lamaids-Gouzon De Bellac vers Montlu\u00e7on","road_name":"N145","commune":"Dom\u00e9rat","start_time":"2026-09-14T07:31:00.458+02:00","end_time":"2026-11-10T18:00:00.000+01:00","source":"Direction interd\u00e9partementale des routes/DIR Centre-Ouest","version":"4"}},{"type":"Feature","id":"260914-000385-3","geometry":{"type":"Point","coordinates":[2.5175793,46.320873]},"properties":{"event_type":"roadwork","datex_type":"RoadOrCarriagewayOrLaneManagement","description":"Point particulier : d\u00e9but : situ\u00e9 4235 m \u00e0 l'ouest de Les Varennes, fin : situ\u00e9 25880 m \u00e0 l'est de Gouzon DIR Centre-Ouest/District Gu\u00e9ret/CEI Lamaids-Gouzon De Montlu\u00e7on vers Bellac","road_name":"N145","commune":"Quinssaines","start_time":"2026-09-14T07:31:00.458+02:00","end_time":"2026-11-10T18:00:00.000+01:00","source":"Direction interd\u00e9partementale des routes/DIR Centre-Ouest","version":"4"}},{"type":"Feature","id":"260923-000947-1","geometry":{"type":"Point","coordinates":[-1.6188214,47.20041]},"properties":{"event_type":"roadwork","datex_type":"MaintenanceWorks","description":"Point particulier : d\u00e9but : situ\u00e9 592 m au sud de Nantes Porte d'Armor, fin : situ\u00e9 93 m au nord de Nantes Porte de l'estuaire DIR Ouest/District de Nantes/CEI de Nantes De Nantes Porte d'Anjou vers Nantes Porte d'Orvault","road_name":"N844","commune":"Saint-Herblain","start_time":"2026-10-26T20:30:00.000+01:00","end_time":"2026-10-27T05:00:00.000+01:00","source":"Direction interd\u00e9partementale des routes/DIR Ouest","version":"1"}},{"type":"Feature","id":"260923-000947-2","geometry":{"type":"Point","coordinates":[-1.6188214,47.20041]},"properties":{"event_type":"roadwork","datex_type":"RoadOrCarriagewayOrLaneManagement","description":"Point particulier : d\u00e9but : situ\u00e9 592 m au sud de Nantes Porte d'Armor, fin : situ\u00e9 93 m au nord de Nantes Porte de l'estuaire DIR Ouest/District de Nantes/CEI de Nantes De Nantes Porte d'Anjou vers Nantes Porte d'Orvault","road_name":"N844","commune":"Saint-Herblain","start_time":"2026-10-26T20:30:00.000+01:00","end_time":"2026-10-27T05:00:00.000+01:00","source":"Direction interd\u00e9partementale des routes/DIR Ouest","version":"1"}},{"type":"Feature","id":"260923-000958-1","geometry":{"type":"Point","coordinates":[-1.6188214,47.20041]},"properties":{"event_type":"roadwork","datex_type":"MaintenanceWorks","description":"Point particulier : d\u00e9but : situ\u00e9 592 m au sud de Nantes Porte d'Armor, fin : situ\u00e9 93 m au nord de Nantes Porte de l'estuaire DIR Ouest/District de Nantes/CEI de Nantes De Nantes Porte d'Anjou vers Nantes Porte d'Orvault","road_name":"N844","commune":"Saint-Herblain","start_time":"2026-10-27T20:30:00.000+01:00","end_time":"2026-10-28T05:00:00.000+01:00","source":"Direction interd\u00e9partementale des routes/DIR Ouest","version":"1"}},{"type":"Feature","id":"260923-000958-2","geometry":{"type":"Point","coordinates":[-1.6188214,47.20041]},"properties":{"event_type":"roadwork","datex_type":"ReroutingManagement","description":"Point particulier : d\u00e9but : situ\u00e9 592 m au sud de Nantes Porte d'Armor, fin : situ\u00e9 93 m au nord de Nantes Porte de l'estuaire DIR Ouest/District de Nantes/CEI de Nantes De Nantes Porte d'Anjou vers Nantes Porte d'Orvault","road_name":"N844","commune":"Saint-Herblain","start_time":"2026-10-27T20:30:00.000+01:00","end_time":"2026-10-28T05:00:00.000+01:00","source":"Direction interd\u00e9partementale des routes/DIR Ouest","version":"1"}},{"type":"Feature","id":"260923-000958-3","geometry":{"type":"Point","coordinates":[-1.62538,47.215694]},"properties":{"event_type":"roadwork","datex_type":"RoadOrCarriagewayOrLaneManagement","description":"Point particulier : d\u00e9but : situ\u00e9 1283 m au nord de Nantes Porte de Bouguenais, fin : situ\u00e9 442 m au sud de Nantes Porte d'Atlantis DIR Ouest/District de Nantes/CEI de Nantes De Nantes Porte d'Orvault vers Nantes Porte d'Anjou","road_name":"N844","commune":"Saint-Herblain","start_time":"2026-10-27T20:30:00.000+01:00","end_time":"2026-10-28T05:00:00.000+01:00","source":"Direction interd\u00e9partementale des routes/DIR Ouest","version":"1"}},{"type":"Feature","id":"260923-000965-1","geometry":{"type":"Point","coordinates":[-1.6092418,47.17795]},"properties":{"event_type":"roadwork","datex_type":"ReroutingManagement","description":"situ\u00e9 1084 m au sud de Nantes Pont de Chevir\u00e9 DIR Ouest/District de Nantes/CEI de Nantes sur bretelle d'entr\u00e9e De Nantes Porte d'Orvault vers Nantes Porte d'Anjou","road_name":"N844","commune":"Bouguenais","start_time":"2026-10-28T20:30:00.000+01:00","end_time":"2026-10-29T05:00:00.000+01:00","source":"Direction interd\u00e9partementale des routes/DIR Ouest","version":"1"}},{"type":"Feature","id":"260923-000965-2","geometry":{"type":"Point","coordinates":[-1.6092418,47.17795]},"properties":{"event_type":"roadwork","datex_type":"ReroutingManagement","description":"situ\u00e9 1084 m au sud de Nantes Pont de Chevir\u00e9 DIR Ouest/District de Nantes/CEI de Nantes sur bretelle d'entr\u00e9e De Nantes Porte d'Orvault vers Nantes Porte d'Anjou","road_name":"N844","commune":"Bouguenais","start_time":"2026-10-28T20:30:00.000+01:00","end_time":"2026-10-29T05:00:00.000+01:00","source":"Direction interd\u00e9partementale des routes/DIR Ouest","version":"1"}},{"type":"Feature","id":"260923-000965-3","geometry":{"type":"Point","coordinates":[-1.6075829,47.1802]},"properties":{"event_type":"roadwork","datex_type":"RoadOrCarriagewayOrLaneManagement","description":"Point particulier : d\u00e9but : situ\u00e9 21 m au nord de Porte de Retz, fin : situ\u00e9 8 m au sud de Nantes Porte de Bouguenais DIR Ouest/District de Nantes/CEI de Nantes De Nantes Porte d'Orvault vers Nantes Porte d'Anjou","road_name":"N844","commune":"Bouguenais","start_time":"2026-10-28T20:30:00.000+01:00","end_time":"2026-10-29T05:00:00.000+01:00","source":"Direction interd\u00e9partementale des routes/DIR Ouest","version":"1"}},{"type":"Feature","id":"260923-000977-1","geometry":{"type":"Point","coordinates":[-1.6075829,47.1802]},"properties":{"event_type":"roadwork","datex_type":"RoadOrCarriagewayOrLaneManagement","description":"Point particulier : d\u00e9but : situ\u00e9 21 m au nord de Porte de Retz, fin : situ\u00e9 8 m au sud de Nantes Porte de Bouguenais DIR Ouest/District de Nantes/CEI de Nantes De Nantes Porte d'Orvault vers Nantes Porte d'Anjou","road_name":"N844","commune":"Bouguenais","start_time":"2026-10-29T20:30:00.000+01:00","end_time":"2026-10-30T05:00:00.000+01:00","source":"Direction interd\u00e9partementale des routes/DIR Ouest","version":"1"}},{"type":"Feature","id":"260923-000977-2","geometry":{"type":"Point","coordinates":[-1.6075829,47.1802]},"properties":{"event_type":"roadwork","datex_type":"ReroutingManagement","description":"situ\u00e9 8 m au sud de Nantes Porte de Bouguenais DIR Ouest/District de Nantes/CEI de Nantes De Nantes Porte d'Orvault vers Nantes Porte d'Anjou","road_name":"N844","commune":"Bouguenais","start_time":"2026-10-29T20:30:00.000+01:00","end_time":"2026-10-30T05:00:00.000+01:00","source":"Autre/Patrouilleur","version":"1"}},{"type":"Feature","id":"260917-008121-1","geometry":{"type":"Point","coordinates":[6.028853,47.210823]},"properties":{"event_type":"roadwork","datex_type":"MaintenanceWorks","description":"Restrictions de vitesse localis\u00e9es.","road_name":"N57","commune":"Beure","start_time":"2026-09-21T08:53:00.000+02:00","end_time":"2026-11-25T15:00:00.000+01:00","source":"Direction interd\u00e9partementale des routes/DIR Est","version":"12"}},{"type":"Feature","id":"260917-008121-102","geometry":{"type":"Point","coordinates":[6.028853,47.210823]},"properties":{"event_type":"roadwork","datex_type":"RoadOrCarriagewayOrLaneManagement","description":"Neutralisation de la voie de droite.\nLa mesure est obligatoire","road_name":"N57","commune":"Beure","start_time":"2026-09-21T08:53:00.000+02:00","end_time":"2026-11-25T15:00:00.000+01:00","source":"Direction interd\u00e9partementale des routes/DIR Est","version":"11"}},{"type":"Feature","id":"260923-001823-1","geometry":{"type":"Point","coordinates":[4.7073255,44.075386]},"properties":{"event_type":"roadwork","datex_type":"MaintenanceWorks","description":"Point particulier : d\u00e9but : situ\u00e9 1572 m au sud de L'Ardoise centre, fin : situ\u00e9 5932 m au nord de Tavel DIR M\u00e9diterran\u00e9e/District Rh\u00f4ne C\u00e9vennes/CEI Les Angles","road_name":"N580","commune":"Saint-Geni\u00e8s-de-Comolas","start_time":"2026-09-28T09:00:00.000+02:00","end_time":"2026-10-02T16:00:00.000+02:00","source":"Direction interd\u00e9partementale des routes/DIR M\u00e9diterran\u00e9e","version":"1"}},{"type":"Feature","id":"260923-002175-1","geometry":{"type":"Point","coordinates":[1.7375549,42.547802]},"properties":{"event_type":"roadwork","datex_type":"MaintenanceWorks","description":"A-134-2026 RN22 (66) R\u00e9alisation de peinture routi\u00e8re sur enrob\u00e9s neuf\nPendant la dur\u00e9e des travaux, la gestion de la circulation sera altern\u00e9e manuellement par piquets K10 La vitesse sera limit\u00e9e \u00e0 50 km/h","road_name":"N22","commune":"Porta","start_time":"2026-10-06T08:00:00.000+02:00","end_time":"2026-10-07T17:00:00.000+02:00","source":"Direction interd\u00e9partementale des routes/DIR Sud-Ouest","version":"1"}},{"type":"Feature","id":"260923-002266-1","geometry":{"type":"Point","coordinates":[1.6381654,42.91877]},"properties":{"event_type":"roadwork","datex_type":"MaintenanceWorks","description":"A-125-2026 RN20  TRAVAUX DU RENOUVELLEMENT DE LA COUCHE DE ROULEMENT\n3\u00e8me phase du 12 au 21 octobre 2026:sens Toulouse/ Andorre\n- 12 octobre : Basculement et fermetures bretelles des \u00e9changeurs\n- du 13 au 20 octobre : travaux chauss\u00e9es et signalisation horizontale\n- 21 octobre : D\u00e9basculement et ouverture bretelles des \u00e9changeurs concern\u00e9s\nLe chantier sera r\u00e9alis\u00e9 de jour sous basculement. Le basculement sera conserv\u00e9 les nuits et we pendant toute la dur\u00e9e de la phase","road_name":"N20","commune":"Saint-Paul-de-Jarrat","start_time":"2026-10-12T08:00:00.000+02:00","end_time":"2026-10-21T17:00:00.000+02:00","source":"Direction interd\u00e9partementale des routes/DIR Sud-Ouest","version":"1"}},{"type":"Feature","id":"260923-002250-1","geometry":{"type":"Point","coordinates":[1.6381654,42.91877]},"properties":{"event_type":"roadwork","datex_type":"MaintenanceWorks","description":"A-125-2026 RN20  TRAVAUX DU RENOUVELLEMENT DE LA COUCHE DE ROULEMENT\nLe chantier sera r\u00e9alis\u00e9 de nuit sous fermeture du tunnel de Foix (20h00 / 06h00).\nEn journ\u00e9e la circulation sera r\u00e9-ouverte dans les 2 sens avec des limitations de vitesse \u00e0 50km/h\nFermeture RN20 entre les \u00e9changeurs 10 et 11. D\u00e9viation suivant les itin\u00e9raires S15 et S16 par les RD 919 et 117 (ville de Foix)","road_name":"N20","commune":"Saint-Paul-de-Jarrat","start_time":"2026-10-06T20:00:00.000+02:00","end_time":"2026-10-09T06:00:00.000+02:00","source":"Direction interd\u00e9partementale des routes/DIR Sud-Ouest","version":"2"}},{"type":"Feature","id":"260924-003621-1","geometry":{"type":"Point","coordinates":[3.736581,44.653687]},"properties":{"event_type":"roadwork","datex_type":"MaintenanceWorks","description":"situ\u00e9 5687 m \u00e0 l'est de L'Habitarelle DIR Massif-Central/District Centre/CEI Langogne","road_name":"N88","commune":"Chaudeyrac","start_time":"2026-09-24T09:25:46.982+02:00","end_time":"2026-11-20T10:24:35.830+01:00","source":"Direction interd\u00e9partementale des routes/DIR Massif-Central","version":"2"}},{"type":"Feature","id":"260924-003621-102","geometry":{"type":"Point","coordinates":[3.736581,44.653687]},"properties":{"event_type":"roadwork","datex_type":"RoadOrCarriagewayOrLaneManagement","description":"La mesure est obligatoire","road_name":"N88","commune":"Chaudeyrac","start_time":"2026-09-24T09:28:28.587+02:00","end_time":"2026-11-20T10:24:41.745+01:00","source":"Direction interd\u00e9partementale des routes/DIR Massif-Central","version":"1"}},{"type":"Feature","id":"260924-004255-1","geometry":{"type":"Point","coordinates":[-0.53737,48.33908]},"properties":{"event_type":"roadwork","datex_type":"MaintenanceWorks","description":"Point particulier : d\u00e9but : situ\u00e9 1672 m \u00e0 l'ouest de Lentili\u00e8re, fin : situ\u00e9 2832 m \u00e0 l'est de Mayenne est DIR Ouest/District de Rennes/CEI de Mayenne","road_name":"N12","commune":"Champ\u00e9on","start_time":"2026-09-28T08:30:00.000+02:00","end_time":"2026-10-02T17:30:00.000+02:00","source":"Direction interd\u00e9partementale des routes/DIR Ouest","version":"1"}},{"type":"Feature","id":"260924-004306-1","geometry":{"type":"Point","coordinates":[-1.7682,48.136627]},"properties":{"event_type":"roadwork","datex_type":"MaintenanceWorks","description":"Pontage fissures","road_name":"N12","commune":"Pac\u00e9","start_time":"2026-09-30T20:00:00.000+02:00","end_time":"2026-10-02T04:30:00.000+02:00","source":"Direction interd\u00e9partementale des routes/DIR Ouest","version":"1"}},{"type":"Feature","id":"260924-004353-1","geometry":{"type":"Point","coordinates":[-1.7931029,48.079727]},"properties":{"event_type":"roadwork","datex_type":"MaintenanceWorks","description":"Pontage fissures","road_name":"N24","commune":"Chavagne","start_time":"2026-09-30T20:00:00.000+02:00","end_time":"2026-10-02T04:30:00.000+02:00","source":"Direction interd\u00e9partementale des routes/DIR Ouest","version":"1"}},{"type":"Feature","id":"260924-004372-1","geometry":{"type":"Point","coordinates":[-1.5734082,48.122482]},"properties":{"event_type":"roadwork","datex_type":"MaintenanceWorks","description":"Point particulier : d\u00e9but : situ\u00e9 357 m \u00e0 l'ouest de Rennes Porte des Long Champs, fin : situ\u00e9 1068 m \u00e0 l'est de Rennes Porte de la Rigourdi\u00e8re DIR Ouest/District de Rennes/CEI de Rennes","road_name":"N136","commune":"Cesson-S\u00e9vign\u00e9","start_time":"2026-09-30T09:30:00.000+02:00","end_time":"2026-10-02T16:00:00.000+02:00","source":"Direction interd\u00e9partementale des routes/DIR Ouest","version":"1"}},{"type":"Feature","id":"260924-004402-1","geometry":{"type":"Point","coordinates":[4.653517,44.250137]},"properties":{"event_type":"roadwork","datex_type":"MaintenanceWorks","description":"DIR M\u00e9diterran\u00e9e/District Rh\u00f4ne C\u00e9vennes/CEI Les Angles","road_name":"N86","commune":"Pont-Saint-Esprit","start_time":"2026-10-12T09:00:00.000+02:00","end_time":"2026-10-12T16:00:00.000+02:00","source":"Direction interd\u00e9partementale des routes/DIR M\u00e9diterran\u00e9e","version":"1"}},{"type":"Feature","id":"260924-004406-1","geometry":{"type":"Point","coordinates":[4.1013017,43.680157]},"properties":{"event_type":"roadwork","datex_type":"MaintenanceWorks","description":"Point particulier : d\u00e9but : situ\u00e9 2504 m \u00e0 l'ouest de Lunel centre, fin : situ\u00e9 788 m \u00e0 l'est de Lunel-Viel DIR M\u00e9diterran\u00e9e/District Rh\u00f4ne C\u00e9vennes/CEI Aigues-Vives","road_name":"N113","commune":"Lunel-Viel","start_time":"2026-10-05T08:30:00.000+02:00","end_time":"2026-10-29T16:00:00.000+01:00","source":"Direction interd\u00e9partementale des routes/DIR M\u00e9diterran\u00e9e","version":"1"}},{"type":"Feature","id":"260924-004414-1","geometry":{"type":"Point","coordinates":[3.9785163,44.248795]},"properties":{"event_type":"roadwork","datex_type":"MaintenanceWorks","description":"Point particulier : d\u00e9but : situ\u00e9 1576 m \u00e0 l'ouest de Les Salles-du-Gardon, fin : situ\u00e9 42660 m \u00e0 l'est de Florac centre DIR M\u00e9diterran\u00e9e/District Rh\u00f4ne C\u00e9vennes/CEI Grand Combien","road_name":"N106","commune":"Sainte-C\u00e9cile-d'Andorge","start_time":"2026-09-28T08:00:00.000+02:00","end_time":"2026-10-22T17:00:00.000+02:00","source":"Direction interd\u00e9partementale des routes/DIR M\u00e9diterran\u00e9e","version":"1"}},{"type":"Feature","id":"260924-004419-1","geometry":{"type":"Point","coordinates":[4.18459,43.998756]},"properties":{"event_type":"roadwork","datex_type":"MaintenanceWorks","description":"Point particulier : d\u00e9but : situ\u00e9 1096 m au nord de La R\u00e9glisserie, fin : situ\u00e9 3132 m au sud de Ners DIR M\u00e9diterran\u00e9e/District Rh\u00f4ne C\u00e9vennes/CEI Boucoiran","road_name":"N106","commune":"Boucoiran-et-Nozi\u00e8res","start_time":"2026-09-24T06:00:00.000+02:00","end_time":"2026-10-02T17:00:00.000+02:00","source":"Direction interd\u00e9partementale des routes/DIR M\u00e9diterran\u00e9e","version":"1"}},{"type":"Feature","id":"260924-004421-1","geometry":{"type":"Point","coordinates":[4.7073255,44.075386]},"properties":{"event_type":"roadwork","datex_type":"MaintenanceWorks","description":"Point particulier : d\u00e9but : situ\u00e9 1572 m au sud de L'Ardoise centre, fin : situ\u00e9 5932 m au nord de Tavel DIR M\u00e9diterran\u00e9e/District Rh\u00f4ne C\u00e9vennes/CEI Les Angles","road_name":"N580","commune":"Saint-Geni\u00e8s-de-Comolas","start_time":"2026-09-28T09:00:00.000+02:00","end_time":"2026-10-02T16:00:00.000+02:00","source":"Direction interd\u00e9partementale des routes/DIR M\u00e9diterran\u00e9e","version":"1"}},{"type":"Feature","id":"260924-004426-1","geometry":{"type":"Point","coordinates":[-1.7033025,47.774326]},"properties":{"event_type":"roadwork","datex_type":"MaintenanceWorks","description":"Terrassement sur accotement","road_name":"N137","commune":"La Dominelais","start_time":"2026-09-28T08:00:00.000+02:00","end_time":"2026-10-02T17:30:00.000+02:00","source":"Direction interd\u00e9partementale des routes/DIR Ouest","version":"1"}},{"type":"Feature","id":"260924-004429-1","geometry":{"type":"Point","coordinates":[4.318157,43.873177]},"properties":{"event_type":"roadwork","datex_type":"MaintenanceWorks","description":"Point particulier : d\u00e9but : situ\u00e9 2466 m au nord de N\u00eemes ouest, fin : situ\u00e9 15396 m au sud de La R\u00e9glisserie DIR M\u00e9diterran\u00e9e/District Rh\u00f4ne C\u00e9vennes/CEI Boucoiran","road_name":"N106","commune":"N\u00eemes","start_time":"2026-09-24T22:00:00.000+02:00","end_time":"2026-10-02T06:00:00.000+02:00","source":"Direction interd\u00e9partementale des routes/DIR M\u00e9diterran\u00e9e","version":"1"}},{"type":"Feature","id":"260924-004440-1","geometry":{"type":"Point","coordinates":[-1.5746799,48.11517]},"properties":{"event_type":"roadwork","datex_type":"MaintenanceWorks","description":"D\u00e9broussaillage des ouvrages d'art","road_name":"N157","commune":"Cesson-S\u00e9vign\u00e9","start_time":"2026-09-28T08:30:00.000+02:00","end_time":"2026-10-02T16:30:00.000+02:00","source":"Direction interd\u00e9partementale des routes/DIR Ouest","version":"1"}},{"type":"Feature","id":"260924-004538-1","geometry":{"type":"Point","coordinates":[-2.6489584,48.480694]},"properties":{"event_type":"roadwork","datex_type":"MaintenanceWorks","description":"Arr\u00eat\u00e9 SL199","road_name":"N12","commune":"Yffiniac","start_time":"2026-10-06T19:30:00.000+02:00","end_time":"2026-10-08T06:00:00.000+02:00","source":"Direction interd\u00e9partementale des routes/DIR Ouest","version":"1"}},{"type":"Feature","id":"260924-004538-2","geometry":{"type":"Point","coordinates":[-2.6489584,48.480694]},"properties":{"event_type":"roadwork","datex_type":"ReroutingManagement","description":"situ\u00e9 241 m \u00e0 l'ouest de Saint-Ren\u00e9 DIR Ouest/District de Saint-Brieuc/CEI de Le Perray sur bretelle de sortie De Brest vers Paris","road_name":"N12","commune":"Yffiniac","start_time":"2026-10-06T19:30:00.000+02:00","end_time":"2026-10-08T06:00:00.000+02:00","source":"Direction interd\u00e9partementale des routes/DIR Ouest","version":"1"}},{"type":"Feature","id":"260924-004538-3","geometry":{"type":"Point","coordinates":[-2.6748815,48.480247]},"properties":{"event_type":"roadwork","datex_type":"ReroutingManagement","description":"situ\u00e9 197 m \u00e0 l'ouest de Aire d'Yffiniac DIR Ouest/District de Saint-Brieuc/CEI de Le Perray sur bretelle de sortie De Brest vers Paris","road_name":"N12","commune":"Yffiniac","start_time":"2026-10-06T19:30:00.000+02:00","end_time":"2026-10-08T06:00:00.000+02:00","source":"Direction interd\u00e9partementale des routes/DIR Ouest","version":"1"}},{"type":"Feature","id":"260924-004538-4","geometry":{"type":"Point","coordinates":[-2.6170816,48.477837]},"properties":{"event_type":"roadwork","datex_type":"ReroutingManagement","description":"situ\u00e9 94 m \u00e0 l'ouest de Sainte-Anne DIR Ouest/District de Saint-Brieuc/CEI de Le Perray sur bretelle de sortie De Brest vers Paris","road_name":"N12","commune":"Pommeret","start_time":"2026-10-06T19:30:00.000+02:00","end_time":"2026-10-08T06:00:00.000+02:00","source":"Direction interd\u00e9partementale des routes/DIR Ouest","version":"1"}},{"type":"Feature","id":"240923-001063-1","geometry":{"type":"Point","coordinates":[2.922917,47.384087]},"properties":{"event_type":"incident","datex_type":"EnvironmentalObstruction","description":"Effondrement d'un talus et d'un mur anti bruit.","road_name":"A77","commune":"Cosne-Cours-sur-Loire","start_time":"2023-11-02T06:30:00.000+01:00","end_time":"2026-12-31T18:00:00.000+01:00","source":"Direction interd\u00e9partementale des routes/DIR Centre-Est","version":"110"}},{"type":"Feature","id":"240923-001063-2","geometry":{"type":"Point","coordinates":[2.922917,47.384087]},"properties":{"event_type":"roadwork","datex_type":"RoadOrCarriagewayOrLaneManagement","description":"Voie de droite neutralis\u00e9e jour et nuit weekend et jour f\u00e9ri\u00e9 y compris.","road_name":"A77","commune":"Cosne-Cours-sur-Loire","start_time":"2023-11-02T06:30:00.000+01:00","end_time":"2026-12-31T18:00:00.000+01:00","source":"Direction interd\u00e9partementale des routes/DIR Centre-Est","version":"110"}},{"type":"Feature","id":"240923-001063-165","geometry":{"type":"Point","coordinates":[2.922917,47.384087]},"properties":{"event_type":"incident","datex_type":"GeneralObstruction","description":"C\u00f4nes de chantier sur voie de circulation","road_name":"A77","commune":"Cosne-Cours-sur-Loire","start_time":"2026-09-25T02:32:00.000+02:00","end_time":"2026-09-25T05:00:00.000+02:00","source":"Soci\u00e9t\u00e9 concessionnaire d'autoroute/APRR","version":"2"}},{"type":"Feature","id":"260925-000193-1","geometry":{"type":"Point","coordinates":[2.446829,48.79956]},"properties":{"event_type":"roadwork","datex_type":"ReroutingManagement","description":"Point particulier : d\u00e9but : situ\u00e9 1102 m \u00e0 l'est de Valenton - Villeneuve-Saint-Ge, fin : situ\u00e9 404 m \u00e0 l'ouest de Cr\u00e9teil centre DIR \u00cele-de-France sur bretelle de sortie De Versailles vers Rueil-Malmaison","road_name":"A86","commune":"Cr\u00e9teil","start_time":"2026-09-25T05:00:00.000+02:00","end_time":"2027-03-31T12:00:00.000+02:00","source":"Direction interd\u00e9partementale des routes/DIR \u00cele-de-France","version":"1"}},{"type":"Feature","id":"260925-000502-1","geometry":{"type":"Point","coordinates":[1.7375549,42.547802]},"properties":{"event_type":"roadwork","datex_type":"ConstructionWorks","description":"A-135-2026 RN22 (66)\nPose d\u2019une boucle de comptage.","road_name":"N22","commune":"Porta","start_time":"2026-10-14T07:30:00.000+02:00","end_time":"2026-10-15T17:00:00.000+02:00","source":"Direction interd\u00e9partementale des routes/DIR Sud-Ouest","version":"1"}},{"type":"Feature","id":"260925-000502-2","geometry":{"type":"Point","coordinates":[1.7375549,42.547802]},"properties":{"event_type":"roadwork","datex_type":"RoadOrCarriagewayOrLaneManagement","description":"Point particulier : d\u00e9but : situ\u00e9 5028 m \u00e0 l'ouest de Le Poste de Douane, fin : situ\u00e9 485 m \u00e0 l'est de Pas de la Case DIR Sud-Ouest/District Sud (Foix)/CEI L'Hospitalet","road_name":"N22","commune":"Porta","start_time":"2026-10-14T07:30:00.000+02:00","end_time":"2026-10-15T17:00:00.000+02:00","source":"Direction interd\u00e9partementale des routes/DIR Sud-Ouest","version":"1"}},{"type":"Feature","id":"260925-000502-3","geometry":{"type":"Point","coordinates":[1.7375549,42.547802]},"properties":{"event_type":"roadwork","datex_type":"SpeedManagement","description":"Point particulier : d\u00e9but : situ\u00e9 5028 m \u00e0 l'ouest de Le Poste de Douane, fin : situ\u00e9 485 m \u00e0 l'est de Pas de la Case DIR Sud-Ouest/District Sud (Foix)/CEI L'Hospitalet","road_name":"N22","commune":"Porta","start_time":"2026-10-14T07:30:00.000+02:00","end_time":"2026-10-15T17:00:00.000+02:00","source":"Direction interd\u00e9partementale des routes/DIR Sud-Ouest","version":"1"}},{"type":"Feature","id":"260925-000502-4","geometry":{"type":"Point","coordinates":[1.7375549,42.547802]},"properties":{"event_type":"info","datex_type":"GeneralInstructionOrMessageToRoadUsers","description":"Point particulier : d\u00e9but : situ\u00e9 5028 m \u00e0 l'ouest de Le Poste de Douane, fin : situ\u00e9 485 m \u00e0 l'est de Pas de la Case DIR Sud-Ouest/District Sud (Foix)/CEI L'Hospitalet","road_name":"N22","commune":"Porta","start_time":"2026-10-14T07:30:00.000+02:00","end_time":"2026-10-15T17:00:00.000+02:00","source":"Direction interd\u00e9partementale des routes/DIR Sud-Ouest","version":"1"}},{"type":"Feature","id":"260925-000566-1","geometry":{"type":"Point","coordinates":[6.036183,44.710194]},"properties":{"event_type":"roadwork","datex_type":"MaintenanceWorks","description":"Alternat par feux ou manuel, enrob\u00e9","road_name":"N85","commune":"Poligny","start_time":"2026-10-12T07:00:00.000+02:00","end_time":"2026-10-15T18:00:00.000+02:00","source":"Direction interd\u00e9partementale des routes/DIR M\u00e9diterran\u00e9e","version":"1"}},{"type":"Feature","id":"260925-000582-1","geometry":{"type":"Point","coordinates":[6.125997,44.041428]},"properties":{"event_type":"roadwork","datex_type":"ConstructionWorks","description":"Alternat manuel, am\u00e9nagement RN 85","road_name":"N85","commune":"Mallemoisson","start_time":"2026-09-28T08:45:00.000+02:00","end_time":"2026-12-31T19:00:00.000+01:00","source":"Direction interd\u00e9partementale des routes/DIR M\u00e9diterran\u00e9e","version":"1"}},{"type":"Feature","id":"260925-000601-1","geometry":{"type":"Point","coordinates":[6.3725038,44.53082]},"properties":{"event_type":"roadwork","datex_type":"ConstructionWorks","description":"Alternat par feux, cr\u00e9ation escallier","road_name":"N94","commune":"Savines-le-Lac","start_time":"2026-09-28T08:00:00.000+02:00","end_time":"2026-10-06T17:00:00.000+02:00","source":"Direction interd\u00e9partementale des routes/DIR M\u00e9diterran\u00e9e","version":"1"}},{"type":"Feature","id":"260812-000549-1","geometry":{"type":"Point","coordinates":[-1.5176858,47.17117]},"properties":{"event_type":"roadwork","datex_type":"MaintenanceWorks","description":"Travaux P\u00e9riph\u00e9rique int\u00e9rieur Phase 2","road_name":"N844","commune":"Vertou","start_time":"2026-09-28T21:00:00.000+02:00","end_time":"2026-10-23T06:00:00.000+02:00","source":"Direction interd\u00e9partementale des routes/DIR Ouest","version":"7"}},{"type":"Feature","id":"260812-000549-2","geometry":{"type":"Point","coordinates":[-1.5176858,47.17117]},"properties":{"event_type":"roadwork","datex_type":"ReroutingManagement","description":"Point particulier : d\u00e9but : situ\u00e9 1708 m \u00e0 l'ouest de Porte de Saint-S\u00e9bastien, fin : situ\u00e9 2709 m \u00e0 l'est de Nantes Porte de Rez\u00e9 [D844] DIR Ouest/District de Nantes/CEI de Nantes De Nantes Porte d'Orvault vers Nantes Porte d'Anjou","road_name":"N844","commune":"Vertou","start_time":"2026-09-28T21:00:00.000+02:00","end_time":"2026-10-23T06:00:00.000+02:00","source":"Direction interd\u00e9partementale des routes/DIR Ouest","version":"7"}},{"type":"Feature","id":"260812-000549-3","geometry":{"type":"Point","coordinates":[-1.5176858,47.17117]},"properties":{"event_type":"roadwork","datex_type":"SpeedManagement","description":"Point particulier : d\u00e9but : situ\u00e9 1708 m \u00e0 l'ouest de Porte de Saint-S\u00e9bastien, fin : situ\u00e9 2709 m \u00e0 l'est de Nantes Porte de Rez\u00e9 [D844] DIR Ouest/District de Nantes/CEI de Nantes De Nantes Porte d'Orvault vers Nantes Porte d'Anjou","road_name":"N844","commune":"Vertou","start_time":"2026-09-28T21:00:00.000+02:00","end_time":"2026-10-23T06:00:00.000+02:00","source":"Direction interd\u00e9partementale des routes/DIR Ouest","version":"7"}},{"type":"Feature","id":"260812-000549-104","geometry":{"type":"Point","coordinates":[-1.5048413,47.17866]},"properties":{"event_type":"roadwork","datex_type":"ReroutingManagement","description":"Point particulier : d\u00e9but : situ\u00e9 229 m \u00e0 l'ouest de Porte de Vertou, fin : situ\u00e9 506 m \u00e0 l'est de Nantes Porte des Sorini\u00e8res DIR Ouest/District de Nantes/CEI de Goulaine sur bretelle d'entr\u00e9e De Nantes Porte d'Orvault vers Nantes Porte d'Anjou","road_name":"N844","commune":"Vertou","start_time":"2026-09-28T21:00:00.000+02:00","end_time":"2026-10-23T06:00:00.000+02:00","source":"Direction interd\u00e9partementale des routes/DIR Ouest","version":"3"}},{"type":"Feature","id":"260812-000549-105","geometry":{"type":"Point","coordinates":[-1.5137905,47.17378]},"properties":{"event_type":"roadwork","datex_type":"ReroutingManagement","description":"Point particulier : d\u00e9but : situ\u00e9 681 m \u00e0 l'ouest de Porte de Vertou, fin : situ\u00e9 54 m \u00e0 l'est de Nantes Porte des Sorini\u00e8res DIR Ouest/District de Nantes/CEI de Goulaine sur bretelle d'entr\u00e9e De Nantes Porte d'Orvault vers Nantes Porte d'Anjou","road_name":"N844","commune":"Vertou","start_time":"2026-09-28T21:00:00.000+02:00","end_time":"2026-10-23T06:00:00.000+02:00","source":"Direction interd\u00e9partementale des routes/DIR Ouest","version":"3"}},{"type":"Feature","id":"260331-002243-1","geometry":{"type":"Point","coordinates":[-1.5142536,47.15235]},"properties":{"event_type":"roadwork","datex_type":"ConstructionWorks","description":"Point particulier : d\u00e9but : situ\u00e9 820 m au nord de La Cour-Neuve, fin : situ\u00e9 526 m au sud de Aire de la Grassini\u00e8re DIR Ouest/District de Nantes/CEI de Goulaine De Niort vers Nantes","road_name":"A83","commune":"Les Sorini\u00e8res","start_time":"2026-04-13T12:00:00.000+02:00","end_time":"2026-12-19T16:00:00.000+01:00","source":"Direction interd\u00e9partementale des routes/DIR Ouest","version":"9"}},{"type":"Feature","id":"260331-002243-2","geometry":{"type":"Point","coordinates":[-1.5096749,47.135017]},"properties":{"event_type":"roadwork","datex_type":"SpeedManagement","description":"situ\u00e9 22 m au sud de Les Sorini\u00e8res DIR Ouest/District de Nantes/CEI de Goulaine De Niort vers Nantes","road_name":"A83","commune":"Les Sorini\u00e8res","start_time":"2026-04-13T12:00:00.000+02:00","end_time":"2026-12-19T16:00:00.000+01:00","source":"Direction interd\u00e9partementale des routes/DIR Ouest","version":"9"}},{"type":"Feature","id":"260331-002243-3","geometry":{"type":"Point","coordinates":[-1.5142536,47.15235]},"properties":{"event_type":"roadwork","datex_type":"SpeedManagement","description":"Point particulier : d\u00e9but : situ\u00e9 175 m au nord de Les Sorini\u00e8res, fin : situ\u00e9 526 m au sud de Aire de la Grassini\u00e8re DIR Ouest/District de Nantes/CEI de Goulaine De Niort vers Nantes","road_name":"A83","commune":"Les Sorini\u00e8res","start_time":"2026-04-13T12:00:00.000+02:00","end_time":"2026-12-19T16:00:00.000+01:00","source":"Direction interd\u00e9partementale des routes/DIR Ouest","version":"9"}},{"type":"Feature","id":"260331-002243-4","geometry":{"type":"Point","coordinates":[-1.5142536,47.15235]},"properties":{"event_type":"info","datex_type":"GeneralInstructionOrMessageToRoadUsers","description":"Point particulier : d\u00e9but : situ\u00e9 820 m au nord de La Cour-Neuve, fin : situ\u00e9 526 m au sud de Aire de la Grassini\u00e8re DIR Ouest/District de Nantes/CEI de Goulaine De Niort vers Nantes","road_name":"A83","commune":"Les Sorini\u00e8res","start_time":"2026-04-13T12:00:00.000+02:00","end_time":"2026-12-19T16:00:00.000+01:00","source":"Direction interd\u00e9partementale des routes/DIR Ouest","version":"9"}},{"type":"Feature","id":"260331-002243-5","geometry":{"type":"Point","coordinates":[-1.5142536,47.15235]},"properties":{"event_type":"info","datex_type":"GeneralNetworkManagement","description":"R\u00e9duction de la largeur des voies \u00e0 6.00 m\u00e8tres avec une largeur \u00e0 2.80 m\u00e8tres pour la voie de gauche et une largeur \u00e0 3.20 m\u00e8tres pour la voie de droite, du PR 5+400G au PR 3+500G","road_name":"A83","commune":"Les Sorini\u00e8res","start_time":"2026-04-13T12:00:00.000+02:00","end_time":"2026-12-19T16:00:00.000+01:00","source":"Direction interd\u00e9partementale des routes/DIR Ouest","version":"9"}},{"type":"Feature","id":"260331-002243-107","geometry":{"type":"Point","coordinates":[-1.5145693,47.146973]},"properties":{"event_type":"roadwork","datex_type":"RoadOrCarriagewayOrLaneManagement","description":"Point particulier : d\u00e9but : situ\u00e9 1239 m au nord de Les Sorini\u00e8res, fin : situ\u00e9 1123 m au sud de Aire de la Grassini\u00e8re DIR Ouest/District de Nantes/CEI de Goulaine De Niort vers Nantes","road_name":"A83","commune":"Les Sorini\u00e8res","start_time":"2026-06-02T17:20:13.826+02:00","end_time":"2026-12-19T16:00:00.000+01:00","source":"Direction interd\u00e9partementale des routes/DIR Ouest","version":"6"}},{"type":"Feature","id":"260903-001636-1","geometry":{"type":"Point","coordinates":[0.17450112,46.28966]},"properties":{"event_type":"roadwork","datex_type":"RoadOrCarriagewayOrLaneManagement","description":"La mesure est obligatoire","road_name":"N10","commune":"Couh\u00e9","start_time":"2026-09-07T11:36:49.852+02:00","end_time":"","source":"Direction interd\u00e9partementale des routes/DIR Atlantique","version":"11"}},{"type":"Feature","id":"260903-001636-103","geometry":{"type":"Point","coordinates":[0.18673603,46.319046]},"properties":{"event_type":"roadwork","datex_type":"ReroutingManagement","description":"situ\u00e9 246 m au nord de Couh\u00e9 nord DIR Atlantique/District d'Angoul\u00eame/CEI de Couh\u00e9 sur bretelle de sortie De Paris vers Bordeaux","road_name":"N10","commune":"Ch\u00e2tillon","start_time":"2026-09-07T11:37:29.220+02:00","end_time":"","source":"Direction interd\u00e9partementale des routes/DIR Atlantique","version":"9"}},{"type":"Feature","id":"260903-001636-104","geometry":{"type":"Point","coordinates":[0.18620515,46.329193]},"properties":{"event_type":"roadwork","datex_type":"ReroutingManagement","description":"situ\u00e9 190 m au nord de Couh\u00e9 nord DIR Atlantique/District d'Angoul\u00eame/CEI de Couh\u00e9 sur bretelle de sortie De Paris vers Bordeaux","road_name":"N10","commune":"Ch\u00e2tillon","start_time":"2026-09-07T11:37:07.610+02:00","end_time":"","source":"Direction interd\u00e9partementale des routes/DIR Atlantique","version":"8"}},{"type":"Feature","id":"260903-001636-105","geometry":{"type":"Point","coordinates":[0.18589264,46.32719]},"properties":{"event_type":"roadwork","datex_type":"ReroutingManagement","description":"situ\u00e9 949 m au nord de Couh\u00e9 nord Hors voie de circulation DIR Atlantique/District d'Angoul\u00eame/CEI de Couh\u00e9 sur bretelle d'entr\u00e9e De Paris vers Bordeaux","road_name":"N10","commune":"Ch\u00e2tillon","start_time":"2026-09-07T11:49:47.584+02:00","end_time":"","source":"Direction interd\u00e9partementale des routes/DIR Atlantique","version":"4"}},{"type":"Feature","id":"260903-001636-106","geometry":{"type":"Point","coordinates":[0.1856036,46.317093]},"properties":{"event_type":"roadwork","datex_type":"ReroutingManagement","description":"situ\u00e9 3992 m au nord de Couh\u00e9 sud Hors voie de circulation DIR Atlantique/District d'Angoul\u00eame/CEI de Couh\u00e9 sur bretelle d'entr\u00e9e De Paris vers Bordeaux","road_name":"N10","commune":"Ch\u00e2tillon","start_time":"2026-09-07T11:52:16.847+02:00","end_time":"","source":"Direction interd\u00e9partementale des routes/DIR Atlantique","version":"3"}},{"type":"Feature","id":"260925-001008-1","geometry":{"type":"Point","coordinates":[-3.8844395,47.920567]},"properties":{"event_type":"roadwork","datex_type":"MaintenanceWorks","description":"Arr\u00eat\u00e9 n\u00b0BM069\nMise en place d'une protection type sangle entre les phases inf\u00e9rieurs de la ligne surplombant au PR 32+900.","road_name":"N165","commune":"Concarneau","start_time":"2026-10-12T09:00:00.000+02:00","end_time":"2026-10-13T16:00:00.000+02:00","source":"Direction interd\u00e9partementale des routes/DIR Ouest","version":"1"}},{"type":"Feature","id":"260925-001008-2","geometry":{"type":"Point","coordinates":[-3.8844395,47.920567]},"properties":{"event_type":"roadwork","datex_type":"RoadOrCarriagewayOrLaneManagement","description":"Dans le sens Quimper vers Brest, la voie de gauche est neutralis\u00e9e entre le PR 34+700 et le PR 32+950.\nDans le sens Lorient vers Quimper la voie de gauche est neutralis\u00e9e entre le PR 31+900et le PR 32+840.\nla vitesse est limit\u00e9e \u00e0 70 km/h sur cette m\u00eame section.\nLa RN 165 est ferm\u00e9e 2 fois 10 mn .","road_name":"N165","commune":"Concarneau","start_time":"2026-10-12T09:00:00.000+02:00","end_time":"2026-10-13T16:00:00.000+02:00","source":"Direction interd\u00e9partementale des routes/DIR Ouest","version":"1"}},{"type":"Feature","id":"260914-001072-1","geometry":{"type":"Point","coordinates":[5.7233224,48.68445]},"properties":{"event_type":"roadwork","datex_type":"MaintenanceWorks","description":"-> 07/10 matin","road_name":"N4","commune":"Pagny-sur-Meuse","start_time":"2026-09-14T10:11:29.373+02:00","end_time":"","source":"Direction interd\u00e9partementale des routes/DIR Est","version":"7"}},{"type":"Feature","id":"260914-001072-103","geometry":{"type":"Point","coordinates":[5.720955,48.684326]},"properties":{"event_type":"roadwork","datex_type":"RoadOrCarriagewayOrLaneManagement","description":"Basculement de circulation du sens Paris -> Nancy sur le sens oppos\u00e9.\nLa mesure est obligatoire","road_name":"N4","commune":"Pagny-sur-Meuse","start_time":"2026-09-18T09:22:38.851+02:00","end_time":"","source":"Direction interd\u00e9partementale des routes/DIR Est","version":"3"}},{"type":"Feature","id":"260914-001072-102","geometry":{"type":"Point","coordinates":[5.691216,48.690063]},"properties":{"event_type":"roadwork","datex_type":"MaintenanceWorks","description":"Point particulier : d\u00e9but : situ\u00e9 9986 m \u00e0 l'ouest de Toul, fin : situ\u00e9 1086 m \u00e0 l'est de Troussey GE_DIRE/Service r\u00e9gional d\u2019exploitation Grand Est (SREX)/District Vitry-Le-Fran\u00e7ois/CEI Ligny-en-Barrois De Allemagne - Freiburg-im-Breisgau vers Paris","road_name":"N4","commune":"Troussey","start_time":"2026-09-14T10:53:46.323+02:00","end_time":"","source":"Direction interd\u00e9partementale des routes/DIR Est","version":"6"}},{"type":"Feature","id":"260925-000150-1","geometry":{"type":"Point","coordinates":[4.9949193,49.68538]},"properties":{"event_type":"roadwork","datex_type":"MaintenanceWorks","description":"Arr\u00eat\u00e9 n\u00b0T 26 \u2013 484 / 08","road_name":"N58","commune":"Bazeilles","start_time":"2026-10-05T06:00:00.000+02:00","end_time":"2026-10-07T17:00:00.000+02:00","source":"Direction interd\u00e9partementale des routes/DIR Nord","version":"4"}},{"type":"Feature","id":"260925-000150-2","geometry":{"type":"Point","coordinates":[4.998131,49.691566]},"properties":{"event_type":"roadwork","datex_type":"RoadOrCarriagewayOrLaneManagement","description":"DIR Nord/District Reims-Ardennes/CEI de Charleville-M\u00e9zi\u00e8res De Charleville vers Belgique","road_name":"N58","commune":"La Moncelle","start_time":"2026-10-05T06:00:00.000+02:00","end_time":"2026-10-07T17:00:00.000+02:00","source":"Direction interd\u00e9partementale des routes/DIR Nord","version":"4"}},{"type":"Feature","id":"260925-000150-3","geometry":{"type":"Point","coordinates":[4.998243,49.6926]},"properties":{"event_type":"info","datex_type":"GeneralInstructionOrMessageToRoadUsers","description":"DIR Nord/District Reims-Ardennes/CEI de Charleville-M\u00e9zi\u00e8res De Charleville vers Belgique","road_name":"N58","commune":"La Moncelle","start_time":"2026-10-05T06:00:00.000+02:00","end_time":"2026-10-07T17:00:00.000+02:00","source":"Direction interd\u00e9partementale des routes/DIR Nord","version":"4"}},{"type":"Feature","id":"260925-000150-4","geometry":{"type":"Point","coordinates":[4.9915247,49.684444]},"properties":{"event_type":"info","datex_type":"GeneralInstructionOrMessageToRoadUsers","description":"DIR Nord/District Reims-Ardennes/CEI de Charleville-M\u00e9zi\u00e8res De Belgique vers Charleville","road_name":"N58","commune":"Bazeilles","start_time":"2026-10-05T06:00:00.000+02:00","end_time":"2026-10-07T17:00:00.000+02:00","source":"Direction interd\u00e9partementale des routes/DIR Nord","version":"4"}},{"type":"Feature","id":"260925-000150-105","geometry":{"type":"Point","coordinates":[4.994912,49.682198]},"properties":{"event_type":"roadwork","datex_type":"ReroutingManagement","description":"DIR Nord/District Reims-Ardennes/CEI de Charleville-M\u00e9zi\u00e8res sur bretelle d'entr\u00e9e De Charleville vers Belgique","road_name":"N58","commune":"Bazeilles","start_time":"2026-10-05T06:00:00.000+02:00","end_time":"2026-10-07T17:00:00.000+02:00","source":"Direction interd\u00e9partementale des routes/DIR Nord","version":"3"}},{"type":"Feature","id":"260925-000150-106","geometry":{"type":"Point","coordinates":[4.994912,49.682198]},"properties":{"event_type":"roadwork","datex_type":"ReroutingManagement","description":"DIR Nord/District Reims-Ardennes/CEI de Charleville-M\u00e9zi\u00e8res sur bretelle d'entr\u00e9e De Charleville vers Belgique","road_name":"N58","commune":"Bazeilles","start_time":"2026-10-05T06:00:00.000+02:00","end_time":"2026-10-07T17:00:00.000+02:00","source":"Direction interd\u00e9partementale des routes/DIR Nord","version":"3"}},{"type":"Feature","id":"260925-000150-107","geometry":{"type":"Point","coordinates":[4.9949193,49.68538]},"properties":{"event_type":"roadwork","datex_type":"ReroutingManagement","description":"DIR Nord/District Reims-Ardennes/CEI de Charleville-M\u00e9zi\u00e8res sur bretelle de sortie De Belgique vers Charleville","road_name":"N58","commune":"Bazeilles","start_time":"2026-10-05T06:00:00.000+02:00","end_time":"2026-10-07T17:00:00.000+02:00","source":"Direction interd\u00e9partementale des routes/DIR Nord","version":"2"}},{"type":"Feature","id":"260925-000150-108","geometry":{"type":"Point","coordinates":[4.9949193,49.68538]},"properties":{"event_type":"roadwork","datex_type":"ReroutingManagement","description":"DIR Nord/District Reims-Ardennes/CEI de Charleville-M\u00e9zi\u00e8res sur bretelle de sortie De Belgique vers Charleville","road_name":"N58","commune":"Bazeilles","start_time":"2026-10-05T06:00:00.000+02:00","end_time":"2026-10-07T17:00:00.000+02:00","source":"Direction interd\u00e9partementale des routes/DIR Nord","version":"2"}},{"type":"Feature","id":"260925-001536-1","geometry":{"type":"Point","coordinates":[-0.62687886,44.8802]},"properties":{"event_type":"roadwork","datex_type":"MaintenanceWorks","description":"Point particulier : d\u00e9but : situ\u00e9 393 m au sud de Bruges - Le Tasta, fin : situ\u00e9 33 m au nord de Eysines - Le Bouscat DIR Atlantique/District de Gironde/CEI de Lormont","road_name":"A630","commune":"Bruges","start_time":"2026-10-06T21:00:00.000+02:00","end_time":"","source":"Direction interd\u00e9partementale des routes/DIR Atlantique","version":"1"}},{"type":"Feature","id":"260831-000962-1","geometry":{"type":"Point","coordinates":[0.10756229,45.622845]},"properties":{"event_type":"roadwork","datex_type":"MaintenanceWorks","description":"Point particulier : d\u00e9but : situ\u00e9 1405 m au sud de Angoul\u00eame sud - Saint Michel, fin : situ\u00e9 694 m au nord de La Couronne Hors voie de circulation DIR Atlantique/District d'Angoul\u00eame/CEI d'Angoul\u00eame De Paris vers Bordeaux","road_name":"N10","commune":"La Couronne","start_time":"2026-08-31T10:41:28.749+02:00","end_time":"","source":"Direction interd\u00e9partementale des routes/DIR Atlantique","version":"5"}},{"type":"Feature","id":"260831-000962-102","geometry":{"type":"Point","coordinates":[0.11020517,45.62539]},"properties":{"event_type":"roadwork","datex_type":"MaintenanceWorks","description":"Point particulier : d\u00e9but : situ\u00e9 694 m au nord de La Couronne, fin : situ\u00e9 1405 m au sud de Angoul\u00eame sud - Saint Michel Hors voie de circulation DIR Atlantique/District d'Angoul\u00eame/CEI d'Angoul\u00eame De Bordeaux vers Paris","road_name":"N10","commune":"La Couronne","start_time":"2026-08-31T10:42:37.014+02:00","end_time":"","source":"Direction interd\u00e9partementale des routes/DIR Atlantique","version":"4"}},{"type":"Feature","id":"260925-001766-1","geometry":{"type":"Point","coordinates":[3.2332442,45.59329]},"properties":{"event_type":"info","datex_type":"RoadsideServiceDisruption","description":"Aire de repos du Val d'Allier ferm\u00e9e pour travaux.","road_name":"A75","commune":"Saint-Yvoine","start_time":"2026-09-25T16:40:56.104+02:00","end_time":"2026-10-09T17:00:00.000+02:00","source":"Direction interd\u00e9partementale des routes/DIR Massif-Central","version":"1"}},{"type":"Feature","id":"260921-002331-1","geometry":{"type":"Point","coordinates":[4.3736405,46.692097]},"properties":{"event_type":"roadwork","datex_type":"MaintenanceWorks","description":"Point particulier : d\u00e9but : situ\u00e9 0 m au sud de 42098, fin : situ\u00e9 14526 m au nord de 42096 DIR Centre-Est/District M\u00e2con/CEI Montchanin De Montceau-les-Mines vers Paray-le-Monial","road_name":"N70","commune":"Blanzy","start_time":"2026-09-21T07:05:00.000+02:00","end_time":"2026-10-02T17:00:00.000+02:00","source":"Direction interd\u00e9partementale des routes/DIR Centre-Est","version":"8"}},{"type":"Feature","id":"260921-002331-2","geometry":{"type":"Point","coordinates":[4.3736405,46.692097]},"properties":{"event_type":"roadwork","datex_type":"RoadOrCarriagewayOrLaneManagement","description":"Neutralisation de la voie de droite.","road_name":"N70","commune":"Blanzy","start_time":"2026-09-21T07:05:00.000+02:00","end_time":"2026-10-02T17:00:00.000+02:00","source":"Direction interd\u00e9partementale des routes/DIR Centre-Est","version":"8"}},{"type":"Feature","id":"260921-002331-103","geometry":{"type":"Point","coordinates":[4.4057837,46.70014]},"properties":{"event_type":"roadwork","datex_type":"RoadOrCarriagewayOrLaneManagement","description":"Neutralisation de la voie de droite.","road_name":"N70","commune":"Blanzy","start_time":"2026-09-21T10:09:00.000+02:00","end_time":"2026-10-02T17:00:00.000+02:00","source":"Direction interd\u00e9partementale des routes/DIR Centre-Est","version":"7"}},{"type":"Feature","id":"260925-002064-1","geometry":{"type":"Point","coordinates":[-2.773541,48.192432]},"properties":{"event_type":"roadwork","datex_type":"MaintenanceWorks","description":"Arr\u00eat\u00e9 SO049","road_name":"N164","commune":"Loud\u00e9ac","start_time":"2026-10-01T09:00:00.000+02:00","end_time":"2026-12-18T17:00:00.000+01:00","source":"Direction interd\u00e9partementale des routes/DIR Ouest","version":"1"}},{"type":"Feature","id":"260925-002064-2","geometry":{"type":"Point","coordinates":[-2.770883,48.19293]},"properties":{"event_type":"roadwork","datex_type":"RoadOrCarriagewayOrLaneManagement","description":"Point particulier : d\u00e9but : situ\u00e9 254 m \u00e0 l'ouest de Loud\u00e9ac nord, fin : situ\u00e9 279 m \u00e0 l'est de Loud\u00e9ac - Tr\u00e9v\u00e9 DIR Ouest/District de Saint-Brieuc/CEI de Loud\u00e9ac De Rennes vers Chateaulin","road_name":"N164","commune":"Loud\u00e9ac","start_time":"2026-10-01T09:00:00.000+02:00","end_time":"2026-12-18T17:00:00.000+01:00","source":"Direction interd\u00e9partementale des routes/DIR Ouest","version":"1"}},{"type":"Feature","id":"260925-002064-3","geometry":{"type":"Point","coordinates":[-2.7711556,48.19288]},"properties":{"event_type":"roadwork","datex_type":"ReroutingManagement","description":"situ\u00e9 267 m \u00e0 l'est de Loud\u00e9ac - Tr\u00e9v\u00e9 DIR Ouest/District de Saint-Brieuc/CEI de Loud\u00e9ac sur bretelle de sortie De Rennes vers Chateaulin","road_name":"N164","commune":"Loud\u00e9ac","start_time":"2026-10-01T09:00:00.000+02:00","end_time":"2026-12-18T17:00:00.000+01:00","source":"Direction interd\u00e9partementale des routes/DIR Ouest","version":"1"}},{"type":"Feature","id":"260921-003339-1","geometry":{"type":"Point","coordinates":[3.1311421,47.050915]},"properties":{"event_type":"roadwork","datex_type":"MaintenanceWorks","description":"Point particulier : d\u00e9but : situ\u00e9 5561 m au sud de La Charit\u00e9-sur-Loire sud, fin : situ\u00e9 185 m au nord de Varennes-Vauzelles DIR Centre-Est/District La Charit\u00e9/CEI La Charit\u00e9-sur-Loire","road_name":"A77","commune":"Varennes-Vauzelles","start_time":"2026-09-23T08:00:00.000+02:00","end_time":"2026-10-02T17:00:00.000+02:00","source":"Direction interd\u00e9partementale des routes/DIR Centre-Est","version":"3"}},{"type":"Feature","id":"260921-003339-2","geometry":{"type":"Point","coordinates":[3.1311421,47.050915]},"properties":{"event_type":"roadwork","datex_type":"RoadOrCarriagewayOrLaneManagement","description":"Neutralisation de la voie de gauche, de jour comme de nuit, dans les deux sens de circulation.","road_name":"A77","commune":"Varennes-Vauzelles","start_time":"2026-09-23T08:00:00.000+02:00","end_time":"2026-10-02T17:00:00.000+02:00","source":"Direction interd\u00e9partementale des routes/DIR Centre-Est","version":"3"}},{"type":"Feature","id":"260921-003339-103","geometry":{"type":"Point","coordinates":[3.1314073,47.053726]},"properties":{"event_type":"incident","datex_type":"GeneralObstruction","description":"C\u00f4nes de chantier sur voies de circulation","road_name":"A77","commune":"Varennes-Vauzelles","start_time":"2026-09-25T19:58:00.000+02:00","end_time":"2026-10-02T22:00:00.000+02:00","source":"Gendarmerie/CORG","version":"2"}},{"type":"Feature","id":"260917-007138-1","geometry":{"type":"Point","coordinates":[4.6735544,46.37358]},"properties":{"event_type":"roadwork","datex_type":"MaintenanceWorks","description":"Point particulier : d\u00e9but : situ\u00e9 5053 m \u00e0 l'est de 42183, fin : situ\u00e9 6461 m \u00e0 l'ouest de 42186 DIR Centre-Est/District M\u00e2con/CEI Charnay-l\u00e8s-M\u00e2con De Montlu\u00e7on (A71) vers M\u00e2con","road_name":"N79","commune":"Sologny","start_time":"2026-09-21T08:50:00.000+02:00","end_time":"2026-10-02T18:00:00.000+02:00","source":"Direction interd\u00e9partementale des routes/DIR Centre-Est","version":"14"}},{"type":"Feature","id":"260917-007138-2","geometry":{"type":"Point","coordinates":[4.639891,46.395096]},"properties":{"event_type":"roadwork","datex_type":"RoadOrCarriagewayOrLaneManagement","description":"Point particulier : d\u00e9but : situ\u00e9 6571 m \u00e0 l'ouest de 42186, fin : situ\u00e9 632 m \u00e0 l'est de Sainte-C\u00e9cile DIR Centre-Est/District M\u00e2con/CEI Charnay-l\u00e8s-M\u00e2con De M\u00e2con vers Montlu\u00e7on (A71)","road_name":"N79","commune":"Sainte-C\u00e9cile","start_time":"2026-09-21T08:50:00.000+02:00","end_time":"2026-10-02T18:00:00.000+02:00","source":"Direction interd\u00e9partementale des routes/DIR Centre-Est","version":"14"}},{"type":"Feature","id":"260917-007138-103","geometry":{"type":"Point","coordinates":[4.6274548,46.390743]},"properties":{"event_type":"roadwork","datex_type":"RoadOrCarriagewayOrLaneManagement","description":"Point particulier : d\u00e9but : situ\u00e9 6457 m \u00e0 l'ouest de 42186, fin : situ\u00e9 5054 m \u00e0 l'est de 42183 DIR Centre-Est/District M\u00e2con/CEI Charnay-l\u00e8s-M\u00e2con De M\u00e2con vers Montlu\u00e7on (A71)","road_name":"N79","commune":"Sainte-C\u00e9cile","start_time":"2026-09-21T08:50:00.000+02:00","end_time":"2026-10-02T18:00:00.000+02:00","source":"Direction interd\u00e9partementale des routes/DIR Centre-Est","version":"10"}},{"type":"Feature","id":"260917-007138-104","geometry":{"type":"Point","coordinates":[4.6508226,46.395588]},"properties":{"event_type":"roadwork","datex_type":"ReroutingManagement","description":"situ\u00e9 9200 m \u00e0 l'ouest de 42186 DIR Centre-Est/District M\u00e2con/CEI Charnay-l\u00e8s-M\u00e2con sur bretelle d'entr\u00e9e De Montlu\u00e7on (A71) vers M\u00e2con","road_name":"N79","commune":"Sainte-C\u00e9cile","start_time":"2026-09-21T08:50:00.000+02:00","end_time":"2026-10-02T18:00:00.000+02:00","source":"Direction interd\u00e9partementale des routes/DIR Centre-Est","version":"10"}},{"type":"Feature","id":"260917-007138-105","geometry":{"type":"Point","coordinates":[4.6509705,46.39545]},"properties":{"event_type":"roadwork","datex_type":"ReroutingManagement","description":"situ\u00e9 9200 m \u00e0 l'ouest de 42186 DIR Centre-Est/District M\u00e2con/CEI Charnay-l\u00e8s-M\u00e2con sur bretelle d'entr\u00e9e De Montlu\u00e7on (A71) vers M\u00e2con","road_name":"N79","commune":"Sainte-C\u00e9cile","start_time":"2026-09-21T08:50:00.000+02:00","end_time":"2026-10-02T18:00:00.000+02:00","source":"Direction interd\u00e9partementale des routes/DIR Centre-Est","version":"10"}},{"type":"Feature","id":"260917-007138-108","geometry":{"type":"Point","coordinates":[4.6509705,46.39545]},"properties":{"event_type":"incident","datex_type":"GeneralObstruction","description":"Signalisation sur voies de circulation","road_name":"N79","commune":"Sainte-C\u00e9cile","start_time":"2026-09-26T16:59:00.000+02:00","end_time":"2026-09-26T19:00:00.000+02:00","source":"Autre/Agents Dir","version":"2"}},{"type":"Feature","id":"260812-002152-1","geometry":{"type":"Point","coordinates":[-0.56036806,42.816967]},"properties":{"event_type":"roadwork","datex_type":"MaintenanceWorks","description":"DIR Atlantique/District d'Oloron-Sainte-Marie/CEI de Bedous De Le Somport \u2013 Espagne vers Pau","road_name":"N1134","commune":"Urdos","start_time":"2026-08-12T16:40:04.966+02:00","end_time":"","source":"Direction interd\u00e9partementale des routes/DIR Atlantique","version":"5"}},{"type":"Feature","id":"260812-002152-103","geometry":{"type":"Point","coordinates":[-0.56036806,42.816967]},"properties":{"event_type":"info","datex_type":"GeneralNetworkManagement","description":"La mesure est obligatoire","road_name":"N1134","commune":"Urdos","start_time":"2026-08-12T16:41:14.643+02:00","end_time":"","source":"Direction interd\u00e9partementale des routes/DIR Atlantique","version":"3"}},{"type":"Feature","id":"260812-002152-102","geometry":{"type":"Point","coordinates":[-0.56036806,42.816967]},"properties":{"event_type":"roadwork","datex_type":"RoadOrCarriagewayOrLaneManagement","description":"La mesure est obligatoire","road_name":"N1134","commune":"Urdos","start_time":"2026-08-12T16:40:36.301+02:00","end_time":"","source":"Direction interd\u00e9partementale des routes/DIR Atlantique","version":"4"}},{"type":"Feature","id":"260902-001894-1","geometry":{"type":"Point","coordinates":[-0.1026989,46.653366]},"properties":{"event_type":"roadwork","datex_type":"MaintenanceWorks","description":"Point particulier : d\u00e9but : situ\u00e9 4990 m \u00e0 l'est de Parthenay, fin : situ\u00e9 2094 m \u00e0 l'ouest de La Ferri\u00e8re-en-Parthenay DIR Centre-Ouest/District Poitiers/CEI Poitiers De Nantes vers Poitiers","road_name":"N149","commune":"La Ferri\u00e8re-en-Parthenay","start_time":"2026-09-02T16:28:29.580+02:00","end_time":"2026-10-16T17:30:00.000+02:00","source":"Direction interd\u00e9partementale des routes/DIR Ouest","version":"6"}},{"type":"Feature","id":"260902-001894-2","geometry":{"type":"Point","coordinates":[-0.10276445,46.653362]},"properties":{"event_type":"roadwork","datex_type":"RoadOrCarriagewayOrLaneManagement","description":"Point particulier : d\u00e9but : situ\u00e9 4990 m \u00e0 l'est de Parthenay, fin : situ\u00e9 2099 m \u00e0 l'ouest de La Ferri\u00e8re-en-Parthenay DIR Centre-Ouest/District Poitiers/CEI Poitiers De Nantes vers Poitiers","road_name":"N149","commune":"La Ferri\u00e8re-en-Parthenay","start_time":"2026-09-02T16:28:29.580+02:00","end_time":"2026-10-16T17:30:00.000+02:00","source":"Direction interd\u00e9partementale des routes/DIR Ouest","version":"6"}},{"type":"Feature","id":"260902-001894-103","geometry":{"type":"Point","coordinates":[-0.14064439,46.651463]},"properties":{"event_type":"roadwork","datex_type":"RoadOrCarriagewayOrLaneManagement","description":"Point particulier : d\u00e9but : situ\u00e9 2105 m \u00e0 l'ouest de La Ferri\u00e8re-en-Parthenay, fin : situ\u00e9 6090 m \u00e0 l'est de Parthenay DIR Centre-Ouest/District Poitiers/CEI Poitiers De Poitiers vers Nantes","road_name":"N149","commune":"La Peyratte","start_time":"2026-09-07T09:07:11.226+02:00","end_time":"2026-10-16T17:30:00.000+02:00","source":"Direction interd\u00e9partementale des routes/DIR Ouest","version":"3"}},{"type":"Feature","id":"260902-001894-104","geometry":{"type":"Point","coordinates":[-0.13933054,46.651543]},"properties":{"event_type":"roadwork","datex_type":"RoadOrCarriagewayOrLaneManagement","description":"Le sens Poitiers => Nantes est bascul\u00e9 sur le sens Nantes => Poitiers.","road_name":"N149","commune":"La Peyratte","start_time":"2026-09-28T07:45:09.841+02:00","end_time":"2026-10-16T17:30:00.000+02:00","source":"Direction interd\u00e9partementale des routes/DIR Ouest","version":"2"}},{"type":"Feature","id":"260925-002058-1","geometry":{"type":"Point","coordinates":[3.5450106,47.727356]},"properties":{"event_type":"roadwork","datex_type":"MaintenanceWorks","description":"La circulation est interdite dans les deux sens de circulation de jours comme de nuits.\nUne d\u00e9viation est mise en place \u00e0 l'attention des usagers.","road_name":"N151","commune":"Gy-l'\u00c9v\u00eaque","start_time":"2026-09-28T08:03:00.000+02:00","end_time":"2026-10-02T18:00:00.000+02:00","source":"Direction interd\u00e9partementale des routes/DIR Centre-Est","version":"2"}},{"type":"Feature","id":"260925-002058-2","geometry":{"type":"Point","coordinates":[3.5450106,47.727356]},"properties":{"event_type":"roadwork","datex_type":"RoadOrCarriagewayOrLaneManagement","description":"Point particulier : d\u00e9but : situ\u00e9 2458 m \u00e0 l'est de 43431, fin : situ\u00e9 7243 m \u00e0 l'ouest de Auxerre DIR Centre-Est/District La Charit\u00e9/CEI Auxerre","road_name":"N151","commune":"Gy-l'\u00c9v\u00eaque","start_time":"2026-09-28T08:03:00.000+02:00","end_time":"2026-10-02T18:00:00.000+02:00","source":"Direction interd\u00e9partementale des routes/DIR Centre-Est","version":"2"}},{"type":"Feature","id":"260925-002058-103","geometry":{"type":"Point","coordinates":[3.5450106,47.727356]},"properties":{"event_type":"roadwork","datex_type":"ReroutingManagement","description":"Point particulier : d\u00e9but : situ\u00e9 2458 m \u00e0 l'est de 43431, fin : situ\u00e9 7243 m \u00e0 l'ouest de Auxerre DIR Centre-Est/District La Charit\u00e9/CEI Auxerre","road_name":"N151","commune":"Gy-l'\u00c9v\u00eaque","start_time":"2026-09-28T08:04:52.504+02:00","end_time":"2026-10-02T18:00:00.000+02:00","source":"Direction interd\u00e9partementale des routes/DIR Centre-Est","version":"1"}},{"type":"Feature","id":"260928-000526-1","geometry":{"type":"Point","coordinates":[6.487511,48.16273]},"properties":{"event_type":"roadwork","datex_type":"MaintenanceWorks","description":"Jusqu'au 15/10/2026.","road_name":"N57","commune":"\u00c9pinal","start_time":"2026-09-28T08:26:55.525+02:00","end_time":"","source":"Direction interd\u00e9partementale des routes/DIR Est","version":"1"}},{"type":"Feature","id":"260928-000657-1","geometry":{"type":"Point","coordinates":[4.348574,45.479546]},"properties":{"event_type":"roadwork","datex_type":"MaintenanceWorks","description":"situ\u00e9 489 m \u00e0 l'est de Villars-Ratarieux DIR Centre-Est/District Saint-\u00c9tienne/CEI Varizelle sur bretelle de sortie De Saint-\u00c9tienne vers Clermont-Ferrand","road_name":"A72","commune":"Villars","start_time":"2026-09-28T08:57:40.743+02:00","end_time":"","source":"Direction interd\u00e9partementale des routes/DIR Centre-Est","version":"1"}},{"type":"Feature","id":"260928-000694-1","geometry":{"type":"Point","coordinates":[6.575586,44.754517]},"properties":{"event_type":"roadwork","datex_type":"MaintenanceWorks","description":"Alternat manuel, sondages","road_name":"N94","commune":"La Roche-de-Rame","start_time":"2026-09-29T10:00:00.000+02:00","end_time":"2026-09-29T14:00:00.000+02:00","source":"Direction interd\u00e9partementale des routes/DIR M\u00e9diterran\u00e9e","version":"1"}},{"type":"Feature","id":"260924-004024-102","geometry":{"type":"Point","coordinates":[6.2048645,47.1779]},"properties":{"event_type":"roadwork","datex_type":"RoadOrCarriagewayOrLaneManagement","description":"Neutralisation de la voie de gauche dans les 2 sens de circulation.\nLa mesure est obligatoire","road_name":"N57","commune":"L'H\u00f4pital-du-Grosbois","start_time":"2026-09-28T09:31:00.000+02:00","end_time":"2026-10-02T16:00:00.000+02:00","source":"Direction interd\u00e9partementale des routes/DIR Est","version":"3"}},{"type":"Feature","id":"260924-004024-1","geometry":{"type":"Point","coordinates":[6.2048645,47.1779]},"properties":{"event_type":"roadwork","datex_type":"MaintenanceWorks","description":"Restrictions de vitesse localis\u00e9es.","road_name":"N57","commune":"L'H\u00f4pital-du-Grosbois","start_time":"2026-09-28T09:31:00.000+02:00","end_time":"2026-10-02T16:00:00.000+02:00","source":"Direction interd\u00e9partementale des routes/DIR Est","version":"4"}},{"type":"Feature","id":"260924-003675-1","geometry":{"type":"Point","coordinates":[5.867774,46.78162]},"properties":{"event_type":"roadwork","datex_type":"MaintenanceWorks","description":"Adaptez votre vitesse.","road_name":"N5","commune":"Montrond","start_time":"2026-09-28T09:35:00.000+02:00","end_time":"2026-10-02T16:00:00.000+02:00","source":"Direction interd\u00e9partementale des routes/DIR Est","version":"2"}},{"type":"Feature","id":"260923-001885-102","geometry":{"type":"Point","coordinates":[6.0599647,46.484097]},"properties":{"event_type":"roadwork","datex_type":"RoadOrCarriagewayOrLaneManagement","description":"Circulation altern\u00e9e par feux.\nLa mesure est obligatoire","road_name":"N5","commune":"Les Rousses","start_time":"2026-09-28T10:25:00.000+02:00","end_time":"2026-10-03T16:00:00.000+02:00","source":"Direction interd\u00e9partementale des routes/DIR Est","version":"3"}},{"type":"Feature","id":"260923-001885-1","geometry":{"type":"Point","coordinates":[6.0596275,46.48448]},"properties":{"event_type":"roadwork","datex_type":"MaintenanceWorks","description":"Restrictions de vitesse localis\u00e9es.","road_name":"N5","commune":"Les Rousses","start_time":"2026-09-28T10:24:00.000+02:00","end_time":"2026-10-03T16:00:00.000+02:00","source":"Direction interd\u00e9partementale des routes/DIR Est","version":"4"}},{"type":"Feature","id":"260917-006490-102","geometry":{"type":"Point","coordinates":[3.0669692,44.03167]},"properties":{"event_type":"roadwork","datex_type":"MaintenanceWorks","description":"Point particulier : d\u00e9but : situ\u00e9 6825 m au nord de L'Hospitalet-du-Larzac - La Co, fin : situ\u00e9 230 m au sud de Beaumescure DIR Massif-Central/District Sud/CEI La-Cavalerie De B\u00e9ziers vers Clermont-Ferrand","road_name":"A75","commune":"La Bastide-Pradines","start_time":"2026-09-28T07:45:48.245+02:00","end_time":"2026-10-09T16:59:59.000+02:00","source":"Direction interd\u00e9partementale des routes/DIR Massif-Central","version":"9"}},{"type":"Feature","id":"260917-006490-1","geometry":{"type":"Point","coordinates":[3.1363347,44.01514]},"properties":{"event_type":"roadwork","datex_type":"MaintenanceWorks","description":"Point particulier : d\u00e9but : situ\u00e9 5110 m au sud de Viaduc de Millau, fin : situ\u00e9 169 m au nord de La Cavalerie DIR Massif-Central/District Sud/CEI La-Cavalerie De Clermont-Ferrand vers B\u00e9ziers","road_name":"A75","commune":"La Cavalerie","start_time":"2026-09-21T22:31:02.090+02:00","end_time":"2026-10-09T16:59:48.000+02:00","source":"Direction interd\u00e9partementale des routes/DIR Massif-Central","version":"10"}},{"type":"Feature","id":"260917-006490-106","geometry":{"type":"Point","coordinates":[3.1366613,44.014885]},"properties":{"event_type":"roadwork","datex_type":"ReroutingManagement","description":"situ\u00e9 147 m au nord de La Cavalerie DIR Massif-Central/District Sud/CEI La-Cavalerie sur bretelle de sortie De Clermont-Ferrand vers B\u00e9ziers","road_name":"A75","commune":"La Cavalerie","start_time":"2026-09-28T10:27:14.202+02:00","end_time":"2026-10-09T17:00:01.000+02:00","source":"Direction interd\u00e9partementale des routes/DIR Massif-Central","version":"6"}},{"type":"Feature","id":"260917-006490-103","geometry":{"type":"Point","coordinates":[3.0669692,44.03167]},"properties":{"event_type":"roadwork","datex_type":"RoadOrCarriagewayOrLaneManagement","description":"transports exceptionnels :\nCirculation sens Clermont Ferrand vers B\u00e9ziers : circulation interdite  au convoi de plus de 3.50 m de large ou 25 m de long\nCirculation sens B\u00e9ziers vers Clermont Ferrand : circulation interdite  au convoi de plus de 4.20 m de large \nLa mesure est obligatoire","road_name":"A75","commune":"La Bastide-Pradines","start_time":"2026-09-28T10:27:05.929+02:00","end_time":"2026-10-09T17:00:32.000+02:00","source":"Direction interd\u00e9partementale des routes/DIR Massif-Central","version":"8"}},{"type":"Feature","id":"260917-006490-107","geometry":{"type":"Point","coordinates":[3.0647137,44.031494]},"properties":{"event_type":"roadwork","datex_type":"ReroutingManagement","description":"situ\u00e9 6287 m au nord de La Cavalerie Hors voie de circulation DIR Massif-Central/District Sud/CEI La-Cavalerie sur bretelle d'entr\u00e9e De Clermont-Ferrand vers B\u00e9ziers","road_name":"A75","commune":"La Bastide-Pradines","start_time":"2026-09-21T22:31:01.986+02:00","end_time":"2026-10-09T17:00:46.000+02:00","source":"Direction interd\u00e9partementale des routes/DIR Massif-Central","version":"5"}},{"type":"Feature","id":"260928-000945-1","geometry":{"type":"Point","coordinates":[7.229282,48.76499]},"properties":{"event_type":"roadwork","datex_type":"MaintenanceWorks","description":"Point particulier : d\u00e9but : situ\u00e9 4527 m \u00e0 l'est de R\u00e9ding, fin : situ\u00e9 855 m \u00e0 l'ouest de Phalsbourg GE_DIRE/Service r\u00e9gional d\u2019exploitation Grand Est (SREX)/District Nancy/CEI Lun\u00e9ville De Paris vers Allemagne - Freiburg-im-Breisgau","road_name":"N4","commune":"Mittelbronn","start_time":"2026-09-28T10:30:00.340+02:00","end_time":"","source":"Direction interd\u00e9partementale des routes/DIR Est","version":"2"}},{"type":"Feature","id":"260928-000945-102","geometry":{"type":"Point","coordinates":[7.2160783,48.76312]},"properties":{"event_type":"roadwork","datex_type":"MaintenanceWorks","description":"Point particulier : d\u00e9but : situ\u00e9 73 m \u00e0 l'ouest de Phalsbourg, fin : situ\u00e9 7070 m \u00e0 l'est de R\u00e9ding GE_DIRE/Service r\u00e9gional d\u2019exploitation Grand Est (SREX)/District Nancy/CEI Lun\u00e9ville De Allemagne - Freiburg-im-Breisgau vers Paris","road_name":"N4","commune":"Mittelbronn","start_time":"2026-09-28T10:31:29.026+02:00","end_time":"","source":"Direction interd\u00e9partementale des routes/DIR Est","version":"1"}},{"type":"Feature","id":"260928-000611-1","geometry":{"type":"Point","coordinates":[1.493963,45.190468]},"properties":{"event_type":"roadwork","datex_type":"ConstructionWorks","description":"R\u00e9novation d'un ouvrage d'art.","road_name":"A20","commune":"Ussac","start_time":"2026-09-28T08:44:46.285+02:00","end_time":"2026-10-02T18:00:00.000+02:00","source":"Direction interd\u00e9partementale des routes/DIR Centre-Ouest","version":"2"}},{"type":"Feature","id":"260928-000611-2","geometry":{"type":"Point","coordinates":[1.493963,45.190468]},"properties":{"event_type":"roadwork","datex_type":"RoadOrCarriagewayOrLaneManagement","description":"Point particulier : d\u00e9but : situ\u00e9 2636 m au nord de Brive Cana - Objat, fin : situ\u00e9 4917 m au sud de Donzenac ouest - Allassac DIR Centre-Ouest/District A20/CEI Brive De Toulouse vers Paris","road_name":"A20","commune":"Ussac","start_time":"2026-09-28T08:44:46.285+02:00","end_time":"2026-10-02T18:00:00.000+02:00","source":"Direction interd\u00e9partementale des routes/DIR Centre-Ouest","version":"2"}},{"type":"Feature","id":"260928-000611-3","geometry":{"type":"Point","coordinates":[1.4921182,45.186295]},"properties":{"event_type":"roadwork","datex_type":"RoadOrCarriagewayOrLaneManagement","description":"Point particulier : d\u00e9but : situ\u00e9 3624 m au sud de Donzenac ouest - Allassac, fin : situ\u00e9 2636 m au nord de Brive Cana - Objat DIR Centre-Ouest/District A20/CEI Brive De Paris vers Toulouse","road_name":"A20","commune":"Ussac","start_time":"2026-09-28T08:44:46.285+02:00","end_time":"2026-10-02T18:00:00.000+02:00","source":"Direction interd\u00e9partementale des routes/DIR Centre-Ouest","version":"2"}},{"type":"Feature","id":"260928-001047-1","geometry":{"type":"Point","coordinates":[1.8357923,42.672836]},"properties":{"event_type":"roadwork","datex_type":"MaintenanceWorks","description":"A-138-RN20-2026","road_name":"N20","commune":"M\u00e9rens-les-Vals","start_time":"2026-10-21T08:00:00.000+02:00","end_time":"2026-10-21T17:00:00.000+02:00","source":"Direction interd\u00e9partementale des routes/DIR Sud-Ouest","version":"1"}},{"type":"Feature","id":"260928-001047-2","geometry":{"type":"Point","coordinates":[1.8357923,42.672836]},"properties":{"event_type":"roadwork","datex_type":"RoadOrCarriagewayOrLaneManagement","description":"Point particulier : d\u00e9but : situ\u00e9 5690 m au sud de Ax-les-Thermes, fin : situ\u00e9 11685 m au nord de L'Hospitalet-pr\u00e8s-l'Andorre DIR Sud-Ouest/District Sud (Foix)/CEI L'Hospitalet","road_name":"N20","commune":"M\u00e9rens-les-Vals","start_time":"2026-10-21T08:00:00.000+02:00","end_time":"2026-10-21T17:00:00.000+02:00","source":"Direction interd\u00e9partementale des routes/DIR Sud-Ouest","version":"1"}},{"type":"Feature","id":"260928-001004-1","geometry":{"type":"Point","coordinates":[1.8237289,42.536793]},"properties":{"event_type":"roadwork","datex_type":"MaintenanceWorks","description":"Travaux de maintenance\nA-137-RN20-2026","road_name":"N523","commune":"Porta","start_time":"2026-10-06T20:00:00.000+02:00","end_time":"2026-10-07T06:00:00.000+02:00","source":"Direction interd\u00e9partementale des routes/DIR Sud-Ouest","version":"2"}},{"type":"Feature","id":"260928-001004-2","geometry":{"type":"Point","coordinates":[1.8237289,42.536793]},"properties":{"event_type":"roadwork","datex_type":"RoadOrCarriagewayOrLaneManagement","description":"ASF","road_name":"N523","commune":"Porta","start_time":"2026-10-06T20:00:00.000+02:00","end_time":"2026-10-07T06:00:00.000+02:00","source":"Direction interd\u00e9partementale des routes/DIR Sud-Ouest","version":"2"}},{"type":"Feature","id":"260928-001004-3","geometry":{"type":"Point","coordinates":[1.8237289,42.536793]},"properties":{"event_type":"roadwork","datex_type":"ReroutingManagement","description":"ASF","road_name":"N523","commune":"Porta","start_time":"2026-10-06T20:00:00.000+02:00","end_time":"2026-10-07T06:00:00.000+02:00","source":"Direction interd\u00e9partementale des routes/DIR Sud-Ouest","version":"2"}},{"type":"Feature","id":"260928-001110-1","geometry":{"type":"Point","coordinates":[4.981052,48.62028]},"properties":{"event_type":"roadwork","datex_type":"MaintenanceWorks","description":"situ\u00e9 225 m \u00e0 l'ouest de Marnaval GE_DIRE/Service r\u00e9gional d\u2019exploitation Grand Est (SREX)/District Vitry-Le-Fran\u00e7ois/CEI Saint-Dizier sur bretelle de sortie De Paris vers Allemagne - Freiburg-im-Breisgau","road_name":"N4","commune":"Saint-Dizier","start_time":"2026-09-28T11:35:12.343+02:00","end_time":"","source":"Direction interd\u00e9partementale des routes/DIR Est","version":"1"}},{"type":"Feature","id":"260928-001113-1","geometry":{"type":"Point","coordinates":[1.7912848,50.112217]},"properties":{"event_type":"roadwork","datex_type":"MaintenanceWorks","description":"Point particulier : d\u00e9but : situ\u00e9 0 m au sud de Abbeville nord, fin : situ\u00e9 525 m au nord de Val-de-Somme DIR Nord-Ouest/District Rouen/PE Nord/CEI Bouttencourt De Abbeville vers Rouen","road_name":"A28","commune":"Cambron","start_time":"2026-09-28T11:35:52.337+02:00","end_time":"","source":"Direction interd\u00e9partementale des routes/DIR Nord-Ouest","version":"7"}},{"type":"Feature","id":"260928-001113-102","geometry":{"type":"Point","coordinates":[1.791902,50.112934]},"properties":{"event_type":"roadwork","datex_type":"RoadOrCarriagewayOrLaneManagement","description":"La mesure est obligatoire","road_name":"A28","commune":"Cambron","start_time":"2026-09-28T11:37:53.431+02:00","end_time":"","source":"Direction interd\u00e9partementale des routes/DIR Nord-Ouest","version":"6"}},{"type":"Feature","id":"260928-001113-104","geometry":{"type":"Point","coordinates":[1.7881603,50.10819]},"properties":{"event_type":"info","datex_type":"GeneralNetworkManagement","description":"La mesure est obligatoire","road_name":"A28","commune":"Cambron","start_time":"2026-09-28T11:42:03.465+02:00","end_time":"","source":"Direction interd\u00e9partementale des routes/DIR Nord-Ouest","version":"4"}},{"type":"Feature","id":"260928-001113-103","geometry":{"type":"Point","coordinates":[1.777295,50.094738]},"properties":{"event_type":"roadwork","datex_type":"RoadOrCarriagewayOrLaneManagement","description":"La mesure est obligatoire","road_name":"A28","commune":"Cambron","start_time":"2026-09-28T11:39:39.821+02:00","end_time":"","source":"Direction interd\u00e9partementale des routes/DIR Nord-Ouest","version":"5"}},{"type":"Feature","id":"260928-001113-105","geometry":{"type":"Point","coordinates":[1.7882924,50.108116]},"properties":{"event_type":"info","datex_type":"GeneralNetworkManagement","description":"La mesure est obligatoire","road_name":"A28","commune":"Cambron","start_time":"2026-09-28T11:47:36.950+02:00","end_time":"","source":"Direction interd\u00e9partementale des routes/DIR Nord-Ouest","version":"2"}},{"type":"Feature","id":"260928-001113-106","geometry":{"type":"Point","coordinates":[1.777734,50.095592]},"properties":{"event_type":"info","datex_type":"GeneralNetworkManagement","description":"La mesure est obligatoire","road_name":"A28","commune":"Cambron","start_time":"2026-09-28T11:53:37.811+02:00","end_time":"","source":"Direction interd\u00e9partementale des routes/DIR Nord-Ouest","version":"1"}},{"type":"Feature","id":"260928-001153-1","geometry":{"type":"Point","coordinates":[4.5220103,49.90527]},"properties":{"event_type":"info","datex_type":"GeneralNetworkManagement","description":"DIR Nord/District Reims-Ardennes/CEI de Charleville-M\u00e9zi\u00e8res","road_name":"A304","commune":"Rocroi","start_time":"2026-10-15T08:00:00.000+02:00","end_time":"2026-10-15T17:00:00.000+02:00","source":"Direction interd\u00e9partementale des routes/DIR Nord","version":"1"}},{"type":"Feature","id":"260923-002235-1","geometry":{"type":"Point","coordinates":[1.6381654,42.91877]},"properties":{"event_type":"roadwork","datex_type":"MaintenanceWorks","description":"A-125-2026 RN20    RENOUVELLEMENT DE LA COUCHE DE ROULEMENT\nLe chantier sera r\u00e9alis\u00e9 de jour sous basculement. Le basculement sera conserv\u00e9 les nuits et we pendant toute la dur\u00e9e de la phase\nLa circulation sera limit\u00e9e \u00e0 50 km/h au droit du basculement et \u00e0 70 km/h sur la partie bidirectionnelle ;\n1 phase du 28 septembre au 06 octobre 2026:sens Andorre / Toulouse \u02b3\u1d49\n- 28 septembre : Basculement et fermetures bretelles des \u00e9changeurs concern\u00e9s\n- du 29 septembre au 05 octobre : travaux chauss\u00e9es et signalisation horizontale\n- 06 octobre : D\u00e9basculement et ouverture bretelles des \u00e9changeurs concern\u00e9s","road_name":"N20","commune":"Saint-Paul-de-Jarrat","start_time":"2026-09-28T13:50:00.000+02:00","end_time":"2026-10-06T17:00:00.000+02:00","source":"Direction interd\u00e9partementale des routes/DIR Sud-Ouest","version":"6"}},{"type":"Feature","id":"260923-002235-102","geometry":{"type":"Point","coordinates":[1.6222833,42.949623]},"properties":{"event_type":"roadwork","datex_type":"RoadOrCarriagewayOrLaneManagement","description":"Point particulier : d\u00e9but : situ\u00e9 8843 m au nord de Tarascon-sur-Ari\u00e8ge nord, fin : situ\u00e9 6705 m au sud de Saint-Jean-de-Verges DIR Sud-Ouest/District Sud (Foix)/CEI Saint-Paul-de-Jarrat De Bourg-Madame - Espagne vers Pamiers","road_name":"N20","commune":"Foix","start_time":"2026-09-28T13:50:00.000+02:00","end_time":"2026-10-06T17:00:00.000+02:00","source":"Direction interd\u00e9partementale des routes/DIR Sud-Ouest","version":"4"}},{"type":"Feature","id":"260923-002235-103","geometry":{"type":"Point","coordinates":[1.6381654,42.91877]},"properties":{"event_type":"roadwork","datex_type":"RoadOrCarriagewayOrLaneManagement","description":"Point particulier : d\u00e9but : situ\u00e9 6706 m au sud de Saint-Jean-de-Verges, fin : situ\u00e9 8882 m au nord de Tarascon-sur-Ari\u00e8ge nord DIR Sud-Ouest/District Sud (Foix)/CEI Saint-Paul-de-Jarrat","road_name":"N20","commune":"Saint-Paul-de-Jarrat","start_time":"2026-09-28T13:50:00.000+02:00","end_time":"2026-10-06T17:00:00.000+02:00","source":"Direction interd\u00e9partementale des routes/DIR Sud-Ouest","version":"4"}},{"type":"Feature","id":"260928-001439-1","geometry":{"type":"Point","coordinates":[6.560659,44.782597]},"properties":{"event_type":"roadwork","datex_type":"ConstructionWorks","description":"Alternat par feux, travaux de s\u00e9curisation","road_name":"N94","commune":"L'Argenti\u00e8re-la-Bess\u00e9e","start_time":"2026-09-29T00:01:00.000+02:00","end_time":"2026-11-06T18:00:00.000+01:00","source":"Direction interd\u00e9partementale des routes/DIR M\u00e9diterran\u00e9e","version":"2"}},{"type":"Feature","id":"260928-001439-102","geometry":{"type":"Point","coordinates":[6.5625086,44.7941]},"properties":{"event_type":"roadwork","datex_type":"RoadOrCarriagewayOrLaneManagement","description":"Pendant la fermeture, une d\u00e9viation sera mise en place comme suit pour les liaisons Gap-Brian\u00e7on :\n  \u25e6 les v\u00e9hicules ayant un PTAC inf\u00e9rieure \u00e0 26 tonnes et de hauteur inf\u00e9rieure \u00e0 4,2 m\u00e8tres  sont autoris\u00e9s \u00e0 emprunter la d\u00e9viation par\u00a0le centre ville\n  \u25e6 les v\u00e9hicules avec un PTAC sup\u00e9rieur 26 tonnes et de hauteur inf\u00e9rieure 4,2 m\u00e8tres sont autoris\u00e9s \u00e0 emprunter la d\u00e9viation\u00a0ci dessus :\n         \u25e6 \u00e0 toute heure lorsqu'il s'agit d'effectuer une livraison sur la commune de L\u2019Argenti\u00e8re-la-Bess\u00e9e ou pour le transport de voyageurs ;\n         \u25e6 entre 22h00 et 6h00, pour le transit strictement en desserte locale (aller et retour) interne au d\u00e9partement des Hautes Alpes de denr\u00e9es alimentaires et d\u2019\u00e9nergie.","road_name":"N94","commune":"L'Argenti\u00e8re-la-Bess\u00e9e","start_time":"2026-10-05T06:00:00.000+02:00","end_time":"2026-10-09T18:00:00.000+02:00","source":"Direction interd\u00e9partementale des routes/DIR M\u00e9diterran\u00e9e","version":"1"}},{"type":"Feature","id":"260916-004492-1","geometry":{"type":"Point","coordinates":[3.7863624,46.21805]},"properties":{"event_type":"roadwork","datex_type":"MaintenanceWorks","description":"Travaux de r\u00e9fection de chauss\u00e9e programm\u00e9s de jour comme de nuit sur la p\u00e9riode.","road_name":"N7","commune":"Saint-Pierre-Laval","start_time":"2026-09-28T15:11:00.000+02:00","end_time":"2026-10-23T18:00:00.000+02:00","source":"Direction interd\u00e9partementale des routes/AURA_DIRCE","version":"2"}},{"type":"Feature","id":"260916-004492-2","geometry":{"type":"Point","coordinates":[3.7808018,46.218533]},"properties":{"event_type":"roadwork","datex_type":"RoadOrCarriagewayOrLaneManagement","description":"Point particulier : d\u00e9but : situ\u00e9 2440 m \u00e0 l'ouest de Saint-Martin-d'estr\u00e9aux, fin : situ\u00e9 8147 m \u00e0 l'est de Godini\u00e8re AURA_DIRCE/District Moulins/CEI Varennes-sur-Allier","road_name":"N7","commune":"Saint-Pierre-Laval","start_time":"2026-09-28T15:11:00.000+02:00","end_time":"2026-10-23T18:00:00.000+02:00","source":"Direction interd\u00e9partementale des routes/AURA_DIRCE","version":"2"}},{"type":"Feature","id":"260916-004492-3","geometry":{"type":"Point","coordinates":[3.7808018,46.218533]},"properties":{"event_type":"roadwork","datex_type":"ReroutingManagement","description":"Point particulier : d\u00e9but : situ\u00e9 2440 m \u00e0 l'ouest de Saint-Martin-d'estr\u00e9aux, fin : situ\u00e9 8147 m \u00e0 l'est de Godini\u00e8re AURA_DIRCE/District Moulins/CEI Varennes-sur-Allier","road_name":"N7","commune":"Saint-Pierre-Laval","start_time":"2026-09-28T15:11:00.000+02:00","end_time":"2026-10-23T18:00:00.000+02:00","source":"Direction interd\u00e9partementale des routes/AURA_DIRCE","version":"2"}},{"type":"Feature","id":"260916-004492-4","geometry":{"type":"Point","coordinates":[3.7877648,46.217587]},"properties":{"event_type":"roadwork","datex_type":"RoadOrCarriagewayOrLaneManagement","description":"La circulation du sens 1 est bascul\u00e9e sur la voie de gauche du sens 2 avec limitation de vitesse adapt\u00e9e.","road_name":"N7","commune":"Saint-Martin-d'Estr\u00e9aux","start_time":"2026-09-28T15:11:00.000+02:00","end_time":"2026-10-23T18:00:00.000+02:00","source":"Direction interd\u00e9partementale des routes/AURA_DIRCE","version":"2"}},{"type":"Feature","id":"260916-004492-5","geometry":{"type":"Point","coordinates":[3.7877648,46.217587]},"properties":{"event_type":"roadwork","datex_type":"ReroutingManagement","description":"Sortie n\u00b01 de l'\u00e9changeur 57 (Le Grand Remblai au PR 71+060) ferm\u00e9e.","road_name":"N7","commune":"Saint-Martin-d'Estr\u00e9aux","start_time":"2026-09-28T15:11:00.000+02:00","end_time":"2026-10-23T18:00:00.000+02:00","source":"Direction interd\u00e9partementale des routes/AURA_DIRCE","version":"2"}},{"type":"Feature","id":"260916-004492-6","geometry":{"type":"Point","coordinates":[3.7877648,46.217587]},"properties":{"event_type":"roadwork","datex_type":"ReroutingManagement","description":"Point particulier : d\u00e9but : situ\u00e9 5142 m \u00e0 l'est de Lapalisse, fin : situ\u00e9 2521 m \u00e0 l'ouest de Saint-Martin-d'estr\u00e9aux AURA_DIRCE/District Moulins/CEI Varennes-sur-Allier","road_name":"N7","commune":"Saint-Martin-d'Estr\u00e9aux","start_time":"2026-09-28T15:11:00.000+02:00","end_time":"2026-10-23T18:00:00.000+02:00","source":"Direction interd\u00e9partementale des routes/AURA_DIRCE","version":"2"}},{"type":"Feature","id":"260916-004492-7","geometry":{"type":"Point","coordinates":[3.7877648,46.217587]},"properties":{"event_type":"roadwork","datex_type":"ReroutingManagement","description":"Bretelle d'entr\u00e9e n\u00b02 de l'\u00e9changeur 57 (Le Grand Remblai) ferm\u00e9e.","road_name":"N7","commune":"Saint-Martin-d'Estr\u00e9aux","start_time":"2026-09-28T15:11:00.000+02:00","end_time":"2026-10-23T18:00:00.000+02:00","source":"Direction interd\u00e9partementale des routes/AURA_DIRCE","version":"2"}},{"type":"Feature","id":"260916-004492-8","geometry":{"type":"Point","coordinates":[3.7877648,46.217587]},"properties":{"event_type":"roadwork","datex_type":"ReroutingManagement","description":"Point particulier : d\u00e9but : situ\u00e9 5142 m \u00e0 l'est de Lapalisse, fin : situ\u00e9 2521 m \u00e0 l'ouest de Saint-Martin-d'estr\u00e9aux AURA_DIRCE/District Moulins/CEI Varennes-sur-Allier","road_name":"N7","commune":"Saint-Martin-d'Estr\u00e9aux","start_time":"2026-09-28T15:11:00.000+02:00","end_time":"2026-10-23T18:00:00.000+02:00","source":"Direction interd\u00e9partementale des routes/AURA_DIRCE","version":"2"}},{"type":"Feature","id":"260916-004492-9","geometry":{"type":"Point","coordinates":[3.7877648,46.217587]},"properties":{"event_type":"roadwork","datex_type":"ReroutingManagement","description":"Bretelle de sortie n\u00b01 de l'\u00e9changeur 58 (Saint-Martin au PR 81+147) ferm\u00e9e.","road_name":"N7","commune":"Saint-Martin-d'Estr\u00e9aux","start_time":"2026-09-28T15:11:00.000+02:00","end_time":"2026-10-23T18:00:00.000+02:00","source":"Direction interd\u00e9partementale des routes/AURA_DIRCE","version":"2"}},{"type":"Feature","id":"260916-004492-10","geometry":{"type":"Point","coordinates":[3.7877648,46.217587]},"properties":{"event_type":"roadwork","datex_type":"ReroutingManagement","description":"Point particulier : d\u00e9but : situ\u00e9 5142 m \u00e0 l'est de Lapalisse, fin : situ\u00e9 2521 m \u00e0 l'ouest de Saint-Martin-d'estr\u00e9aux AURA_DIRCE/District Moulins/CEI Varennes-sur-Allier","road_name":"N7","commune":"Saint-Martin-d'Estr\u00e9aux","start_time":"2026-09-28T15:11:00.000+02:00","end_time":"2026-10-23T18:00:00.000+02:00","source":"Direction interd\u00e9partementale des routes/AURA_DIRCE","version":"2"}},{"type":"Feature","id":"260928-000536-105","geometry":{"type":"Point","coordinates":[1.6163085,46.800728]},"properties":{"event_type":"roadwork","datex_type":"RoadOrCarriagewayOrLaneManagement","description":"basculement de la circulation du sens Paris vers Toulouse sur le sens Toulouse vers Paris","road_name":"A20","commune":"Saint-Maur","start_time":"2026-09-28T15:34:01.262+02:00","end_time":"2026-10-01T18:00:00.000+02:00","source":"Direction interd\u00e9partementale des routes/DIR Centre-Ouest","version":"3"}},{"type":"Feature","id":"260928-000536-1","geometry":{"type":"Point","coordinates":[1.6250217,46.78779]},"properties":{"event_type":"roadwork","datex_type":"MaintenanceWorks","description":"Point particulier : d\u00e9but : situ\u00e9 178 m au sud de Ch\u00e2teauroux Saint-Christophe, fin : situ\u00e9 2365 m au nord de Ch\u00e2teauroux Saint-Maur DIR Centre-Ouest/District A20/CEI Argenton","road_name":"A20","commune":"Saint-Maur","start_time":"2026-09-28T08:28:06.926+02:00","end_time":"2026-10-01T18:00:00.000+02:00","source":"Direction interd\u00e9partementale des routes/DIR Centre-Ouest","version":"5"}},{"type":"Feature","id":"260928-000536-2","geometry":{"type":"Point","coordinates":[1.6169881,46.798065]},"properties":{"event_type":"roadwork","datex_type":"RoadOrCarriagewayOrLaneManagement","description":"Point particulier : d\u00e9but : situ\u00e9 178 m au sud de Ch\u00e2teauroux Saint-Christophe, fin : situ\u00e9 363 m au nord de Ch\u00e2teauroux DIR Centre-Ouest/District A20/CEI Argenton De Paris vers Toulouse","road_name":"A20","commune":"Saint-Maur","start_time":"2026-09-28T08:28:06.926+02:00","end_time":"2026-10-01T18:00:00.000+02:00","source":"Direction interd\u00e9partementale des routes/DIR Centre-Ouest","version":"5"}},{"type":"Feature","id":"260928-000536-104","geometry":{"type":"Point","coordinates":[1.6253955,46.81908]},"properties":{"event_type":"roadwork","datex_type":"RoadOrCarriagewayOrLaneManagement","description":"Point particulier : d\u00e9but : situ\u00e9 2365 m au nord de Ch\u00e2teauroux Saint-Maur, fin : situ\u00e9 955 m au sud de Ch\u00e2teauroux Saint-Christophe DIR Centre-Ouest/District A20/CEI Argenton De Toulouse vers Paris","road_name":"A20","commune":"Saint-Maur","start_time":"2026-09-28T09:40:54.126+02:00","end_time":"2026-10-01T18:00:00.000+02:00","source":"Direction interd\u00e9partementale des routes/DIR Centre-Ouest","version":"4"}},{"type":"Feature","id":"260821-001008-1","geometry":{"type":"Point","coordinates":[4.306367,46.62741]},"properties":{"event_type":"roadwork","datex_type":"MaintenanceWorks","description":"Jours et nuits","road_name":"N70","commune":"Ciry-le-Noble","start_time":"2026-08-26T07:00:00.000+02:00","end_time":"2026-10-09T18:00:00.000+02:00","source":"Direction interd\u00e9partementale des routes/DIR Centre-Est","version":"11"}},{"type":"Feature","id":"260821-001008-2","geometry":{"type":"Point","coordinates":[4.306367,46.62741]},"properties":{"event_type":"roadwork","datex_type":"RoadOrCarriagewayOrLaneManagement","description":"Jours et nuits","road_name":"N70","commune":"Ciry-le-Noble","start_time":"2026-08-26T07:00:00.000+02:00","end_time":"2026-10-09T18:00:00.000+02:00","source":"Direction interd\u00e9partementale des routes/DIR Centre-Est","version":"11"}},{"type":"Feature","id":"260821-001008-103","geometry":{"type":"Point","coordinates":[4.315177,46.63118]},"properties":{"event_type":"roadwork","datex_type":"RoadOrCarriagewayOrLaneManagement","description":"Point particulier : d\u00e9but : situ\u00e9 5051 m au nord de 42096, fin : situ\u00e9 10205 m au sud de Montceau-les-Mines Blanzy DIR Centre-Est/District M\u00e2con/CEI Montchanin De Paray-le-Monial vers Montceau-les-Mines","road_name":"N70","commune":"Ciry-le-Noble","start_time":"2026-09-28T11:04:39.003+02:00","end_time":"2026-10-09T18:00:00.000+02:00","source":"Direction interd\u00e9partementale des routes/DIR Centre-Est","version":"2"}},{"type":"Feature","id":"260928-002240-1","geometry":{"type":"Point","coordinates":[0.6792802,42.925377]},"properties":{"event_type":"roadwork","datex_type":"MaintenanceWorks","description":"Travaux de changement de signalisation directionnelle\nA-139-2026 RN125","road_name":"N125","commune":"Eup","start_time":"2026-10-05T08:00:00.000+02:00","end_time":"2026-10-14T17:00:00.000+02:00","source":"Direction interd\u00e9partementale des routes/DIR Sud-Ouest","version":"1"}},{"type":"Feature","id":"260928-002240-2","geometry":{"type":"Point","coordinates":[0.6792802,42.925377]},"properties":{"event_type":"roadwork","datex_type":"RoadOrCarriagewayOrLaneManagement","description":"La longueur de l\u2019alternat ne pourra pas exc\u00e9der 100 m\u00e8tres","road_name":"N125","commune":"Eup","start_time":"2026-10-05T08:00:00.000+02:00","end_time":"2026-10-14T17:00:00.000+02:00","source":"Direction interd\u00e9partementale des routes/DIR Sud-Ouest","version":"1"}},{"type":"Feature","id":"260928-002240-3","geometry":{"type":"Point","coordinates":[0.6792802,42.925377]},"properties":{"event_type":"roadwork","datex_type":"SpeedManagement","description":"DIR Sud-Ouest/District Sud (Foix)/CEI Chaum","road_name":"N125","commune":"Eup","start_time":"2026-10-05T08:00:00.000+02:00","end_time":"2026-10-14T17:00:00.000+02:00","source":"Direction interd\u00e9partementale des routes/DIR Sud-Ouest","version":"1"}},{"type":"Feature","id":"260928-002240-4","geometry":{"type":"Point","coordinates":[0.6792802,42.925377]},"properties":{"event_type":"info","datex_type":"GeneralInstructionOrMessageToRoadUsers","description":"DIR Sud-Ouest/District Sud (Foix)/CEI Chaum","road_name":"N125","commune":"Eup","start_time":"2026-10-05T08:00:00.000+02:00","end_time":"2026-10-14T17:00:00.000+02:00","source":"Direction interd\u00e9partementale des routes/DIR Sud-Ouest","version":"1"}},{"type":"Feature","id":"260928-002228-1","geometry":{"type":"Point","coordinates":[1.7673134,42.557816]},"properties":{"event_type":"roadwork","datex_type":"MaintenanceWorks","description":"A-140-2026 RN22\nTravaux d'enfouissement de c\u00e2bles","road_name":"N22","commune":"Porta","start_time":"2026-10-15T08:00:00.000+02:00","end_time":"2026-10-15T18:00:00.000+02:00","source":"Direction interd\u00e9partementale des routes/DIR Sud-Ouest","version":"2"}},{"type":"Feature","id":"260928-002228-2","geometry":{"type":"Point","coordinates":[1.7673134,42.557816]},"properties":{"event_type":"roadwork","datex_type":"RoadOrCarriagewayOrLaneManagement","description":"la circulation sera altern\u00e9e par piquets K10","road_name":"N22","commune":"Porta","start_time":"2026-10-15T08:00:00.000+02:00","end_time":"2026-10-15T18:00:00.000+02:00","source":"Direction interd\u00e9partementale des routes/DIR Sud-Ouest","version":"2"}},{"type":"Feature","id":"260928-002228-3","geometry":{"type":"Point","coordinates":[1.7673134,42.557816]},"properties":{"event_type":"roadwork","datex_type":"SpeedManagement","description":"Point particulier : d\u00e9but : situ\u00e9 1606 m \u00e0 l'ouest de Le Poste de Douane, fin : situ\u00e9 3848 m \u00e0 l'est de Pas de la Case DIR Sud-Ouest/District Sud (Foix)/CEI L'Hospitalet","road_name":"N22","commune":"Porta","start_time":"2026-10-15T08:00:00.000+02:00","end_time":"2026-10-15T18:00:00.000+02:00","source":"Direction interd\u00e9partementale des routes/DIR Sud-Ouest","version":"2"}},{"type":"Feature","id":"260928-002228-4","geometry":{"type":"Point","coordinates":[1.7673134,42.557816]},"properties":{"event_type":"info","datex_type":"GeneralInstructionOrMessageToRoadUsers","description":"Point particulier : d\u00e9but : situ\u00e9 1606 m \u00e0 l'ouest de Le Poste de Douane, fin : situ\u00e9 3848 m \u00e0 l'est de Pas de la Case DIR Sud-Ouest/District Sud (Foix)/CEI L'Hospitalet","road_name":"N22","commune":"Porta","start_time":"2026-10-15T08:00:00.000+02:00","end_time":"2026-10-15T18:00:00.000+02:00","source":"Direction interd\u00e9partementale des routes/DIR Sud-Ouest","version":"2"}},{"type":"Feature","id":"260922-005854-1","geometry":{"type":"Point","coordinates":[-1.2178425,46.17303]},"properties":{"event_type":"roadwork","datex_type":"RoadOrCarriagewayOrLaneManagement","description":"La mesure est obligatoire","road_name":"N237","commune":"La Rochelle","start_time":"2026-09-28T22:00:00.000+02:00","end_time":"2026-10-02T05:00:00.000+02:00","source":"Direction interd\u00e9partementale des routes/DIR Atlantique","version":"3"}},{"type":"Feature","id":"260928-002460-1","geometry":{"type":"Point","coordinates":[3.3159003,50.340992]},"properties":{"event_type":"roadwork","datex_type":"MaintenanceWorks","description":"Point particulier : d\u00e9but : situ\u00e9 1456 m \u00e0 l'ouest de Escaudain, fin : situ\u00e9 507 m \u00e0 l'est de 27577 DIR Nord/District Amiens Valenciennes/CEI la Sentinelle De Douchy-les-Mines (A2) vers Aix-Noulette (A26)","road_name":"A21","commune":"Escaudain","start_time":"2026-09-28T21:00:05.000+02:00","end_time":"","source":"Direction interd\u00e9partementale des routes/DIR Nord","version":"4"}},{"type":"Feature","id":"260924-004366-1","geometry":{"type":"Point","coordinates":[-1.5734082,48.122482]},"properties":{"event_type":"roadwork","datex_type":"MaintenanceWorks","description":"Point particulier : d\u00e9but : situ\u00e9 2543 m \u00e0 l'ouest de Rennes Porte de Tiz\u00e9, fin : situ\u00e9 1068 m \u00e0 l'est de Rennes Porte de la Rigourdi\u00e8re DIR Ouest/District de Rennes/CEI de Rennes","road_name":"N136","commune":"Cesson-S\u00e9vign\u00e9","start_time":"2026-09-28T20:00:00.000+02:00","end_time":"2026-10-02T04:30:00.000+02:00","source":"Direction interd\u00e9partementale des routes/DIR Ouest","version":"2"}},{"type":"Feature","id":"260924-004444-1","geometry":{"type":"Point","coordinates":[-1.5746799,48.11517]},"properties":{"event_type":"roadwork","datex_type":"MaintenanceWorks","description":"Point particulier : d\u00e9but : situ\u00e9 157 m \u00e0 l'ouest de La Goulgati\u00e8re, fin : situ\u00e9 88 m \u00e0 l'est de Cesson - Porte de la Rigourdi\u00e8 DIR Ouest/District de Rennes/CEI de Ch\u00e2teaubourg","road_name":"N157","commune":"Cesson-S\u00e9vign\u00e9","start_time":"2026-09-28T20:00:00.000+02:00","end_time":"2026-10-02T04:30:00.000+02:00","source":"Direction interd\u00e9partementale des routes/DIR Ouest","version":"2"}},{"type":"Feature","id":"260810-002458-1","geometry":{"type":"Point","coordinates":[5.998491,47.320625]},"properties":{"event_type":"roadwork","datex_type":"MaintenanceWorks","description":"Restrictions de vitesse localis\u00e9es.","road_name":"N57","commune":"Devecey","start_time":"2026-08-17T09:13:00.000+02:00","end_time":"2026-11-13T17:45:00.000+01:00","source":"Direction interd\u00e9partementale des routes/DIR Est","version":"23"}},{"type":"Feature","id":"260924-004881-1","geometry":{"type":"Point","coordinates":[6.1730328,47.627754]},"properties":{"event_type":"roadwork","datex_type":"MaintenanceWorks","description":"Chauss\u00e9e r\u00e9tr\u00e9cie au droit du chantier.\nAdaptez votre vitesse.","road_name":"N19","commune":"Frotey-l\u00e8s-Vesoul","start_time":"2026-09-29T08:37:00.000+02:00","end_time":"2026-10-02T15:45:00.000+02:00","source":"Direction interd\u00e9partementale des routes/DIR Est","version":"3"}},{"type":"Feature","id":"260924-004890-102","geometry":{"type":"Point","coordinates":[6.161435,47.63228]},"properties":{"event_type":"roadwork","datex_type":"RoadOrCarriagewayOrLaneManagement","description":"Voie de droite neutralis\u00e9e.\nLa mesure est obligatoire","road_name":"N19","commune":"Vesoul","start_time":"2026-09-29T13:21:00.000+02:00","end_time":"2026-10-02T18:00:00.000+02:00","source":"Direction interd\u00e9partementale des routes/DIR Est","version":"7"}},{"type":"Feature","id":"260924-004890-1","geometry":{"type":"Point","coordinates":[6.161435,47.63228]},"properties":{"event_type":"roadwork","datex_type":"MaintenanceWorks","description":"Restrictions de vitesse localis\u00e9es.","road_name":"N19","commune":"Vesoul","start_time":"2026-09-29T13:19:00.000+02:00","end_time":"2026-10-02T18:00:00.000+02:00","source":"Direction interd\u00e9partementale des routes/DIR Est","version":"8"}},{"type":"Feature","id":"260928-000851-102","geometry":{"type":"Point","coordinates":[6.527626,47.666004]},"properties":{"event_type":"roadwork","datex_type":"RoadOrCarriagewayOrLaneManagement","description":"Voie de droite neutralis\u00e9e.\nLa mesure est obligatoire","road_name":"N19","commune":"Roye","start_time":"2026-09-28T09:51:00.000+02:00","end_time":"2026-10-06T16:00:00.000+02:00","source":"Direction interd\u00e9partementale des routes/DIR Est","version":"3"}},{"type":"Feature","id":"260928-000851-1","geometry":{"type":"Point","coordinates":[6.527626,47.666004]},"properties":{"event_type":"roadwork","datex_type":"MaintenanceWorks","description":"Restrictions de vitesse localis\u00e9es.","road_name":"N19","commune":"Roye","start_time":"2026-09-28T09:49:00.000+02:00","end_time":"2026-10-06T16:00:00.000+02:00","source":"Direction interd\u00e9partementale des routes/DIR Est","version":"4"}},{"type":"Feature","id":"260929-004441-1","geometry":{"type":"Point","coordinates":[0.5239483,46.485928]},"properties":{"event_type":"roadwork","datex_type":"MaintenanceWorks","description":"Point particulier : d\u00e9but : situ\u00e9 9614 m au nord de Lhommaiz\u00e9, fin : situ\u00e9 33 m au sud de Fleur\u00e9 DIR Centre-Ouest/District Poitiers/CEI Lussac-les-Ch\u00e2teaux De Limoges vers Poitiers","road_name":"N147","commune":"Fleur\u00e9","start_time":"2026-09-29T15:55:46.783+02:00","end_time":"2026-10-22T19:00:00.000+02:00","source":"Direction interd\u00e9partementale des routes/DIR Centre-Ouest","version":"1"}},{"type":"Feature","id":"260929-004441-2","geometry":{"type":"Point","coordinates":[0.5239483,46.485928]},"properties":{"event_type":"roadwork","datex_type":"RoadOrCarriagewayOrLaneManagement","description":"Point particulier : d\u00e9but : situ\u00e9 8569 m au nord de Lhommaiz\u00e9, fin : situ\u00e9 33 m au sud de Fleur\u00e9 DIR Centre-Ouest/District Poitiers/CEI Lussac-les-Ch\u00e2teaux De Limoges vers Poitiers","road_name":"N147","commune":"Fleur\u00e9","start_time":"2026-09-29T15:55:46.783+02:00","end_time":"2026-10-22T19:00:00.000+02:00","source":"Direction interd\u00e9partementale des routes/DIR Centre-Ouest","version":"1"}},{"type":"Feature","id":"260929-004441-3","geometry":{"type":"Point","coordinates":[0.5258087,46.48557]},"properties":{"event_type":"roadwork","datex_type":"RoadOrCarriagewayOrLaneManagement","description":"Point particulier : d\u00e9but : situ\u00e9 11963 m au sud de Poitiers, fin : situ\u00e9 12997 m au nord de Lhommaiz\u00e9 DIR Centre-Ouest/District Poitiers/CEI Lussac-les-Ch\u00e2teaux De Poitiers vers Limoges","road_name":"N147","commune":"Fleur\u00e9","start_time":"2026-09-29T15:55:46.783+02:00","end_time":"2026-10-22T19:00:00.000+02:00","source":"Direction interd\u00e9partementale des routes/DIR Centre-Ouest","version":"1"}},{"type":"Feature","id":"260929-004441-4","geometry":{"type":"Point","coordinates":[0.5405323,46.475075]},"properties":{"event_type":"roadwork","datex_type":"RoadOrCarriagewayOrLaneManagement","description":"basculement de chauss\u00e9e de Nantes vers limoges sur limoges vers Nantes","road_name":"N147","commune":"Lhommaiz\u00e9","start_time":"2026-09-29T15:55:46.783+02:00","end_time":"2026-10-22T19:00:00.000+02:00","source":"Direction interd\u00e9partementale des routes/DIR Centre-Ouest","version":"1"}},{"type":"Feature","id":"260929-004444-1","geometry":{"type":"Point","coordinates":[6.0145636,46.5511]},"properties":{"event_type":"roadwork","datex_type":"MaintenanceWorks","description":"Restrictions de vitesse localis\u00e9es.","road_name":"N5","commune":"Morbier","start_time":"2026-10-05T08:00:00.000+02:00","end_time":"2026-10-30T16:00:00.000+01:00","source":"Direction interd\u00e9partementale des routes/DIR Est","version":"1"}},{"type":"Feature","id":"260817-001259-1","geometry":{"type":"Point","coordinates":[3.0822423,47.096016]},"properties":{"event_type":"roadwork","datex_type":"MaintenanceWorks","description":"Point particulier : d\u00e9but : situ\u00e9 185 m au nord de Varennes-Vauzelles, fin : situ\u00e9 5561 m au sud de La Charit\u00e9-sur-Loire sud DIR Centre-Est/District La Charit\u00e9/CEI La Charit\u00e9-sur-Loire De Nevers vers Paris","road_name":"A77","commune":"Chaulgnes","start_time":"2026-08-25T12:22:00.000+02:00","end_time":"2026-10-02T18:00:00.000+02:00","source":"Direction interd\u00e9partementale des routes/DIR Centre-Est","version":"76"}},{"type":"Feature","id":"260817-001259-107","geometry":{"type":"Point","coordinates":[3.1337538,47.04557]},"properties":{"event_type":"roadwork","datex_type":"RoadOrCarriagewayOrLaneManagement","description":"De jour comme de nuit, week-end y compris.","road_name":"A77","commune":"Varennes-Vauzelles","start_time":"2026-08-24T14:03:00.000+02:00","end_time":"2026-10-02T18:00:00.000+02:00","source":"Direction interd\u00e9partementale des routes/DIR Centre-Est","version":"73"}},{"type":"Feature","id":"260817-001259-112","geometry":{"type":"Point","coordinates":[3.07238,47.10404]},"properties":{"event_type":"roadwork","datex_type":"RoadOrCarriagewayOrLaneManagement","description":"Point particulier : d\u00e9but : situ\u00e9 4188 m au nord de Varennes-Vauzelles, fin : situ\u00e9 4149 m au sud de La Charit\u00e9-sur-Loire sud DIR Centre-Est/District La Charit\u00e9/CEI La Charit\u00e9-sur-Loire De Nevers vers Paris","road_name":"A77","commune":"Chaulgnes","start_time":"2026-09-29T16:38:00.000+02:00","end_time":"2026-10-02T18:00:00.000+02:00","source":"Direction interd\u00e9partementale des routes/DIR Centre-Est","version":"67"}},{"type":"Feature","id":"260929-004654-1","geometry":{"type":"Point","coordinates":[-1.3413103,48.635517]},"properties":{"event_type":"roadwork","datex_type":"RoadOrCarriagewayOrLaneManagement","description":"La mesure est obligatoire","road_name":"N175","commune":"Poilley","start_time":"2026-09-29T17:05:08.701+02:00","end_time":"","source":"Direction interd\u00e9partementale des routes/DIR Nord-Ouest","version":"1"}},{"type":"Feature","id":"260929-004664-1","geometry":{"type":"Point","coordinates":[-1.3413103,48.635517]},"properties":{"event_type":"roadwork","datex_type":"ConstructionWorks","description":"DIR Nord-Ouest/District Manche-Calvados/PE Saint-L\u00f4/CEI Poilley De Caen vers Rennes","road_name":"N175","commune":"Poilley","start_time":"2026-09-29T17:07:12.687+02:00","end_time":"","source":"Direction interd\u00e9partementale des routes/DIR Nord-Ouest","version":"1"}},{"type":"Feature","id":"260929-004679-1","geometry":{"type":"Point","coordinates":[-1.3362867,48.622005]},"properties":{"event_type":"roadwork","datex_type":"ConstructionWorks","description":"Point particulier : d\u00e9but : situ\u00e9 373 m au sud de Pontaubault, fin : situ\u00e9 4249 m au nord de Aire de Pontaubault DIR Nord-Ouest/District Manche-Calvados/PE Saint-L\u00f4/CEI Poilley De Caen vers Rennes","road_name":"A84","commune":"Poilley","start_time":"2026-09-29T17:10:19.957+02:00","end_time":"","source":"Direction interd\u00e9partementale des routes/DIR Nord-Ouest","version":"1"}},{"type":"Feature","id":"260923-002312-1","geometry":{"type":"Point","coordinates":[1.7375549,42.547802]},"properties":{"event_type":"roadwork","datex_type":"MaintenanceWorks","description":"A-133(bis)-2026 RN22 (66)\nR\u00c9FECTION DE LA COUCHE DE ROULEMENT","road_name":"N22","commune":"Porta","start_time":"2026-09-29T20:00:00.000+02:00","end_time":"2026-10-02T06:00:00.000+02:00","source":"Direction interd\u00e9partementale des routes/DIR Sud-Ouest","version":"4"}},{"type":"Feature","id":"260923-002312-102","geometry":{"type":"Point","coordinates":[1.7375549,42.547802]},"properties":{"event_type":"roadwork","datex_type":"RoadOrCarriagewayOrLaneManagement","description":"la circulation sera altern\u00e9e par feux tricolores","road_name":"N22","commune":"Porta","start_time":"2026-09-29T20:00:00.000+02:00","end_time":"2026-10-02T06:00:00.000+02:00","source":"Direction interd\u00e9partementale des routes/DIR Sud-Ouest","version":"3"}},{"type":"Feature","id":"260923-002312-103","geometry":{"type":"Point","coordinates":[1.7375549,42.547802]},"properties":{"event_type":"roadwork","datex_type":"SpeedManagement","description":"Point particulier : d\u00e9but : situ\u00e9 1614 m \u00e0 l'ouest de L'Hospitalet, fin : situ\u00e9 485 m \u00e0 l'est de Pas de la Case DIR Sud-Ouest/District Sud (Foix)/CEI L'Hospitalet","road_name":"N22","commune":"Porta","start_time":"2026-09-29T20:00:00.000+02:00","end_time":"2026-10-02T06:00:00.000+02:00","source":"Direction interd\u00e9partementale des routes/DIR Sud-Ouest","version":"3"}},{"type":"Feature","id":"260923-002312-104","geometry":{"type":"Point","coordinates":[1.7375549,42.547802]},"properties":{"event_type":"info","datex_type":"GeneralInstructionOrMessageToRoadUsers","description":"Point particulier : d\u00e9but : situ\u00e9 1614 m \u00e0 l'ouest de L'Hospitalet, fin : situ\u00e9 485 m \u00e0 l'est de Pas de la Case DIR Sud-Ouest/District Sud (Foix)/CEI L'Hospitalet","road_name":"N22","commune":"Porta","start_time":"2026-09-29T20:00:00.000+02:00","end_time":"2026-10-02T06:00:00.000+02:00","source":"Direction interd\u00e9partementale des routes/DIR Sud-Ouest","version":"3"}},{"type":"Feature","id":"260910-012328-103","geometry":{"type":"Point","coordinates":[5.7041144,46.847042]},"properties":{"event_type":"roadwork","datex_type":"ReroutingManagement","description":"Fermeture de la bretelle n\u00b04 de l?\u00e9changeur du \u00abPRAD\u00bb \u00e0 Poligny (bretelle d?entr\u00e9e sur la RN83, dans le sens Poligny ? Lons-le-Saunier) et d\u00e9viation locale.","road_name":"N83","commune":"Poligny","start_time":"2026-09-14T20:08:00.000+02:00","end_time":"2026-10-02T06:00:00.000+02:00","source":"Direction interd\u00e9partementale des routes/DIR Est","version":"12"}},{"type":"Feature","id":"260910-012328-1","geometry":{"type":"Point","coordinates":[5.7041144,46.847042]},"properties":{"event_type":"roadwork","datex_type":"MaintenanceWorks","description":"Chantier chaque nuit hors week-end de 20h00 \u00e0 6h00.\nRestrictions de vitesse localis\u00e9es.","road_name":"N83","commune":"Poligny","start_time":"2026-09-14T20:09:00.000+02:00","end_time":"2026-10-02T06:00:00.000+02:00","source":"Direction interd\u00e9partementale des routes/DIR Est","version":"14"}},{"type":"Feature","id":"260910-012328-102","geometry":{"type":"Point","coordinates":[5.7041144,46.847042]},"properties":{"event_type":"roadwork","datex_type":"RoadOrCarriagewayOrLaneManagement","description":"Fermeture de la RN83 dans les deux sens de circulation et d\u00e9viations locales.\nLa mesure est obligatoire","road_name":"N83","commune":"Poligny","start_time":"2026-09-14T20:08:00.000+02:00","end_time":"2026-10-02T06:00:00.000+02:00","source":"Direction interd\u00e9partementale des routes/DIR Est","version":"13"}},{"type":"Feature","id":"260924-004362-1","geometry":{"type":"Point","coordinates":[-1.6976166,48.08281]},"properties":{"event_type":"roadwork","datex_type":"MaintenanceWorks","description":"Pontage fissures","road_name":"N136","commune":"Rennes","start_time":"2026-09-28T20:00:00.000+02:00","end_time":"2026-10-02T00:30:00.000+02:00","source":"Direction interd\u00e9partementale des routes/DIR Ouest","version":"2"}},{"type":"Feature","id":"260924-004299-1","geometry":{"type":"Point","coordinates":[-1.9187617,48.174488]},"properties":{"event_type":"roadwork","datex_type":"MaintenanceWorks","description":"Point particulier : d\u00e9but : situ\u00e9 251 m \u00e0 l'ouest de Pac\u00e9 - Vezin, fin : situ\u00e9 237 m \u00e0 l'est de Pleumeleuc - B\u00e9d\u00e9e DIR Ouest/District de Rennes/CEI de Pleumeleuc","road_name":"N12","commune":"Pleumeleuc","start_time":"2026-09-28T20:00:00.000+02:00","end_time":"2026-10-02T04:30:00.000+02:00","source":"Direction interd\u00e9partementale des routes/DIR Ouest","version":"7"}},{"type":"Feature","id":"260924-004299-106","geometry":{"type":"Point","coordinates":[-1.8446145,48.160324]},"properties":{"event_type":"roadwork","datex_type":"RoadOrCarriagewayOrLaneManagement","description":"voie de droite neutralis\u00e9e","road_name":"N12","commune":"Saint-Gilles","start_time":"2026-09-29T20:52:42.177+02:00","end_time":"2026-09-30T04:30:00.000+02:00","source":"Direction interd\u00e9partementale des routes/DIR Ouest","version":"3"}},{"type":"Feature","id":"260930-000136-1","geometry":{"type":"Point","coordinates":[3.12348,50.715096]},"properties":{"event_type":"roadwork","datex_type":"MaintenanceWorks","description":"Point particulier : d\u00e9but : situ\u00e9 276 m au sud de Tourcoing Les-Francs, fin : situ\u00e9 3402 m au nord de 12091 Hors voie de circulation DIR Nord/District Lille/CEI de Lille Ouest sur bretelle d'entr\u00e9e De Belgique - Kortrijk vers Lille","road_name":"A22","commune":"Bondues","start_time":"2026-09-29T05:05:47.000+02:00","end_time":"","source":"Direction interd\u00e9partementale des routes/DIR Nord","version":"2"}},{"type":"Feature","id":"260929-005204-103","geometry":{"type":"Point","coordinates":[-1.6738876,48.08081]},"properties":{"event_type":"roadwork","datex_type":"MaintenanceWorks","description":"Point particulier : d\u00e9but : situ\u00e9 2552 m au nord de Rennes - Porte d'Angers - Port, fin : situ\u00e9 938 m au sud de Rennes - Porte de Br\u00e9quigny DIR Ouest/District de Rennes/CEI de Rennes","road_name":"N136","commune":"Rennes","start_time":"2026-09-29T20:30:24.018+02:00","end_time":"","source":"Direction interd\u00e9partementale des routes/DIR Ouest","version":"8"}},{"type":"Feature","id":"260929-005204-1","geometry":{"type":"Point","coordinates":[-1.6414261,48.08433]},"properties":{"event_type":"roadwork","datex_type":"MaintenanceWorks","description":"situ\u00e9 137 m \u00e0 l'est de Rennes - Porte d'Angers - Port DIR Ouest/District de Rennes/CEI de Rennes","road_name":"N136","commune":"Rennes","start_time":"2026-09-29T20:30:24.018+02:00","end_time":"","source":"Direction interd\u00e9partementale des routes/DIR Ouest","version":"10"}},{"type":"Feature","id":"260930-000306-1","geometry":{"type":"Point","coordinates":[5.0996203,43.400284]},"properties":{"event_type":"roadwork","datex_type":"MaintenanceWorks","description":"Point particulier : d\u00e9but : situ\u00e9 993 m \u00e0 l'ouest de La M\u00e8de est, fin : situ\u00e9 1475 m \u00e0 l'est de Martigues centre DIR M\u00e9diterran\u00e9e/District Urbain/CEI Lav\u00e9ra De Marseille vers Martigues","road_name":"A55","commune":"Martigues","start_time":"2026-09-30T07:21:18.897+02:00","end_time":"","source":"Direction interd\u00e9partementale des routes/DIR M\u00e9diterran\u00e9e","version":"1"}},{"type":"Feature","id":"260930-000512-1","geometry":{"type":"Point","coordinates":[-0.5308762,43.170425]},"properties":{"event_type":"roadwork","datex_type":"MaintenanceWorks","description":"Point particulier : d\u00e9but : situ\u00e9 15940 m \u00e0 l'ouest de Gan, fin : situ\u00e9 101 m \u00e0 l'est de Herr\u00e8re DIR Atlantique/District d'Oloron-Sainte-Marie/CEI d'Oloron-Sainte-Marie De Pau vers Le Somport \u2013 Espagne","road_name":"N134","commune":"Herr\u00e8re","start_time":"2026-09-30T08:18:10.691+02:00","end_time":"","source":"Direction interd\u00e9partementale des routes/DIR Atlantique","version":"3"}},{"type":"Feature","id":"260930-000512-102","geometry":{"type":"Point","coordinates":[-0.5308762,43.170425]},"properties":{"event_type":"roadwork","datex_type":"RoadOrCarriagewayOrLaneManagement","description":"ATERNAT  UNIQUEMENT DE JOUR DE 8 H \u00e0 18H\nLa mesure est obligatoire","road_name":"N134","commune":"Herr\u00e8re","start_time":"2026-09-30T08:20:31.274+02:00","end_time":"","source":"Direction interd\u00e9partementale des routes/DIR Atlantique","version":"2"}},{"type":"Feature","id":"260925-000832-1","geometry":{"type":"Point","coordinates":[6.157612,48.7348]},"properties":{"event_type":"roadwork","datex_type":"MaintenanceWorks","description":"Point particulier : d\u00e9but : situ\u00e9 1080 m au nord de Nancy Gentilly, fin : situ\u00e9 1011 m au sud de Frouard Hors voie de circulation GE_DIRE/Service r\u00e9gional d\u2019exploitation Grand Est (SREX)/District Metz/CEI Champigneulles De Lyon vers Luxembourg","road_name":"A31","commune":"Champigneulles","start_time":"2026-09-25T11:20:28.559+02:00","end_time":"","source":"Direction interd\u00e9partementale des routes/DIR Est","version":"2"}},{"type":"Feature","id":"260930-000668-102","geometry":{"type":"Point","coordinates":[5.4643135,43.294807]},"properties":{"event_type":"roadwork","datex_type":"RoadOrCarriagewayOrLaneManagement","description":"La mesure est obligatoire","road_name":"A50","commune":"Marseille","start_time":"2026-09-30T09:09:59.019+02:00","end_time":"2026-09-30T17:00:00.000+02:00","source":"Direction interd\u00e9partementale des routes/DIR M\u00e9diterran\u00e9e","version":"2"}},{"type":"Feature","id":"260930-000668-1","geometry":{"type":"Point","coordinates":[5.4643135,43.294807]},"properties":{"event_type":"roadwork","datex_type":"MaintenanceWorks","description":"Point particulier : d\u00e9but : situ\u00e9 171 m \u00e0 l'ouest de La Valentine, fin : situ\u00e9 759 m \u00e0 l'est de Aire de La Pomme DIR M\u00e9diterran\u00e9e/District Urbain/CAM De Toulon vers Marseille","road_name":"A50","commune":"Marseille","start_time":"2026-09-30T09:09:07.087+02:00","end_time":"2026-09-30T17:00:00.000+02:00","source":"Direction interd\u00e9partementale des routes/DIR M\u00e9diterran\u00e9e","version":"3"}},{"type":"Feature","id":"260930-000759-1","geometry":{"type":"Point","coordinates":[-0.6650143,44.805916]},"properties":{"event_type":"roadwork","datex_type":"MaintenanceWorks","description":"Point particulier : d\u00e9but : situ\u00e9 29 m au nord de A630 / A63, fin : situ\u00e9 336 m au sud de Saint-Jean d'Illac DIR Atlantique/District de Gironde/CEI de Villenave-d'Ornon","road_name":"A630","commune":"Pessac","start_time":"2026-10-01T21:00:00.000+02:00","end_time":"","source":"Direction interd\u00e9partementale des routes/DIR Atlantique","version":"1"}},{"type":"Feature","id":"260930-000757-1","geometry":{"type":"Point","coordinates":[4.823759,45.269497]},"properties":{"event_type":"roadwork","datex_type":"ConstructionWorks","description":"Point particulier : d\u00e9but : situ\u00e9 23 m au sud de Saint-Rambert-d'Albon Sud, fin : situ\u00e9 12086 m au nord de Saint-Vallier AURA_DIRCE/District Valence (AURA)/CEI Roussillon","road_name":"N7","commune":"Saint-Rambert-d'Albon","start_time":"2026-09-30T09:44:38.158+02:00","end_time":"2026-10-30T12:00:00.000+01:00","source":"Direction interd\u00e9partementale des routes/DIR Centre-Est","version":"3"}},{"type":"Feature","id":"260930-000757-6","geometry":{"type":"Point","coordinates":[4.823759,45.269497]},"properties":{"event_type":"roadwork","datex_type":"RoadOrCarriagewayOrLaneManagement","description":"La mesure est obligatoire","road_name":"N7","commune":"Saint-Rambert-d'Albon","start_time":"2026-09-30T09:45:29.659+02:00","end_time":"2026-10-02T12:00:00.000+02:00","source":"Direction interd\u00e9partementale des routes/DIR Centre-Est","version":"3"}},{"type":"Feature","id":"260930-000757-2","geometry":{"type":"Point","coordinates":[4.823759,45.269497]},"properties":{"event_type":"roadwork","datex_type":"RoadOrCarriagewayOrLaneManagement","description":"La mesure est obligatoire","road_name":"N7","commune":"Saint-Rambert-d'Albon","start_time":"2026-10-26T07:00:00.000+01:00","end_time":"2026-10-30T12:00:00.000+01:00","source":"Direction interd\u00e9partementale des routes/DIR Centre-Est","version":"3"}},{"type":"Feature","id":"260930-000757-3","geometry":{"type":"Point","coordinates":[4.823759,45.269497]},"properties":{"event_type":"roadwork","datex_type":"RoadOrCarriagewayOrLaneManagement","description":"La mesure est obligatoire","road_name":"N7","commune":"Saint-Rambert-d'Albon","start_time":"2026-10-19T07:00:00.000+02:00","end_time":"2026-10-23T12:00:00.000+02:00","source":"Direction interd\u00e9partementale des routes/DIR Centre-Est","version":"3"}},{"type":"Feature","id":"260930-000757-4","geometry":{"type":"Point","coordinates":[4.823759,45.269497]},"properties":{"event_type":"roadwork","datex_type":"RoadOrCarriagewayOrLaneManagement","description":"La mesure est obligatoire","road_name":"N7","commune":"Saint-Rambert-d'Albon","start_time":"2026-10-05T07:00:00.000+02:00","end_time":"2026-10-09T12:00:00.000+02:00","source":"Direction interd\u00e9partementale des routes/DIR Centre-Est","version":"3"}},{"type":"Feature","id":"260930-000757-5","geometry":{"type":"Point","coordinates":[4.823759,45.269497]},"properties":{"event_type":"roadwork","datex_type":"RoadOrCarriagewayOrLaneManagement","description":"La mesure est obligatoire","road_name":"N7","commune":"Saint-Rambert-d'Albon","start_time":"2026-10-12T07:00:00.000+02:00","end_time":"2026-10-16T12:00:00.000+02:00","source":"Direction interd\u00e9partementale des routes/DIR Centre-Est","version":"3"}},{"type":"Feature","id":"260930-000783-1","geometry":{"type":"Point","coordinates":[0.25240922,45.69863]},"properties":{"event_type":"roadwork","datex_type":"MaintenanceWorks","description":"Point particulier : d\u00e9but : situ\u00e9 1202 m \u00e0 l'est de Angoul\u00eame nord, fin : situ\u00e9 1052 m \u00e0 l'ouest de Ruelle les Favrauds DIR Atlantique/District d'Angoul\u00eame/CEI d'Angoul\u00eame De Saintes vers Limoges","road_name":"N141","commune":"Ruelle-sur-Touvre","start_time":"2026-09-30T09:46:18.925+02:00","end_time":"","source":"Direction interd\u00e9partementale des routes/DIR Atlantique","version":"2"}},{"type":"Feature","id":"260930-000783-102","geometry":{"type":"Point","coordinates":[0.25240922,45.69863]},"properties":{"event_type":"roadwork","datex_type":"RoadOrCarriagewayOrLaneManagement","description":"La mesure est obligatoire","road_name":"N141","commune":"Ruelle-sur-Touvre","start_time":"2026-09-30T09:46:53.789+02:00","end_time":"","source":"Direction interd\u00e9partementale des routes/DIR Atlantique","version":"1"}},{"type":"Feature","id":"260924-003944-1","geometry":{"type":"Point","coordinates":[6.357854,46.900124]},"properties":{"event_type":"roadwork","datex_type":"MaintenanceWorks","description":"R\u00e9tr\u00e9cissement au droit du chantier.\nAdaptez votre vitesse.","road_name":"N57","commune":"Pontarlier","start_time":"2026-09-30T09:50:00.000+02:00","end_time":"2026-09-30T16:00:00.000+02:00","source":"Direction interd\u00e9partementale des routes/DIR Est","version":"6"}},{"type":"Feature","id":"260930-000821-1","geometry":{"type":"Point","coordinates":[4.8087125,43.54983]},"properties":{"event_type":"roadwork","datex_type":"RoadOrCarriagewayOrLaneManagement","description":"La mesure est obligatoire","road_name":"N568","commune":"Arles","start_time":"2026-09-30T09:57:46.393+02:00","end_time":"","source":"Direction interd\u00e9partementale des routes/DIR M\u00e9diterran\u00e9e","version":"1"}},{"type":"Feature","id":"260930-000821-2","geometry":{"type":"Point","coordinates":[4.8087125,43.54983]},"properties":{"event_type":"roadwork","datex_type":"MaintenanceWorks","description":"situ\u00e9 8716 m au nord de La Fossette DIR M\u00e9diterran\u00e9e/District Urbain/CEI Saint-Martin-de-Crau De Arles vers Martigues","road_name":"N568","commune":"Arles","start_time":"2026-09-30T09:57:30.915+02:00","end_time":"","source":"Direction interd\u00e9partementale des routes/DIR M\u00e9diterran\u00e9e","version":"1"}},{"type":"Feature","id":"260930-000867-1","geometry":{"type":"Point","coordinates":[3.8191073,43.606987]},"properties":{"event_type":"roadwork","datex_type":"ReroutingManagement","description":"situ\u00e9 329 m \u00e0 l'ouest de 50155 DIR Massif-Central/District Sud/CEI Montarnaud sur bretelle de sortie De Lod\u00e8ve sud (N9) vers Montpellier (N113)","road_name":"N109","commune":"Juvignac","start_time":"2026-09-30T10:54:24.967+02:00","end_time":"","source":"Direction interd\u00e9partementale des routes/DIR Massif-Central","version":"5"}},{"type":"Feature","id":"260930-000867-102","geometry":{"type":"Point","coordinates":[3.822497,43.610043]},"properties":{"event_type":"roadwork","datex_type":"ReroutingManagement","description":"situ\u00e9 0 m au nord de Juvignac DIR Massif-Central/District Sud/CEI Montarnaud sur bretelle d'entr\u00e9e De Lod\u00e8ve sud (N9) vers Montpellier (N113)","road_name":"N109","commune":"Montpellier","start_time":"2026-09-30T10:55:53.114+02:00","end_time":"2026-09-30T11:02:20.133+02:00","source":"Direction interd\u00e9partementale des routes/DIR Massif-Central","version":"4"}},{"type":"Feature","id":"260930-000867-104","geometry":{"type":"Point","coordinates":[3.8223557,43.610058]},"properties":{"event_type":"roadwork","datex_type":"ReroutingManagement","description":"situ\u00e9 0 m au sud de Juvignac Hors voie de circulation DIR Massif-Central/District Sud/CEI Montarnaud sur bretelle d'entr\u00e9e De Montpellier (N113) vers Lod\u00e8ve sud (N9)","road_name":"N109","commune":"Montpellier","start_time":"2026-09-30T10:57:49.979+02:00","end_time":"","source":"Direction interd\u00e9partementale des routes/DIR Massif-Central","version":"2"}},{"type":"Feature","id":"260930-000867-103","geometry":{"type":"Point","coordinates":[3.8265004,43.61176]},"properties":{"event_type":"roadwork","datex_type":"ReroutingManagement","description":"situ\u00e9 0 m au sud de Juvignac Hors voie de circulation DIR Massif-Central/District Sud/CEI Montarnaud sur bretelle de sortie De Montpellier (N113) vers Lod\u00e8ve sud (N9)","road_name":"N109","commune":"Montpellier","start_time":"2026-09-30T10:56:43.124+02:00","end_time":"","source":"Direction interd\u00e9partementale des routes/DIR Massif-Central","version":"3"}},{"type":"Feature","id":"260902-000604-1","geometry":{"type":"Point","coordinates":[4.251425,44.6745]},"properties":{"event_type":"roadwork","datex_type":"MaintenanceWorks","description":"Phase 1:reprise des trottoir; Phase 2 enrob\u00e9","road_name":"N102","commune":"Meyras","start_time":"2026-09-02T08:56:09.386+02:00","end_time":"2026-10-09T19:51:37.765+02:00","source":"Direction interd\u00e9partementale des routes/DIR Massif-Central","version":"4"}},{"type":"Feature","id":"260902-000604-102","geometry":{"type":"Point","coordinates":[4.251425,44.6745]},"properties":{"event_type":"roadwork","datex_type":"RoadOrCarriagewayOrLaneManagement","description":"La mesure est obligatoire","road_name":"N102","commune":"Meyras","start_time":"2026-09-02T08:57:38.453+02:00","end_time":"2026-10-09T19:55:58.600+02:00","source":"Direction interd\u00e9partementale des routes/DIR Massif-Central","version":"3"}},{"type":"Feature","id":"260928-000614-1","geometry":{"type":"Point","coordinates":[1.5439258,45.25906]},"properties":{"event_type":"roadwork","datex_type":"MaintenanceWorks","description":"Point particulier : d\u00e9but : situ\u00e9 3994 m au sud de Uzerche sud - Vigeois, fin : situ\u00e9 1113 m au nord de Donzenac nord - Sadroc DIR Centre-Ouest/District A20/CEI Brive","road_name":"A20","commune":"Sadroc","start_time":"2026-09-28T08:43:18.472+02:00","end_time":"2026-11-06T18:00:00.000+01:00","source":"Direction interd\u00e9partementale des routes/DIR Centre-Ouest","version":"7"}},{"type":"Feature","id":"260928-000614-2","geometry":{"type":"Point","coordinates":[1.5537511,45.26932]},"properties":{"event_type":"roadwork","datex_type":"RoadOrCarriagewayOrLaneManagement","description":"Point particulier : d\u00e9but : situ\u00e9 3994 m au sud de Uzerche sud - Vigeois, fin : situ\u00e9 2513 m au nord de Donzenac nord - Sadroc DIR Centre-Ouest/District A20/CEI Brive De Paris vers Toulouse","road_name":"A20","commune":"Sadroc","start_time":"2026-09-28T08:43:18.472+02:00","end_time":"2026-11-06T18:00:00.000+01:00","source":"Direction interd\u00e9partementale des routes/DIR Centre-Ouest","version":"7"}},{"type":"Feature","id":"260928-000614-3","geometry":{"type":"Point","coordinates":[1.5694115,45.353897]},"properties":{"event_type":"roadwork","datex_type":"RoadOrCarriagewayOrLaneManagement","description":"Point particulier : d\u00e9but : situ\u00e9 2513 m au nord de Donzenac nord - Sadroc, fin : situ\u00e9 4594 m au sud de Uzerche sud - Vigeois DIR Centre-Ouest/District A20/CEI Uzerche De Toulouse vers Paris","road_name":"A20","commune":"Perpezac-le-Noir","start_time":"2026-09-28T08:43:18.472+02:00","end_time":"2026-11-06T18:00:00.000+01:00","source":"Direction interd\u00e9partementale des routes/DIR Centre-Ouest","version":"7"}},{"type":"Feature","id":"260928-000614-105","geometry":{"type":"Point","coordinates":[1.5694811,45.352108]},"properties":{"event_type":"roadwork","datex_type":"RoadOrCarriagewayOrLaneManagement","description":"basculement de chauss\u00e9e sens toulouse => paris sur le sens paris => toulouse","road_name":"A20","commune":"Perpezac-le-Noir","start_time":"2026-09-28T17:54:41.556+02:00","end_time":"2026-11-06T18:00:00.000+01:00","source":"Direction interd\u00e9partementale des routes/DIR Centre-Ouest","version":"5"}},{"type":"Feature","id":"260928-000614-106","geometry":{"type":"Point","coordinates":[1.5742445,45.317287]},"properties":{"event_type":"roadwork","datex_type":"ReroutingManagement","description":"Sortie N\u00b046 Ferm\u00e9e.\nD\u00e9viation par A20, sortie Ech 45 (Balladourds), demi-tour sur giratoire des Balladourds,\npuis retour A20 par entr\u00e9e Ech 45 sens paris-province, A20, puis sortie Ech 46\n(Perpezac-le-Noir).","road_name":"A20","commune":"Saint-Pardoux-l'Ortigier","start_time":"2026-09-29T07:14:27.758+02:00","end_time":"2026-11-06T18:00:00.000+01:00","source":"Direction interd\u00e9partementale des routes/DIR Centre-Ouest","version":"3"}},{"type":"Feature","id":"260928-000614-107","geometry":{"type":"Point","coordinates":[1.5740943,45.319466]},"properties":{"event_type":"roadwork","datex_type":"ReroutingManagement","description":"Entr\u00e9e n\u00b046 Ferm\u00e9e.\nD\u00e9viation par RD7, puis prendre RD920 direction Perpezac-le-Noir jusqu'\u00e0 giratoire des\nBalladourds. puis retour A20 par entr\u00e9e Ech 45.","road_name":"A20","commune":"Saint-Pardoux-l'Ortigier","start_time":"2026-09-29T07:16:13.772+02:00","end_time":"2026-11-06T18:00:00.000+01:00","source":"Direction interd\u00e9partementale des routes/DIR Centre-Ouest","version":"3"}},{"type":"Feature","id":"260928-000614-108","geometry":{"type":"Point","coordinates":[1.5547816,45.270443]},"properties":{"event_type":"roadwork","datex_type":"ReroutingManagement","description":"Bifurcation A20 / A89 Ferm\u00e9e direction Paris.\nD\u00e9viation par A20, suivre basculement, puis prendre sortie Ech 45 (Balladours), demi-tour sur\ngiratoire des Balladourds, puis retour A20 par entr\u00e9e Ech 45 sens Paris-Toulouse, puis\nprendre bifurcation A20/A89 direction Clermont-Ferrand.","road_name":"A20","commune":"Sadroc","start_time":"2026-09-29T07:17:37.517+02:00","end_time":"2026-11-06T18:00:00.000+01:00","source":"Direction interd\u00e9partementale des routes/DIR Centre-Ouest","version":"3"}},{"type":"Feature","id":"260928-000614-109","geometry":{"type":"Point","coordinates":[1.5547816,45.270443]},"properties":{"event_type":"roadwork","datex_type":"ReroutingManagement","description":"Bifurcation A89 / A20 Ferm\u00e9e direction Paris.\nD\u00e9viation par A20 direction Toulouse jusqu'\u00e0 l'\u00e9changeur 47 (Escudier), prendre\nRD920 puis demi tour \u00e0 cet \u00e9changeur pour reprendre A20 en direction de Paris par\nentr\u00e9e 47 sens Toulouse-Paris.","road_name":"A20","commune":"Sadroc","start_time":"2026-09-29T07:20:34.084+02:00","end_time":"2026-11-06T18:00:00.000+01:00","source":"Direction interd\u00e9partementale des routes/DIR Centre-Ouest","version":"3"}},{"type":"Feature","id":"260927-005546-1","geometry":{"type":"Point","coordinates":[3.2512965,44.653175]},"properties":{"event_type":"roadwork","datex_type":"MaintenanceWorks","description":"Point particulier : d\u00e9but : situ\u00e9 5503 m au nord de Antrenas, fin : situ\u00e9 6154 m au sud de Aumont-Aubrac sud Hors voie de circulation DIR Massif-Central/District Nord/CEI Saint-Ch\u00e9ly De B\u00e9ziers vers Clermont-Ferrand","road_name":"A75","commune":"Saint-Sauveur-de-Peyre","start_time":"2026-09-27T18:18:56.151+02:00","end_time":"2026-10-09T18:17:24.766+02:00","source":"Direction interd\u00e9partementale des routes/DIR Massif-Central","version":"7"}},{"type":"Feature","id":"260927-005546-103","geometry":{"type":"Point","coordinates":[3.242112,44.63577]},"properties":{"event_type":"roadwork","datex_type":"ReroutingManagement","description":"situ\u00e9 7811 m au sud de Aumont-Aubrac sud Hors voie de circulation DIR Massif-Central/District Nord/CEI Saint-Ch\u00e9ly sur bretelle d'entr\u00e9e De B\u00e9ziers vers Clermont-Ferrand","road_name":"A75","commune":"Le Buisson","start_time":"2026-09-29T07:24:39.971+02:00","end_time":"2026-09-30T15:01:53.294+02:00","source":"Direction interd\u00e9partementale des routes/DIR Massif-Central","version":"2"}},{"type":"Feature","id":"260930-001454-1","geometry":{"type":"Point","coordinates":[-0.4714075,48.35821]},"properties":{"event_type":"roadwork","datex_type":"MaintenanceWorks","description":"Point particulier : d\u00e9but : situ\u00e9 1722 m \u00e0 l'ouest de Lentili\u00e8re, fin : situ\u00e9 8296 m \u00e0 l'est de Mayenne est DIR Ouest/District de Rennes/CEI de Mayenne","road_name":"N12","commune":"Marcill\u00e9-la-Ville","start_time":"2026-10-05T08:30:00.000+02:00","end_time":"2026-10-09T17:30:00.000+02:00","source":"Direction interd\u00e9partementale des routes/DIR Ouest","version":"1"}},{"type":"Feature","id":"260930-001464-1","geometry":{"type":"Point","coordinates":[-0.610697,48.303093]},"properties":{"event_type":"roadwork","datex_type":"MaintenanceWorks","description":"Remplacement boucles de comptage","road_name":"N12","commune":"Mayenne","start_time":"2026-10-06T08:30:00.000+02:00","end_time":"2026-10-06T17:00:00.000+02:00","source":"Direction interd\u00e9partementale des routes/DIR Ouest","version":"1"}},{"type":"Feature","id":"260831-001652-1","geometry":{"type":"Point","coordinates":[6.2904344,48.617836]},"properties":{"event_type":"roadwork","datex_type":"MaintenanceWorks","description":"Point particulier : d\u00e9but : situ\u00e9 3750 m \u00e0 l'est de Fl\u00e9ville Z.I., fin : situ\u00e9 4845 m \u00e0 l'ouest de Rosi\u00e8res-au-Salines Hors voie de circulation GE_DIRE/Service r\u00e9gional d\u2019exploitation Grand Est (SREX)/District Nancy/CEI Fl\u00e9ville De Nancy vers Lun\u00e9ville","road_name":"A33","commune":"Saint-Nicolas-de-Port","start_time":"2026-08-31T14:27:54.932+02:00","end_time":"","source":"Direction interd\u00e9partementale des routes/DIR Est","version":"41"}},{"type":"Feature","id":"260831-001652-113","geometry":{"type":"Point","coordinates":[6.2740526,48.617474]},"properties":{"event_type":"info","datex_type":"GeneralNetworkManagement","description":"La mesure est obligatoire","road_name":"A33","commune":"Ville-en-Vermois","start_time":"2026-09-08T12:49:35.573+02:00","end_time":"","source":"Direction interd\u00e9partementale des routes/DIR Est","version":"11"}},{"type":"Feature","id":"260831-001652-105","geometry":{"type":"Point","coordinates":[6.3193884,48.617004]},"properties":{"event_type":"roadwork","datex_type":"RoadOrCarriagewayOrLaneManagement","description":"La mesure est obligatoire","road_name":"A33","commune":"Rosi\u00e8res-aux-Salines","start_time":"2026-08-31T14:56:40.425+02:00","end_time":"","source":"Direction interd\u00e9partementale des routes/DIR Est","version":"36"}},{"type":"Feature","id":"260831-001652-102","geometry":{"type":"Point","coordinates":[6.3547153,48.603313]},"properties":{"event_type":"roadwork","datex_type":"RoadOrCarriagewayOrLaneManagement","description":"La mesure est obligatoire","road_name":"A33","commune":"Rosi\u00e8res-aux-Salines","start_time":"2026-08-31T21:27:21.720+02:00","end_time":"","source":"Direction interd\u00e9partementale des routes/DIR Est","version":"40"}},{"type":"Feature","id":"260831-001652-119","geometry":{"type":"Point","coordinates":[6.261558,48.618553]},"properties":{"event_type":"congestion","datex_type":"AbnormalTraffic","description":"Point particulier : d\u00e9but : situ\u00e9 2932 m \u00e0 l'est de Fl\u00e9ville Z.I., fin : situ\u00e9 838 m \u00e0 l'ouest de Saint-Nicolas-de-Port GE_DIRE/Service r\u00e9gional d\u2019exploitation Grand Est (SREX)/District Nancy/CEI Fl\u00e9ville De Nancy vers Lun\u00e9ville","road_name":"A33","commune":"Ville-en-Vermois","start_time":"2026-09-30T15:24:39.733+02:00","end_time":"","source":"Direction interd\u00e9partementale des routes/DIR Est","version":"2"}},{"type":"Feature","id":"260831-001652-120","geometry":{"type":"Point","coordinates":[6.3318233,48.60753]},"properties":{"event_type":"congestion","datex_type":"AbnormalTraffic","description":"Point particulier : d\u00e9but : situ\u00e9 1121 m \u00e0 l'ouest de ZI des Sables, fin : situ\u00e9 4823 m \u00e0 l'est de Saint-Nicolas-de-Port GE_DIRE/Service r\u00e9gional d\u2019exploitation Grand Est (SREX)/District Nancy/CEI Fl\u00e9ville De Lun\u00e9ville vers Nancy","road_name":"A33","commune":"Rosi\u00e8res-aux-Salines","start_time":"2026-09-30T15:29:09.182+02:00","end_time":"","source":"Direction interd\u00e9partementale des routes/DIR Est","version":"1"}},{"type":"Feature","id":"260831-001652-104","geometry":{"type":"Point","coordinates":[6.282685,48.616806]},"properties":{"event_type":"roadwork","datex_type":"MaintenanceWorks","description":"=> 28/08/26","road_name":"A33","commune":"Saint-Nicolas-de-Port","start_time":"2026-07-31T16:00:22.486+02:00","end_time":"","source":"Direction interd\u00e9partementale des routes/DIR Est","version":"38"}},{"type":"Feature","id":"260922-007436-1","geometry":{"type":"Point","coordinates":[-1.5996356,47.26411]},"properties":{"event_type":"roadwork","datex_type":"ReroutingManagement","description":"N\u00e9cessit\u00e9 de r\u00e9glementer la circulation des v\u00e9hicules pour permettre le bon d\u00e9roulement du stationnement et des man\u0153uvres en contresens, de convois de transports exceptionnels au niveau de la collectrice et de la bretelle du giratoire du Cardo, en direction de Paris \u2013 RN 137 \u2192 A11 de la porte de Rennes ;","road_name":"A844","commune":"Orvault","start_time":"2026-10-05T22:00:00.000+02:00","end_time":"2026-10-14T23:45:00.000+02:00","source":"Direction interd\u00e9partementale des routes/DIR Ouest","version":"5"}},{"type":"Feature","id":"260930-001542-1","geometry":{"type":"Point","coordinates":[4.728794,46.3345]},"properties":{"event_type":"roadwork","datex_type":"MaintenanceWorks","description":"Point particulier : d\u00e9but : situ\u00e9 8462 m \u00e0 l'est de 42185, fin : situ\u00e9 401 m \u00e0 l'ouest de 42186 DIR Centre-Est/District M\u00e2con/CEI Charnay-l\u00e8s-M\u00e2con De Montlu\u00e7on (A71) vers M\u00e2con","road_name":"N79","commune":"La Roche-Vineuse","start_time":"2026-09-30T15:15:00.000+02:00","end_time":"2026-10-16T17:00:00.000+02:00","source":"Direction interd\u00e9partementale des routes/DIR Centre-Est","version":"1"}},{"type":"Feature","id":"260930-001542-2","geometry":{"type":"Point","coordinates":[4.728794,46.3345]},"properties":{"event_type":"roadwork","datex_type":"RoadOrCarriagewayOrLaneManagement","description":"Point particulier : d\u00e9but : situ\u00e9 8462 m \u00e0 l'est de 42185, fin : situ\u00e9 401 m \u00e0 l'ouest de 42186 DIR Centre-Est/District M\u00e2con/CEI Charnay-l\u00e8s-M\u00e2con De Montlu\u00e7on (A71) vers M\u00e2con","road_name":"N79","commune":"La Roche-Vineuse","start_time":"2026-09-30T15:30:16.312+02:00","end_time":"2026-10-16T17:00:00.000+02:00","source":"Direction interd\u00e9partementale des routes/DIR Centre-Est","version":"1"}},{"type":"Feature","id":"260930-001593-1","geometry":{"type":"Point","coordinates":[4.1687026,45.907845]},"properties":{"event_type":"roadwork","datex_type":"MaintenanceWorks","description":"Point particulier : d\u00e9but : situ\u00e9 2417 m au sud de L'H\u00f4pital-sur-Rhins, fin : situ\u00e9 2809 m au nord de Neulise Sud AURA_DIRCE/District Moulins/CEI Roanne","road_name":"N82","commune":"Neulise","start_time":"2026-09-30T15:37:00.000+02:00","end_time":"2026-10-23T17:00:00.000+02:00","source":"Direction interd\u00e9partementale des routes/AURA_DIRCE","version":"1"}},{"type":"Feature","id":"260930-001593-2","geometry":{"type":"Point","coordinates":[4.1687026,45.907845]},"properties":{"event_type":"roadwork","datex_type":"RoadOrCarriagewayOrLaneManagement","description":"Point particulier : d\u00e9but : situ\u00e9 2417 m au sud de L'H\u00f4pital-sur-Rhins, fin : situ\u00e9 2809 m au nord de Neulise Sud AURA_DIRCE/District Moulins/CEI Roanne","road_name":"N82","commune":"Neulise","start_time":"2026-09-30T15:51:59.805+02:00","end_time":"2026-10-23T17:00:00.000+02:00","source":"Direction interd\u00e9partementale des routes/AURA_DIRCE","version":"1"}},{"type":"Feature","id":"260929-005251-102","geometry":{"type":"Point","coordinates":[5.429015,43.54981]},"properties":{"event_type":"roadwork","datex_type":"RoadOrCarriagewayOrLaneManagement","description":"La mesure est obligatoire","road_name":"N296","commune":"Aix-en-Provence","start_time":"2026-09-29T20:52:19.501+02:00","end_time":"","source":"Direction interd\u00e9partementale des routes/DIR M\u00e9diterran\u00e9e","version":"1"}},{"type":"Feature","id":"260929-005251-1","geometry":{"type":"Point","coordinates":[5.429015,43.54981]},"properties":{"event_type":"roadwork","datex_type":"MaintenanceWorks","description":"Point particulier : d\u00e9but : situ\u00e9 776 m au nord de Aix-Brunet, fin : situ\u00e9 567 m au sud de Entremont DIR M\u00e9diterran\u00e9e/District Urbain/CAM De Aix-en-Provence (Jas de Bouffan) vers Aix-en-Provence (Les Platanes)","road_name":"N296","commune":"Aix-en-Provence","start_time":"2026-09-29T20:51:41.395+02:00","end_time":"","source":"Direction interd\u00e9partementale des routes/DIR M\u00e9diterran\u00e9e","version":"2"}},{"type":"Feature","id":"260930-001785-1","geometry":{"type":"Point","coordinates":[-0.6313809,44.788284]},"properties":{"event_type":"roadwork","datex_type":"MaintenanceWorks","description":"Point particulier : d\u00e9but : situ\u00e9 42 m au nord de Gradignan, fin : situ\u00e9 0 m au sud de A63 / A630 DIR Atlantique/District de Gironde/CEI de Villenave-d'Ornon De Biriatou \u2013 Espagne vers Bordeaux","road_name":"A63","commune":"Pessac","start_time":"2026-10-02T21:30:00.000+02:00","end_time":"","source":"Direction interd\u00e9partementale des routes/DIR Atlantique","version":"1"}},{"type":"Feature","id":"260915-001406-1","geometry":{"type":"Point","coordinates":[5.386478,47.858208]},"properties":{"event_type":"roadwork","datex_type":"RoadOrCarriagewayOrLaneManagement","description":"Alternat par feux tricolores auto-adaptatifs.\nLa mesure est obligatoire","road_name":"N19","commune":"Chatenay-M\u00e2cheron","start_time":"2026-09-21T09:23:00.000+02:00","end_time":"2027-01-15T16:15:00.000+01:00","source":"Direction interd\u00e9partementale des routes/DIR Est","version":"6"}},{"type":"Feature","id":"260930-001598-1","geometry":{"type":"Point","coordinates":[5.733569,46.823257]},"properties":{"event_type":"roadwork","datex_type":"MaintenanceWorks","description":"Restrictions de vitesse localis\u00e9es.","road_name":"N5","commune":"Vaux-sur-Poligny","start_time":"2026-10-05T08:00:00.000+02:00","end_time":"2026-10-09T17:00:00.000+02:00","source":"Direction interd\u00e9partementale des routes/DIR Est","version":"3"}},{"type":"Feature","id":"260930-001598-102","geometry":{"type":"Point","coordinates":[5.733569,46.823257]},"properties":{"event_type":"roadwork","datex_type":"RoadOrCarriagewayOrLaneManagement","description":"Alternat.\nLa mesure est obligatoire","road_name":"N5","commune":"Vaux-sur-Poligny","start_time":"2026-10-05T08:00:00.000+02:00","end_time":"2026-10-09T17:00:00.000+02:00","source":"Direction interd\u00e9partementale des routes/DIR Est","version":"2"}},{"type":"Feature","id":"260930-001760-1","geometry":{"type":"Point","coordinates":[5.904949,46.768284]},"properties":{"event_type":"roadwork","datex_type":"MaintenanceWorks","description":"Chauss\u00e9e r\u00e9tr\u00e9cie.","road_name":"N5","commune":"Vannoz","start_time":"2026-10-05T08:00:00.000+02:00","end_time":"2026-10-09T16:00:00.000+02:00","source":"Direction interd\u00e9partementale des routes/DIR Est","version":"2"}},{"type":"Feature","id":"260930-001805-1","geometry":{"type":"Point","coordinates":[-0.6313809,44.788284]},"properties":{"event_type":"roadwork","datex_type":"MaintenanceWorks","description":"Point particulier : d\u00e9but : situ\u00e9 42 m au nord de Gradignan, fin : situ\u00e9 0 m au sud de A63 / A630 DIR Atlantique/District de Gironde/CEI de Villenave-d'Ornon De Biriatou \u2013 Espagne vers Bordeaux","road_name":"A63","commune":"Pessac","start_time":"2026-10-03T20:00:00.000+02:00","end_time":"","source":"Direction interd\u00e9partementale des routes/DIR Atlantique","version":"1"}},{"type":"Feature","id":"260930-001813-1","geometry":{"type":"Point","coordinates":[-0.6313809,44.788284]},"properties":{"event_type":"roadwork","datex_type":"MaintenanceWorks","description":"Point particulier : d\u00e9but : situ\u00e9 27 m au nord de Cestas, fin : situ\u00e9 0 m au sud de A63 / A630 DIR Atlantique/District de Gironde/CEI de Villenave-d'Ornon De Biriatou \u2013 Espagne vers Bordeaux","road_name":"A63","commune":"Pessac","start_time":"2026-10-03T09:00:00.000+02:00","end_time":"","source":"Direction interd\u00e9partementale des routes/DIR Atlantique","version":"1"}},{"type":"Feature","id":"260930-001814-1","geometry":{"type":"Point","coordinates":[6.350121,47.665016]},"properties":{"event_type":"roadwork","datex_type":"MaintenanceWorks","description":"Chauss\u00e9e r\u00e9tr\u00e9cie.","road_name":"N19","commune":"Pomoy","start_time":"2026-10-06T08:00:00.000+02:00","end_time":"2026-10-06T16:30:00.000+02:00","source":"Direction interd\u00e9partementale des routes/DIR Est","version":"1"}},{"type":"Feature","id":"260930-001829-1","geometry":{"type":"Point","coordinates":[-0.6313809,44.788284]},"properties":{"event_type":"roadwork","datex_type":"MaintenanceWorks","description":"Point particulier : d\u00e9but : situ\u00e9 27 m au nord de Cestas, fin : situ\u00e9 0 m au sud de A63 / A630 DIR Atlantique/District de Gironde/CEI de Villenave-d'Ornon De Biriatou \u2013 Espagne vers Bordeaux","road_name":"A63","commune":"Pessac","start_time":"2026-10-04T05:00:00.000+02:00","end_time":"2026-10-04T14:30:00.000+02:00","source":"Direction interd\u00e9partementale des routes/DIR Atlantique","version":"1"}},{"type":"Feature","id":"260930-001829-2","geometry":{"type":"Point","coordinates":[-0.6313809,44.788284]},"properties":{"event_type":"roadwork","datex_type":"RoadOrCarriagewayOrLaneManagement","description":"La mesure est obligatoire","road_name":"A63","commune":"Pessac","start_time":"2026-10-04T05:00:00.000+02:00","end_time":"","source":"Direction interd\u00e9partementale des routes/DIR Atlantique","version":"1"}},{"type":"Feature","id":"260930-001832-1","geometry":{"type":"Point","coordinates":[2.4468427,48.79956]},"properties":{"event_type":"roadwork","datex_type":"MaintenanceWorks","description":"Point particulier : d\u00e9but : situ\u00e9 1102 m \u00e0 l'est de Valenton - Villeneuve-Saint-Ge, fin : situ\u00e9 404 m \u00e0 l'ouest de Cr\u00e9teil centre DIR \u00cele-de-France sur bretelle de sortie De Versailles vers Rueil-Malmaison","road_name":"A86","commune":"Cr\u00e9teil","start_time":"2026-09-30T17:10:26.000+02:00","end_time":"2026-09-30T17:10:51.000+02:00","source":"Direction interd\u00e9partementale des routes/DIR \u00cele-de-France","version":"2"}},{"type":"Feature","id":"260930-001800-103","geometry":{"type":"Point","coordinates":[5.679992,47.770115]},"properties":{"event_type":"roadwork","datex_type":"ReroutingManagement","description":"Restrictions de vitesse localis\u00e9es.","road_name":"N19","commune":"Fayl-Billot","start_time":"2026-10-05T08:00:00.000+02:00","end_time":"2026-10-09T16:15:00.000+02:00","source":"Direction interd\u00e9partementale des routes/DIR Est","version":"3"}},{"type":"Feature","id":"260930-001800-105","geometry":{"type":"Point","coordinates":[5.679992,47.770115]},"properties":{"event_type":"roadwork","datex_type":"RoadOrCarriagewayOrLaneManagement","description":"Alternat ponctuel .\nLa mesure est obligatoire","road_name":"N19","commune":"Fayl-Billot","start_time":"2026-10-05T08:00:00.000+02:00","end_time":"2026-10-09T16:15:00.000+02:00","source":"Direction interd\u00e9partementale des routes/DIR Est","version":"2"}},{"type":"Feature","id":"260930-001800-1","geometry":{"type":"Point","coordinates":[5.679992,47.770115]},"properties":{"event_type":"roadwork","datex_type":"MaintenanceWorks","description":"Chauss\u00e9e r\u00e9tr\u00e9cie.","road_name":"N19","commune":"Fayl-Billot","start_time":"2026-10-05T08:00:00.000+02:00","end_time":"2026-10-09T16:15:00.000+02:00","source":"Direction interd\u00e9partementale des routes/DIR Est","version":"5"}},{"type":"Feature","id":"260930-001800-104","geometry":{"type":"Point","coordinates":[5.8764133,47.71732]},"properties":{"event_type":"roadwork","datex_type":"ReroutingManagement","description":"Restrictions de vitesse localis\u00e9es.","road_name":"N19","commune":"Gourgeon","start_time":"2026-10-05T08:00:00.000+02:00","end_time":"2026-10-09T16:15:00.000+02:00","source":"Direction interd\u00e9partementale des routes/DIR Est","version":"3"}},{"type":"Feature","id":"260930-001800-2","geometry":{"type":"Point","coordinates":[5.8764133,47.71732]},"properties":{"event_type":"roadwork","datex_type":"MaintenanceWorks","description":"Chauss\u00e9e r\u00e9tr\u00e9cie.","road_name":"N19","commune":"Gourgeon","start_time":"2026-10-05T08:00:00.000+02:00","end_time":"2026-10-09T16:15:00.000+02:00","source":"Direction interd\u00e9partementale des routes/DIR Est","version":"5"}},{"type":"Feature","id":"260930-001800-106","geometry":{"type":"Point","coordinates":[5.8764133,47.71732]},"properties":{"event_type":"roadwork","datex_type":"RoadOrCarriagewayOrLaneManagement","description":"Alternat ponctuel .\nLa mesure est obligatoire","road_name":"N19","commune":"Gourgeon","start_time":"2026-10-05T08:00:00.000+02:00","end_time":"2026-10-09T16:15:00.000+02:00","source":"Direction interd\u00e9partementale des routes/DIR Est","version":"2"}},{"type":"Feature","id":"260930-001881-1","geometry":{"type":"Point","coordinates":[1.6191676,42.823902]},"properties":{"event_type":"roadwork","datex_type":"MaintenanceWorks","description":"Travaux d\u2019abattage d\u2019une haie\nA-142-RN20-2026","road_name":"N20","commune":"Ussat","start_time":"2026-10-05T08:00:00.000+02:00","end_time":"2026-10-09T17:00:00.000+02:00","source":"Direction interd\u00e9partementale des routes/DIR Sud-Ouest","version":"1"}},{"type":"Feature","id":"260930-001881-2","geometry":{"type":"Point","coordinates":[1.6191676,42.823902]},"properties":{"event_type":"roadwork","datex_type":"RoadOrCarriagewayOrLaneManagement","description":"Point particulier : d\u00e9but : situ\u00e9 1591 m au sud de Tarascon-sur-Ari\u00e8ge sud, fin : situ\u00e9 5761 m au nord de Les Cabannes DIR Sud-Ouest/District Sud (Foix)/CEI Saint-Paul-de-Jarrat","road_name":"N20","commune":"Ussat","start_time":"2026-10-05T08:00:00.000+02:00","end_time":"2026-10-09T17:00:00.000+02:00","source":"Direction interd\u00e9partementale des routes/DIR Sud-Ouest","version":"1"}},{"type":"Feature","id":"260930-001881-3","geometry":{"type":"Point","coordinates":[1.6191676,42.823902]},"properties":{"event_type":"roadwork","datex_type":"SpeedManagement","description":"Point particulier : d\u00e9but : situ\u00e9 1591 m au sud de Tarascon-sur-Ari\u00e8ge sud, fin : situ\u00e9 5761 m au nord de Les Cabannes DIR Sud-Ouest/District Sud (Foix)/CEI Saint-Paul-de-Jarrat","road_name":"N20","commune":"Ussat","start_time":"2026-10-05T08:00:00.000+02:00","end_time":"2026-10-09T17:00:00.000+02:00","source":"Direction interd\u00e9partementale des routes/DIR Sud-Ouest","version":"1"}},{"type":"Feature","id":"260930-001881-4","geometry":{"type":"Point","coordinates":[1.6191676,42.823902]},"properties":{"event_type":"info","datex_type":"GeneralInstructionOrMessageToRoadUsers","description":"Point particulier : d\u00e9but : situ\u00e9 1591 m au sud de Tarascon-sur-Ari\u00e8ge sud, fin : situ\u00e9 5761 m au nord de Les Cabannes DIR Sud-Ouest/District Sud (Foix)/CEI Saint-Paul-de-Jarrat","road_name":"N20","commune":"Ussat","start_time":"2026-10-05T08:00:00.000+02:00","end_time":"2026-10-09T17:00:00.000+02:00","source":"Direction interd\u00e9partementale des routes/DIR Sud-Ouest","version":"1"}},{"type":"Feature","id":"260929-003309-1","geometry":{"type":"Point","coordinates":[4.050286,46.46672]},"properties":{"event_type":"roadwork","datex_type":"MaintenanceWorks","description":"DIR Centre-Est/District M\u00e2con/CEI Paray-le-Monial De Montlu\u00e7on (A71) vers M\u00e2con","road_name":"N79","commune":"Vitry-en-Charollais","start_time":"2026-10-01T08:30:00.000+02:00","end_time":"2026-10-01T17:00:00.000+02:00","source":"Direction interd\u00e9partementale des routes/DIR Centre-Est","version":"3"}},{"type":"Feature","id":"260929-003309-2","geometry":{"type":"Point","coordinates":[4.050286,46.46672]},"properties":{"event_type":"roadwork","datex_type":"RoadOrCarriagewayOrLaneManagement","description":"DIR Centre-Est/District M\u00e2con/CEI Paray-le-Monial De Montlu\u00e7on (A71) vers M\u00e2con","road_name":"N79","commune":"Vitry-en-Charollais","start_time":"2026-10-01T08:30:00.000+02:00","end_time":"2026-10-01T17:00:00.000+02:00","source":"Direction interd\u00e9partementale des routes/DIR Centre-Est","version":"3"}},{"type":"Feature","id":"260518-000982-1","geometry":{"type":"Point","coordinates":[4.6356664,46.393898]},"properties":{"event_type":"roadwork","datex_type":"ConstructionWorks","description":"Point particulier : d\u00e9but : situ\u00e9 2174 m \u00e0 l'est de 42183, fin : situ\u00e9 996 m \u00e0 l'ouest de 42185 DIR Centre-Est/District M\u00e2con/CEI Charnay-l\u00e8s-M\u00e2con","road_name":"N79","commune":"Sainte-C\u00e9cile","start_time":"2026-05-18T09:55:00.000+02:00","end_time":"2026-10-02T18:00:00.000+02:00","source":"Direction interd\u00e9partementale des routes/DIR Centre-Est","version":"41"}},{"type":"Feature","id":"260518-000982-2","geometry":{"type":"Point","coordinates":[4.6362753,46.39406]},"properties":{"event_type":"roadwork","datex_type":"RoadOrCarriagewayOrLaneManagement","description":"De jour comme de nuit, week-end y compris.","road_name":"N79","commune":"Sainte-C\u00e9cile","start_time":"2026-07-01T09:44:00.000+02:00","end_time":"2026-10-02T18:00:00.000+02:00","source":"Direction interd\u00e9partementale des routes/DIR Centre-Est","version":"41"}},{"type":"Feature","id":"260518-000982-112","geometry":{"type":"Point","coordinates":[4.630426,46.392097]},"properties":{"event_type":"roadwork","datex_type":"ReroutingManagement","description":"situ\u00e9 204 m \u00e0 l'ouest de Sainte-C\u00e9cile DIR Centre-Est/District M\u00e2con/CEI Charnay-l\u00e8s-M\u00e2con sur bretelle de sortie De Montlu\u00e7on (A71) vers M\u00e2con","road_name":"N79","commune":"Sainte-C\u00e9cile","start_time":"2026-07-01T14:15:41.206+02:00","end_time":"2026-10-02T18:00:00.000+02:00","source":"Direction interd\u00e9partementale des routes/DIR Centre-Est","version":"19"}},{"type":"Feature","id":"260518-000982-113","geometry":{"type":"Point","coordinates":[4.630426,46.392097]},"properties":{"event_type":"roadwork","datex_type":"ReroutingManagement","description":"situ\u00e9 204 m \u00e0 l'ouest de Sainte-C\u00e9cile DIR Centre-Est/District M\u00e2con/CEI Charnay-l\u00e8s-M\u00e2con sur bretelle de sortie De Montlu\u00e7on (A71) vers M\u00e2con","road_name":"N79","commune":"Sainte-C\u00e9cile","start_time":"2026-07-01T14:15:00.000+02:00","end_time":"2026-10-02T18:00:00.000+02:00","source":"Direction interd\u00e9partementale des routes/DIR Centre-Est","version":"18"}},{"type":"Feature","id":"260518-000982-114","geometry":{"type":"Point","coordinates":[4.630426,46.392097]},"properties":{"event_type":"roadwork","datex_type":"RoadOrCarriagewayOrLaneManagement","description":"situ\u00e9 204 m \u00e0 l'ouest de Sainte-C\u00e9cile DIR Centre-Est/District M\u00e2con/CEI Charnay-l\u00e8s-M\u00e2con sur bretelle de sortie De Montlu\u00e7on (A71) vers M\u00e2con","road_name":"N79","commune":"Sainte-C\u00e9cile","start_time":"2026-08-24T11:16:26.740+02:00","end_time":"2026-10-02T18:00:00.000+02:00","source":"Direction interd\u00e9partementale des routes/DIR Centre-Est","version":"12"}},{"type":"Feature","id":"260928-000778-1","geometry":{"type":"Point","coordinates":[1.5108683,45.10734]},"properties":{"event_type":"roadwork","datex_type":"MaintenanceWorks","description":"Point particulier : d\u00e9but : situ\u00e9 3777 m au sud de Brive Terrasson, fin : situ\u00e9 1297 m au nord de Noailles DIR Centre-Ouest/District A20/CEI Brive De Paris vers Toulouse","road_name":"A20","commune":"Noailles","start_time":"2026-09-28T09:27:21.693+02:00","end_time":"2026-10-02T18:00:00.000+02:00","source":"Direction interd\u00e9partementale des routes/DIR Centre-Ouest","version":"14"}},{"type":"Feature","id":"260928-000778-2","geometry":{"type":"Point","coordinates":[1.5108683,45.10734]},"properties":{"event_type":"roadwork","datex_type":"RoadOrCarriagewayOrLaneManagement","description":"Point particulier : d\u00e9but : situ\u00e9 3777 m au sud de Brive Terrasson, fin : situ\u00e9 1297 m au nord de Noailles DIR Centre-Ouest/District A20/CEI Brive De Paris vers Toulouse","road_name":"A20","commune":"Noailles","start_time":"2026-09-28T09:27:21.693+02:00","end_time":"2026-10-02T18:00:00.000+02:00","source":"Direction interd\u00e9partementale des routes/DIR Centre-Ouest","version":"14"}},{"type":"Feature","id":"260928-000778-104","geometry":{"type":"Point","coordinates":[1.5108722,45.10743]},"properties":{"event_type":"roadwork","datex_type":"RoadOrCarriagewayOrLaneManagement","description":"Point particulier : d\u00e9but : situ\u00e9 3510 m au nord de Nespouls - Cressensac, fin : situ\u00e9 5282 m au sud de Brive Terrasson DIR Centre-Ouest/District A20/CEI Brive De Toulouse vers Paris","road_name":"A20","commune":"Noailles","start_time":"2026-09-28T10:01:22.063+02:00","end_time":"2026-10-02T18:00:00.000+02:00","source":"Direction interd\u00e9partementale des routes/DIR Centre-Ouest","version":"13"}},{"type":"Feature","id":"260930-002037-1","geometry":{"type":"Point","coordinates":[-1.014475,48.948055]},"properties":{"event_type":"info","datex_type":"GeneralNetworkManagement","description":"vitesse limit\u00e9e \u00e0 90 km/h suite \u00e0 une d\u00e9gradation de glissi\u00e8re\nLa mesure est obligatoire","road_name":"A84","commune":"Pont-Farcy","start_time":"2026-09-30T18:11:48.139+02:00","end_time":"","source":"Direction interd\u00e9partementale des routes/DIR Nord-Ouest","version":"2"}},{"type":"Feature","id":"260930-002037-102","geometry":{"type":"Point","coordinates":[-1.0305656,48.947445]},"properties":{"event_type":"info","datex_type":"GeneralNetworkManagement","description":"La mesure est obligatoire","road_name":"A84","commune":"Pont-Farcy","start_time":"2026-09-30T18:13:08.269+02:00","end_time":"","source":"Direction interd\u00e9partementale des routes/DIR Nord-Ouest","version":"1"}},{"type":"Feature","id":"260923-001149-102","geometry":{"type":"Point","coordinates":[6.361056,46.787556]},"properties":{"event_type":"roadwork","datex_type":"RoadOrCarriagewayOrLaneManagement","description":"Giratoire ferm\u00e9 c\u00f4t\u00e9 Pontarlier => suivre les d\u00e9viations locales.\nLa mesure est obligatoire","road_name":"N57","commune":"Touillon-et-Loutelet","start_time":"2026-09-28T20:14:00.000+02:00","end_time":"2026-10-08T05:00:00.000+02:00","source":"Direction interd\u00e9partementale des routes/DIR Est","version":"5"}},{"type":"Feature","id":"260923-001149-1","geometry":{"type":"Point","coordinates":[6.361056,46.787556]},"properties":{"event_type":"roadwork","datex_type":"MaintenanceWorks","description":"Chantier de nuit.\nRestrictions de vitesse localis\u00e9es.","road_name":"N57","commune":"Touillon-et-Loutelet","start_time":"2026-09-28T20:15:00.000+02:00","end_time":"2026-10-08T05:00:00.000+02:00","source":"Direction interd\u00e9partementale des routes/DIR Est","version":"6"}},{"type":"Feature","id":"260922-007401-1","geometry":{"type":"Point","coordinates":[3.3160694,43.826885]},"properties":{"event_type":"roadwork","datex_type":"MaintenanceWorks","description":"le passage des transports exceptionnels sera interdit durant cette p\u00e9riode dans les deux sens de circulation si la largeur du convoi est sup\u00e9rieur \u00e0 4,20 m.","road_name":"A75","commune":"P\u00e9gairolles-de-l'Escalette","start_time":"2026-09-28T08:26:51.357+02:00","end_time":"2026-10-02T18:00:23.000+02:00","source":"Direction interd\u00e9partementale des routes/DIR Massif-Central","version":"9"}},{"type":"Feature","id":"260922-007401-103","geometry":{"type":"Point","coordinates":[3.3090277,43.833725]},"properties":{"event_type":"roadwork","datex_type":"MaintenanceWorks","description":"le passage des transports exceptionnels sera interdit durant cette p\u00e9riode dans les deux sens de circulation si la largeur du convoi est sup\u00e9rieur \u00e0 4,20 m.","road_name":"A75","commune":"Saint-F\u00e9lix-de-l'H\u00e9ras","start_time":"2026-09-28T10:35:35.535+02:00","end_time":"2026-10-02T18:00:25.000+02:00","source":"Direction interd\u00e9partementale des routes/DIR Massif-Central","version":"7"}},{"type":"Feature","id":"260922-007401-104","geometry":{"type":"Point","coordinates":[3.3184946,43.81652]},"properties":{"event_type":"roadwork","datex_type":"RoadOrCarriagewayOrLaneManagement","description":"Nuits du 28 au 30 septembre 2026 de 20H \u00e0 06H:\nla circulation dans le sens Sud/Nord sera bascul\u00e9e sur le sens Nord/Sud.\nLe passage des transports exceptionnels est interdit :\ndans le sens Clermont-Ferrand -> B\u00e9ziers  si la largeur du convoi est sup\u00e9rieur \u00e0 4,20 m.\ndans le sens B\u00e9ziers -> Clermont-Ferrand, si la largeur du convoi est sup\u00e9rieur \u00e0 3.50 m ou si sa longueur est sup\u00e9rieur \u00e0 25m.\nLa mesure est obligatoire","road_name":"A75","commune":"P\u00e9gairolles-de-l'Escalette","start_time":"2026-09-30T20:11:43.484+02:00","end_time":"2026-10-02T05:59:51.000+02:00","source":"Direction interd\u00e9partementale des routes/DIR Massif-Central","version":"6"}},{"type":"Feature","id":"260930-002333-1","geometry":{"type":"Point","coordinates":[5.903486,45.567287]},"properties":{"event_type":"info","datex_type":"GeneralNetworkManagement","description":"Travaux de r\u00e9fection de la chauss\u00e9e sur la RD 1006 \u00e0 Chamb\u00e9ry. La route est coup\u00e9e dans les deux sens de circulation et des d\u00e9viations locales sont mises en place.\nTravaux pr\u00e9vus \u00e9galement la nuit du 01-10 au 02-10 de 20h \u00e0 6h.\nLa mesure est obligatoire","road_name":"D1006","commune":"Chamb\u00e9ry","start_time":"2026-09-30T20:28:24.815+02:00","end_time":"","source":"Direction interd\u00e9partementale des routes/DIR Centre-Est","version":"2"}},{"type":"Feature","id":"260928-002379-1","geometry":{"type":"Point","coordinates":[2.8443332,50.442455]},"properties":{"event_type":"roadwork","datex_type":"MaintenanceWorks","description":"Sur 200 m \u00e0 200 m du d\u00e9but de la bretelle.","road_name":"A21","commune":"Lens","start_time":"2026-09-28T20:13:38.000+02:00","end_time":"","source":"Direction interd\u00e9partementale des routes/DIR Nord","version":"2"}},{"type":"Feature","id":"260930-002370-1","geometry":{"type":"Point","coordinates":[2.191196,46.19749]},"properties":{"event_type":"info","datex_type":"RoadsideServiceDisruption","description":"Plus de gazole disponible.","road_name":"N145","commune":"Parsac","start_time":"2026-09-30T20:47:55.477+02:00","end_time":"","source":"Direction interd\u00e9partementale des routes/DIR Centre-Ouest","version":"2"}},{"type":"Feature","id":"260930-002598-1","geometry":{"type":"Point","coordinates":[-0.43163067,44.87398]},"properties":{"event_type":"incident","datex_type":"GeneralObstruction","description":"situ\u00e9 3178 m \u00e0 l'est de Yvrac DIR Atlantique/District de Gironde/CEI de Lormont De Libourne vers Bordeaux","road_name":"N89","commune":"Montussan","start_time":"2026-09-30T23:23:35.212+02:00","end_time":"","source":"Direction interd\u00e9partementale des routes/DIR Atlantique","version":"1"}},{"type":"Feature","id":"260930-002586-1","geometry":{"type":"Point","coordinates":[-0.50009567,44.83571]},"properties":{"event_type":"accident","datex_type":"Accident","description":"situ\u00e9 2029 m au nord de Floirac centre","road_name":"N230","commune":"Floirac","start_time":"2026-09-30T23:14:44.447+02:00","end_time":"","source":"Direction interd\u00e9partementale des routes/DIR Atlantique","version":"6"}},{"type":"Feature","id":"260930-002586-102","geometry":{"type":"Point","coordinates":[-0.50221324,44.84541]},"properties":{"event_type":"roadwork","datex_type":"RoadOrCarriagewayOrLaneManagement","description":"La mesure est obligatoire","road_name":"N230","commune":"Artigues-pr\u00e8s-Bordeaux","start_time":"2026-09-30T23:27:14.053+02:00","end_time":"","source":"Direction interd\u00e9partementale des routes/DIR Atlantique","version":"4"}},{"type":"Feature","id":"260923-002462-1","geometry":{"type":"Point","coordinates":[0.26647478,46.454685]},"properties":{"event_type":"roadwork","datex_type":"ConstructionWorks","description":"Point particulier : d\u00e9but : situ\u00e9 4272 m au sud de Croutelle, fin : situ\u00e9 3983 m au nord de Vivonne DIR Atlantique/District d'Angoul\u00eame/CEI de Couh\u00e9 De Paris vers Bordeaux","road_name":"N10","commune":"Vivonne","start_time":"2026-09-23T19:55:14.141+02:00","end_time":"","source":"Direction interd\u00e9partementale des routes/DIR Atlantique","version":"3"}},{"type":"Feature","id":"260923-002462-102","geometry":{"type":"Point","coordinates":[0.26647478,46.454685]},"properties":{"event_type":"roadwork","datex_type":"RoadOrCarriagewayOrLaneManagement","description":"La mesure est obligatoire","road_name":"N10","commune":"Vivonne","start_time":"2026-09-23T19:55:49.393+02:00","end_time":"","source":"Direction interd\u00e9partementale des routes/DIR Atlantique","version":"2"}},{"type":"Feature","id":"261001-000044-1","geometry":{"type":"Point","coordinates":[-0.5176104,44.82118]},"properties":{"event_type":"roadwork","datex_type":"RoadOrCarriagewayOrLaneManagement","description":"La mesure est obligatoire","road_name":"N230","commune":"Floirac","start_time":"2026-10-01T01:00:40.244+02:00","end_time":"","source":"Direction interd\u00e9partementale des routes/DIR Atlantique","version":"1"}},{"type":"Feature","id":"260924-003967-1","geometry":{"type":"Point","coordinates":[-0.6038414,44.88952]},"properties":{"event_type":"roadwork","datex_type":"MaintenanceWorks","description":"Point particulier : d\u00e9but : situ\u00e9 2202 m au sud de Pont d'Aquitaine, fin : situ\u00e9 719 m au nord de Bruges DIR Atlantique/District de Gironde/CEI de Lormont","road_name":"A630","commune":"Bruges","start_time":"2026-10-01T03:23:45.675+02:00","end_time":"","source":"Direction interd\u00e9partementale des routes/DIR Atlantique","version":"3"}},{"type":"Feature","id":"260924-003967-103","geometry":{"type":"Point","coordinates":[-0.6038414,44.88952]},"properties":{"event_type":"roadwork","datex_type":"RoadOrCarriagewayOrLaneManagement","description":"Commence \u00e0 proximit\u00e9 de l'\u00e9changeur 4c (PS Labarde) et se termine \u00e0 proximit\u00e9 de l'\u00e9changeur 5 (Bruges ZI)\nLa mesure est obligatoire","road_name":"A630","commune":"Bruges","start_time":"2026-10-05T21:00:00.000+02:00","end_time":"2026-10-06T06:00:00.000+02:00","source":"Direction interd\u00e9partementale des routes/DIR Atlantique","version":"2"}},{"type":"Feature","id":"261001-000112-1","geometry":{"type":"Point","coordinates":[-0.53177005,44.807587]},"properties":{"event_type":"incident","datex_type":"VehicleObstruction","description":"situ\u00e9 26 m au sud de B\u00e8gles centre DIR Atlantique/District de Gironde/CEI de Villenave-d'Ornon De B\u00e8gles (A630) vers Bordeaux","road_name":"A631","commune":"B\u00e8gles","start_time":"2026-10-01T03:48:25.217+02:00","end_time":"","source":"Direction interd\u00e9partementale des routes/DIR Atlantique","version":"1"}},{"type":"Feature","id":"261001-000117-1","geometry":{"type":"Point","coordinates":[0.39507076,45.76229]},"properties":{"event_type":"roadwork","datex_type":"MaintenanceWorks","description":"Point particulier : d\u00e9but : situ\u00e9 3890 m \u00e0 l'est de Aire de la B\u00e9casse, fin : situ\u00e9 530 m \u00e0 l'ouest de Taponnat sud DIR Atlantique/District d'Angoul\u00eame/CEI d'Angoul\u00eame De Saintes vers Limoges","road_name":"N141","commune":"Rivi\u00e8res","start_time":"2026-10-01T03:55:00.505+02:00","end_time":"","source":"Direction interd\u00e9partementale des routes/DIR Atlantique","version":"4"}},{"type":"Feature","id":"261001-000117-102","geometry":{"type":"Point","coordinates":[0.39505467,45.762264]},"properties":{"event_type":"roadwork","datex_type":"RoadOrCarriagewayOrLaneManagement","description":"La mesure est obligatoire","road_name":"N141","commune":"Rivi\u00e8res","start_time":"2026-10-01T03:57:11.685+02:00","end_time":"","source":"Direction interd\u00e9partementale des routes/DIR Atlantique","version":"3"}},{"type":"Feature","id":"261001-000117-103","geometry":{"type":"Point","coordinates":[0.37946,45.75321]},"properties":{"event_type":"roadwork","datex_type":"RoadOrCarriagewayOrLaneManagement","description":"La mesure est obligatoire","road_name":"N141","commune":"Rivi\u00e8res","start_time":"2026-10-01T03:58:20.302+02:00","end_time":"","source":"Direction interd\u00e9partementale des routes/DIR Atlantique","version":"2"}},{"type":"Feature","id":"260930-002508-1","geometry":{"type":"Point","coordinates":[2.8471155,50.438377]},"properties":{"event_type":"roadwork","datex_type":"MaintenanceWorks","description":"Point particulier : d\u00e9but : situ\u00e9 811 m \u00e0 l'est de Douvrin, fin : situ\u00e9 168 m \u00e0 l'ouest de Lens centre DIR Nord/District Amiens Valenciennes/CEI de Dourges De Aix-Noulette (A26) vers Douchy-les-Mines (A2)","road_name":"A21","commune":"Lens","start_time":"2026-09-30T21:58:34.000+02:00","end_time":"","source":"Direction interd\u00e9partementale des routes/DIR Nord","version":"2"}},{"type":"Feature","id":"260910-012773-1","geometry":{"type":"Point","coordinates":[4.375462,45.404324]},"properties":{"event_type":"roadwork","datex_type":"MaintenanceWorks","description":"Point particulier : d\u00e9but : situ\u00e9 348 m au sud de Saint-\u00c9tienne - Tardy - La Ter, fin : situ\u00e9 3392 m au nord de Le Chambon-Feugerolles centre AURA_DIRCE/District Saint-\u00c9tienne (AURA)/CEI Varizelle (AURA)","road_name":"N88","commune":"La Ricamarie","start_time":"2026-09-10T13:03:00.281+02:00","end_time":"2026-10-21T05:00:00.000+02:00","source":"Direction interd\u00e9partementale des routes/DIR Centre-Est","version":"24"}},{"type":"Feature","id":"260910-012773-106","geometry":{"type":"Point","coordinates":[4.375462,45.404324]},"properties":{"event_type":"roadwork","datex_type":"RoadOrCarriagewayOrLaneManagement","description":"La mesure est obligatoire","road_name":"N88","commune":"La Ricamarie","start_time":"2026-09-11T05:48:00.427+02:00","end_time":"2026-10-14T05:00:10.410+02:00","source":"Direction interd\u00e9partementale des routes/DIR Centre-Est","version":"14"}},{"type":"Feature","id":"260910-012773-110","geometry":{"type":"Point","coordinates":[4.37542,45.4036]},"properties":{"event_type":"roadwork","datex_type":"ReroutingManagement","description":"situ\u00e9 245 m au sud de La Ricamarie AURA_DIRCE/District Saint-\u00c9tienne (AURA)/CEI Varizelle (AURA) sur bretelle de sortie","road_name":"N88","commune":"La Ricamarie","start_time":"2026-09-30T20:30:57.769+02:00","end_time":"2026-10-01T04:32:05.516+02:00","source":"Direction interd\u00e9partementale des routes/DIR Centre-Est","version":"3"}},{"type":"Feature","id":"261001-000187-1","geometry":{"type":"Point","coordinates":[4.9361825,43.468037]},"properties":{"event_type":"roadwork","datex_type":"MaintenanceWorks","description":"Point particulier : d\u00e9but : situ\u00e9 1413 m \u00e0 l'ouest de Le Merle sud, fin : situ\u00e9 1308 m \u00e0 l'est de Fos-sur-Mer DIR M\u00e9diterran\u00e9e/District Urbain/CEI Lav\u00e9ra","road_name":"N569","commune":"Fos-sur-Mer","start_time":"2026-10-01T21:00:00.000+02:00","end_time":"2026-10-02T05:00:00.000+02:00","source":"Direction interd\u00e9partementale des routes/DIR M\u00e9diterran\u00e9e","version":"1"}},{"type":"Feature","id":"261001-000191-102","geometry":{"type":"Point","coordinates":[5.045423,43.3989]},"properties":{"event_type":"roadwork","datex_type":"RoadOrCarriagewayOrLaneManagement","description":"La mesure est obligatoire","road_name":"A55","commune":"Martigues","start_time":"2026-10-01T06:17:31.807+02:00","end_time":"2026-10-02T05:00:00.000+02:00","source":"Direction interd\u00e9partementale des routes/DIR M\u00e9diterran\u00e9e","version":"1"}},{"type":"Feature","id":"261001-000191-1","geometry":{"type":"Point","coordinates":[5.045423,43.3989]},"properties":{"event_type":"roadwork","datex_type":"MaintenanceWorks","description":"situ\u00e9 1265 m \u00e0 l'est de Martigues nord DIR M\u00e9diterran\u00e9e/District Urbain/CEI Lav\u00e9ra","road_name":"A55","commune":"Martigues","start_time":"2026-10-01T21:00:00.000+02:00","end_time":"2026-10-02T05:00:00.000+02:00","source":"Direction interd\u00e9partementale des routes/DIR M\u00e9diterran\u00e9e","version":"2"}},{"type":"Feature","id":"261001-000194-1","geometry":{"type":"Point","coordinates":[5.050586,43.39509]},"properties":{"event_type":"roadwork","datex_type":"MaintenanceWorks","description":"situ\u00e9 517 m \u00e0 l'est de Martigues sud DIR M\u00e9diterran\u00e9e/District Urbain/CEI Lav\u00e9ra De Marseille vers Martigues","road_name":"A55","commune":"Martigues","start_time":"2026-10-01T21:00:00.000+02:00","end_time":"2026-10-02T05:00:00.000+02:00","source":"Direction interd\u00e9partementale des routes/DIR M\u00e9diterran\u00e9e","version":"2"}},{"type":"Feature","id":"261001-000194-102","geometry":{"type":"Point","coordinates":[5.050586,43.39509]},"properties":{"event_type":"roadwork","datex_type":"ReroutingManagement","description":"situ\u00e9 517 m \u00e0 l'est de Martigues sud DIR M\u00e9diterran\u00e9e/District Urbain/CEI Lav\u00e9ra De Marseille vers Martigues","road_name":"A55","commune":"Martigues","start_time":"2026-10-01T21:00:00.000+02:00","end_time":"2026-10-02T05:00:00.000+02:00","source":"Direction interd\u00e9partementale des routes/DIR M\u00e9diterran\u00e9e","version":"1"}},{"type":"Feature","id":"261001-000197-102","geometry":{"type":"Point","coordinates":[5.3397274,43.40484]},"properties":{"event_type":"roadwork","datex_type":"RoadOrCarriagewayOrLaneManagement","description":"La mesure est obligatoire","road_name":"A7","commune":"Les Pennes-Mirabeau","start_time":"2026-10-01T21:00:00.000+02:00","end_time":"2026-10-02T06:00:00.000+02:00","source":"Direction interd\u00e9partementale des routes/DIR M\u00e9diterran\u00e9e","version":"1"}},{"type":"Feature","id":"261001-000197-1","geometry":{"type":"Point","coordinates":[5.3397274,43.40484]},"properties":{"event_type":"roadwork","datex_type":"MaintenanceWorks","description":"Point particulier : d\u00e9but : situ\u00e9 74 m \u00e0 l'est de Vitrolles, fin : situ\u00e9 1647 m \u00e0 l'ouest de Marseille nord DIR M\u00e9diterran\u00e9e/District Urbain/CAM De Lyon vers Marseille","road_name":"A7","commune":"Les Pennes-Mirabeau","start_time":"2026-10-01T21:00:00.000+02:00","end_time":"2026-10-02T05:00:00.000+02:00","source":"Direction interd\u00e9partementale des routes/DIR M\u00e9diterran\u00e9e","version":"2"}},{"type":"Feature","id":"260928-001237-1","geometry":{"type":"Point","coordinates":[1.1555302,45.854862]},"properties":{"event_type":"roadwork","datex_type":"MaintenanceWorks","description":"20h00 \u00e0 6h00","road_name":"N520","commune":"Verneuil-sur-Vienne","start_time":"2026-09-28T20:00:00.000+02:00","end_time":"2026-10-09T06:00:00.000+02:00","source":"Direction interd\u00e9partementale des routes/DIR Centre-Ouest","version":"10"}},{"type":"Feature","id":"260928-001237-2","geometry":{"type":"Point","coordinates":[1.1555302,45.854862]},"properties":{"event_type":"roadwork","datex_type":"RoadOrCarriagewayOrLaneManagement","description":"entre 20h00 et 6h00","road_name":"N520","commune":"Verneuil-sur-Vienne","start_time":"2026-09-29T20:00:00.000+02:00","end_time":"2026-10-09T06:00:00.000+02:00","source":"Direction interd\u00e9partementale des routes/DIR Centre-Ouest","version":"10"}},{"type":"Feature","id":"260928-001237-3","geometry":{"type":"Point","coordinates":[1.2252579,45.90152]},"properties":{"event_type":"roadwork","datex_type":"ReroutingManagement","description":"Entr\u00e9e N\u00b059 Anglard Ferm\u00e9e","road_name":"N520","commune":"Couzeix","start_time":"2026-09-29T20:00:00.000+02:00","end_time":"2026-10-09T06:00:00.000+02:00","source":"Direction interd\u00e9partementale des routes/DIR Centre-Ouest","version":"10"}},{"type":"Feature","id":"260928-001237-4","geometry":{"type":"Point","coordinates":[1.2269914,45.900494]},"properties":{"event_type":"roadwork","datex_type":"ReroutingManagement","description":"Entr\u00e9e N\u00b059 Anglard Ferm\u00e9e","road_name":"N520","commune":"Chaptelat","start_time":"2026-09-29T20:00:00.000+02:00","end_time":"2026-10-09T06:00:00.000+02:00","source":"Direction interd\u00e9partementale des routes/DIR Centre-Ouest","version":"10"}},{"type":"Feature","id":"260928-001237-5","geometry":{"type":"Point","coordinates":[1.164534,45.864616]},"properties":{"event_type":"roadwork","datex_type":"ReroutingManagement","description":"Entr\u00e9e N\u00b061 Bellegarde Ferm\u00e9e","road_name":"N520","commune":"Limoges","start_time":"2026-09-29T20:00:00.000+02:00","end_time":"2026-10-09T06:00:00.000+02:00","source":"Direction interd\u00e9partementale des routes/DIR Centre-Ouest","version":"10"}},{"type":"Feature","id":"260928-001237-6","geometry":{"type":"Point","coordinates":[1.1659545,45.864475]},"properties":{"event_type":"roadwork","datex_type":"ReroutingManagement","description":"Entr\u00e9e N\u00b061 Bellegarde Ferm\u00e9e","road_name":"N520","commune":"Limoges","start_time":"2026-09-29T20:00:00.000+02:00","end_time":"2026-10-09T06:00:00.000+02:00","source":"Direction interd\u00e9partementale des routes/DIR Centre-Ouest","version":"10"}},{"type":"Feature","id":"260928-001237-7","geometry":{"type":"Point","coordinates":[1.1555302,45.854862]},"properties":{"event_type":"roadwork","datex_type":"ReroutingManagement","description":"Point particulier : d\u00e9but : situ\u00e9 0 m \u00e0 l'ouest de Rilhac-Rancon le Grossereix [D, fin : situ\u00e9 0 m \u00e0 l'est de A\u00e9roport Limoges Bellegarde [D DIR Centre-Ouest/District Limoges/CEI Limoges","road_name":"N520","commune":"Verneuil-sur-Vienne","start_time":"2026-09-29T20:00:00.000+02:00","end_time":"2026-10-09T06:00:00.000+02:00","source":"Direction interd\u00e9partementale des routes/DIR Centre-Ouest","version":"10"}},{"type":"Feature","id":"260928-001237-8","geometry":{"type":"Point","coordinates":[1.1555302,45.854862]},"properties":{"event_type":"roadwork","datex_type":"ReroutingManagement","description":"Point particulier : d\u00e9but : situ\u00e9 0 m \u00e0 l'ouest de Rilhac-Rancon le Grossereix [D, fin : situ\u00e9 0 m \u00e0 l'est de A\u00e9roport Limoges Bellegarde [D DIR Centre-Ouest/District Limoges/CEI Limoges","road_name":"N520","commune":"Verneuil-sur-Vienne","start_time":"2026-09-29T20:00:00.000+02:00","end_time":"2026-10-09T06:00:00.000+02:00","source":"Direction interd\u00e9partementale des routes/DIR Centre-Ouest","version":"10"}},{"type":"Feature","id":"260928-001237-9","geometry":{"type":"Point","coordinates":[1.1555302,45.854862]},"properties":{"event_type":"roadwork","datex_type":"ReroutingManagement","description":"Point particulier : d\u00e9but : situ\u00e9 0 m \u00e0 l'ouest de Rilhac-Rancon le Grossereix [D, fin : situ\u00e9 0 m \u00e0 l'est de A\u00e9roport Limoges Bellegarde [D DIR Centre-Ouest/District Limoges/CEI Limoges","road_name":"N520","commune":"Verneuil-sur-Vienne","start_time":"2026-09-29T20:00:00.000+02:00","end_time":"2026-10-09T06:00:00.000+02:00","source":"Direction interd\u00e9partementale des routes/DIR Centre-Ouest","version":"10"}},{"type":"Feature","id":"261001-000215-1","geometry":{"type":"Point","coordinates":[6.5900545,48.02499]},"properties":{"event_type":"roadwork","datex_type":"MaintenanceWorks","description":"Point particulier : d\u00e9but : situ\u00e9 8357 m \u00e0 l'ouest de Vecoux, fin : situ\u00e9 6860 m \u00e0 l'est de Saint-Maurice-sur-Moselle Hors voie de circulation GE_DIRE/Service r\u00e9gional d\u2019exploitation Grand Est (SREX)/District Nancy/CEI Saint Nabord De Mulhouse vers Remiremont","road_name":"N66","commune":"Remiremont","start_time":"2026-10-01T06:43:40.940+02:00","end_time":"","source":"Direction interd\u00e9partementale des routes/DIR Est","version":"1"}},{"type":"Feature","id":"261001-000219-1","geometry":{"type":"Point","coordinates":[1.5190059,49.82233]},"properties":{"event_type":"roadwork","datex_type":"MaintenanceWorks","description":"Point particulier : d\u00e9but : situ\u00e9 3087 m au nord de Neufch\u00e2tel-en-Bray nord, fin : situ\u00e9 1116 m au sud de Foucarmont - Londini\u00e8res DIR Nord-Ouest/District Rouen/PE Nord/CEI Bouttencourt De Rouen vers Abbeville","road_name":"A28","commune":"Callengeville","start_time":"2026-10-01T06:45:03.692+02:00","end_time":"","source":"Direction interd\u00e9partementale des routes/DIR Nord-Ouest","version":"1"}},{"type":"Feature","id":"261001-000263-102","geometry":{"type":"Point","coordinates":[2.3782938,51.012447]},"properties":{"event_type":"roadwork","datex_type":"MaintenanceWorks","description":"Point particulier : d\u00e9but : situ\u00e9 588 m \u00e0 l'est de Cappelle-la-Grande, fin : situ\u00e9 109 m \u00e0 l'ouest de Coudekerque centre DIR Nord/District Littoral/CEI de Coudekerque sur bretelle de sortie De Paris vers Belgique - Oostende","road_name":"A16","commune":"Coudekerque-Branche","start_time":"2026-10-01T07:02:52.000+02:00","end_time":"","source":"Direction interd\u00e9partementale des routes/DIR Nord","version":"1"}},{"type":"Feature","id":"261001-000263-1","geometry":{"type":"Point","coordinates":[2.3797123,51.013145]},"properties":{"event_type":"roadwork","datex_type":"MaintenanceWorks","description":"Point particulier : d\u00e9but : situ\u00e9 2 m \u00e0 l'est de Cappelle-la-Grande, fin : situ\u00e9 1212 m \u00e0 l'ouest de Coudekerque est DIR Nord/District Littoral/CEI de Coudekerque De Paris vers Belgique - Oostende","road_name":"A16","commune":"Coudekerque-Branche","start_time":"2026-10-01T07:02:52.000+02:00","end_time":"","source":"Direction interd\u00e9partementale des routes/DIR Nord","version":"2"}},{"type":"Feature","id":"261001-000267-1","geometry":{"type":"Point","coordinates":[-1.2732126,48.776554]},"properties":{"event_type":"roadwork","datex_type":"MaintenanceWorks","description":"Point particulier : d\u00e9but : situ\u00e9 4650 m au sud de Villedieu-les-Po\u00eales, fin : situ\u00e9 4142 m au nord de Aire de Villedieu-les-Po\u00ebles DIR Nord-Ouest/District Manche-Calvados/PE Saint-L\u00f4/CEI Fleury De Caen vers Rennes","road_name":"A84","commune":"Sainte-Pience","start_time":"2026-10-01T07:05:34.320+02:00","end_time":"","source":"Direction interd\u00e9partementale des routes/DIR Nord-Ouest","version":"1"}},{"type":"Feature","id":"261001-000273-1","geometry":{"type":"Point","coordinates":[-0.23977958,48.975967]},"properties":{"event_type":"incident","datex_type":"VehicleObstruction","description":"situ\u00e9 13760 m au sud de Garcelles - Rocquancourt DIR Nord-Ouest/District Manche-Calvados/PE Caen/CEI Mondeville De Falaise vers Caen","road_name":"N158","commune":"Soumont-Saint-Quentin","start_time":"2026-10-01T07:10:17.394+02:00","end_time":"","source":"Direction interd\u00e9partementale des routes/DIR Nord-Ouest","version":"1"}},{"type":"Feature","id":"261001-000351-1","geometry":{"type":"Point","coordinates":[3.200109,45.61827]},"properties":{"event_type":"roadwork","datex_type":"MaintenanceWorks","description":"Point particulier : d\u00e9but : situ\u00e9 2097 m au sud de Aire d'Authezat, fin : situ\u00e9 1218 m au nord de Coudes DIR Massif-Central/District Nord/CEI Issoire De Clermont-Ferrand vers B\u00e9ziers","road_name":"A75","commune":"Montpeyroux","start_time":"2026-10-01T07:36:42.691+02:00","end_time":"","source":"Direction interd\u00e9partementale des routes/DIR Massif-Central","version":"2"}},{"type":"Feature","id":"261001-000351-102","geometry":{"type":"Point","coordinates":[3.200109,45.61827]},"properties":{"event_type":"roadwork","datex_type":"RoadOrCarriagewayOrLaneManagement","description":"La mesure est obligatoire","road_name":"A75","commune":"Montpeyroux","start_time":"2026-10-01T07:37:06.192+02:00","end_time":"","source":"Direction interd\u00e9partementale des routes/DIR Massif-Central","version":"1"}},{"type":"Feature","id":"261001-000360-1","geometry":{"type":"Point","coordinates":[3.1974165,45.621815]},"properties":{"event_type":"roadwork","datex_type":"MaintenanceWorks","description":"Point particulier : d\u00e9but : situ\u00e9 818 m au nord de Coudes, fin : situ\u00e9 219 m au sud de Montpeyroux DIR Massif-Central/District Nord/CEI Issoire De B\u00e9ziers vers Clermont-Ferrand","road_name":"A75","commune":"Montpeyroux","start_time":"2026-10-01T07:38:39.474+02:00","end_time":"","source":"Direction interd\u00e9partementale des routes/DIR Massif-Central","version":"2"}},{"type":"Feature","id":"261001-000360-102","geometry":{"type":"Point","coordinates":[3.1974165,45.621815]},"properties":{"event_type":"roadwork","datex_type":"RoadOrCarriagewayOrLaneManagement","description":"La mesure est obligatoire","road_name":"A75","commune":"Montpeyroux","start_time":"2026-10-01T07:39:02.160+02:00","end_time":"","source":"Direction interd\u00e9partementale des routes/DIR Massif-Central","version":"1"}},{"type":"Feature","id":"261001-000311-1","geometry":{"type":"Point","coordinates":[-1.0900431,48.916885]},"properties":{"event_type":"incident","datex_type":"VehicleObstruction","description":"situ\u00e9 1560 m au nord de Gouvets Hors voie de circulation DIR Nord-Ouest/District Manche-Calvados/PE Saint-L\u00f4/CEI Fleury De Caen vers Rennes","road_name":"A84","commune":"Gouvets","start_time":"2026-10-01T07:22:55.452+02:00","end_time":"","source":"Direction interd\u00e9partementale des routes/DIR Nord-Ouest","version":"2"}},{"type":"Feature","id":"261001-000509-1","geometry":{"type":"Point","coordinates":[1.5059713,46.561707]},"properties":{"event_type":"roadwork","datex_type":"MaintenanceWorks","description":"purges","road_name":"A20","commune":"Argenton-sur-Creuse","start_time":"2026-10-01T08:11:46.199+02:00","end_time":"2026-10-02T08:11:00.000+02:00","source":"Direction interd\u00e9partementale des routes/DIR Centre-Ouest","version":"1"}},{"type":"Feature","id":"261001-000509-2","geometry":{"type":"Point","coordinates":[1.5059713,46.561707]},"properties":{"event_type":"roadwork","datex_type":"RoadOrCarriagewayOrLaneManagement","description":"Point particulier : d\u00e9but : situ\u00e9 609 m au nord de Aire de la Marche Occitane, fin : situ\u00e9 1096 m au sud de Argentan Sud DIR Centre-Ouest/District A20/CEI Argenton De Toulouse vers Paris","road_name":"A20","commune":"Argenton-sur-Creuse","start_time":"2026-10-01T08:11:46.199+02:00","end_time":"2026-10-02T08:11:00.000+02:00","source":"Direction interd\u00e9partementale des routes/DIR Centre-Ouest","version":"1"}},{"type":"Feature","id":"260914-002963-1","geometry":{"type":"Point","coordinates":[3.016869,44.146957]},"properties":{"event_type":"roadwork","datex_type":"MaintenanceWorks","description":"Point particulier : d\u00e9but : situ\u00e9 7441 m au sud de Col d'Engayresque, fin : situ\u00e9 1001 m au nord de Saint-Germain DIR Massif-Central/District Sud/CEI S\u00e9v\u00e9rac De Clermont-Ferrand vers B\u00e9ziers","road_name":"A75","commune":"Millau","start_time":"2026-09-14T19:17:56.705+02:00","end_time":"2026-10-02T19:06:20.580+02:00","source":"Direction interd\u00e9partementale des routes/DIR Massif-Central","version":"26"}},{"type":"Feature","id":"260914-002963-111","geometry":{"type":"Point","coordinates":[3.0724654,44.219326]},"properties":{"event_type":"roadwork","datex_type":"RoadOrCarriagewayOrLaneManagement","description":"La mesure est obligatoire","road_name":"A75","commune":"Verri\u00e8res","start_time":"2026-09-16T12:10:01.740+02:00","end_time":"2026-10-01T08:15:26.936+02:00","source":"Direction interd\u00e9partementale des routes/DIR Massif-Central","version":"8"}},{"type":"Feature","id":"260914-002963-104","geometry":{"type":"Point","coordinates":[3.067263,44.201904]},"properties":{"event_type":"roadwork","datex_type":"RoadOrCarriagewayOrLaneManagement","description":"La mesure est obligatoire","road_name":"A75","commune":"Verri\u00e8res","start_time":"2026-09-16T20:43:12.074+02:00","end_time":"","source":"Direction interd\u00e9partementale des routes/DIR Massif-Central","version":"22"}},{"type":"Feature","id":"260914-002963-110","geometry":{"type":"Point","coordinates":[3.0233984,44.13558]},"properties":{"event_type":"info","datex_type":"GeneralNetworkManagement","description":"La mesure est obligatoire","road_name":"A75","commune":"Millau","start_time":"2026-09-16T20:42:56.139+02:00","end_time":"2026-10-02T19:40:37.164+02:00","source":"Direction interd\u00e9partementale des routes/DIR Massif-Central","version":"13"}},{"type":"Feature","id":"260914-002963-108","geometry":{"type":"Point","coordinates":[3.0360925,44.179237]},"properties":{"event_type":"roadwork","datex_type":"ReroutingManagement","description":"situ\u00e9 162 m au nord de La Gamasse DIR Massif-Central/District Sud/CEI S\u00e9v\u00e9rac sur bretelle de sortie De Clermont-Ferrand vers B\u00e9ziers","road_name":"A75","commune":"Aguessac","start_time":"2026-09-16T20:43:05.309+02:00","end_time":"","source":"Direction interd\u00e9partementale des routes/DIR Massif-Central","version":"16"}},{"type":"Feature","id":"260914-002963-109","geometry":{"type":"Point","coordinates":[3.0338337,44.179745]},"properties":{"event_type":"roadwork","datex_type":"ReroutingManagement","description":"situ\u00e9 4541 m au nord de Saint-Germain Hors voie de circulation DIR Massif-Central/District Sud/CEI S\u00e9v\u00e9rac sur bretelle d'entr\u00e9e De Clermont-Ferrand vers B\u00e9ziers","road_name":"A75","commune":"Aguessac","start_time":"2026-09-14T19:45:38.220+02:00","end_time":"","source":"Direction interd\u00e9partementale des routes/DIR Massif-Central","version":"15"}},{"type":"Feature","id":"261001-000536-1","geometry":{"type":"Point","coordinates":[-0.32400632,49.124065]},"properties":{"event_type":"incident","datex_type":"GeneralObstruction","description":"situ\u00e9 1550 m au sud de Ifs Hors voie de circulation DIR Nord-Ouest/District Manche-Calvados/PE Caen/CEI Mondeville sur bretelle d'entr\u00e9e De Falaise vers Caen","road_name":"N158","commune":"Hubert-Folie","start_time":"2026-10-01T08:21:54.898+02:00","end_time":"","source":"Direction interd\u00e9partementale des routes/DIR Nord-Ouest","version":"1"}},{"type":"Feature","id":"261001-000548-1","geometry":{"type":"Point","coordinates":[-2.332924,48.36852]},"properties":{"event_type":"roadwork","datex_type":"MaintenanceWorks","description":"Point particulier : d\u00e9but : situ\u00e9 2914 m \u00e0 l'ouest de Le Chalet, fin : situ\u00e9 2267 m \u00e0 l'est de Les Vall\u00e9es DIR Ouest/District de Saint-Brieuc/CEI de Tramain De Paris vers Brest","road_name":"N12","commune":"Dolo","start_time":"2026-10-01T08:18:34.002+02:00","end_time":"2026-10-01T17:00:00.000+02:00","source":"Direction interd\u00e9partementale des routes/DIR Ouest","version":"1"}},{"type":"Feature","id":"261001-000548-2","geometry":{"type":"Point","coordinates":[-2.332924,48.36852]},"properties":{"event_type":"roadwork","datex_type":"RoadOrCarriagewayOrLaneManagement","description":"Point particulier : d\u00e9but : situ\u00e9 2914 m \u00e0 l'ouest de Le Chalet, fin : situ\u00e9 2267 m \u00e0 l'est de Les Vall\u00e9es DIR Ouest/District de Saint-Brieuc/CEI de Tramain De Paris vers Brest","road_name":"N12","commune":"Dolo","start_time":"2026-10-01T08:18:34.002+02:00","end_time":"2026-10-01T17:00:00.000+02:00","source":"Direction interd\u00e9partementale des routes/DIR Ouest","version":"1"}},{"type":"Feature","id":"261001-000571-1","geometry":{"type":"Point","coordinates":[1.5104749,45.541985]},"properties":{"event_type":"roadwork","datex_type":"ReroutingManagement","description":"d\u00e9broussaillage","road_name":"A20","commune":"Masseret","start_time":"2026-10-01T08:29:36.508+02:00","end_time":"2026-10-01T18:00:00.000+02:00","source":"Direction interd\u00e9partementale des routes/DIR Centre-Ouest","version":"1"}},{"type":"Feature","id":"261001-000571-2","geometry":{"type":"Point","coordinates":[1.5104749,45.541985]},"properties":{"event_type":"roadwork","datex_type":"ReroutingManagement","description":"situ\u00e9 725 m au nord de Aire de la Porte de Corr\u00e8ze DIR Centre-Ouest/District A20/CEI Uzerche De Paris vers Toulouse","road_name":"A20","commune":"Masseret","start_time":"2026-10-01T08:29:36.508+02:00","end_time":"2026-10-01T18:00:00.000+02:00","source":"Direction interd\u00e9partementale des routes/DIR Centre-Ouest","version":"1"}},{"type":"Feature","id":"261001-000581-1","geometry":{"type":"Point","coordinates":[2.0310419,46.96294]},"properties":{"event_type":"roadwork","datex_type":"MaintenanceWorks","description":"d\u00e9rasement","road_name":"N151","commune":"Issoudun","start_time":"2026-10-01T07:54:00.000+02:00","end_time":"2026-10-01T18:00:00.000+02:00","source":"Direction interd\u00e9partementale des routes/DIR Centre-Ouest","version":"1"}},{"type":"Feature","id":"261001-000581-2","geometry":{"type":"Point","coordinates":[2.0310419,46.96294]},"properties":{"event_type":"roadwork","datex_type":"RoadOrCarriagewayOrLaneManagement","description":"Point particulier : d\u00e9but : situ\u00e9 23575 m \u00e0 l'est de Ch\u00e2teauroux Nord, fin : situ\u00e9 190 m \u00e0 l'ouest de Issoudun DIR Centre-Ouest/District A20/CEI Bourges/PA Chateauroux","road_name":"N151","commune":"Issoudun","start_time":"2026-10-01T07:54:00.000+02:00","end_time":"2026-10-01T18:00:00.000+02:00","source":"Direction interd\u00e9partementale des routes/DIR Centre-Ouest","version":"1"}},{"type":"Feature","id":"261001-000591-1","geometry":{"type":"Point","coordinates":[2.0899134,49.0133]},"properties":{"event_type":"incident","datex_type":"AnimalPresenceObstruction","description":"Point particulier : d\u00e9but : situ\u00e9 690 m au nord de Conflans-Sainte-Honorine, fin : situ\u00e9 10 m au sud de \u00c9ragny Hors voie de circulation DIR \u00cele-de-France De Saint-Germain-en-Laye (N13) vers L'Isle-Adam","road_name":"N184","commune":"\u00c9ragny","start_time":"2026-10-01T08:36:44.000+02:00","end_time":"","source":"Direction interd\u00e9partementale des routes/DIR \u00cele-de-France","version":"1"}},{"type":"Feature","id":"260928-000651-1","geometry":{"type":"Point","coordinates":[1.8399016,46.185017]},"properties":{"event_type":"roadwork","datex_type":"MaintenanceWorks","description":"Point particulier : d\u00e9but : situ\u00e9 6202 m \u00e0 l'est de Le Grand-Bourg, fin : situ\u00e9 315 m \u00e0 l'ouest de Gu\u00e9ret ouest DIR Centre-Ouest/District Gu\u00e9ret/CEI Gu\u00e9ret De Bellac vers Montlu\u00e7on","road_name":"N145","commune":"Saint-Sulpice-le-Gu\u00e9r\u00e9tois","start_time":"2026-09-28T08:55:03.884+02:00","end_time":"2026-10-02T18:00:00.000+02:00","source":"Direction interd\u00e9partementale des routes/DIR Centre-Ouest","version":"7"}},{"type":"Feature","id":"260928-000651-2","geometry":{"type":"Point","coordinates":[1.8399016,46.185017]},"properties":{"event_type":"roadwork","datex_type":"RoadOrCarriagewayOrLaneManagement","description":"Point particulier : d\u00e9but : situ\u00e9 5702 m \u00e0 l'est de Le Grand-Bourg, fin : situ\u00e9 315 m \u00e0 l'ouest de Gu\u00e9ret ouest DIR Centre-Ouest/District Gu\u00e9ret/CEI Gu\u00e9ret De Bellac vers Montlu\u00e7on","road_name":"N145","commune":"Saint-Sulpice-le-Gu\u00e9r\u00e9tois","start_time":"2026-09-28T08:55:03.884+02:00","end_time":"2026-10-02T18:00:00.000+02:00","source":"Direction interd\u00e9partementale des routes/DIR Centre-Ouest","version":"7"}},{"type":"Feature","id":"261001-000603-1","geometry":{"type":"Point","coordinates":[-2.332924,48.36852]},"properties":{"event_type":"roadwork","datex_type":"MaintenanceWorks","description":"Point particulier : d\u00e9but : situ\u00e9 400 m \u00e0 l'ouest de Les D\u00eeneux, fin : situ\u00e9 2267 m \u00e0 l'est de Les Vall\u00e9es DIR Ouest/District de Saint-Brieuc/CEI de Tramain","road_name":"N12","commune":"Dolo","start_time":"2026-10-05T09:00:00.000+02:00","end_time":"2026-10-30T17:30:00.000+01:00","source":"Direction interd\u00e9partementale des routes/DIR Ouest","version":"1"}},{"type":"Feature","id":"261001-000603-2","geometry":{"type":"Point","coordinates":[-2.332924,48.36852]},"properties":{"event_type":"roadwork","datex_type":"RoadOrCarriagewayOrLaneManagement","description":"Point particulier : d\u00e9but : situ\u00e9 400 m \u00e0 l'ouest de Les D\u00eeneux, fin : situ\u00e9 2267 m \u00e0 l'est de Les Vall\u00e9es DIR Ouest/District de Saint-Brieuc/CEI de Tramain De Paris vers Brest","road_name":"N12","commune":"Dolo","start_time":"2026-10-05T09:00:00.000+02:00","end_time":"2026-10-30T17:30:00.000+01:00","source":"Direction interd\u00e9partementale des routes/DIR Ouest","version":"1"}},{"type":"Feature","id":"261001-000603-3","geometry":{"type":"Point","coordinates":[-2.291208,48.34997]},"properties":{"event_type":"roadwork","datex_type":"ReroutingManagement","description":"situ\u00e9 3142 m \u00e0 l'est de Bois-Orieux DIR Ouest/District de Saint-Brieuc/CEI de Tramain sur bretelle d'entr\u00e9e De Paris vers Brest","road_name":"N12","commune":"S\u00e9vignac","start_time":"2026-10-05T09:00:00.000+02:00","end_time":"2026-10-30T17:30:00.000+01:00","source":"Direction interd\u00e9partementale des routes/DIR Ouest","version":"1"}},{"type":"Feature","id":"261001-000603-4","geometry":{"type":"Point","coordinates":[-2.3270354,48.36631]},"properties":{"event_type":"info","datex_type":"GeneralNetworkManagement","description":"situ\u00e9 7 m \u00e0 l'est de Bois-Orieux DIR Ouest/District de Saint-Brieuc/CEI de Tramain sur bretelle de sortie De Paris vers Brest","road_name":"N12","commune":"Dolo","start_time":"2026-10-05T09:00:00.000+02:00","end_time":"2026-10-30T17:30:00.000+01:00","source":"Direction interd\u00e9partementale des routes/DIR Ouest","version":"1"}},{"type":"Feature","id":"260122-001698-1","geometry":{"type":"Point","coordinates":[0.6984161,42.908493]},"properties":{"event_type":"roadwork","datex_type":"MaintenanceWorks","description":"Travaux de maintenance\nArr\u00eat\u00e9 A-002-2026 RN125","road_name":"N125","commune":"Lez","start_time":"2026-10-01T08:30:00.000+02:00","end_time":"2026-10-01T16:30:00.000+02:00","source":"Direction interd\u00e9partementale des routes/DIR Sud-Ouest","version":"2"}},{"type":"Feature","id":"260122-001698-2","geometry":{"type":"Point","coordinates":[0.6984161,42.908493]},"properties":{"event_type":"roadwork","datex_type":"RoadOrCarriagewayOrLaneManagement","description":"Point particulier : d\u00e9but : situ\u00e9 3947 m au sud de Chaum, fin : situ\u00e9 5769 m au nord de Fos DIR Sud-Ouest/District Sud (Foix)/CEI Chaum","road_name":"N125","commune":"Lez","start_time":"2026-10-01T08:30:00.000+02:00","end_time":"2026-10-01T16:30:00.000+02:00","source":"Direction interd\u00e9partementale des routes/DIR Sud-Ouest","version":"2"}},{"type":"Feature","id":"260122-001698-3","geometry":{"type":"Point","coordinates":[0.6984161,42.908493]},"properties":{"event_type":"roadwork","datex_type":"ReroutingManagement","description":"Point particulier : d\u00e9but : situ\u00e9 3947 m au sud de Chaum, fin : situ\u00e9 5769 m au nord de Fos DIR Sud-Ouest/District Sud (Foix)/CEI Chaum","road_name":"N125","commune":"Lez","start_time":"2026-10-01T08:30:00.000+02:00","end_time":"2026-10-01T16:30:00.000+02:00","source":"Direction interd\u00e9partementale des routes/DIR Sud-Ouest","version":"2"}},{"type":"Feature","id":"261001-000616-1","geometry":{"type":"Point","coordinates":[-2.2884302,48.344696]},"properties":{"event_type":"roadwork","datex_type":"MaintenanceWorks","description":"Point particulier : d\u00e9but : situ\u00e9 882 m \u00e0 l'est de Bois-Orieux, fin : situ\u00e9 400 m \u00e0 l'ouest de Les D\u00eeneux DIR Ouest/District de Saint-Brieuc/CEI de Tramain De Brest vers Paris","road_name":"N12","commune":"Tr\u00e9meur","start_time":"2026-10-01T08:42:36.704+02:00","end_time":"2026-10-01T17:00:00.000+02:00","source":"Direction interd\u00e9partementale des routes/DIR Ouest","version":"1"}},{"type":"Feature","id":"261001-000616-2","geometry":{"type":"Point","coordinates":[-2.2884302,48.344696]},"properties":{"event_type":"roadwork","datex_type":"RoadOrCarriagewayOrLaneManagement","description":"Point particulier : d\u00e9but : situ\u00e9 882 m \u00e0 l'est de Bois-Orieux, fin : situ\u00e9 400 m \u00e0 l'ouest de Les D\u00eeneux DIR Ouest/District de Saint-Brieuc/CEI de Tramain De Brest vers Paris","road_name":"N12","commune":"Tr\u00e9meur","start_time":"2026-10-01T08:42:36.704+02:00","end_time":"2026-10-01T17:00:00.000+02:00","source":"Direction interd\u00e9partementale des routes/DIR Ouest","version":"1"}},{"type":"Feature","id":"261001-000615-1","geometry":{"type":"Point","coordinates":[2.5396426,44.309925]},"properties":{"event_type":"roadwork","datex_type":"MaintenanceWorks","description":"Hors voie de circulation DIR Sud-Ouest","road_name":"N88","commune":"Luc-la-Primaube","start_time":"2026-10-01T08:43:15.951+02:00","end_time":"","source":"Direction interd\u00e9partementale des routes/DIR Sud-Ouest","version":"2"}},{"type":"Feature","id":"261001-000615-102","geometry":{"type":"Point","coordinates":[2.5396426,44.309925]},"properties":{"event_type":"roadwork","datex_type":"RoadOrCarriagewayOrLaneManagement","description":"La mesure est obligatoire","road_name":"N88","commune":"Luc-la-Primaube","start_time":"2026-10-01T08:44:32.695+02:00","end_time":"","source":"Direction interd\u00e9partementale des routes/DIR Sud-Ouest","version":"1"}},{"type":"Feature","id":"261001-000636-1","geometry":{"type":"Point","coordinates":[1.330348,48.11842]},"properties":{"event_type":"roadwork","datex_type":"MaintenanceWorks","description":"Point particulier : d\u00e9but : situ\u00e9 5470 m au sud de Bonneval, fin : situ\u00e9 2538 m au nord de Ch\u00e2teaudun DIR Nord-Ouest/District Normandie-Centre/CEI Ch\u00e2teaudun De Chartres vers Tours","road_name":"N10","commune":"Marbou\u00e9","start_time":"2026-10-01T08:48:06.898+02:00","end_time":"","source":"Direction interd\u00e9partementale des routes/DIR Nord-Ouest","version":"1"}},{"type":"Feature","id":"261001-000467-1","geometry":{"type":"Point","coordinates":[1.1727242,49.500637]},"properties":{"event_type":"incident","datex_type":"VehicleObstruction","description":"situ\u00e9 2856 m au nord de \u00c9changeur-de-la-Ronce DIR Nord-Ouest/District Rouen/PE Nord/CEI Maucomble De Abbeville vers Rouen","road_name":"A28","commune":"Quincampoix","start_time":"2026-10-01T08:05:12.996+02:00","end_time":"","source":"Direction interd\u00e9partementale des routes/DIR Nord-Ouest","version":"2"}},{"type":"Feature","id":"261001-000643-1","geometry":{"type":"Point","coordinates":[2.2765062,48.713516]},"properties":{"event_type":"incident","datex_type":"VehicleObstruction","description":"Sur 0 m","road_name":"A10","commune":"Champlan","start_time":"2026-10-01T08:51:13.000+02:00","end_time":"","source":"Direction interd\u00e9partementale des routes/DIR \u00cele-de-France","version":"1"}},{"type":"Feature","id":"260921-002855-1","geometry":{"type":"Point","coordinates":[3.2028217,46.98026]},"properties":{"event_type":"roadwork","datex_type":"MaintenanceWorks","description":"Point particulier : d\u00e9but : situ\u00e9 527 m au nord de Nevers Sud, fin : situ\u00e9 3608 m au sud de Nevers Est DIR Centre-Est/District La Charit\u00e9/CEI Saint-Pierre-le-Mo\u00fbtier De Nevers vers Paris","road_name":"A77","commune":"Saint-\u00c9loi","start_time":"2026-10-01T08:51:00.000+02:00","end_time":"2026-10-01T17:00:00.000+02:00","source":"Direction interd\u00e9partementale des routes/DIR Centre-Est","version":"14"}},{"type":"Feature","id":"260921-002855-103","geometry":{"type":"Point","coordinates":[3.2028217,46.98026]},"properties":{"event_type":"roadwork","datex_type":"RoadOrCarriagewayOrLaneManagement","description":"Point particulier : d\u00e9but : situ\u00e9 527 m au nord de Nevers Sud, fin : situ\u00e9 3608 m au sud de Nevers Est DIR Centre-Est/District La Charit\u00e9/CEI Saint-Pierre-le-Mo\u00fbtier De Nevers vers Paris","road_name":"A77","commune":"Saint-\u00c9loi","start_time":"2026-10-01T08:51:00.000+02:00","end_time":"2026-10-01T17:00:00.000+02:00","source":"Direction interd\u00e9partementale des routes/DIR Centre-Est","version":"2"}},{"type":"Feature","id":"261001-000656-1","geometry":{"type":"Point","coordinates":[0.86604655,45.24795]},"properties":{"event_type":"roadwork","datex_type":"MaintenanceWorks","description":"Point particulier : d\u00e9but : situ\u00e9 18581 m au sud de Thiviers Eyzerac, fin : situ\u00e9 1426 m au nord de Sarliac-sur-l'Isle DIR Centre-Ouest/District P\u00e9rigueux/CEI P\u00e9rigueux","road_name":"N21","commune":"Sarliac-sur-l'Isle","start_time":"2026-10-01T08:53:38.648+02:00","end_time":"2026-10-01T18:00:00.000+02:00","source":"Direction interd\u00e9partementale des routes/DIR Centre-Ouest","version":"1"}},{"type":"Feature","id":"261001-000656-2","geometry":{"type":"Point","coordinates":[0.86604655,45.24795]},"properties":{"event_type":"roadwork","datex_type":"RoadOrCarriagewayOrLaneManagement","description":"Point particulier : d\u00e9but : situ\u00e9 18581 m au sud de Thiviers Eyzerac, fin : situ\u00e9 1426 m au nord de Sarliac-sur-l'Isle DIR Centre-Ouest/District P\u00e9rigueux/CEI P\u00e9rigueux","road_name":"N21","commune":"Sarliac-sur-l'Isle","start_time":"2026-10-01T08:53:38.648+02:00","end_time":"2026-10-01T18:00:00.000+02:00","source":"Direction interd\u00e9partementale des routes/DIR Centre-Ouest","version":"1"}},{"type":"Feature","id":"261001-000676-1","geometry":{"type":"Point","coordinates":[-1.0755287,48.926563]},"properties":{"event_type":"incident","datex_type":"VehicleObstruction","description":"situ\u00e9 3096 m au nord de Gouvets Hors voie de circulation DIR Nord-Ouest/District Manche-Calvados/PE Saint-L\u00f4/CEI Fleury De Caen vers Rennes","road_name":"A84","commune":"Gouvets","start_time":"2026-10-01T08:59:01.264+02:00","end_time":"","source":"Direction interd\u00e9partementale des routes/DIR Nord-Ouest","version":"1"}},{"type":"Feature","id":"261001-000680-1","geometry":{"type":"Point","coordinates":[6.5090857,44.569016]},"properties":{"event_type":"roadwork","datex_type":"ConstructionWorks","description":"Alternat par feux, cr\u00e9ation d'un escallier","road_name":"N94","commune":"Embrun","start_time":"2026-10-02T08:00:00.000+02:00","end_time":"2026-10-09T17:00:00.000+02:00","source":"Direction interd\u00e9partementale des routes/DIR M\u00e9diterran\u00e9e","version":"1"}},{"type":"Feature","id":"261001-000683-1","geometry":{"type":"Point","coordinates":[6.110449,48.925697]},"properties":{"event_type":"incident","datex_type":"VehicleObstruction","description":"situ\u00e9 28 m au sud de Aire du Bois du Jur\u00e9 Hors voie de circulation GE_DIRE/Service r\u00e9gional d\u2019exploitation Grand Est (SREX)/District Metz/CEI Champigneulles De Lyon vers Luxembourg","road_name":"A31","commune":"Lesm\u00e9nils","start_time":"2026-10-01T09:00:30.199+02:00","end_time":"","source":"Direction interd\u00e9partementale des routes/DIR Est","version":"1"}},{"type":"Feature","id":"261001-000691-1","geometry":{"type":"Point","coordinates":[-1.360729,49.465317]},"properties":{"event_type":"roadwork","datex_type":"MaintenanceWorks","description":"Point particulier : d\u00e9but : situ\u00e9 1375 m \u00e0 l'ouest de Sainte-M\u00e8re-\u00c9glise, fin : situ\u00e9 4956 m \u00e0 l'est de Montebourg Hors voie de circulation DIR Nord-Ouest/District Manche-Calvados/PE Saint-L\u00f4/CEI Valognes De Paris vers Cherbourg","road_name":"N13","commune":"\u00c9mondeville","start_time":"2026-10-01T09:02:03.611+02:00","end_time":"","source":"Direction interd\u00e9partementale des routes/DIR Nord-Ouest","version":"1"}},{"type":"Feature","id":"261001-000693-1","geometry":{"type":"Point","coordinates":[-2.0391996,48.51298]},"properties":{"event_type":"incident","datex_type":"VehicleObstruction","description":"situ\u00e9 2323 m \u00e0 l'est de Dinan nord DIR Ouest/District de Saint-Brieuc/CEI de Pleslin-Trigavou De Avranches vers Saint-Brieuc","road_name":"N176","commune":"Pleslin-Trigavou","start_time":"2026-10-01T09:02:24.114+02:00","end_time":"","source":"Direction interd\u00e9partementale des routes/DIR Ouest","version":"1"}},{"type":"Feature","id":"261001-000706-1","geometry":{"type":"Point","coordinates":[6.5760665,44.646294]},"properties":{"event_type":"roadwork","datex_type":"MaintenanceWorks","description":"Alternat, maintenance radar","road_name":"N94","commune":"Saint-Cl\u00e9ment-sur-Durance","start_time":"2026-10-12T08:00:00.000+02:00","end_time":"2026-10-15T17:00:00.000+02:00","source":"Direction interd\u00e9partementale des routes/DIR M\u00e9diterran\u00e9e","version":"1"}},{"type":"Feature","id":"260930-001663-1","geometry":{"type":"Point","coordinates":[0.6984062,42.908405]},"properties":{"event_type":"roadwork","datex_type":"MaintenanceWorks","description":"R\u00e9alisation de pose de bordures.\nA-141-2026 RN125","road_name":"N125","commune":"Lez","start_time":"2026-10-01T08:00:00.000+02:00","end_time":"2026-10-01T18:00:00.000+02:00","source":"Direction interd\u00e9partementale des routes/DIR Sud-Ouest","version":"3"}},{"type":"Feature","id":"260930-001663-2","geometry":{"type":"Point","coordinates":[0.6984062,42.908405]},"properties":{"event_type":"roadwork","datex_type":"RoadOrCarriagewayOrLaneManagement","description":"Neutralisation de la voie int\u00e9rieure du giratoire","road_name":"N125","commune":"Lez","start_time":"2026-10-01T08:00:00.000+02:00","end_time":"2026-10-01T18:00:00.000+02:00","source":"Direction interd\u00e9partementale des routes/DIR Sud-Ouest","version":"3"}},{"type":"Feature","id":"260930-001663-3","geometry":{"type":"Point","coordinates":[0.6984062,42.908405]},"properties":{"event_type":"roadwork","datex_type":"SpeedManagement","description":"situ\u00e9 5759 m au nord de Fos DIR Sud-Ouest/District Sud (Foix)/CEI Chaum","road_name":"N125","commune":"Lez","start_time":"2026-10-01T08:00:00.000+02:00","end_time":"2026-10-01T18:00:00.000+02:00","source":"Direction interd\u00e9partementale des routes/DIR Sud-Ouest","version":"3"}},{"type":"Feature","id":"260930-001663-104","geometry":{"type":"Point","coordinates":[0.6984062,42.908405]},"properties":{"event_type":"info","datex_type":"GeneralInstructionOrMessageToRoadUsers","description":"situ\u00e9 5759 m au nord de Fos DIR Sud-Ouest/District Sud (Foix)/CEI Chaum","road_name":"N125","commune":"Lez","start_time":"2026-10-01T08:00:00.000+02:00","end_time":"2026-10-01T18:00:00.000+02:00","source":"Direction interd\u00e9partementale des routes/DIR Sud-Ouest","version":"2"}},{"type":"Feature","id":"261001-000728-1","geometry":{"type":"Point","coordinates":[6.4619794,43.96208]},"properties":{"event_type":"roadwork","datex_type":"ConstructionWorks","description":"Alternat par feux, reconstruction mur","road_name":"N202","commune":"Moriez","start_time":"2026-10-02T00:00:00.000+02:00","end_time":"2026-10-23T23:59:00.000+02:00","source":"Direction interd\u00e9partementale des routes/DIR M\u00e9diterran\u00e9e","version":"1"}},{"type":"Feature","id":"261001-000745-1","geometry":{"type":"Point","coordinates":[1.1776363,48.90779]},"properties":{"event_type":"roadwork","datex_type":"MaintenanceWorks","description":"Point particulier : d\u00e9but : situ\u00e9 5339 m au sud de Prey, fin : situ\u00e9 2376 m au nord de 27527 DIR Nord-Ouest/District Normandie-Centre/CEI \u00c9vreux De A13 vers A10","road_name":"N154","commune":"Thomer-la-S\u00f4gne","start_time":"2026-10-01T09:16:44.658+02:00","end_time":"","source":"Direction interd\u00e9partementale des routes/DIR Nord-Ouest","version":"1"}},{"type":"Feature","id":"261001-000748-1","geometry":{"type":"Point","coordinates":[6.175223,49.268597]},"properties":{"event_type":"roadwork","datex_type":"MaintenanceWorks","description":"Point particulier : d\u00e9but : situ\u00e9 1414 m au sud de A30, fin : situ\u00e9 746 m au nord de Mondelange Hors voie de circulation GE_DIRE/Service r\u00e9gional d\u2019exploitation Grand Est (SREX)/District Metz/CEI Fameck De Luxembourg vers Lyon","road_name":"A31","commune":"Mondelange","start_time":"2026-10-01T09:17:22.164+02:00","end_time":"","source":"Direction interd\u00e9partementale des routes/DIR Est","version":"1"}},{"type":"Feature","id":"261001-000749-1","geometry":{"type":"Point","coordinates":[2.3409247,47.049335]},"properties":{"event_type":"info","datex_type":"DisturbanceActivity","description":"agriculteurs","road_name":"N142","commune":"Bourges","start_time":"2026-10-01T09:16:25.838+02:00","end_time":"","source":"Direction interd\u00e9partementale des routes/DIR Centre-Ouest","version":"1"}},{"type":"Feature","id":"261001-000781-1","geometry":{"type":"Point","coordinates":[2.3412616,49.91545]},"properties":{"event_type":"roadwork","datex_type":"MaintenanceWorks","description":"Point particulier : d\u00e9but : situ\u00e9 2868 m au nord de Amiens est - Glisy, fin : situ\u00e9 2729 m au sud de Amiens Nord DIR Nord/District Amiens Valenciennes/CEI d'Amiens De Amiens vers Arras","road_name":"N25","commune":"Rivery","start_time":"2026-10-01T09:22:43.000+02:00","end_time":"","source":"Direction interd\u00e9partementale des routes/DIR Nord","version":"1"}},{"type":"Feature","id":"261001-000780-1","geometry":{"type":"Point","coordinates":[1.1776363,48.90779]},"properties":{"event_type":"roadwork","datex_type":"MaintenanceWorks","description":"Point particulier : d\u00e9but : situ\u00e9 5339 m au sud de Prey, fin : situ\u00e9 2376 m au nord de 27527 DIR Nord-Ouest/District Normandie-Centre/CEI \u00c9vreux De A13 vers A10","road_name":"N154","commune":"Thomer-la-S\u00f4gne","start_time":"2026-10-01T09:24:08.306+02:00","end_time":"","source":"Direction interd\u00e9partementale des routes/DIR Nord-Ouest","version":"2"}},{"type":"Feature","id":"261001-000780-102","geometry":{"type":"Point","coordinates":[1.1821334,48.91028]},"properties":{"event_type":"roadwork","datex_type":"MaintenanceWorks","description":"Point particulier : d\u00e9but : situ\u00e9 847 m au nord de 27527, fin : situ\u00e9 5488 m au sud de Prey DIR Nord-Ouest/District Normandie-Centre/CEI \u00c9vreux De A10 vers A13","road_name":"N154","commune":"Thomer-la-S\u00f4gne","start_time":"2026-10-01T09:25:46.760+02:00","end_time":"","source":"Direction interd\u00e9partementale des routes/DIR Nord-Ouest","version":"1"}},{"type":"Feature","id":"261001-000791-1","geometry":{"type":"Point","coordinates":[5.0297127,48.6394]},"properties":{"event_type":"roadwork","datex_type":"MaintenanceWorks","description":"Point particulier : d\u00e9but : situ\u00e9 983 m \u00e0 l'ouest de Haironville, fin : situ\u00e9 1482 m \u00e0 l'est de Ancerville Hors voie de circulation GE_DIRE/Service r\u00e9gional d\u2019exploitation Grand Est (SREX)/District Vitry-Le-Fran\u00e7ois/CEI Saint-Dizier De Allemagne - Freiburg-im-Breisgau vers Paris","road_name":"N4","commune":"Ancerville","start_time":"2026-10-01T09:26:51.557+02:00","end_time":"","source":"Direction interd\u00e9partementale des routes/DIR Est","version":"1"}},{"type":"Feature","id":"261001-000777-102","geometry":{"type":"Point","coordinates":[4.8432198,43.52102]},"properties":{"event_type":"roadwork","datex_type":"RoadOrCarriagewayOrLaneManagement","description":"La mesure est obligatoire","road_name":"N568","commune":"Saint-Martin-de-Crau","start_time":"2026-10-01T09:25:41.740+02:00","end_time":"2026-10-01T17:00:00.000+02:00","source":"Direction interd\u00e9partementale des routes/DIR M\u00e9diterran\u00e9e","version":"2"}},{"type":"Feature","id":"261001-000777-1","geometry":{"type":"Point","coordinates":[4.8432198,43.52102]},"properties":{"event_type":"roadwork","datex_type":"MaintenanceWorks","description":"Point particulier : d\u00e9but : situ\u00e9 3406 m au nord de La Fossette, fin : situ\u00e9 15419 m au sud de Saint-Hippolyte DIR M\u00e9diterran\u00e9e/District Urbain/CEI Saint-Martin-de-Crau De Martigues vers Arles","road_name":"N568","commune":"Saint-Martin-de-Crau","start_time":"2026-10-01T09:23:21.036+02:00","end_time":"","source":"Direction interd\u00e9partementale des routes/DIR M\u00e9diterran\u00e9e","version":"3"}},{"type":"Feature","id":"261001-000813-1","geometry":{"type":"Point","coordinates":[1.3778107,46.152428]},"properties":{"event_type":"roadwork","datex_type":"MaintenanceWorks","description":"Point particulier : d\u00e9but : situ\u00e9 523 m au nord de La Gartempe, fin : situ\u00e9 766 m au sud de Aire de La Coulerouze DIR Centre-Ouest/District A20/CEI Bessines De Toulouse vers Paris","road_name":"A20","commune":"Bessines-sur-Gartempe","start_time":"2026-10-01T09:29:01.684+02:00","end_time":"2026-10-01T18:00:00.000+02:00","source":"Direction interd\u00e9partementale des routes/DIR Centre-Ouest","version":"1"}},{"type":"Feature","id":"261001-000813-2","geometry":{"type":"Point","coordinates":[1.3778107,46.152428]},"properties":{"event_type":"roadwork","datex_type":"RoadOrCarriagewayOrLaneManagement","description":"Point particulier : d\u00e9but : situ\u00e9 523 m au nord de La Gartempe, fin : situ\u00e9 766 m au sud de Aire de La Coulerouze DIR Centre-Ouest/District A20/CEI Bessines De Toulouse vers Paris","road_name":"A20","commune":"Bessines-sur-Gartempe","start_time":"2026-10-01T09:29:01.684+02:00","end_time":"2026-10-01T18:00:00.000+02:00","source":"Direction interd\u00e9partementale des routes/DIR Centre-Ouest","version":"1"}},{"type":"Feature","id":"261001-000818-1","geometry":{"type":"Point","coordinates":[-4.1719546,48.501698]},"properties":{"event_type":"roadwork","datex_type":"MaintenanceWorks","description":"Point particulier : d\u00e9but : situ\u00e9 4882 m \u00e0 l'ouest de Kermat, fin : situ\u00e9 406 m \u00e0 l'est de Prat-L\u00e9dan DIR Ouest/District de Brest/CEI de Saint-Th\u00e9gonnec De Paris vers Brest","road_name":"N12","commune":"Ploun\u00e9venter","start_time":"2026-10-01T09:31:23.395+02:00","end_time":"2026-10-01T17:00:00.000+02:00","source":"Direction interd\u00e9partementale des routes/DIR Ouest","version":"1"}},{"type":"Feature","id":"261001-000818-2","geometry":{"type":"Point","coordinates":[-4.1719546,48.501698]},"properties":{"event_type":"roadwork","datex_type":"RoadOrCarriagewayOrLaneManagement","description":"Point particulier : d\u00e9but : situ\u00e9 4882 m \u00e0 l'ouest de Kermat, fin : situ\u00e9 406 m \u00e0 l'est de Prat-L\u00e9dan DIR Ouest/District de Brest/CEI de Saint-Th\u00e9gonnec De Paris vers Brest","road_name":"N12","commune":"Ploun\u00e9venter","start_time":"2026-10-01T09:31:23.395+02:00","end_time":"2026-10-01T17:00:00.000+02:00","source":"Direction interd\u00e9partementale des routes/DIR Ouest","version":"1"}},{"type":"Feature","id":"261001-000842-1","geometry":{"type":"Point","coordinates":[5.9822893,49.363483]},"properties":{"event_type":"roadwork","datex_type":"MaintenanceWorks","description":"Point particulier : d\u00e9but : situ\u00e9 818 m \u00e0 l'ouest de Aire du Bois des Tillots, fin : situ\u00e9 3412 m \u00e0 l'est de Boulange GE_DIRE/Service r\u00e9gional d\u2019exploitation Grand Est (SREX)/District Metz/CEI Fameck De Metz vers Longwy","road_name":"A30","commune":"Fontoy","start_time":"2026-10-01T09:39:04.167+02:00","end_time":"","source":"Direction interd\u00e9partementale des routes/DIR Est","version":"2"}},{"type":"Feature","id":"261001-000842-102","geometry":{"type":"Point","coordinates":[5.9816537,49.356346]},"properties":{"event_type":"roadwork","datex_type":"MaintenanceWorks","description":"Point particulier : d\u00e9but : situ\u00e9 2737 m \u00e0 l'est de Aumetz, fin : situ\u00e9 2758 m \u00e0 l'ouest de Aire du Bois des Tillots GE_DIRE/Service r\u00e9gional d\u2019exploitation Grand Est (SREX)/District Metz/CEI Fameck De Longwy vers Metz","road_name":"A30","commune":"Fontoy","start_time":"2026-10-01T09:42:15.529+02:00","end_time":"","source":"Direction interd\u00e9partementale des routes/DIR Est","version":"1"}},{"type":"Feature","id":"261001-000761-1","geometry":{"type":"Point","coordinates":[-2.075348,47.438503]},"properties":{"event_type":"roadwork","datex_type":"MaintenanceWorks","description":"Point particulier : d\u00e9but : situ\u00e9 1252 m \u00e0 l'est de Pontch\u00e2teau centre, fin : situ\u00e9 188 m \u00e0 l'ouest de Pontch\u00e2teau Hors voie de circulation DIR Ouest/District de Nantes/CEI de Savenay De Brest vers Nantes","road_name":"N165","commune":"Sainte-Anne-sur-Brivet","start_time":"2026-10-01T09:19:51.707+02:00","end_time":"2026-10-01T11:58:56.562+02:00","source":"Direction interd\u00e9partementale des routes/DIR Ouest","version":"2"}},{"type":"Feature","id":"261001-000825-1","geometry":{"type":"Point","coordinates":[4.4776707,45.45277]},"properties":{"event_type":"roadwork","datex_type":"MaintenanceWorks","description":"Point particulier : d\u00e9but : situ\u00e9 961 m \u00e0 l'est de Saint-\u00c9tienne - Terrenoire, fin : situ\u00e9 597 m \u00e0 l'ouest de Saint-Chamond - Izieux Hors voie de circulation DIR Centre-Est/District Saint-\u00c9tienne/CEI Varizelle De Le Puy vers Lyon","road_name":"N88","commune":"Saint-Chamond","start_time":"2026-10-01T09:34:12.021+02:00","end_time":"","source":"Direction interd\u00e9partementale des routes/DIR Centre-Est","version":"2"}},{"type":"Feature","id":"261001-000825-102","geometry":{"type":"Point","coordinates":[4.4776707,45.45277]},"properties":{"event_type":"roadwork","datex_type":"RoadOrCarriagewayOrLaneManagement","description":"La mesure est obligatoire","road_name":"N88","commune":"Saint-Chamond","start_time":"2026-10-01T09:45:56.221+02:00","end_time":"","source":"Direction interd\u00e9partementale des routes/DIR Centre-Est","version":"1"}},{"type":"Feature","id":"260924-004382-1","geometry":{"type":"Point","coordinates":[-1.6893318,47.87828]},"properties":{"event_type":"roadwork","datex_type":"MaintenanceWorks","description":"Point particulier : d\u00e9but : situ\u00e9 1341 m au sud de 14139, fin : situ\u00e9 3103 m au nord de Bain-de-Bretagne nord DIR Ouest/District de Rennes/CEI de Bain-de-Bretagne De Rennes vers Nantes","road_name":"N137","commune":"Pl\u00e9ch\u00e2tel","start_time":"2026-09-29T09:00:00.000+02:00","end_time":"2026-10-01T16:30:00.000+02:00","source":"Direction interd\u00e9partementale des routes/DIR Ouest","version":"5"}},{"type":"Feature","id":"260924-004382-107","geometry":{"type":"Point","coordinates":[-1.676039,47.94141]},"properties":{"event_type":"roadwork","datex_type":"RoadOrCarriagewayOrLaneManagement","description":"Point particulier : d\u00e9but : situ\u00e9 576 m au sud de Bout-de-Lande, fin : situ\u00e9 497 m au nord de Cr\u00e9vin DIR Ouest/District de Rennes/CEI de Bain-de-Bretagne De Rennes vers Nantes","road_name":"N137","commune":"Laill\u00e9","start_time":"2026-10-01T09:48:18.850+02:00","end_time":"2026-10-01T16:30:00.000+02:00","source":"Direction interd\u00e9partementale des routes/DIR Ouest","version":"1"}},{"type":"Feature","id":"261001-000881-1","geometry":{"type":"Point","coordinates":[0.9957474,48.747128]},"properties":{"event_type":"roadwork","datex_type":"MaintenanceWorks","description":"Point particulier : d\u00e9but : situ\u00e9 5874 m \u00e0 l'ouest de Breux, fin : situ\u00e9 4234 m \u00e0 l'est de Verneuil est DIR Nord-Ouest/District Normandie-Centre/CEI Verneuil-sur-Avre De Paris vers Rennes","road_name":"N12","commune":"Courteilles","start_time":"2026-10-01T09:49:45.123+02:00","end_time":"","source":"Direction interd\u00e9partementale des routes/DIR Nord-Ouest","version":"1"}},{"type":"Feature","id":"261001-000887-1","geometry":{"type":"Point","coordinates":[2.47894,51.043896]},"properties":{"event_type":"roadwork","datex_type":"MaintenanceWorks","description":"Point particulier : d\u00e9but : situ\u00e9 486 m \u00e0 l'est de Leffrincoucke, fin : situ\u00e9 3746 m \u00e0 l'ouest de Bray-Dunes DIR Nord/District Littoral/CEI de Coudekerque De Paris vers Belgique - Oostende","road_name":"A16","commune":"Ghyvelde","start_time":"2026-10-01T09:50:55.000+02:00","end_time":"","source":"Direction interd\u00e9partementale des routes/DIR Nord","version":"1"}},{"type":"Feature","id":"261001-000880-102","geometry":{"type":"Point","coordinates":[-0.49186978,44.867603]},"properties":{"event_type":"incident","datex_type":"VehicleObstruction","description":"situ\u00e9 544 m \u00e0 l'est de Artigues-pr\u00e8s-Bordeaux DIR Atlantique/District de Gironde/CEI de Lormont De Libourne vers Bordeaux","road_name":"N89","commune":"Artigues-pr\u00e8s-Bordeaux","start_time":"2026-10-01T09:49:21.242+02:00","end_time":"","source":"Direction interd\u00e9partementale des routes/DIR Atlantique","version":"1"}},{"type":"Feature","id":"261001-000880-1","geometry":{"type":"Point","coordinates":[-0.49186978,44.867603]},"properties":{"event_type":"incident","datex_type":"GeneralObstruction","description":"situ\u00e9 544 m \u00e0 l'est de Artigues-pr\u00e8s-Bordeaux DIR Atlantique/District de Gironde/CEI de Lormont De Libourne vers Bordeaux","road_name":"N89","commune":"Artigues-pr\u00e8s-Bordeaux","start_time":"2026-10-01T09:49:21.242+02:00","end_time":"","source":"Direction interd\u00e9partementale des routes/DIR Atlantique","version":"2"}},{"type":"Feature","id":"260925-000443-1","geometry":{"type":"Point","coordinates":[5.302026,48.6766]},"properties":{"event_type":"roadwork","datex_type":"MaintenanceWorks","description":"Point particulier : d\u00e9but : situ\u00e9 304 m \u00e0 l'ouest de Ligny-en-Barrois nord, fin : situ\u00e9 17596 m \u00e0 l'est de Haironville GE_DIRE/Service r\u00e9gional d\u2019exploitation Grand Est (SREX)/District Vitry-Le-Fran\u00e7ois/CEI Ligny-en-Barrois De Allemagne - Freiburg-im-Breisgau vers Paris","road_name":"N4","commune":"Ligny-en-Barrois","start_time":"2026-09-25T08:42:26.048+02:00","end_time":"","source":"Direction interd\u00e9partementale des routes/DIR Est","version":"10"}},{"type":"Feature","id":"260925-000443-102","geometry":{"type":"Point","coordinates":[5.3028083,48.677338]},"properties":{"event_type":"roadwork","datex_type":"MaintenanceWorks","description":"Point particulier : d\u00e9but : situ\u00e9 9997 m \u00e0 l'est de Haironville, fin : situ\u00e9 279 m \u00e0 l'ouest de Ligny-en-Barrois ouest GE_DIRE/Service r\u00e9gional d\u2019exploitation Grand Est (SREX)/District Vitry-Le-Fran\u00e7ois/CEI Ligny-en-Barrois De Paris vers Allemagne - Freiburg-im-Breisgau","road_name":"N4","commune":"Ligny-en-Barrois","start_time":"2026-09-28T10:21:38.767+02:00","end_time":"","source":"Direction interd\u00e9partementale des routes/DIR Est","version":"8"}},{"type":"Feature","id":"260925-000443-105","geometry":{"type":"Point","coordinates":[5.253894,48.66218]},"properties":{"event_type":"info","datex_type":"GeneralNetworkManagement","description":"La mesure est obligatoire","road_name":"N4","commune":"Maulan","start_time":"2026-09-28T10:27:59.395+02:00","end_time":"2026-10-01T09:51:47.615+02:00","source":"Direction interd\u00e9partementale des routes/DIR Est","version":"4"}},{"type":"Feature","id":"260925-000443-104","geometry":{"type":"Point","coordinates":[5.253894,48.66218]},"properties":{"event_type":"roadwork","datex_type":"MaintenanceWorks","description":"situ\u00e9 13492 m \u00e0 l'est de Haironville Hors voie de circulation GE_DIRE/Service r\u00e9gional d\u2019exploitation Grand Est (SREX)/District Vitry-Le-Fran\u00e7ois/CEI Ligny-en-Barrois sur bretelle d'entr\u00e9e De Allemagne - Freiburg-im-Breisgau vers Paris","road_name":"N4","commune":"Maulan","start_time":"2026-09-25T08:42:26.048+02:00","end_time":"","source":"Direction interd\u00e9partementale des routes/DIR Est","version":"6"}},{"type":"Feature","id":"261001-000928-1","geometry":{"type":"Point","coordinates":[1.8377805,48.66835]},"properties":{"event_type":"roadwork","datex_type":"MaintenanceWorks","description":"Point particulier : d\u00e9but : situ\u00e9 4171 m au sud de Le Perray-en-Yvelines Nord, fin : situ\u00e9 418 m au nord de Le Moulinet DIR \u00cele-de-France De Paris vers Espagne - San Sebasti\u00e1n","road_name":"N10","commune":"Rambouillet","start_time":"2026-10-01T09:38:06.000+02:00","end_time":"","source":"Direction interd\u00e9partementale des routes/DIR \u00cele-de-France","version":"1"}},{"type":"Feature","id":"261001-000937-1","geometry":{"type":"Point","coordinates":[3.0910313,50.398804]},"properties":{"event_type":"roadwork","datex_type":"MaintenanceWorks","description":"Point particulier : d\u00e9but : situ\u00e9 2665 m \u00e0 l'ouest de Lallaing, fin : situ\u00e9 35 m \u00e0 l'est de Flers en Escrebieux - Dorignie DIR Nord/District Amiens Valenciennes/CEI de Dourges De Douchy-les-Mines (A2) vers Aix-Noulette (A26)","road_name":"A21","commune":"Flers-en-Escrebieux","start_time":"2026-10-01T10:09:23.000+02:00","end_time":"","source":"Direction interd\u00e9partementale des routes/DIR Nord","version":"1"}},{"type":"Feature","id":"261001-000959-1","geometry":{"type":"Point","coordinates":[1.0650661,49.44235]},"properties":{"event_type":"roadwork","datex_type":"MaintenanceWorks","description":"DIR Nord-Ouest","road_name":"N338","commune":"Rouen","start_time":"2026-10-01T10:19:09.248+02:00","end_time":"","source":"Direction interd\u00e9partementale des routes/DIR Nord-Ouest","version":"1"}},{"type":"Feature","id":"261001-000971-1","geometry":{"type":"Point","coordinates":[2.492757,48.85106]},"properties":{"event_type":"roadwork","datex_type":"MaintenanceWorks","description":"Point particulier : d\u00e9but : situ\u00e9 601 m au nord de Fontenay centre - Le Perreux, fin : situ\u00e9 450 m au sud de Fontenay Z.A. DIR \u00cele-de-France sur bretelle de sortie De Versailles vers Rueil-Malmaison","road_name":"A86","commune":"Fontenay-sous-Bois","start_time":"2026-10-01T10:23:08.000+02:00","end_time":"","source":"Direction interd\u00e9partementale des routes/DIR \u00cele-de-France","version":"1"}},{"type":"Feature","id":"261001-000969-1","geometry":{"type":"Point","coordinates":[-0.23977958,48.975967]},"properties":{"event_type":"roadwork","datex_type":"MaintenanceWorks","description":"Point particulier : d\u00e9but : situ\u00e9 7374 m au nord de Falaise, fin : situ\u00e9 13760 m au sud de Garcelles - Rocquancourt DIR Nord-Ouest/District Manche-Calvados/PE Caen/CEI Mondeville De Falaise vers Caen","road_name":"N158","commune":"Soumont-Saint-Quentin","start_time":"2026-10-01T10:22:52.697+02:00","end_time":"","source":"Direction interd\u00e9partementale des routes/DIR Nord-Ouest","version":"2"}},{"type":"Feature","id":"261001-000969-102","geometry":{"type":"Point","coordinates":[-0.22278576,48.95177]},"properties":{"event_type":"roadwork","datex_type":"MaintenanceWorks","description":"Point particulier : d\u00e9but : situ\u00e9 13760 m au sud de Garcelles - Rocquancourt, fin : situ\u00e9 7374 m au nord de Falaise DIR Nord-Ouest/District Manche-Calvados/PE Caen/CEI Mondeville De Caen vers Falaise","road_name":"N158","commune":"Bons-Tassilly","start_time":"2026-10-01T10:24:01.074+02:00","end_time":"","source":"Direction interd\u00e9partementale des routes/DIR Nord-Ouest","version":"1"}},{"type":"Feature","id":"261001-000209-1","geometry":{"type":"Point","coordinates":[1.7467781,50.868626]},"properties":{"event_type":"roadwork","datex_type":"MaintenanceWorks","description":"Point particulier : d\u00e9but : situ\u00e9 1116 m au nord de Guines - Cap-Gris-Nez - Carri\u00e8, fin : situ\u00e9 650 m au sud de Saint-Inglevert - Cap-Gris-Nez DIR Nord/District Littoral/CEI de Peuplingues De Paris vers Belgique - Oostende","road_name":"A16","commune":"Saint-Inglevert","start_time":"2026-10-01T06:38:57.000+02:00","end_time":"","source":"Direction interd\u00e9partementale des routes/DIR Nord","version":"2"}},{"type":"Feature","id":"261001-000960-1","geometry":{"type":"Point","coordinates":[3.0232022,44.135883]},"properties":{"event_type":"accident","datex_type":"Accident","description":"situ\u00e9 312 m au sud de Saint-Germain Hors voie de circulation sur bretelle d'entr\u00e9e De B\u00e9ziers vers Clermont-Ferrand","road_name":"A75","commune":"Millau","start_time":"2026-10-01T10:20:55.609+02:00","end_time":"","source":"Direction interd\u00e9partementale des routes/DIR Massif-Central","version":"2"}},{"type":"Feature","id":"261001-000984-1","geometry":{"type":"Point","coordinates":[-1.2946134,49.376667]},"properties":{"event_type":"incident","datex_type":"GeneralObstruction","description":"situ\u00e9 3860 m \u00e0 l'est de Sainte-M\u00e8re-\u00c9glise Hors voie de circulation DIR Nord-Ouest/District Manche-Calvados/PE Saint-L\u00f4/CEI Valognes De Paris vers Cherbourg","road_name":"N13","commune":"Blosville","start_time":"2026-10-01T10:29:02.850+02:00","end_time":"","source":"Direction interd\u00e9partementale des routes/DIR Nord-Ouest","version":"1"}},{"type":"Feature","id":"261001-000994-1","geometry":{"type":"Point","coordinates":[2.534523,48.644604]},"properties":{"event_type":"roadwork","datex_type":"MaintenanceWorks","description":"Point particulier : d\u00e9but : situ\u00e9 578 m au sud de Montgeron, fin : situ\u00e9 133 m au nord de Tigery DIR \u00cele-de-France De A86 \u2013 Cr\u00e9teil vers N104 \u2013 Lieusaint","road_name":"N6","commune":"Tigery","start_time":"2026-10-01T10:32:03.000+02:00","end_time":"","source":"Direction interd\u00e9partementale des routes/DIR \u00cele-de-France","version":"1"}},{"type":"Feature","id":"261001-001005-1","geometry":{"type":"Point","coordinates":[-0.61162806,43.077404]},"properties":{"event_type":"roadwork","datex_type":"MaintenanceWorks","description":"Point particulier : d\u00e9but : situ\u00e9 3405 m au sud de Asasp-Arros, fin : situ\u00e9 12466 m au nord de Accous DIR Atlantique/District d'Oloron-Sainte-Marie/CEI d'Oloron-Sainte-Marie","road_name":"N134","commune":"Asasp-Arros","start_time":"2026-10-01T10:39:55.318+02:00","end_time":"","source":"Direction interd\u00e9partementale des routes/DIR Atlantique","version":"2"}},{"type":"Feature","id":"261001-001005-102","geometry":{"type":"Point","coordinates":[-0.61162806,43.077404]},"properties":{"event_type":"roadwork","datex_type":"RoadOrCarriagewayOrLaneManagement","description":"La mesure est obligatoire","road_name":"N134","commune":"Asasp-Arros","start_time":"2026-10-01T10:40:47.896+02:00","end_time":"","source":"Direction interd\u00e9partementale des routes/DIR Atlantique","version":"1"}},{"type":"Feature","id":"261001-001017-1","geometry":{"type":"Point","coordinates":[-1.3413055,48.635067]},"properties":{"event_type":"info","datex_type":"GeneralNetworkManagement","description":"La mesure est obligatoire\nANNUL\u00c9 PAR L'OP\u00c9RATEUR","road_name":"N175","commune":"Poilley","start_time":"2026-10-01T10:44:12.560+02:00","end_time":"","source":"Direction interd\u00e9partementale des routes/DIR Nord-Ouest","version":"2"}},{"type":"Feature","id":"261001-001017-102","geometry":{"type":"Point","coordinates":[-1.3460889,48.62696]},"properties":{"event_type":"info","datex_type":"GeneralNetworkManagement","description":"La mesure est obligatoire","road_name":"N175","commune":"Poilley","start_time":"2026-10-01T10:44:12.560+02:00","end_time":"","source":"Direction interd\u00e9partementale des routes/DIR Nord-Ouest","version":"1"}},{"type":"Feature","id":"261001-001021-1","geometry":{"type":"Point","coordinates":[1.1844822,49.001434]},"properties":{"event_type":"roadwork","datex_type":"MaintenanceWorks","description":"Point particulier : d\u00e9but : situ\u00e9 262 m \u00e0 l'est de \u00c9vreux sud, fin : situ\u00e9 1256 m \u00e0 l'ouest de \u00c9vreux Ouest DIR Nord-Ouest/District Normandie-Centre/CEI \u00c9vreux De Evreux ouest vers Evreux est","road_name":"N1013","commune":"Guichainville","start_time":"2026-10-01T10:46:07.594+02:00","end_time":"","source":"Direction interd\u00e9partementale des routes/DIR Nord-Ouest","version":"1"}},{"type":"Feature","id":"261001-000323-1","geometry":{"type":"Point","coordinates":[3.822497,43.610043]},"properties":{"event_type":"congestion","datex_type":"AbnormalTraffic","description":"Point particulier : d\u00e9but : situ\u00e9 0 m au sud de Gignac, fin : situ\u00e9 0 m au nord de Juvignac DIR Massif-Central/District Sud/CEI Montarnaud De Lod\u00e8ve sud (N9) vers Montpellier (N113)","road_name":"N109","commune":"Montpellier","start_time":"2026-10-01T07:27:31.984+02:00","end_time":"","source":"Direction interd\u00e9partementale des routes/DIR Massif-Central","version":"5"}},{"type":"Feature","id":"261001-001039-1","geometry":{"type":"Point","coordinates":[2.2464368,49.000515]},"properties":{"event_type":"incident","datex_type":"VehicleObstruction","description":"Sur 0 m","road_name":"A115","commune":"Le Plessis-Bouchard","start_time":"2026-10-01T10:52:06.000+02:00","end_time":"","source":"Direction interd\u00e9partementale des routes/DIR \u00cele-de-France","version":"1"}},{"type":"Feature","id":"260930-000800-1","geometry":{"type":"Point","coordinates":[-0.862742,48.301926]},"properties":{"event_type":"roadwork","datex_type":"MaintenanceWorks","description":"Point particulier : d\u00e9but : situ\u00e9 517 m \u00e0 l'ouest de Saint-Georges-Buttavent, fin : situ\u00e9 3689 m \u00e0 l'est de Ern\u00e9e DIR Ouest/District de Rennes/CEI de Mayenne","road_name":"N12","commune":"Montenay","start_time":"2026-09-30T09:00:00.000+02:00","end_time":"2026-10-02T17:00:00.000+02:00","source":"Direction interd\u00e9partementale des routes/DIR Ouest","version":"5"}},{"type":"Feature","id":"260930-000800-106","geometry":{"type":"Point","coordinates":[-0.6039972,48.311188]},"properties":{"event_type":"roadwork","datex_type":"RoadOrCarriagewayOrLaneManagement","description":"Point particulier : d\u00e9but : situ\u00e9 15195 m \u00e0 l'ouest de Javron-les-Chapelles, fin : situ\u00e9 1084 m \u00e0 l'est de Mayenne DIR Ouest/District de Rennes/CEI de Mayenne","road_name":"N12","commune":"Mayenne","start_time":"2026-10-01T09:46:56.573+02:00","end_time":"2026-10-01T17:00:00.000+02:00","source":"Direction interd\u00e9partementale des routes/DIR Ouest","version":"2"}},{"type":"Feature","id":"260930-000678-104","geometry":{"type":"Point","coordinates":[2.1762822,46.19406]},"properties":{"event_type":"roadwork","datex_type":"RoadOrCarriagewayOrLaneManagement","description":"Point particulier : d\u00e9but : situ\u00e9 8131 m \u00e0 l'est de Jarnages, fin : situ\u00e9 5201 m \u00e0 l'ouest de Gouzon DIR Centre-Ouest/District Gu\u00e9ret/CEI Lamaids-Gouzon De Bellac vers Montlu\u00e7on","road_name":"N145","commune":"Parsac","start_time":"2026-10-01T09:58:05.076+02:00","end_time":"2026-10-12T18:00:00.000+02:00","source":"Direction interd\u00e9partementale des routes/DIR Centre-Ouest","version":"2"}},{"type":"Feature","id":"260930-000678-105","geometry":{"type":"Point","coordinates":[2.1762822,46.19406]},"properties":{"event_type":"roadwork","datex_type":"MaintenanceWorks","description":"Point particulier : d\u00e9but : situ\u00e9 8131 m \u00e0 l'est de Jarnages, fin : situ\u00e9 5201 m \u00e0 l'ouest de Gouzon DIR Centre-Ouest/District Gu\u00e9ret/CEI Lamaids-Gouzon De Bellac vers Montlu\u00e7on","road_name":"N145","commune":"Parsac","start_time":"2026-10-01T09:57:52.638+02:00","end_time":"2026-10-12T18:00:00.000+02:00","source":"Direction interd\u00e9partementale des routes/DIR Centre-Ouest","version":"2"}},{"type":"Feature","id":"260930-000678-1","geometry":{"type":"Point","coordinates":[2.1557431,46.195873]},"properties":{"event_type":"roadwork","datex_type":"RoadOrCarriagewayOrLaneManagement","description":"Point particulier : d\u00e9but : situ\u00e9 2825 m \u00e0 l'ouest de Gouzon, fin : situ\u00e9 6659 m \u00e0 l'est de Jarnages DIR Centre-Ouest/District Gu\u00e9ret/CEI Lamaids-Gouzon De Montlu\u00e7on vers Bellac","road_name":"N145","commune":"Parsac","start_time":"2026-09-30T09:09:53.987+02:00","end_time":"2026-10-13T18:00:00.000+02:00","source":"Direction interd\u00e9partementale des routes/DIR Centre-Ouest","version":"4"}},{"type":"Feature","id":"260930-000678-2","geometry":{"type":"Point","coordinates":[2.181524,46.195362]},"properties":{"event_type":"roadwork","datex_type":"RoadOrCarriagewayOrLaneManagement","description":"Point particulier : d\u00e9but : situ\u00e9 2852 m \u00e0 l'est de Jarnages, fin : situ\u00e9 4771 m \u00e0 l'ouest de Gouzon DIR Centre-Ouest/District Gu\u00e9ret/CEI Lamaids-Gouzon De Bellac vers Montlu\u00e7on","road_name":"N145","commune":"Parsac","start_time":"2026-09-30T09:09:53.987+02:00","end_time":"2026-10-13T18:00:00.000+02:00","source":"Direction interd\u00e9partementale des routes/DIR Centre-Ouest","version":"4"}},{"type":"Feature","id":"261001-000753-1","geometry":{"type":"Point","coordinates":[-1.6139805,48.148033]},"properties":{"event_type":"roadwork","datex_type":"MaintenanceWorks","description":"Point particulier : d\u00e9but : situ\u00e9 457 m \u00e0 l'est de Rennes Porte des Long Champs, fin : situ\u00e9 1658 m \u00e0 l'ouest de Rennes Porte de Normandie DIR Ouest/District de Rennes/CEI de Rennes","road_name":"N136","commune":"Cesson-S\u00e9vign\u00e9","start_time":"2026-10-01T09:17:41.188+02:00","end_time":"","source":"Direction interd\u00e9partementale des routes/DIR Ouest","version":"4"}},{"type":"Feature","id":"261001-000753-103","geometry":{"type":"Point","coordinates":[-1.6139805,48.148033]},"properties":{"event_type":"roadwork","datex_type":"RoadOrCarriagewayOrLaneManagement","description":"La mesure est obligatoire","road_name":"N136","commune":"Cesson-S\u00e9vign\u00e9","start_time":"2026-10-01T11:08:41.102+02:00","end_time":"","source":"Direction interd\u00e9partementale des routes/DIR Ouest","version":"1"}},{"type":"Feature","id":"261001-001031-1","geometry":{"type":"Point","coordinates":[0.6444285,45.874214]},"properties":{"event_type":"incident","datex_type":"VehicleObstruction","description":"situ\u00e9 9982 m \u00e0 l'est de Nieul - Fontafi\u00e9 DIR Centre-Ouest/District Limoges/CEI Etagnac De Limoges vers Angoul\u00eame","road_name":"N141","commune":"Exideuil","start_time":"2026-10-01T10:49:42.568+02:00","end_time":"","source":"Gendarmerie/CORG","version":"3"}},{"type":"Feature","id":"261001-001031-103","geometry":{"type":"Point","coordinates":[0.6444285,45.874214]},"properties":{"event_type":"roadwork","datex_type":"RoadOrCarriagewayOrLaneManagement","description":"Point particulier : d\u00e9but : situ\u00e9 5060 m \u00e0 l'ouest de Chabanais, fin : situ\u00e9 9982 m \u00e0 l'est de Nieul - Fontafi\u00e9 DIR Centre-Ouest/District Limoges/CEI Etagnac De Limoges vers Angoul\u00eame","road_name":"N141","commune":"Exideuil","start_time":"2026-10-01T11:10:56.333+02:00","end_time":"","source":"Direction interd\u00e9partementale des routes/DIR Centre-Ouest","version":"1"}},{"type":"Feature","id":"261001-001074-1","geometry":{"type":"Point","coordinates":[-0.5040792,44.86556]},"properties":{"event_type":"incident","datex_type":"VehicleObstruction","description":"situ\u00e9 1283 m au nord de Artigues centre DIR Atlantique/District de Gironde/CEI de Lormont","road_name":"N230","commune":"Artigues-pr\u00e8s-Bordeaux","start_time":"2026-10-01T11:11:48.890+02:00","end_time":"","source":"Direction interd\u00e9partementale des routes/DIR Atlantique","version":"1"}},{"type":"Feature","id":"261001-001033-1","geometry":{"type":"Point","coordinates":[3.045627,50.61689]},"properties":{"event_type":"incident","datex_type":"VehicleObstruction","description":"Point particulier : d\u00e9but : situ\u00e9 388 m \u00e0 l'est de Centre Hospitalier R\u00e9gional, fin : situ\u00e9 195 m \u00e0 l'ouest de Faches-Thumesnil Lille Wazemme DIR Nord/District Lille/CEI de Lille Ouest De Dunkerque vers Lille","road_name":"A25","commune":"Lille","start_time":"2026-10-01T10:50:16.000+02:00","end_time":"","source":"Direction interd\u00e9partementale des routes/DIR Nord","version":"2"}},{"type":"Feature","id":"261001-001085-1","geometry":{"type":"Point","coordinates":[0.26575932,49.49484]},"properties":{"event_type":"incident","datex_type":"VehicleObstruction","description":"situ\u00e9 1380 m \u00e0 l'est de Z.I. de Rogerville-Oudalle DIR Nord-Ouest/District Rouen/PE Sud/CEI Gonfreville-L'Orcher De Tancarville vers Le Havre","road_name":"A131","commune":"Rogerville","start_time":"2026-10-01T11:16:49.598+02:00","end_time":"","source":"Direction interd\u00e9partementale des routes/DIR Nord-Ouest","version":"1"}},{"type":"Feature","id":"261001-001086-1","geometry":{"type":"Point","coordinates":[0.30387422,45.716496]},"properties":{"event_type":"incident","datex_type":"VehicleObstruction","description":"situ\u00e9 3442 m \u00e0 l'est de Ruelle les Favrauds DIR Atlantique/District d'Angoul\u00eame/CEI d'Angoul\u00eame De Limoges vers Saintes","road_name":"N141","commune":"Brie","start_time":"2026-10-01T11:16:55.083+02:00","end_time":"","source":"Direction interd\u00e9partementale des routes/DIR Atlantique","version":"1"}},{"type":"Feature","id":"261001-001096-1","geometry":{"type":"Point","coordinates":[2.1814198,48.995705]},"properties":{"event_type":"roadwork","datex_type":"RoadOrCarriagewayOrLaneManagement","description":"La mesure est obligatoire","road_name":"A15","commune":"Herblay","start_time":"2026-10-01T11:19:28.000+02:00","end_time":"","source":"Direction interd\u00e9partementale des routes/DIR \u00cele-de-France","version":"1"}},{"type":"Feature","id":"261001-001096-2","geometry":{"type":"Point","coordinates":[2.1814198,48.995705]},"properties":{"event_type":"roadwork","datex_type":"MaintenanceWorks","description":"Point particulier : d\u00e9but : situ\u00e9 2406 m \u00e0 l'est de Herblay, fin : situ\u00e9 23 m \u00e0 l'ouest de Herblay - Beauchamp DIR \u00cele-de-France sur bretelle d'entr\u00e9e De Cergy-Pontoise (N14) vers Gennevilliers (N315)","road_name":"A15","commune":"Herblay","start_time":"2026-10-01T11:19:00.000+02:00","end_time":"","source":"Direction interd\u00e9partementale des routes/DIR \u00cele-de-France","version":"1"}},{"type":"Feature","id":"261001-001097-1","geometry":{"type":"Point","coordinates":[2.1795297,48.99682]},"properties":{"event_type":"roadwork","datex_type":"RoadOrCarriagewayOrLaneManagement","description":"La mesure est obligatoire","road_name":"A15","commune":"Herblay","start_time":"2026-10-01T11:19:47.000+02:00","end_time":"","source":"Direction interd\u00e9partementale des routes/DIR \u00cele-de-France","version":"1"}},{"type":"Feature","id":"261001-001097-2","geometry":{"type":"Point","coordinates":[2.1795297,48.99682]},"properties":{"event_type":"roadwork","datex_type":"MaintenanceWorks","description":"Point particulier : d\u00e9but : situ\u00e9 1943 m \u00e0 l'est de Herblay, fin : situ\u00e9 486 m \u00e0 l'ouest de Herblay - Beauchamp DIR \u00cele-de-France De Cergy-Pontoise (N14) vers Gennevilliers (N315)","road_name":"A15","commune":"Herblay","start_time":"2026-10-01T11:19:33.000+02:00","end_time":"","source":"Direction interd\u00e9partementale des routes/DIR \u00cele-de-France","version":"1"}},{"type":"Feature","id":"261001-001105-1","geometry":{"type":"Point","coordinates":[-0.7563197,49.287037]},"properties":{"event_type":"incident","datex_type":"GeneralObstruction","description":"situ\u00e9 2806 m \u00e0 l'ouest de Englesqueville DIR Nord-Ouest/District Manche-Calvados/PE Caen/CEI Bayeux De Cherbourg vers Paris","road_name":"N13","commune":"Cussy","start_time":"2026-10-01T11:22:47.327+02:00","end_time":"","source":"Direction interd\u00e9partementale des routes/DIR Nord-Ouest","version":"1"}},{"type":"Feature","id":"261001-001108-1","geometry":{"type":"Point","coordinates":[-1.6304302,47.60908]},"properties":{"event_type":"incident","datex_type":"VehicleObstruction","description":"situ\u00e9 3538 m au nord de Nozay DIR Ouest/District de Nantes/CEI de H\u00e9ric De Rennes vers Nantes","road_name":"N137","commune":"Jans","start_time":"2026-10-01T11:23:15.289+02:00","end_time":"","source":"Direction interd\u00e9partementale des routes/DIR Ouest","version":"1"}},{"type":"Feature","id":"261001-001111-1","geometry":{"type":"Point","coordinates":[5.9852567,45.746433]},"properties":{"event_type":"incident","datex_type":"GeneralObstruction","description":"DIR Centre-Est","road_name":"D911","commune":"Saint-Ours","start_time":"2026-10-01T11:23:24.602+02:00","end_time":"","source":"Direction interd\u00e9partementale des routes/DIR Centre-Est","version":"1"}},{"type":"Feature","id":"261001-001114-1","geometry":{"type":"Point","coordinates":[2.390449,48.93415]},"properties":{"event_type":"incident","datex_type":"VehicleObstruction","description":"Sur 0 m","road_name":"A1","commune":"La Courneuve","start_time":"2026-10-01T11:23:47.000+02:00","end_time":"","source":"Direction interd\u00e9partementale des routes/DIR \u00cele-de-France","version":"1"}},{"type":"Feature","id":"261001-001029-1","geometry":{"type":"Point","coordinates":[1.2775161,45.890827]},"properties":{"event_type":"incident","datex_type":"VehicleObstruction","description":"situ\u00e9 4523 m \u00e0 l'est de Couzeix [D2000] DIR Centre-Ouest/District Limoges/CEI Limoges De Limoges (A20) vers Verneuil sur Vienne (N141)","road_name":"N520","commune":"Limoges","start_time":"2026-10-01T10:45:55.090+02:00","end_time":"","source":"Direction interd\u00e9partementale des routes/DIR Centre-Ouest","version":"2"}},{"type":"Feature","id":"261001-001129-1","geometry":{"type":"Point","coordinates":[5.315681,43.380558]},"properties":{"event_type":"accident","datex_type":"Accident","description":"situ\u00e9 3040 m au nord de Verduron De Martigues vers Marseille","road_name":"A55","commune":"Les Pennes-Mirabeau","start_time":"2026-10-01T11:29:32.971+02:00","end_time":"","source":"Direction interd\u00e9partementale des routes/DIR M\u00e9diterran\u00e9e","version":"1"}},{"type":"Feature","id":"261001-001135-1","geometry":{"type":"Point","coordinates":[2.34115,48.755497]},"properties":{"event_type":"roadwork","datex_type":"RoadOrCarriagewayOrLaneManagement","description":"La mesure est obligatoire","road_name":"A86","commune":"Fresnes","start_time":"2026-10-01T11:30:46.000+02:00","end_time":"","source":"Direction interd\u00e9partementale des routes/DIR \u00cele-de-France","version":"1"}},{"type":"Feature","id":"261001-001137-1","geometry":{"type":"Point","coordinates":[1.1767101,48.868042]},"properties":{"event_type":"incident","datex_type":"GeneralObstruction","description":"situ\u00e9 2148 m au sud de 27527 DIR Nord-Ouest/District Normandie-Centre/CEI \u00c9vreux De A10 vers A13","road_name":"N154","commune":"Chavigny-Bailleul","start_time":"2026-10-01T11:32:34.913+02:00","end_time":"","source":"Direction interd\u00e9partementale des routes/DIR Nord-Ouest","version":"2"}},{"type":"Feature","id":"261001-001077-1","geometry":{"type":"Point","coordinates":[3.0828297,50.6297]},"properties":{"event_type":"roadwork","datex_type":"ReroutingManagement","description":"Sur 300 m \u00e0 200 m du d\u00e9but de la bretelle.","road_name":"N356","commune":"Lille","start_time":"2026-10-01T11:11:42.000+02:00","end_time":"","source":"Direction interd\u00e9partementale des routes/DIR Nord","version":"2"}},{"type":"Feature","id":"261001-001077-2","geometry":{"type":"Point","coordinates":[3.0805573,50.63007]},"properties":{"event_type":"roadwork","datex_type":"ReroutingManagement","description":"Point particulier : d\u00e9but : situ\u00e9 103 m au sud de Mons-en-Bar\u0153ul Les Sarts, fin : situ\u00e9 552 m au nord de \u00c9changeur des Deux Gares DIR Nord/District Lille/CEI de Lille Ouest sur bretelle de sortie De Roubaix vers Lille (A1 / A25)","road_name":"N356","commune":"Lille","start_time":"2026-10-01T11:11:42.000+02:00","end_time":"","source":"Direction interd\u00e9partementale des routes/DIR Nord","version":"2"}},{"type":"Feature","id":"261001-001145-1","geometry":{"type":"Point","coordinates":[-0.22442676,45.330986]},"properties":{"event_type":"incident","datex_type":"VehicleObstruction","description":"situ\u00e9 2432 m au nord de Chevanceaux DIR Atlantique/District d'Angoul\u00eame/CEI de Montlieu-la-Garde De Paris vers Bordeaux","road_name":"N10","commune":"Chantillac","start_time":"2026-10-01T11:35:04.075+02:00","end_time":"","source":"Direction interd\u00e9partementale des routes/DIR Atlantique","version":"1"}},{"type":"Feature","id":"261001-001148-1","geometry":{"type":"Point","coordinates":[-2.7462342,48.51896]},"properties":{"event_type":"incident","datex_type":"VehicleObstruction","description":"situ\u00e9 317 m \u00e0 l'est de Rohannec'h DIR Ouest/District de Saint-Brieuc/CEI de Le Perray De Paris vers Brest","road_name":"N12","commune":"Saint-Brieuc","start_time":"2026-10-01T11:35:27.752+02:00","end_time":"","source":"Direction interd\u00e9partementale des routes/DIR Ouest","version":"1"}},{"type":"Feature","id":"260901-000100-2","geometry":{"type":"Point","coordinates":[1.502769,46.504845]},"properties":{"event_type":"roadwork","datex_type":"RoadOrCarriagewayOrLaneManagement","description":"Point particulier : d\u00e9but : situ\u00e9 4506 m au sud de Aire du Val de Creuse, fin : situ\u00e9 6979 m au nord de \u00c9guzon DIR Centre-Ouest/District A20/CEI Argenton De Paris vers Toulouse","road_name":"A20","commune":"Vigoux","start_time":"2026-09-02T08:51:00.000+02:00","end_time":"2026-10-02T18:00:00.000+02:00","source":"Direction interd\u00e9partementale des routes/DIR Centre-Ouest","version":"17"}},{"type":"Feature","id":"260901-000100-3","geometry":{"type":"Point","coordinates":[1.4978373,46.463745]},"properties":{"event_type":"roadwork","datex_type":"RoadOrCarriagewayOrLaneManagement","description":"Point particulier : d\u00e9but : situ\u00e9 29 m au nord de \u00c9guzon, fin : situ\u00e9 5105 m au sud de Celon - Bazaiges DIR Centre-Ouest/District A20/CEI Argenton De Toulouse vers Paris","road_name":"A20","commune":"Parnac","start_time":"2026-09-02T10:50:00.000+02:00","end_time":"2026-10-02T18:00:00.000+02:00","source":"Direction interd\u00e9partementale des routes/DIR Centre-Ouest","version":"17"}},{"type":"Feature","id":"261001-001159-1","geometry":{"type":"Point","coordinates":[-0.9658239,48.97121]},"properties":{"event_type":"incident","datex_type":"VehicleObstruction","description":"situ\u00e9 5795 m au nord de Pont-Farcy Hors voie de circulation DIR Nord-Ouest/District Manche-Calvados/PE Saint-L\u00f4/CEI Fleury De Caen vers Rennes","road_name":"A84","commune":"Guilberville","start_time":"2026-10-01T11:38:50.514+02:00","end_time":"","source":"Direction interd\u00e9partementale des routes/DIR Nord-Ouest","version":"1"}},{"type":"Feature","id":"261001-001161-1","geometry":{"type":"Point","coordinates":[3.2015364,45.268005]},"properties":{"event_type":"roadwork","datex_type":"MaintenanceWorks","description":"Point particulier : d\u00e9but : situ\u00e9 1871 m au nord de Massiac sud, fin : situ\u00e9 18 m au sud de Aire du Ch\u00e2let Hors voie de circulation DIR Massif-Central/District Nord/CEI Massiac De B\u00e9ziers vers Clermont-Ferrand","road_name":"A75","commune":"Massiac","start_time":"2026-10-01T11:39:24.177+02:00","end_time":"","source":"Direction interd\u00e9partementale des routes/DIR Massif-Central","version":"2"}},{"type":"Feature","id":"261001-001161-102","geometry":{"type":"Point","coordinates":[3.2015364,45.268005]},"properties":{"event_type":"roadwork","datex_type":"RoadOrCarriagewayOrLaneManagement","description":"La mesure est obligatoire","road_name":"A75","commune":"Massiac","start_time":"2026-10-01T11:39:43.663+02:00","end_time":"","source":"Direction interd\u00e9partementale des routes/DIR Massif-Central","version":"1"}},{"type":"Feature","id":"261001-001163-1","geometry":{"type":"Point","coordinates":[2.0175765,48.879616]},"properties":{"event_type":"incident","datex_type":"GeneralObstruction","description":"Sur 0 m","road_name":"A13","commune":"Feucherolles","start_time":"2026-10-01T11:39:07.000+02:00","end_time":"","source":"Direction interd\u00e9partementale des routes/DIR \u00cele-de-France","version":"1"}},{"type":"Feature","id":"261001-001164-1","geometry":{"type":"Point","coordinates":[-2.2471614,48.423946]},"properties":{"event_type":"incident","datex_type":"VehicleObstruction","description":"situ\u00e9 2131 m \u00e0 l'ouest de Pl\u00e9lan-le-Petit DIR Ouest/District de Saint-Brieuc/CEI de Tramain De Saint-Brieuc vers Avranches","road_name":"N176","commune":"Pl\u00e9lan-le-Petit","start_time":"2026-10-01T11:40:22.896+02:00","end_time":"","source":"Direction interd\u00e9partementale des routes/DIR Ouest","version":"1"}},{"type":"Feature","id":"261001-001093-1","geometry":{"type":"Point","coordinates":[5.733667,45.150944]},"properties":{"event_type":"congestion","datex_type":"AbnormalTraffic","description":"Point particulier : d\u00e9but : situ\u00e9 1428 m \u00e0 l'ouest de Saint-Martin-d'H\u00e8res, fin : situ\u00e9 1251 m \u00e0 l'est de Jacques-Duclos DIR Centre-Est/District Chamb\u00e9ry-Grenoble/CEI Comboire De Grenoble Meylan (A41) vers Grenoble Le Rondeau (A480)","road_name":"N87","commune":"Eybens","start_time":"2026-10-01T11:18:14.409+02:00","end_time":"","source":"Direction interd\u00e9partementale des routes/DIR Centre-Est","version":"3"}},{"type":"Feature","id":"261001-001176-1","geometry":{"type":"Point","coordinates":[2.3336744,48.756123]},"properties":{"event_type":"accident","datex_type":"Accident","description":"Sur 0 m","road_name":"A86","commune":"Fresnes","start_time":"2026-10-01T10:51:43.000+02:00","end_time":"","source":"Direction interd\u00e9partementale des routes/DIR \u00cele-de-France","version":"1"}},{"type":"Feature","id":"261001-001177-1","geometry":{"type":"Point","coordinates":[2.343462,48.801323]},"properties":{"event_type":"incident","datex_type":"VehicleObstruction","description":"Sur 0 m","road_name":"A6B","commune":"Arcueil","start_time":"2026-10-01T11:43:49.000+02:00","end_time":"","source":"Direction interd\u00e9partementale des routes/DIR \u00cele-de-France","version":"1"}},{"type":"Feature","id":"261001-001178-1","geometry":{"type":"Point","coordinates":[3.198321,45.254837]},"properties":{"event_type":"info","datex_type":"NonWeatherRelatedRoadConditions","description":"AURA_DIRMC/District Centre AURA/CEI Murat","road_name":"N9","commune":"Massiac","start_time":"2026-10-01T11:45:12.912+02:00","end_time":"","source":"Direction interd\u00e9partementale des routes/DIR Massif-Central","version":"1"}},{"type":"Feature","id":"261001-001181-1","geometry":{"type":"Point","coordinates":[2.4731493,48.957424]},"properties":{"event_type":"incident","datex_type":"VehicleObstruction","description":"Sur 0 m","road_name":"A3","commune":"Aulnay-sous-Bois","start_time":"2026-10-01T11:44:38.000+02:00","end_time":"","source":"Direction interd\u00e9partementale des routes/DIR \u00cele-de-France","version":"1"}},{"type":"Feature","id":"261001-001193-1","geometry":{"type":"Point","coordinates":[5.9345174,45.573097]},"properties":{"event_type":"incident","datex_type":"VehicleObstruction","description":"vl en panne entr\u00e9e tube nord","road_name":"N201","commune":"Chamb\u00e9ry","start_time":"2026-10-01T11:51:03.175+02:00","end_time":"","source":"Direction interd\u00e9partementale des routes/DIR Centre-Est","version":"2"}},{"type":"Feature","id":"261001-001196-1","geometry":{"type":"Point","coordinates":[3.4684925,45.23438]},"properties":{"event_type":"accident","datex_type":"Accident","description":"situ\u00e9 9712 m \u00e0 l'est de Vieille-Brioude De Mont\u00e9limar (N7) vers Lempdes-sur-Allagnon","road_name":"N102","commune":"La Chomette","start_time":"2026-10-01T11:53:42.133+02:00","end_time":"","source":"Direction interd\u00e9partementale des routes/DIR Massif-Central","version":"1"}},{"type":"Feature","id":"261001-001197-1","geometry":{"type":"Point","coordinates":[4.7970457,45.60272]},"properties":{"event_type":"incident","datex_type":"VehicleObstruction","description":"situ\u00e9 2008 m au nord de A7 / A46 / A47 Hors voie de circulation DIR Centre-Est/District Lyon/CEI Pierre-B\u00e9nite De Lyon vers Marseille","road_name":"A7","commune":"Ternay","start_time":"2026-10-01T11:53:40.848+02:00","end_time":"","source":"Direction interd\u00e9partementale des routes/DIR Centre-Est","version":"1"}},{"type":"Feature","id":"261001-001198-1","geometry":{"type":"Point","coordinates":[0.27930886,49.492905]},"properties":{"event_type":"incident","datex_type":"VehicleObstruction","description":"situ\u00e9 908 m \u00e0 l'est de Rogerville DIR Nord-Ouest/District Rouen/PE Sud/CEI Gonfreville-L'Orcher De Tancarville vers Le Havre","road_name":"A131","commune":"Oudalle","start_time":"2026-10-01T11:53:43.668+02:00","end_time":"","source":"Direction interd\u00e9partementale des routes/DIR Nord-Ouest","version":"1"}},{"type":"Feature","id":"261001-001204-1","geometry":{"type":"Point","coordinates":[3.2568746,50.37102]},"properties":{"event_type":"incident","datex_type":"GeneralObstruction","description":"Point particulier : d\u00e9but : situ\u00e9 3054 m \u00e0 l'ouest de Somain, fin : situ\u00e9 2969 m \u00e0 l'est de Pecquencourt DIR Nord/District Amiens Valenciennes/CEI la Sentinelle De Douchy-les-Mines (A2) vers Aix-Noulette (A26)","road_name":"A21","commune":"Somain","start_time":"2026-10-01T11:55:25.000+02:00","end_time":"","source":"Direction interd\u00e9partementale des routes/DIR Nord","version":"1"}},{"type":"Feature","id":"261001-001205-1","geometry":{"type":"Point","coordinates":[2.13748,49.049095]},"properties":{"event_type":"accident","datex_type":"Accident","description":"Sur 0 m","road_name":"N184","commune":"Saint-Ouen-l'Aum\u00f4ne","start_time":"2026-10-01T11:55:28.000+02:00","end_time":"","source":"Direction interd\u00e9partementale des routes/DIR \u00cele-de-France","version":"1"}},{"type":"Feature","id":"261001-001208-1","geometry":{"type":"Point","coordinates":[2.3134277,48.72644]},"properties":{"event_type":"accident","datex_type":"Accident","description":"Sur 0 m","road_name":"A6","commune":"Wissous","start_time":"2026-10-01T11:56:47.000+02:00","end_time":"","source":"Direction interd\u00e9partementale des routes/DIR \u00cele-de-France","version":"1"}},{"type":"Feature","id":"261001-000754-102","geometry":{"type":"Point","coordinates":[4.836521,43.5258]},"properties":{"event_type":"roadwork","datex_type":"RoadOrCarriagewayOrLaneManagement","description":"La mesure est obligatoire","road_name":"N568","commune":"Arles","start_time":"2026-10-01T09:19:00.239+02:00","end_time":"","source":"Direction interd\u00e9partementale des routes/DIR M\u00e9diterran\u00e9e","version":"3"}},{"type":"Feature","id":"261001-000754-1","geometry":{"type":"Point","coordinates":[4.8192058,43.539246]},"properties":{"event_type":"roadwork","datex_type":"MaintenanceWorks","description":"Point particulier : d\u00e9but : situ\u00e9 11361 m au sud de Saint-Hippolyte, fin : situ\u00e9 7258 m au nord de La Fossette DIR M\u00e9diterran\u00e9e/District Urbain/CEI Saint-Martin-de-Crau De Arles vers Martigues","road_name":"N568","commune":"Arles","start_time":"2026-10-01T09:17:30.164+02:00","end_time":"2026-10-01T17:00:00.000+02:00","source":"Direction interd\u00e9partementale des routes/DIR M\u00e9diterran\u00e9e","version":"4"}}],"_cache":{"generated_at":"2026-10-01T10:18:03.482205+00:00","source_name":"Bison Fut\u00e9 / DIR - Evenementiel DATEX II (tipi.bison-fute.gouv.fr)","source_url":"http://tipi.bison-fute.gouv.fr/bison-fute-ouvert/publicationsDIR/Evenementiel-DIR/grt/RRN/content.xml","user_agent":"dataroads-FR84/0.23.1 (https://github.com/thepriben/dataroads-FR84)"}}
