{"type":"FeatureCollection","features":[{"type":"Feature","id":"ens-1","geometry":{"type":"Polygon","coordinates":[[[5.214600964679921,43.856244480056645],[5.214599163948368,43.85624937805886],[5.214581883842243,43.856294652218665],[5.214606018835505,43.856304245288435],[5.214623581279192,43.856311180944566],[5.215184735930808,43.856533767826825],[5.215318722136513,43.856584883204995],[5.215687741251348,43.856729354535595],[5.215730081846932,43.856746409955036],[5.215755244465033,43.856760033119436],[5.215775420450714,43.85677339745139],[5.2158002092554065,43.85679342010679],[5.21581266493977,43.856809822096444],[5.215837581124031,43.856845956969266],[5.215850684575803,43.85687584983155],[5.215853305684807,43.8569017243373],[5.215846613452019,43.856928058087625],[5.215746229920216,43.85723006653811],[5.215721052398715,43.85730908134901],[5.2157213336534545,43.85733878451576],[5.215726508690329,43.85736955864166],[5.215745009277732,43.85743274189738],[5.215774772224736,43.85753287753108],[5.215799932030829,43.85760735895574],[5.215893823767872,43.85785320606622],[5.215951467128185,43.857998509093264],[5.215991365648504,43.85809690838811],[5.216046413529979,43.858210574623584],[5.216059779542671,43.85823118938353],[5.216069021589687,43.858241714863254],[5.216098186778081,43.85826227877724],[5.216139402768159,43.85827917686939],[5.216201927769599,43.85830014343113],[5.2162914923645936,43.8583285730647],[5.216322757991827,43.85834234222905],[5.2163369135921736,43.85835123741125],[5.2163542021560545,43.85837033202134],[5.216377355260432,43.85839948053853],[5.216392421076902,43.858438246183056],[5.216501483117193,43.85873185920596],[5.216511788639516,43.858766580314615],[5.216579024245126,43.859168625400706],[5.216577793141289,43.8591978191727],[5.2165817304207485,43.85923194945373],[5.216576146681211,43.85925799068544],[5.216464354723048,43.859548168380236],[5.216459046130818,43.859571683261954],[5.216461842171423,43.85960205560291],[5.216465604346479,43.85962205520519],[5.216742483151254,43.859815479710846],[5.21676227137694,43.85983164263003],[5.216782296238577,43.85986031450198],[5.21695218559648,43.86015341170917],[5.2169521694453875,43.86015342876456],[5.21694628357443,43.86018451120788],[5.216946285580934,43.860184511546656],[5.216946300158636,43.860184500624406],[5.217284066082626,43.86042061991235],[5.2174136462116945,43.86051179465605],[5.217499604572096,43.86056901537094],[5.217553139954467,43.860598716540416],[5.217611112691961,43.86062733719358],[5.21768765680608,43.860659991657016],[5.21777929330554,43.86069359966126],[5.217878875509067,43.860717143081054],[5.218088994173117,43.860770758989965],[5.218222334696428,43.86080171822948],[5.218334266010234,43.86082284951465],[5.218554768591542,43.860865090044044],[5.218643082274499,43.860880399363786],[5.21878015221477,43.860901649185855],[5.21895043129335,43.86092258354205],[5.219008822602681,43.860920315633045],[5.2192110102013,43.86091386252281],[5.219329713590906,43.86091072775793],[5.219417981563933,43.86090884218696],[5.21946708183465,43.86090442232565],[5.219540346780962,43.8609006812048],[5.2196018062233165,43.86089411928133],[5.219692573140796,43.86088930177747],[5.2197635671952884,43.86088155548168],[5.219832181558015,43.860873407420854],[5.219910852313724,43.860864694591605],[5.220094218669873,43.86083818660803],[5.220263807232643,43.86081573983869],[5.220350508500036,43.86080236190505],[5.22041609340649,43.86079310477192],[5.2204716378166385,43.86078162120866],[5.220547407245847,43.86076549470263],[5.220638619408855,43.86074653306581],[5.2207444847708695,43.86072043102146],[5.220962948168547,43.86066538874798],[5.221112625306818,43.86062687098336],[5.221166595163979,43.86061649944331],[5.22116659516278,43.860616499412465],[5.221166595222865,43.860616499424985],[5.221198846278525,43.86061395228447],[5.22119884627854,43.8606139522816],[5.221616825969714,43.860560608331916],[5.221650103123695,43.86055885038847],[5.221713584063861,43.86056268926506],[5.221898955949228,43.86057178818135],[5.221933634020551,43.86056766091195],[5.222053664335961,43.8605474809863],[5.222093068033358,43.860559282277755],[5.222661257269317,43.860506746051115],[5.222734335965733,43.860498235119394],[5.222780947429331,43.86049062347694],[5.2228271632002174,43.86047923872927],[5.22286168361328,43.860471063145894],[5.22302379775784,43.86048999684239],[5.223168323028878,43.860469406606015],[5.223329787886713,43.860449281221925],[5.22338972999913,43.86044211787773],[5.223515010909814,43.8604321824713],[5.223508826252957,43.8604139429404],[5.223570211222017,43.86038631388722],[5.223594503587824,43.86037429529303],[5.22362539040642,43.86035908136192],[5.223651878567624,43.860345937673884],[5.223756484534374,43.860293930468586],[5.223888247277274,43.86023317712457],[5.223982367588293,43.86018669504521],[5.224107908362362,43.860122737250364],[5.224283179958126,43.860035438665136],[5.224385695799618,43.85998410364661],[5.224476393788747,43.85993922137141],[5.224628909661863,43.859858688097766],[5.224786426067535,43.859778772854206],[5.224799677795676,43.859774001257676],[5.224812855941653,43.85976734058604],[5.224934617935149,43.85970543947805],[5.224992404772426,43.85967491208332],[5.2250246111620555,43.859661651437534],[5.225179720779106,43.859590247267576],[5.2252870503994195,43.85954115391398],[5.225357563173585,43.85950514516879],[5.225433523176067,43.859465244116315],[5.225528001563278,43.859415242304195],[5.225686282453589,43.85933585030225],[5.225847297751353,43.85925001033763],[5.226065916246825,43.85913535642049],[5.2262360336554305,43.859043658427765],[5.22638160529647,43.85896065355749],[5.226711449068565,43.85878205977021],[5.226899506386454,43.858681441967825],[5.226936812071926,43.85866177474587],[5.227359968201658,43.858457687050254],[5.227391974749941,43.85848719275865],[5.228193247937404,43.85809838757062],[5.228261515417652,43.85812292114448],[5.229633463612832,43.85745632706054],[5.229666110188198,43.85743846462388],[5.230329955247069,43.85714734084697],[5.23064391548399,43.85703653931556],[5.230918319017891,43.85689804793225],[5.231394350612079,43.85669218359369],[5.232164909625193,43.85628282038379],[5.232096476282121,43.85622219170763],[5.232065221009686,43.85623741562802],[5.232026275537905,43.856227769269125],[5.231989519471793,43.85622320966298],[5.2319600993068205,43.85621534900174],[5.231923994624706,43.85619880240769],[5.231896303433586,43.85618424433245],[5.231867305840676,43.8561680924847],[5.231826706086858,43.85614794669929],[5.2317792150095626,43.85612974242531],[5.231723606135748,43.85610756293831],[5.231689493726625,43.85610060844139],[5.231659806151941,43.856095453992744],[5.231623533402904,43.85609052426975],[5.231540664948508,43.856083936876445],[5.231489917648277,43.856081103735285],[5.2314529539340695,43.85608077948412],[5.231416018332095,43.85608117486415],[5.231369474009251,43.856084017448744],[5.231325777054216,43.85608968265052],[5.231285235825516,43.856099694630586],[5.2312501846828185,43.85610374253247],[5.231196400114263,43.856118706759666],[5.231146556292167,43.85612944910806],[5.2311077264795145,43.856132313860684],[5.230962525089329,43.856138434265716],[5.230829752229736,43.85613466740699],[5.230791300216249,43.856134463392095],[5.230758802638826,43.8561306265418],[5.230700881553625,43.85612568904002],[5.230642435115978,43.85612004203102],[5.23055335937651,43.85611060990775],[5.23050465714326,43.85610557704582],[5.230434811840314,43.85609835923122],[5.230391771812966,43.856094512963],[5.2303364301026365,43.856089567330294],[5.230288939856893,43.85608613900958],[5.230262568674477,43.85608423526487],[5.230230095864064,43.85608321072313],[5.2301933090345685,43.85608205005908],[5.230118443290913,43.85608286028404],[5.230065400801912,43.85608178391916],[5.2300443470590094,43.85608190457358],[5.230034801744521,43.856081959274384],[5.230023768256804,43.856081587871515],[5.229988209592645,43.85608039090885],[5.229962645733779,43.85607843076108],[5.229950761087759,43.85607751948573],[5.2299298089230435,43.85607591293984],[5.229896727408766,43.856071399644904],[5.2298791853108195,43.85606900638062],[5.229881457434263,43.8560693208936],[5.229861515045517,43.856066595627475],[5.2298436827604675,43.85606364357824],[5.229843476596068,43.85606360944866],[5.229843476596007,43.85606360944866],[5.229843476596,43.85606360944866],[5.229843476595999,43.85606360944866],[5.229783173569502,43.85603820429348],[5.22977412559754,43.856021770594246],[5.229405237070117,43.85588051468817],[5.229227294376918,43.85584674469486],[5.229080888760451,43.855818959566136],[5.228950048759444,43.85578239793466],[5.228806346945972,43.85576832154823],[5.228607470779884,43.85577784100209],[5.22855233377269,43.855761860611906],[5.228552333772545,43.855761860611885],[5.228077858619255,43.855755664544006],[5.227845482493946,43.855785216774976],[5.2278181328469175,43.85577938335831],[5.2277205987859325,43.855760398735455],[5.227650438954899,43.85574787718011],[5.2276209744657685,43.85574523785123],[5.227597166835323,43.85573771156479],[5.227551756572184,43.855731346591625],[5.227503680017412,43.855729987536776],[5.227486311081696,43.85573124245154],[5.22746008579805,43.855728716995344],[5.227460085797665,43.8557287169952],[5.22746008579805,43.85572871699523],[5.226947280794109,43.855534734481985],[5.226561811769569,43.85548588537554],[5.226354840951638,43.85548083660543],[5.225731521480357,43.85562103384941],[5.225498714019504,43.85573201537068],[5.225338697646181,43.855787886151724],[5.225065994153108,43.85587228155738],[5.225052710742145,43.85590496224886],[5.224993923630567,43.856053445624234],[5.224977668904372,43.85608969796725],[5.224946979977322,43.85614506036215],[5.224922157802671,43.85617536558269],[5.22490857096385,43.85619067721022],[5.224889130776599,43.85620583812896],[5.224847018093576,43.85625593266009],[5.224796631457671,43.85630972528317],[5.224762061518959,43.85632933597146],[5.224738643138764,43.856344577989894],[5.22472154903337,43.85635608994956],[5.224695644424008,43.85637777458617],[5.224642739021516,43.8564185554067],[5.224586230275881,43.856469042582276],[5.22451445685266,43.85652371215253],[5.224461787515451,43.85656097701145],[5.22440467432368,43.856605534624414],[5.224273929419688,43.856704979558714],[5.224238611500175,43.856734148205014],[5.224183198142973,43.85678083169501],[5.22411097393617,43.856833529587576],[5.224027055091136,43.8568958286625],[5.223969174308771,43.856939861528176],[5.223914066941531,43.85698482812528],[5.223781747959382,43.857082233920885],[5.223721634336304,43.85712964317068],[5.223668885129792,43.857168079619846],[5.2236132310207966,43.85720540489809],[5.223575187982275,43.8572285070227],[5.22349025596988,43.85727759233484],[5.223410970678046,43.85732152097757],[5.22332623627474,43.857366100774264],[5.2232017968179205,43.85742625408397],[5.22314534028841,43.857455763107914],[5.223087071369568,43.85749305136839],[5.223033300709194,43.857521245222436],[5.2228743276637495,43.85760838975308],[5.2228251250781845,43.85763568018237],[5.222769660790117,43.857674711668864],[5.2227188506476585,43.857705455833575],[5.222667730499134,43.85773782677863],[5.2226216600593025,43.857772075419845],[5.2225529509116075,43.85782244996795],[5.222498720631018,43.8578644270704],[5.222452371529186,43.857901112048594],[5.22241479851393,43.857926724944896],[5.222364572730274,43.8579597077159],[5.222320703011371,43.85798977014867],[5.222270391134347,43.85803013685579],[5.22216008089441,43.858104945651874],[5.222067178841708,43.858173097871415],[5.222004269964227,43.85821588167498],[5.221951555635829,43.858245673958265],[5.221913898189853,43.85826912774613],[5.221864668436535,43.85829254711802],[5.221833440796764,43.85830857773009],[5.22179841169541,43.858326036157536],[5.2217585060888005,43.85834287366494],[5.221722867698692,43.85835746360664],[5.221685544785725,43.85837352827457],[5.22163130167979,43.85839921028262],[5.221590061803051,43.8584137341916],[5.221547892185797,43.85842674655516],[5.221494265941375,43.85843630107223],[5.221428286464478,43.85844493674263],[5.221374338077248,43.85845260718934],[5.221323788577008,43.85845489680381],[5.221248103437869,43.85846030894631],[5.221196251253134,43.85846109456264],[5.2211154676342595,43.85845697751108],[5.2210289426940735,43.858449196142004],[5.220932890872794,43.858436387071215],[5.220847926196055,43.858427133363335],[5.220776031104302,43.85841482270941],[5.220722559957966,43.85840276717733],[5.22067945639442,43.858391760969766],[5.2206411523849745,43.85837939667364],[5.220597350664611,43.85836003212297],[5.2205256793703665,43.85832466981053],[5.220339873123152,43.8582369839029],[5.220285846278237,43.8582106251637],[5.220247653196364,43.85819150644509],[5.2202092658908095,43.85817059112455],[5.220147589618671,43.85813628555205],[5.220116666624394,43.85811854930433],[5.219992492375747,43.8580351903078],[5.2199274737332,43.85800131274035],[5.219882370345333,43.85797405202168],[5.21984167804671,43.857941840070325],[5.219803067762611,43.85790877549911],[5.219707816454222,43.85783329025413],[5.219669969714283,43.85780066024127],[5.219628166840786,43.8577782837632],[5.2195374085915445,43.85773196576273],[5.219487514596521,43.85770948376272],[5.219432991367663,43.85768313472644],[5.219385048112968,43.85765962269933],[5.219339717097673,43.85763929848557],[5.219292559776634,43.85762000170265],[5.219239011801638,43.857596333546525],[5.219195131280478,43.85756850752622],[5.219155668356738,43.85754230214435],[5.219107106260314,43.857509259725184],[5.219028478695837,43.857451711282735],[5.218943273431713,43.8573881747375],[5.218883212487047,43.857340961782775],[5.218847475915633,43.85731459048303],[5.218811905625857,43.85728929611482],[5.218764730383531,43.85725991645791],[5.218728695807489,43.85723868272226],[5.218659591432388,43.85719246381734],[5.218599392953054,43.85716091821407],[5.218539168047881,43.85713189387255],[5.218460216358705,43.857088395856394],[5.218397109883089,43.85705564890415],[5.218350827078973,43.857036423981704],[5.21828307290326,43.857012143981095],[5.218167861348901,43.85696722239393],[5.218036659074674,43.85691740423612],[5.217965135164638,43.8568953613351],[5.217935722145456,43.856884435860266],[5.217886698320826,43.85685869450697],[5.217811203278912,43.85682088749802],[5.217711866651883,43.856774652430396],[5.217523062404598,43.85668000084385],[5.217270893679712,43.85655872845375],[5.217270750752306,43.85655904909196],[5.217270750752245,43.85655904909194],[5.21727073886286,43.8565589782417],[5.217241868770404,43.856541359495345],[5.217241868770424,43.8565413594953],[5.217242085814397,43.856540948455894],[5.217116225427153,43.856478056798245],[5.216983921815082,43.85641583610165],[5.216953710964051,43.85640357618394],[5.216927149925323,43.85639880434922],[5.216909483805744,43.856392411325366],[5.21688824393816,43.85638690116194],[5.216873151429444,43.85638270650701],[5.216850939347322,43.85638099722183],[5.216829047849875,43.85637793101451],[5.216793881084112,43.85637261380237],[5.216599145656885,43.8563494725338],[5.216438725715246,43.856293674212104],[5.216359622079333,43.856268633349494],[5.2163083064656295,43.85625113032654],[5.216275893060426,43.85623981524166],[5.216230090607877,43.85622652147175],[5.21615629001628,43.856206684321016],[5.216085063892345,43.85618265359011],[5.21598601070899,43.85615648725017],[5.215869888848411,43.85612328531255],[5.215771758416633,43.856098450443326],[5.215693380701801,43.85608248707878],[5.215643471311939,43.85606594548766],[5.215564410208042,43.856041983523774],[5.215382716750317,43.85598616559987],[5.215245502233669,43.85594159783053],[5.215062279253052,43.85588482015269],[5.214822302150483,43.855808218168534],[5.214600964679921,43.856244480056645]],[[5.22746008579805,43.855728716995344],[5.227460085794532,43.855728716994975],[5.227460085797653,43.8557287169952],[5.22746008579805,43.855728716995344]],[[5.267804178428955,43.85720556668495],[5.267603139614688,43.857342669244275],[5.267470837736317,43.85743063471343],[5.2673104267134665,43.857551996095765],[5.267249911504618,43.85759781790244],[5.267180457395768,43.85765039752627],[5.2670946563629935,43.857782073735976],[5.26700829581714,43.857914607942945],[5.266925726569899,43.85812266924413],[5.266884917581835,43.85833274370205],[5.26688551251408,43.858448058003944],[5.266910754533909,43.85865144835751],[5.266888823617933,43.858772067104816],[5.266883281728846,43.85880254708881],[5.266865476315638,43.858930757733745],[5.267141900597216,43.85900180823643],[5.267292112601003,43.85902461487972],[5.267565753966095,43.85906628278909],[5.267710461003883,43.859107118991375],[5.267761707859082,43.859138782952485],[5.267786864350673,43.85915432640526],[5.267815366324462,43.85923917117631],[5.267819395447937,43.859293644816006],[5.2680890461226015,43.85930370430185],[5.268244851553342,43.859302599161964],[5.2684637025590355,43.85930104645924],[5.268500669284363,43.85930078902207],[5.268681747715063,43.85929952780654],[5.268880425700742,43.85929814366395],[5.269089122995794,43.8592966893296],[5.269376194686976,43.85929468818086],[5.269466274334284,43.85929406008872],[5.269530945883919,43.859293344979164],[5.2696061927618105,43.85924493256625],[5.269671802221212,43.859196514727564],[5.269736658387,43.85914929742711],[5.269787883880572,43.85893369359638],[5.270211508124111,43.8587563342528],[5.27038490663146,43.85864564809933],[5.270674511789361,43.85861807471421],[5.2709493965783425,43.85855517585906],[5.271124982671416,43.85855243324896],[5.2714115629899565,43.858559608649],[5.271134231353235,43.85811152368734],[5.271067854341057,43.85801063960416],[5.270509909814452,43.85824946674115],[5.270103450707877,43.85829591059713],[5.269758687891254,43.85819217887211],[5.269740526033484,43.858180575066925],[5.269585694629094,43.858081651315864],[5.2694336727748405,43.85798452208098],[5.269424115113751,43.85797841551803],[5.269120703517229,43.857784559244415],[5.268880306578666,43.85751928261802],[5.268695955496844,43.857223611687026],[5.268527884046564,43.85705838148405],[5.268240969972532,43.856929189256064],[5.267804178428955,43.85720556668495]],[[5.257591001164271,43.856155647743144],[5.2578943322148,43.85622627351452],[5.2580548384500965,43.856298327339054],[5.2583799518251935,43.85644639602506],[5.258775712929022,43.85658694504342],[5.259057584468498,43.856666670483385],[5.259932053515918,43.85685227791466],[5.260863272754563,43.85704892555239],[5.261176869377462,43.85715722104711],[5.261687140257237,43.857277454899],[5.261818866313487,43.85713788888104],[5.261957778244464,43.857036239591956],[5.26181036915317,43.85699457663321],[5.261684151275044,43.856958676629375],[5.2615922996278055,43.8569193027891],[5.26153158657766,43.85689328752007],[5.261343966773581,43.8567990458067],[5.26135641845669,43.8567757311393],[5.261405084440508,43.856736919758546],[5.261464047872792,43.85669266394511],[5.261550251958012,43.856629387585585],[5.261593129384174,43.85659050675409],[5.2616249647986395,43.85655869697192],[5.261650466822222,43.85652914435954],[5.261696993717942,43.85647021076643],[5.2617268294701685,43.856438467980134],[5.2617566005358425,43.85640788877603],[5.261779362922757,43.85638894359805],[5.261814917212582,43.85635993756545],[5.261850275914028,43.856329135009354],[5.262104271090297,43.85647558639392],[5.262268807422649,43.85657048816546],[5.26235571228803,43.85662060646578],[5.262431891376658,43.85666453905006],[5.262538423996716,43.85672597635677],[5.262398622391684,43.856876840917394],[5.263010476081838,43.85728431325944],[5.263377665522369,43.85693341745665],[5.263230609199139,43.85688474291137],[5.263832292135859,43.85592102566456],[5.264164751005068,43.85539144710036],[5.264643740102416,43.855259273354974],[5.26557183131523,43.85509332530591],[5.265717314396757,43.85409406080984],[5.265805851033076,43.85393611277731],[5.265835783837511,43.8537995051276],[5.26588278456879,43.85360356173242],[5.265476233674395,43.853595620937995],[5.265109308570116,43.85373306948913],[5.265079266245063,43.85374098557353],[5.265041143337876,43.8537459184385],[5.265011092834028,43.85376178393298],[5.26494706757213,43.85379558671871],[5.264860424858542,43.85385002822039],[5.264712062383824,43.853943250618826],[5.2644363935121525,43.854066605119485],[5.264179823383627,43.854175318158426],[5.263993457410422,43.85424130558972],[5.26359642894464,43.85436298023441],[5.26347029989605,43.85441070148682],[5.2633262694689265,43.8544807608993],[5.263121439694327,43.85457377825703],[5.262914265306939,43.85461390722619],[5.262815994122827,43.85465510796818],[5.2627429851926895,43.85471532077376],[5.262470308732587,43.85484188422391],[5.262302380099169,43.8548637232994],[5.262107503051757,43.85488857025611],[5.261986414885773,43.85490341494136],[5.261786627478297,43.854891352232734],[5.2617304623409975,43.854911962795285],[5.26167939914905,43.85504572310948],[5.261495879824666,43.85511461810776],[5.260849403720425,43.85524919583756],[5.260322311875038,43.85523157922177],[5.259843046196896,43.85518380021293],[5.25983409695813,43.85519974053428],[5.25866999402306,43.85476505528966],[5.258593702427177,43.85476574445369],[5.25803316487508,43.85473593531742],[5.257817117104389,43.85467756737154],[5.25758134422961,43.85458613330861],[5.2572649248846,43.8544559117824],[5.257066105455515,43.85445377358268],[5.256988728406528,43.85444956264445],[5.256918415535531,43.854440644210534],[5.25685885614626,43.8544288848086],[5.2566731064554535,43.85437740761216],[5.2563832130982995,43.85428805293861],[5.256156518617883,43.85422306542552],[5.256051703369743,43.854193820249165],[5.255961123757786,43.85416671949169],[5.256055388919843,43.85408721503731],[5.256152291555639,43.854004233989386],[5.255565597717653,43.85374216885312],[5.255186197476069,43.85382921369633],[5.254738131763892,43.85362494404031],[5.254561713572868,43.85348656333853],[5.254484167788706,43.853423913266354],[5.254078994154248,43.853036121468136],[5.2536379910172695,43.85271944695909],[5.253660612031425,43.85256259954464],[5.25245443943897,43.852452921625506],[5.251969172498158,43.85240737716908],[5.25175945212842,43.85255585705799],[5.2514260009647735,43.852576963994345],[5.250814087990785,43.852612908621204],[5.250344232736061,43.852629719462186],[5.250059891517892,43.852739670102366],[5.249927786957389,43.85287459397643],[5.249682778135679,43.85308329424933],[5.249442536254466,43.853222322216396],[5.249413039611973,43.853285939558866],[5.24933213870316,43.853516384976615],[5.248517057565311,43.85362195567372],[5.248448878742578,43.85361602032999],[5.248506077463801,43.853987784759134],[5.248685316140404,43.8547353190232],[5.249712681135155,43.85451396848522],[5.250354667450543,43.854399879027675],[5.251000590031472,43.85429924280936],[5.25102176200511,43.85429664526937],[5.251469699879526,43.854240334511715],[5.251659690639921,43.85422343425039],[5.252480563248614,43.85419136056018],[5.252599349528549,43.85420331227441],[5.252823871059171,43.85427483952935],[5.253231096496754,43.85434131163342],[5.253733424954928,43.85441945326725],[5.2538684323995115,43.85445637804381],[5.254159799669059,43.85452705000922],[5.254386745481932,43.85460604023696],[5.2545607982435145,43.85467253119798],[5.254780810459594,43.85476616517559],[5.25502867020432,43.85487220001355],[5.255145432585371,43.85492460370452],[5.255405852277822,43.855048665974934],[5.255710011555087,43.85519281414038],[5.255972183047357,43.85531649313993],[5.256216721027372,43.8554378353924],[5.256381088391134,43.8555232936162],[5.256607492402738,43.8556327662852],[5.2567902984824215,43.85572513479553],[5.25686084841013,43.85575472078314],[5.256888210073068,43.85576093205955],[5.25696021137038,43.85579031117079],[5.256993822561271,43.85580654109559],[5.257034104122869,43.855824703654385],[5.257094338880416,43.85586463022541],[5.257150506417145,43.85590530129954],[5.257235514374771,43.85598168689148],[5.257290380439382,43.85601629283517],[5.257316871815115,43.85603115116993],[5.257340833078145,43.856043297554336],[5.257413173459703,43.85607606958603],[5.257591001164271,43.856155647743144]],[[5.150969492216892,43.85867109462212],[5.150966804231308,43.858705093062596],[5.150994131068556,43.85870094725881],[5.151156344266544,43.85867713328865],[5.151208995687426,43.85867114376867],[5.151341544478281,43.85866573936796],[5.151501531593251,43.85865880344257],[5.152006298648124,43.85864254636449],[5.152185825904001,43.85863909507708],[5.152467568888743,43.8586374979842],[5.152570762360161,43.85862898021451],[5.1529003496898875,43.85860609236873],[5.1533593940119555,43.85857830780876],[5.154008136380236,43.858529761473534],[5.154358422325526,43.85850150916397],[5.154440673405329,43.85848863182762],[5.154561721128715,43.858468596484954],[5.154660421080482,43.85844981258804],[5.15475838829363,43.85842150041803],[5.154904043096489,43.858377662205655],[5.155114130301352,43.85831364578622],[5.154766779071314,43.85722571254107],[5.1547526006488695,43.85718296063615],[5.154687270857979,43.856981424670444],[5.15467476640269,43.85694017012746],[5.154503369530431,43.8564235292888],[5.154475238215316,43.856424084838714],[5.154154387657607,43.856426346401946],[5.153580662109392,43.85644174754349],[5.152976094050533,43.856535164567575],[5.152462158235614,43.85664308698136],[5.151785517841256,43.856766438842136],[5.151001667920731,43.856883751845714],[5.150973986701912,43.85816929710456],[5.150969492216892,43.85867109462212]],[[5.282811126899007,43.85928815393619],[5.282966620057582,43.85899006346249],[5.282694669329926,43.85904515748288],[5.2825184820442095,43.85908085053824],[5.2824155327321005,43.8591017064627],[5.282202898146114,43.85913959891112],[5.282090055257509,43.85915970783775],[5.2819942490660825,43.859176780673536],[5.281762435805988,43.859204496634234],[5.281448237599705,43.859115233826515],[5.281218052955633,43.859049317565855],[5.28106769089379,43.859007960283265],[5.280908753523302,43.85896423431809],[5.2808299693659615,43.85893869263597],[5.280639124943772,43.85887687103713],[5.280637982800742,43.858848265659596],[5.280281109155603,43.85870726739107],[5.280331854381271,43.85858835867638],[5.279877480681603,43.85836044064031],[5.279856740172243,43.85835277916172],[5.279495423454968,43.85815020143986],[5.279056210925666,43.857928633257686],[5.279022873224832,43.85805978170626],[5.2789973269529815,43.85805812304883],[5.278817053726487,43.85828987381346],[5.277161523073041,43.8573990059528],[5.276504308232838,43.858480599754834],[5.276721499732725,43.85878149205099],[5.276792033470211,43.85885282992818],[5.277195910374715,43.85926130709722],[5.277414950501001,43.85940580152865],[5.2775862612878,43.859409294539965],[5.277910041079999,43.85941589564476],[5.278243534265323,43.85940036756174],[5.279040076986882,43.859363274845535],[5.280048314433931,43.85935630316266],[5.280905947196395,43.85935036553629],[5.281399477850806,43.85934694563264],[5.282811126899007,43.85928815393619]]]},"properties":{"zone_type":"ens","name":"Les zones humides du Calavon","area_ha":80.2,"communes":"Goult, Opp\ufffdde, M\ufffdnerbes, Bonnieux","owner":"Commune de Goult, PNRL, D\ufffdpartement 84, Priv\ufffd","manager":"PNRL","habitat":"Zone humide, Cours d'eau","source":"CD84 / DataSud"}},{"type":"Feature","id":"ens-2","geometry":{"type":"Polygon","coordinates":[[[5.076550335709872,43.967039399278875],[5.076489073025327,43.96703157344321],[5.076354617331481,43.96699505532499],[5.075922988731839,43.96699938261306],[5.075580004746133,43.967059012958885],[5.075426020105414,43.96709209643773],[5.075328937093211,43.967147416698836],[5.075311750433729,43.967151254129256],[5.075159602216903,43.96715603342111],[5.075037037519606,43.96716880358817],[5.074972404796342,43.96718074395827],[5.074750461728457,43.9672474367669],[5.0746792402228325,43.96725644105917],[5.074605861996133,43.96726098481709],[5.074211929137988,43.967249645107415],[5.0738135322036175,43.96723208668842],[5.073776084680464,43.96722721541175],[5.073669994456407,43.967391369374255],[5.073652526968765,43.96742519133687],[5.0735905443541105,43.967551146632154],[5.073313671664708,43.96815724864626],[5.073250186900784,43.96831735305509],[5.073038674640733,43.968890524743315],[5.072902874401345,43.9692010876485],[5.0727822845414146,43.96941575169972],[5.072692970949743,43.96958552854042],[5.073540714950102,43.969690808810064],[5.073644892821092,43.9692237450977],[5.0744050155122284,43.96927117191124],[5.074452397318843,43.968654837612306],[5.0744568104393055,43.96857741935936],[5.074444663440036,43.968486811117934],[5.074400414628761,43.96845262978912],[5.074454695880047,43.968457631536886],[5.074659845867906,43.968484257576144],[5.074815500948751,43.96850038912387],[5.074857361931651,43.968499774577225],[5.074902097925937,43.96849595444102],[5.074947984785453,43.96848608052816],[5.074997025682545,43.96846354272731],[5.075049994174296,43.968429046577064],[5.075080357122937,43.968393359038394],[5.07521942714718,43.96794354715534],[5.075244835454461,43.96785393653793],[5.075268186565636,43.967810549597154],[5.0753100293424,43.96775807879611],[5.075377985479588,43.96768674634933],[5.075523714457725,43.96755694905563],[5.075667678132854,43.96746085574502],[5.07587416438687,43.96730514634716],[5.076005649641694,43.967253223475446],[5.076177748799046,43.967210972308635],[5.076223231077258,43.96720713743841],[5.076483042614563,43.96720431420534],[5.076482910681238,43.96720463528661],[5.076493113392072,43.96720754744412],[5.076515756052186,43.967213194211155],[5.076537764203356,43.967232222261636],[5.076524905637863,43.96726933322239],[5.076478557274078,43.96731099664589],[5.076447161646811,43.96734224778442],[5.076427911283025,43.9673578733164],[5.076404255227247,43.967375743222874],[5.076382688769568,43.96739965035385],[5.0763568591229005,43.96742971538987],[5.076329573990101,43.967460888410386],[5.076317389329209,43.96747543440315],[5.076286735566606,43.96752706286209],[5.076264421177021,43.967571510679576],[5.076259223639521,43.967582817959126],[5.076244496564248,43.96760970113089],[5.076199580763772,43.96777287573245],[5.076188585187998,43.96782007948157],[5.07618465542011,43.9678662037196],[5.0761778385658065,43.96794600845536],[5.076169085355562,43.96798290636045],[5.076141828616266,43.96804567881543],[5.076055968548454,43.96817303447138],[5.076044225896844,43.968199725893996],[5.076037720184691,43.968216189638696],[5.076036700977863,43.9682703611682],[5.076035563061039,43.968352083691286],[5.076029685233506,43.96842687401546],[5.076032329831646,43.96845842381084],[5.076049548221534,43.96851022331878],[5.07606728775628,43.968566064213405],[5.076066387519501,43.968582421496585],[5.07601737630756,43.968674236204215],[5.075949787112809,43.96880016444288],[5.075904812838596,43.96887961353401],[5.075742233898534,43.96915953893415],[5.0757329646664235,43.96917200385904],[5.075665866847827,43.96927037385535],[5.075565158105433,43.96942137354622],[5.075428447908108,43.96963126020495],[5.0754178310695,43.96964780197793],[5.075361722350939,43.969739886213596],[5.075352487326576,43.96975329575796],[5.075322879299004,43.96979261521561],[5.075125891086291,43.970021201504785],[5.075120506456957,43.97002738065858],[5.074991545575576,43.97017283923867],[5.07491016566909,43.97026931920818],[5.074750224330949,43.97042670917742],[5.074652065826891,43.97052458776322],[5.074537158059117,43.97063493800276],[5.074400946424527,43.97077648220298],[5.074387265701751,43.970791056377],[5.074340024226569,43.97080829307029],[5.074310239911659,43.970811964261394],[5.074287704055529,43.97080928592082],[5.074267676196567,43.97080358903916],[5.074246435911639,43.9708468007065],[5.07422949853123,43.97088493413083],[5.074186274694264,43.97098176985995],[5.074360827015516,43.97103058413643],[5.074565911510137,43.97107571269737],[5.074591545253354,43.971081303134355],[5.07461150449465,43.97108511066064],[5.07483116436817,43.97112996210499],[5.074880976379401,43.971142250822076],[5.074903206507053,43.971167351985116],[5.074928165639745,43.97119550733167],[5.075331676126399,43.970969212537334],[5.075544969316104,43.971270630132075],[5.075602991219288,43.97135433545376],[5.075641993896592,43.97140869242625],[5.075449689434553,43.97172496848778],[5.075390770708361,43.97182210275758],[5.075399292627653,43.97181991531427],[5.075441484279295,43.971807770635024],[5.075530252880917,43.97195530780823],[5.075679565524449,43.97209143202937],[5.075711100483775,43.97210501274897],[5.07612821582305,43.972293309105666],[5.076284291421992,43.97223511207002],[5.076430767831441,43.972180338183655],[5.076789922188514,43.97213259724392],[5.076824010068872,43.97210332046378],[5.076832345171677,43.97209600481736],[5.076735140113234,43.97191203220744],[5.076706187221448,43.97185640431226],[5.077703792158871,43.971441095573354],[5.078258235956777,43.971210840479934],[5.077846220412196,43.97096749289437],[5.077847636585628,43.97096530528482],[5.078181094727823,43.97057193258692],[5.07845402801508,43.97025209283722],[5.078571347398649,43.97017734386359],[5.078771973192847,43.9700488838837],[5.079006001721335,43.96995449429799],[5.079194133747299,43.9699141842065],[5.079770707997379,43.969788833918635],[5.080463258245669,43.96950084199654],[5.080770042210812,43.9694224843411],[5.081054285033588,43.969423285115774],[5.081291806874326,43.96945549451683],[5.081671373236433,43.96950647023949],[5.081676111521123,43.96950658399556],[5.081676111521126,43.96950658399556],[5.081700219101936,43.96952833805671],[5.081715242782287,43.96955060414887],[5.081749543842855,43.96959897156976],[5.0817817118963715,43.9696606138386],[5.081790603578607,43.96967881036902],[5.0818021866847145,43.96971950785388],[5.081823218321994,43.9697936511447],[5.081832932150423,43.969824120947386],[5.081842237788104,43.96985365322174],[5.081845481902179,43.96990153177571],[5.0818505953529245,43.96995963801283],[5.0818624422835175,43.96997683295455],[5.081893788543639,43.970026201928455],[5.081973944616272,43.97009111651129],[5.082001561348799,43.97011003672403],[5.082039490033637,43.97013483746115],[5.082092534911549,43.97011058552311],[5.082158290166383,43.97014855464148],[5.082257218664332,43.97018817345548],[5.082381064043953,43.97022056534505],[5.082508465032084,43.97023767448242],[5.082587277420596,43.970258950248905],[5.0826579193846095,43.97030225864277],[5.082972095771757,43.9705353888759],[5.083251691117137,43.970750001191696],[5.083443636252164,43.97087544433211],[5.083471269571605,43.97088797183001],[5.083670421358905,43.970954758441444],[5.083843473464747,43.97103050497762],[5.083965251445272,43.971077879355754],[5.084037304439515,43.971115398165345],[5.084090781929226,43.971142647673496],[5.085054168374241,43.97056717650061],[5.085668177190787,43.970344164714746],[5.085610924435315,43.97030231330489],[5.085399698064023,43.97008604250377],[5.085263374189669,43.96993064247331],[5.085170106773904,43.96980386041016],[5.085113169122267,43.96970924582435],[5.084896740360894,43.96923469057766],[5.084811127903674,43.96907175074464],[5.0847021287107195,43.968872615167896],[5.084706675473513,43.9688659003835],[5.085106650727543,43.96872999112815],[5.0851695480968875,43.96871150574784],[5.085197687752381,43.96870381164543],[5.085283666155695,43.96900966498909],[5.08542064722823,43.96946255278592],[5.085421995399263,43.969468739058506],[5.085703165923457,43.96961043659187],[5.085720614601568,43.96962738920198],[5.085722188414234,43.969629519865585],[5.085733917961934,43.96964347560441],[5.086024470035301,43.97000065765755],[5.086038633008135,43.97000957032409],[5.086050440169334,43.970015421949064],[5.086911462619421,43.97016238928514],[5.08722156817208,43.97021575241288],[5.087230237607185,43.97021761252394],[5.087257297880606,43.970221282156736],[5.088760017880832,43.97000972827915],[5.088772274068661,43.96999720511429],[5.088780567779008,43.969988808973596],[5.088880050877148,43.96992775882576],[5.0888844562646955,43.969925513942],[5.088983602919016,43.9698552871672],[5.0891083409309354,43.96974864961771],[5.089127400725735,43.96972789376856],[5.089186030347372,43.96966438309111],[5.089722501549358,43.97002698352097],[5.090000887884016,43.970214773401175],[5.09027194795909,43.97039649071856],[5.090860470548086,43.970393472696],[5.091281830567103,43.97039054376098],[5.091347521859958,43.97033607973377],[5.0914260354608825,43.97027434806382],[5.09154707486656,43.97017912207117],[5.091674726753496,43.970080663404204],[5.091757271221929,43.97001669366023],[5.091789036214144,43.96999569419522],[5.091820761573623,43.96997361512992],[5.092000511600027,43.9698987370115],[5.092098117917214,43.96985797633981],[5.092230030479164,43.96979414168755],[5.092323154258258,43.96974333833428],[5.09245984975019,43.96965699459577],[5.092581034707212,43.9695658159584],[5.092617914370408,43.96953134900835],[5.092653413091759,43.96950001448783],[5.092360566338282,43.96933614078065],[5.092146360931999,43.96894078188192],[5.091651620877372,43.96802371644283],[5.0916465682046175,43.96799902218662],[5.091816870734585,43.968012451480995],[5.0919075673349194,43.968017873039784],[5.092040640037606,43.968026534776534],[5.092212619337477,43.968045795298806],[5.091650385499067,43.96695027955936],[5.0909566017639145,43.96712074437225],[5.090944010152375,43.967124091246895],[5.090919112318973,43.9669856078766],[5.0908680128559025,43.96670366949535],[5.090862407557782,43.966703776720564],[5.09072522995253,43.96670545543303],[5.09105725026572,43.96554178268582],[5.091295278736338,43.965516702029156],[5.091439068272532,43.96550166178554],[5.091461380089528,43.96549826389625],[5.091440565349951,43.96547111335315],[5.091439444314769,43.965471134804076],[5.09139926756512,43.9654258538114],[5.091390675415259,43.96541588997104],[5.091361112708424,43.965384720460975],[5.091287606982293,43.9653075317207],[5.090195445026015,43.96433139933067],[5.08954175994801,43.96377901308092],[5.089469562721964,43.96370679485476],[5.089396997613063,43.963614327160926],[5.089362129960073,43.96355057817591],[5.089322781210778,43.96347678661665],[5.089311902465977,43.96341460469002],[5.089303087037086,43.96336791327179],[5.089300166142202,43.963247375679884],[5.089313499992016,43.96315205049932],[5.089320378455064,43.96310505908138],[5.089087321397364,43.9631124849635],[5.088000897987313,43.96314864051244],[5.087939503741744,43.96301396017192],[5.08791248618034,43.96292966933498],[5.087894697271587,43.962872750957935],[5.087870035992698,43.96274047486879],[5.087782890778069,43.96209649950544],[5.087698371842155,43.961830594105024],[5.087645499119296,43.961663070601546],[5.087557498215097,43.96138372741453],[5.0872855210816335,43.96071586889753],[5.087282304676775,43.96070971835987],[5.087105384555811,43.96066718258114],[5.086791556634816,43.96059241969867],[5.086583362850871,43.96054332296287],[5.086048491349675,43.960415654891705],[5.085885954239986,43.96037783922704],[5.085510406053277,43.9602818336248],[5.085474909652703,43.95922944893933],[5.085566385860235,43.958837430420125],[5.0876423011498595,43.95825640966252],[5.0877418742933225,43.958228984477664],[5.087723978330917,43.958169097369236],[5.087717627859899,43.95814882725805],[5.087697225222956,43.95809195897062],[5.087687584365241,43.958063514120056],[5.087622908305282,43.957961577106005],[5.087541197362007,43.957884543200045],[5.087477714950801,43.95777434572555],[5.087441398018461,43.957711704477504],[5.087403362168915,43.95760210126402],[5.087385839978186,43.95751155234835],[5.087375792548858,43.95746177853783],[5.087371119149493,43.95741581831473],[5.087363049931588,43.957348586242624],[5.087368615572302,43.95715334357248],[5.087368954221769,43.95712173716894],[5.08737553023907,43.956913241065685],[5.087385727337844,43.956466596043434],[5.087382551648246,43.9564104790615],[5.087377473292699,43.956353453126844],[5.087320419903782,43.95622476713489],[5.087220177545609,43.95599886525931],[5.087180387330357,43.955912792984584],[5.087149602064936,43.955848020451825],[5.087085041341007,43.95573892387151],[5.087080296206811,43.95573185725125],[5.08689147634885,43.955516964731494],[5.086841298298552,43.955453507766464],[5.086832295328864,43.95544247117647],[5.086824707806099,43.95542924687985],[5.086770612670072,43.955340476738385],[5.086743676267541,43.955299127989186],[5.086724248373644,43.9552688443693],[5.086414597353226,43.95543005534825],[5.086409027714268,43.95543110698054],[5.086326570978674,43.955456178579226],[5.086260887288482,43.95547984956781],[5.086131955506449,43.95554267479172],[5.08589025867041,43.95566058887105],[5.0858094108549015,43.95569899854741],[5.0856719579941485,43.955723093681165],[5.0855584869498,43.9557588847724],[5.085491943298336,43.955789728942214],[5.085401529058741,43.95583237214047],[5.085279730190253,43.955906268731184],[5.0852699386114875,43.955914558105924],[5.085175561469115,43.95599198259423],[5.0851061375042255,43.95606677022001],[5.085094890050715,43.95610682229101],[5.085089696393401,43.956199965514294],[5.085087190153874,43.956243902074654],[5.085037219956191,43.956625809802865],[5.085034121582753,43.95665355259145],[5.08502174915155,43.956775326732824],[5.085000966370937,43.95694317573328],[5.084996255530654,43.95700862610177],[5.084991396662846,43.95707002802609],[5.084961462781191,43.957222791847336],[5.0849157660296695,43.95736370258035],[5.084821791258269,43.95753402824862],[5.0847182506136805,43.9576779329712],[5.084637615355045,43.957793852030036],[5.084636160304145,43.95779496012444],[5.084434687110216,43.95801122473768],[5.084430764616342,43.958016431163124],[5.0838261533110485,43.958660229828645],[5.083821978440906,43.95868350116893],[5.083649257939709,43.95883983293676],[5.083628373805939,43.95887201109041],[5.083612784624612,43.95910368101019],[5.083588125677765,43.95923721296372],[5.083582948438121,43.95927971499874],[5.083479834149308,43.95940817059181],[5.083402014131389,43.959522819709896],[5.083292405266571,43.95967480629768],[5.083201298801405,43.95973965279948],[5.083086839316335,43.959803233803626],[5.083030788394337,43.95982464853539],[5.0828603140667,43.95984581323769],[5.082679145884054,43.959877894829035],[5.082502796335389,43.95991906718546],[5.082165108484446,43.96000976775997],[5.082066554681095,43.96004819683033],[5.0819483338748075,43.960111218076186],[5.081851044538733,43.960187704831036],[5.081643378869603,43.960357762636406],[5.082023579703123,43.9605096903942],[5.082127050710762,43.96055129289839],[5.08222221292487,43.96059062284397],[5.083378268733671,43.96040682153924],[5.083365339147792,43.9604361811324],[5.0834148816854015,43.9604822315144],[5.083654787298701,43.9607034490778],[5.083813214098154,43.96070042852458],[5.083847329847276,43.96066196612418],[5.0839528795701305,43.96069560480134],[5.084063365756908,43.960731309928164],[5.084024542994088,43.96079443990784],[5.084630501063612,43.961240407947464],[5.084273007349811,43.961638444761896],[5.083288647462574,43.961202659179065],[5.083177342475631,43.961144551788905],[5.083097458883437,43.96108679070333],[5.0830237461120396,43.96103417861317],[5.082948421554948,43.96098861940922],[5.082831358821074,43.960916171870295],[5.082740267367789,43.96086888737193],[5.082665578126191,43.96083047313334],[5.082421556648212,43.960731950471434],[5.082161621065522,43.96062765356361],[5.082094032663735,43.96059936690051],[5.082065560708284,43.960587620447676],[5.082006788012484,43.96056524269929],[5.081960867181317,43.960546671370956],[5.081810218583852,43.96048620616362],[5.081580286053818,43.96039457057687],[5.081496844823129,43.96046462631591],[5.081452938895362,43.96050124876894],[5.08137551866108,43.96048017112864],[5.081292498021078,43.96044907190367],[5.081234811558561,43.96041546454214],[5.081246688584027,43.96047452199804],[5.081272197663174,43.96058949751532],[5.081404604066951,43.960693119341485],[5.0814862410617785,43.96075800546487],[5.081487848952969,43.96076108081905],[5.081499199235553,43.960805698752104],[5.081527998658144,43.960928849170564],[5.081539649495233,43.96098169897317],[5.081587915399933,43.9610645060547],[5.081605365166733,43.961081594185835],[5.08161582320883,43.96109152318643],[5.081640411772455,43.96110955568405],[5.081646164327838,43.96111349739249],[5.081660737471699,43.96112348305269],[5.081730451480459,43.96116901495544],[5.081703170392703,43.9612411071241],[5.081676223477047,43.96131211258243],[5.081626026567027,43.96145297273104],[5.081165980953786,43.961162479770415],[5.0810429883958985,43.9610504407727],[5.080922569408184,43.960967926952584],[5.080811749275022,43.96091277891889],[5.080729814792763,43.960880713275955],[5.080725630784618,43.960878767295775],[5.080695625559371,43.960876232564544],[5.080610880384785,43.96086960832546],[5.08054979332146,43.960865774669436],[5.080490230406014,43.960862722220135],[5.080341959640776,43.960949405982426],[5.080349132842361,43.96095129507842],[5.0804292694802164,43.961016075501675],[5.080295012786301,43.96105644295689],[5.080164193087868,43.96110903369045],[5.080162698482968,43.96110906213742],[5.080152796965938,43.961114382206475],[5.080076529672052,43.961155671296964],[5.079901976068859,43.96129065969589],[5.079780867177806,43.961383983019665],[5.07970986073416,43.961446508444666],[5.079664571486575,43.9614862624636],[5.07960593474816,43.96154963278333],[5.079403912505384,43.96175171897154],[5.079222995367037,43.961948136620435],[5.079190744015674,43.961986562064396],[5.079128483128213,43.96206337027706],[5.079070783836921,43.96211146267526],[5.0790185023545344,43.96215432036936],[5.0788626696791574,43.962259376662956],[5.078741821778742,43.962318933232844],[5.078666898909642,43.96235614447395],[5.078500685435531,43.96242264048198],[5.078286642884776,43.96247978250815],[5.078025336677035,43.96253282617549],[5.077917378359701,43.96255621545021],[5.077761556955433,43.96258983246496],[5.077425065087358,43.962662669754934],[5.0774135553199145,43.96266491416335],[5.07721326749507,43.96270963879575],[5.077039951787114,43.96276600430127],[5.076891862947567,43.96281689358396],[5.076702360703262,43.96290111478627],[5.076681769754798,43.96291068891515],[5.0766633863777395,43.96291927579808],[5.076345518474427,43.96308263940314],[5.076233294892874,43.96314297460162],[5.076231834628544,43.96314394763849],[5.07622783732768,43.96314712954887],[5.078394981703456,43.963820990360425],[5.078975006689212,43.96444830555471],[5.078897352552879,43.964492726162234],[5.078879416474146,43.964503330554415],[5.079091595067369,43.964702533879716],[5.079394812803472,43.96455780668262],[5.079880962500847,43.96513288650485],[5.0798968359116135,43.96517849898107],[5.079780439536703,43.96516545403613],[5.079732348302914,43.965169475102776],[5.079685746851955,43.96517333275866],[5.079625880406865,43.965192837659494],[5.079592249762361,43.96520374078864],[5.079490753482666,43.96525064109884],[5.079432455777056,43.965282404935074],[5.079397932895036,43.96522782924976],[5.079380000232003,43.965197515712426],[5.079354781037413,43.96517247241888],[5.079353625554813,43.96517154910212],[5.079339091150255,43.965162642703646],[5.079311812334828,43.96515289841209],[5.079219700591838,43.96514951908422],[5.079048408527694,43.96514872618556],[5.078883503685162,43.965159020078005],[5.078715643797245,43.965170315220234],[5.078678689030779,43.96517209838143],[5.078649129109539,43.96517158021251],[5.0786393790438265,43.9651708203393],[5.078583700818435,43.96516161596019],[5.078581050636673,43.965160721060734],[5.078573876964217,43.96515883184406],[5.078522048496102,43.965142396959614],[5.07843158825354,43.96510225395255],[5.078338369287235,43.96502745736422],[5.078108589891975,43.96481724363126],[5.078033942563362,43.96474925096607],[5.078013616361641,43.9647250596552],[5.0779999082249905,43.96470803481998],[5.077904492223446,43.96457291562119],[5.0778573794282424,43.96452168483828],[5.077834216438328,43.96450173375099],[5.077781675510334,43.96445468422569],[5.077741072997547,43.964428960916315],[5.077560008451139,43.964313835387536],[5.07751689350655,43.96429021221155],[5.077490923271941,43.964275310993244],[5.077242869309008,43.96414835913196],[5.076919182791962,43.963998131186976],[5.076678825724525,43.963887371996236],[5.076493536203921,43.963799873755164],[5.076333474703744,43.963717162612994],[5.076307470641846,43.96370131647463],[5.0759880233737,43.963513328530226],[5.075877276759452,43.96346019964923],[5.075784953017021,43.96340982674655],[5.0757475522560656,43.96339932854446],[5.075723377219072,43.963392630424195],[5.0756682612111685,43.96339880877058],[5.075632049586024,43.963410704988696],[5.075601708210038,43.963429782006024],[5.07558436131481,43.96345657974775],[5.075576995011549,43.96349048024338],[5.07557747640432,43.96350370525952],[5.075582695876006,43.963564915403566],[5.0755744121211706,43.96368661090928],[5.075567741933557,43.96378072712037],[5.07556781398983,43.96397788774037],[5.075567688775994,43.96404635664964],[5.075573599193706,43.96417791082455],[5.075569482515237,43.964218906872986],[5.075562070859364,43.96428238254675],[5.075556714907715,43.96433042434023],[5.075553871850189,43.96436531929304],[5.075548968847274,43.96439498670699],[5.07554328410702,43.964423723668645],[5.075533409655231,43.96447090597188],[5.075528359619576,43.96448626167296],[5.07551321932051,43.96453259867419],[5.075488579230816,43.964595321169085],[5.075482073769415,43.96461178484617],[5.075464765754489,43.964639662181305],[5.075455162817152,43.964653213739446],[5.075363963032505,43.96474677439094],[5.075122706118783,43.96499146070422],[5.075377116846981,43.96510816852546],[5.076031551759959,43.96540728339782],[5.076209469089765,43.965559202913674],[5.076259299564346,43.9656440084151],[5.076310890276372,43.965736072765075],[5.0763603473737335,43.965820885327766],[5.076390604852492,43.965871356650545],[5.07639385477397,43.965878452172205],[5.0764285570077305,43.96593802195077],[5.076520479131224,43.96617233022453],[5.076380228768385,43.96620254333476],[5.076276304570491,43.96622396366108],[5.076334758952544,43.9663607318317],[5.076405987194358,43.966529937657384],[5.076050299825386,43.9669697760155],[5.076348691266634,43.96696923971361],[5.076440200544857,43.96699707569797],[5.076457203359779,43.967001884316225],[5.076468487787304,43.967003695583315],[5.0765383677032405,43.96701263127412],[5.076550335709872,43.967039399278875]],[[5.085985796846641,43.95553317594947],[5.085959243424111,43.95515475424247],[5.0859265227596,43.954689483160905],[5.085367418312346,43.95470528548312],[5.085381748767649,43.9541769971901],[5.085380515127562,43.95414326019858],[5.085380218303252,43.95409424556988],[5.085401082944073,43.953540174767944],[5.0854189591793615,43.95302707890365],[5.084905437888777,43.95332802827389],[5.084440368231705,43.95352271819833],[5.084416798091058,43.95353248569009],[5.08434423934258,43.95356236355709],[5.084031022840601,43.95343153977606],[5.08362055898099,43.95325854573369],[5.083337439413405,43.952784814848165],[5.082798301236118,43.95285545583967],[5.082408746710682,43.95290676862848],[5.082091518350025,43.95297304205124],[5.081687502697613,43.953058388247264],[5.081635420586717,43.95306545726562],[5.081628287738863,43.95306464784713],[5.081615545990464,43.95306381023037],[5.081597279075528,43.95306523853022],[5.081583008455676,43.95306348473979],[5.0815759445653015,43.95306456459059],[5.0815421736822195,43.95307141980068],[5.081493301966197,43.95308450448243],[5.081491807572213,43.953084532947415],[5.081480599617267,43.95308474643438],[5.081467897268226,43.95308498838485],[5.081466402874211,43.95308501684951],[5.081462293290673,43.95308509512725],[5.081453700525052,43.95308525879837],[5.0814409981757835,43.95308550074569],[5.081433899804086,43.95308563595094],[5.0814196685849184,43.9530849617236],[5.081408421229065,43.95308409561865],[5.081405432441027,43.95308415254634],[5.081403938047004,43.953084181010155],[5.08140281725149,43.953084202358006],[5.081391127347143,43.95308145409438],[5.081384328699146,43.95307955795958],[5.081379806117396,43.953078563765594],[5.08137117395268,43.95307764784573],[5.08135985764965,43.953074892462936],[5.081358363255851,43.95307492092612],[5.081351564609718,43.953073024789305],[5.08134704202906,43.95307203059395],[5.081339830385984,43.95306906198765],[5.081335646929982,43.953067116039676],[5.081334118062129,43.953066199866136],[5.081328361414948,43.95306212321174],[5.081324104086835,43.95305815304239],[5.081320967554272,43.953054161525905],[5.081315215834089,43.95305021981889],[5.081312148250318,43.95304811757506],[5.081306322658994,43.95304215164668],[5.081305167390518,43.9530412283571],[5.081281259976342,43.95301102919714],[5.081272253543137,43.952999857216966],[5.08126209677148,43.95298789689417],[5.081245844246817,43.952972811663834],[5.081244315382933,43.952971895489036],[5.08123119938824,43.95296080177509],[5.081192535946513,43.95294627840438],[5.081111020760566,43.95291515071781],[5.081106498196617,43.95291415651263],[5.081098131323543,43.95291026459902],[5.081096602463707,43.95290934842221],[5.081092414103413,43.95290726751706],[5.081086362680849,43.95290535713412],[5.081079490199835,43.95290143675965],[5.081070636475303,43.95289444815344],[5.081069102692086,43.952893397028184],[5.081055917810468,43.95288041402089],[5.08099645472844,43.95276716598617],[5.080978712245965,43.95274198095776],[5.080977144000404,43.95273998519495],[5.080962651275128,43.95272189549512],[5.08094490452107,43.952706838680115],[5.080934895587679,43.95269892677047],[5.080762423207261,43.95255204452041],[5.080743669013219,43.95254011282054],[5.0807236813874965,43.952535361818576],[5.08062434336925,43.952517807251084],[5.080611233085982,43.95251711157885],[5.08059845701309,43.95251532920745],[5.08059733622845,43.95251535054704],[5.0805958418489245,43.95251537899977],[5.080585715402512,43.952514491470914],[5.080574473094845,43.95251376022851],[5.0805632652486095,43.952513973621336],[5.080550563022776,43.95251421546512],[5.08054611434508,43.95251524545777],[5.080534945882078,43.952516538432114],[5.080522317499412,43.952518804493465],[5.0805112228786395,43.952522121686194],[5.080509762959158,43.95252309477414],[5.080500123333706,43.952525303929775],[5.0804986683368245,43.95252641196566],[5.08048611379312,43.95253070224368],[5.080482043630809,43.95253186006899],[5.080475019167932,43.95253401943276],[5.080455513997881,43.95254249329154],[5.080448563373968,43.952546676874505],[5.080427755800452,43.95256044215354],[5.0804152406253245,43.95256581200803],[5.080387290422075,43.95257849788547],[5.080337638243365,43.95261117796642],[5.0803361783186425,43.952612151052136],[5.080290935394751,43.95264272154374],[5.080278494024068,43.95265011560394],[5.080268628442442,43.95265638029369],[5.080261603956154,43.95265853964395],[5.080257568236334,43.95266064209754],[5.08025200367658,43.952661828362466],[5.080239375250508,43.952664094391274],[5.0802292881611875,43.95266428641394],[5.080113473427101,43.95266649105201],[5.080093746671478,43.952668892183006],[5.08005937677184,43.952690072765115],[5.080035575360835,43.95270375991329],[5.0800285902340665,43.952706998833364],[5.080026048887113,43.95270907283345],[5.080014988652666,43.95271333461285],[5.080012034334801,43.95271433613909],[5.080006469764702,43.952715522391564],[5.079999410809275,43.95271673708834],[5.079993841316991,43.95271778839208],[5.079981178416649,43.952719109754504],[5.07997254632878,43.95271819372435],[5.0799669079330725,43.95271735575339],[5.0799627983739635,43.952717433974726],[5.079951029868725,43.95271252638817],[5.079901227936878,43.952700105165],[5.07986842978551,43.952692626914924],[5.079855653696517,43.9526908444565],[5.0798500497546675,43.9526909511162],[5.079842951428298,43.95269108621811],[5.079838841870912,43.95269116443475],[5.079827294840002,43.95269232949941],[5.0798202358836315,43.95269354418462],[5.079816165696185,43.95269470198526],[5.079813211375794,43.95269570350611],[5.079800622294653,43.9526990490691],[5.079794045199848,43.95270322550039],[5.079791095799837,43.95270436196874],[5.079785600122881,43.95270743748342],[5.079782685170821,43.95270951858826],[5.079778688799194,43.95271270060905],[5.079771811922393,43.95271890837101],[5.079752611694185,43.952735748887854],[5.079745847997219,43.95274506045475],[5.079735122368419,43.95275849867732],[5.079731160438222,43.95276262533322],[5.079721373513846,43.9527710491438],[5.079707619732203,43.95278346466052],[5.079702202779242,43.952788699340964],[5.079699661416781,43.952790773333575],[5.079696712010363,43.95279190979943],[5.079689761300412,43.9527960933348],[5.0796843049768805,43.952800248429476],[5.07968281058944,43.95280027686975],[5.079674778454333,43.95280556131926],[5.079664804519265,43.952808857096564],[5.079657819358576,43.95281209599313],[5.079653744238478,43.95281311883966],[5.079641155122073,43.9528164643845],[5.079638240159171,43.95281854548562],[5.079636745771227,43.9528185739253],[5.079627106062036,43.9528207830043],[5.079624156652619,43.95282191946819],[5.07961152816617,43.95282418542471],[5.079560940400177,43.95283122501435],[5.079489170756759,43.95284177362561],[5.079478036649243,43.95284401112907],[5.0794750872356556,43.95284514758901],[5.079466941904496,43.95284732821646],[5.079462498101703,43.95284849311336],[5.079449869602948,43.95285075905123],[5.079437280466278,43.95285410457266],[5.079433205339229,43.95285512741101],[5.0794291351323935,43.95285628519733],[5.0794221105897135,43.952858444493856],[5.07941064224161,43.952861768684734],[5.079404025737027,43.95286486550792],[5.079401076320888,43.952866001965845],[5.079394125580225,43.95287018548261],[5.07939008981346,43.95287228790442],[5.079383065267329,43.952874447198454],[5.07937611944456,43.95287876566222],[5.079366253724293,43.95288503027136],[5.079356727157962,43.95289034313374],[5.07935123143967,43.95289341862693],[5.079345740640961,43.952896629067936],[5.079342825663185,43.952898710161335],[5.079335879834415,43.95290302862257],[5.079333299092387,43.95290402302169],[5.079331844063181,43.952905131042264],[5.079322017694439,43.952912475232665],[5.079320931342328,43.95291344119614],[5.079314019950811,43.952918704293026],[5.0793085635881825,43.952922859369245],[5.079305648607709,43.95292494046162],[5.079302733627025,43.95292702155396],[5.079297316623277,43.95293225621474],[5.07929623519043,43.95293335712614],[5.079282412396736,43.95294388331653],[5.079272620454988,43.95295217213965],[5.079260587242941,43.952970766781526],[5.079259206010247,43.952973899023426],[5.079257072980976,43.95298717370231],[5.079252177483116,43.95300671286501],[5.079249523253937,43.95301594620803],[5.079247464020125,43.95303124510937],[5.079244996747041,43.95304560648232],[5.079243836909221,43.95305481139113],[5.0792430555896155,43.95306414413956],[5.079243090029229,43.953065088776654],[5.079241743232886,43.9530691656556],[5.079239088999114,43.95307839899872],[5.079237707762631,43.95308153124052],[5.079236773923753,43.953086680596165],[5.079234006530058,43.95309281013163],[5.079230083899728,43.953098016355426],[5.079228663302965,43.95310006901192],[5.079227282065388,43.95310320125366],[5.079224853829473,43.95310837904325],[5.079223393873043,43.95310935211439],[5.079215101210192,43.95311774744732],[5.079208224223228,43.953123955175315],[5.079205682827873,43.953126029156834],[5.0791973901599885,43.95313442448851],[5.079190513169086,43.95314063221542],[5.0791864773756865,43.95314273463006],[5.079183562379521,43.953144815719455],[5.079178110905563,43.95314910573787],[5.079168210678364,43.95315442569295],[5.0791615941266715,43.953157522502],[5.07915572969258,43.95316074004227],[5.079151733254372,43.95316392204099],[5.079143322499801,43.9531690786127],[5.079139291622353,43.95317131597379],[5.079132340825291,43.953175499474646],[5.079122814188667,43.953180812317534],[5.079121354228643,43.95318178538735],[5.079119859830927,43.953181813819924],[5.079110333192083,43.95318712666175],[5.0791088387942205,43.953187155094184],[5.079103308596593,43.9531892859382],[5.079097778398552,43.95319141678195],[5.079087843719393,43.95319579209272],[5.0790852629597945,43.95319678648614],[5.079564953778045,43.95409986649563],[5.079745546570989,43.954438625827606],[5.080215990802056,43.95532337925447],[5.080504883524258,43.955525304199476],[5.080517960581973,43.95553531843089],[5.080781969703573,43.95572124131271],[5.0809462062141995,43.95576510867881],[5.082155308610357,43.956071986171196],[5.082164741509698,43.95629962254957],[5.082204266377495,43.95718758215299],[5.082203328661729,43.95720285979129],[5.082202769498248,43.957218265259364],[5.082198547139102,43.95722550294624],[5.08219197054573,43.957239942726375],[5.082188713082243,43.957263367096914],[5.082188791918662,43.95726552627059],[5.082187405815494,43.95726852360898],[5.082172942946868,43.95733321431401],[5.082127120966637,43.95747088512935],[5.082107913310706,43.95752850899048],[5.082041689259034,43.95773206397548],[5.082022963450539,43.95779264957727],[5.081994820467634,43.957882043545375],[5.081820412575776,43.95786700028747],[5.081783748861551,43.957948318933475],[5.081770669190014,43.95797922268226],[5.081746190759807,43.958035866550524],[5.081712033874367,43.95811416649473],[5.081693871826922,43.95815948152799],[5.081674776047959,43.95820994595128],[5.081659002765828,43.95824900353392],[5.0816473041878725,43.95827677499144],[5.081643534129611,43.958286164719944],[5.081638372986997,43.9582984168332],[5.081634973127629,43.95832819089628],[5.081634073901665,43.958334284927474],[5.0816262567177555,43.95839668832312],[5.081617995429593,43.95843668315696],[5.081605885978492,43.95849417174487],[5.081592543042581,43.95855884106946],[5.081585589059057,43.95859367939568],[5.081584390078452,43.95860180477132],[5.0815809507651695,43.95863049925008],[5.081547950147843,43.95873024886479],[5.081522942821376,43.95882363428389],[5.081509224627931,43.95886778432045],[5.081491471018216,43.95892430006688],[5.081482614263257,43.958958229335714],[5.081477866787568,43.958981817122066],[5.081466951160482,43.959031045387796],[5.0814656782680006,43.95903714653626],[5.081445085370037,43.95912855728048],[5.081405381981593,43.95935199828662],[5.081282267399663,43.959349211330036],[5.08123399401814,43.95934810499827],[5.081243898021254,43.95931213016718],[5.08127144268528,43.95921653579983],[5.0813294912834,43.95902448044343],[5.081361223778853,43.95892070376926],[5.081378938112516,43.958863108455965],[5.081380250414398,43.95885808689724],[5.081390302005834,43.95882616051864],[5.081392508639884,43.95881490998047],[5.0813950495047795,43.95880257273824],[5.0813993487757125,43.95876670464357],[5.081400621669253,43.9587606034968],[5.081403652966784,43.95873097149795],[5.081449387394485,43.9583552230359],[5.081458357365287,43.95832439759656],[5.081507089861255,43.95822542873579],[5.081525173993344,43.95818821775574],[5.081571478021875,43.95809442672991],[5.081608437690715,43.95802120505461],[5.081667595322166,43.957900565838436],[5.08167039717033,43.95789538086315],[5.081691475055302,43.957858247876075],[5.08162623688348,43.95785327857888],[5.0771086759371125,43.957518442558346],[5.077102142530947,43.95749304379142],[5.077093927840456,43.957462545382676],[5.0770726070710195,43.95738016985112],[5.0770512912782895,43.95729792926798],[5.07704818929514,43.95728461906529],[5.077044571148879,43.95726740245461],[5.0769657618367825,43.95712589078843],[5.076891731294278,43.95699239078506],[5.076870518676392,43.956954036872006],[5.076631515719735,43.95671536814236],[5.076580005710394,43.956666381416795],[5.076501000597685,43.95659131384929],[5.076372457132862,43.95648032102409],[5.07635045318523,43.956461293059746],[5.076325686504322,43.95643826632479],[5.076226320056494,43.9563481906586],[5.076202787335715,43.95632824641914],[5.076198530120588,43.956324276042636],[5.076188408211847,43.956313259864906],[5.076186800731753,43.9563101844408],[5.07618519325183,43.956307109016656],[5.076179294169267,43.95629911857544],[5.076174997654231,43.956294068609616],[5.0761734294790894,43.95629207277373],[5.076168611956486,43.9562829814493],[5.076167491096158,43.9562830027435],[5.076162673575269,43.956273911418876],[5.0761614004142555,43.95626974930802],[5.076159758546356,43.95626572924376],[5.07615650920168,43.956258633755006],[5.076153559784055,43.95624950693993],[5.076148781571402,43.95624149520324],[5.076142543511797,43.956224193310675],[5.076110016003416,43.95614203058988],[5.076089715837548,43.95601574697228],[5.076083822716187,43.955966838731726],[5.076077668979356,43.95592104140613],[5.076075477916288,43.95586085436526],[5.076069715344241,43.95570255975886],[5.076068266109073,43.95566274994958],[5.076064914917693,43.955601504622834],[5.076074130615584,43.955474660319105],[5.076075291014104,43.955465455430875],[5.076077317050363,43.95543894874537],[5.076078064784095,43.95541840818456],[5.076078964557657,43.95541231420946],[5.076078890867733,43.95541028998218],[5.076080051264177,43.95540108509429],[5.076079903884281,43.95539703663978],[5.076081024978973,43.95538675216408],[5.0760808039090906,43.95538067948238],[5.076079009780036,43.95537247601607],[5.076078936090162,43.95537045178887],[5.076075986730874,43.95536132497648],[5.076071169302408,43.955352233652725],[5.07606814625585,43.95534108261302],[5.076066538809634,43.955338007188885],[5.0760605612421354,43.95532785757012],[5.0760530155326755,43.95531571211459],[5.076047077270538,43.95530664208304],[5.076041178310789,43.95529865163901],[5.076033671909671,43.95528758577017],[5.076015665295968,43.955265375863036],[5.076012902626939,43.95526137709157],[5.0759582191610395,43.9551970556717],[5.0759551172728,43.955194008635544],[5.075952393910217,43.95519108945044],[5.075947758272101,43.955186991215626],[5.075941859338637,43.955179000766805],[5.075941820040098,43.95517792117903],[5.075935921108406,43.95516993072993],[5.075930090950399,43.95516382955912],[5.075928522814898,43.95516183372104],[5.0759211638216195,43.95515481629949],[5.075915372964754,43.95514979471571],[5.0759138048301535,43.95514779887745],[5.075911115857583,43.95514582433071],[5.075905364300338,43.95514188233419],[5.07590226241792,43.95513883529665],[5.075897966014805,43.955133785323405],[5.075892214459681,43.95512984332622],[5.075890685623976,43.955128927075435],[5.07588183218944,43.95512193803978],[5.075873013142114,43.95511589364274],[5.075868756040425,43.95511192325614],[5.075866101456032,43.95511089334763],[5.075858855455642,43.95510697973689],[5.0758526909967046,43.955101965246946],[5.07585000202841,43.95509999069875],[5.075846939447917,43.95509802324747],[5.075839727834957,43.955095054274764],[5.075562995649182,43.95490828120132],[5.075535427702743,43.95489043911787],[5.075402893188847,43.95478262713241],[5.074999761732566,43.95447158406759],[5.07489666426141,43.954391841413354],[5.074787550084461,43.9543111325716],[5.074723862077672,43.9542664275734],[5.074630999501684,43.954200804792116],[5.074539705197985,43.954137177791274],[5.0745105649782545,43.954117204652164],[5.074477099127501,43.95409137178878],[5.074443333877787,43.95405730706001],[5.074432799835392,43.95404521823899],[5.074413639060374,43.954022084721366],[5.074204546396869,43.95379310689897],[5.0741761990391625,43.953753807682716],[5.074170300502059,43.953745817145006],[5.074135941781922,43.953695423567595],[5.074066625778904,43.95357817267637],[5.0740319335306605,43.95351860257834],[5.074024427753552,43.95350753658303],[5.074014193889392,43.953493416408435],[5.073993465448238,43.95346828696106],[5.07397437865788,43.95344717760057],[5.07396548645921,43.953439108829244],[5.073946438948531,43.953419079051656],[5.073921600948113,43.95339402758675],[5.073896536587895,43.95337303165945],[5.073873379510249,43.953353079863014],[5.073871811496485,43.953351083997575],[5.073844239924369,43.95333310655545],[5.073822429412642,43.95331934110558],[5.073801095561268,43.953308402478385],[5.073795383591722,43.95330553996246],[5.073773676149859,43.9532946084199],[5.073759219247548,43.95328772556776],[5.07373650878371,43.95328005404948],[5.0737205967419605,43.95327427913863],[5.073703097220399,43.953337945701385],[5.073693110989499,43.95337176054842],[5.0737185158810165,43.95337127845297],[5.073748364060938,43.953379894857164],[5.073778551502006,43.953387559524394],[5.073782734723691,43.95338950576195],[5.0738043244328175,43.953397198541055],[5.073815684598985,43.95340116924243],[5.07382438539148,43.95340397503714],[5.073840036743769,43.95341286083722],[5.073857634624984,43.95342387035917],[5.0738649931411075,43.95343088791255],[5.0738676819620085,43.95343286250763],[5.073884001368729,43.95344983811705],[5.073904695403494,43.95347402294594],[5.073976820081395,43.95355543460171],[5.073982831445217,43.953566528962924],[5.073988882071853,43.95357870291133],[5.073993733371676,43.95358873895646],[5.073999931230619,43.953604961357456],[5.073018628137731,43.95407002856368],[5.073309690736293,43.954414804626644],[5.073325342285758,43.954423690505735],[5.073345516389064,43.95443357090997],[5.073347045165254,43.954434487196025],[5.073351267697988,43.9544375130395],[5.073098419342085,43.95455777058503],[5.072714675772257,43.95547928157222],[5.072938853956267,43.956472987695726],[5.07378700061052,43.957125893531995],[5.074084755519372,43.958034476546715],[5.073823240021528,43.95808130238794],[5.073644936876812,43.958113314616355],[5.073504523254826,43.95813853078942],[5.072838381797063,43.9582552848247],[5.072364892844682,43.95806615803522],[5.0723844783775895,43.958183273058],[5.072387908816911,43.95819536177504],[5.0723925386241335,43.95820958841848],[5.072403185799963,43.95822478128968],[5.0724207398398145,43.958244839733645],[5.072490066626561,43.95832117413733],[5.072607725384942,43.95845168900082],[5.072627299788516,43.95847589540006],[5.072634766710134,43.95848588193242],[5.072639102315143,43.95849201163489],[5.072643472254678,43.95849908597939],[5.072652546533579,43.95851214799085],[5.072656950810158,43.95852016697706],[5.072663075252017,43.95853436526744],[5.072691796717004,43.95858392110144],[5.072703746432737,43.95860408579695],[5.0727340017526386,43.95865469286803],[5.072780944753309,43.958742660128365],[5.07282926962646,43.9588274952017],[5.072852087595874,43.9588689254188],[5.07286893312986,43.95890034076649],[5.072915577306178,43.958980076098136],[5.072927566428135,43.959001320365104],[5.07296237368658,43.959063994829826],[5.073006069064178,43.959134603213805],[5.073034678296374,43.95918105514994],[5.073052644942163,43.95921244921299],[5.0730679176346225,43.95924173370325],[5.073078451555424,43.959264085898255],[5.073081700688405,43.95927118149096],[5.0730863258500865,43.95928527316507],[5.0730992480181,43.95932189450711],[5.073111938835553,43.95936243645495],[5.073114814337594,43.95936953913472],[5.073125721941229,43.959391884239196],[5.073148280329812,43.959426162114625],[5.073170504353246,43.9594615266654],[5.07318559073854,43.95948568308392],[5.073246772767182,43.95957446043786],[5.0741111650740605,43.959038147427535],[5.074205148189893,43.958980186263496],[5.074797074895712,43.95926928384877],[5.074831330966397,43.959285918890416],[5.074988957483096,43.959178808823275],[5.075274241172193,43.95929182385421],[5.07642484623488,43.959746937905166],[5.0764691282709045,43.959720573597096],[5.076492972777869,43.95970796675977],[5.076531797540292,43.959685757378736],[5.076580076516395,43.95965621111167],[5.076628394757082,43.95962774441411],[5.076665611813474,43.95960245956302],[5.07666998248327,43.95959927054342],[5.0766907247288735,43.959583616640074],[5.076723423629103,43.959557472326786],[5.076755035977724,43.95953229394584],[5.0767579513889345,43.95953021291342],[5.076772749728652,43.95951561723797],[5.07678504561076,43.95950417508385],[5.0767879610194395,43.95950209405065],[5.07682476999666,43.9594656083991],[5.076838621065676,43.959450527245586],[5.076872895945347,43.95946266821499],[5.07686272867123,43.959491490368336],[5.076822157175629,43.95966079399209],[5.076776049089029,43.95987314624017],[5.076759711332317,43.959927608618436],[5.0767469970823775,43.959968632962735],[5.076739405848082,43.959996325822104],[5.076712418939299,43.96006638536337],[5.0766958205965524,43.9601136954504],[5.076675259415953,43.96017539531035],[5.07662650642683,43.96031514507939],[5.076601347990409,43.960394352729644],[5.076581676092155,43.9604804783257],[5.076546792002371,43.96061091672784],[5.076544658056211,43.96062419141309],[5.0765423372003875,43.96064260125509],[5.0765390821365415,43.96066616045264],[5.076537847994049,43.960673341140605],[5.07653342690013,43.960747023168594],[5.076532639946958,43.96076648420545],[5.07653330285254,43.96081549194983],[5.076536649939001,43.960876602500086],[5.076537023419442,43.960886858616135],[5.076537431299548,43.96089805937452],[5.076538733568431,43.96093382083239],[5.076544956342578,43.96102256041534],[5.0765457770222575,43.96104509688277],[5.0765609983902085,43.96135013829583],[5.076639307550703,43.96139564511296],[5.076673717787941,43.96141646301476],[5.076702783859909,43.96143427647956],[5.076747503963769,43.961460975362385],[5.076820503389347,43.96152494870886],[5.076842361997418,43.96153992816693],[5.076872962123829,43.96155879277763],[5.076903075567497,43.96157456065514],[5.076950711385038,43.961599178418126],[5.07696636547324,43.96160806381313],[5.077052969457793,43.9616554383565],[5.077113162219853,43.96167576614324],[5.077223380517718,43.96171445418142],[5.077265043053663,43.96172905716489],[5.0773910681799235,43.961770550582266],[5.077552738338354,43.96182568078162],[5.077728833947152,43.9618867484648],[5.077780693649025,43.96190412833656],[5.077839352966379,43.96192340454942],[5.077897977900687,43.961941736088576],[5.077930859794066,43.961951374153074],[5.077937993700814,43.96195218381706],[5.077957871288089,43.961953831529556],[5.078069364018147,43.96198641760288],[5.078116218827477,43.961999841208595],[5.0782564490773145,43.96204119860233],[5.078306367014443,43.96205658951878],[5.078672607953256,43.96216400550121],[5.0787275053106695,43.96212109822447],[5.0788333371381436,43.962039410237196],[5.078910318873939,43.96197663669172],[5.078962447753317,43.961929595638864],[5.079000417236713,43.961894167470994],[5.079027959017044,43.961870146174704],[5.07915677856538,43.96175236937542],[5.079245307787082,43.96166790416429],[5.079323335387046,43.96159282156361],[5.079417921314774,43.96151040165951],[5.0794900438356745,43.96143745692587],[5.079502339586966,43.961426014453245],[5.079505215624439,43.96142285375483],[5.079552117658578,43.96138631013596],[5.079647223434287,43.96128740496185],[5.079648718044114,43.961287376521874],[5.0797508420601565,43.961257884565995],[5.079753791903279,43.96125674809306],[5.080113425458085,43.96099858993186],[5.080493233333029,43.960750309747965],[5.080641134057686,43.96065350463865],[5.080682143582704,43.96050674304225],[5.080750993798983,43.96026222085613],[5.080807827323805,43.96026221914085],[5.080823146793186,43.96026192746812],[5.081011499268751,43.96026954970464],[5.081102148054245,43.960274035562136],[5.081314768372025,43.960434333293286],[5.081328445532975,43.96043002155307],[5.08140542025005,43.96040816421056],[5.081528695865484,43.96029238073728],[5.081549323731086,43.9602736220874],[5.081801740621158,43.96006962663963],[5.08192788707806,43.96003251776591],[5.082572588614619,43.95984049303493],[5.082785490000999,43.95982414700588],[5.082968912954427,43.959809442739356],[5.083245575647991,43.9595631186028],[5.0834073741835235,43.959345451836164],[5.083454456141378,43.95928324501141],[5.0834576607645445,43.95890020357112],[5.083656708912256,43.958699246805075],[5.083684133777372,43.95867212056737],[5.08370738363876,43.958500038380734],[5.08371172088068,43.95846524978848],[5.08375599855339,43.958438882548464],[5.083771395283935,43.95843048643627],[5.083775056516605,43.958418127769306],[5.083776437633149,43.958414995460394],[5.083776363666172,43.958412971234765],[5.083781672294199,43.95840476747096],[5.083784473974958,43.95839958243994],[5.08378548145753,43.95839645725502],[5.083786902022215,43.95839440453297],[5.083789777669409,43.95839124372742],[5.083795234228691,43.95838708841422],[5.08379919625553,43.958382961597415],[5.083802071901465,43.95837980079156],[5.083803153350601,43.9583786998321],[5.083806033927303,43.95837567397454],[5.083809991021358,43.95837141220895],[5.083812871597324,43.95836838635123],[5.083816833621588,43.95836425953384],[5.083819783234049,43.95836312295306],[5.083821238315303,43.9583620148692],[5.083825239788456,43.958358967638446],[5.0838281154317375,43.958355806831946],[5.08383906305606,43.9583484408402],[5.083840518136566,43.958347332756084],[5.083843099046296,43.95834633824738],[5.083852965219466,43.95834007321411],[5.083860997746829,43.9583347884404],[5.083863947356888,43.95833365185847],[5.083869477875427,43.95833152076714],[5.083875008393553,43.958329389675576],[5.083884948530999,43.958325148864915],[5.0838860694285675,43.95832512749158],[5.083889019037627,43.958323990908994],[5.08389047904793,43.95832301777258],[5.0838985855406005,43.95831975722159],[5.083911175621906,43.95831641117555],[5.0839156246912856,43.95831538104247],[5.083922644804419,43.958313086501896],[5.083923765701737,43.95831306512815],[5.083935200362354,43.958308795814595],[5.083937781268689,43.958307801303704],[5.083946295909544,43.958305478263064],[5.083958851464025,43.9583011875731],[5.083969951939939,43.95829800496754],[5.084009142706449,43.95828591407587],[5.084051214014739,43.958270797306376],[5.084064890450042,43.95826648522923],[5.0840889151489375,43.958258869834744],[5.084092951123623,43.958256767232776],[5.084098442171115,43.958253556543205],[5.084103972673128,43.95825142544013],[5.0841068877507345,43.958249344213264],[5.084112418252024,43.9582472131098],[5.084117948752901,43.958245082005995],[5.084127849402003,43.95823976158673],[5.084130390846225,43.95823768748454],[5.084134726470329,43.95823355353063],[5.084140217513233,43.958230342839],[5.084144214028124,43.95822716064845],[5.084147094579075,43.958224134782164],[5.0841481365626455,43.958221954232634],[5.084152472184266,43.95821782027806],[5.084154979102543,43.95821480153696],[5.084157854720284,43.95821164072205],[5.084161816708701,43.9582075138925],[5.0841672337669985,43.95820227897446],[5.084168654313107,43.95820022624766],[5.084171529929355,43.958197065432465],[5.084172537387148,43.958193940244364],[5.084175378478471,43.95818983479066],[5.084180647571793,43.95818055142186],[5.084197909910047,43.958151593225416],[5.084200750997434,43.95814748777118],[5.084218235262291,43.95812460224707],[5.084246671968259,43.95809448563733],[5.084263262189686,43.95807782910684],[5.084328650059366,43.95801527278867],[5.084380548886256,43.957962156587016],[5.084488313122911,43.95785193222254],[5.084621968000775,43.95768287558195],[5.084654063974856,43.95763013698832],[5.084663481017317,43.95761159159178],[5.084667289999208,43.95760328134897],[5.08467259842374,43.95759507754578],[5.084674018936542,43.95759302481316],[5.0846779413790975,43.95758781838028],[5.0846807824038525,43.95758371291491],[5.084683210335017,43.957578534990525],[5.08468746693752,43.957572241844005],[5.084688553287475,43.95757127582458],[5.084691280846512,43.95756406654879],[5.084691241380731,43.957562986962664],[5.084695089821179,43.95755575630526],[5.084699351353911,43.95754959810663],[5.084700432769993,43.957548497138816],[5.084706075345893,43.95753920662092],[5.084705966814275,43.95753623775913],[5.0847058878821985,43.957534078586924],[5.084708281276151,43.957527956024265],[5.0847125428053825,43.95752179782524],[5.084713624220681,43.95752069685729],[5.084717811749575,43.957512514434164],[5.084721620716935,43.95750420418996],[5.084724422268017,43.957499019137565],[5.084725395150101,43.957494949307836],[5.084726815658509,43.957492896574664],[5.084727974701743,43.95748369158373],[5.084727935235326,43.95748261199769],[5.084730289158296,43.957475409848705],[5.0847302546251445,43.957474465210886],[5.084732942707778,43.957466176348454],[5.084734249748935,43.95746101980533],[5.0847355962564045,43.95745694284824],[5.0847394446840735,43.95744971218968],[5.08474090465749,43.95744873904244],[5.084742137697539,43.95744155827544],[5.084748078574744,43.95741997321019],[5.084747777640763,43.95741174136681],[5.084758394124614,43.95735441592532],[5.084797484725635,43.95710438203444],[5.084803764636915,43.95708184520529],[5.08480630468679,43.9570695078963],[5.084826334323902,43.95700376530053],[5.08485529235857,43.95690611742548],[5.084865272590958,43.95687230148898],[5.084875547496636,43.95683631925318],[5.084917736914505,43.9566812960447],[5.084926556736725,43.95664642190551],[5.084944864650885,43.95657450020011],[5.084978829578029,43.9564604166674],[5.085011564965798,43.956343385657185],[5.085026364803546,43.956288006036445],[5.08504250613515,43.95622841450943],[5.085064887666256,43.95614520656512],[5.0850834997864505,43.95607138845534],[5.0850922059301205,43.956033410508255],[5.085093139288643,43.95602826109372],[5.085094332781303,43.9560200007437],[5.085095718701381,43.95601700337062],[5.085097025676536,43.95601184682752],[5.085099305481411,43.95600262045491],[5.085102032913529,43.95599541117553],[5.085101993441058,43.95599433159055],[5.085105841723608,43.955987100925356],[5.085107227642284,43.95598410355214],[5.085108495143064,43.95597786742406],[5.0851099550725145,43.95597689427268],[5.0851137638802015,43.95596858402225],[5.0851151843366225,43.955966531285874],[5.085119072088393,43.95596038020525],[5.085121908066238,43.9559561397842],[5.085124375360946,43.95595204143991],[5.085125761277798,43.955949044066514],[5.085131178033148,43.95594380910763],[5.085132598488326,43.95594175637105],[5.08513943569711,43.95593446867513],[5.08514473896428,43.955926129908946],[5.085150081703226,43.955918870727416],[5.085154003987207,43.95591366428255],[5.085156884367763,43.95591063839373],[5.085158339360482,43.95590953029367],[5.085160841189888,43.955906376585446],[5.085165176562113,43.955902242596295],[5.0851691383172435,43.955898115735806],[5.085171979222487,43.95589401026173],[5.085175975516128,43.95589082803784],[5.085179971809325,43.95588764581378],[5.085184307178737,43.95588351182391],[5.085188303470956,43.95588032959957],[5.085189763396545,43.9558793564472],[5.085192339236825,43.95587822695997],[5.085196674604627,43.95587409296969],[5.085199141890416,43.95586999462389],[5.085203511797115,43.95586680527005],[5.08520750808709,43.95586362304504],[5.085212964301304,43.95585946766719],[5.085215839741681,43.95585630682882],[5.085223876727348,43.955851156910754],[5.0852322429184955,43.95584478533011],[5.085241734890346,43.95583852730973],[5.0852446498031325,43.95583644605545],[5.085253055465018,43.95583115405812],[5.0852625424978894,43.95582476108784],[5.08527244755459,43.95581957552053],[5.085279393289037,43.95581525667466],[5.085280479595507,43.95581429065028],[5.085290340238362,43.95580789054851],[5.085291800160358,43.95580691739481],[5.085299906215353,43.95580365674468],[5.085313881562389,43.95579731316674],[5.085333347646928,43.95578775884003],[5.085761365463361,43.95562226625258],[5.08593016595616,43.95555570954983],[5.085985796846641,43.95553317594947]],[[5.07696548910905,43.95738531165028],[5.075371779288915,43.957071366654134],[5.075356501083692,43.957041947574254],[5.075348886542359,43.95702791277691],[5.076094924882583,43.956703146266584],[5.076363581565856,43.95658568730962],[5.076391337303786,43.95660865724734],[5.0764175592660825,43.95663057598548],[5.076438108120442,43.95665071192275],[5.076483458220987,43.9566948192043],[5.07657882392909,43.956787941617854],[5.076678339125817,43.95688206544398],[5.076791078821433,43.9569902523278],[5.076792760070574,43.956995351972914],[5.076806578906179,43.95702574389232],[5.076874886953575,43.957156111697365],[5.0769375615229295,43.95727551309497],[5.076961939790236,43.95736998431622],[5.07696548910905,43.95738531165028]],[[5.0941178695211855,43.96492842759075],[5.094053177911851,43.96455168067133],[5.093947767033386,43.96422689534781],[5.093932591310073,43.96420058255465],[5.093856759511308,43.96406010481299],[5.093825550968459,43.96398413313864],[5.093778934244307,43.963824594757035],[5.093764352642138,43.963743172914214],[5.093022094114042,43.96367163720297],[5.092872364087381,43.962516104052405],[5.09287213624904,43.96250989643122],[5.092872101577991,43.96250895179322],[5.092858265574629,43.9623968608569],[5.0926734795000215,43.96226252013675],[5.092252000826048,43.961954858778874],[5.092238101309711,43.96195309921737],[5.092169199869259,43.96192997540817],[5.091987523454753,43.961870117854474],[5.092003143241431,43.96190857622683],[5.092015476751446,43.961938994919066],[5.0920081209655645,43.962013679481984],[5.091959631192234,43.962118860864045],[5.09194778831252,43.9621425850375],[5.091835928337138,43.962324468368706],[5.091799315235558,43.96236608717146],[5.091739384554333,43.96243462067376],[5.091691635802564,43.96247847820708],[5.091688755437018,43.96248150427967],[5.090914488323359,43.9623013174451],[5.090488535513956,43.961952952072714],[5.090274880736492,43.961989718912356],[5.090109165145839,43.962018411281214],[5.089621151643346,43.96251700355339],[5.089600753103654,43.96254197137898],[5.089593836548779,43.96254710020708],[5.0895636486581095,43.96257022954274],[5.089498834288951,43.96299536866585],[5.089484001188314,43.96309058748621],[5.089494018076288,43.963098633609526],[5.089505598850969,43.96310854043604],[5.089507246801609,43.963112695264336],[5.089516736121534,43.963136956635225],[5.08951719389256,43.96330251064462],[5.089518947863984,43.96331976262158],[5.089533824953487,43.96340941686946],[5.089560172583517,43.96347535433151],[5.0895708571626495,43.963501618498896],[5.089620819450545,43.96358952162317],[5.089709197595043,43.96368492786871],[5.089818835516622,43.963778847210826],[5.0899238760205225,43.96386974837351],[5.089931167684591,43.96391565864475],[5.089999738330983,43.96397052537732],[5.090001307201065,43.963972521023784],[5.090177836785931,43.964126470487656],[5.091370441760045,43.96517009322602],[5.0914895040608235,43.96529651122651],[5.0915279559554225,43.965345741444196],[5.091581251202093,43.965412243235214],[5.09163865477861,43.965509186173406],[5.0916506522470515,43.96553042846724],[5.09166638666869,43.96557199078719],[5.091696138090121,43.965649071341616],[5.0941178695211855,43.96492842759075]],[[5.088229617044943,43.958305552921615],[5.088141138788587,43.95824795982127],[5.0880961144497245,43.958213033811774],[5.088043808351556,43.95817325033733],[5.087990973630938,43.95811902738551],[5.0879571979268094,43.958084966751585],[5.087888633770148,43.957989181082304],[5.08785332657538,43.95791328649204],[5.087826125673707,43.957834131052394],[5.087826834623326,43.95781264574561],[5.087828180199582,43.95769621338043],[5.08783714254762,43.95731805817863],[5.087833817499452,43.95722723810653],[5.087829148690863,43.957181412857416],[5.087810353735069,43.957015264553284],[5.087771122051555,43.95687300407895],[5.087701660641656,43.95667095713467],[5.087561518525418,43.95639693233939],[5.087423951267998,43.95619321533292],[5.0873733984127485,43.956129765723595],[5.087314290217073,43.956057296623214],[5.087304057545064,43.95604331262005],[5.08726415073448,43.95599491941641],[5.087291428650565,43.9560455794681],[5.087333832677152,43.95612133856878],[5.087409304175244,43.95629356151892],[5.087434001115353,43.9564269167981],[5.087425706886116,43.95650675024786],[5.087406314356623,43.956712385139916],[5.0874122193708615,43.956914565915945],[5.087407436676456,43.95705969285843],[5.08740467300619,43.957168049697756],[5.087402691153145,43.95727733690779],[5.087403141074663,43.95732027182026],[5.087405081928431,43.95734265179964],[5.087411657111937,43.957440567049986],[5.087432844643967,43.95751889212295],[5.0874443502706255,43.95755742955105],[5.08748365524757,43.95767105978165],[5.087510968739534,43.95772266446532],[5.087545978960971,43.957790462268385],[5.087616555538072,43.95790038914943],[5.087652092221488,43.957941708536445],[5.0876814186838,43.95797679954817],[5.087707201557737,43.95801722490641],[5.087729359951586,43.95805056224507],[5.087770459882641,43.9581621324947],[5.0877894743244045,43.958262781083356],[5.087823179069095,43.9583663900535],[5.087885425199237,43.95848363322411],[5.087929069431088,43.958552346343],[5.088229617044943,43.958305552921615]],[[5.0895299507718965,43.96080370221113],[5.089025562466296,43.95960997824415],[5.0888390796330905,43.95965338025434],[5.08885234694389,43.95966852154611],[5.088906601444792,43.95973081960059],[5.088963510291946,43.959814538693124],[5.0890219089312385,43.959898094243826],[5.089078859752078,43.9599931560805],[5.08913176780387,43.960079922524415],[5.089161587095633,43.96015902774558],[5.089178478706745,43.960201648452006],[5.089192789440817,43.960245263793034],[5.089202505579918,43.96027573277128],[5.089222233145858,43.960314112936075],[5.089272642036335,43.96041429634992],[5.089361166621152,43.9605546690532],[5.089425848728121,43.960656605193236],[5.089506261050454,43.96076944912046],[5.0895299507718965,43.96080370221113]]]},"properties":{"zone_type":"ens","name":"Le site des platri\u00e8res","area_ha":191.2,"communes":"Pernes les Fontaines, La Roque sur Pernes, l'Isle sur la Sorgue","owner":"Pernes les Fontaines, La Roque sur Pernes, l'Isle sur la Sorgue","manager":"Pernes les Fontaines, La Roque sur Pernes, l'Isle sur la Sorgue, CAUE 84","habitat":"Forestier, Milieu ouvert","source":"CD84 / DataSud"}},{"type":"Feature","id":"ens-3","geometry":{"type":"Polygon","coordinates":[[[5.513090980170264,43.94507658515001],[5.512830892052194,43.945138753734994],[5.512752342912143,43.94515487703092],[5.510844754877288,43.945636067411044],[5.507298090548734,43.94652559880886],[5.50532477519434,43.9470275134184],[5.502436261007472,43.94777010415704],[5.500907671130667,43.94815856284302],[5.499472814678478,43.948519328703505],[5.499557680958444,43.948817765677255],[5.500309894464725,43.94916630304828],[5.500134938491136,43.94937154956179],[5.499631857426843,43.949503535843384],[5.499244711396068,43.949900696501274],[5.498664799436371,43.950480951761364],[5.498566802541992,43.950599616544686],[5.498530155437884,43.95069337748953],[5.498631424912489,43.95071766895571],[5.4988107613822494,43.95074017496505],[5.498664947837033,43.95132063129754],[5.49843957268314,43.95137386726804],[5.498015975390444,43.95148565975593],[5.4979585733505365,43.95159218570978],[5.498014943562303,43.95165842817645],[5.49832020444249,43.95167900150008],[5.498298898910503,43.95209737189335],[5.498426616028793,43.9521107941524],[5.498420493171232,43.95290982891897],[5.4980985362833135,43.953139908303015],[5.49819575086945,43.95323371516109],[5.498105776977542,43.953305194388086],[5.498286657171388,43.95359319921261],[5.499038243437566,43.95315826360902],[5.4990501906373535,43.95320904402481],[5.499094518793847,43.953247873644216],[5.499149002609509,43.95329660066288],[5.49927706459386,43.95337754542822],[5.499889486467238,43.953802759448834],[5.500901844256823,43.95328620917016],[5.501044338111873,43.953116415331934],[5.500976618221228,43.95273182117553],[5.501204594397511,43.95273781297551],[5.501613096932478,43.95273359349538],[5.502021857121841,43.952863078690136],[5.502072555536139,43.952893657499466],[5.502037142208627,43.95295578690991],[5.502010784313097,43.952994208036614],[5.501970302298765,43.9530430822789],[5.501918394959002,43.95308722079697],[5.501857491748023,43.953147907861066],[5.501801830440472,43.953200236041745],[5.501812438753735,43.95376590616869],[5.502007460801558,43.953821813780365],[5.502054775615808,43.95383491194646],[5.50273774766102,43.95402672730768],[5.503146254377444,43.954124609754004],[5.502966870478867,43.9543228043855],[5.502548662825207,43.954719608657804],[5.502114704056216,43.95462122619043],[5.50053908075721,43.956201063112864],[5.50100396730356,43.956416113980254],[5.501655548887106,43.9567271057407],[5.501684152276394,43.95673982213757],[5.5019756658079,43.95738388168375],[5.502377341822309,43.95822882333285],[5.502426350300979,43.95834007360978],[5.502606052813458,43.9587281818203],[5.501958255120184,43.95937335560476],[5.500696648313108,43.960595517034584],[5.49961880876061,43.96166016351059],[5.4996908230725206,43.962048849284194],[5.499793428682049,43.96258081292497],[5.499809887713706,43.96266620168346],[5.4998300282104005,43.962707610628755],[5.499847062487281,43.962737880364365],[5.499881494664823,43.96278112339673],[5.499924957595723,43.9628341545299],[5.5000863873247186,43.96303589309117],[5.500175982535193,43.963143109716654],[5.500201638821937,43.963182366474506],[5.50022512957124,43.9632319375942],[5.500260497206849,43.963296499158766],[5.500314375490781,43.96339940043157],[5.500417091457877,43.963609640289],[5.50044238715979,43.96364066638609],[5.500490609220584,43.96367427437768],[5.50122042757766,43.964121516752016],[5.503285308183486,43.96537571271862],[5.504745305063783,43.96625056602239],[5.506065394645284,43.96706418391179],[5.5065247571658835,43.96734673883276],[5.506886639856343,43.96756426600007],[5.50705101846757,43.96741543654196],[5.5071928898208995,43.96729062431945],[5.507250655393246,43.967319958706035],[5.508054787403803,43.96752422914429],[5.508432524767475,43.967625907605445],[5.50868109130698,43.9675884622299],[5.509171713097899,43.96712770558406],[5.5103678839773025,43.967537439939846],[5.510948281288357,43.96773966982411],[5.511456941995874,43.96791801803553],[5.511613537299833,43.967974793304826],[5.512725984466528,43.96795219439991],[5.512708065434244,43.96783415480216],[5.51218628880462,43.96684896883679],[5.511106310835342,43.964806089468006],[5.510174789371595,43.962990483042255],[5.510181069903833,43.96252153177675],[5.510144449135726,43.962496710785246],[5.510104500377682,43.962455758550895],[5.510082141230542,43.96242358664232],[5.510060902910081,43.962391388986596],[5.510037992013867,43.96235517782655],[5.509999262764716,43.96228245753123],[5.509982507738449,43.96225015689281],[5.509970040517486,43.96222180968893],[5.5099490755628455,43.962195818679405],[5.509929587805149,43.96217789757342],[5.5098422149533395,43.962121556662865],[5.5097118713826605,43.96204904942567],[5.509659488171615,43.96201446049031],[5.509634544514857,43.961991532204564],[5.509624829303096,43.961966228240506],[5.509607025608329,43.9619440814297],[5.509588539509947,43.96191492696673],[5.509570064761039,43.96187753334564],[5.509556974256394,43.961835018715924],[5.509542696569515,43.96177402760131],[5.509534533041087,43.961716002551015],[5.509523558923113,43.96166209395963],[5.509504769552045,43.96161754917764],[5.509465193870191,43.96155106112478],[5.509330187026358,43.96131307235513],[5.509298824869389,43.96124626059815],[5.509254065392065,43.96115544497991],[5.5091938116827555,43.96097597809275],[5.509154255224639,43.960816430602144],[5.509075720801275,43.96054445959508],[5.50906167956538,43.960454829545434],[5.509054518259268,43.96038557122024],[5.509049836927752,43.96033867653283],[5.509043020487183,43.96028575300217],[5.509034259875253,43.960248136309154],[5.50901949174171,43.960201473217],[5.509000750743636,43.960158007805326],[5.508978700478677,43.96010732493226],[5.50895290755231,43.96003957489867],[5.508863399880404,43.95990062342353],[5.508819307074577,43.95982491956229],[5.508794992714193,43.95979076641348],[5.508764001374697,43.95975784705783],[5.508726979310267,43.959723850571606],[5.508698603127391,43.95969087116333],[5.50868410255383,43.95965027977179],[5.508666991623189,43.95958435634313],[5.5086492285439155,43.95927411781247],[5.508640484522757,43.959202869903],[5.508634980112773,43.95917125632149],[5.5086262674313495,43.959134719038715],[5.50861275719063,43.95909113352172],[5.508587107226285,43.95901811270109],[5.508559501584129,43.95896863783541],[5.508545096270214,43.95893020527937],[5.508523682037807,43.95889395957175],[5.50849344404692,43.95885264893695],[5.5084590611346975,43.95881062306217],[5.508426344718408,43.958772475767354],[5.508380932670919,43.95873475495149],[5.508332170003328,43.95868887215362],[5.508288009392858,43.95865409397601],[5.508228873689328,43.958559421177625],[5.50817844945059,43.958475758676336],[5.50814176553011,43.95841541689911],[5.508120120282162,43.95837390895945],[5.508097360278076,43.95833256166673],[5.5080770372777215,43.9582871065323],[5.508054590922978,43.95822738340108],[5.508026089976718,43.95815753440615],[5.507987471722995,43.95805320630093],[5.50792725615599,43.95790844963995],[5.507900113317176,43.95783546300353],[5.507849303310198,43.957708994155716],[5.5078195032813095,43.95760959606338],[5.507801208262204,43.95755072308735],[5.50778911587746,43.95749684017298],[5.507776649947154,43.957442965832215],[5.507767350606872,43.95739307072296],[5.507760400056282,43.957362570841326],[5.50777166531893,43.957329626966306],[5.507796408102794,43.95728003111417],[5.50781888034215,43.95724683003685],[5.50784574634471,43.95721150216617],[5.50812211949045,43.95687209264786],[5.508396147441993,43.95653894917307],[5.508486165418732,43.956434639750654],[5.508545796401633,43.95637911040963],[5.5085768182043315,43.95634476745968],[5.508650525182137,43.95627770465311],[5.508782576465629,43.95616837807197],[5.5089482347869945,43.95604099157719],[5.509189615358594,43.95586688993553],[5.509322216342175,43.95576160196122],[5.509332389915243,43.955737867306674],[5.509341027689116,43.95571322247666],[5.509344831942298,43.955672210916546],[5.509341894658956,43.95553748514665],[5.509337987726068,43.95544870318935],[5.509332392693838,43.95538953887287],[5.509330682677914,43.955350679903376],[5.5093489233596165,43.95528083846214],[5.509360234794595,43.955248973879314],[5.509373171059367,43.95522004337449],[5.509550567853673,43.95494314140571],[5.509559440753363,43.954889857743986],[5.509569099024213,43.95478644756105],[5.50962307081408,43.9542795310572],[5.509633819259286,43.95416691156055],[5.509629168208287,43.954129200674764],[5.509622541436945,43.95407208606031],[5.509576522103614,43.95376560403718],[5.509562754894032,43.95368218104158],[5.50956499287804,43.95363107574842],[5.509572412954401,43.95357877093158],[5.509574503024844,43.95353280143977],[5.509605049140479,43.953419727288356],[5.509721810874083,43.95302266097087],[5.509757870426398,43.952907434211454],[5.50977471429394,43.95280588501222],[5.509786099450004,43.95264827493333],[5.5098286573747455,43.95236636606539],[5.509854754449151,43.95215223182313],[5.509861963859178,43.9520611687511],[5.509866816239201,43.952010003438076],[5.509868141726457,43.95197215532467],[5.509865341135226,43.951942505776714],[5.509825448236903,43.95174123271228],[5.509806806279557,43.951640498689756],[5.5097892867152725,43.951565265806984],[5.509784199967676,43.95148366950482],[5.509788060684709,43.95140997146362],[5.509805702110663,43.95136053834958],[5.509829849048669,43.9513314853791],[5.509869945423298,43.95130800880227],[5.50991067718441,43.95129896935975],[5.509984883905572,43.95128591940252],[5.510045050332779,43.951268194605824],[5.510083925654091,43.951250958899315],[5.51010101695739,43.95122301339717],[5.510136242256,43.95115683363952],[5.510171660916486,43.95106107062396],[5.510180930552623,43.95101682711437],[5.510179728301327,43.95095553611938],[5.510179563480795,43.950892330410284],[5.510164853680467,43.9508129811724],[5.510148837339782,43.950703948091956],[5.510147132847165,43.9506652241685],[5.510126222989944,43.95060641189015],[5.510064870499844,43.95052921470598],[5.510008339558399,43.9504681142884],[5.509981108518523,43.9503931045887],[5.510261235804763,43.95004658045137],[5.510306854052282,43.949987185156935],[5.510352330322724,43.949933060560646],[5.510397315538879,43.949893263901096],[5.510431089203137,43.9498535897655],[5.510462551796316,43.9498293658977],[5.51083937309192,43.94955611864895],[5.510904644858624,43.94950153890171],[5.51106337582432,43.94928530186321],[5.511203212475773,43.94909002843163],[5.51129503712534,43.94895920290421],[5.511358872328341,43.948897497563365],[5.511862406831268,43.94847938288586],[5.5118938594354345,43.948429496868755],[5.511942351818168,43.94827414013143],[5.511979580210595,43.948126200692656],[5.512015010375419,43.947962905424944],[5.512066191925158,43.94768187835483],[5.512102187366787,43.94737864497563],[5.512133271403586,43.947218556098825],[5.512154265411842,43.94711799181286],[5.51217629036347,43.947066296564614],[5.512201877909088,43.947010602572064],[5.512226297359327,43.94695385493115],[5.51227449800321,43.946859823357514],[5.512419126644504,43.946612303981716],[5.512571084232119,43.94633598256074],[5.512624374120771,43.94632354678816],[5.5126699085326365,43.946202968997305],[5.512707750037038,43.94610296260157],[5.512748894417961,43.94601003855808],[5.512837169238526,43.94576489525915],[5.512984943091834,43.94539372042209],[5.513090980170264,43.94507658515001]]]},"properties":{"zone_type":"ens","name":"La for\u00eat de la Plate","area_ha":160.2,"communes":"Lagarde d'Apt","owner":"Commune de Lagarde d'Apt","manager":"Commune de Lagarde d'Apt, ONF","habitat":"Forestier","source":"CD84 / DataSud"}},{"type":"Feature","id":"ens-4","geometry":{"type":"Polygon","coordinates":[[[5.289467523171199,43.80534539069731],[5.289255351891792,43.805262071304966],[5.289168728236927,43.80521284562919],[5.289113970809079,43.80517712981664],[5.289011653630047,43.805052611458855],[5.2889716492235594,43.80500348692804],[5.28890344584394,43.804957925420815],[5.288858419731766,43.80492308545797],[5.28877527978752,43.804858391838266],[5.288742187726924,43.80480493586383],[5.288689147948594,43.80474690227518],[5.2885542705747675,43.8046566920702],[5.288433190624834,43.80455714438822],[5.288324714580983,43.804418440613],[5.28827203740773,43.80436944688258],[5.288211692364629,43.80434316569169],[5.288163016774722,43.804328928083926],[5.288095084824368,43.80431806555821],[5.287587668467979,43.80435828980295],[5.287490133737478,43.804353179685116],[5.287132861616543,43.80420349119677],[5.286920363353074,43.804111801901435],[5.2864005027880125,43.80391542274761],[5.2862904420941215,43.80387681450162],[5.2860995998228955,43.80379506745018],[5.285911614787288,43.80371015425389],[5.285632456870592,43.803648623912444],[5.285575089171297,43.80362214384182],[5.285526209887361,43.80360277786973],[5.28547294622433,43.80357634673015],[5.285435045743391,43.80354243635095],[5.285351854160236,43.80343898512401],[5.285321561673068,43.80341814903594],[5.285278471108687,43.803403658039244],[5.285177558861946,43.803379306101576],[5.285140144043952,43.803357538977146],[5.285121823700546,43.80332834948278],[5.285070029368401,43.80319871740757],[5.285029677108703,43.80317809214758],[5.284449671177314,43.80298796147357],[5.284119093914008,43.80287132881597],[5.28325165527644,43.8023000581392],[5.2831239198886415,43.802210907393224],[5.282706174247917,43.80188151964243],[5.282626882856843,43.8018382122881],[5.282558135242758,43.80181615526278],[5.282498404191796,43.80180511760611],[5.282438511573764,43.80179003213241],[5.282397657536714,43.801784810904344],[5.282332666342146,43.801782120685225],[5.282255330453575,43.80178779125609],[5.282105780310651,43.80182468239161],[5.2817582251932444,43.80191770869995],[5.281164386167235,43.80209056525124],[5.280792428554806,43.80220759592414],[5.280601624379365,43.80226668437902],[5.2804305723425955,43.802325494269176],[5.2802709397565195,43.802390141729155],[5.280125545892105,43.80245651666466],[5.280046734775338,43.80250002739665],[5.279954379861263,43.802549898131794],[5.279892626900043,43.80259102634073],[5.279819141956666,43.80265589667698],[5.279746941400187,43.80272492630403],[5.2796754737145015,43.80280298816013],[5.279621486740601,43.80287055644522],[5.27958072345403,43.80290503368469],[5.279534924158235,43.80292543714816],[5.279458484808373,43.802953638446134],[5.279355132679273,43.80298024188291],[5.279231753356801,43.80300024199477],[5.279124571940252,43.80299627145841],[5.279002155794522,43.803003017357874],[5.2788968235867495,43.80301737321899],[5.278733116446241,43.80304537299792],[5.278654250478955,43.80305012769258],[5.2785992250578015,43.80305424889521],[5.278521075119447,43.80303954292858],[5.278440032091115,43.803017740325146],[5.278316299537006,43.80295402269437],[5.278249554446006,43.80290734401716],[5.277989987701847,43.80272884639736],[5.277887078326537,43.80266361279701],[5.277684913166693,43.802578036889564],[5.277583817265325,43.80252086745136],[5.277494556687944,43.802470607674756],[5.277043285485425,43.8021225888092],[5.276646133780757,43.801813139196774],[5.276588917409041,43.80176220939665],[5.276547355051672,43.801711087642566],[5.276505459684296,43.80165160043564],[5.2764504421650855,43.80154350330664],[5.276421257814143,43.801484830900165],[5.276391516743156,43.80140280843672],[5.276385812470022,43.801334462999996],[5.276394896641575,43.8011411680735],[5.276421694211639,43.80096195233114],[5.276449391891017,43.80084280996026],[5.276488008608976,43.800745045693816],[5.27652867233268,43.800670600330676],[5.2766650225903575,43.80051758937733],[5.276717556282026,43.800460315970504],[5.276791941040661,43.800408662809794],[5.276870298580159,43.80036313837678],[5.276990925374413,43.800311599353066],[5.27797595776578,43.7999058858677],[5.278193566924192,43.79980843089061],[5.278664025846111,43.799646407429314],[5.278794782672596,43.79960586277736],[5.278903798182526,43.79958116696665],[5.279025394926078,43.799554047347065],[5.279116557692854,43.79953985252533],[5.279411646532473,43.79951531613007],[5.279636561580328,43.799498323465556],[5.279788657343319,43.79948798503623],[5.279875800910443,43.799485216890474],[5.279996053388693,43.79948985837306],[5.2803544948061525,43.79950180490561],[5.2805872633085364,43.799504091522415],[5.280752677509498,43.79950981273425],[5.2808892866652775,43.7995038480056],[5.280983385217827,43.799497827531724],[5.281060185231951,43.79947880019532],[5.2811496148591415,43.79945856319398],[5.281218099819317,43.79943673892876],[5.281209551393388,43.79940005229392],[5.275695824149937,43.79923241360635],[5.275656188733859,43.792287421723515],[5.2702255717767565,43.79294624158683],[5.270189982441979,43.793082830801644],[5.270118963833395,43.79306891593832],[5.270056590822379,43.79306616409456],[5.26996028315872,43.793053856212715],[5.2698681161993175,43.793042542301315],[5.269772012130062,43.793035361442115],[5.269721182205954,43.793032233950214],[5.2696744554581265,43.793029156015194],[5.269602637752275,43.79303267730855],[5.269527767866643,43.79302505400084],[5.269450324742405,43.793027747084246],[5.26935996932007,43.793024497274075],[5.269277056056331,43.79303027497142],[5.269163938908469,43.793026553711115],[5.269058381676235,43.793034828304094],[5.268938232441907,43.79302301593812],[5.26879552496164,43.79301585924702],[5.268641673774696,43.79300974458089],[5.268501413486193,43.79299848543638],[5.268439407805941,43.79299558998665],[5.268343507380838,43.79299353505959],[5.268269996143874,43.7929919592999],[5.268186558331926,43.79298451341024],[5.268124317206097,43.79297568103293],[5.268008570264372,43.792943250328],[5.267903133220598,43.792916951707284],[5.267833605486703,43.792903004345966],[5.267759773327646,43.792893332675725],[5.267663343384406,43.79287791946534],[5.267557516689866,43.79286999371844],[5.267411337336502,43.79285048402449],[5.267231191920339,43.792820607727414],[5.267124623757698,43.79280337940781],[5.267013797384245,43.79278218844562],[5.266855838214919,43.79274766384143],[5.266702793474614,43.79272424489727],[5.266578900388768,43.79269319748213],[5.266488101786116,43.792678746421515],[5.266397383443928,43.792666319177805],[5.266316837452523,43.792665968712555],[5.2662120861392605,43.792656939009596],[5.266059282513015,43.792639590840814],[5.265954611487589,43.79263258478318],[5.265896869865384,43.79263378539363],[5.265800729557991,43.79262565655179],[5.265743105553577,43.79262982545688],[5.265633413344544,43.79263723744554],[5.265553107952797,43.79264295809478],[5.265477598939605,43.79265681625133],[5.265375107595201,43.79266718414016],[5.265262429706243,43.79267452278133],[5.265097212630519,43.792701453466826],[5.264878597286729,43.79273570541308],[5.2646942672029375,43.79275074431391],[5.264592256453346,43.79277325483002],[5.26450395819727,43.79278427221334],[5.264376294840302,43.79279921333798],[5.264183934418955,43.79281860438336],[5.263874354291991,43.792834218546155],[5.263736349301955,43.792842216776826],[5.26353657934297,43.79285338827853],[5.263412853173653,43.792864195371074],[5.263255033323674,43.79286139644476],[5.262965748318452,43.79286227257665],[5.262808677676893,43.79285013987907],[5.262633924460832,43.79285282307384],[5.2624422419571,43.79285167130094],[5.262254497138152,43.79284638633306],[5.262138527581944,43.792836505302766],[5.261888245034781,43.79282428057651],[5.261822147403082,43.792821601342226],[5.261737423359019,43.79281930864753],[5.26165245384456,43.79281080927231],[5.261585903666616,43.792806113729945],[5.26150854050708,43.7928108250669],[5.261452486156737,43.79281698467739],[5.261372505578439,43.79283093275877],[5.26113964605289,43.79286331213747],[5.260988299840848,43.79288279177471],[5.260821429999824,43.79290569910565],[5.260701126178338,43.792927640188914],[5.260618009487682,43.79292828409404],[5.260550171828197,43.792928746035656],[5.260490817000856,43.79292687138391],[5.260454186460767,43.79292452534446],[5.260407300293928,43.79291739564303],[5.260367289522022,43.792904991904884],[5.260318715129351,43.79288344821328],[5.260238325702934,43.79284933073093],[5.260124481147484,43.792789439771525],[5.260005246215062,43.792734656859935],[5.259806515544745,43.79263061335711],[5.259721703735016,43.79258834995866],[5.259637542515861,43.792562547526074],[5.2596087079663425,43.7925499117802],[5.2595774630087355,43.79254232237595],[5.259505085499311,43.79253166973485],[5.2594283596569085,43.792514760461216],[5.259310623947553,43.79249789114178],[5.259191270266621,43.79247781435088],[5.259018165677073,43.792446698341614],[5.2588638800199385,43.79242950590434],[5.2587105095135955,43.79240716287771],[5.258558746471655,43.792387757136254],[5.258353472541227,43.79236338346232],[5.258211895811156,43.79234700703481],[5.258103165795982,43.7923410228396],[5.257911920744375,43.79232256934649],[5.257756182942875,43.79230635070252],[5.257573708623084,43.79229284631217],[5.257385518675503,43.79227621912921],[5.257224640650321,43.79227144930808],[5.256933719083557,43.79225910977575],[5.256694865992513,43.79224353064836],[5.256477204544865,43.79223588448893],[5.256248936898115,43.792233453851644],[5.256130308823118,43.792231723732776],[5.255954386460304,43.79224252266536],[5.255737699078167,43.792250114027276],[5.255553410733345,43.79226621687941],[5.255473637035722,43.792275970191],[5.255409179440229,43.79228648675141],[5.255282914430619,43.79230854520504],[5.255122073515644,43.792342527074396],[5.254951626532204,43.79237873302556],[5.254749051478889,43.792422760399226],[5.254499862197748,43.792475988997815],[5.254250677971135,43.79251989937742],[5.25413933947906,43.79255177548146],[5.253905268747518,43.79259132134058],[5.253590741300923,43.79266115832059],[5.253250721619122,43.79272747036886],[5.253061528888831,43.7927610901098],[5.2528810321166315,43.79278831805809],[5.252707400165602,43.7928194549009],[5.252596656939867,43.7928380835024],[5.252365362257077,43.79287243723892],[5.2522345133517625,43.79288229851972],[5.252088629791026,43.79289854699615],[5.251932570930912,43.79291203473386],[5.251601548288828,43.7929607359294],[5.251497521263125,43.7929700421443],[5.251498931698216,43.792967987454276],[5.251509396390779,43.792940223769776],[5.251418911322016,43.79290522817501],[5.251244726037297,43.79284657472357],[5.251100332135015,43.79279648810903],[5.250997755902444,43.7927668733319],[5.2508876548352035,43.79273552337174],[5.25073932302826,43.79268956872934],[5.250617045629388,43.792661440790184],[5.250454834267847,43.79262279431733],[5.2503436958366825,43.79259349079361],[5.250278514833269,43.79258565425855],[5.250223019584906,43.79257761768755],[5.250101544366673,43.79256986314038],[5.250025309682268,43.79256536052711],[5.2499307246526445,43.79256825862437],[5.249847852558955,43.792575100957265],[5.24975785993798,43.79258100993341],[5.249658547819833,43.79259642874407],[5.2495380270753085,43.79262241300234],[5.249469751489728,43.79264016177147],[5.249383210322638,43.79266747000192],[5.2492858657249215,43.79269500114593],[5.249210500269987,43.79272207856945],[5.249098034629139,43.79276329024689],[5.248968830436803,43.79281497498203],[5.248865006925403,43.79285789857725],[5.248666842495674,43.792947870968234],[5.2483442978858355,43.79309847488713],[5.248180905851446,43.793181517292446],[5.248135677252226,43.79320702698336],[5.2480869313770455,43.793228423080045],[5.2480355406035715,43.793248928458645],[5.247999393059318,43.793258856600204],[5.247963362195162,43.79327175312634],[5.2478777525655,43.793284862087596],[5.2478174698616815,43.79329731354605],[5.247733344990496,43.793310256730976],[5.247653329846901,43.79331393260503],[5.247568648069157,43.79331270831418],[5.247475392721451,43.79331152573572],[5.2473525852664995,43.79330784666693],[5.2472606662910275,43.79330272028791],[5.247184346015527,43.79329605685134],[5.247119482777741,43.793296314053],[5.2470392714389416,43.793294997171564],[5.24693893799536,43.7932939600792],[5.246846006087478,43.79330100751927],[5.246710178336772,43.793317041423414],[5.24666087521437,43.79332426953012],[5.2466049830943176,43.79333460425008],[5.246563247240038,43.793344647113535],[5.246501516457522,43.793358207981036],[5.246439267014316,43.793387038624665],[5.246389164225347,43.793402385278526],[5.2463401790125275,43.793417708872624],[5.246308208450727,43.79342957589405],[5.246253806302057,43.793439879719294],[5.246181180206706,43.793460821907345],[5.24609005606182,43.793475933623085],[5.24605539817574,43.79348583040906],[5.246007420676468,43.79348884476517],[5.245931662039089,43.7934964827367],[5.245855829191817,43.7935022316744],[5.245810752460833,43.79350316061704],[5.2457570279382795,43.79350224220277],[5.24569630473618,43.79350349352901],[5.2456312399046805,43.79349862260991],[5.2455564944742274,43.79349408616258],[5.245440447017807,43.79348216345508],[5.24536653842904,43.79347045270558],[5.245285918947054,43.79345874513516],[5.245197615705325,43.793441254206755],[5.245100910156025,43.79341866988764],[5.245009914535722,43.79339907369433],[5.244933154736703,43.79338120971812],[5.244860254501226,43.79335718954818],[5.244801669521781,43.793336925548935],[5.2447397070667945,43.79330660336081],[5.244688163246975,43.79328524901407],[5.24462060760908,43.793254906931296],[5.244561705048273,43.793226547168054],[5.244489569745217,43.793184011025],[5.244419332460288,43.793151833545934],[5.244290823376064,43.793078859789645],[5.244209802501203,43.79302840428342],[5.244134583423141,43.79297377815804],[5.244105101341177,43.79304906035008],[5.244089526898405,43.79308921677735],[5.244070783082721,43.79314361728084],[5.2440404589317655,43.793197446023385],[5.244011326452877,43.79325314072862],[5.2438621871514615,43.79350953977824],[5.243786643303908,43.79363667899891],[5.243623949078361,43.793908750972385],[5.243503244337753,43.794101232102165],[5.243282011922143,43.794468358956955],[5.243042928689148,43.794874743285085],[5.242866986232299,43.7951704481727],[5.242569501747341,43.79513362847909],[5.2423073597060315,43.795104318034404],[5.2422126241331535,43.79509397887484],[5.242161585355319,43.795095028946854],[5.242052936444723,43.79509118757251],[5.2417609526803615,43.79509003716844],[5.241567815237036,43.79508995876111],[5.241525894834087,43.795171437699224],[5.241421467336644,43.795379921091346],[5.241394545970033,43.79545406960885],[5.241372421761789,43.795498411454375],[5.241359306817558,43.79552528335061],[5.241356049705957,43.795546821124425],[5.241349812199724,43.7955684201937],[5.241347752061881,43.795591958896615],[5.2413477797566,43.79563071377501],[5.241346872122399,43.79575023966509],[5.241342633766288,43.795822841388144],[5.241345446178043,43.7958565426539],[5.241341095500517,43.795888230653595],[5.241336646816931,43.7959935155252],[5.241334300590137,43.796076341114876],[5.241331159791949,43.79610084730432],[5.24134105071213,43.796134403000956],[5.2413481992198445,43.79617409173826],[5.241346017415464,43.79619452711342],[5.2413507184322246,43.796209824588516],[5.241351279054106,43.79622412692314],[5.241294853748094,43.79628753915435],[5.240930031319108,43.79630219819309],[5.24028341931877,43.796242977385134],[5.239621161420478,43.79618407429693],[5.238996973657322,43.79616422081481],[5.238273179746526,43.79615248612878],[5.2375578268667144,43.79617541269649],[5.2368872168086895,43.79619836147654],[5.236527260278813,43.796223033612826],[5.2362346628839544,43.79627305960601],[5.235760786198734,43.7964166028959],[5.235201946645609,43.796656817100356],[5.234811903991529,43.79681808198519],[5.234434777314752,43.796947347137554],[5.2339741305508785,43.797067114978496],[5.233536947578583,43.797214892611215],[5.233297017513535,43.79727706476814],[5.232997887102592,43.79731276694284],[5.232763560186456,43.797308385328094],[5.232452277249931,43.797281138057485],[5.2320185111913995,43.797220478815674],[5.231471665328511,43.79715713689304],[5.231051926587437,43.79713102593787],[5.230634851655437,43.79717318707783],[5.230131328387253,43.79728368835025],[5.229695663404242,43.7973559341799],[5.229494501803549,43.79737017716579],[5.229343377316665,43.7973671919491],[5.229009063433444,43.797322986337264],[5.228454263071293,43.797237241011324],[5.228272907386651,43.79721434699985],[5.227649766269292,43.797183199006824],[5.227018414272794,43.797161397685336],[5.226560355792715,43.79712781531251],[5.226007692075221,43.797058488374034],[5.225391053768987,43.796973990628395],[5.22510530453073,43.79695119743623],[5.224719499594356,43.79693463209072],[5.224590961534952,43.79696588343297],[5.224469570608439,43.79702750681352],[5.224228572312449,43.797177453831004],[5.22395462466451,43.79735264916789],[5.223779388944181,43.79741037417672],[5.223570055494926,43.79743503564985],[5.223231332308461,43.7974307378866],[5.222798308620231,43.79742728210492],[5.222379447646856,43.79742367084395],[5.22186851014209,43.79744934737742],[5.221371066398572,43.797524844684595],[5.221074919574275,43.79753196064952],[5.220713064554614,43.79754649130029],[5.22079482755612,43.79768364184331],[5.220816471983344,43.79780891893664],[5.22080393697668,43.797994983354705],[5.2207416496113845,43.79820569279485],[5.2206739372069775,43.79839193626835],[5.220668175361878,43.798493195366795],[5.220710801630302,43.798573078158576],[5.2207894998490945,43.79864088293572],[5.220876054664794,43.79869016271607],[5.2210176188637965,43.79874453308455],[5.221149847618463,43.798808140921444],[5.221230954265578,43.798899527573816],[5.221352056058185,43.799031825067104],[5.2214942780059745,43.79920865887052],[5.221566651136633,43.79937273753644],[5.2216280154711345,43.799531774184956],[5.222363267219209,43.79932894971383],[5.223446876716471,43.799013686114364],[5.223902570774544,43.79888069589156],[5.225107158783306,43.79917384929808],[5.225164367984176,43.79919712281441],[5.2262636915272545,43.7994678362673],[5.227548426657906,43.7997980815338],[5.228970189793587,43.800161294359405],[5.230193797780991,43.80047223380225],[5.2304273095783165,43.80053186773488],[5.231321792711223,43.800759730469714],[5.232429888612183,43.80104343720218],[5.232800259441456,43.80113186141962],[5.2336545871227536,43.80134310837943],[5.234916690179628,43.80130197700709],[5.235918138935374,43.80127022954327],[5.237009472728893,43.80122947112022],[5.237407696682137,43.80120995402325],[5.238400769783175,43.801392929017666],[5.23954451769965,43.80161452561089],[5.240886910561855,43.80186173463348],[5.241435451613503,43.80196685724642],[5.241720059468836,43.80199773404766],[5.241714881752549,43.80197029299843],[5.24170515360148,43.80194091998496],[5.241688438453995,43.80190453371483],[5.2416788637429805,43.80187907361659],[5.2416563882174465,43.801847937221346],[5.241631262268052,43.80181577503721],[5.241603847199465,43.80176326934908],[5.241560381411457,43.80170083094944],[5.24151965309658,43.80163212454054],[5.24149549927908,43.80158670872223],[5.241474270995474,43.80154933495136],[5.241452921078447,43.801508857830235],[5.241433861929744,43.801460231382826],[5.24138640133678,43.80132441501562],[5.241339057334216,43.80119156705777],[5.241310307605233,43.8011145120635],[5.241257707211653,43.80095219911545],[5.241197664882633,43.800752228878885],[5.241175474525868,43.800690298159935],[5.241168849171257,43.800663967177286],[5.24116426598985,43.80062314526217],[5.241164793746349,43.800598557708575],[5.2411649671494605,43.80056492997507],[5.241177351115723,43.80052889056989],[5.241189111548812,43.80049596983221],[5.241200298408368,43.80045792948928],[5.2412034765244,43.80043436773263],[5.2412118836983,43.80040151594718],[5.241213822419536,43.80037487383028],[5.241212986766289,43.80035355519919],[5.241211743865467,43.80032184710915],[5.241204917557943,43.800290388869335],[5.241200535359069,43.80025469423073],[5.241190857721764,43.800217082931695],[5.2411853448634895,43.80019059404572],[5.241169547319802,43.80014905748705],[5.241165421378708,43.80011038677237],[5.241162291536007,43.800068589730074],[5.241172707296566,43.80004893025608],[5.2411685390501095,43.800009180119815],[5.241175492892274,43.79997730348733],[5.2411708762336175,43.79996416481651],[5.2411795731037705,43.79990065374006],[5.241189642122179,43.79986263639654],[5.241189961237951,43.799842239284075],[5.24118631129978,43.799815712097505],[5.241190022412707,43.79976769773792],[5.241187289232577,43.79973602030482],[5.2411833642841374,43.79970247686449],[5.241192859713816,43.79965933992329],[5.2411936307353315,43.799640959071766],[5.241196930451952,43.79962050067097],[5.241194556915362,43.799597998343636],[5.24119436536897,43.79955506060083],[5.241191838460419,43.799528645363075],[5.241186661221104,43.79950120433152],[5.241180152352337,43.79947784178466],[5.241173082879757,43.79944017687305],[5.241167850408307,43.799420839181415],[5.241155435623396,43.799389495875666],[5.241144225557871,43.79935083581436],[5.241129466666527,43.799307252368834],[5.241114359297112,43.799273803841494],[5.241097431389029,43.799241473041725],[5.241073236608384,43.79919497777468],[5.241059117716036,43.79916772060578],[5.241048151027346,43.79913526722561],[5.2410387833132175,43.799115069305486],[5.241029587218789,43.79908973646212],[5.241015877963559,43.799063416124206],[5.2410048190292295,43.799038121583415],[5.24099525039071,43.7990127963991],[5.240985811071109,43.79898125686851],[5.240976205432737,43.79895498718786],[5.2409680424929395,43.798927472513],[5.240960814581708,43.798885759762754],[5.240959735786989,43.79885823446502],[5.240955597107781,43.79882874653344],[5.240951868020242,43.79880019543714],[5.240945396344318,43.79877777738207],[5.240946327984999,43.79873495160737],[5.2409444910861955,43.79871662439204],[5.240941715787102,43.79868386755049],[5.240949683936431,43.79863981680487],[5.240951347735534,43.798606158471046],[5.24095605314327,43.79858351060217],[5.240957503013688,43.798553907767065],[5.240965642749816,43.798504722103154],[5.240977521120226,43.79844627707648],[5.240983357175997,43.79841442346955],[5.241043993410845,43.798420333603744],[5.246237523024437,43.798910011504695],[5.246912724098135,43.80012276977918],[5.248628508837394,43.80043983122649],[5.248124954077826,43.801507290174364],[5.254793420165885,43.801991658313916],[5.256296168477643,43.8024354876505],[5.256152975201273,43.803673372108086],[5.25599945532043,43.80499938063004],[5.255814278870619,43.80660071239675],[5.255772472630316,43.80689271961884],[5.256284038374561,43.80688105145689],[5.256667055133664,43.80687217733252],[5.257784458616981,43.80684687757063],[5.25862873597446,43.80682736112449],[5.259613490415578,43.80680492614373],[5.260091524157591,43.806794070234155],[5.261510256169738,43.80675951312756],[5.262248664458353,43.80674108474215],[5.263356337429218,43.80671498445419],[5.263798555585251,43.806703775634],[5.263998614325764,43.80669867529077],[5.264001386866713,43.807512629709905],[5.2640009490160775,43.8075392413932],[5.264003684660605,43.80856885365936],[5.264001060734228,43.80978331085916],[5.264007132194732,43.8110478228318],[5.264007499567124,43.811866960910436],[5.264009424437419,43.81188731180671],[5.264009856764816,43.81264217042329],[5.26400691221907,43.81320817994816],[5.264010530847781,43.813233627168735],[5.264010888235353,43.81380767067243],[5.264008794017543,43.813830130648256],[5.26400935007936,43.81420201671006],[5.2640132725914075,43.81494140947671],[5.264018664508087,43.81536005396803],[5.264358405418872,43.815283587773216],[5.26479472365962,43.81518769414173],[5.265031001542795,43.81513579167597],[5.265146761179866,43.815459236191714],[5.26532379150194,43.81597343341944],[5.265495185356742,43.81644885638607],[5.265846796361385,43.81656821609566],[5.265866758668343,43.8166107437271],[5.265972399206367,43.816961000903106],[5.266170147003082,43.81693433900836],[5.266333188588584,43.8169166356367],[5.266425072335161,43.81691985701385],[5.266617606069965,43.81694043146262],[5.266853268149255,43.81697631355989],[5.267295029902167,43.81705503791168],[5.267344393694957,43.81704887978999],[5.267715854738684,43.81706667624816],[5.267702811327444,43.817019953809165],[5.267782783230747,43.81654430169762],[5.268809830832074,43.8164085542809],[5.268827638849914,43.816359164335296],[5.268734852284531,43.81583511650555],[5.268626672801487,43.81520511311409],[5.268572198338991,43.81485689981055],[5.268512633531014,43.81450258068458],[5.2685038211155675,43.81444969360262],[5.268994686766191,43.81427189432873],[5.269508960710809,43.814082532259306],[5.270177325270972,43.81425145940822],[5.270696300363921,43.81421809931934],[5.271158885654315,43.81403277683086],[5.271258679536478,43.814028672153846],[5.271659082836735,43.814024380496214],[5.27165279580809,43.81396941540993],[5.272370893695487,43.81393500370895],[5.272382549136424,43.81401240845864],[5.272689625069152,43.81400600715775],[5.273047483285391,43.81402920012776],[5.27300967021801,43.81301260114818],[5.2729766752337115,43.81136675419264],[5.27293714718174,43.80976290732539],[5.272897064724366,43.80807940064873],[5.272869219168811,43.80703194387969],[5.27285713715309,43.806512296061904],[5.272836653615927,43.80649422284857],[5.27279501071344,43.806441075606536],[5.27654393060514,43.806195258790375],[5.277648107091324,43.80611912152949],[5.280516807364103,43.80593652467139],[5.284526002100435,43.80567283271511],[5.28892201176848,43.805384395571664],[5.289467523171199,43.80534539069731]]]},"properties":{"zone_type":"ens","name":"La for\u00eat des c\u00e8dres du petit Luberon","area_ha":508.6,"communes":"Lacoste, M\ufffdnerbes, Bonnieux, Puget sur Durance","owner":"Communes de Lacoste, M\ufffdnerbes, Bonnieux, Puget sur Durance, Priv\ufffd","manager":"PNRL, ONF","habitat":"Forestier","source":"CD84 / DataSud"}},{"type":"Feature","id":"ens-5","geometry":{"type":"Polygon","coordinates":[[[5.384076261698273,43.81901846591214],[5.384072673684982,43.818995046450276],[5.384067688734701,43.818947079249],[5.384056423238745,43.81890951285121],[5.384035497456355,43.81878343279175],[5.384028882396335,43.818723212100856],[5.384020523995072,43.818692739547075],[5.384014864403346,43.81866436870542],[5.383978051771914,43.818559838206156],[5.383954840707478,43.81850416683817],[5.383941841411616,43.8184697444017],[5.383932663312101,43.81844644718282],[5.383115403554168,43.81870645147248],[5.382378432125476,43.81893295937836],[5.382342376079519,43.818944956053926],[5.382304417243317,43.81895604897833],[5.3820370833543265,43.819039541466545],[5.381796115204476,43.81911124850822],[5.381655408806545,43.81915416082311],[5.38156866752558,43.81916726447737],[5.381408944368282,43.819201408796445],[5.381241304719745,43.81923356506229],[5.381118179005611,43.819259752181914],[5.381053804112779,43.819272501967696],[5.380966729173651,43.81928655774215],[5.380736772031851,43.8193181835375],[5.380494227644736,43.81935210936581],[5.380238762607166,43.81938928773892],[5.379989305148359,43.819427414723386],[5.379806882118806,43.81945394948471],[5.379614808412093,43.81948163989879],[5.379415608551272,43.819508405136425],[5.3792164534351405,43.81953624939282],[5.378933209348673,43.81957821730218],[5.378870231891316,43.81962456157591],[5.378764452935654,43.819691151184294],[5.378696884880502,43.81966305049925],[5.378925796524224,43.81949870231438],[5.378957243055465,43.819474518246864],[5.379024662389391,43.81943631475856],[5.37907112140098,43.819396407897116],[5.379103974313138,43.81937016741667],[5.379149936973911,43.819327300355425],[5.379181254141322,43.8193000130026],[5.3792093727703145,43.81925861568507],[5.3792335246264145,43.81922945900681],[5.379254526492501,43.819196319708084],[5.379276126045075,43.81914169515803],[5.379318291226684,43.81903449429202],[5.379349273469413,43.818963324479164],[5.3793617391616,43.81892226874206],[5.379361488718988,43.8188804101683],[5.379364313232269,43.818849693244175],[5.379360393794852,43.818827226222346],[5.379351217504814,43.81880392861276],[5.379338687091321,43.81878070420502],[5.379319195683382,43.818751554678414],[5.3793082310223355,43.818721138697526],[5.379286308620225,43.81870527665781],[5.379258756705892,43.81868859215479],[5.379234349126144,43.81867575533738],[5.379209947173655,43.81866305343723],[5.379207684615387,43.81868038860736],[5.379189075843666,43.818744130940374],[5.379181132787707,43.818786303361044],[5.379161204144586,43.81881833885656],[5.379126040458396,43.818851787179064],[5.379106325172438,43.81888894972911],[5.3790454346329755,43.81894956336154],[5.378996451425579,43.8189915509689],[5.378839520169046,43.81908383508886],[5.378791143748699,43.819113520241444],[5.378748724601454,43.819142940345365],[5.378690444928901,43.81916770980985],[5.378583352728219,43.81920272729584],[5.3785089148618415,43.819215695115645],[5.378435691824933,43.81924889317172],[5.3783865338663865,43.819286697906556],[5.378373011889457,43.819302388056485],[5.378349196423667,43.81933963991324],[5.378311774698044,43.81939055806687],[5.378278819519673,43.81944124372694],[5.378258895756808,43.81947341399348],[5.378211113791841,43.81951740071437],[5.37814675951832,43.819557562507924],[5.378090694082166,43.819599704185],[5.378034493836476,43.81963860768624],[5.377977163006111,43.81965930470461],[5.37789118913588,43.819690889867594],[5.377783668874913,43.819715652442994],[5.377615060263442,43.8197694314439],[5.377438162396899,43.819821230216256],[5.3773613222928285,43.81983924629416],[5.377279925700117,43.819855335993445],[5.377208835274202,43.81986809486921],[5.377121382513053,43.819873107744236],[5.3770178769844,43.819895756337644],[5.376945424748878,43.81991165077167],[5.376872683947623,43.819929577126665],[5.376798323297166,43.819944432705704],[5.376709668157774,43.81994744578165],[5.37659878388964,43.819963097430175],[5.376488362010295,43.81998089960936],[5.376403078557675,43.820002205089935],[5.376323082468243,43.82001610281521],[5.376284300988736,43.820034368938266],[5.376244866997901,43.820063858022856],[5.376193789820475,43.820091440135045],[5.376132003052816,43.820130599433305],[5.376063871735287,43.82016071389329],[5.37600674409219,43.82017735407065],[5.375960578400646,43.82018848856071],[5.375861819814536,43.820154853778504],[5.375794713995003,43.82009297993142],[5.375774851256512,43.820063837868915],[5.375789287347778,43.82013293652222],[5.375806519386479,43.82017955674368],[5.375824382133667,43.82023237530027],[5.375842797626682,43.8203074642732],[5.375865477956631,43.82037746363453],[5.375880850875623,43.82046909443331],[5.375903554567215,43.820476837428444],[5.375936696757109,43.82049340096839],[5.3759714194794626,43.82051209077833],[5.375937623359224,43.82055158527779],[5.375934292132746,43.820570159073554],[5.3759132124054325,43.820610456803735],[5.375895189633912,43.820643530513664],[5.37588139407336,43.820724453169085],[5.375877160947451,43.820757226371676],[5.375886109828337,43.82080200143158],[5.375903883104152,43.82085266122687],[5.3759221855783625,43.820889129734596],[5.375953473062362,43.82099567385828],[5.375949195087007,43.821027367684685],[5.375926074754314,43.82105447545653],[5.3758900608861735,43.8210675493992],[5.375855719238992,43.821058034325496],[5.37582231875254,43.82103526429393],[5.375790027702624,43.82100328699793],[5.375768665190739,43.8209649945137],[5.375734328203932,43.82091969230502],[5.375705121826223,43.8208632045782],[5.3756815711718975,43.82083508815783],[5.375651844313329,43.820801974592726],[5.3756103870630465,43.82075588218694],[5.3755683221159964,43.820722092126864],[5.375525240525701,43.82070871603552],[5.375498322417922,43.82070727686689],[5.375476891634945,43.820730161320846],[5.375485982539627,43.82075143543854],[5.375496897670603,43.82077172449201],[5.375514347475623,43.820787684760354],[5.375549574946962,43.82081851778402],[5.375587501050353,43.82085145272052],[5.375634588041152,43.82089836778535],[5.375680220530159,43.820937211810396],[5.375707050031313,43.82097241418607],[5.375725223427297,43.82100577949895],[5.375752602608843,43.8210542043263],[5.375777935813944,43.82108930424941],[5.375800834034513,43.82112864363342],[5.37582177598799,43.82115681688428],[5.375788481075589,43.821199406462775],[5.375774699944957,43.821208889847334],[5.3757454786280485,43.82122384140411],[5.375716887975756,43.82124499129413],[5.375696362058587,43.82126272435768],[5.3756429774982335,43.82129764892784],[5.375604912762632,43.821333184981],[5.375588699567206,43.821355955774024],[5.375576906165316,43.82140428886952],[5.375583972490035,43.82147557386933],[5.375509298924935,43.821509881875414],[5.375421922843818,43.82155270435043],[5.375338845202439,43.821591246700166],[5.375287718373717,43.82160870105865],[5.375255674747044,43.82161858224662],[5.375193008345731,43.8216456060864],[5.375147724248142,43.821669010130165],[5.375100789671614,43.8216975818312],[5.37504681858288,43.82172738715786],[5.374997403952596,43.82175911888087],[5.374960784461792,43.821793542859034],[5.374935015193356,43.82181976280191],[5.374911750966194,43.82183444932084],[5.37484664344159,43.82186557749003],[5.374752047525154,43.821896267555665],[5.374691801604745,43.82190973384884],[5.374641411203931,43.82191798877701],[5.374605144239233,43.82192499075817],[5.374559189877963,43.82194125174902],[5.374498212536565,43.821964051989085],[5.374424022388156,43.82198308858776],[5.374378712351441,43.82197894362954],[5.374342271556665,43.82198176290365],[5.3742828436615016,43.82197900571852],[5.374225113962957,43.82198120819605],[5.374167602844213,43.821988672649134],[5.374119524174146,43.821989719593546],[5.374054357200985,43.82201045008767],[5.373990313894364,43.82203129112035],[5.373808557842455,43.82207414160428],[5.37373448225436,43.82208696315049],[5.373653462480385,43.82211222494778],[5.373591033003475,43.82213600160265],[5.373531257229032,43.82216080081211],[5.373504260414736,43.822121550176625],[5.373475629652081,43.82210583298091],[5.373442442416302,43.82208818929017],[5.373397617348618,43.822068773253186],[5.373349272581227,43.82205443049082],[5.373292613384288,43.82204648077619],[5.373246277578126,43.822053566431684],[5.373200496402978,43.82207400947331],[5.373143405230869,43.82209159263366],[5.373090581831289,43.822113134228665],[5.373044503642077,43.82212642627059],[5.3729649268850945,43.82214152774863],[5.372895559119955,43.8221419571388],[5.372816537659297,43.8221344938691],[5.372740946386249,43.82211979849583],[5.372699643904352,43.82210435687153],[5.372674443544593,43.822081407420654],[5.372658232899168,43.82205934269257],[5.3726360142030005,43.8220363283472],[5.372590110547079,43.82201788077423],[5.3725098260650395,43.82198897258615],[5.372433969294198,43.82195888763294],[5.372397632826472,43.82193726080627],[5.372389112139372,43.8219027396006],[5.372423544377072,43.821878492502],[5.372439509493026,43.82185869859502],[5.37244156140509,43.82183623644516],[5.3724239074536495,43.82182433148396],[5.372399712890273,43.821816620197474],[5.372323513671194,43.82181422688863],[5.372241687236521,43.82182005867538],[5.372182632312798,43.821817292236766],[5.372073719320106,43.82181763620313],[5.371865567487526,43.82179974721039],[5.371783732991367,43.82179639575851],[5.371702339145207,43.821776694198164],[5.371653446370727,43.821749128199244],[5.3716092675846845,43.82170930557753],[5.371553209611434,43.82167986972103],[5.371420109785668,43.82163671444251],[5.371280519865354,43.82159896692267],[5.371230015842271,43.821577512817925],[5.371227467065914,43.82155204472839],[5.371274571394174,43.82152752239718],[5.371328468253456,43.82150487798428],[5.371344727972004,43.8214831872092],[5.37133837054671,43.82146482430622],[5.371312439173566,43.82145120857858],[5.3712481533320515,43.821439237304546],[5.371196408215079,43.82141483919083],[5.3711875315111985,43.8213986917936],[5.371196544380273,43.82138215532013],[5.371224404918295,43.82137034064093],[5.371263356854837,43.82135612400189],[5.371308072793081,43.821345968380086],[5.371361497515028,43.821347912423384],[5.371424118937132,43.82135573343318],[5.371485050428849,43.82136777756376],[5.3715747581689515,43.82138108634649],[5.371670070056911,43.821403591260776],[5.37178798231407,43.82142236335953],[5.371858551301201,43.82142393419952],[5.371890724189677,43.821417157246884],[5.371891744646496,43.82140579125685],[5.371872508106771,43.821382711900114],[5.371817277261358,43.82134623584957],[5.371642426867403,43.821249836038874],[5.371613797053139,43.82123411836294],[5.371590558585096,43.82122246980247],[5.371459407988472,43.82122626789279],[5.371262631235731,43.82123973092947],[5.371110995688442,43.821253292244016],[5.371048587118445,43.82125059814159],[5.370842736448279,43.82121618171457],[5.370684720100005,43.821183830832126],[5.370410632690732,43.82110511707326],[5.370180663228108,43.821001810672605],[5.370133863488896,43.82099769636256],[5.370033691922188,43.82100189964262],[5.3699386778642815,43.820986544242324],[5.369485638860288,43.82084730157651],[5.369345064751762,43.82082172710148],[5.369267504842942,43.820822467294526],[5.369188098714763,43.820850661672424],[5.3691014719041945,43.820902645758025],[5.369004516077737,43.820984429051286],[5.368952033273224,43.8210141989553],[5.368858965536065,43.82104579596458],[5.368718974977687,43.82107030966207],[5.3686131735737055,43.82107368863301],[5.368449165991485,43.8210587504595],[5.368259889574512,43.821028155546166],[5.367948802939755,43.82097468251133],[5.367676672291803,43.82100611610283],[5.367431908596274,43.82103182305124],[5.367348886450159,43.821035786513825],[5.367102975252472,43.821024785438595],[5.3668836860495315,43.82100807416384],[5.3667928563073835,43.82099465087416],[5.366268597558654,43.8219641736092],[5.3659843237615785,43.82249539744598],[5.365629418046982,43.822645165756775],[5.365529153071354,43.82274632909762],[5.365565984700648,43.82281602342234],[5.365621754947817,43.822901647263095],[5.365646349965484,43.82294608357905],[5.365768765640946,43.82314572473822],[5.365896118718021,43.823158221389626],[5.365931783253632,43.823163659548044],[5.365962969669907,43.82316905982597],[5.366070742274469,43.823186167566895],[5.366133532562659,43.82319803933601],[5.366285793634065,43.82322647047619],[5.366501546027363,43.82326567739311],[5.366587904277245,43.82323409304892],[5.366737396290813,43.823267715381284],[5.366959576340057,43.82331799061357],[5.367165979897056,43.82336563693871],[5.367342598547687,43.823405691849274],[5.367499295966674,43.82344212770254],[5.367724548507043,43.82349449541595],[5.36792979047596,43.823541085193],[5.368328721270402,43.82363451456862],[5.368573524244971,43.823690507252266],[5.368673045152579,43.82374249832683],[5.368680423112148,43.82374949543471],[5.368755686679363,43.8238642692431],[5.36878430054154,43.82390659195095],[5.369040428926638,43.82412776793762],[5.369083444026301,43.8241125185043],[5.369120121797222,43.824142376808666],[5.3691328302293115,43.824178968010806],[5.36929133448066,43.824195915605884],[5.369538393244262,43.82422525328603],[5.369837388776688,43.82425656760434],[5.370174698478172,43.824294205628675],[5.370555913316696,43.82433804545006],[5.370740264754381,43.8243575350329],[5.370878931918585,43.82437288599081],[5.37104348469233,43.82439172522022],[5.371294149232513,43.82441800955478],[5.371787730288294,43.82447263569108],[5.372074095081774,43.824505164012166],[5.372297840766023,43.82453000601793],[5.3725047246356405,43.824553053751515],[5.3725975295135475,43.82464083951339],[5.37276171616424,43.82479459454476],[5.372933783904579,43.82495844129904],[5.372986546974281,43.82500725980457],[5.37300715282456,43.825027338251004],[5.373206569746545,43.82490645368488],[5.373259098731631,43.82487776104934],[5.373384435009591,43.82480561947054],[5.373410592956719,43.824788709567265],[5.373867451416639,43.824677614683026],[5.37389809018169,43.82466979019629],[5.374074364450576,43.82477317827],[5.374255377686943,43.8246763254226],[5.374848273409117,43.824346731328035],[5.374828989834123,43.824322573063256],[5.3747748190480635,43.82427581179291],[5.374713947944114,43.82423837952647],[5.37467892624365,43.824212538332695],[5.374657686610886,43.824177213868744],[5.374622107092643,43.82412896725733],[5.374580777195766,43.82408597760232],[5.374541061553629,43.82404592377848],[5.374502974235016,43.82401812361824],[5.374449952926375,43.82396309940064],[5.37440824210609,43.82391093489472],[5.374400997763766,43.82387125424817],[5.374392133647113,43.82382850283128],[5.374379814126205,43.82376543480205],[5.37437274358881,43.82372993678171],[5.374373435722383,43.823719658255655],[5.3743580056131215,43.82365355192399],[5.374341392822994,43.8235589767641],[5.374324903403126,43.82346736992101],[5.374311900335325,43.82342376332608],[5.374288111001832,43.823362970761295],[5.374271260388585,43.82332552499445],[5.374256082832421,43.823301412287805],[5.374249813950544,43.8232852083071],[5.374261718239634,43.8232664478577],[5.374281575538929,43.82324157222161],[5.374305039451211,43.82322269508458],[5.3743309385612035,43.823199578504116],[5.374359581151368,43.823179643261525],[5.374388302196601,43.82316159693816],[5.374411721197503,43.823141640392556],[5.374441680801341,43.8231174900392],[5.374488700956827,43.82309094244613],[5.374565902081358,43.8230545544344],[5.37465742575096,43.82301272269778],[5.374684905157302,43.82299173233855],[5.374731339353528,43.82296006567565],[5.374780626225454,43.822925230813894],[5.3748049556850255,43.82290025767136],[5.374857566121159,43.82287358815104],[5.3749143603986385,43.82284885315153],[5.374976661149135,43.822821972493536],[5.375076627467567,43.82277685044582],[5.375144518678596,43.8227498479074],[5.375344588222115,43.822671889551955],[5.375541765295533,43.82259615456979],[5.375627918687784,43.82256875382113],[5.375715388961048,43.82253713790075],[5.3758216683064415,43.822509298452196],[5.3758610068809105,43.82250438986126],[5.375946302972359,43.8224922676699],[5.376018195943613,43.82248975563574],[5.376116110369731,43.82246709487028],[5.37618749283387,43.82245230471574],[5.376222557678338,43.82244330272743],[5.376306536684515,43.822435395364806],[5.376372794106973,43.82243192556015],[5.376461116506001,43.82242081736415],[5.376689886216375,43.82238720104996],[5.376892247358737,43.82236442343482],[5.376959409546767,43.822355801819484],[5.377052035824479,43.82234054794607],[5.37718247357639,43.82232852094424],[5.377405820299202,43.82229907271676],[5.377515386439498,43.822287500426945],[5.377598202022377,43.82227853706786],[5.377647314789847,43.82227544036007],[5.377688014763046,43.822267395368755],[5.377742459871673,43.82225797023703],[5.377786709461031,43.8222366133382],[5.377989728135758,43.822131036439536],[5.378108770439253,43.82206929002836],[5.37819018205672,43.82202659546191],[5.378249712097728,43.82200490506048],[5.378296853088151,43.82198132415058],[5.37833874599718,43.82196609547763],[5.378384753316524,43.82196009517338],[5.378451004447158,43.821956489184196],[5.378580878821103,43.82195784228251],[5.378696927448874,43.82196759960054],[5.378734982369087,43.82196771465124],[5.37877743109588,43.82196584318658],[5.378820992310308,43.82196381238692],[5.378863062713564,43.82196181409779],[5.378916524013894,43.82195565092946],[5.379014818275192,43.821942162332164],[5.379118540140926,43.82192463888753],[5.379163592118725,43.82192257541969],[5.379253319744316,43.821909408589434],[5.379335752556927,43.821891269151436],[5.379507828546854,43.82185793876779],[5.379602888102243,43.821838443182024],[5.379729299416531,43.821819343567086],[5.379801798239676,43.821804526648094],[5.3798785109978615,43.82178340560133],[5.379954066269166,43.82176136444754],[5.380023950438854,43.8217464694084],[5.38010237296777,43.821730577654684],[5.3801692754593535,43.82171574761234],[5.380255200637628,43.82170982037404],[5.3802877098398865,43.82171113631693],[5.380368093246591,43.82171545839628],[5.380420316229105,43.82171539857033],[5.380467499426181,43.82172868322438],[5.380545953959187,43.821749387804445],[5.380595791075817,43.82176369482226],[5.380644970954922,43.82178908990809],[5.38070196280961,43.82183187032039],[5.380747181823496,43.821869641003026],[5.380763485461425,43.82189386329218],[5.380765014179046,43.82193056231784],[5.380741283480605,43.82196983860149],[5.380727278492791,43.82200079977214],[5.380752407221516,43.8220309064131],[5.380785596679856,43.8220485478787],[5.380809185822179,43.82206855970556],[5.380819082645703,43.8221091273714],[5.3808238066053455,43.822150888362216],[5.38082576252334,43.82219784153401],[5.380818724728571,43.8222348626782],[5.380817178067456,43.82226042007953],[5.380831041533962,43.822288747022576],[5.380896441480699,43.82233634044289],[5.380958005540608,43.82236349065511],[5.380983170003825,43.82238549373547],[5.380997117896167,43.82241584450341],[5.381006239673852,43.822464666877174],[5.381004701327471,43.82253519431588],[5.38102491998922,43.82258174866822],[5.381064539693354,43.82261045842838],[5.381102808650044,43.82261569972432],[5.381151752879219,43.82260855374989],[5.381178801315089,43.82261309475205],[5.381194752896922,43.82261990379045],[5.381223470360628,43.82263764280859],[5.381264000325076,43.822661335928856],[5.381348384326207,43.822690013216494],[5.381436909195869,43.822710632297756],[5.381475178253755,43.82271587346334],[5.381516101241915,43.82272213701156],[5.381553212839285,43.82272645811252],[5.381638115228307,43.82273176094765],[5.381819567951397,43.82275332075888],[5.381887072857135,43.82275292640406],[5.381971249921426,43.82274082392571],[5.382074882354549,43.82272113889444],[5.382100057691639,43.822716537483814],[5.382127151819528,43.82268637049722],[5.3821661474830345,43.822637442199714],[5.382197043243883,43.82260003470886],[5.3822156591065875,43.822581261741334],[5.382239418191007,43.82256953381721],[5.382275684629396,43.82256252929454],[5.382318133681892,43.822560656451095],[5.382353291722184,43.82256285923246],[5.38241425642891,43.82256665882733],[5.382459438153704,43.82256769722291],[5.3825431082983135,43.822579238381486],[5.382670846267151,43.82260089019431],[5.382800204534489,43.8226256125015],[5.3828645335055105,43.82263852143472],[5.382921577150312,43.82265564093249],[5.382967315884865,43.82267003647891],[5.382792707344968,43.8225084215725],[5.382797694868161,43.82211803034124],[5.382693681508939,43.822092754177284],[5.3827094743820645,43.822068911080365],[5.382795270291846,43.82209566573812],[5.382809319483844,43.82199420943852],[5.382959722296787,43.821915296643915],[5.383033695730806,43.821926914293606],[5.383100632877281,43.8219397660583],[5.383139374146761,43.821956340150194],[5.38318391412292,43.82197778416996],[5.383236688702501,43.82199094542687],[5.383289423922599,43.82200316219893],[5.383344593659413,43.82201113930892],[5.383391563973162,43.822019295635286],[5.383475227876645,43.8220307011521],[5.383524966021067,43.8220336651743],[5.383560343232731,43.82204112955335],[5.383597752772764,43.82205260086281],[5.383638077941456,43.821937200436984],[5.383652041947627,43.82190529443466],[5.383680207561913,43.821838236132486],[5.383531733404213,43.82182919299262],[5.383406466647886,43.8218309861661],[5.383346565857509,43.82181690040958],[5.383264065268362,43.821770762620005],[5.383209025073402,43.82173010157809],[5.383190817565439,43.821704975931645],[5.3831664527489265,43.821657432237956],[5.3831149709086334,43.821576854890104],[5.3830222687945195,43.821447076544864],[5.383067251320362,43.82138073122229],[5.383144847863896,43.82107666782805],[5.383206398212307,43.82082616316285],[5.3832617107737315,43.8205960516925],[5.383292221833875,43.82047789502304],[5.38340936630207,43.82020983447376],[5.383528422420638,43.81995186044541],[5.383694342735375,43.819905288379964],[5.383923976919238,43.81976751757111],[5.38397088710403,43.81947020179317],[5.3839738286121035,43.81943340507581],[5.383957067217447,43.81940716761556],[5.383954344041625,43.81937765218296],[5.383978409113898,43.819346470614164],[5.384000506330057,43.81929494019146],[5.384023890388539,43.81924743299203],[5.384039810738959,43.81919090590331],[5.384055517202285,43.81912925175986],[5.384066483193142,43.8190880931571],[5.384076261698273,43.81901846591214]],[[5.380530828583873,43.81857398912077],[5.380015229193467,43.81822251466119],[5.380012105398109,43.81828186772906],[5.379998183281172,43.81835063961335],[5.379970245203651,43.81855759871021],[5.379951032313448,43.81867847853703],[5.3799130803654105,43.8188151626042],[5.3798225456694855,43.81911342834644],[5.379727124803041,43.81925852423716],[5.379742236329828,43.819254143023045],[5.379816466108428,43.819236182220756],[5.379904440203961,43.81921684097307],[5.379999540178603,43.8191984244554],[5.380075522733423,43.81919568533476],[5.380161444134063,43.81918975817967],[5.380286274387681,43.81916866665597],[5.3803141863254,43.819167111931684],[5.380422622205215,43.819155426231895],[5.380530828583873,43.81857398912077]],[[5.380284238214672,43.818582344269586],[5.380284489331543,43.818624202833405],[5.380281625991986,43.81865397531853],[5.380282474435037,43.81867434863711],[5.3802676702967505,43.81869506370095],[5.380250218051793,43.818714891261436],[5.380229988467847,43.81873072809642],[5.380187587139404,43.81873367950388],[5.380154950406127,43.81872926031259],[5.3801349848229805,43.81872456447789],[5.380108619979365,43.81870056182105],[5.380091821244673,43.818673379320174],[5.38007603755775,43.818625782816866],[5.380067001461534,43.81857898432207],[5.380069612084897,43.818543140325126],[5.380059894323356,43.81851580323621],[5.380065952700411,43.81849109273115],[5.380089626250749,43.81847734146577],[5.380099997577886,43.81845766852166],[5.380113524499506,43.81844211308849],[5.380135800956267,43.81843960107288],[5.38015865797497,43.81844207305352],[5.380178668409922,43.81844784826407],[5.380191676608959,43.81845566698147],[5.38019799159417,43.81847294995272],[5.380202473130386,43.818482035189604],[5.380222775754637,43.818494826368955],[5.380239804780437,43.81850066666128],[5.380259893906735,43.81850833077391],[5.380279123465457,43.818522225734206],[5.380282412097854,43.81853849441459],[5.380281303459202,43.818547701700616],[5.380284238214672,43.818582344269586]]]},"properties":{"zone_type":"ens","name":"Le vallon de l'Aiguebrun","area_ha":37.6,"communes":"Buoux","owner":"Commune de Buoux","manager":"PNRL","habitat":"Forestier, Cours d'eau","source":"CD84 / DataSud"}},{"type":"Feature","id":"ens-6","geometry":{"type":"Polygon","coordinates":[[[5.321862097166951,43.92458234238233],[5.321842472692372,43.92455007721928],[5.3218247975156565,43.924528979852276],[5.321776258114904,43.92448409436446],[5.3217186698407515,43.92442805692863],[5.321644032571428,43.924357121112074],[5.321515793987654,43.924227091852934],[5.3214009535297935,43.924114064219005],[5.321262470193666,43.923980200926295],[5.3211638943892,43.92388114279847],[5.32091630689059,43.92394974335161],[5.32071521910751,43.923801813965454],[5.320511518746525,43.9236539397536],[5.320237994348928,43.92346149623905],[5.319979203096951,43.92328210917333],[5.319906226970367,43.92323355545166],[5.319851177972791,43.92319393940467],[5.319816328873184,43.92317320654501],[5.31979749604042,43.92316037158338],[5.319787080366191,43.92315235471599],[5.3197361373093806,43.92314938523307],[5.319655489478803,43.92314191470614],[5.31958873868298,43.92313617472927],[5.31953634056517,43.923134181413076],[5.319507925965684,43.9231338395278],[5.319452914255396,43.923131901678964],[5.3194062428715005,43.92313289284836],[5.319325638596314,43.923135685016824],[5.31925390746319,43.923136127886615],[5.319152059412423,43.923140316404414],[5.3190505463274595,43.923143552358724],[5.3189926737907145,43.92314478119268],[5.318945958515469,43.923144692690606],[5.318911899473783,43.92314339009085],[5.318842326766118,43.92313257764521],[5.318779974260862,43.92312471803044],[5.318729986886699,43.92311767626595],[5.31869306202746,43.923110222105755],[5.318654649177332,43.923102934574274],[5.318630001711698,43.92309413933581],[5.318597189443784,43.92308673288472],[5.318541558214824,43.92306954699288],[5.31846107673252,43.9230385732247],[5.318411002286173,43.92302018890109],[5.31837229894773,43.92300574974879],[5.318335913158065,43.92298396864715],[5.318272650790666,43.922953709637014],[5.31823369534192,43.922933063454806],[5.318201586671194,43.92291537809708],[5.318178395035273,43.922896423053544],[5.318127075774562,43.92285659196053],[5.318048671767614,43.92280315538699],[5.317993328456566,43.92275625195775],[5.317963625844731,43.922724200092574],[5.317891938449005,43.922734905004894],[5.317761011460612,43.922749973237735],[5.317464433265197,43.92279002950612],[5.317155280650045,43.922833322862154],[5.316978471852938,43.922859627440886],[5.31684803745785,43.922886838680114],[5.316620986104703,43.92293662690075],[5.31640692015289,43.9229841134688],[5.316113818814817,43.923045430290586],[5.3157776129125125,43.92312197566979],[5.315599807432964,43.9231605887306],[5.315339396809721,43.92321715880873],[5.315417838575369,43.92330841067607],[5.3157263067887515,43.92369932471791],[5.315550520168789,43.92378772856865],[5.315490864615485,43.92381870448522],[5.315469206777802,43.92383753054096],[5.315425189132111,43.92386709448014],[5.315375980444827,43.9239160806982],[5.315310304751991,43.923964470626885],[5.315259729353674,43.9240074084837],[5.3151849249612475,43.92407949067094],[5.315081246573943,43.924176764077515],[5.3150597527157535,43.924199638095246],[5.3150872132278995,43.92428697402146],[5.315055455591082,43.92450818499039],[5.315028272389112,43.92467635912615],[5.315607635322763,43.925369987681826],[5.315842475750554,43.925659149211505],[5.315864841644932,43.92564854616185],[5.315884379263386,43.92564191955245],[5.31590533374889,43.9256333721843],[5.315930433835098,43.92562568226374],[5.315960013635628,43.92562708080518],[5.315981214584274,43.92562460548445],[5.31602514744716,43.92562975118043],[5.316117373343522,43.9256369789395],[5.316203960098939,43.925643380853195],[5.316154591554813,43.92557798276452],[5.316111240230172,43.9255227209226],[5.316094851359701,43.925505646903076],[5.316141486397559,43.9255037126041],[5.316258395766927,43.92549299523299],[5.316423767829279,43.92548854265698],[5.31654279438854,43.925502359335226],[5.316670116067947,43.925536392620025],[5.3167516388808576,43.9255561364956],[5.3171739153803355,43.92503128405046],[5.317455821454145,43.92508053861945],[5.317531038080245,43.924981841030714],[5.317900775643101,43.92472779712269],[5.317926579203191,43.92470064447759],[5.31801333034531,43.92460993985791],[5.3180485566278675,43.924575564552754],[5.3181370037522235,43.924489820720055],[5.318218860789696,43.92441664137345],[5.31824192921978,43.924395759047485],[5.318356226098793,43.92432081062004],[5.318433266003792,43.924267045635936],[5.31851321002023,43.92422037664245],[5.318564238273411,43.92418863683448],[5.318598628966221,43.92416130173175],[5.318624810295481,43.92414345940843],[5.318678448594241,43.924175948349955],[5.31872354860839,43.924209833996],[5.318831408684429,43.924252380929936],[5.31901295376243,43.92423218517984],[5.319303816629134,43.92419845851986],[5.3192879674198785,43.92425902779185],[5.319342194669602,43.92426922051252],[5.319390689613656,43.9242762937186],[5.319429147230345,43.924284660471784],[5.31947743886922,43.92429592453608],[5.319531786871047,43.92430908572025],[5.319588995407926,43.924328263417266],[5.319641811549422,43.924340511725575],[5.319703539105601,43.924360538742796],[5.319760791640962,43.92438079582575],[5.319799331675934,43.924391186465435],[5.319920601049364,43.92445100416138],[5.319971422243637,43.92434985188728],[5.320049743214907,43.92418977342369],[5.319990713265124,43.924475039501374],[5.319979181527569,43.924503915260445],[5.3199515499577705,43.92455041952754],[5.319925537761561,43.92460917902874],[5.319904380359377,43.92464028500575],[5.319881564514313,43.92467655814235],[5.319786475658711,43.92476433522991],[5.319685749861807,43.924934072850064],[5.319649321566787,43.924975631937876],[5.319629037162739,43.92500064202665],[5.3196146007009215,43.92502242173926],[5.319603810290168,43.925041963199],[5.319591531126523,43.92508003826153],[5.319575891490118,43.92511818469241],[5.319570004062373,43.92514802094712],[5.319564528060575,43.92518797728898],[5.319551956676534,43.925255634724685],[5.319543037186827,43.925312005370465],[5.319534530180136,43.92535094567669],[5.319531876649553,43.92538679054859],[5.319531792932256,43.9254215004371],[5.319530963158474,43.925437859232204],[5.319529139396673,43.92545734531044],[5.319419693554056,43.92558729279882],[5.3193107906426444,43.92572141522962],[5.319231468844221,43.92582020130274],[5.319180064870795,43.92587949981889],[5.319142432742885,43.925928242007416],[5.319177244885547,43.92594803057396],[5.319217608531964,43.925966485788976],[5.31927283020338,43.92600110171251],[5.319332115350301,43.92603455091289],[5.319386925368752,43.926068230167125],[5.3194236426568935,43.926098107033035],[5.319462968232516,43.92612779344622],[5.319489401075621,43.926152891807305],[5.3195205998929636,43.92618491160423],[5.319524910167559,43.92618981695698],[5.319547147990076,43.92621284357838],[5.319579346357055,43.92624187100961],[5.31960191337907,43.926272993695356],[5.319621208019148,43.92629716321909],[5.31964182617552,43.92631711804742],[5.319670741262247,43.926338922426815],[5.319688542717797,43.92635394017863],[5.319711401600694,43.926364663931096],[5.319753138584577,43.92638011867074],[5.319790312586443,43.92639364454315],[5.319960329697944,43.926301169729996],[5.320152541466789,43.92619390775555],[5.3203725098340495,43.92607997845531],[5.320534310496611,43.925987677282876],[5.3205660874125,43.925969580543175],[5.3206645374014725,43.92589091479113],[5.320774353590006,43.92580687549143],[5.320806047997776,43.92578675466663],[5.320904244299174,43.92573861563454],[5.321095293705427,43.92563961477713],[5.321233650771516,43.92556820347088],[5.3213748737999245,43.92549375994691],[5.321495307603868,43.92543191271936],[5.321444318903026,43.925354396741795],[5.321403905785091,43.92529799404212],[5.321379965408244,43.925269872047814],[5.321352000174255,43.92524386136016],[5.32132370557029,43.92520975460135],[5.321276286214194,43.925155661590466],[5.3212217671679225,43.9251015844009],[5.32118679572626,43.92506869992334],[5.321161153417447,43.92503548211916],[5.321138877075551,43.9250023278272],[5.321120576122553,43.9249750312935],[5.321102615633522,43.924946917215706],[5.321126924239218,43.924919795551524],[5.321151441422274,43.92489780138919],[5.32116766173972,43.9248831412565],[5.321187121626428,43.92487462462038],[5.321288347010596,43.924827501261156],[5.3213678336209975,43.92479718102978],[5.321437447472552,43.924772202525524],[5.321471007932975,43.92476122531209],[5.321540248348991,43.924727071206334],[5.321602520725809,43.92469617134668],[5.3216524714524205,43.924674716845],[5.321702586864452,43.92465731035104],[5.32174581117804,43.924635863740974],[5.32177780110377,43.92462302910256],[5.321803811437567,43.92461018652032],[5.3218316502238,43.92459635970383],[5.321862097166951,43.92458234238233]]]},"properties":{"zone_type":"ens","name":"Les marnes Aptiennes de la Tuili\u00e8re","area_ha":11.2,"communes":"St Saturnin les Apt","owner":"Commune St Saturnin les Apt","manager":"PNRL","habitat":"Milieu ouvert, Site g\ufffdologique","source":"CD84 / DataSud"}},{"type":"Feature","id":"ens-7","geometry":{"type":"Polygon","coordinates":[[[4.915150108270394,44.10443610739774],[4.915002433234975,44.10463680144399],[4.914889824781745,44.104787995691495],[4.9149699072873405,44.10485087801906],[4.915124217314804,44.1049697224529],[4.915383277583115,44.10517154455231],[4.915715001562911,44.10542732953496],[4.915767697027793,44.10546719213135],[4.91587363741147,44.105540965608824],[4.916049207240795,44.10566767491976],[4.916104734630104,44.10571369997439],[4.916189663486021,44.10579796910253],[4.916537179943163,44.106221878456715],[4.916563984614169,44.10621641286529],[4.9172615758096665,44.10701732276942],[4.917429513711385,44.10711755949153],[4.9175602558432105,44.1073042014831],[4.917597758338485,44.10731583437169],[4.917639918741857,44.10730996472486],[4.91798996317078,44.10721902850136],[4.918399112485637,44.10708006010602],[4.918295025337253,44.106683495295435],[4.9179890388015925,44.10567964998809],[4.9179369209764365,44.1056458554013],[4.917739602416831,44.10547455927424],[4.917625304456332,44.105364201226536],[4.917474507150279,44.105171833485095],[4.91738933463548,44.10509148597242],[4.9170813849483075,44.104951834989684],[4.916801962654838,44.104868943727396],[4.916751722189847,44.104846324615565],[4.916193861492207,44.104576131792506],[4.9160434217186255,44.10452771532585],[4.915150108270394,44.10443610739774]]]},"properties":{"zone_type":"ens","name":"L'arboretum d\u00e9partemental de Beauregard","area_ha":3.9,"communes":"Jonqui\ufffdres","owner":"D\ufffdpartement 84","manager":"D\ufffdpartement 84","habitat":"Milieu ouvert, Cours d'eau, Verger","source":"CD84 / DataSud"}},{"type":"Feature","id":"ens-8","geometry":{"type":"Polygon","coordinates":[[[4.960107950229918,44.05609513252659],[4.959903141470757,44.05603141228631],[4.959765695144699,44.05598795783291],[4.959666881670817,44.0559570459999],[4.959512202561091,44.05590255598897],[4.958974238382383,44.05571299361423],[4.958115561417924,44.055410731896686],[4.957996490386272,44.055367891913704],[4.956626444380309,44.05490811941766],[4.955954673214807,44.05468217652474],[4.954939977194877,44.05433973420865],[4.954113139155558,44.0540582104487],[4.951715181214049,44.05323886964466],[4.950221011673054,44.05273842346395],[4.94994862649143,44.052647259763056],[4.949063304432611,44.052351480858846],[4.948779593147107,44.05279366875457],[4.947180962059442,44.05529314861448],[4.947349430493248,44.0553351214954],[4.947693849210508,44.05541879833492],[4.948315105739113,44.055570201047466],[4.948606300075295,44.05564158802248],[4.94887942768678,44.055710324909974],[4.950399237491164,44.05608271791683],[4.951482296065956,44.056354436336726],[4.951493668228661,44.05635841998087],[4.951506463542178,44.05636021754742],[4.951516333914186,44.0563640929169],[4.951528075746886,44.05636793492343],[4.951540908073349,44.056370812179495],[4.9515522756171775,44.056374660855894],[4.951563647788819,44.05637864449283],[4.951574945941304,44.056380468741516],[4.951586687781335,44.05638431074178],[4.951598055330958,44.05638815941346],[4.951609390497463,44.05639106335214],[4.951622255218113,44.05639488533055],[4.951633964679244,44.05639778259393],[4.951639648456805,44.05639970692747],[4.951649486459397,44.05640263755322],[4.951660854016922,44.05640648621841],[4.951673718744509,44.05641030819079],[4.951683931042833,44.056413232140535],[4.951696763387378,44.05641610937844],[4.951708130950786,44.05641995803871],[4.9517183386259696,44.05642274702358],[4.951731207987759,44.05642670395094],[4.951742538542032,44.0564294729142],[4.951753910737928,44.05643345653149],[4.951761091692244,44.05643535416599],[4.951940403872421,44.05649846377965],[4.952152844524135,44.05657745774595],[4.952941985067218,44.0568729040336],[4.953323637866532,44.057015183744525],[4.9537068268115485,44.057158515110245],[4.953990654695952,44.0572658063067],[4.95403101314593,44.0571976988192],[4.954078669345007,44.057145801417875],[4.954418828777662,44.057268426359556],[4.954395690138115,44.057303545847766],[4.954329354526194,44.05738953795119],[4.955313396994485,44.057754006981426],[4.955919057054133,44.05798424200742],[4.9565722149584195,44.05823415168091],[4.95689801888708,44.05835283939077],[4.957006956635715,44.05839491656962],[4.957774866150496,44.05868139067392],[4.95832740941951,44.05889122567757],[4.958417864241714,44.05892944574202],[4.95872338257879,44.059035256714395],[4.959521970295152,44.059320224776734],[4.960046799774609,44.0595079949717],[4.9604428651290435,44.05882784020216],[4.960465342850112,44.05878449345816],[4.961265864509498,44.05644009432639],[4.961227300924842,44.05642957651463],[4.961180161203227,44.05642015764313],[4.960708828248761,44.056273434350416],[4.960107950229918,44.05609513252659]]]},"properties":{"zone_type":"ens","name":"La zone humide des Confines","area_ha":37.4,"communes":"Monteux","owner":"Commune de Monteux","manager":"EPAGE SOMV, CEN PACA","habitat":"Zone humide","source":"CD84 / DataSud"}},{"type":"Feature","id":"ens-9","geometry":{"type":"Polygon","coordinates":[[[5.123613847202477,43.995692798252676],[5.122881090567134,43.996119729511705],[5.122748264141648,43.99619996003698],[5.1225837444558895,43.99630322338659],[5.122463478226194,43.9963791583524],[5.122295079073411,43.996498837256304],[5.121997605387414,43.996719199845685],[5.12227575324376,43.997416587705054],[5.122293816462791,43.99748970283594],[5.122287737899513,43.99751737043159],[5.122057994587535,43.99845149392004],[5.1220283022166315,43.99856848082637],[5.1220128841357,43.99860659323607],[5.121982827883946,43.99867361970181],[5.121836497611398,43.999004353753755],[5.121930293582171,43.999352846623594],[5.12194297966647,43.999432278406026],[5.121941387494122,43.99945985895664],[5.121944011168063,43.99965090005095],[5.121941784553592,43.99974183012798],[5.121921059106704,43.99978814836286],[5.121744264580396,44.00013486892111],[5.121742693603667,44.00013287368869],[5.121616072798593,44.00010872583729],[5.120863655237915,43.999969095886264],[5.120947099617375,44.000200434297575],[5.121028505459661,44.00021614157805],[5.121303339488453,44.00030169789559],[5.121536114164998,44.00039320125765],[5.1214680955828005,44.00050593482626],[5.122150011496109,44.000842072465126],[5.122318972532914,44.00070698742759],[5.122315905898354,44.00070502122667],[5.122316793369461,44.000688663262245],[5.122202269634046,44.00057744578997],[5.122312932910804,44.00043430879076],[5.122383209325262,44.00034205805994],[5.122760564933214,43.99987503273562],[5.123004316114394,43.99957819363108],[5.123305593817554,43.99919853342526],[5.123546458752871,43.998904720196805],[5.124263809263583,43.99802351425252],[5.124684321344497,43.99750054469393],[5.125327841518838,43.99787103437731],[5.12639121777109,43.99670840245145],[5.125416069601537,43.996173665600125],[5.125193304320587,43.99604929497986],[5.124666092470145,43.99575716877038],[5.124637144846014,43.995743416190976],[5.124498345209305,43.99566332889957],[5.124365003123926,43.99557908400836],[5.124115824999627,43.9954184916097],[5.123942333799936,43.9955118027769],[5.123613847202477,43.995692798252676]]]},"properties":{"zone_type":"ens","name":"La for\u00eat d\u00e9partementale de Venasque","area_ha":9.8,"communes":"Venasque, St Didier","owner":"D\ufffdpartement 84","manager":"D\ufffdpartement 84, ONF","habitat":"Forestier","source":"CD84 / DataSud"}},{"type":"Feature","id":"ens-10","geometry":{"type":"Polygon","coordinates":[[[5.188661158693726,43.99229158043935],[5.188649446472087,43.99220092628551],[5.188643234672437,43.99215607900414],[5.1886368111257966,43.99209597532471],[5.188620693515631,43.99196854073949],[5.1885981829967935,43.99185973595065],[5.188577260467755,43.991763053869015],[5.188551603951458,43.991650260559],[5.188494342419487,43.99140615612927],[5.188480694083781,43.99138198527507],[5.188451339481447,43.991357993718516],[5.188417991892404,43.99133718821585],[5.1883744945366805,43.991305376701625],[5.1883286617216005,43.99126145742867],[5.188308709339867,43.991248486804196],[5.188263822740758,43.991190233292144],[5.188210390648345,43.991123777691314],[5.18815977757742,43.99106253259793],[5.1880792827298405,43.99095380773032],[5.18802935462701,43.99090065186748],[5.187927199561013,43.990783176953656],[5.18790109433273,43.9907755963193],[5.187852927852522,43.99076832205215],[5.18779585244334,43.99075312303281],[5.187748574388409,43.99073975370622],[5.187719142725217,43.99071373777063],[5.187666421353393,43.99066576953689],[5.187575345006199,43.99057373212485],[5.187501846591896,43.99051078382578],[5.187446627905489,43.99046597160297],[5.187381924658691,43.99040797917116],[5.187307424300549,43.990348156942446],[5.1872450617453625,43.99030240713678],[5.187144830617122,43.990234996528336],[5.18703422674107,43.9901605006256],[5.186992464563772,43.9901348661945],[5.186953194942863,43.99010594070375],[5.1869177682063565,43.990069915758674],[5.1868896864746,43.990001061888194],[5.18687507911501,43.98992262010031],[5.186854186257937,43.98992411835694],[5.186774262994652,43.98994718968583],[5.186700238054857,43.98996798220319],[5.186603808270453,43.989999621538736],[5.186535016779959,43.99002030928526],[5.186369780774822,43.990062507686126],[5.186292961626024,43.99008848768048],[5.186162823655135,43.99012890358161],[5.186063735095564,43.99015951519409],[5.185915237804653,43.990199217449565],[5.185800292927803,43.9902260943189],[5.18571330229532,43.99025025148508],[5.185604238925497,43.990284168205775],[5.185482620472517,43.99032238724717],[5.185316275564091,43.99037473491435],[5.1851528795988235,43.990425942994804],[5.185058708009883,43.99044821739364],[5.184994525544568,43.99047205324053],[5.184924533808619,43.99049073819714],[5.184557136040181,43.99060746913867],[5.184248212646246,43.9907076351099],[5.184180789921477,43.99076408214391],[5.184135412129403,43.99079051293723],[5.1840896604625994,43.990816951179184],[5.184028797297214,43.990859086888676],[5.183831270958135,43.99097647370844],[5.183731520415906,43.99103869798922],[5.1833413000915245,43.99126297485833],[5.183230452326558,43.99132852639392],[5.182833362882213,43.991559150840224],[5.182737941240405,43.99161723629001],[5.182373676906606,43.99182586594372],[5.1823458903551725,43.991842761512466],[5.181750164608151,43.99221104523032],[5.181580393333189,43.99232071647545],[5.181488114847202,43.99238278958753],[5.181497379578984,43.99240002614969],[5.181232480245216,43.99283949500468],[5.18105964100334,43.99313302912997],[5.180813399503511,43.99353228523282],[5.180758863797494,43.993632364231665],[5.1807178103307345,43.99374257315768],[5.180692867540674,43.993784935966865],[5.180662790958078,43.99382024351801],[5.180612677006799,43.99387944927757],[5.180543788628456,43.9939564507996],[5.180486416311206,43.994011749749646],[5.180382453302025,43.99411078840885],[5.180275148903407,43.99422029241302],[5.180123632625068,43.994367276226846],[5.179991269269861,43.99449659164578],[5.179905610277783,43.99458513621564],[5.179730808050421,43.994759188461416],[5.179632787992649,43.99485716258748],[5.179511351465194,43.99496897326176],[5.17941248718386,43.995054674492856],[5.17927868424891,43.99517577969693],[5.179110362491428,43.99533349582477],[5.178970120449971,43.99547215036878],[5.178816295145455,43.99562741638478],[5.178749212048045,43.99569303661938],[5.178707981607261,43.995720462873386],[5.178670703720071,43.995743623823515],[5.17860818105898,43.99578173802257],[5.1784017490117416,43.99589199954645],[5.178263274650038,43.995969305390354],[5.178117737687683,43.996047832125576],[5.178005301776499,43.99611138412787],[5.177877650459636,43.99617821013275],[5.1778363418923785,43.99620361186106],[5.17775623602082,43.99626138784302],[5.177680420466381,43.99631394643966],[5.177647318811255,43.99632892088592],[5.177606858344402,43.99634714800295],[5.177556125496176,43.99635112933951],[5.1775082520766285,43.996361401050024],[5.177467732289469,43.996368285121804],[5.1774296155525095,43.996379307870164],[5.177376930698182,43.99640074940006],[5.1773686155074135,43.99636917828813],[5.177202682847771,43.99624688585925],[5.176891988217326,43.99600795610935],[5.176573065982906,43.9957690542742],[5.176014613274831,43.99534193245445],[5.176021134423455,43.99532654209168],[5.1754773775079155,43.99487252062262],[5.175028286630342,43.99448710964733],[5.175043032545293,43.994422532818746],[5.1750521417855095,43.994367116417635],[5.175057689669173,43.99432622114242],[5.175056597799213,43.994297612383995],[5.1750579272132,43.99426382358754],[5.175059867396964,43.99423623491597],[5.175071373326191,43.99420440449298],[5.175086754738955,43.99416628470956],[5.175102741755647,43.99413423010152],[5.1751215054063255,43.99410630679221],[5.17514544937381,43.994067071335245],[5.175166866020079,43.99404004059207],[5.175189765623654,43.994002851640936],[5.175209491081568,43.99397072265339],[5.175272701139326,43.993842788921135],[5.175286361589956,43.993828201941284],[5.175316690912005,43.99380923188315],[5.175416040424978,43.99374594304034],[5.175482603249635,43.99370585963935],[5.1755074791925155,43.99369104950196],[5.175597422374941,43.9936361856412],[5.175653772451776,43.993593199187615],[5.175769048094645,43.99350609455093],[5.175781171716707,43.99349045769172],[5.175916668289331,43.99332543220194],[5.175875983973652,43.993298556640546],[5.175851178815719,43.99328581538263],[5.17579891710559,43.99328888102488],[5.175775227697791,43.993295564658744],[5.17573724955316,43.99330037180361],[5.1757089142271475,43.99330296133293],[5.17566258116286,43.99334372277109],[5.1756046174513335,43.9933836351973],[5.175544967653217,43.9934185843107],[5.175500313798484,43.99343473328469],[5.175433507016645,43.99345861562585],[5.1753663623844615,43.99348344999204],[5.1753007903620984,43.99351027877264],[5.175234678749934,43.99355237882524],[5.175190653073121,43.9935849911969],[5.175158982935256,43.993608039371345],[5.175116488634396,43.99364156659634],[5.175083446633098,43.99366788322154],[5.175060879745225,43.9937039851316],[5.175017399771391,43.993750901810884],[5.1749898830578696,43.99377494771695],[5.174960563056001,43.99382036728416],[5.174929479792683,43.99385879934678],[5.174895678600242,43.99390444307518],[5.174853379616493,43.993943098187785],[5.174778810682451,43.99402831186761],[5.174681376636203,43.99407319530885],[5.174624443482071,43.99410093226473],[5.174539103328572,43.9941588099073],[5.174513194918982,43.994185794794966],[5.174488982719647,43.9942180128725],[5.174467423530434,43.99425112353477],[5.174448777936087,43.994282150515225],[5.174427265915183,43.99434591644311],[5.174395066158942,43.99446296930134],[5.17437046247232,43.99448493138432],[5.174304134790012,43.99453122168961],[5.174265865008409,43.99456763566618],[5.174240079845774,43.99459785922425],[5.174199429788771,43.99464053277676],[5.174061248837346,43.99476482455105],[5.173183687757753,43.994534047390076],[5.173284985665947,43.99429610301226],[5.172634270904545,43.99404852354378],[5.172610212037079,43.994084789614966],[5.17202030551396,43.993822628578705],[5.172018591025978,43.9939248949081],[5.172023690937827,43.994363028460754],[5.1722971744819874,43.99481419767442],[5.172408897673699,43.99499686076078],[5.172430543663834,43.99504450830446],[5.172376792613455,43.995155776397574],[5.172351355975427,43.995195175928025],[5.172316056473411,43.995240848602194],[5.172281480559942,43.99529569024767],[5.172234501830662,43.995358881219936],[5.172217427270948,43.99539190234123],[5.172213408976729,43.99540427165393],[5.172237181978501,43.99539974793847],[5.172263014618706,43.99540018013045],[5.172234427420591,43.995435455689744],[5.172193461779136,43.9954404559699],[5.17213652090535,43.99546805670537],[5.172045105304604,43.99551389859267],[5.171916343745606,43.99559100330955],[5.171751193911175,43.995636148598074],[5.171562133318358,43.99569203221067],[5.171463022107284,43.99572249574511],[5.171334279103899,43.99576084022757],[5.171241748155106,43.99578725646867],[5.171128547902623,43.99582110556958],[5.171138560879166,43.9957893052226],[5.170823898819621,43.995072228070825],[5.170533124373431,43.99442220092401],[5.170520510660057,43.99438571790968],[5.170669677685226,43.99425500042901],[5.1701579718789485,43.994002621239396],[5.169756984760928,43.99380840988559],[5.169543429306561,43.9937023119751],[5.169306562838246,43.99386839491325],[5.1687912996429315,43.99378772752069],[5.168564205523163,43.993886225498315],[5.16851293565131,43.99398420747532],[5.1682879288627825,43.99439327638495],[5.168208690056712,43.99454286137437],[5.1682219095509465,43.99455596912159],[5.168232856027211,43.99457817022784],[5.168270214101579,43.99471436929427],[5.168238947523761,43.99470877699496],[5.16818700006773,43.99474964649293],[5.167785649327298,43.99506713615864],[5.1678020137444705,43.995084233090715],[5.167722740976417,43.995341182488616],[5.167597604653673,43.99547439059009],[5.167751385626132,43.995582757806005],[5.167946077728117,43.99540927642573],[5.168076162816835,43.99552419017512],[5.16849932454782,43.99589785385177],[5.165859160198685,43.997134017468255],[5.165890726352358,43.997925185946336],[5.165919796260969,43.9979123207148],[5.165960610355556,43.99790327434681],[5.166039873230138,43.99790170442507],[5.166158742464333,43.997908533282114],[5.166215654527222,43.997909566743445],[5.166283675909668,43.99791740267271],[5.166357484473908,43.997919992044544],[5.166428266080779,43.99792169598698],[5.166516977974749,43.997912780917616],[5.1665862839215,43.99790519559087],[5.1667545644256165,43.99787323105552],[5.166899408260901,43.99784483678689],[5.1669948388319105,43.99782565949898],[5.167281144783787,43.997758673394884],[5.167422920035826,43.997728313498115],[5.167483370567624,43.99772400924183],[5.167542971491008,43.997726879406194],[5.167594132299175,43.99773410336068],[5.167646901569282,43.99774426649452],[5.16774173195434,43.997778174834764],[5.167979711862946,43.99785718782027],[5.168198767311424,43.9979304982926],[5.168355239364692,43.99798155067068],[5.168680107461856,43.99808233791743],[5.168857553742137,43.998133919003074],[5.1689218174404585,43.998151146240176],[5.168970587620514,43.99816435915219],[5.169056239760688,43.99818318784158],[5.169135775182215,43.99818876789669],[5.169230480577947,43.99818986045134],[5.169334936628818,43.99818171118847],[5.169450722157154,43.99817630815965],[5.16961270354252,43.99815580832264],[5.1696792135536995,43.998153408382294],[5.169735865079948,43.998157416275596],[5.169787062519846,43.998165583838855],[5.169862952870895,43.99818352519008],[5.169914422693236,43.998198844912366],[5.169971654947705,43.99821810175308],[5.170036150323531,43.99824140097463],[5.1701976318124805,43.99831584998453],[5.170266312063925,43.99834095672075],[5.170322268743608,43.9983561872139],[5.1704246641631935,43.99837252176942],[5.170742555996057,43.99842752464492],[5.170971244244,43.99848834898545],[5.171012619750524,43.998503868594874],[5.171070581314956,43.99853242881843],[5.171111339079733,43.99856119551273],[5.1711418477384745,43.99858611418563],[5.171165447977351,43.99861630189119],[5.171199960667568,43.99866774582109],[5.171240337339718,43.998715967178114],[5.171316905418173,43.99884004306988],[5.171351418380559,43.99889148695862],[5.1713987978464715,43.9989467268564],[5.171438789220456,43.998984827084755],[5.171483696259255,43.999014456617566],[5.17154108927822,43.999037896018905],[5.171605272525352,43.99905296252831],[5.1716792782265335,43.99906067631602],[5.171772945742376,43.99906394810413],[5.171844500862132,43.999056449838136],[5.171908353465915,43.99905302093812],[5.1720830846603185,43.99903320959758],[5.172194117514192,43.99902087550633],[5.172239121335311,43.99901376931085],[5.172327585448422,43.9989885134531],[5.1723582683175,43.99897872058667],[5.172466138463004,43.998952133777976],[5.172749684083697,43.99889126537173],[5.172827821287878,43.99886013704202],[5.1730600222298095,43.9988657870484],[5.173191820820887,43.99886816486562],[5.173264022159303,43.99886781045501],[5.173324633004155,43.99886768633755],[5.173372591630578,43.99885957560181],[5.173452610017945,43.998838538159625],[5.173525464589877,43.998825881070765],[5.173602646200988,43.998808951389144],[5.173711138297994,43.99879869198934],[5.17383655114099,43.99878080344931],[5.17390843833587,43.998772216823355],[5.173967536159558,43.99876185864633],[5.174026752372477,43.99875460422685],[5.174067541987719,43.998754738683246],[5.174137280431532,43.99875848414723],[5.174204799341667,43.99875309031313],[5.1742555706036235,43.99875005515698],[5.17431360016217,43.99875092715759],[5.17436598538934,43.99875096600444],[5.174429700478555,43.99875375064522],[5.174484163131609,43.99876900874931],[5.174557919500718,43.998809407583536],[5.1745900025894285,43.998836319770234],[5.174629462490638,43.99887024289654],[5.17467234612027,43.99891544210702],[5.17470930736303,43.99895252103964],[5.174747271865865,43.998986473865926],[5.174788382018887,43.99902441561762],[5.174819010987496,43.999052437060634],[5.174858471174615,43.99908636010851],[5.174881147637277,43.999121697327254],[5.174902251317827,43.99915504007457],[5.174927503852631,43.999189245656154],[5.174954406489591,43.99922746990973],[5.174991409323142,43.999265628332566],[5.175023920381527,43.99930374103012],[5.17505330947917,43.99932868093104],[5.175080098947801,43.99936393631475],[5.175111001240841,43.999399109891804],[5.175145435549942,43.99944839344199],[5.1751624267089005,43.9994818179474],[5.175179222146395,43.99951011445072],[5.1751958343013795,43.99954341144145],[5.175205721584121,43.99957697723957],[5.1752072772348,43.99961773134706],[5.175217205746701,43.99965237672462],[5.1752303284518675,43.9997020841509],[5.17523883869198,43.99973878348633],[5.175238393977569,43.999766342500635],[5.1752379904727555,43.999794981094475],[5.175240655379535,43.99982558440463],[5.175246674173835,43.99987543313445],[5.175246004105068,43.999926495308955],[5.175243832010028,43.999948011440765],[5.175237547081106,43.99996960937851],[5.175245547388042,43.9999929489259],[5.17523819443401,44.000025777246584],[5.17522595723448,44.00006788610709],[5.175214568686151,44.0001028204439],[5.175213097139048,44.00014268942595],[5.175232065341722,44.00019849289535],[5.175255887769916,44.00022462388671],[5.175280754636049,44.000248708350846],[5.175315984587343,44.00027960927334],[5.175344306310615,44.000315779494905],[5.175390195244277,44.0003710474578],[5.175446375249321,44.000431242591084],[5.1755013328369355,44.00049861966256],[5.17556482542992,44.00057392991952],[5.175642828090215,44.000647060787536],[5.175676604109277,44.00067907093343],[5.175704885040343,44.000714161490414],[5.175717158256783,44.000741602560645],[5.175723895134615,44.000771044472366],[5.175728251740057,44.00080674603644],[5.175733843404952,44.00084539412924],[5.175727986221139,44.000878192744544],[5.175719748745688,44.00091725101271],[5.175708710698436,44.00096136184502],[5.175700289938129,44.001005420608095],[5.175693364768261,44.00104944961791],[5.175686700135311,44.00109050234566],[5.175679306074431,44.00112225113685],[5.175675573031353,44.001171483592856],[5.175673787481906,44.00120312080934],[5.1756715448851445,44.00125218856652],[5.175669295614094,44.00127168051089],[5.175669379570686,44.00130328053732],[5.175680739511835,44.001346000440506],[5.175687476442294,44.001375442364605],[5.175703168675718,44.00141402458132],[5.175727223693159,44.00144622812548],[5.175752359227805,44.00147732976908],[5.175774764103883,44.001505514633564],[5.175795827967953,44.001537777673995],[5.175812678101762,44.00157728219471],[5.175831338199408,44.00162498875575],[5.175853975052182,44.00165924624416],[5.175862130435754,44.00168663419422],[5.175867490396417,44.001719209661736],[5.175863206115177,44.00175400275719],[5.175854927382652,44.00179198147501],[5.17584035697183,44.001821982365165],[5.175807157568089,44.00187369178313],[5.175762598870429,44.00193170443093],[5.175691747383912,44.00200671623261],[5.1756411161346305,44.002052695132804],[5.175591511575514,44.002086364031356],[5.175543598372537,44.00212513116341],[5.1755108968419234,44.002160489532066],[5.175445855699224,44.00227009345491],[5.175416205535902,44.0023461762155],[5.175398881839916,44.00241188503041],[5.175408835124585,44.00248636973425],[5.175409132345186,44.00253336124586],[5.175416569937701,44.00258115607971],[5.175431948049645,44.002611506558374],[5.175472206030124,44.00262704683021],[5.17550943667676,44.002641701956705],[5.175572283954457,44.002660844348696],[5.1756452681065115,44.00268086545255],[5.175714851725886,44.00268042654373],[5.175785093325967,44.002667819991686],[5.175873579257087,44.00265282466856],[5.175952379521549,44.002638967329986],[5.176026574286144,44.00262209541569],[5.176085443808539,44.00260566343095],[5.176155370860121,44.0025848248402],[5.17621977166086,44.002566256969644],[5.176289775924872,44.00254744250681],[5.17637690271173,44.002526261511655],[5.1764271308616046,44.002508920901164],[5.176484463275127,44.00249143888621],[5.176529319819517,44.00248041743298],[5.1765997929553365,44.00247388299832],[5.176678907245105,44.002468256937256],[5.176769079010381,44.002458224182725],[5.176907449030532,44.002446286637664],[5.177058003341134,44.00243005487057],[5.177193067431914,44.00240994471132],[5.1772568512828885,44.00240462341765],[5.177309043927187,44.002399532850326],[5.177372526037809,44.00239610819813],[5.177444577117817,44.00239170260268],[5.177511862802778,44.00238009913172],[5.177574109697197,44.00237372785195],[5.177671426688642,44.00236463248125],[5.177712378773627,44.00236894895048],[5.177762459411411,44.00237713513656],[5.17780207060171,44.002385529778415],[5.177857450446525,44.00238550738806],[5.177916860768733,44.002383243903886],[5.177960726791434,44.00238547649992],[5.1780165347556375,44.00239665466833],[5.17804780135176,44.002402109249786],[5.178092967018404,44.002399184003416],[5.178135373531058,44.00240239094816],[5.178176544834338,44.00240265137332],[5.1782236342926815,44.002410896923834],[5.178262278605358,44.00242336216401],[5.178347898943851,44.0024411040439],[5.178407974815268,44.002456248513695],[5.178477927149151,44.00247524772746],[5.178532203547932,44.00248551079309],[5.178591709546455,44.00249553460772],[5.178663531540241,44.002514496461416],[5.178782917575134,44.00253453646673],[5.17884718923462,44.002551757916],[5.178913224905303,44.002575966796286],[5.178955211665876,44.002597548622674],[5.17898852110559,44.002617277565264],[5.1790884279821,44.002636759989294],[5.179236897420828,44.00267364151153],[5.179361323181491,44.00270803085522],[5.179581410746674,44.002729169422],[5.179695330499726,44.00274324012455],[5.179770463821469,44.00275092609808],[5.180177297488374,44.002801968831506],[5.180251427975189,44.002812780626186],[5.180389278423051,44.00282637354671],[5.180603721996521,44.00284667724375],[5.180886034915961,44.002870624023195],[5.181041240574541,44.00288792155726],[5.18129417494853,44.00291663972927],[5.1814472374832485,44.00292682176631],[5.18151717783988,44.0029356905331],[5.181589046532336,44.00293628271636],[5.1816683573082525,44.00293578104405],[5.18185816343645,44.00293807186381],[5.18187401288637,44.00291223114117],[5.181906555881104,44.0028728224359],[5.181928191520359,44.002841734353545],[5.18195110389343,44.00281467230717],[5.181973783708496,44.00278153762777],[5.181999139567432,44.00274011147914],[5.182028075781912,44.00271400963645],[5.182053920658454,44.002695127134665],[5.182075907553661,44.00267321544196],[5.182097443005142,44.00264928699617],[5.182128608914138,44.0026130118596],[5.182145113254592,44.00255542118974],[5.182162142865348,44.00252131880528],[5.182175912448113,44.00248025884565],[5.182196129674166,44.00245122476866],[5.182220341014281,44.00241900483326],[5.182242136520329,44.00239210006191],[5.1822688876475524,44.002357803682116],[5.182292985206761,44.002322614892734],[5.1823188884633264,44.00229549308932],[5.182342644654453,44.00228070370774],[5.182392209215621,44.00224608711359],[5.182417205965191,44.00223437911875],[5.1824374229811125,44.00220534500129],[5.182456263223806,44.00217944451314],[5.18248020036493,44.00214007232197],[5.182506718640374,44.0020997032638],[5.182516840082793,44.00207087060005],[5.182533622985265,44.00202056703922],[5.182551718820495,44.001975234138484],[5.182562555354183,44.00192599459637],[5.182574162106179,44.00186755625879],[5.182584254288546,44.00179888432089],[5.1825925509613535,44.00175172122258],[5.182591467328154,44.00168435272608],[5.182572195053819,44.00163058215535],[5.182576671644452,44.00160091679264],[5.182574728096519,44.00157948257659],[5.1825848080617005,44.00154957033771],[5.182650620334792,44.00146047418542],[5.18266388788008,44.00143563023583],[5.1826740142940775,44.00140693251568],[5.182662845520375,44.001369341329536],[5.182651518350735,44.00125923128487],[5.182649952163601,44.00121834229801],[5.182657027048522,44.00117836125807],[5.182670987202359,44.001142294311954],[5.182688253850794,44.001114399441626],[5.182703058252327,44.00109060521996],[5.182728847033588,44.00106051450159],[5.182773982079898,44.00101774807087],[5.182849924905546,44.00092939496395],[5.182923264023109,44.000851222547105],[5.182974193219104,44.000783896276204],[5.183009761609439,44.0007453722138],[5.183035782713519,44.00072135404829],[5.183078044988824,44.00068175099168],[5.18311646317507,44.000649247269926],[5.183197339898892,44.000582268423884],[5.183267470041466,44.00052779363387],[5.183332105359214,44.0004763996042],[5.183410109344235,44.00041258410604],[5.183434593179919,44.00038751613304],[5.183460184767579,44.00035229726663],[5.183478749879981,44.000319244436604],[5.183491354931279,44.00027712718198],[5.183495903329065,44.00024935106313],[5.1835096936770295,44.00019910712576],[5.183510952189966,44.000124534249835],[5.183511776346935,44.00003862582758],[5.183509154721958,43.99997020769074],[5.183481519344931,43.99983489890632],[5.183474142189452,43.99975955311322],[5.183478712833981,43.9997225931426],[5.183489667066518,43.9996764573529],[5.1835102235062545,43.99962702368926],[5.183547585869789,43.99956699065126],[5.1835618413912865,43.99952889195482],[5.183574072316821,43.99948678217498],[5.183575853427492,43.999455144860775],[5.183573571884446,43.99943466278296],[5.183590878941832,43.99940784737316],[5.183605992784998,43.99939214987036],[5.183587683708999,43.99935375603703],[5.183585055710524,43.99932423251431],[5.183584347287478,43.99930574478097],[5.183583333777929,43.99927929517744],[5.18358263052696,43.999260942391516],[5.183579878432529,43.99922818014342],[5.183582285217414,43.999212871414784],[5.183586993785877,43.999189278664495],[5.183590403297442,43.99917084376002],[5.183598258087537,43.99915123969477],[5.183611803917263,43.99913368279804],[5.18364435749815,43.99910440214704],[5.183659471246127,43.99908870463962],[5.183675866952464,43.99907716808809],[5.183693794397829,43.99906654629962],[5.183706647730483,43.999060212384784],[5.18370844271054,43.999038703561816],[5.1837051222167085,43.99902040303993],[5.1837011951337875,43.99899603737216],[5.183697614525114,43.99898071314869],[5.183698329217417,43.99896030629963],[5.183703311791521,43.998943865734766],[5.183712936130688,43.99893138398753],[5.1837236821231585,43.99891887984191],[5.183735732316147,43.99890135279567],[5.183751460851923,43.99887240808161],[5.183753748635116,43.99885399557329],[5.183755917476174,43.9988324792861],[5.183759559622051,43.99882011699114],[5.1837617698303715,43.99879968027954],[5.183759570988139,43.9987813573638],[5.1837559128073565,43.998764008940526],[5.183748224637944,43.99874890179343],[5.18373768140134,43.99872763934971],[5.183734064600827,43.99871137050148],[5.183736078305703,43.998685805809366],[5.183746669107906,43.99866925325619],[5.183761705142372,43.99865153153503],[5.183777981760811,43.998636891192426],[5.183795598764201,43.99861817257624],[5.1838190205274985,43.99860446994646],[5.183844503044149,43.99859572301531],[5.183870655746531,43.99858493694221],[5.183898879551048,43.99857937645915],[5.183934930564665,43.998563260793944],[5.183970294340196,43.99855850305518],[5.184010950874331,43.99854540154267],[5.1840430494506515,43.998533551330645],[5.184080792465942,43.99852253373119],[5.184113779917412,43.99850458848802],[5.184133202633082,43.998493936762216],[5.18415361399342,43.998470030370704],[5.1841906173023755,43.99843971533206],[5.184217024785327,43.99842581793185],[5.184243318461533,43.99840895169447],[5.1842752203568425,43.998391973434735],[5.184303169879194,43.998379260664734],[5.184339220651938,43.998363144868094],[5.18437131905738,43.99835129456102],[5.184412745244042,43.99832899411095],[5.1844517145871,43.998310929276094],[5.184493550805789,43.998289565955474],[5.184529642852885,43.99827452967157],[5.184572880013304,43.9982604310441],[5.184639948660411,43.998233566755886],[5.184655158802124,43.998230156748704],[5.184711129935714,43.99820662026535],[5.184741298068818,43.998183464194966],[5.184773008263433,43.99816149276009],[5.1848197902158875,43.998122744082714],[5.1848546299952085,43.99807505056612],[5.18495104357498,43.998003573441494],[5.1851083204844475,43.99786051897852],[5.1851891495138505,43.997792459192695],[5.185249531501707,43.9977473613121],[5.185289053868321,43.99770470599097],[5.185328631819239,43.997673258708055],[5.185362701168502,43.99763476383472],[5.1854006088370745,43.99758903458682],[5.185429089374642,43.99756091519208],[5.185458062791256,43.99753589209344],[5.185507735192557,43.99750424300979],[5.185629182372044,43.99742213621016],[5.185649451751406,43.99740430962876],[5.185662680815544,43.99737852074621],[5.185669675474821,43.9973365153988],[5.185686835395165,43.99722786220821],[5.185714267620002,43.997026089214444],[5.185719052762623,43.99700452060215],[5.185726321653343,43.99696966743393],[5.185743425090783,43.99693758880124],[5.185766557050072,43.996906605120984],[5.185806563792236,43.99688635825296],[5.1858356919826,43.99686538346386],[5.185862175977212,43.996853509878925],[5.185888135979061,43.99683773030786],[5.185920269437435,43.9968268241832],[5.185953706845466,43.99681089512909],[5.185984344789587,43.99680001887972],[5.186015201298707,43.996785086748694],[5.186045606271724,43.996768137883244],[5.186074479504982,43.99675027427858],[5.186096540211852,43.99673038605203],[5.186131771505843,43.99669294811112],[5.1861535577994475,43.99666590770211],[5.18617792492825,43.996637870343065],[5.1862089244686755,43.99659741082356],[5.186274916911747,43.99651330576856],[5.186297472632128,43.996477066540315],[5.186311016995003,43.99645950933625],[5.186322667228714,43.99643159114099],[5.186336454161453,43.996381346957214],[5.186353520838214,43.99634832361373],[5.186370271680293,43.9963070685259],[5.186392397539072,43.99625962871532],[5.186409112085313,43.99621742899756],[5.186442004553414,43.996148300946246],[5.1864719888471225,43.996081391834934],[5.186504529084772,43.99600308740368],[5.186515154827879,43.9959874792339],[5.186533167916775,43.99594012163289],[5.186550595897669,43.995877515069736],[5.1865503868304215,43.99584281137953],[5.186553382040897,43.99580385706732],[5.186560536359101,43.995766035043744],[5.186552257596014,43.99573554421395],[5.186546435385197,43.995700817712816],[5.186535461925596,43.99566835501339],[5.186521461323854,43.99563500749113],[5.186505727116352,43.995595482328724],[5.186491369301587,43.99555282349345],[5.186488035834398,43.995504947377164],[5.186509534800843,43.99544117903554],[5.186525877311435,43.99537953954599],[5.186546703982553,43.99533725759863],[5.186562000362135,43.995297111979454],[5.186580365277158,43.99525893075171],[5.186605714442192,43.99521750371395],[5.186646574148224,43.99517076966652],[5.186680070490255,43.99512715394731],[5.186732223549181,43.9950822197881],[5.186731633252961,43.99506683588918],[5.186735832727248,43.995030018304575],[5.186751502750859,43.99498986518984],[5.186824285161045,43.99489752104479],[5.186843043320973,43.994869595712714],[5.186892991141318,43.994806203725034],[5.186941681629626,43.994749049160795],[5.187008105858663,43.99467627925365],[5.187055492305953,43.99462414756935],[5.1870950525866055,43.99458257124356],[5.187163127221936,43.99451381973233],[5.1871797756417255,43.99449917144067],[5.18725760658418,43.99443117007897],[5.1873401981156055,43.994370231085135],[5.1874122057253125,43.994325979845165],[5.187481414034123,43.994286781404725],[5.1876115476967115,43.994216788144556],[5.187709798968207,43.99415445518307],[5.187787097817649,43.994101859781466],[5.187821416362223,43.99407970020978],[5.1878473184233735,43.99405271217182],[5.187856977293613,43.99404117471946],[5.1878580988535274,43.994041152279536],[5.187877172244969,43.99402145851095],[5.1878935043153955,43.99399857838781],[5.1879022090748075,43.99397193442165],[5.187911049365366,43.993939075443464],[5.187920814334642,43.9939010660639],[5.187931996987885,43.99386100256837],[5.187946522734491,43.993830055580645],[5.187966126963884,43.993794955476986],[5.187995960687639,43.99375343838755],[5.188029771204501,43.99371805401584],[5.188072654980735,43.99365588323245],[5.188113160044998,43.993599972330394],[5.188157287554225,43.9935019883837],[5.188196652527703,43.99341638927257],[5.18822174502233,43.99337807314976],[5.188248043498521,43.99332244649229],[5.188282328232167,43.993260447710746],[5.18832228355682,43.993190232440085],[5.188410921176204,43.993062727048525],[5.188476398444898,43.992965396104594],[5.188499148278925,43.99293428445302],[5.188524458741249,43.992891912402285],[5.188552505273066,43.9928525917335],[5.188576045622479,43.992803097452594],[5.188606139661635,43.99273915670156],[5.188641075026715,43.992645408057285],[5.188645744682658,43.99262087055482],[5.188651790515276,43.99259319935914],[5.188654135610604,43.99254710039644],[5.188655048231499,43.99249292711165],[5.188657082378732,43.99243873138035],[5.1886602594911295,43.99237532937953],[5.188661158693726,43.99229158043935]]]},"properties":{"zone_type":"ens","name":"La for\u00eat de la P\u00e9r\u00e9gine et du ravin du D\u00e9fend","area_ha":111.1,"communes":"Venasque","owner":"Commune de Venasque","manager":"Commune de Venasque, ONF","habitat":"Forestier","source":"CD84 / DataSud"}},{"type":"Feature","id":"ens-11","geometry":{"type":"Polygon","coordinates":[[[5.438395844663516,43.82118503011844],[5.430046293122243,43.820954694526215],[5.43004846151867,43.821005694378414],[5.429963987441451,43.82101054825522],[5.429956258160089,43.820995460092114],[5.429866153611364,43.82099949404984],[5.4298605798714865,43.82096491091348],[5.429779861257169,43.82096157806361],[5.4293492398732806,43.820949701678714],[5.428339300800416,43.82092939094855],[5.428957814384107,43.82114033272227],[5.42895785452171,43.821141277164465],[5.428912667423062,43.8212015699794],[5.428794312421965,43.821374772405875],[5.428749182285914,43.8214451924906],[5.428679545973747,43.821562209863544],[5.428612242890137,43.82170780541506],[5.428576137303955,43.82175358069909],[5.428516012591285,43.821866199609],[5.42847518207469,43.821932472369824],[5.42842131840256,43.82202563989166],[5.428353228746841,43.822152751226696],[5.428267530132556,43.82229565020154],[5.428204451419463,43.822400231855994],[5.428140185485654,43.82251199746735],[5.4280789757651755,43.82259911621862],[5.4280188896890635,43.82268634496088],[5.427960443392496,43.822768270276285],[5.42789093568114,43.82288839041414],[5.427785367630012,43.82299391800279],[5.4277133825250345,43.82309964304225],[5.427619934921069,43.82321827035233],[5.427562175805263,43.8232900515432],[5.4275375253823785,43.82330694122094],[5.4274525817982004,43.82337108967832],[5.42731406526027,43.82346506099266],[5.4271869760769755,43.82355580667289],[5.426985383949243,43.82369304665468],[5.426892239621714,43.82375737721243],[5.426732436798799,43.82385087624283],[5.426556205302414,43.8239528435602],[5.426363263907252,43.82406544611187],[5.426188132445057,43.824158205062886],[5.425991129909297,43.82427184264654],[5.425823342154831,43.82437064980981],[5.425787182522698,43.82438887553527],[5.42570244966586,43.82441412403264],[5.425524227612159,43.82446927221176],[5.425494754244934,43.824478030770145],[5.425462097203626,43.82450846784915],[5.425382446575981,43.8245919438408],[5.425352593612004,43.82461813201684],[5.42533340096325,43.82463179366896],[5.425294454524475,43.82464589472478],[5.4252444583652935,43.82466334766069],[5.425210976619069,43.82467435607167],[5.425170957784566,43.824689561321385],[5.425125147274321,43.82470894682257],[5.425020662623613,43.82477865980589],[5.424890453496273,43.82486636602293],[5.424742719382175,43.82497188303149],[5.424580528943957,43.825079611980996],[5.4244708707142015,43.82515051985584],[5.4244226387831604,43.82518319361752],[5.424434587927411,43.82519224624022],[5.424443869469789,43.82521756395889],[5.42444775554926,43.82523881515829],[5.4244468713949745,43.82525314992449],[5.424443555655867,43.82527172525303],[5.424430125037801,43.82528931006225],[5.424408556909335,43.82531733947485],[5.424354380074654,43.82540335437627],[5.424278835827791,43.82551334273072],[5.424228990289874,43.82556955066675],[5.424207771071028,43.82560581022175],[5.424193788735588,43.82563677703968],[5.424201562908927,43.82565294502243],[5.424236987729605,43.825661340669136],[5.424294890907837,43.825663159341985],[5.42433863074375,43.82566529290631],[5.4243770208654505,43.825664439297114],[5.424461885787375,43.82566862943617],[5.424588782180502,43.82566985913039],[5.424632522032504,43.82567199257685],[5.4247155526426,43.82566812041676],[5.424779000840645,43.825668735134784],[5.424804976099095,43.82567423463827],[5.424836261032462,43.82568177682295],[5.424886456141273,43.82570415888894],[5.424925206346195,43.82572058325299],[5.424968778437882,43.82574513830444],[5.424993806156862,43.82577226655716],[5.425014682449144,43.82579827170329],[5.425021401103833,43.825824726777675],[5.425023974035479,43.82585019367196],[5.425018277819946,43.82588300203942],[5.425017136168358,43.82589126537451],[5.425012192290386,43.825906635784406],[5.424986787632544,43.825940962871385],[5.424956003945107,43.82598040637052],[5.424932130182568,43.826015644734774],[5.424904677411035,43.82606325208307],[5.424899865159764,43.82608172567128],[5.424891450412951,43.82612080671493],[5.42489823532085,43.826183993458095],[5.4248999337891,43.826250399436034],[5.424909720992617,43.826349172160945],[5.424922400236353,43.826419385382565],[5.424934587763504,43.82646921724908],[5.424953524439125,43.82651984435169],[5.424982702213514,43.82657443018406],[5.425012930107785,43.826618593935926],[5.425036896719538,43.82665587442628],[5.425053633289369,43.82668102632],[5.425057152694007,43.826702420727905],[5.4250543328392045,43.82676784683519],[5.425026430892643,43.826840043017576],[5.424999868567928,43.82694381071231],[5.424987611385303,43.82698905441632],[5.424980378320711,43.82702081659543],[5.424963612221931,43.82709168471626],[5.424949973437546,43.827130746921526],[5.424942442630458,43.82715549320724],[5.424932732089564,43.82719041659654],[5.424918159478835,43.827216264827946],[5.424899360877277,43.827239235977544],[5.424853597915418,43.82728617015642],[5.424803493782595,43.82733630696974],[5.42479488090878,43.827335553169],[5.42257610752751,43.826955824533336],[5.423182891809614,43.82572771766273],[5.423193490762593,43.825704929067676],[5.423141012478402,43.82569907285138],[5.423136539838065,43.825699172251035],[5.4230913091410144,43.82569707133717],[5.423035392373341,43.82567170950631],[5.422985157975665,43.82564838214186],[5.422943592505917,43.82563593605964],[5.422872673728449,43.8256263030108],[5.422716492700026,43.82557669957007],[5.42261679649435,43.82554825886473],[5.422529874807734,43.825530743234005],[5.42239034360878,43.82550426777393],[5.422337945653662,43.8255003000664],[5.422333845746326,43.82550039115253],[5.422315668303159,43.8255028207134],[5.422286658128642,43.82551372886648],[5.422285207283306,43.82551470643523],[5.422240886009638,43.825534057613346],[5.4222033490119,43.82554623555781],[5.422194776471032,43.82554642599986],[5.422158375795346,43.82555020570407],[5.4221457490889735,43.82555156658999],[5.422111614347745,43.825547193056586],[5.422061699608396,43.82554019899469],[5.422047817510625,43.82553834660301],[5.422022301068511,43.82553486197959],[5.421994020158745,43.825536570585186],[5.421890264873584,43.825553190396214],[5.4218397866042585,43.82555930841238],[5.421531958192876,43.825584647061255],[5.421492878681559,43.82559564358307],[5.421487373639051,43.825597791564306],[5.4214552100003,43.82560471808562],[5.421424073047088,43.82560946102776],[5.421232387542665,43.82564639947746],[5.421165180271375,43.82562749963887],[5.421115415378045,43.8256152349441],[5.421080076781383,43.825608862100296],[5.421014834881471,43.825601127516016],[5.420864339806911,43.82558002538527],[5.42076623702452,43.825562756613955],[5.420558848162829,43.82550199767852],[5.420480459713831,43.82548334565371],[5.420432231682675,43.82547212692038],[5.420318520736417,43.82545628462556],[5.420211845799859,43.82543920565085],[5.420158204200041,43.82543229345117],[5.420082939215982,43.82542572613192],[5.420039199722256,43.825423590861234],[5.420001273828024,43.82542659340917],[5.419923748334907,43.82542831407797],[5.4197930254936635,43.82544242430957],[5.419531152628101,43.82548699457803],[5.419299918069322,43.82552386189628],[5.419063303724841,43.82556584485048],[5.418988992404201,43.82558180861731],[5.418865054822955,43.8256152140866],[5.418780921318535,43.82562828950968],[5.418477814117626,43.825632987486856],[5.418333727130536,43.82563105159061],[5.41808515287617,43.82562846177515],[5.418014794366236,43.825632047851386],[5.417804757652667,43.82566736148065],[5.417675650195623,43.825684404384425],[5.417612681497183,43.82569511892275],[5.417567924730495,43.82570421418566],[5.417485669780507,43.82572643020152],[5.417353259379555,43.82577123075961],[5.417294516012016,43.8257848224848],[5.417265287877406,43.82579060229405],[5.417223301604528,43.82579463922138],[5.417127053854795,43.82579474723557],[5.417032755306367,43.82579683767264],[5.416949940820018,43.82580583099507],[5.4168799243749675,43.825817511619874],[5.416830700440402,43.82582684064519],[5.416762608460759,43.82584874217015],[5.4167181994758575,43.82586606728772],[5.416614503008579,43.82591941373789],[5.41647944249132,43.8259897959893],[5.4164216057616486,43.82602483974553],[5.416408387218213,43.826215144982086],[5.416391673315304,43.82641984277262],[5.416378907214371,43.82658555931063],[5.4163688661905605,43.826718668934014],[5.416361719600754,43.82677905866356],[5.416353082082072,43.826839481435385],[5.416349693191892,43.826891685019724],[5.416357138177352,43.82693541059288],[5.41637766476573,43.827023817210154],[5.4174869584505,43.8268593184057],[5.420238727314823,43.82757155794014],[5.420291647009024,43.827587804500645],[5.420318872332718,43.82759638344859],[5.420350712010984,43.82761701429622],[5.420394546444816,43.82764777758452],[5.420435696212459,43.82768562295662],[5.420655245170946,43.827777848746884],[5.420540180793383,43.82788871179877],[5.420391333668894,43.827774524080276],[5.420292911340231,43.82795240648056],[5.420290135286625,43.8281863715649],[5.420262980455835,43.82824112864156],[5.420255356047612,43.82826371587884],[5.420251107805503,43.82829554650311],[5.420251519655386,43.82834050841493],[5.420250636154334,43.82838131258551],[5.420251048004466,43.82842627449975],[5.420255584154984,43.82846290692912],[5.420239866710818,43.82849701785449],[5.42016734818087,43.82861706476408],[5.420267724111399,43.828652650323605],[5.420155385974548,43.82899533030765],[5.420048921603137,43.8289833781505],[5.419921577582462,43.82934178646697],[5.421271503803366,43.82959879689676],[5.4212474547604526,43.82962998689089],[5.42078532564919,43.82991507094185],[5.421376686420295,43.83021444271403],[5.421513184969651,43.830274749249874],[5.421606699658276,43.83031561790743],[5.421657914009702,43.83032676992916],[5.4217535017517955,43.8303461197218],[5.421855793352024,43.830365185488745],[5.42190402579082,43.83037640362674],[5.421986116719425,43.830376606014376],[5.42204991586129,43.83031495729599],[5.422178427552656,43.830125195611],[5.4222307806758225,43.83005758881181],[5.422256451892983,43.83002946866387],[5.422284555030794,43.82999710798384],[5.422507534116704,43.82982672002801],[5.422551166545767,43.82979104320296],[5.422606621039826,43.82967339939179],[5.422620932209539,43.82964134504704],[5.4226692060982185,43.829583147009984],[5.422730688945365,43.829502102376466],[5.422754777166144,43.82947185650716],[5.422820729758438,43.82936424301698],[5.422833852932132,43.829339372609674],[5.422849802673081,43.82931957123519],[5.422872778243896,43.829289485111595],[5.4229906912837675,43.82917545004983],[5.42304882732699,43.82912108414702],[5.423081190803098,43.82908363179596],[5.423099990741814,43.82906066093332],[5.423139542726983,43.82899036710214],[5.423163930629124,43.828940802559494],[5.423180212837947,43.82892004840928],[5.423202188261698,43.82891037675295],[5.423233498501702,43.8289096809315],[5.423300918840534,43.82890710220126],[5.423355998673193,43.82890385235524],[5.423416251098524,43.82889940713175],[5.42349803665415,43.82889245755459],[5.423543913195617,43.828883334986024],[5.423576038371881,43.8288754633859],[5.423602744092373,43.82887176368746],[5.423667475074231,43.82886735382757],[5.42372250906886,43.828863024426596],[5.42375204141024,43.82886439370144],[5.423786092420103,43.82886674291191],[5.42380854269365,43.82886826959634],[5.423830218103564,43.82887791640726],[5.423855959332573,43.828886662543134],[5.423880112319891,43.828893148155394],[5.4238935931763255,43.828903112163545],[5.4239195461711365,43.8289168503702],[5.423946789088285,43.828934611349595],[5.423986091366936,43.828955210352525],[5.4240317539074,43.82896742999192],[5.4240774221905985,43.82897978453355],[5.424101489393368,43.82898424627873],[5.42411420838417,43.82898504390313],[5.424125648173099,43.82899086675826],[5.424148820372028,43.829000615281075],[5.424171619837389,43.82901037208582],[5.4241819013484935,43.8290152753471],[5.424186127421331,43.82901815245832],[5.424207373687635,43.82901768010304],[5.424222352740993,43.82901018951123],[5.424244786618584,43.82900253317564],[5.424269921258305,43.82899697756477],[5.424291465149355,43.82900352109669],[5.424319941619011,43.82901517737978],[5.4243544678231075,43.829028724874426],[5.424423955307148,43.82906607384388],[5.424494858766913,43.829110413809516],[5.424600981343634,43.8291846266158],[5.424664808698754,43.82922925887325],[5.424787256412477,43.829081493875805],[5.424805560837232,43.82908203216399],[5.424855237939379,43.82909213646232],[5.42494339908479,43.82910354566694],[5.425015813493188,43.829113144231236],[5.425078032201529,43.8291198633892],[5.425137561569703,43.829124751646155],[5.425185398522804,43.82912665876255],[5.4252264001509225,43.82912574682036],[5.425249269114656,43.82912834428746],[5.425277396552194,43.82913177012938],[5.425313110536728,43.829138133336436],[5.4253090728172415,43.82914848683501],[5.425278808696985,43.82920020833173],[5.425248722028046,43.82925611237866],[5.425199985563745,43.82932971743343],[5.425326956651409,43.82936767800014],[5.425329615771765,43.82939516876143],[5.425336724378411,43.829430798517365],[5.425341177974077,43.829465406939974],[5.425345350450729,43.829502182393306],[5.425349586458948,43.829531663811075],[5.4253621545639845,43.829564066017205],[5.4253716839929105,43.82958640716818],[5.425379802617372,43.829610670379594],[5.425386172580826,43.82962889530003],[5.425407096271395,43.829655979803256],[5.425424912034254,43.82968016236522],[5.425412759787319,43.82969272209407],[5.4253155301671665,43.82979293003715],[5.425132400636623,43.83000538310343],[5.424794555528312,43.83038779138668],[5.424693199843555,43.8304963284866],[5.424635786666807,43.83047100055502],[5.424547820747211,43.83042906571926],[5.424442514491257,43.83037414655364],[5.424438677551047,43.83038044410025],[5.424409877099322,43.83039634494039],[5.424364582644456,43.83042800803239],[5.424327689691541,43.83045543285635],[5.424294765315691,43.830479663317334],[5.423975098445373,43.830367251924415],[5.423908408952516,43.83038710100738],[5.423870536844674,43.83019792953852],[5.423831850048319,43.83001593376638],[5.423795261084687,43.82984820651847],[5.423786530779932,43.829809506604754],[5.423829773253613,43.82976465461937],[5.423908331528653,43.829690387284835],[5.423921803401665,43.82967374694071],[5.423800217440426,43.82956922117014],[5.423584537854678,43.82967408613308],[5.423341164674014,43.82978577836244],[5.423296546455049,43.829938969617096],[5.423214333799763,43.830191041552844],[5.423186816902522,43.830272412072524],[5.423170296254024,43.83032274715921],[5.42314020693218,43.830378650663576],[5.423107502574052,43.83043447722272],[5.423091770010495,43.830459405662076],[5.423006929371665,43.830429554528024],[5.4229440172789785,43.83040650869254],[5.4229686013625855,43.8303527533037],[5.422941545948431,43.83034822264461],[5.4229231553264325,43.83034566022207],[5.422907414002578,43.8303439842686],[5.4228930321083135,43.8303391719906],[5.4228846599853355,43.83033530656276],[5.422881546410927,43.83033226963004],[5.422872538396396,43.83032220609904],[5.422848035972572,43.83030749005205],[5.422837955481018,43.830298530736634],[5.422829079048572,43.830291570394614],[5.4228120421613335,43.83028573671062],[5.422804874106589,43.83028387025126],[5.422791983235849,43.83027902483134],[5.4227803879456715,43.83027833712721],[5.4227111995239055,43.8303360545752],[5.422512919835032,43.830490633760604],[5.422595899388338,43.830546996133776],[5.422603199026685,43.8305519658003],[5.422690680337044,43.830556099359804],[5.422796759206334,43.83055887429278],[5.422751020666648,43.830712090244404],[5.42279515329263,43.83072339909272],[5.4228308222316945,43.8307286837473],[5.422878580362298,43.83072870297712],[5.422926791335161,43.83073060280358],[5.422972197632363,43.830736751435325],[5.423012144225398,43.83074612748473],[5.423073050815213,43.83075706348929],[5.423131216570171,43.830764954250185],[5.423205123791408,43.830774520893286],[5.423274300532101,43.830778115427925],[5.423342399073672,43.83078267922071],[5.423394584512976,43.8307815194449],[5.423438282456718,43.83078257400571],[5.423477127239799,43.83080115767883],[5.423595232866599,43.830858764376735],[5.4237988729144755,43.830962547033124],[5.424019435736004,43.83107824256665],[5.4241667819451935,43.83115667139491],[5.424210226208656,43.8311781236401],[5.424230347868759,43.83119509757636],[5.424258353946665,43.83122202487195],[5.424297031203606,43.831263030073956],[5.424379277513853,43.83134601207293],[5.424444258373482,43.83140898554466],[5.424516378347978,43.83148192890194],[5.42435678176795,43.83154570903575],[5.4244297556997205,43.83170033794052],[5.424319863429466,43.83173964947444],[5.423383506592003,43.83208633545428],[5.4233773281761595,43.83210781045486],[5.423363040542788,43.83213162645039],[5.423349871183799,43.83215541759226],[5.423323017475181,43.83219085693369],[5.423260041524333,43.83227193517159],[5.423203782591209,43.832335442825205],[5.423164683852177,43.83238128288901],[5.423147150769361,43.83239895873566],[5.423139143616418,43.83241250648787],[5.422687062117002,43.83246846799046],[5.422435695931326,43.83249755083276],[5.4224397344078366,43.832487197419034],[5.422444507955515,43.832467779414515],[5.42245359353528,43.832453262418596],[5.422461086079636,43.832427571771916],[5.422465550748615,43.832400868000654],[5.4224726943751955,43.83236694713649],[5.422487958710509,43.83233095518601],[5.422503348862802,43.83229793150925],[5.422513646152942,43.83226799204282],[5.42251714024055,43.832253599261314],[5.42251098825325,43.83224050116383],[5.4225074456075815,43.83222734509793],[5.422502653119934,43.83221111067905],[5.422499104758197,43.832197819691494],[5.422491662900138,43.83218069878938],[5.422485092406049,43.83216652959951],[5.422483367823839,43.83215225275524],[5.422478116790955,43.83213400279344],[5.422473238523387,43.83211574455056],[5.422469346990747,43.832094358268286],[5.422468391796728,43.83207182636523],[5.422460359854037,43.832049586723556],[5.422453904758416,43.83202933778126],[5.422443389330961,43.83201012438044],[5.42242985178396,43.83199003277517],[5.422407477642795,43.83196392523588],[5.42237673119929,43.831933952221746],[5.422334040290898,43.831895061231734],[5.422304675292509,43.83187126974879],[5.42229724396779,43.831863196862216],[5.422288825907665,43.831858252012495],[5.422275545816931,43.83184423186037],[5.422266583424601,43.83183524764242],[5.42224750033401,43.831816359594356],[5.422225560997311,43.83180050605932],[5.422202629212709,43.83178764563485],[5.422177879391562,43.83177590597846],[5.422157648448855,43.83176514632937],[5.4221391258711025,43.83175948057643],[5.422128114647006,43.83176377662035],[5.422117452271939,43.83177630287878],[5.422113368036433,43.83178557690349],[5.422112724421747,43.8317968002332],[5.42211333062057,43.83181110191968],[5.422116460357548,43.83182332182384],[5.422122612209548,43.83183641994016],[5.422123001093633,43.83184559460712],[5.422119466899579,43.83185904292137],[5.422108798785995,43.83187143425812],[5.42209642802921,43.83187886661469],[5.42208478667249,43.83187709946331],[5.422064601461482,43.831867419168894],[5.422048797882063,43.831855480770365],[5.422035603631011,43.831843484412694],[5.422017810453415,43.831828619132956],[5.421999110592669,43.83181877078714],[5.421976441904281,43.831812116707496],[5.421951094220195,43.83181267970116],[5.421937015114331,43.83181501813638],[5.421922936007312,43.83181735656979],[5.421911924755821,43.831821652592005],[5.4218938768063945,43.831827185288574],[5.42188267005842,43.831835672156124],[5.421878741245165,43.83183981087302],[5.42187768479533,43.831850098029705],[5.4218780736401975,43.831859272697635],[5.421876885668849,43.83186645665786],[5.421880296625775,43.83187650954478],[5.421889436232316,43.831889676363964],[5.421892302881836,43.831895689882],[5.421716094403266,43.83186692160104],[5.421421673051224,43.83181322821606],[5.4211486710600925,43.83176310992646],[5.421123106161971,43.831758545706215],[5.421078779653596,43.831777896487296],[5.421003948461005,43.831808188209706],[5.420922034741859,43.83183863712107],[5.420778961538649,43.8316936652026],[5.420756651884874,43.83170428911404],[5.420707168279883,43.831734017915466],[5.420660969620421,43.83177083134323],[5.42063039506259,43.8317889313198],[5.420601461390223,43.8318017279704],[5.420561109300987,43.83181801924393],[5.4205334551800854,43.8318257906774],[5.420491520572083,43.8318399562766],[5.420461101515603,43.83185292090918],[5.42041843429376,43.83177932120898],[5.420409013424159,43.83165380016505],[5.420406121728839,43.831585529813],[5.420402813387768,43.83154265782747],[5.420396096198559,43.83151620237449],[5.42038815086152,43.8314959864125],[5.42037613766772,43.83145020153109],[5.420314477004089,43.831456702001546],[5.420265358666797,43.831459817940775],[5.420218723914651,43.83145990766836],[5.4201790401368255,43.83145673698733],[5.420149243689156,43.831449160347226],[5.420105926453605,43.83143067475718],[5.4200699844046225,43.831410134790524],[5.420040917721744,43.83139335863075],[5.4200133877967955,43.831377628745976],[5.419987303206269,43.831360786391016],[5.419958367988424,43.83134711340756],[5.419951595754796,43.83138102581317],[5.420032438566713,43.831563167680244],[5.420090070282676,43.83169058983106],[5.420088495212016,43.831715068563305],[5.42008428661892,43.83174784370112],[5.4200727085290445,43.831782808121964],[5.4200503260882025,43.83181814737508],[5.419997125033963,43.83192750191205],[5.4200363811832695,43.831991048838574],[5.420013735797927,43.83202018169067],[5.419985710373952,43.832054430730146],[5.419944689664906,43.83209018359398],[5.419899648509414,43.83212791634216],[5.419853574709843,43.83216769771473],[5.419801582346486,43.832208690793685],[5.4197688721501445,43.8322380469406],[5.419740675073519,43.83226824826974],[5.419723495189001,43.83229428871248],[5.419714121876208,43.83231083757726],[5.419706309575604,43.83232019423113],[5.419691990387555,43.83235211332509],[5.419667356657511,43.83240478866821],[5.419647577360837,43.83243993503024],[5.419629032010985,43.83246897682509],[5.419610773711857,43.83249598651962],[5.419577132061341,43.8325385980321],[5.4195506585969975,43.83258307621169],[5.4195421778233595,43.832611894674834],[5.419539545607332,43.83264666055235],[5.419540579636642,43.83267108139395],[5.419545548421014,43.832691498522756],[5.419555030394597,43.83271276085106],[5.4196028145212924,43.83277503835489],[5.4196505530469254,43.832836236465916],[5.419686433081712,43.83289054012201],[5.419706585473215,43.832925880817484],[5.419720687903723,43.8329593300298],[5.419727879157569,43.832996984057054],[5.4197277250080695,43.83302858884425],[5.4197231733109055,43.83305326868685],[5.419721442383823,43.83308288273471],[5.4197271668321925,43.83311233134978],[5.419736197702227,43.83315818252365],[5.41975705005015,43.83319242729774],[5.41978309695132,43.8332347947649],[5.419814356956448,43.833276911497556],[5.419880066340546,43.833357157756744],[5.4199351111361285,43.8334234605443],[5.419983928874843,43.833483689264135],[5.420040373573202,43.83354780016426],[5.420085372380586,43.833605952821536],[5.4201630186722225,43.83371253861327],[5.420197827141014,43.833767946324876],[5.420209274937251,43.833800374029884],[5.420217523404314,43.833827740891344],[5.420212941955979,43.833860524350484],[5.4201962361149185,43.83389776340653],[5.420162298636331,43.83395982870295],[5.4201344195867085,43.834006363984024],[5.420102406682546,43.8340081548389],[5.419849946800642,43.83401159659658],[5.419311589995623,43.8340306993202],[5.4193251723550615,43.83412236611155],[5.4193281999881755,43.83419387472586],[5.419331244900126,43.83423054040624],[5.4193264758601245,43.834250093217676],[5.4193146640514485,43.8342707476181],[5.419272991419038,43.83431758868744],[5.41905538924454,43.8345451112614],[5.419271319197641,43.83485093303566],[5.419292893128077,43.83489339990498],[5.41897444570511,43.83503929431888],[5.418591316227312,43.83521741346302],[5.4183530372907915,43.83532682044476],[5.418224525677427,43.83538490520961],[5.418167364910615,43.835409671218756],[5.418138691506513,43.835428673660566],[5.418075642735712,43.83547301719523],[5.417841833065221,43.83565281935034],[5.417746095126033,43.83571827980877],[5.417711633821391,43.83574159696657],[5.417648150511701,43.83577568618059],[5.417607960325214,43.83579588914384],[5.417566571830527,43.83581422797545],[5.417524804813933,43.8358324401336],[5.417465280991435,43.83585428707942],[5.417411987807358,43.835864651783915],[5.417328272689444,43.835887980253844],[5.417265372594397,43.83590058356992],[5.4172163358876775,43.83590572197727],[5.417161294619352,43.83591004811437],[5.417090923395197,43.83591363361754],[5.417028909399584,43.83591190199583],[5.416978986230914,43.83590490556274],[5.416931052566381,43.83590083608419],[5.41687855985583,43.83589484189542],[5.41683537156545,43.835879458165856],[5.416787135477794,43.83586823774817],[5.416739892225922,43.83585402423662],[5.416702582999636,43.83583648443806],[5.416663193018493,43.835813858889765],[5.416618367214744,43.83578622193943],[5.4165634762167585,43.83575880801544],[5.4165131442987775,43.83573331876875],[5.416459835841507,43.83570803050572],[5.416421206826141,43.8356945713204],[5.416380915513159,43.835677097496685],[5.416335157958627,43.835662715848244],[5.41628949171504,43.83565049293598],[5.416249371635358,43.83563706673004],[5.416212405019815,43.835627622098016],[5.416156673616566,43.83561562214137],[5.416112840895695,43.83561146144954],[5.41606602589591,43.83560736681357],[5.415984169051946,43.8356040485001],[5.415885169782328,43.835601244942694],[5.415689280475563,43.83560139792462],[5.415449368232485,43.83560171536513],[5.415116253842764,43.83560396137982],[5.414791713501166,43.83560601651656],[5.414486890880041,43.835606688782875],[5.414144038385424,43.83560806704841],[5.4140750330819465,43.83560864930411],[5.414021220799655,43.83560673442025],[5.413984471173773,43.835602416081315],[5.413941842478121,43.83560025359566],[5.413909153608202,43.83559490000391],[5.413872318501645,43.835588557792434],[5.413846712575612,43.83558304739973],[5.413809831886548,43.83557562578865],[5.413768266895381,43.835563311055274],[5.413731215245828,43.83555184174805],[5.413695110987056,43.835536300005394],[5.413666089671358,43.83552060148254],[5.413634242304097,43.83549983365994],[5.413466742159998,43.83560671784222],[5.413244266578517,43.83568416234615],[5.412935176801151,43.83578702132295],[5.412726780278265,43.835862127500945],[5.412606892132859,43.83590367386111],[5.412393073813964,43.835982950789884],[5.412134705590523,43.83607644744842],[5.412036605580341,43.836094958144734],[5.411884138271041,43.83612493487359],[5.411797090806135,43.83614009479091],[5.411617121004881,43.836119631081445],[5.4114626262920655,43.83610157481817],[5.411361873304701,43.836092593694225],[5.4113334957511805,43.836092140786924],[5.411296876972616,43.83609092475859],[5.411254751757879,43.83609185619669],[5.41119710033237,43.83609623702411],[5.411102628127449,43.836103457645024],[5.410890539460257,43.83612651320955],[5.410832757040647,43.836127790626534],[5.410692986411076,43.83612264250982],[5.410472784279508,43.836121432859734],[5.410099894845644,43.83611846548262],[5.409779608655351,43.836115279785545],[5.409474692228719,43.83611377928498],[5.409323501807037,43.83611212289169],[5.4092471909693565,43.83610759659871],[5.408505909571345,43.83553556576391],[5.408474280177998,43.83551992349322],[5.40843548256212,43.83550241380386],[5.408421015284991,43.83549557576337],[5.408422079911006,43.83548542363653],[5.408123105528462,43.835492026140855],[5.407151835006147,43.83551846664518],[5.406623399990342,43.835534316291636],[5.40636700805088,43.835541999947075],[5.406339750163878,43.83556812551424],[5.406311157977463,43.83558914868944],[5.406265718700654,43.83561770114457],[5.4062024900603145,43.83565799013987],[5.40615342158129,43.83569783161602],[5.406125521511713,43.835708710863415],[5.406110191761806,43.835707968714225],[5.40609721586169,43.835701097464025],[5.406096744302182,43.83568989887714],[5.406101392996104,43.835667378326825],[5.406121783084921,43.835619931707505],[5.4061408388811065,43.83556738269817],[5.406159693212671,43.83554549404513],[5.404920896068225,43.83558105828993],[5.404634419528242,43.835583189108746],[5.404782443235021,43.835651500468515],[5.404864981226293,43.835697622376784],[5.404949029547936,43.835753029233416],[5.405072718962377,43.835837137300594],[5.405238462630284,43.83595407972172],[5.4054360005521325,43.83609057782694],[5.405680360544279,43.836257914086296],[5.405870561874586,43.836388496153646],[5.405987948460523,43.83646463943696],[5.406040481175769,43.83649818779488],[5.406069082648616,43.836512817198525],[5.40610339315651,43.83652124346659],[5.406144877649756,43.8365316722086],[5.406214270510419,43.83654026971924],[5.406330438687202,43.83655202156269],[5.406472212563604,43.836569285415635],[5.406596699378272,43.83657477624275],[5.406677092030127,43.83656989599447],[5.406941807024131,43.83655595083715],[5.407100813495237,43.83654825475685],[5.407146012402634,43.836549417856986],[5.4071899247672635,43.836555471072714],[5.4072569299481055,43.8365693875094],[5.407379633933678,43.83660341197552],[5.407643943552639,43.83667725542289],[5.407835446019874,43.836732313520166],[5.408000363522308,43.83679403548607],[5.40815798219298,43.8368507865529],[5.408281381098204,43.83690127058321],[5.408343437636207,43.83693055611182],[5.408404298780076,43.83696689051907],[5.408500053817793,43.83703432566034],[5.408544989126761,43.83692299875908],[5.40904027501725,43.837023338680474],[5.409430195349053,43.83710264101064],[5.409519950711125,43.837125101688336],[5.409788326441969,43.83719790490007],[5.4099576616032925,43.837196188675755],[5.410020991549087,43.83719370876235],[5.410191305665551,43.8371798161824],[5.4102406457392584,43.837181831828936],[5.410408099808035,43.83719744267864],[5.410672873940943,43.83722022037804],[5.410946353557422,43.83724591109651],[5.411224099306413,43.83727542321611],[5.411411030484695,43.83729276266953],[5.411525866479212,43.83729940665715],[5.411725085688088,43.83730729055119],[5.411911669707568,43.837316398869895],[5.411965739824285,43.83732438631176],[5.412009744423634,43.83733259635127],[5.412058484607295,43.837346913865005],[5.412091436310608,43.83735847445488],[5.4121659229363415,43.837390454007824],[5.412197414532102,43.837393943950076],[5.412224179376629,43.83740037445582],[5.412248371367758,43.837398894001126],[5.412280371872904,43.83738792246764],[5.412435393650759,43.83732115551592],[5.412503788302335,43.83729722445132],[5.412717151394282,43.83724240120743],[5.41282728442522,43.83720836320681],[5.412940152249617,43.83717723565119],[5.413060863339289,43.837155117730745],[5.413148944929626,43.837137908210444],[5.4132245223570505,43.83712502677669],[5.41328195812024,43.837115517820834],[5.413322965668719,43.83711461034875],[5.413365177084598,43.83711570194846],[5.413416048290439,43.837118627616135],[5.413463080899048,43.83712785044698],[5.413510238902657,43.83714004155188],[5.4135866812069455,43.837174137637625],[5.413684171188531,43.83721181928757],[5.413756009039877,43.83724291105193],[5.413790150126479,43.83724728723219],[5.413822583437863,43.83724656935436],[5.4138630016779175,43.83724054287723],[5.413891117621993,43.837234788693905],[5.413916296788413,43.837230179897716],[5.413941259346627,43.83722044404263],[5.413978640465855,43.83720435610236],[5.414068666751865,43.83716252393734],[5.414277479967041,43.837061881785175],[5.4144077778191875,43.837001736506224],[5.4144796369486485,43.83697151524157],[5.414517188796785,43.83695947479135],[5.414546795715392,43.836953687424405],[5.414581923937159,43.836954935378934],[5.414617424955127,43.83695617506788],[5.414675253742059,43.83695597502464],[5.414855877327228,43.83699181485121],[5.415052112910268,43.83702622826119],[5.415147407364087,43.83703843303745],[5.415223891005144,43.837047002876666],[5.415268999220396,43.83704600385355],[5.415436474862124,43.83697382488099],[5.415557013859173,43.83692118697904],[5.415704473657221,43.83686984328891],[5.415798256308123,43.836846293078025],[5.4158448555300085,43.836845260783804],[5.415879858211226,43.836843540029214],[5.4159140847927985,43.83684993937847],[5.415946905778834,43.836858395586844],[5.416001666323496,43.8368827066265],[5.416107832403952,43.83693140295849],[5.416299646198334,43.83702006664104],[5.416502488487629,43.83711361747965],[5.416798728483077,43.83724507261121],[5.416865685448274,43.83725776885093],[5.416965096732241,43.837279064138386],[5.417061369528783,43.83727909118864],[5.417181162745508,43.83727940712104],[5.417265964473935,43.83728171397747],[5.417343762991406,43.837286066687746],[5.417479521930746,43.83729332102501],[5.417619244654675,43.83729724614955],[5.417732550230082,43.83730297220565],[5.417838727020095,43.83730777580599],[5.417892122559697,43.83730861769607],[5.417930737560394,43.83731289339534],[5.417960228452127,43.837313184867554],[5.417982424953087,43.83730864125795],[5.4180009391636235,43.837305259679916],[5.41803414254782,43.837296285495505],[5.418060812592661,43.83729164267887],[5.418089099436417,43.83728993508064],[5.418129049808384,43.837299312956496],[5.4181420674878815,43.83730712723791],[5.418159145961883,43.83731390613239],[5.418165000573299,43.83731998856007],[5.418179726433464,43.83733289681673],[5.418190351536648,43.837345896002525],[5.418203546250821,43.83735789286629],[5.418216997930287,43.83737596122934],[5.418240359330719,43.83739894170443],[5.418255347902575,43.837418056374695],[5.4182802861804396,43.837443027608764],[5.418308166886795,43.83746698824703],[5.418343427718699,43.83749780776294],[5.41838415492271,43.83752553497213],[5.418414685273695,43.837550382170264],[5.418500931667269,43.83762207117169],[5.418594472768583,43.83769859514263],[5.418676356096302,43.83776416853437],[5.41871162302151,43.837795122859205],[5.41875401316078,43.83782686453],[5.418788901655164,43.83785769217721],[5.418849217489922,43.83790740288647],[5.418925010935331,43.83797014010946],[5.419006723666871,43.83803166559644],[5.419031833907009,43.838060684335915],[5.419122921322728,43.83810566087353],[5.4192153900691595,43.838156818950104],[5.419287403501766,43.83819195475771],[5.419331969687912,43.83821338422887],[5.419376153133827,43.83822577389123],[5.419416012960962,43.83823299254516],[5.419468896586624,43.83824816023447],[5.419511830274363,43.838257471442844],[5.4195458567100685,43.83826792559661],[5.419597466307634,43.838288253353696],[5.419642491193024,43.83831169826169],[5.419681688398956,43.83833851363032],[5.419721525594867,43.83838044027687],[5.419774346723683,43.83842937146848],[5.419828870581223,43.83848326167104],[5.419858677939965,43.83851744293131],[5.419898429675852,43.838557345684144],[5.419952696622749,43.83860516432754],[5.419968850213749,43.83862533333719],[5.420011453106489,43.83866206665919],[5.420033571616612,43.83868210329698],[5.420046721308805,43.83869302056965],[5.420079932567452,43.83871065025767],[5.420108367296061,43.83872122833249],[5.420137266278821,43.83873395688296],[5.420185786808167,43.838743008809814],[5.420195394026253,43.83874076987041],[5.420207937967049,43.838737385365334],[5.4202286277991565,43.838723691401704],[5.420249014718532,43.83870284655527],[5.420281269834779,43.838671474586604],[5.420312275049458,43.83863702421871],[5.4203379510640035,43.83860890437256],[5.420269517227072,43.83856140031699],[5.4201299945496855,43.83846537061509],[5.419798398110922,43.83823072088799],[5.419645293304216,43.83811351919821],[5.419406249430102,43.83793191486783],[5.41910710248649,43.837705591627724],[5.419050530258222,43.837664981353846],[5.418999348650532,43.83762830294939],[5.418822519412667,43.837514732586754],[5.4186194782953345,43.837381350911635],[5.418429214382916,43.837258894594804],[5.418276851620298,43.83715909602025],[5.418201206790628,43.83710864456691],[5.418334031103128,43.8370730173739],[5.418304533770529,43.83704612152689],[5.418279338690438,43.8370150788051],[5.418262944692946,43.83699802104284],[5.418253982123215,43.83698903646647],[5.4182438155197845,43.83697805285617],[5.418239109498249,43.8369638420352],[5.418235521861366,43.83694960641438],[5.418227919145131,43.83693748555899],[5.4182290220274965,43.83692827778282],[5.418232648813708,43.83691698830757],[5.41823379166639,43.836908724986905],[5.418245907053372,43.83689522154625],[5.418248461135068,43.836885036248184],[5.418272423502396,43.83685168801966],[5.418311030801474,43.83680288956105],[5.418365832849255,43.83673117880312],[5.418403447243117,43.8366853734045],[5.418432322662225,43.83666231494592],[5.41846751427413,43.836629798037656],[5.418498827857941,43.83660263402559],[5.4185156212581065,43.83656741899936],[5.41852721681721,43.83654163761411],[5.418716770860147,43.836612115603565],[5.4192350470493995,43.83582732985786],[5.419287083098801,43.83578728141122],[5.41934855444123,43.835740946418625],[5.4194360036056235,43.8356736426781],[5.419550835846223,43.835583313215025],[5.419616820165129,43.83553782327813],[5.419653810073537,43.83551255871317],[5.419672830615901,43.83549471538582],[5.419694077830939,43.83546777438004],[5.4197168961520426,43.835442689191936],[5.41975481143869,43.835404034229796],[5.41979933532001,43.83535402356362],[5.419835416529325,43.83530730634419],[5.419844876006167,43.835292781267924],[5.419873200225938,43.83526554813861],[5.419949207438245,43.835192420682915],[5.420001583623374,43.83513399770679],[5.42003284994445,43.83510575390393],[5.420061763908628,43.8350836394903],[5.420091927626467,43.83506460345539],[5.420126650418539,43.835047491964936],[5.420158779529891,43.83503962134115],[5.420197401538987,43.835026474755],[5.420232427157453,43.83501651409411],[5.420265658753888,43.8349994356536],[5.420315059691539,43.8349676831632],[5.4203550711731445,43.83494329663328],[5.42039065497487,43.83492008875201],[5.420419195926288,43.834897982520175],[5.420439581411637,43.83487713768754],[5.420454152285562,43.83485115500953],[5.420469938645783,43.83482744117979],[5.420491249389092,43.83479320597266],[5.420511564946021,43.834779520263176],[5.420530694175628,43.834799488024935],[5.42054870507897,43.83481948060706],[5.420559260394823,43.8348396386774],[5.42056284847801,43.83485387420322],[5.420564991166294,43.83486922220253],[5.420562826241822,43.83488858223192],[5.420554989592252,43.83490617747273],[5.420543223815634,43.834927911389926],[5.4205262549681175,43.83495894411297],[5.4204955490761675,43.835000410403076],[5.420456904852689,43.835048265126716],[5.42043822761745,43.835074203901755],[5.420415385604239,43.83510752774712],[5.420376952699704,43.835160374557425],[5.420334309224371,43.83521952705085],[5.4202874094318885,43.835283905847575],[5.420242202006739,43.83534419560045],[5.420188521994347,43.83541588241947],[5.420149922949628,43.8354648164225],[5.420115303122023,43.83551960425064],[5.420108227618651,43.83554636588841],[5.420154646840736,43.83551467964381],[5.420276211911725,43.835415961995416],[5.420391983486863,43.835321424259796],[5.420520156223184,43.835211350624284],[5.420648390079583,43.83511153918674],[5.420738641806921,43.835039985650006],[5.420849340319015,43.83495784947165],[5.420912174865348,43.834908512237966],[5.420967236875919,43.834869476181844],[5.42102900884908,43.83483029112855],[5.4210645465733585,43.834806003654045],[5.421105917254332,43.834778480542994],[5.421158189966704,43.83475287614635],[5.4212037468900105,43.83472728578458],[5.421228621357859,43.834715524449145],[5.421250886362334,43.83470382104641],[5.421272818598888,43.834693070369156],[5.4212906959972145,43.83468349010988],[5.421300543772347,43.83467813959906],[5.421324058581289,43.83466951455306],[5.4213613444762245,43.83465126535896],[5.421386133117189,43.834637480160424],[5.421419101143511,43.83461419496771],[5.421442181374185,43.83459531583668],[5.421460174200031,43.834579655789916],[5.421466495409877,43.83457033210782],[5.421474331732812,43.83455273680522],[5.42147782622179,43.834538344036524],[5.42148029385773,43.834526134850215],[5.421481001652733,43.834507617448665],[5.421475836487828,43.83449139123934],[5.421468651929791,43.834480341725296],[5.421455502935159,43.83446942465254],[5.4214966078409965,43.83440922548473],[5.421587098805516,43.834378585698616],[5.42165152500349,43.8343404217329],[5.421679249906966,43.83432549086984],[5.421746961260203,43.834294411477586],[5.421841404841504,43.83425139425619],[5.421906048033473,43.83421835717107],[5.422010982652036,43.83415876589508],[5.422129235037568,43.83408766965886],[5.422224498907424,43.83403761134025],[5.42227381213378,43.83400383415554],[5.422351477281298,43.833934719613936],[5.422399081899194,43.83389584847149],[5.422454461249519,43.83387314549917],[5.422581846846306,43.83381508064997],[5.422714394738405,43.83374677229823],[5.4228185344865185,43.83370367383748],[5.422894555080102,43.83366619685512],[5.4229846550843135,43.83362638124938],[5.423062941589927,43.833580750871306],[5.423135078791666,43.83354849186135],[5.423169931346775,43.833534482616564],[5.423209779535983,43.833515095446025],[5.423239855552386,43.83349403473436],[5.423265831068922,43.83347306513631],[5.423296016609672,43.83344578973015],[5.423333944470156,43.83341631652757],[5.4233739135238785,43.83339098446235],[5.423392977975241,43.83337421988295],[5.423424670815978,43.83335609426128],[5.423479534234828,43.833321247829446],[5.423530680520424,43.83329553225095],[5.423626285197126,43.83325356802977],[5.423750801312221,43.833189488360524],[5.423911263917513,43.83311961271885],[5.423994193907992,43.83307792990244],[5.424092562523495,43.83303077196827],[5.424177155037952,43.83299310351561],[5.42420318650874,43.83298226110478],[5.4242503291100075,43.833029290446284],[5.42433290486826,43.83311118491162],[5.424371154132844,43.83314207101801],[5.424433215887308,43.833083430511756],[5.424483325382595,43.83303329368931],[5.42452972362761,43.83299242267938],[5.424559838955907,43.83297230606142],[5.424601515768281,43.83295206741904],[5.424651301825126,43.83292948766962],[5.42474955450987,43.83288840890467],[5.424838424298478,43.83285483133226],[5.424948278276507,43.83281457479809],[5.42502332627757,43.83278940736779],[5.425088550603916,43.83276135223235],[5.425155271654774,43.83273339881898],[5.425234202277879,43.832703013035825],[5.425286752385223,43.83267523965961],[5.42531695890406,43.832657281580175],[5.425361067048478,43.83263280205041],[5.425395695158909,43.83261353016518],[5.425432680620633,43.8325882636866],[5.4254653480206105,43.83255796138476],[5.42547967497275,43.83253508955774],[5.425492625910371,43.83250617113792],[5.4255106528681605,43.83246498541529],[5.425534007811211,43.83241746893161],[5.425556306917838,43.83238023964006],[5.425580137137065,43.83234392162809],[5.4255912174390595,43.83233246610652],[5.425636674565334,43.8322782457139],[5.425663790335509,43.83224901218631],[5.425694834641299,43.832215639797354],[5.425715946068953,43.832185594481025],[5.425728127895508,43.83216493112206],[5.42573848599701,43.83214525367299],[5.425748586355217,43.832119504759895],[5.425754672241745,43.832095870882405],[5.42576446902632,43.832062971134334],[5.425733272116811,43.83205758792838],[5.425703732350857,43.83205608426585],[5.425689527337443,43.83205545491491],[5.425690836561961,43.83202476971214],[5.4257038330959455,43.83199693064763],[5.425718188929612,43.83196595522141],[5.425731271348063,43.83194013997553],[5.425789904014274,43.831932623409166],[5.427984615246982,43.831635558043025],[5.4282413081867436,43.8316002664624],[5.428273955980376,43.831604671297384],[5.428347532524899,43.831615187210645],[5.428454267287808,43.83163333766345],[5.428486565349815,43.831629512240234],[5.4285457019754295,43.831625089080475],[5.428590679527772,43.83162111628542],[5.428618550353422,43.83161846981638],[5.428625368978535,43.83161210570126],[5.428626384070136,43.83160087403231],[5.428634653583357,43.831593532259845],[5.428651427678181,43.83159315866344],[5.428684029624589,43.83159648400598],[5.428706899733903,43.83159908075214],[5.428732201380956,43.83159743681903],[5.4287462801551944,43.83159509750706],[5.428764419120586,43.83159172241677],[5.42878797167567,43.83158404022682],[5.4288215428002795,43.831575054488354],[5.428839721897841,43.831572623834006],[5.428856450107191,43.8315711708365],[5.428880639199979,43.83156968669878],[5.428901685664063,43.831573269367176],[5.428911922162813,43.83157709282085],[5.42891777733077,43.831583174649744],[5.428926740728929,43.83159215831975],[5.428931185158407,43.83160016225715],[5.428937602355427,43.83161946636232],[5.428934109923208,43.831633859343796],[5.428933054746917,43.831644146567434],[5.428935193827346,43.83165935945043],[5.428939902071251,43.83167356976304],[5.428955104914418,43.831697674979594],[5.428965404542264,43.831711760743175],[5.428984828165778,43.83172982978409],[5.4290057543304995,43.831756913632326],[5.4290234805079365,43.83177893689881],[5.429040048275708,43.8318000406247],[5.429063715717279,43.831830169526285],[5.42899970451433,43.83188669539868],[5.428938245140436,43.83193303571856],[5.42886621075278,43.83199392674338],[5.428817293115923,43.832036881510184],[5.428834371281139,43.83204365871117],[5.4288671053960655,43.83205008718839],[5.428918494766171,43.83206528345014],[5.429040083689486,43.832099308364946],[5.429212695255255,43.83214867249407],[5.429352721919311,43.832186337796905],[5.429375741513023,43.83220122053965],[5.429417565547338,43.83221960075512],[5.429455094290706,43.83224226317173],[5.429485609325108,43.8322579242417],[5.429514134366158,43.83227065856209],[5.42956828821584,43.832280661072325],[5.429612245566656,43.83228778461561],[5.429654958434583,43.83229196479127],[5.429708900066169,43.83229697514689],[5.429800834904075,43.8323092418386],[5.4298833187689235,43.83231861292521],[5.429965733983121,43.83233514307989],[5.430100812215021,43.832361708646665],[5.430149334650651,43.83237089102738],[5.430182287143362,43.83238244611671],[5.4302782429337295,43.832419066684075],[5.430427412628243,43.8324698967339],[5.430474656485943,43.832484104287595],[5.430484222078203,43.83248092000244],[5.430546937590995,43.832464126534504],[5.430623519630332,43.83244000139161],[5.430710728641401,43.83242887412181],[5.430768116600108,43.832418411539116],[5.430797174575493,43.83240858045263],[5.430832967002467,43.83228515798776],[5.430853695713812,43.83221109414295],[5.430893208418426,43.832210213307576],[5.430909724394706,43.832203767912304],[5.430854452099373,43.83219379099762],[5.4308241949996905,43.83218420176271],[5.43078569698948,43.83217385088006],[5.430758840675994,43.83216526621104],[5.430691926765185,43.83215352298709],[5.430586767447495,43.83213736530018],[5.430517112287974,43.832122576944165],[5.430464621623181,43.83211658930722],[5.430448793512143,43.83211289062287],[5.4304382189735,43.83212744151471],[5.43042580333632,43.83213379544775],[5.430336901920789,43.83210512074391],[5.430223931610045,43.832071985570636],[5.430159604088826,43.83205086599996],[5.430115428816753,43.832038615673824],[5.430167504016255,43.83193832914225],[5.430190550762618,43.831883660856036],[5.430233634002428,43.831800050675064],[5.4302596167925135,43.83174423654923],[5.430275002296875,43.83171121178812],[5.431012444645334,43.83186439542355],[5.431039401145677,43.83179640496949],[5.431094238445572,43.83169092452634],[5.43114759025425,43.83158561222647],[5.431183217811405,43.8315285024408],[5.431228112181126,43.83146119240183],[5.43125189823081,43.83142392872421],[5.431304976596711,43.83137358741036],[5.431382150773589,43.83129326810572],[5.4314751575948526,43.831199225849744],[5.431553948617369,43.8311218414474],[5.431579271258135,43.83108562382602],[5.431601652025567,43.83105041714467],[5.431634786059079,43.83103117654679],[5.431704065231247,43.83100208160327],[5.431781567418329,43.83096456524017],[5.431867189681275,43.830924977039935],[5.431936290605928,43.83089169940047],[5.431978949479742,43.83086832984298],[5.432074061543608,43.83081502491986],[5.432183429875991,43.83076356271068],[5.432256877100303,43.83072721683956],[5.432295567539614,43.8307070418017],[5.432348966460844,43.830673033750614],[5.432416104866057,43.8306287255549],[5.432453485745701,43.83057778849079],[5.432501658522187,43.83051742733395],[5.4325681240771155,43.83044855512767],[5.432588084848235,43.83042663703091],[5.432637229761349,43.830415411974855],[5.432707024611798,43.83039845928638],[5.43278364317934,43.83037527710413],[5.4329339440916495,43.8303300584807],[5.433035977673429,43.83029915145366],[5.433049292575911,43.83028764528619],[5.433097868560447,43.830263062857746],[5.4331279851800725,43.83024307882934],[5.433141667054373,43.83023142941269],[5.433156214397654,43.830213818524015],[5.433167842278128,43.83018898013066],[5.433176343882225,43.830152057083325],[5.4332512124153665,43.830122836408535],[5.433320748195181,43.830099811892524],[5.433357087139664,43.83008576615048],[5.4333717607751595,43.830071123493006],[5.433390907366548,43.83005638101344],[5.433466479521423,43.83000864276577],[5.433515524077415,43.82996878914702],[5.433555267872525,43.829938326414734],[5.43358634653639,43.829905896273566],[5.43363622687521,43.829850628355295],[5.433664369449988,43.82981934411361],[5.433700053087128,43.82978991728911],[5.4337336603577056,43.82975553998202],[5.433767203624755,43.829710900366116],[5.433815328313391,43.82964945929541],[5.433885665026718,43.82954889838653],[5.433907011738952,43.82951574003732],[5.4339173665449465,43.829496061844125],[5.433922980191227,43.82942638629232],[5.433928154463849,43.829381434520464],[5.43393174581554,43.82933435729853],[5.43373882399669,43.829316110269104],[5.4336547883428,43.82935782535403],[5.4335952034626995,43.829386705211775],[5.433547047144296,43.829412358895574],[5.433501281654009,43.82943282733805],[5.433455510385555,43.8294531608408],[5.433437510264183,43.82945977480536],[5.433408540421121,43.82947163038894],[5.433366610731201,43.82948580091699],[5.433342887302063,43.829489436462005],[5.433310763125922,43.829497310941676],[5.433291093905149,43.829499775610095],[5.433277538625947,43.829514393297636],[5.4332690192682715,43.82954213340622],[5.433257431777893,43.82956791624593],[5.433238635754223,43.82959088886638],[5.433213479416195,43.82960468503265],[5.43317499619344,43.82962093936131],[5.433029119854246,43.82968240054484],[5.4329736568556815,43.82970295009325],[5.432922299754726,43.829723543050335],[5.432868287449548,43.82974311483288],[5.4328318681874626,43.829755271517385],[5.432806866156127,43.82976393228308],[5.432781519487164,43.82976449779276],[5.432736285219266,43.829762400873435],[5.432669724072623,43.82975888905151],[5.432627948482142,43.82976792399019],[5.432553876137551,43.82978078554554],[5.432494873822781,43.82978831405291],[5.432458448709415,43.82980033569223],[5.432421123577755,43.82981750925737],[5.432397876614305,43.82983234302917],[5.432370156689974,43.82984727657471],[5.432348182457358,43.82985695008369],[5.4323201581420895,43.829864732810634],[5.43228017776372,43.82988088516409],[5.432221738076987,43.82990163577006],[5.43219669569192,43.829909351950526],[5.432137358440943,43.82997914530733],[5.432068542081254,43.83005414686844],[5.432078591011416,43.83008863032148],[5.432083564049489,43.83010904684613],[5.4320899362057755,43.83012727138066],[5.432085258005739,43.8301488485134],[5.432021703348684,43.83018092215952],[5.431947138432132,43.83021729280021],[5.431893561702199,43.830247118096224],[5.431837089052276,43.830279033684874],[5.4317902618768175,43.83030965374269],[5.431751881566972,43.83033711432715],[5.431679501968575,43.83038977697168],[5.431609949648078,43.830447508380374],[5.431554939352368,43.830487494147754],[5.431516845446423,43.830512922525955],[5.431490570036194,43.830526743238664],[5.43144506125144,43.83055328227633],[5.431407821433759,43.83057247931742],[5.431359766850572,43.83060933880748],[5.4313009885299195,43.83064846311803],[5.431243672800719,43.83069565772462],[5.431222776124091,43.830704361631945],[5.431211633760873,43.830705555407015],[5.431194773840511,43.8307039055819],[5.431174799886139,43.83069921905751],[5.431133584843015,43.83069514115951],[5.431108364024103,43.830698674542816],[5.431052905088845,43.830719358048555],[5.431019851397044,43.83074048736012],[5.430987061706917,43.830767823028786],[5.430964072268918,43.8307887279496],[5.430947798093621,43.830809618206835],[5.430927922653309,43.830833559824036],[5.430900890599843,43.8308646835288],[5.430732347293976,43.83081442118241],[5.430528037052116,43.83075658279357],[5.430515105250091,43.83075079383772],[5.4304933361854335,43.83073898960739],[5.430480576545893,43.83073724827869],[5.430462139553219,43.83073360775836],[5.430440846793641,43.83073300196416],[5.430420918797781,43.830729394669945],[5.430409690337958,43.830728564547435],[5.430389676271347,43.83072293343188],[5.430369444155718,43.830712175313],[5.430354797583472,43.830701157649635],[5.430347152961326,43.830688093238756],[5.430336899082681,43.830675086982986],[5.430327849534716,43.8306640796183],[5.430293361093616,43.83065147844806],[5.4302692869676745,43.83064688314348],[5.430236771539376,43.83064558209242],[5.430208528511729,43.83064823728083],[5.43015408407449,43.83065768865183],[5.430072887580315,43.830669761920596],[5.429992889629215,43.83068369910364],[5.429816544165698,43.830713153055484],[5.429785537071534,43.83072100158448],[5.4297604538410695,43.83072777276198],[5.429726619472513,43.83073055241496],[5.42969589905878,43.8307363687965],[5.4296752429417765,43.8307419609169],[5.429658222555772,43.83074531124004],[5.429639871660613,43.830743694396986],[5.429628430959214,43.83073787211383],[5.429622271769124,43.83072463950874],[5.429622781958426,43.83071031295727],[5.429629084079569,43.8306918058855],[5.429634113177396,43.830678459036726],[5.429646803449082,43.830643468708615],[5.4296508003327775,43.83063217059233],[5.42965109252595,43.83061271704072],[5.429646820168013,43.8306087607698],[5.429643752111554,43.83060680339818],[5.429633842596767,43.830601892341406],[5.429622528126497,43.830599038321765],[5.429605427470065,43.830600499741315],[5.429572092119908,43.83060623930442],[5.429534134712212,43.830617348746934],[5.42947593409633,43.83063498640119],[5.429419929801108,43.83065162974817],[5.429392317600506,43.830660347869554],[5.429347650594061,43.83067160673191],[5.429292999575663,43.830684978689604],[5.429267916302663,43.83069174975375],[5.429229935778248,43.83069354123068],[5.429188933089501,43.83069445467873],[5.429168058992906,43.83069491970091],[5.4291008030158086,43.830675080245285],[5.429036391455307,43.830651936213954],[5.429006135476748,43.83064234648395],[5.428987480679875,43.83063357871234],[5.4289629765484095,43.83061886403619],[5.428926521440764,43.830595097194944],[5.4288857080404815,43.830565350224525],[5.428855176868955,43.83054050606482],[5.428842199408326,43.830533637542516],[5.428802125848247,43.83052129536499],[5.428756501187703,43.830510022158684],[5.428723853982081,43.830505617471154],[5.428690948740138,43.83049514132361],[5.428658089383637,43.83048574453518],[5.4286361029068315,43.830468812933766],[5.428620344214332,43.83045795486667],[5.428602544021659,43.83044295575279],[5.4285558357508945,43.83040618237261],[5.428513474392584,43.83036634108853],[5.4284952843597445,43.83034216732236],[5.428479267710799,43.83032523778574],[5.428452550341805,43.830302334317864],[5.428439309236287,43.830289259377516],[5.42840675391815,43.830287013333454],[5.428358864285545,43.83028389333846],[5.427967633191813,43.83024358268825],[5.427596290161326,43.83020593400047],[5.427285963527056,43.8301730030266],[5.4268352950581935,43.83012995996884],[5.426476798819641,43.83009607304456],[5.426306660274563,43.83007838624969],[5.426227575060116,43.8300698822751],[5.426113721615114,43.83005094278919],[5.425985950562419,43.83002934176175],[5.426028289497045,43.829901724144854],[5.426078491556236,43.82974840737601],[5.4261247527016865,43.82961651596031],[5.426165032128734,43.8294931306404],[5.426193909365132,43.82940875796844],[5.4262101803658265,43.82936139901156],[5.426220274291374,43.829335515178215],[5.426256451157076,43.82925611191791],[5.4263115480681625,43.829130236073524],[5.4263734063942906,43.828987868869476],[5.426422704334921,43.82888359474356],[5.426477031762395,43.82876597391482],[5.4265010729407175,43.82870831336812],[5.42646892107842,43.8286803985636],[5.426517565481686,43.82856074341273],[5.426544198864353,43.828493841872714],[5.426549268592035,43.828481439631865],[5.426537357411978,43.82835908062395],[5.426544026572984,43.82835798686769],[5.426570781888273,43.82825002785825],[5.426617408719123,43.828091658655325],[5.426638651606013,43.828020825614],[5.426783019596,43.828038004911285],[5.426779757290375,43.82802268198663],[5.426777573083751,43.82800638972772],[5.426777763428464,43.82797572947645],[5.426775235455643,43.82795134195783],[5.426776870901559,43.82791956915661],[5.426778832608112,43.827904265013515],[5.426782308483885,43.82788068921089],[5.42678234381242,43.82785516425551],[5.4267860775107515,43.82783765989816],[5.42678731061737,43.82783155527041],[5.42678670329141,43.82781725364534],[5.426800684755574,43.82778628645296],[5.426810697922072,43.82775851369654],[5.426813956053135,43.82772981089773],[5.426820941506399,43.82770102514043],[5.426828563245346,43.82767843745224],[5.426839717802841,43.82764240133191],[5.426856509162196,43.82760732013894],[5.426873340608622,43.827573183390825],[5.426893285670177,43.82754208345396],[5.4269213737965725,43.82750067362903],[5.426953855017565,43.82743971903227],[5.426985429984841,43.82738378139237],[5.427017354419351,43.827336073922524],[5.427041531139977,43.82730798588234],[5.427060374743991,43.82728609373001],[5.427070691392168,43.8272654717676],[5.427085991581304,43.827230423734505],[5.427096928143079,43.827189260602864],[5.427107956371983,43.827150256205876],[5.427115789941355,43.82713266057926],[5.427122196683562,43.827081469645016],[5.4271287753208135,43.827034326339245],[5.427133019639632,43.82700249547221],[5.427143733429487,43.82692973596048],[5.427151051234412,43.82689999745315],[5.427162898800739,43.8268802867452],[5.427206829785775,43.826851758930346],[5.42723472151977,43.82684087435146],[5.427265142103501,43.826828042791306],[5.42728297019347,43.82681738222979],[5.427337050646671,43.826790654144666],[5.427368698471621,43.82677158300518],[5.427388963684886,43.82675681671622],[5.427397364465228,43.82675257823966],[5.427414802808295,43.8267327430381],[5.4274294142831385,43.82670783892698],[5.427436903838321,43.82668214803042],[5.427436078587622,43.826662719426565],[5.427440414402343,43.826633047288624],[5.427439331260281,43.82660754724691],[5.427438379929955,43.82658515038521],[5.427437554680154,43.826565721782536],[5.427447997142552,43.826548068052425],[5.427461427128018,43.82653048285776],[5.427474937338977,43.826514786553496],[5.4274903688927205,43.82648284165939],[5.427491338268102,43.82647053067016],[5.42749628152827,43.82645516014243],[5.427517005286748,43.826442409346974],[5.427535005142968,43.826435796371904],[5.427561411446231,43.82642507982643],[5.427571016305308,43.82642284025458],[5.427624081054684,43.82640734365641],[5.427651972492403,43.82639645897384],[5.427679279131937,43.82638059051254],[5.427702439943509,43.82636373396598],[5.427724694638205,43.826351894381915],[5.427753664078985,43.82634004033099],[5.427785661148972,43.826329199245585],[5.427806556749605,43.82632049602046],[5.4278204164545665,43.82631302984485],[5.4278312083924565,43.82630360625015],[5.427841013989075,43.82629731073113],[5.427843101455295,43.826284974842075],[5.4278228713895675,43.826274216280524],[5.427801695114214,43.826267530237224],[5.42777878132556,43.826263853943416],[5.427751429421696,43.82625230860693],[5.4277452310282115,43.82623813148714],[5.42775455516748,43.826220502628445],[5.427766797868054,43.82621010139873],[5.427767870182973,43.82620899713491],[5.427806599270663,43.8261897681917],[5.427818882077512,43.82618031140192],[5.4278288137535755,43.826176984142045],[5.4278310330491575,43.826167751432486],[5.427847312773769,43.82614699662141],[5.4278535232572365,43.82612633097213],[5.4278533001738625,43.82609473460875],[5.4278524346673205,43.826074361569624],[5.4278493441417295,43.82606308631933],[5.4278237411354295,43.82605757924019],[5.4278094057595085,43.82605384698954],[5.427804830088863,43.826042739855936],[5.4278027316413535,43.82602847144945],[5.42780339716125,43.8260090096593],[5.427825796089732,43.82593909602635],[5.427841978774183,43.82588971311676],[5.427854359561904,43.8258474373799],[5.42787332892302,43.82580217891623],[5.4278915292995915,43.825791509962585],[5.427960092707133,43.82578079991356],[5.428012055663968,43.825774510943425],[5.428066845475296,43.82577329083613],[5.428124748888689,43.82577510747582],[5.4281515388539985,43.82577343048202],[5.4281671070967725,43.82577105805154],[5.428226748181742,43.82575230858036],[5.428272518346778,43.825731977318696],[5.42830971020111,43.825711702040046],[5.428348524764072,43.825694496721326],[5.4283898853442585,43.8256669710039],[5.4284254601099375,43.825643760635685],[5.428479452919776,43.82561500819286],[5.428509866838459,43.825602041374594],[5.428562947728027,43.82559572723772],[5.4285896974617724,43.82559310569149],[5.4286148244466155,43.8255874141705],[5.4286501008299055,43.825583522297094],[5.428669946648282,43.8255852410134],[5.428684150086776,43.82558586997368],[5.428695635531121,43.825592771702794],[5.428701444192861,43.82559777415503],[5.4318112521852475,43.82669095733298],[5.431864386782963,43.82671219033289],[5.434483945776976,43.82766200794849],[5.434489041580348,43.82764150178876],[5.434489418326508,43.827624072068936],[5.434490213784442,43.827607713391764],[5.434494037068912,43.82759236750237],[5.434496341557866,43.82758515845755],[5.4344956460910065,43.82756883306921],[5.434496932375449,43.827528964926294],[5.434498018357725,43.827493152723264],[5.434503663311728,43.8274592644636],[5.434539899953214,43.82741659022709],[5.434596514180371,43.827353068599265],[5.43473509566201,43.82719061651998],[5.43484000331345,43.82706970099102],[5.434944352901558,43.82693569808295],[5.435084090801602,43.82677416507478],[5.435136012624112,43.8267056161043],[5.435200542734449,43.82662652180025],[5.435239892354434,43.826586883927284],[5.435260122783765,43.82653632896252],[5.43529122521257,43.82643448270471],[5.435357335191194,43.826234889463976],[5.435415317888349,43.82607221101057],[5.435444537925996,43.82596122345364],[5.435458145246265,43.825912842133654],[5.435453632362404,43.825911997595746],[5.435453586364382,43.82591091823278],[5.435465390614574,43.825890262192594],[5.435504864635929,43.82579228036609],[5.435550307763031,43.825694300240336],[5.4356100718886955,43.8255734470433],[5.435661376718343,43.82549046139855],[5.435719041632483,43.825416652015434],[5.435788378152743,43.82531908337035],[5.4358650788821015,43.82523674571882],[5.435925697327533,43.82517097316798],[5.436005792344816,43.825089504924],[5.436095291242465,43.82500985224037],[5.43616103739205,43.82495936054662],[5.4362387781238395,43.82490144321616],[5.436324900132185,43.824830103768825],[5.436403958813996,43.82476810540487],[5.436521518128401,43.82468161307794],[5.436629478642784,43.82459749591694],[5.436710908582727,43.82452112916353],[5.436814045075907,43.824428881653056],[5.436880670945787,43.824364054685326],[5.436931488798962,43.824304712855216],[5.4369797838846665,43.824247453120144],[5.437021197528136,43.82418629571479],[5.437051580697234,43.824137674285325],[5.4370848841462704,43.82406130258102],[5.4371355167963475,43.8239538874476],[5.437169919605938,43.82386830783381],[5.437226253112601,43.82377210932235],[5.43730485016154,43.82362936147971],[5.437345671654125,43.82356308534337],[5.437384937632113,43.82348658026522],[5.43745318142123,43.823363510788056],[5.437512329127421,43.82322835519971],[5.437580113315707,43.82310327019494],[5.437620207323041,43.82304619353692],[5.437667619851276,43.823003268394864],[5.43772465784377,43.82294986431878],[5.437798916359209,43.822871631360826],[5.437857093832217,43.82280996376692],[5.437911950031639,43.82274040253587],[5.437951233350487,43.82267308018497],[5.437988040067128,43.82260891932011],[5.438012957734638,43.822563390920095],[5.438047836102978,43.82248900945956],[5.438064935722055,43.82242636964834],[5.438081338876405,43.82234740452456],[5.438119228851637,43.82224743150687],[5.438158636822339,43.822139321614365],[5.438189433808562,43.82207421469728],[5.438205571920664,43.82198904325672],[5.43822696653488,43.821860943851654],[5.438254383128475,43.82174283841943],[5.438283865934804,43.821603214050455],[5.438304235758373,43.82152105409159],[5.438337288425355,43.8214039029956],[5.438357174585115,43.821310409770895],[5.438385114459563,43.82120458205039],[5.438395844663516,43.82118503011844]],[[5.420271321068549,43.83403195593208],[5.4202331424220676,43.83403793513107],[5.420225220974869,43.834009480618974],[5.420261490012543,43.83400246341563],[5.420271321068549,43.83403195593208]]]},"properties":{"zone_type":"ens","name":"La for\u00eat d\u00e9partementale de Sivergues","area_ha":11.4,"communes":"Sivergues","owner":"D\ufffdpartement 84","manager":"D\ufffdpartement 84, ONF","habitat":"Forestier, Milieu ouvert","source":"CD84 / DataSud"}},{"type":"Feature","id":"ens-12","geometry":{"type":"Polygon","coordinates":[[[4.866803936737991,44.074789120556815],[4.867259655157259,44.07489694688738],[4.867367767568124,44.07492643313329],[4.867423386419047,44.074908874514904],[4.867358573279515,44.07481747592948],[4.867346138117076,44.07479243511144],[4.867331817568879,44.07476702131607],[4.867326580586527,44.07474442355209],[4.867324598279093,44.07471825919635],[4.867331668522495,44.07469396610752],[4.867349783469136,44.07465233434238],[4.867522726023375,44.07467099187956],[4.8675609657659376,44.074671825202685],[4.867601875178214,44.074674098445286],[4.867680067340556,44.0746708742988],[4.867738018571693,44.07466732011243],[4.867829904869953,44.07465900077949],[4.867931164971475,44.07465092660164],[4.868023966284271,44.07463624451965],[4.8682010766882025,44.07461067113162],[4.868264489086548,44.07460229702467],[4.868365684827334,44.07458085437442],[4.868704316282966,44.074420047962505],[4.868903467349112,44.07432414550457],[4.868983369048632,44.074281729037786],[4.869043947108186,44.07424409871458],[4.869129934254473,44.074170248509986],[4.86933874882528,44.073992209759915],[4.869499759304192,44.07385293355636],[4.869615119763076,44.07374954745247],[4.870050340819575,44.07338182372395],[4.870118021576406,44.07332097930967],[4.870343118934334,44.0731028231383],[4.870460011308274,44.07298914677424],[4.870492836306986,44.07295063926591],[4.870513379304738,44.072925980791695],[4.870521454042326,44.072909502774195],[4.87053308214664,44.07288715725036],[4.870543223299664,44.07285376367788],[4.870560258261821,44.07280215671117],[4.870563976768447,44.072767117303435],[4.870569770555387,44.0727154322757],[4.870573049130785,44.0726442091203],[4.8705734167122845,44.07257560149231],[4.870562643635743,44.07246437585546],[4.8705595839078555,44.072394071234456],[4.870560230942108,44.07233396648879],[4.870551579928482,44.07227591116428],[4.8704814981919675,44.07203565321522],[4.870304068058467,44.07181181336184],[4.870244440348424,44.07173005107396],[4.870100731644138,44.07147214461132],[4.870090349816147,44.07145260579422],[4.870093027661011,44.0714314935221],[4.870103324015827,44.071402823833665],[4.87014423436506,44.07135958694228],[4.870179289833482,44.07133197985159],[4.870317877680112,44.07126303715202],[4.870267566816682,44.07120258743883],[4.870216846184799,44.071141064369804],[4.870152489599455,44.071063569141415],[4.870125232707948,44.07102068620813],[4.870094822958494,44.07096165208936],[4.870051049689851,44.0708835351997],[4.870014359602179,44.07082717411668],[4.869956640790056,44.07074645947649],[4.869903492740878,44.07067944102792],[4.869871240506112,44.070632727137095],[4.869833831037871,44.07058866709949],[4.869804401645686,44.07055946042929],[4.869771629335536,44.07053112108537],[4.869747844968185,44.07051410681687],[4.869712642588816,44.07049161574997],[4.86966008955034,44.07046550471542],[4.869610748933612,44.07044595585709],[4.869560280736656,44.070426291187395],[4.869508412523674,44.07040962131801],[4.86946994067751,44.070401635471526],[4.869413333945653,44.07038896267054],[4.869338800680674,44.070377946295594],[4.869281810743546,44.07036500988602],[4.86923442886842,44.07035947177251],[4.869124221951713,44.07034582321777],[4.869056401285145,44.07033388181992],[4.868935799944418,44.070300289273625],[4.868745521751792,44.070243848305964],[4.868536289504394,44.07018057324289],[4.868393316133514,44.07013871920296],[4.86824672752219,44.07010084287381],[4.868145054920225,44.070073273480425],[4.868025393913539,44.07004547070659],[4.867956634598134,44.07002773785855],[4.867895232353964,44.07001730676227],[4.867782115438132,44.070006272309335],[4.867704878109365,44.06999273517072],[4.8676327691758265,44.06998707796864],[4.867581781142428,44.069985786949545],[4.8675326030721395,44.06998257445347],[4.867466626120593,44.06998113389445],[4.867382811238243,44.069984048754065],[4.86731060247034,44.06998676562844],[4.867159715938001,44.070000547085705],[4.867044704489859,44.07001169101634],[4.866949451628869,44.07001993215319],[4.866904145851517,44.070020569561464],[4.866811086186196,44.07002715268433],[4.866747729940933,44.07002566701208],[4.866543370587484,44.070008084252166],[4.866533592155911,44.07000690052015],[4.8664726840788495,44.070000106332635],[4.86639261568264,44.069991613072574],[4.866298435502728,44.069986871359276],[4.866186109295496,44.069988515702875],[4.866053424366377,44.069986185548224],[4.865929795626776,44.06998586157674],[4.8656487516657405,44.06999443153997],[4.86548377779319,44.070001293494606],[4.865379150099801,44.06999780931355],[4.865325585597813,44.06999791155249],[4.865213302031921,44.06998942605011],[4.865156129198845,44.06998229742379],[4.8649537662386395,44.06993415830202],[4.864782924633125,44.06989912120487],[4.8647129032799326,44.06988856503868],[4.864681775793949,44.06988747462117],[4.864657511139376,44.069890048492205],[4.864632224999882,44.06989574570887],[4.864609643594342,44.06990396265195],[4.864587079866995,44.069912719455594],[4.8645657675182346,44.06992537115177],[4.864543433671593,44.069941146194104],[4.864524976355388,44.06996090647071],[4.864503629999303,44.069983956935594],[4.864491448891604,44.07000090950607],[4.864474966563779,44.070035220636484],[4.864446543183844,44.07010525102408],[4.864410282339812,44.07019904713118],[4.86439313069305,44.07023580039626],[4.864374014223071,44.07026975123912],[4.864360336805658,44.070298207808705],[4.864323824075182,44.07035001024194],[4.8642278038919535,44.07047210213419],[4.864120663252704,44.07060923783521],[4.864009233946989,44.070764136890766],[4.8640433646121135,44.070753967929605],[4.863983688046355,44.07085342914027],[4.863970808990954,44.070894836070984],[4.863966481754746,44.07095716392367],[4.863987602905783,44.07104161053849],[4.864038653933475,44.07112487245392],[4.8641295456900515,44.07124648315871],[4.864169047285672,44.0712859180595],[4.8641709767493415,44.07128764075372],[4.864221019073965,44.07132865173194],[4.86430680535246,44.071328676679414],[4.864304138264473,44.07138449430073],[4.864364504846502,44.071420467943575],[4.864431701898183,44.07148198317791],[4.864503695334606,44.07157555663201],[4.8645393142732125,44.07170229446991],[4.86451859041816,44.07177867582724],[4.864453071805242,44.07190565028911],[4.8643788487507535,44.07202993704015],[4.86434405970664,44.07206577523925],[4.864306377051941,44.07210476865142],[4.864412908241832,44.07248647346662],[4.864423678733342,44.07252936841178],[4.864634157414865,44.07295076110435],[4.864745847862796,44.07310105132439],[4.864810641587493,44.07319204646986],[4.864891073893283,44.07329155297867],[4.864950195829289,44.07335806703237],[4.864981814657792,44.07339696075981],[4.865157990264502,44.073548718162655],[4.865338307499576,44.073701079971414],[4.865564582024481,44.07388398831165],[4.865717570054474,44.0740139930534],[4.866078551051629,44.07420338299582],[4.8662070181341335,44.074271010444654],[4.866467847900596,44.07441078994369],[4.8666671931429075,44.07451488551077],[4.866812339800394,44.0745884398966],[4.866840613623673,44.074605243278576],[4.866803936737991,44.074789120556815]]]},"properties":{"zone_type":"ens","name":"L'\u00e9tang sal\u00e9","area_ha":21.2,"communes":"Courth\ufffdzon","owner":"Commune de Courth\ufffdzon","manager":"Commune de Courth\ufffdzon, CEN PACA","habitat":"Zone humide","source":"CD84 / DataSud"}},{"type":"Feature","id":"ens-13","geometry":{"type":"Polygon","coordinates":[[[4.9440369681962855,43.89618679735789],[4.943937185263284,43.89611903298673],[4.943860357681525,43.896067333630704],[4.9437900580895695,43.89603185678376],[4.943734850130132,43.8959898997659],[4.943679877653917,43.89594388759196],[4.943605719450387,43.89588282338895],[4.943537058937959,43.895818690582374],[4.943454702432307,43.895769114859384],[4.943394488994609,43.89574466582046],[4.943328044233379,43.895734640980784],[4.943127379078011,43.89569837847279],[4.943078212656776,43.8956583390841],[4.942901922683423,43.895548185358265],[4.94284458999362,43.8955205790429],[4.942795979617801,43.89549686841782],[4.942745264286593,43.89546617360755],[4.942709412977529,43.89544426136583],[4.9426715623320305,43.89541846878543],[4.942530686206066,43.89533928162611],[4.942493483836051,43.89536546445676],[4.942409139316794,43.895422057863094],[4.942294201517736,43.895490538107396],[4.942152872296817,43.89557366599713],[4.942036266479655,43.89563704445357],[4.941921632183578,43.89570349343238],[4.9418271769796,43.8957593210054],[4.9417358696149885,43.89580888107457],[4.941652777981935,43.895858429981836],[4.941621035794479,43.895880464466025],[4.9415015451788395,43.89590297919789],[4.941344774698051,43.89593844455254],[4.941225458228047,43.89596608706699],[4.941182032154861,43.89597401586598],[4.94108819391318,43.89599310333915],[4.940963136338891,43.89601666167203],[4.940780753715475,43.89605676751614],[4.940674674539829,43.89608930528799],[4.940515678562628,43.896147224170484],[4.940356893255964,43.896211350506846],[4.940188860150719,43.89630008159402],[4.940153993609743,43.89631812023221],[4.9400378260891395,43.89638351419504],[4.939961924688543,43.8964359047074],[4.939908005143868,43.896475751775085],[4.939835089465608,43.89652808914555],[4.9398524724752875,43.896545064271635],[4.939965182161577,43.89666364440753],[4.940020869537875,43.89671977306593],[4.939975101551518,43.89695554061401],[4.939938649673725,43.897168727451906],[4.93988666476283,43.897628217222106],[4.940004777434106,43.89757602191818],[4.940016070566589,43.897611604530084],[4.940077010898577,43.89778930304195],[4.940028048236675,43.897887125546816],[4.9398647156721625,43.89777363078673],[4.93984145036641,43.897880313768084],[4.939792302118234,43.8980935912085],[4.9396802326301446,43.89829070252167],[4.939539399397503,43.898509659659865],[4.939509808193854,43.8985510998222],[4.939397460162043,43.898696093723956],[4.939265328742843,43.89884143890877],[4.93884739794349,43.899017380516675],[4.93845919099632,43.89910083643974],[4.938478865680954,43.89918528678888],[4.937928650788722,43.89920531672624],[4.937481492745755,43.89918057517707],[4.937459108340241,43.89914829483147],[4.936796827605929,43.89939891558724],[4.936922997511111,43.899451905139216],[4.936777401938956,43.89961895606989],[4.936711414330414,43.899589474507465],[4.93653427228374,43.89982851624249],[4.936455881608561,43.89997290475296],[4.936125872187882,43.900572219917294],[4.93608039499045,43.90056384421553],[4.93603440928549,43.90066161214083],[4.936009510847366,43.90072038717461],[4.935983599830879,43.90079335844975],[4.935955629618057,43.9008827050264],[4.935941564586171,43.90096356813433],[4.93592966283552,43.90107518003847],[4.935917400943474,43.90120921354216],[4.935911790438607,43.90129708341831],[4.9359129346164785,43.901330820977954],[4.935921271757917,43.901367401692895],[4.935932389178254,43.90139785669896],[4.935945739682046,43.90141706450418],[4.935961735178993,43.90143717062947],[4.93599365094715,43.90146415113072],[4.936024135674977,43.901481974862676],[4.936061481323334,43.901503862903134],[4.936118848781942,43.90153241753098],[4.936195022138908,43.90156482461812],[4.93623528089899,43.90158450044093],[4.936428539387687,43.90153408218209],[4.9366163103918534,43.901498074240216],[4.936821625230462,43.901461754764824],[4.93696919385947,43.90144077268145],[4.937243802718145,43.90145426497698],[4.937388934612503,43.901493549589304],[4.937517853156921,43.90153933317248],[4.937689607487912,43.9016036659195],[4.937834044094805,43.90166645777528],[4.937938794017462,43.90170443290269],[4.938071757843335,43.90175932619691],[4.938190282802797,43.90179597632737],[4.938287567592552,43.90183408364755],[4.938383174397545,43.90189976710712],[4.938482333872838,43.90199306888296],[4.93857985135531,43.902071006135195],[4.9386634665000155,43.90216849966835],[4.938709675169672,43.90224235165854],[4.938724062661232,43.90229205787891],[4.9387211344859585,43.90232681298924],[4.938707947391563,43.902389431733255],[4.938678139188045,43.90246854938852],[4.938616667887173,43.902539182104775],[4.938488551308901,43.90267108707999],[4.938356408376399,43.90281643151255],[4.938284422578626,43.902896432851236],[4.938219952402363,43.9029557759253],[4.9381564895363805,43.903000787729034],[4.938095316993378,43.90306925434372],[4.938065058555158,43.903135146735],[4.937974805140743,43.9033482082103],[4.93794081272178,43.903557165362244],[4.937900098837185,43.90356815037228],[4.937979318716204,43.903734183598075],[4.938102530607506,43.90390875313187],[4.938224789847352,43.90389024413706],[4.9383104554698045,43.90404806085835],[4.938503824684554,43.90461662249016],[4.938420822001355,43.9046252527202],[4.9384346919693645,43.90465970965401],[4.938515422572929,43.904749152816905],[4.938611660542242,43.90526218543752],[4.938645541910777,43.90546791253255],[4.938647420141956,43.90547922186006],[4.938671291273169,43.9056871521814],[4.938831768261554,43.906001897832944],[4.938843478316438,43.90600574086566],[4.9389209854011105,43.9060441990254],[4.9389712705844895,43.90607301312911],[4.939035113456604,43.90608308708612],[4.9391443944933915,43.9060892483542],[4.939182128057145,43.906078450851304],[4.939235373555051,43.90607345428576],[4.939292286015647,43.9060774397066],[4.939463469056008,43.906124496176716],[4.9396055630264755,43.90603001550795],[4.939688363977876,43.90597142617469],[4.939768068235689,43.90590965102306],[4.939823320320507,43.905864784104686],[4.939878130215523,43.90581789953504],[4.939941246274639,43.90576263042199],[4.940016430798491,43.90568878251304],[4.940062580959531,43.90563989119594],[4.940105245690384,43.90559835351079],[4.940142001705844,43.90555881124249],[4.940160988690452,43.90553497832603],[4.940285139114462,43.9054071926411],[4.940455153542378,43.905255096222376],[4.94063392276087,43.90510784012042],[4.940751150887214,43.90502919350725],[4.940796946272005,43.90500285850988],[4.940809464133071,43.90499750480142],[4.940786844987544,43.904749718245064],[4.940997036928743,43.904735719613974],[4.940991341257639,43.90470003741399],[4.940926204978996,43.90427841052926],[4.940789008788585,43.90402239829159],[4.940633926826669,43.90398734578026],[4.940690897086884,43.90383928359988],[4.940672951850835,43.903805844603305],[4.941076912395238,43.90355871256281],[4.941499079947157,43.90342967813956],[4.94205089824823,43.90332385714488],[4.942205984192043,43.9032822094725],[4.942414783526572,43.90322745318545],[4.942784234749299,43.90313000373958],[4.943014906573929,43.903059463481284],[4.943315533029258,43.903003071330666],[4.9436668964286135,43.90282424652183],[4.943753586155466,43.902682675293335],[4.943344261996075,43.90251941617142],[4.943431089491261,43.90220635241581],[4.9434699298098295,43.902019722334494],[4.943497232084441,43.90199884656375],[4.943515478005538,43.901986233896054],[4.943531862109967,43.901973789397815],[4.9435550536592014,43.901952851752526],[4.943570000858593,43.90193111563471],[4.943575186525918,43.90191887046833],[4.943574488105582,43.90189835807362],[4.94356673871849,43.9018791864766],[4.943553560145825,43.90186510769637],[4.943537395340656,43.90185108207076],[4.943521640581129,43.90183812939811],[4.943507138914294,43.901829070339],[4.943495595921423,43.90181914842336],[4.9434852049339435,43.901810151223316],[4.943472132073555,43.901799176282964],[4.943462008697221,43.90178706858746],[4.94345467287478,43.90178004248005],[4.943448761253219,43.901770965545985],[4.943441250841833,43.901758811339306],[4.943435233550465,43.901746630555614],[4.943429184100076,43.90173350512198],[4.9434242544895755,43.901720359755736],[4.94341962464849,43.901705048546006],[4.943413226026286,43.90168166691533],[4.9434079150840216,43.901657320702775],[4.943402867158144,43.90162972904745],[4.94339768599876,43.90159822384387],[4.943392370476471,43.90157374268184],[4.943372623436534,43.901531289104256],[4.943361944214137,43.90150285245853],[4.943354227112302,43.90148462550053],[4.943350822810352,43.90147239820702],[4.943351865677803,43.901459146537576],[4.943354328144769,43.90144370909372],[4.943354960979237,43.90142938446885],[4.943359022221614,43.90141702429812],[4.943362678024955,43.90140372612173],[4.94336208995108,43.901386452530375],[4.943358916506242,43.901370035146094],[4.943353812359756,43.90135176168223],[4.943347657301307,43.90133553239888],[4.9433443873836005,43.901316281066165],[4.943342407284994,43.90130200294935],[4.943343275568898,43.9012836231842],[4.943342719662023,43.90126729424346],[4.943411738980174,43.901264985512285],[4.943402389273912,43.90094647715547],[4.9435133149783566,43.90068308138765],[4.9433288322188975,43.90045343553492],[4.943376046912676,43.90042504870553],[4.943678780075329,43.9003102842273],[4.943734311760951,43.90024096962781],[4.943761194927373,43.90020781337976],[4.943804618878694,43.90015586331351],[4.943764254576637,43.89992473264371],[4.943834589878175,43.89982949844687],[4.943923945186176,43.89971151032112],[4.943613771639345,43.89951988627465],[4.943160952865213,43.89925221189949],[4.943361994268196,43.89898100117229],[4.943574075708299,43.89902313672076],[4.943669241418445,43.89904291259785],[4.943970025249501,43.898498241629305],[4.943872085664362,43.89848472687097],[4.943811755749608,43.89848985193758],[4.943811755749608,43.89848985193758],[4.943727171854091,43.898462731149706],[4.943675058214714,43.89846784489701],[4.943660067093319,43.898477293917786],[4.943618903056181,43.89847492100758],[4.943592446606645,43.89848767984922],[4.943552913432612,43.89848932882596],[4.943534141373174,43.898475484689854],[4.943471937075279,43.898469435322504],[4.943410852563791,43.898463365987546],[4.943363533795717,43.89844476372918],[4.9433402333125835,43.898418577271265],[4.943315825715603,43.898403753157766],[4.943299211743049,43.89837650245653],[4.9433026882019,43.898357941268635],[4.943285335771849,43.898341911321054],[4.943280848652478,43.89833078357683],[4.943227907108776,43.89827865851302],[4.943223626724209,43.89827360350271],[4.943234305323516,43.89825815488532],[4.94323996504885,43.89824887201145],[4.943228219538869,43.89824394987063],[4.943090398615965,43.898177941862755],[4.943025939182462,43.898149517167205],[4.94298366386068,43.89811448619508],[4.942934876682831,43.89808564750697],[4.942914887465128,43.8980799268183],[4.942903202950904,43.898065821422314],[4.942837668663399,43.89804970360768],[4.94280480967873,43.89803894569201],[4.942793137732827,43.89803618269992],[4.942661334541409,43.89798235495019],[4.9426316366870005,43.89793278672604],[4.942638622896148,43.89792955669665],[4.9426411667913905,43.897927485961496],[4.942630768738638,43.897907281236336],[4.942636055273176,43.89789800503714],[4.942641341805995,43.897888728837735],[4.942632164553059,43.8978714730818],[4.942634420405399,43.89784996295211],[4.942652328676451,43.89783843669894],[4.942664151829924,43.89776882019195],[4.942671313010935,43.89772683304079],[4.9426754187940825,43.89772675998392],[4.942687760371231,43.89771627799639],[4.9426861295864715,43.89771225607285],[4.942695964015048,43.89770492441772],[4.94274109922957,43.89767036343359],[4.942743704067752,43.897659109477985],[4.942753027449694,43.8976477359701],[4.942761332107978,43.89763935127935],[4.94276835501485,43.897637200839455],[4.942782263047407,43.89762885146876],[4.9427804209966695,43.89761862186297],[4.942792973794292,43.897614347548135],[4.942799854323404,43.89760801366707],[4.942801035028988,43.897598810523135],[4.9428186308816136,43.897578107668444],[4.942821061176196,43.89756172562518],[4.942857984664685,43.89752731072025],[4.94287214436237,43.89749343593068],[4.942891752159661,43.89748795580536],[4.94289407679262,43.89746846991977],[4.94291602176071,43.89745484631626],[4.942928781196495,43.8974566447196],[4.9429358729696204,43.89745651851361],[4.942938615549888,43.89744931304373],[4.942946721435953,43.89744606306827],[4.9429552740609735,43.8974449656437],[4.9429638588371345,43.897444812865906],[4.9429720623870494,43.89743345926838],[4.942976237045153,43.89743541044458],[4.942996400815477,43.89740237400681],[4.94300192608783,43.89740011517313],[4.9430161463651805,43.897400942348206],[4.943031380751343,43.89739864575186],[4.943034160062614,43.897392519876796],[4.943049288800711,43.897387119436694],[4.943066559387811,43.89738978275728],[4.943081862669092,43.89738951039822],[4.943123131550508,43.8973949873505],[4.943159847933521,43.897398384811815],[4.943170169262658,43.897361472577025],[4.943177329926906,43.897363370599585],[4.943186997693231,43.89736211827755],[4.943184567600146,43.89733461513],[4.943227300784287,43.89730630813749],[4.9432334795036885,43.89731227457479],[4.943238834790808,43.897305022593805],[4.943219677329474,43.89727984264677],[4.943225032615305,43.89727259066662],[4.943244883769902,43.89727426280764],[4.943251943363533,43.897273191933905],[4.943250032334182,43.89726093809419],[4.943237175446757,43.89713558776954],[4.943219027726893,43.89697549353852],[4.943201054664734,43.89682052740348],[4.943321216089704,43.89682865099372],[4.943337065718277,43.89658112651734],[4.943335016822353,43.896477053848194],[4.9433242087542215,43.8963680059103],[4.943554714959721,43.8963373014827],[4.943563172308483,43.896135954293385],[4.943798400271258,43.8961562071086],[4.9440369681962855,43.89618679735789]]]},"properties":{"zone_type":"ens","name":"La colline de Pi\u00e9caud","area_ha":39.3,"communes":"Caumont sur Durance","owner":"Commune de Caumont sur Durance","manager":"Commune de Caumont sur Durance","habitat":"Forestier, Milieu ouvert","source":"CD84 / DataSud"}},{"type":"Feature","id":"ens-14","geometry":{"type":"Polygon","coordinates":[[[5.109924962992013,44.12431128388049],[5.109530801202556,44.124232435682785],[5.109503149912969,44.124272134199764],[5.109447713713174,44.124347932288366],[5.109390775647747,44.124430422024744],[5.109337941671021,44.124498876942035],[5.109275720971009,44.12458723068714],[5.109224420398801,44.124653225027615],[5.109196318641391,44.1246875298921],[5.10916987020693,44.12471586046102],[5.109119684048387,44.12476472619445],[5.109089668512926,44.12479798741208],[5.109065589420672,44.124819429514766],[5.109627946003531,44.125028207385625],[5.1101773122897205,44.12523038974279],[5.1102435586930985,44.12507875161949],[5.110259070396551,44.125038656380816],[5.11026265828988,44.12500734429301],[5.1102576557648876,44.124956749519775],[5.11022949407871,44.124817643656904],[5.110198551004476,44.124694527983515],[5.1101785700719455,44.124610817722306],[5.110104314564241,44.12448934632045],[5.110006012370963,44.124329531717095],[5.109924962992013,44.12431128388049]],[[5.134739526827444,44.1374546893067],[5.134737759031989,44.13744756564685],[5.134411461335986,44.13736815758845],[5.133712104526544,44.13718256191578],[5.1336690772421765,44.13626594954797],[5.133197818776954,44.13610143683572],[5.133170413289699,44.13609076034073],[5.1328092958916605,44.135952734886814],[5.132804053706288,44.13596296623719],[5.132772150838417,44.135952377151916],[5.132527331902799,44.13637500983551],[5.132359555257401,44.13659180048367],[5.132104785866372,44.1369092805179],[5.131181761574413,44.136770022250545],[5.131155301854001,44.13667451042863],[5.131156557881189,44.13655793094916],[5.130958534121362,44.136538280624],[5.130699689136641,44.13647699880534],[5.129772539721381,44.13622733171508],[5.1298023484225785,44.136192042664305],[5.129864655662172,44.136113173741705],[5.129875398969593,44.13609959426348],[5.130014411776356,44.135945763312996],[5.1303823924899765,44.13550642693435],[5.130474477893099,44.13535148155791],[5.1304798317020985,44.135344219433286],[5.130493193733694,44.13532045965545],[5.130646698467848,44.13506302695344],[5.130642255750715,44.13498450962989],[5.1306578710086725,44.13487075750029],[5.130653141163541,44.13466448104226],[5.130637011419886,44.13454432297717],[5.130626254109148,44.13444742549497],[5.130614721456157,44.134359862077744],[5.130606535542263,44.134291546879034],[5.130590417471243,44.13424175372571],[5.130571842316336,44.1342064595162],[5.1305521377811525,44.13417105219876],[5.130533472180265,44.13412333442548],[5.130517895350919,44.134087981932126],[5.130504927381807,44.13404217927995],[5.130500045657496,44.13403200977243],[5.130445074633996,44.133846158243145],[5.130328931841017,44.13369931178884],[5.130312119092055,44.133671006302656],[5.13028652522155,44.133628555353084],[5.130247314138945,44.13356300405398],[5.130195372617272,44.13346798744784],[5.130181558220873,44.13343962367744],[5.130080964574072,44.13313715846899],[5.130050551154924,44.13266572287225],[5.130057613020782,44.13263398214363],[5.130047828502493,44.13263309182541],[5.130047600980433,44.13262701865177],[5.129028549150135,44.13253539462121],[5.129025707640902,44.1325396366],[5.129024583326614,44.13253965843836],[5.129000298986792,44.1325421559917],[5.128987119721989,44.13256077981364],[5.128894303798917,44.13273626666626],[5.128193447095337,44.13254864097634],[5.127863839968528,44.13245995964847],[5.127575958590775,44.132383838138665],[5.127545967907422,44.13237415589702],[5.127831036034512,44.13207446696305],[5.127832459347486,44.13207241346943],[5.127833882660356,44.1320703599758],[5.127930537434218,44.13196732548722],[5.1281367482689255,44.13088353727436],[5.1281284227136785,44.130881538005],[5.128128387354325,44.13088059328936],[5.127756491585168,44.13080407780401],[5.127829009365213,44.13038682821912],[5.1258342141390445,44.12987490741684],[5.125807145620331,44.12991324845725],[5.125762880551398,44.129902897224554],[5.125613514613895,44.13020102925622],[5.125585472878377,44.13024344083528],[5.125405357571566,44.13024072104131],[5.125233845920788,44.13020731118469],[5.125227250375405,44.130151255247085],[5.125214339938567,44.129956347836895],[5.125213618598399,44.12993704863647],[5.125219831803124,44.12987250585559],[5.125240804577572,44.129791470019114],[5.125285202223673,44.12972510637409],[5.124403266763592,44.12957783938844],[5.1241501608112525,44.12952858699507],[5.124246315383424,44.129402065686776],[5.124193164497598,44.129384728023425],[5.124195555830363,44.12937846904825],[5.124128614816626,44.12936342447314],[5.124072430703621,44.12934520013704],[5.124048481929258,44.12934660965116],[5.124032591141732,44.12934286588835],[5.1238643363032566,44.12935639074557],[5.123894984440402,44.12900221727009],[5.1233989289111594,44.12847254580877],[5.1233928491014185,44.12846037340443],[5.123299930127577,44.1282517546616],[5.122910308199451,44.1279609611195],[5.122848895220724,44.12791312494492],[5.122957662734231,44.12782309608213],[5.122926998177727,44.12780532229574],[5.122935314896594,44.12779705778426],[5.122750433604993,44.12770663906301],[5.122695478470678,44.127681097198206],[5.122413426223148,44.12752921814081],[5.122242151174775,44.12750187682514],[5.122104977534404,44.12747387497196],[5.121850532093563,44.12741856591901],[5.121474936694853,44.127121418545244],[5.12098083954248,44.12711572003754],[5.120750811064914,44.12710166853643],[5.120510478594902,44.12708281881218],[5.120024925380926,44.126883819475076],[5.119996787651637,44.12689354761329],[5.119978581598909,44.12689808653493],[5.11961568172223,44.126900918744184],[5.118870830544796,44.126928692012505],[5.1188137550448545,44.12692668912605],[5.118702310075611,44.126934921115875],[5.118527798823652,44.126941400816634],[5.118490048971325,44.12691457893296],[5.118486892842183,44.126900323926336],[5.118481370284215,44.12687287910264],[5.11837055685183,44.12686786299078],[5.118202036508093,44.12687409132493],[5.11798221529029,44.12687226199052],[5.117934880727068,44.12685994115419],[5.117847135595619,44.12682989841485],[5.117817380716631,44.12682642168043],[5.11775371593975,44.126828732328356],[5.117722497310197,44.12682622924867],[5.117710387945186,44.12681322767555],[5.11769604861242,44.126770556719976],[5.11771849025843,44.12675891339141],[5.117758096538423,44.126755041791846],[5.117780580623324,44.12675460733467],[5.117798867228857,44.126752228131224],[5.117858374650319,44.12674905239421],[5.117823243356524,44.12672204463532],[5.117726285374732,44.12662586700462],[5.117696422264793,44.12662955033458],[5.117689450875539,44.12662360748734],[5.117604572240645,44.12663024459199],[5.117391363013635,44.12665489249926],[5.117233043567688,44.12667321243197],[5.116821505080587,44.12609474596422],[5.117125859473658,44.12608076371018],[5.117176898179547,44.12608180362122],[5.1171764388761245,44.125988893553064],[5.11720384407767,44.125586840921336],[5.116452573270719,44.1257137185075],[5.1161306841035135,44.12513554458918],[5.116103934980024,44.12514227366838],[5.116094819115258,44.12512907908693],[5.115951847851113,44.12517681330845],[5.115939182543837,44.12517908368155],[5.115843907763184,44.12520860965856],[5.115761328340584,44.125236674959254],[5.115664438981262,44.1252631256481],[5.115416406030518,44.125268858828115],[5.1150753180829325,44.125172258813336],[5.114886192022474,44.12508812187744],[5.114731385502917,44.12499913566619],[5.113220413876241,44.1236839301434],[5.11316548765167,44.123699305199],[5.113149142779161,44.12368327855145],[5.11309320272084,44.12370164435627],[5.113028684292159,44.12372125597838],[5.112993992615143,44.12373624081076],[5.112926932719843,44.123768191489965],[5.112883547306191,44.123781318054924],[5.112814471022735,44.12382964934334],[5.112728117552448,44.123877233204865],[5.112558938059322,44.12397651946671],[5.112544964537795,44.12398394680323],[5.1124339117599344,44.124012693489156],[5.112413635624284,44.12400187464378],[5.1123409881424084,44.12402474883284],[5.112313151305543,44.124042572560334],[5.112290484033083,44.12404814158292],[5.111809429782344,44.124342380872676],[5.11179822829,44.12434367716647],[5.111576108406272,44.124471533451356],[5.11150512248291,44.1244381916705],[5.111373854093579,44.12433659232636],[5.111345348636761,44.124366718798704],[5.111317877743423,44.124354012513884],[5.111122730077993,44.12456197680274],[5.11068726813147,44.1250240180263],[5.110266143018877,44.12547848840918],[5.11023471871749,44.12551083169048],[5.11020048186646,44.125548226197054],[5.110260329027795,44.12555423185388],[5.110240937852148,44.12560768233],[5.109872130256575,44.1257946778392],[5.1095368099018,44.12596455066108],[5.109373462437581,44.125766460865044],[5.109366936094151,44.12575227051489],[5.109350926380565,44.12573515639227],[5.10933930903536,44.125725250766855],[5.109294507350254,44.12566992963721],[5.109140279365828,44.12560645012805],[5.109050298142661,44.125586707797844],[5.10902597516358,44.12557799203727],[5.108982725582746,44.12556450834352],[5.1089471257469885,44.12555506417322],[5.108925500972072,44.12554832231299],[5.1089012531071125,44.12554163092297],[5.108881202331964,44.12553688460959],[5.108852342625534,44.125527175658426],[5.108820974950894,44.12552062124937],[5.1087894170945765,44.12550893835608],[5.108763595278223,44.12550025137862],[5.108730653645857,44.125491701386316],[5.1086978621659345,44.12548720018054],[5.108656116646438,44.125473822478675],[5.108618937939044,44.125462247683394],[5.108590078315249,44.12545253866356],[5.108525906870556,44.125400696201],[5.108490330458839,44.125361539081936],[5.108463713089788,44.12533139341406],[5.108422123232621,44.125241300742594],[5.107715509460507,44.12569314946043],[5.107683623372446,44.12571307569964],[5.1076836633913665,44.12571415537918],[5.107658747067974,44.12572989588992],[5.107389015942713,44.125838265621],[5.1069313755239065,44.126006430591865],[5.106620455927431,44.12610640638534],[5.106422428837077,44.12616639589146],[5.106155035605621,44.12621650840964],[5.105917786155906,44.12632114395417],[5.105875521377852,44.12633424616205],[5.1057763022901845,44.12636883613295],[5.105703689193338,44.126402914838664],[5.105627143840182,44.12644220117422],[5.105564648390787,44.12647608540367],[5.105318932764719,44.126585069011874],[5.10522434971333,44.12670438464794],[5.1052105594374915,44.12671680458502],[5.104772899358571,44.12719209932853],[5.104302603781636,44.12770786045876],[5.104154962421084,44.12786290327906],[5.103867247105135,44.12817486889767],[5.103859192449239,44.12818015564411],[5.103863389556934,44.12818210092095],[5.103849603619088,44.12819465565697],[5.10384690549489,44.128192681606095],[5.103844247083103,44.12820191645312],[5.103685924999343,44.12837242499774],[5.103289854047184,44.12877641617993],[5.103284047752073,44.128781659736994],[5.10328408768963,44.1287827394199],[5.10311601878125,44.128953434171656],[5.1029023708635615,44.12907813867727],[5.1028674083063175,44.129096096666714],[5.102738581697051,44.12914151612812],[5.102760661284352,44.129160540619466],[5.102748184219878,44.129167937969115],[5.102687302717789,44.129093474511265],[5.102590184278495,44.12915462728332],[5.102512208916193,44.12919596466436],[5.10245693867801,44.12923267971396],[5.102426742393675,44.129257839164346],[5.102393358431012,44.12927792761726],[5.102291211207371,44.12946680465293],[5.102230975797524,44.12956195908681],[5.102152539658271,44.12970243627544],[5.102159919484741,44.12970931765621],[5.1021489856154725,44.12972803005752],[5.102145002073387,44.129843444440326],[5.1021281586227385,44.12992547647883],[5.10210225442655,44.13003631420627],[5.102073766731294,44.1301482819295],[5.102044560452681,44.13024081533632],[5.102021905740913,44.13031782668387],[5.101997527407099,44.130388793553905],[5.101747249980914,44.131095345215336],[5.101802910214104,44.131261882735096],[5.101803024958755,44.131264986829116],[5.101824734543068,44.13146674978809],[5.101845608489781,44.13160532244125],[5.101850496895363,44.13166654426356],[5.101853529971788,44.13166743149556],[5.101855557888501,44.13168170857681],[5.101869085091757,44.13167226534943],[5.102219907076446,44.131798432808715],[5.102750897057874,44.13199961072313],[5.102406192558859,44.1323128009678],[5.102471617419906,44.13242891004512],[5.1024994077385495,44.13249077303871],[5.102506162238837,44.13252130127843],[5.102511474224453,44.132624382476706],[5.102503987275719,44.13265518389296],[5.1024992689539586,44.1326797196077],[5.102395066874289,44.13277261127747],[5.102411226189958,44.13279377530111],[5.102408642678289,44.13279490530596],[5.1024576806068795,44.13285325448147],[5.102475334086183,44.13287425478131],[5.102737209053012,44.133201335175215],[5.103378484487252,44.13355476435957],[5.10390465797523,44.133746845847234],[5.104080679367111,44.1338211246693],[5.104756730682978,44.13411053710422],[5.105115449583763,44.13426706704097],[5.105074098100188,44.134335389506205],[5.104897712632285,44.134555272563],[5.1049563343845925,44.13456846284975],[5.105006750803682,44.13458289113308],[5.105079874397149,44.13460282581014],[5.105161288356629,44.13462381673172],[5.10522436772159,44.134635840815385],[5.1052513924560134,44.134636402234385],[5.105287971782403,44.13463164798453],[5.105334665386497,44.13462656440333],[5.105342875743667,44.13462546131172],[5.105553057000451,44.134629527588594],[5.105663924411994,44.13463563636304],[5.1057040268462295,44.13464499524863],[5.105765687173659,44.13465920719071],[5.105832929487105,44.13468236066093],[5.105860334160489,44.134693178941],[5.106110165149894,44.134805743303986],[5.106164709932425,44.13483035605623],[5.106246130194514,44.13488186889036],[5.106355065493082,44.13494716895804],[5.106392739951883,44.13497197072523],[5.106432898647561,44.13502333092269],[5.10646550543581,44.135022704323575],[5.106624898811397,44.13511364065967],[5.106668420137065,44.135134278267856],[5.106762514478496,44.135193785626825],[5.106821962217324,44.135219114177374],[5.107013612559891,44.135269588234365],[5.107019234443225,44.135269480170955],[5.10702073361211,44.13526945135402],[5.107094717732091,44.13527208091289],[5.10711559070695,44.13525844411021],[5.107139012187444,44.135242732461364],[5.107183301595067,44.13521324903173],[5.107287938165872,44.13520299903851],[5.107300796137994,44.13520585815723],[5.10733528236873,44.13521545948752],[5.107372352134598,44.13522393068373],[5.10741118621467,44.1352395259591],[5.107486519399639,44.135238077612016],[5.107588861320637,44.135206397413704],[5.107632486814296,44.13519948105298],[5.107709838087586,44.13518165187226],[5.107776060648051,44.135167142936695],[5.107880206668288,44.13514366623796],[5.10788279017793,44.135142536102734],[5.107928255008405,44.13514476811744],[5.107956248769284,44.13513099421586],[5.108126098701015,44.135119489309076],[5.108294592863332,44.135081539072225],[5.108436333274332,44.135070574326335],[5.108519143425499,44.135007800690985],[5.108513925199775,44.13498845288073],[5.108531834445852,44.13497581820925],[5.108505668021435,44.134957953808325],[5.108499135241062,44.134933499124244],[5.108663603536991,44.13485780983083],[5.108793862432035,44.134810330018915],[5.108787900204032,44.134801260856136],[5.1087908634747725,44.13480025844999],[5.108749428908793,44.1347550011875],[5.10853986699883,44.13450472051854],[5.108883885420059,44.13440612871132],[5.109123913918596,44.1343351975737],[5.109500086708992,44.13423395924694],[5.109521768032263,44.13428256762324],[5.109561839402656,44.13440226714895],[5.109897787925056,44.13427830168144],[5.110122713051131,44.13403289546666],[5.110116375909095,44.13402383359475],[5.110115216496168,44.13402291051618],[5.110061100436279,44.13393913656991],[5.110372021756617,44.133565391055036],[5.110460538216836,44.133545319072155],[5.110637543812647,44.13353475286339],[5.1107785353408985,44.13362495701764],[5.11088485599578,44.13370056726599],[5.111151036287493,44.13327352327173],[5.111152439440837,44.13331131216409],[5.111146027673497,44.13340124846357],[5.111136432230044,44.13348624898077],[5.11112053352537,44.13355300316721],[5.111115006258838,44.133596057705645],[5.111116028544443,44.133623589617926],[5.111143537442929,44.13371800477944],[5.111156184053897,44.1337555771302],[5.111260737015242,44.13434916433251],[5.1112791897496805,44.13447238600867],[5.1113074537356225,44.13465781502582],[5.111335793083414,44.1348452684605],[5.111352590512444,44.13495420600707],[5.1113583821602715,44.13499906842452],[5.111375561763316,44.13503749886981],[5.111432052070892,44.13514472645735],[5.111515316576394,44.13528614792888],[5.111578416735947,44.13541985437249],[5.1116351333731105,44.13553315509846],[5.111662814872775,44.13559177682004],[5.111683079589725,44.13564257305219],[5.111701131829671,44.13570448658286],[5.111725206719541,44.135817470712425],[5.111725317002145,44.13582043984311],[5.111740049165656,44.13599491987132],[5.112057301115085,44.13647811949457],[5.112165754721918,44.13661095187843],[5.112199208473859,44.13666338472508],[5.112254033488577,44.13673579938691],[5.11235599350341,44.1368452567995],[5.1124238617580815,44.136915394187625],[5.112496007163987,44.1369795065973],[5.112524834496434,44.13699826422741],[5.1125543074565565,44.13702430249581],[5.112589477717533,44.13705225681555],[5.1126172960542196,44.13707414018429],[5.112643389516951,44.13708997921601],[5.112674062218093,44.13711802019114],[5.112828892129185,44.13719674565927],[5.112864540023017,44.13720726831194],[5.112886320170265,44.13721805825311],[5.112962684097326,44.13724427305132],[5.11310441600306,44.13728340873836],[5.113200340203056,44.13731113711518],[5.113257025346489,44.13734272819234],[5.113322452929953,44.1373875213656],[5.113380869680954,44.13743542092653],[5.11346796243682,44.137487899763144],[5.113536308527238,44.13753047563341],[5.113640910116547,44.13759990408812],[5.113680169020284,44.137626833847065],[5.113793140227511,44.13771960075201],[5.11473726440748,44.1380538908238],[5.1147535736963174,44.13806883767352],[5.114846122020099,44.13815700043161],[5.114907956040147,44.13821604307316],[5.114968180487818,44.1382721454761],[5.115171690060888,44.138479583699755],[5.115231098708232,44.138554069525846],[5.115234247853296,44.1385580604829],[5.1153369221302505,44.13872679183233],[5.11545846562942,44.13893891759389],[5.115466345442737,44.13895915920619],[5.115510334627585,44.13907283902711],[5.115564405720162,44.139195373124686],[5.115591450195767,44.139236719017504],[5.115594639582577,44.139241789650036],[5.115599671617102,44.139266137941185],[5.1158246373512375,44.13963671574185],[5.115947515475147,44.13980397627466],[5.1159801074879345,44.139843189154476],[5.116001148476613,44.13987438647937],[5.116073760754081,44.13996090732818],[5.116151837898569,44.14003300654325],[5.116180708175292,44.14005284292734],[5.116186481228294,44.14005678321115],[5.116192219115342,44.14005977877059],[5.11625070939006,44.14009943703907],[5.116308488308222,44.14013006015393],[5.11639385748113,44.14017635749867],[5.1164302294094455,44.140196184052826],[5.116443906950477,44.14019078780194],[5.116448515369724,44.14019367009703],[5.116890805836558,44.14003400071336],[5.117662313185883,44.13976059952841],[5.117657963933365,44.13975460595299],[5.117694279064423,44.139742694644774],[5.117697013408896,44.13974561309039],[5.117714930503961,44.139884241256844],[5.117737703602027,44.13999211754036],[5.1177511312916595,44.14001022597851],[5.117757819460221,44.14003872899265],[5.117789557100383,44.14009524524942],[5.117813376540258,44.140120446039376],[5.117821981343921,44.140160121809636],[5.1179486065567525,44.14024654340972],[5.118054319719287,44.1403455241092],[5.11811266806886,44.14039139681658],[5.118148833758826,44.140445936626335],[5.118188716058345,44.14044921775067],[5.1182018774822975,44.14046017323031],[5.118235135961163,44.14047695303657],[5.118299806684851,44.140501229314594],[5.118342918966579,44.14051066062432],[5.118388650011228,44.14051990625479],[5.118416953022154,44.14052449151659],[5.118465763161834,44.140535838537424],[5.118511418806171,44.140543059709046],[5.11855738126029,44.14055851345301],[5.118577936063172,44.14057661912533],[5.118573681706458,44.14061343704181],[5.118641562127654,44.140683570721656],[5.118646525178589,44.14070602944434],[5.118648975100015,44.14073150800668],[5.118687167189135,44.1407296894264],[5.118691446207329,44.14073379351683],[5.118844710100764,44.14072975086453],[5.119536129182018,44.14067249110024],[5.119637890698643,44.140665391358326],[5.119741410577616,44.1406551511926],[5.119890998790746,44.140643074679815],[5.119992984049558,44.14063191854649],[5.120139872868797,44.14061786802775],[5.120445078591978,44.14058441314982],[5.120820969853267,44.14054540315132],[5.121028612336161,44.140520992133844],[5.120994503255812,44.14052165207396],[5.121165563809117,44.14050200030225],[5.1212610931016025,44.1404786776367],[5.121306487183125,44.140478879704354],[5.121359696454175,44.14045732126765],[5.121376336933505,44.14045092165187],[5.12138079957488,44.14044988988911],[5.121383342767835,44.140447679749606],[5.121409952415474,44.14043703547636],[5.121456004691937,44.14041467008612],[5.121499174177271,44.140395466795304],[5.121512883628729,44.14038088535295],[5.121540003234776,44.14035375412276],[5.121578480445029,44.14031938007348],[5.1216075496582345,44.14029423696265],[5.1216364757134505,44.140275309274884],[5.12164202251217,44.140273176056084],[5.121703078420394,44.14027091391462],[5.121888264694479,44.140177516139744],[5.1219786506060325,44.14008676347414],[5.122144395477609,44.13989460913167],[5.1222138792850105,44.13981668622059],[5.122328114374018,44.139681577768194],[5.1223320509675885,44.139676504415455],[5.1223564705366424,44.13964739938559],[5.122408974099184,44.13957682810117],[5.122437589091626,44.13953953835651],[5.1225286088015745,44.139435672352775],[5.1226021307814,44.13934538074523],[5.1226660344717665,44.139278775390125],[5.122679894529254,44.1392682426175],[5.122699341554962,44.139256656253856],[5.122718481179167,44.139236837313035],[5.122727883735152,44.1392274713113],[5.122773400340897,44.13919079959841],[5.122794230678507,44.13917608010095],[5.122808322501694,44.13917175548274],[5.122875897085022,44.139163288831455],[5.122922303001256,44.139110257838595],[5.122958808130277,44.13910347327885],[5.123012398521957,44.13909217103152],[5.123061874151698,44.139091212842445],[5.123140092386674,44.13901622650285],[5.123182836854828,44.13898568590747],[5.1231983925773115,44.1389803874802],[5.123265296077601,44.13898408878528],[5.123283893860423,44.138989941222576],[5.1233787219700435,44.13898810443931],[5.1236395010810405,44.13890026237831],[5.1239678700879,44.13888471664076],[5.123973532633778,44.13888568738894],[5.124016639589287,44.138894981499604],[5.124062642546503,44.13891151260347],[5.124101443381494,44.13892602231643],[5.1241587664554435,44.13894435990244],[5.124190370224045,44.138956983175774],[5.124213652447949,44.13896774182501],[5.124234874024144,44.13897354325971],[5.124253690389157,44.138975204505115],[5.124303560742031,44.138944660433275],[5.124426810467992,44.138900404032235],[5.124504615418263,44.138894709379244],[5.124507279463125,44.138895738212014],[5.124605751479037,44.138911117150776],[5.1246801244821505,44.13892399181729],[5.125012271786671,44.13900952807936],[5.125336452422288,44.1390625338],[5.125527472553967,44.13908530151043],[5.125606558520339,44.13908376803505],[5.125649443860909,44.13908712326106],[5.125713389496716,44.13909196089671],[5.125770102634935,44.13909396747228],[5.125888748389286,44.13911719260079],[5.1261694445533665,44.13911066826296],[5.1261736078989,44.139111667976515],[5.126252826295454,44.139143760899174],[5.126303822567534,44.139173429910656],[5.126360142030613,44.13920502151474],[5.126406832446648,44.139239906205844],[5.126448980950423,44.13926366917044],[5.126480777235378,44.13928142026799],[5.126532211630692,44.13929271279512],[5.1266195565068715,44.13931141213803],[5.126672333715087,44.139318491752874],[5.126727887322497,44.13931957492722],[5.1267830206755844,44.139319450704846],[5.126836878108658,44.13931529946942],[5.126893591509258,44.139317305464175],[5.126943143008503,44.13931836992431],[5.127001507163749,44.139324395574945],[5.127038805868276,44.139328804066494],[5.127098745054857,44.139336824975175],[5.127144249339992,44.1393399937467],[5.12720943205823,44.13933778349669],[5.127244700155519,44.13933804452374],[5.1272884779296275,44.1393351691278],[5.127322475121301,44.13933153810976],[5.127386077752179,44.139327197489045],[5.127443049839829,44.13932609184526],[5.127493757183027,44.13931794967926],[5.127530373014523,44.13931413271705],[5.127618495242047,44.139313502885216],[5.1277102494548705,44.13930969615275],[5.127819579604943,44.13930446772315],[5.127908745437739,44.13930165647207],[5.127976400243433,44.13929534603677],[5.12801736226609,44.13928739280148],[5.128401624437681,44.13928195859454],[5.128421681688211,44.13928670137217],[5.128473419647861,44.139306090586885],[5.12852399782297,44.139324556890884],[5.128569997384851,44.139340951147496],[5.128635751070659,44.13935399052573],[5.128763800122892,44.139367846036656],[5.128855041408914,44.1393803903369],[5.128869360244954,44.13938213813718],[5.128925110239777,44.13939847795225],[5.129280977742655,44.139466118323924],[5.129288215528098,44.13946908407566],[5.129352465203186,44.13948201718649],[5.129443630973923,44.139492536598624],[5.129497872583309,44.13949864101092],[5.129670610687425,44.13952391763981],[5.12976543948091,44.139522075332536],[5.129806785679195,44.13952437838199],[5.1298692733406455,44.13953032240306],[5.129908344064911,44.139551982941654],[5.1300497975352695,44.13954315686993],[5.130091371314795,44.139551533008145],[5.130124440610176,44.13956318072333],[5.13017805794577,44.1395926619969],[5.130245344603304,44.13964659326488],[5.130303434033793,44.139685306592185],[5.130506767813153,44.13977630093135],[5.130605539819016,44.139829620077286],[5.130727534135642,44.139912065524975],[5.130922616414216,44.140043061696254],[5.131135219207409,44.14019113945781],[5.131272328973996,44.140286526204704],[5.131350710372055,44.140336189401424],[5.131418000556586,44.140350142687744],[5.131464275027634,44.140373823574066],[5.131512252338866,44.14037289072268],[5.131545165533991,44.14038035425742],[5.13167582044705,44.14041360416094],[5.131684446099392,44.14042356580515],[5.131818880104658,44.1404475580913],[5.132000288330724,44.14048387237524],[5.132199941907684,44.14050659577612],[5.132561458336184,44.14054453809966],[5.132772850965127,44.14039024071003],[5.132883171364983,44.14031138119082],[5.132809738687134,44.14016370548628],[5.1337398861975885,44.139581736189115],[5.133799967908085,44.139443617563664],[5.133905533539813,44.13927814209676],[5.134662335509585,44.138155929338716],[5.134721138795499,44.13810373219887],[5.134796403285393,44.13806039841635],[5.134794098277953,44.1380389690391],[5.134803422629658,44.1380275776142],[5.13479327922152,44.1378673259271],[5.134768993207609,44.13764009066525],[5.134758120223118,44.13746040483349],[5.134739526827444,44.1374546893067]]]},"properties":{"zone_type":"ens","name":"Les collines du lac du Paty","area_ha":264.9,"communes":"Caromb","owner":"Commune de Caromb, Priv\ufffd","manager":"Commune de Caromb, CAUE 84, SMAEMV","habitat":"Forestier, Plan d'eau","source":"CD84 / DataSud"}},{"type":"Feature","id":"ens-15","geometry":{"type":"Polygon","coordinates":[[[5.209687815411763,43.745332256445046],[5.209501185677811,43.7451352679513],[5.208974129959125,43.74469655474441],[5.2086699239380305,43.74456109613418],[5.207922484124822,43.7442349783306],[5.206529269894046,43.74360416712551],[5.2056662855102935,43.743215716250795],[5.204806181437413,43.7428242318084],[5.203518844360242,43.742243826935166],[5.202113236101809,43.74164147664579],[5.201219949518805,43.74126159351579],[5.201078263346171,43.74120139627576],[5.201034735222259,43.74119638593063],[5.200562844226439,43.74100193227954],[5.199969494581491,43.7410133210393],[5.1992687871409,43.74102660264264],[5.199299671641931,43.741103171373645],[5.199504974770394,43.74108659532083],[5.19960458010005,43.74109340307521],[5.199704289693704,43.74109966847455],[5.199829411305699,43.741118138189854],[5.200018151469441,43.741157707586645],[5.199826077357108,43.741459551745166],[5.199879019697162,43.74148076809971],[5.200109759817196,43.74158165394334],[5.200585005175757,43.7417895509185],[5.2003345212253205,43.74192162638771],[5.199863536298817,43.74250790603596],[5.199838622164547,43.74251937303363],[5.199797526195077,43.742546730258994],[5.199749040453571,43.74260952683555],[5.199589853045684,43.74281294883684],[5.199410047838687,43.74305350639902],[5.199346800705007,43.74314044934464],[5.199323051313262,43.743170082168795],[5.199310503237711,43.7432037303627],[5.1992866514963385,43.74327784586927],[5.19928773882607,43.7432972739005],[5.198962971987618,43.74380742781816],[5.198982301913918,43.74385009413796],[5.198992649498129,43.743871414099274],[5.199014767826654,43.7439122256661],[5.199035231389778,43.74396207341348],[5.199049459648138,43.744017984477935],[5.199054104780299,43.744039594769745],[5.199204342122707,43.74397086932217],[5.1996082576952976,43.743795850845295],[5.199684198253919,43.74376358785874],[5.199791503830835,43.74371964304436],[5.199968587260212,43.743658230976465],[5.200130911535312,43.74361763368795],[5.20032498216533,43.743609467417734],[5.200697026902016,43.743591104237964],[5.201073358953514,43.743571126155366],[5.201502454198051,43.7435505757707],[5.201671003786351,43.74353740861247],[5.202053198896697,43.74353163046134],[5.202346252968001,43.743526766740864],[5.2028203425284225,43.74352064727041],[5.203183730465991,43.743513428721045],[5.20320679886059,43.74351928481256],[5.203649575593943,43.74346559593641],[5.203717253432783,43.743461943583334],[5.203775575192074,43.74346054343945],[5.20383188796913,43.74345855189779],[5.203879508347933,43.743459970273214],[5.203922679296597,43.74346534665462],[5.20397032679384,43.74347423795766],[5.204004324146425,43.743486815350586],[5.20407534456562,43.74351992521692],[5.204253040130058,43.7436234515911],[5.204437826480894,43.74373737519068],[5.204532111125301,43.74379173402235],[5.204567679021848,43.74381994813277],[5.204695419243074,43.74401025220358],[5.205065925495142,43.74429021401795],[5.205624326520069,43.74465702354555],[5.206060139965269,43.74478804677425],[5.206093146856483,43.74479731121664],[5.2061598833517255,43.744811864202475],[5.206183861175483,43.74481878257062],[5.206468670955558,43.74484612325407],[5.206538380027617,43.74485035355299],[5.2066811978471055,43.74486343025747],[5.207042933863832,43.74488189358974],[5.2073326110613944,43.744872850690136],[5.20818278345279,43.74499420306564],[5.20854760573165,43.745045737243814],[5.208626553842889,43.74505798071181],[5.20867511747283,43.74518237641477],[5.208952642702408,43.74516375078584],[5.20906107230113,43.74515705279065],[5.209284728215315,43.74519313772479],[5.209334614709271,43.74525582856966],[5.209589248239329,43.7455688212846],[5.209667676702815,43.745667784789454],[5.209865531933706,43.745909666095926],[5.210074956819146,43.74595043809467],[5.210112650062317,43.74585462110827],[5.209994073989103,43.74570448359967],[5.209747963102016,43.74540708355463],[5.209687815411763,43.745332256445046]],[[5.2128273473591475,43.751900132974185],[5.212873743522531,43.75156967580437],[5.212874340094182,43.75130394951546],[5.213106852875658,43.751306809601154],[5.213142118993985,43.75039399534237],[5.213198337185791,43.750392631423026],[5.213713914131559,43.750358197496105],[5.213823425627121,43.75036705139966],[5.21386165058603,43.75007439035271],[5.213955114403308,43.7497069995598],[5.21398921397042,43.7497087670056],[5.214050837660494,43.74942411439958],[5.214071930872428,43.749302777018144],[5.214085754550246,43.74923668702065],[5.214191452532899,43.74892803552977],[5.214257884515407,43.74874305604467],[5.214326715620559,43.74859602766454],[5.214429039475265,43.748501472175896],[5.214505728034772,43.74843244744075],[5.214569611921236,43.74840671218031],[5.21465274865773,43.748391046943695],[5.214825673955868,43.74837498400465],[5.214852431745703,43.74835294287067],[5.2147904829179295,43.74819288327745],[5.214653958310778,43.74805156379928],[5.2145143339489515,43.74768573894073],[5.214502811743333,43.747626175155965],[5.214498922527584,43.747574836702164],[5.214519010645962,43.74746999650057],[5.214543228895826,43.7473760610474],[5.215130485856469,43.74754714191596],[5.215335974341731,43.74777301810785],[5.21537995152927,43.747746409480484],[5.215423451016115,43.74768010145887],[5.215599669712035,43.74767252717766],[5.215581942404488,43.74761983752427],[5.214212107015223,43.74721214718182],[5.21375381781751,43.747075559120866],[5.213222680970933,43.74691373420941],[5.212743594020685,43.74676881273914],[5.212526668010168,43.74670000824044],[5.212280826434716,43.74664527207905],[5.2117410260928185,43.746531061169556],[5.211347793770907,43.74645388705079],[5.210878491445096,43.74637179721864],[5.210439838289459,43.746295592897845],[5.2101403114880895,43.74624333613556],[5.209964481117269,43.746210915743276],[5.209447196399513,43.74612092820258],[5.208978634470444,43.746139393370925],[5.208934280237038,43.74595080599839],[5.208791002805864,43.74596907566789],[5.208559428490815,43.745991040585864],[5.208261844696418,43.74601482683994],[5.20823142983923,43.746015237239725],[5.208209432596971,43.74602160707908],[5.208159811984488,43.746026622300064],[5.208104228329673,43.74602824161611],[5.20800372035699,43.74604432935887],[5.207945193322705,43.746050327757615],[5.207851354406268,43.74605530076399],[5.207690978562805,43.74606462658864],[5.207561051960957,43.74607111016941],[5.207302198715823,43.74611116016182],[5.2070596631251265,43.746145760533054],[5.206908850148094,43.7461651644934],[5.20683701352643,43.74617736333633],[5.206718941221947,43.74620216462869],[5.206361063742373,43.746268264849846],[5.205971239141013,43.746330301334204],[5.20553487910731,43.74641367836737],[5.205295685911845,43.74646486790688],[5.205181277561386,43.74650148209526],[5.205071349754129,43.74651477845163],[5.205014908709706,43.74652010459407],[5.20495705127495,43.74652743909085],[5.204711695036793,43.746654022013864],[5.204387081911111,43.74682067841764],[5.204084783699088,43.74697276485509],[5.204034703923933,43.74698219921138],[5.204010186825278,43.747004464447514],[5.203970816001276,43.74703485114699],[5.203938954077994,43.747053296833286],[5.203906460463727,43.7470579783195],[5.203872878827101,43.74707357596257],[5.203845959713564,43.747087964003036],[5.203797525676372,43.74710835149264],[5.203755153467622,43.747128081264336],[5.203713464299248,43.74714275543328],[5.203679262824228,43.74714828031957],[5.203624835401763,43.74715770867956],[5.203592451163216,43.747165359342034],[5.203533393473954,43.74717721845225],[5.203408183027214,43.747217371624885],[5.203333701566826,43.74725221999486],[5.203651554386941,43.74741417096293],[5.203086178646068,43.74812564958168],[5.202978497858681,43.748280896545666],[5.202945676536761,43.74832052038105],[5.202904085289425,43.748354731446554],[5.20297929877681,43.7483767757533],[5.202943555396154,43.74859663019541],[5.203200255181118,43.748683141106476],[5.203400237494248,43.74875067076353],[5.2034525888271554,43.748863469751164],[5.203560463048038,43.74911106651207],[5.203808640823358,43.74935378399067],[5.203867746594424,43.749417289008605],[5.203876171764352,43.7494537728695],[5.203876253070443,43.7494761917537],[5.203875822676561,43.749494838787626],[5.2038731392960775,43.74952649552149],[5.203875282864586,43.74955094541573],[5.203879560305864,43.74958273741122],[5.203896092733148,43.74961339154818],[5.203918194358445,43.749626649714386],[5.203955371597223,43.74966473750108],[5.2039770389995,43.74968979957255],[5.2039895492304735,43.74971242784881],[5.204006192602349,43.74974271965339],[5.204025738639441,43.74977088424778],[5.204271770852583,43.74980708598312],[5.204767897062051,43.7498919249895],[5.204796505255649,43.75011188341503],[5.204832569110202,43.75036222156744],[5.205466621735252,43.75034389721421],[5.205424324493469,43.75070236427431],[5.205475518095409,43.750787001703586],[5.205724153142103,43.75093399168816],[5.205912136972597,43.7510429890319],[5.20640188101261,43.75081324788928],[5.206793038100935,43.750635120423816],[5.207129771468574,43.75090060443725],[5.207620533511116,43.75129050792401],[5.207900777354007,43.75150612222869],[5.208363469067276,43.75186892457615],[5.208592445135891,43.75184998234937],[5.209108070488275,43.75180638435609],[5.209424525616341,43.75177484646688],[5.209470938088817,43.75177700642987],[5.209520689753991,43.75177540978662],[5.20960575790347,43.751781591087884],[5.2097115309537365,43.751790071392854],[5.2097824731712725,43.751803910419675],[5.2099204866817015,43.75184111797018],[5.210097027415498,43.751875505859985],[5.210240265637883,43.75190955008619],[5.210395286425349,43.75195317978248],[5.210509621961844,43.7519815723785],[5.211008728462277,43.75211936161243],[5.211242996599628,43.752176306808856],[5.2113281900672765,43.75219256912694],[5.211597029592902,43.75222705133925],[5.211718277361367,43.752230726831804],[5.212195593873855,43.75222936916],[5.2127188301255005,43.752230267759195],[5.21279147666432,43.75222300189657],[5.2128157494376675,43.75201633299579],[5.2128273473591475,43.751900132974185]]]},"properties":{"zone_type":"ens","name":"La Garrigue","area_ha":54.9,"communes":"M\ufffdrindol","owner":"Commune de M\ufffdrindol, Priv\ufffd","manager":"Commune de M\ufffdrindol, Communaut\ufffd d\ufffdAgglom\ufffdration Luberon Monts de Vaucluse, PNRL","habitat":"Forestier, Cours d'eau","source":"CD84 / DataSud"}},{"type":"Feature","id":"ens-16","geometry":{"type":"Polygon","coordinates":[[[5.201932448419597,44.05236624952315],[5.208194535580097,44.05255972916913],[5.2082868817210315,44.05255876652555],[5.208372816128059,44.052553431315495],[5.20855749943328,44.0525190925207],[5.2088062469931025,44.05246275214433],[5.208975716044983,44.052422417060384],[5.207547082744584,44.05018951261129],[5.20637749480631,44.051030629630446],[5.206254294728996,44.05110514245446],[5.206168335034714,44.05114198943557],[5.2060504303413735,44.05119208534929],[5.205925974615744,44.05123420984588],[5.201932448419597,44.05236624952315]]]},"properties":{"zone_type":"ens","name":"Les mares de la Pavouy\u00e8re","area_ha":6.3,"communes":"Mormoiron","owner":"EPAGE SOMV, Commune de Carpentras","manager":"EPAGE SOMV","habitat":"Zone humide","source":"CD84 / DataSud"}},{"type":"Feature","id":"ens-17","geometry":{"type":"Polygon","coordinates":[[[5.000283305347597,44.100472000475264],[5.000403522155166,44.10046917518554],[5.000361210823612,44.099951627760014],[5.000269153228219,44.0999664534626],[5.000271276971156,44.100115689390236],[5.000270027084065,44.10011567456745],[5.000269969882262,44.10011404768678],[5.000234726723958,44.10011374582556],[5.000193305322923,44.10010828982481],[5.000124881402315,44.10010238145805],[5.00002836446435,44.10009698592998],[4.999964364289827,44.10008897095963],[4.999902914981853,44.10007888364335],[4.999857268952065,44.10007053354984],[4.999834471922336,44.100061766339586],[4.999768110084552,44.10002921536383],[4.999730273017152,44.10000843317187],[4.999484308793142,44.09985667044223],[4.999441213857944,44.09984624787781],[4.999406767300092,44.09983661280333],[4.999360870149444,44.099821109472025],[4.999223889822933,44.09975216818438],[4.999202600463955,44.099711636720386],[4.999104301437956,44.09969816994957],[4.999107529445996,44.09968735644872],[4.999108925784794,44.099687551668175],[4.999107720418682,44.099686716709385],[4.999107990148721,44.09968581314081],[4.998936625527507,44.09956631523213],[4.998656664840531,44.09938559525782],[4.9984288229353915,44.09923741611522],[4.998234935177441,44.09911301653571],[4.998203860177564,44.0990929203401],[4.998203587937912,44.09909290387129],[4.998201437370325,44.099091524047395],[4.998179546635769,44.09907652770926],[4.997928986767235,44.09892173940409],[4.9979070629922795,44.098905798272874],[4.9975604885346545,44.098696213640636],[4.99755999427761,44.09869591341107],[4.997549795227974,44.09868968899292],[4.997314597808788,44.09854575640823],[4.997179780662924,44.0984635384491],[4.996795505791952,44.098215030333925],[4.9967924382437285,44.09821306050941],[4.996517487796751,44.098046559337114],[4.996279847234947,44.09789652887615],[4.9960407144263055,44.0977466601738],[4.995836045884805,44.0976176358994],[4.995597617399076,44.09747096194976],[4.995569175276958,44.09745337112443],[4.9953731632466685,44.09733263340401],[4.995336522332887,44.09731004541095],[4.9951016234339205,44.09716320380687],[4.994953713505884,44.097070822961754],[4.99480901632087,44.096979856122786],[4.994794409928313,44.09697059143765],[4.994763294390634,44.09695001467326],[4.994641937476456,44.096869200022276],[4.994504534684173,44.096787836363276],[4.994404415592918,44.09672226973548],[4.994361646735604,44.09669412604054],[4.994361890423348,44.09666029113923],[4.994359469514741,44.09665894328283],[4.994359426811541,44.09665772508541],[4.9943001885557115,44.09662504129763],[4.99418865368717,44.096554550452865],[4.993872994021501,44.09637028244631],[4.993557427202765,44.096177908961366],[4.9934241854909125,44.09609754870234],[4.9934410011013215,44.09621378991133],[4.993464079016259,44.09639109433111],[4.993515605739087,44.09675992066552],[4.993583717608957,44.097291854521615],[4.99361111707785,44.09750689410958],[4.993614457841028,44.097527360762996],[4.993700834723545,44.09784247877253],[4.993778179416365,44.098113735173996],[4.9938770106231285,44.0984633341284],[4.993934541654632,44.0986932209836],[4.994030142626264,44.099025457399584],[4.994189807044951,44.099581384558924],[4.994329893514089,44.10005987975474],[4.994525859436728,44.10075303132193],[4.994620524897053,44.10106907883369],[4.994678338992274,44.10126411784314],[4.994707459140232,44.101367710687484],[4.99473153144035,44.10144492576757],[4.994799215855263,44.10167557313592],[4.994887655042567,44.101974312626375],[4.994892168314836,44.101985439544876],[4.994980504346122,44.10228120981925],[4.995069087423173,44.10258399815933],[4.995188400539005,44.10299345615398],[4.995190726777146,44.10299332381166],[4.995191201187586,44.10299493566999],[4.99524268185188,44.10299147720254],[4.995304090333985,44.10298252595551],[4.9953945119292795,44.10296719411126],[4.995729002306165,44.102914194265054],[4.996291636077756,44.1028219236518],[4.9962910789540365,44.10281995205339],[4.996311978027392,44.10281768161209],[4.996313473449216,44.10281744424484],[4.9963138920183905,44.10281881712389],[4.996545892135772,44.102782627732815],[4.996545372292931,44.102780621472085],[4.996564321620085,44.102777295085254],[4.996564446209271,44.10277727550518],[4.9965648794796085,44.10277895048839],[4.996719836338892,44.102754788626676],[4.996879300797651,44.102730904516704],[4.997073611782564,44.10269954246383],[4.997287603628406,44.102666470775794],[4.997287201576385,44.10266496426191],[4.997306138915114,44.102660595874816],[4.997307519689533,44.102660445856365],[4.997308220431156,44.10266294376132],[4.9973288858882965,44.102660204810995],[4.997330439699148,44.10266947127002],[4.9974157169021245,44.102963134913104],[4.9974566060762955,44.103113509918344],[4.9975152209427,44.10321359338841],[4.997516329110112,44.10321412074553],[4.997517163405496,44.10321553865866],[4.9975752471582275,44.10324356031328],[4.99805455947235,44.10337230047772],[4.998386316368286,44.10345844350307],[4.998431367428421,44.10347112671223],[4.998589111903559,44.1034942687873],[4.998844141005896,44.10353382245987],[4.998843414906168,44.10353155967489],[4.998843562522921,44.10353158222727],[4.998861576712644,44.10353323399765],[4.99886231921972,44.1035355615674],[4.998974271565051,44.10355692758782],[4.9990713283747406,44.10354552312994],[4.9990929048152415,44.10354440916622],[4.999210670499393,44.103553424365806],[4.9993856231090295,44.103564907116485],[4.999530736079611,44.10357702422313],[4.999533465495335,44.10357528680437],[4.999559549998886,44.10357564306932],[4.999560091646173,44.10357565612304],[4.999560748094422,44.10357773694042],[4.999586002567361,44.103578176348265],[4.999626062277561,44.10357681496778],[4.999669776100488,44.10356566329749],[4.999800853617148,44.10350195820935],[5.000015033287582,44.10339955225093],[5.000154747674952,44.103329206675426],[5.000367955615042,44.10322762805218],[5.000643979656484,44.10313939727176],[5.000645907168396,44.1031379114073],[5.000730480360617,44.10312629343831],[5.000731795027495,44.103125937733346],[5.000730428262108,44.10312836511104],[5.001149113272647,44.10301456923307],[5.001145002847709,44.10300320071627],[5.001142613071723,44.1029931700789],[5.001042788498538,44.10281929369192],[5.000985291606272,44.10271919160533],[5.000880100738918,44.10255257075966],[5.000840875074983,44.10248171080766],[5.000835313183144,44.10247141293903],[5.000823037244497,44.10244701365159],[5.000808034771802,44.10240767306407],[5.00079269226971,44.10236221643324],[5.000694781959372,44.102004682347264],[5.000596054394729,44.10163598840673],[5.000576529619807,44.10156265155957],[5.0005742430368265,44.10151170157207],[5.000590842187009,44.10134420704128],[5.000593270508488,44.1013173328435],[5.000573324446917,44.10113384957016],[5.0005626217739545,44.10105688668433],[5.000562565348221,44.101056539940394],[5.00056245421545,44.10105567433929],[5.000546201647094,44.10095589939166],[5.000539328688854,44.10092914978973],[5.000517585966492,44.100842079928746],[5.000433456583643,44.100580531063834],[5.000429069166769,44.100566799720305],[5.00029610294606,44.100537490952284],[5.00028282699922,44.100471974803725],[5.000283305347597,44.100472000475264]],[[4.996900944188581,44.10489580562827],[4.995884348622025,44.105059193012075],[4.99577411069865,44.10507605662641],[4.995369315385569,44.10513771959301],[4.995623707212521,44.10563979264462],[4.995744072019816,44.10586880530838],[4.9958028391133755,44.10598747891439],[4.995853888629245,44.10609629940683],[4.995914442665649,44.10624096001075],[4.995982853053553,44.10638160604849],[4.997342297552583,44.10608538177767],[4.997239429515679,44.10587090724358],[4.997198744247495,44.10579043895775],[4.997109594009715,44.105635676389326],[4.997042091657433,44.10539993950383],[4.996900944188581,44.10489580562827]],[[4.996627969836042,44.1035192228071],[4.997075470745679,44.10344651279454],[4.997746146250922,44.10333533903856],[4.997617979908977,44.103304093682056],[4.997567398833266,44.10328691928712],[4.997540695299026,44.10327723243048],[4.997507468990146,44.10325614026038],[4.997472096235673,44.103237968273355],[4.997355524774303,44.10308856790764],[4.997278142234922,44.10274218098093],[4.996888756696943,44.102800957928416],[4.9964569495725,44.102865008184544],[4.996627969836042,44.1035192228071]],[[4.9966395917751045,44.103565558097166],[4.996646199907105,44.10361855717507],[4.996685070348818,44.103779098004054],[4.99673409068781,44.10396538338245],[4.996766877110469,44.104102086300465],[4.996837803713131,44.104382057018825],[4.998097315658594,44.10421252003407],[4.997967757254159,44.10409189752406],[4.997998223204247,44.10408774060712],[4.998001324293039,44.10409065514687],[4.9981281151795605,44.104207186567514],[4.9991496429014735,44.104070968098235],[4.999078326966432,44.1039153416017],[4.999017249024922,44.10378437742346],[4.9989427726276014,44.10362412681925],[4.998602496181218,44.10358360757911],[4.998115118260996,44.10346366001893],[4.997973603559714,44.1034259060304],[4.99807704698122,44.10379198482534],[4.9980617800982525,44.103794874213406],[4.997950399195119,44.10342335810478],[4.9977976531528,44.10338598877857],[4.997287379429314,44.10346434780433],[4.99771345359244,44.10383822979936],[4.997690211038419,44.103841714729626],[4.9974976738346735,44.10367461254578],[4.997260519063536,44.10346798863192],[4.9966391967749795,44.103561423774956],[4.9966395917751045,44.103565558097166]],[[4.999217135632604,44.10421378959038],[4.999215254685476,44.104210042520315],[4.999156180370244,44.10408633451131],[4.998710128048439,44.10414345084115],[4.998151070078756,44.10421685163015],[4.997810889021095,44.104260959264465],[4.997393082420193,44.10431836542733],[4.9969489405822936,44.104376610130466],[4.996831902911516,44.104395489466185],[4.996837740451116,44.10443364714297],[4.996846062717904,44.10447139940137],[4.996858522450664,44.10452735297258],[4.996895559856069,44.104660557167755],[4.996976064772202,44.1049392729304],[4.997014762241866,44.105077038557425],[4.997052492728709,44.10520860952265],[4.997092115194823,44.10534779881926],[4.999590561393844,44.10499818652451],[4.9995294305083275,44.104865782947066],[4.999468546480996,44.10473328481187],[4.9994061090293735,44.10460279573673],[4.999280220235995,44.104341385858966],[4.999217135632604,44.10421378959038]]]},"properties":{"zone_type":"ens","name":"La zone humide de Belle-ile","area_ha":25.4,"communes":"Aubignan","owner":"EPAGE SOMV, Priv\ufffd","manager":"EPAGE SOMV, CEN PACA","habitat":"Zone humide","source":"CD84 / DataSud"}},{"type":"Feature","id":"ens-18","geometry":{"type":"Polygon","coordinates":[[[5.425113462021752,43.91739040166496],[5.425097317167251,43.91745306594405],[5.42508711080335,43.91748840710923],[5.425076393867344,43.91751466585479],[5.425064349359891,43.91755364932684],[5.4250548142294654,43.91758444087875],[5.424699498681865,43.91802469826367],[5.424681278621501,43.918044754963],[5.424641374230262,43.91808471712156],[5.424607871920735,43.91812291645196],[5.424568757367962,43.918172675104],[5.424534179525315,43.918229535995856],[5.424532391842762,43.91824902372608],[5.424540262151653,43.918275950193994],[5.424569217409212,43.91831834511925],[5.424628496948167,43.918376723647036],[5.424695539992987,43.91843312902667],[5.424758435378043,43.91847693121313],[5.424860735280688,43.91854227767662],[5.4249591075859405,43.918597266945504],[5.425018676497983,43.91863312954537],[5.425110789531003,43.918675652465005],[5.425200337388644,43.918716431532836],[5.425282953100758,43.918755293627584],[5.425368332049415,43.918785900900744],[5.425477856084637,43.918827766724604],[5.4255777950393504,43.91885805045556],[5.425675028701241,43.91889208571771],[5.425769095800658,43.918927811907075],[5.4259057009995395,43.918970876506194],[5.425988604984415,43.91900477963592],[5.42605430972803,43.91902672968602],[5.42869103403783,43.91703150784966],[5.428479006435349,43.91697805915774],[5.428388243125194,43.9169584686203],[5.428349238424332,43.916955104238966],[5.428322174313758,43.916925003357356],[5.427878180602117,43.91533365358151],[5.428086952394714,43.91513219031923],[5.428125814731177,43.91509125963515],[5.428149610862767,43.91505336507031],[5.428168127070384,43.91502017980361],[5.428189629877639,43.91496937087259],[5.428208831526132,43.914923024930225],[5.428219456614796,43.91489172583588],[5.428231272504716,43.91485328732434],[5.428242489114626,43.91482125477743],[5.428240760719584,43.91479527247048],[5.428255197397265,43.91475110333716],[5.428274197870422,43.91470881353253],[5.428291858228263,43.91467015501272],[5.428315275114203,43.91462335516956],[5.4283288903144244,43.914592079610635],[5.42833935445125,43.914562854941934],[5.427431825510694,43.913932154738994],[5.426625351465144,43.91336943086794],[5.426565415310194,43.91348592017991],[5.426530659408624,43.913520906608056],[5.426494800676381,43.91355924890222],[5.426477170530652,43.91358692189605],[5.426452475861825,43.91363005816736],[5.4264215917269825,43.913682875896356],[5.4263886704819475,43.91374051084638],[5.426374191557748,43.91376028057884],[5.426374374385395,43.913782155518774],[5.426380369037417,43.91380597216925],[5.426387092946795,43.91383229365269],[5.426392411651829,43.913860717213076],[5.426392946619901,43.913885015330116],[5.4263968014648265,43.913899515675695],[5.426403872415916,43.91391349437179],[5.4264060884892995,43.91393046213263],[5.426410115457943,43.91394901032116],[5.426414571310024,43.91396592831261],[5.426425438219614,43.91398423447472],[5.426438366932715,43.91400123430186],[5.426442979864151,43.914015987912954],[5.426442735874185,43.91403661182218],[5.426445227848815,43.914048351303265],[5.4264500322766915,43.914061750103386],[5.426461217173584,43.914075817455455],[5.426466923232603,43.91408991651641],[5.426463325194471,43.91411367621819],[5.426466334030612,43.91412585439957],[5.426476649708564,43.91414291228942],[5.426482943272907,43.914162040371195],[5.426479090998901,43.914176892053824],[5.426479096372003,43.914185805604646],[5.426485750215281,43.91419583193652],[5.426492174079252,43.914212165973794],[5.426490241841937,43.91422823551029],[5.426500213296325,43.91423719771176],[5.426506493611489,43.914253084753256],[5.426507993252989,43.9142824935536],[5.4265205197145,43.91430760565203],[5.426517614731183,43.91433008943891],[5.426509243904858,43.91436169839396],[5.42648962641704,43.91438950559655],[5.426444917563436,43.91441597957334],[5.426415681432569,43.91441969048443],[5.4263875978317655,43.91442121488793],[5.42637516754184,43.91443058483866],[5.426355012967317,43.91443697512473],[5.426339705924475,43.914434344024],[5.42631850463591,43.91443076344517],[5.4262917168590565,43.914436400736605],[5.426273306379681,43.91443987106784],[5.426255720767977,43.914448095033244],[5.426240325226315,43.914455099852454],[5.426226577638481,43.9144686407605],[5.426214072597928,43.91447918283527],[5.426199369283298,43.91450246897957],[5.426188345136753,43.91453026526741],[5.426163784799315,43.914553140155675],[5.426158611317689,43.91457207285175],[5.426146410147705,43.91459269232047],[5.426137685177176,43.91461890688991],[5.426135509835134,43.91463219067322],[5.426131412396502,43.914647137829185],[5.4261249386875186,43.91467357249091],[5.426121654632165,43.914693003429484],[5.426118577093313,43.914717291782594],[5.426109985015648,43.91472612624017],[5.426101974525139,43.914742781002325],[5.426095901145782,43.91476398461759],[5.426090109278082,43.91478302108802],[5.426079265337102,43.91480334028472],[5.426062295304058,43.91482604651299],[5.426033880584757,43.914860801865146],[5.426010476425065,43.91488158017895],[5.42597612764256,43.9149056629001],[5.425952126278606,43.914924113504384],[5.425919803109391,43.914943109128544],[5.425892635559666,43.914957398315636],[5.425854293315001,43.91498129960352],[5.425814297220676,43.91500145605975],[5.42577635322938,43.91502300750788],[5.425735901722236,43.91503831204846],[5.4256858587006915,43.91506238316128],[5.425641507613386,43.915076783882235],[5.425608447372704,43.91509309467182],[5.425566565814108,43.91510699032049],[5.425525022786393,43.91512592051028],[5.425471570852772,43.915137191938214],[5.425420098030066,43.91515400168052],[5.42537646873901,43.91516487481318],[5.425322158897387,43.91517940655674],[5.425249128203403,43.91519597472618],[5.425220212358533,43.91521309372046],[5.425199006279674,43.91522112780801],[5.425166922947426,43.91522526175806],[5.425142103083084,43.91522446242137],[5.425125263293752,43.91523852204625],[5.425106856307613,43.915242082134725],[5.425085177889787,43.91524193331515],[5.425060145272015,43.91524492024194],[5.425047758741488,43.91525239828692],[5.425033662417524,43.9152636058213],[5.425006171671725,43.91526736762142],[5.424980651974087,43.915282340278026],[5.42494814348163,43.915288194308985],[5.42491061000488,43.91529010824928],[5.424870749671193,43.915304679037995],[5.424834896288636,43.91531681987021],[5.424806808381843,43.91531825391589],[5.424787005392159,43.915327067099085],[5.4247502749888845,43.915342018526864],[5.424716492362246,43.91536185652654],[5.424664470827903,43.91538921242724],[5.42462027676271,43.91542197680154],[5.424568229187264,43.91546337901702],[5.424534390785734,43.915484838864515],[5.424485286260927,43.91551636165354],[5.424446926861642,43.91555160748631],[5.424412224501984,43.91557911896074],[5.424383520547812,43.91559830387595],[5.424354599496399,43.91562703753334],[5.424327607314393,43.91566599258673],[5.424295967253383,43.91570108918867],[5.424237191787329,43.91576884139641],[5.424196947135119,43.915818354851204],[5.424169917500085,43.915844705505705],[5.424146939066598,43.915866734476595],[5.4241277706147715,43.91588462719561],[5.424100685750632,43.91590674731578],[5.424071111648466,43.91593477509705],[5.424035828232591,43.91596914216603],[5.423977129603289,43.916026988446696],[5.423923327433085,43.916068159183936],[5.423895073947759,43.9160979583442],[5.421837180869468,43.91672570725634],[5.421820208577412,43.91674841285158],[5.421800506571731,43.91681538717379],[5.4217760376776,43.91688156684005],[5.421747208826618,43.916953605564316],[5.421749020593047,43.91697868572378],[5.421758897978004,43.91700304679019],[5.42176644766424,43.917025388625405],[5.421779146711148,43.917051667930124],[5.4217966332648135,43.91708216283909],[5.421811083668582,43.91711155459851],[5.421828121413116,43.91714908234917],[5.421836136921889,43.917182398374436],[5.421848510082433,43.91721273657078],[5.421848462229784,43.917243890459865],[5.421850110714355,43.91727392628366],[5.421844139513712,43.91732105806615],[5.421837960477575,43.91734568518843],[5.421836978075906,43.917363624354856],[5.421835037615951,43.91738833755009],[5.421826953794617,43.917412106545136],[5.421824765998015,43.917439796449884],[5.421824213457382,43.917464929050766],[5.421818233751974,43.917503057316054],[5.421815568825329,43.917534179212865],[5.421816192786443,43.91756648869064],[5.421816796110637,43.91759537721722],[5.4218250940876835,43.917620673687566],[5.421834478392342,43.9176392833207],[5.421849654126008,43.91765641395703],[5.421867802714754,43.91767608973623],[5.421912725205791,43.91771029795319],[5.421959072310505,43.91774285388975],[5.42198899473012,43.917764069266056],[5.422012977690121,43.917792079112886],[5.4220659981961115,43.917829258965625],[5.422116033758862,43.91786947622586],[5.4222285233432785,43.91795782861098],[5.422271344478322,43.91798947222921],[5.422323175292829,43.91803676251727],[5.42236652576637,43.91807793829711],[5.422396166178793,43.918107173134445],[5.422414248860079,43.91813702449466],[5.422429444258379,43.91816928086648],[5.42244473290777,43.91820666728603],[5.422459726867514,43.91824297979602],[5.422476540989452,43.9182840238974],[5.422497958825982,43.918330818287465],[5.422510704612878,43.918372853007455],[5.422527593604456,43.918412724961854],[5.422542580032975,43.91844885756005],[5.422554652434348,43.918486765507645],[5.422561866848288,43.91851586754419],[5.4225694198805545,43.91856468020952],[5.422577100242066,43.918604756445475],[5.422585993505175,43.9186704663706],[5.422597279827647,43.91875440075829],[5.425062841740505,43.91736577517118],[5.425113462021752,43.91739040166496]],[[5.425097317167251,43.91745306594405],[5.425154861479716,43.91746047489092],[5.4251548484277246,43.91746049106333],[5.425097317167251,43.91745306594405]],[[5.42508711080335,43.91748840710923],[5.425128179225578,43.91749353625],[5.425128178766034,43.9174935368194],[5.42508711080335,43.91748840710923]],[[5.428322174313758,43.916925003357356],[5.426668503356224,43.91739352780333],[5.427955784257104,43.917025798584305],[5.428322174313758,43.916925003357356]],[[5.428086952394714,43.91513219031923],[5.427999079348463,43.915177282109944],[5.428030255886935,43.91515794110446],[5.42805507592539,43.91514703494779],[5.428086952394714,43.91513219031923]],[[5.425113462021752,43.91739040166496],[5.425119385956314,43.917338244801776],[5.425119382933434,43.917339219085086],[5.425113462021752,43.91739040166496]],[[5.425679921747292,43.91752657417698],[5.426032391390441,43.91757374482314],[5.425678428209136,43.91752806401688],[5.425679921747292,43.91752657417698]],[[5.427808063959738,43.91710934351847],[5.42780086821183,43.91711144687799],[5.427372635064953,43.91723423354435],[5.427220344036622,43.91727684468061],[5.427808063959738,43.91710934351847]],[[5.435126310319177,43.924364746388235],[5.435171704693887,43.924322136711844],[5.43519186105767,43.92427486756084],[5.435210043076462,43.92422512136805],[5.4352271657557845,43.92417098693595],[5.435225155867803,43.924141409277695],[5.435220909001865,43.924106119073016],[5.4352290783758015,43.924066950498656],[5.435258135896288,43.92407062439615],[5.435324013145415,43.924078879536694],[5.435338042458944,43.92399897318581],[5.435345340405912,43.92392479928859],[5.435356364663395,43.92387080082915],[5.435366761878219,43.923825459991],[5.43538067063601,43.92378067111319],[5.435390328777378,43.923735526831074],[5.4354021764651135,43.92368331076724],[5.435414753704413,43.92359857475506],[5.435427433436793,43.923539587295515],[5.435437800492972,43.92349937928909],[5.4354484482891126,43.92343656551259],[5.435456688784717,43.92340198727717],[5.435468154182697,43.92337291947427],[5.435494068631238,43.923320479753],[5.435536664510622,43.92324443824385],[5.435566342417222,43.923186782419144],[5.435586487915418,43.92315094826333],[5.435604544592851,43.92311579095313],[5.4356274129768964,43.923050363643696],[5.435646905589461,43.92299923760058],[5.4356774378233395,43.92291491148732],[5.435693195950109,43.92287260239848],[5.435707755407167,43.92278178963482],[5.43572752026732,43.92268743933929],[5.435737586875911,43.92261977647263],[5.435748400718493,43.92257253553321],[5.435756698658675,43.92252472044141],[5.435772575953741,43.922456027600994],[5.435787412811471,43.92241256856119],[5.435806447501575,43.922330299621976],[5.435819992291838,43.922274084024934],[5.435834719519315,43.9221959628611],[5.435843918482506,43.92214299551782],[5.435849785867709,43.922073265409814],[5.4358532048153245,43.92202204766843],[5.435864045330826,43.92197543639951],[5.435875866177016,43.92191385698675],[5.4359022413738085,43.92184889165784],[5.435920598763569,43.92178869708959],[5.435939124158941,43.92175578022898],[5.435965944507014,43.92173042159499],[5.435989402438694,43.92170216670746],[5.436020387304266,43.921648893484274],[5.436053967132079,43.92158637851245],[5.436087314837353,43.92153593377475],[5.436134855730315,43.92147364758078],[5.43621832891888,43.921392282125645],[5.436934475323877,43.921092234760636],[5.436970454207188,43.921080087138265],[5.437350744385383,43.92091367401165],[5.436557835861396,43.920749131115855],[5.436503385971871,43.920737110392125],[5.434714981620552,43.92037155652614],[5.43343529771755,43.92011069790681],[5.4335418977902235,43.92039338169218],[5.430954113065965,43.92018648608982],[5.431044888471927,43.920364090317264],[5.431111052812423,43.92039674166146],[5.431178000434444,43.920433157108505],[5.4312559893321,43.92046851637053],[5.431322525462711,43.92050404051961],[5.43137185105842,43.92052446133885],[5.431443657212992,43.92054041996839],[5.431515445747529,43.92054719510971],[5.431595221567298,43.92054848014304],[5.431658174170054,43.9205495994863],[5.431697480543544,43.920559978967766],[5.431730444308896,43.920576442148466],[5.431779957365018,43.920589565568896],[5.431840636402077,43.92060748242942],[5.431895953100414,43.920631101000666],[5.431958150653891,43.920652495449914],[5.431905283481691,43.920680503950024],[5.431793473315154,43.9210557494911],[5.431779867003788,43.921066766945835],[5.431738530220366,43.92119581094588],[5.431715118742523,43.9213099597414],[5.431704033723507,43.92139475191221],[5.431693500739057,43.92145450132768],[5.43168315793414,43.92152748204373],[5.4316725502922685,43.921588403612695],[5.431656611996574,43.92164116041033],[5.431639921372774,43.92169672512522],[5.431617842861843,43.921748628221486],[5.431609445445225,43.921788341727414],[5.431605227949344,43.92183552532945],[5.431611444992837,43.921882026414785],[5.431621251617461,43.92192214494056],[5.4316422840276175,43.92197137743502],[5.431676328204767,43.922021940886545],[5.431725448217375,43.922075500040386],[5.431761738521437,43.922129074739516],[5.431795792029762,43.92217108437479],[5.43181268686679,43.92221383622903],[5.431820842252047,43.92227073852879],[5.431810357911386,43.92234624349981],[5.431792454306859,43.92242011292298],[5.4317723960625734,43.92248142504353],[5.431745947458263,43.92255647514624],[5.431735452929808,43.92258498066183],[5.431889961596084,43.9226269192188],[5.43199484437641,43.92265312562371],[5.432075179460989,43.92267330584203],[5.432124941231661,43.92268345238104],[5.432205930735824,43.922695604573626],[5.432286929684857,43.92270505536468],[5.432368844457835,43.922724299812444],[5.432449051119832,43.92273854013115],[5.432512675180983,43.92275242944209],[5.432557030292943,43.92276431689194],[5.432642890652079,43.9227738392163],[5.4328413841521215,43.92279849987223],[5.432936666651279,43.92280988294497],[5.433008084864786,43.92281666543182],[5.43308316374111,43.92282165560045],[5.433137296508669,43.922826212002306],[5.433214748545083,43.922843034195346],[5.433278271021263,43.922851613102445],[5.433345181775178,43.922852013078796],[5.4334325861545585,43.922868523333655],[5.433607296705598,43.922870032599114],[5.433621752209406,43.92287016066963],[5.433737567422799,43.922992012074516],[5.433808056828567,43.92305877992264],[5.433829015312004,43.92311206542971],[5.4338324363870285,43.92310757733719],[5.433857742289777,43.92319561059184],[5.43386196830673,43.92326547579714],[5.433868701531152,43.92332403040292],[5.4338328203321415,43.92342612258394],[5.433658851387853,43.92361142560425],[5.433340401768409,43.92441940793739],[5.435126310319177,43.924364746388235]],[[5.435258135896288,43.92407062439615],[5.435265171734273,43.923828857220045],[5.4352683976321625,43.923841159069674],[5.435281924741086,43.92387498180287],[5.43528418514527,43.92390167265681],[5.435283261659761,43.92394716239109],[5.43526525613386,43.92401563254082],[5.435262247254378,43.924041450475436],[5.435258135896288,43.92407062439615]],[[5.434802781884014,43.922744139922024],[5.434783920651219,43.9227635833887],[5.4347326687425035,43.92280902460679],[5.43472083068316,43.92281855243229],[5.434802781884014,43.922744139922024]],[[5.4352730337930915,43.923558696859864],[5.4352779153622555,43.92358550933662],[5.435271032128628,43.923627479386276],[5.4352730337930915,43.923558696859864]]]},"properties":{"zone_type":"ens","name":"La colline de la Buy\u00e8re","area_ha":48.4,"communes":"Villars","owner":"CEN PACA, PNRL, Commune de Villars","manager":"CEN PACA","habitat":"Forestier","source":"CD84 / DataSud"}},{"type":"Feature","id":"ens-19","geometry":{"type":"Polygon","coordinates":[[[5.166414640858271,43.841921992423394],[5.1664843319690466,43.841897284931704],[5.166861518974663,43.84174485264644],[5.167209843268049,43.84160541592057],[5.167357624282626,43.84155341604658],[5.16747368179371,43.84169469884761],[5.167567375815142,43.841803837101644],[5.167702962478006,43.84198119152355],[5.16798816450769,43.84186965404968],[5.168004193882011,43.84188562987204],[5.168375663738252,43.84172358326178],[5.168470427685765,43.84180515199861],[5.168622306187008,43.84172020996719],[5.168727427992975,43.8416617644112],[5.168835322802441,43.841601012996954],[5.168891004306508,43.8415638959366],[5.169081538323022,43.84143569297355],[5.169252149707728,43.84132003922592],[5.169585784281904,43.8410920327179],[5.169273834922898,43.84088217871306],[5.169003063131952,43.840747845785],[5.168721090663571,43.840603472147464],[5.169302194179639,43.84022371558006],[5.1690036977544125,43.84002079541075],[5.1689213500003675,43.839964817378984],[5.168771846796279,43.839856610146846],[5.168614059594021,43.8397464068577],[5.168460719399688,43.83985496434269],[5.168288516223102,43.83997776037934],[5.1681592420931555,43.840074856001834],[5.167824180101335,43.840330793958316],[5.167698455433757,43.84042313720355],[5.167675774620631,43.84044492377552],[5.167523333447088,43.84055760317407],[5.167403799561482,43.84064595199044],[5.167317423284942,43.840706724480356],[5.16724583616772,43.840760631245665],[5.16713707762349,43.840837962715774],[5.167057099244171,43.84088051295604],[5.166912691389439,43.84096566443692],[5.166926313972535,43.840973946111646],[5.166649001531012,43.84112619516988],[5.166574015130709,43.84118232959925],[5.166527527062908,43.841232316374295],[5.166465922323342,43.8412871046213],[5.1664331398650365,43.84131476312334],[5.166414367144497,43.841334671312595],[5.166402053861146,43.84135436117217],[5.166412241738494,43.841541049601105],[5.16631451086386,43.84158125116341],[5.166292931613011,43.84159322976638],[5.166241177496966,43.8416219583448],[5.166208844866588,43.841631963049174],[5.165854276485967,43.84174127230225],[5.165692626036307,43.84155209991519],[5.1655678582114035,43.841630467864285],[5.165444348403201,43.84171250169363],[5.165364035882467,43.84176270937855],[5.165217496763015,43.841847540781984],[5.165132282118864,43.841896405217],[5.1655341437281015,43.842335848788636],[5.1652604447831765,43.84250494710033],[5.16512877077318,43.84259479472633],[5.1650026481874765,43.842676879915906],[5.164954908913024,43.84271032634524],[5.164890396532817,43.842767241968126],[5.164790817469904,43.84287364681793],[5.164706535203717,43.84296030269614],[5.1646271065818565,43.843040470444635],[5.164576949556595,43.843088908754815],[5.164548789528682,43.84312043602658],[5.164527060261632,43.843154266334636],[5.164474259840257,43.8432347157538],[5.164425106558911,43.84332607576464],[5.164379264300412,43.84340305615598],[5.164351010740422,43.843448539032856],[5.164255299699995,43.843561888553324],[5.16415564016387,43.843685939227036],[5.16408211128927,43.84377742263451],[5.164024376846715,43.84384257554352],[5.163976112004714,43.843895027139894],[5.163532016354566,43.84412385685707],[5.162971206693498,43.8444141453721],[5.162876582620051,43.84446103401101],[5.162812927730844,43.84449470505653],[5.163591173092409,43.844917420142906],[5.1631459967179545,43.84539392728871],[5.162763941600074,43.845809674812074],[5.162740734041684,43.84583408150831],[5.162607796750054,43.8459730144986],[5.162399783174885,43.846205440840365],[5.162335236957161,43.84627477901289],[5.162509159678242,43.846393764540345],[5.162498585873644,43.84640360680335],[5.162522948006276,43.84641626740952],[5.162316742746792,43.84661435838498],[5.16229221506281,43.84664005150193],[5.162402665493488,43.84672527587195],[5.16206239413432,43.846904418133015],[5.162311201742296,43.84743423265997],[5.162607806178845,43.84807644039885],[5.162686437388617,43.84806038747254],[5.162692982646003,43.84810842092714],[5.1627367585824535,43.84812456766834],[5.162775499512644,43.84814243466787],[5.162801107157247,43.84815840146122],[5.162822251907072,43.84817148592171],[5.1628404730489805,43.84819606148765],[5.16286137944763,43.84822256435209],[5.162886161343592,43.84825943323832],[5.1629156037585355,43.848324117378105],[5.162916937250105,43.84845462681215],[5.163117042789847,43.84859469846248],[5.163140125547608,43.84861296587458],[5.163273341980782,43.84870467001416],[5.163749183774386,43.84904047735969],[5.163818204527828,43.84896771858363],[5.163909517366492,43.848872641523364],[5.1639819327185075,43.84878442106283],[5.164080524134491,43.84868118725899],[5.16411480150081,43.84863702524937],[5.1641439417088595,43.848598456660795],[5.164161978302315,43.848565599870724],[5.164166519063708,43.84854426393249],[5.164179120753893,43.848525558834545],[5.164187470550294,43.84850297700239],[5.164197669446642,43.84847666746713],[5.164202196397217,43.848448399893755],[5.16421099404673,43.84842778972021],[5.164213050056163,43.84839011856906],[5.164213389862343,43.848359683451164],[5.16421586307116,43.84832317434625],[5.164215921497222,43.848275460055206],[5.164209195635311,43.84820627442301],[5.1642016433469005,43.84811198828026],[5.164105752036118,43.848066447701356],[5.164184777930254,43.84784080822348],[5.164183559936458,43.847818506250746],[5.164182146083459,43.84779431764458],[5.164185292216676,43.84777228918613],[5.164186812385084,43.84775659471969],[5.164191795908098,43.84774038141557],[5.164206240982475,43.84770138417924],[5.164230330290536,43.84766084522234],[5.164253762202902,43.84761608814105],[5.164274771218151,43.84757633048887],[5.164301923777573,43.84754113222303],[5.164331163744822,43.84750193144439],[5.164362055254945,43.847460357245104],[5.164393289127433,43.847424537826925],[5.164458881457231,43.847359858892055],[5.1645159533539795,43.847300120303345],[5.16455084623623,43.84726566862812],[5.1645855041120425,43.84723158170406],[5.16472321739523,43.84709399177294],[5.16476502096978,43.84704823981675],[5.164849115352349,43.84696959972163],[5.164906906793962,43.84691245736338],[5.164924820429902,43.84689607742633],[5.165017459978622,43.846809885573606],[5.164332061613393,43.84656025516026],[5.164382986659813,43.846453565371405],[5.164407892137416,43.84640138735868],[5.1644587231230386,43.84629513985506],[5.164496304283425,43.84621346195342],[5.164559223544655,43.84609140027988],[5.16465995482344,43.84601617987562],[5.164716466298637,43.84597358836645],[5.164804130098974,43.845907120855664],[5.164919064857198,43.84582174696906],[5.164969430094361,43.84577546492053],[5.165089143698574,43.84564552381518],[5.165130566194139,43.84559959925374],[5.16521782585341,43.84550280110642],[5.16525465892553,43.84544409406912],[5.165286799694437,43.84539286218903],[5.165344574302762,43.84530907265289],[5.165724392311772,43.845464926709084],[5.166139967698771,43.8456353735993],[5.16616599540872,43.84564601977578],[5.166223658782841,43.84559869194844],[5.166265301337767,43.84543392997807],[5.16629137125074,43.84527181792564],[5.166295185793228,43.84524756780741],[5.166470145693759,43.845289835806966],[5.166609551414359,43.84516885442275],[5.166657287868832,43.84512742608854],[5.166955923051598,43.84482613202488],[5.166756344171296,43.844668599593035],[5.166877247939484,43.844557087903404],[5.166861970710406,43.844541276987776],[5.1671691430630196,43.84443470678083],[5.167510278192964,43.84432503012713],[5.167850921672144,43.844215542209135],[5.167837450619799,43.84419816511269],[5.167728240202439,43.844057196409636],[5.167661631144318,43.84397029602471],[5.1675003572656575,43.84376842485497],[5.167450126696316,43.84370667586276],[5.167309114267828,43.84353392991408],[5.166719461293247,43.84317123269375],[5.166803377952303,43.8430848525981],[5.167092161541249,43.842818314039526],[5.167043903805435,43.84277903186261],[5.166900056073959,43.84266917901978],[5.166886027112418,43.84265019247751],[5.166851636862375,43.842605953447276],[5.166817938272844,43.842566832066616],[5.166785645903941,43.8425254321282],[5.166747232304135,43.842476771772276],[5.166713688852041,43.842438457504336],[5.166681555031674,43.84239795463697],[5.1666666084362,43.842377725957874],[5.166642854626815,43.84233516609907],[5.1666272637919395,43.84230450736928],[5.166589111827176,43.84224305829159],[5.166567360377619,43.84220081874491],[5.166535254290495,43.84213807924086],[5.166492649304572,43.84206087428112],[5.166433992671648,43.841957250868276],[5.166414640858269,43.841921992423394],[5.166414640858271,43.841921992423394]]]},"properties":{"zone_type":"ens","name":"Les pr\u00e9s des Poulivets","area_ha":18.2,"communes":"Opp\ufffdde","owner":"Commune d'Opp\ufffdde, Priv\ufffd","manager":"Commune d'Opp\ufffdde, PNRL","habitat":"Zone humide, Milieu ouvert","source":"CD84 / DataSud"}},{"type":"Feature","id":"ens-20","geometry":{"type":"Polygon","coordinates":[[[5.194171871839942,44.070476361408524],[5.194485571809833,44.07051842465195],[5.194510978138983,44.07071095568948],[5.194516119478808,44.07074065503407],[5.194579506585625,44.071179757724906],[5.194590867706547,44.07124768837001],[5.1945226028985925,44.07161163747124],[5.194669666942317,44.07167837887507],[5.1947727950401745,44.07172628256722],[5.194822894606717,44.07174949841561],[5.194854060846896,44.07176427009394],[5.1948761244292285,44.07177616295695],[5.1949022296822776,44.0717859939725],[5.194927367750713,44.071793413357774],[5.194951427601626,44.07179554213912],[5.194969338040313,44.071793652463775],[5.194979143975873,44.07178562262733],[5.194989001954536,44.07177894230926],[5.194999307035219,44.07177090246487],[5.195021701262392,44.07172660527087],[5.195045537386718,44.071680838566856],[5.195065740761462,44.07163478453496],[5.195085219669347,44.07158937528609],[5.195097215304196,44.07155717149275],[5.195116600472845,44.071509333106206],[5.195130353369764,44.071474122843526],[5.195146033703426,44.07144355588741],[5.195155387930286,44.07141086481929],[5.195171403759164,44.071363093974135],[5.195194250520765,44.07128844504451],[5.195226194722043,44.07117768876454],[5.195243488970783,44.07111773722228],[5.195251053652709,44.07098360979801],[5.195255011991734,44.07089844502999],[5.195254486769766,44.07085568776499],[5.19524779847818,44.07081179354169],[5.195231903156255,44.07075259746985],[5.195219024346582,44.070713329234955],[5.195207171866031,44.070681243419195],[5.195198695537605,44.07064926998993],[5.195189089079258,44.07061389779546],[5.195182997966265,44.07059196073995],[5.19518594676134,44.07056804169685],[5.1951919771410475,44.07054631180798],[5.195202562231112,44.07052611127594],[5.195225403850774,44.070503143962135],[5.195257285200885,44.07047495330543],[5.195280359413998,44.07046125517331],[5.195299811670073,44.070454022314486],[5.195333915498653,44.07044136355237],[5.195426074963919,44.07041862701334],[5.195501298509936,44.07040037171362],[5.195507856565378,44.07039879961403],[5.1956393988930065,44.07036752996901],[5.1959148643594535,44.07030222084619],[5.1962404984132595,44.07021987805576],[5.196371967016982,44.070186718209584],[5.196544256561254,44.07014346542942],[5.196832003143123,44.07006314144317],[5.19714251807836,44.069977407740105],[5.197144736398669,44.069976642925546],[5.1972886187321565,44.06992864678404],[5.197385403216612,44.069896361818756],[5.19742912819892,44.06988062810428],[5.197498969488084,44.06984591253276],[5.197595623830437,44.06979409185573],[5.197639788207361,44.06977033590003],[5.197695185942929,44.069739961789516],[5.19773343304831,44.06971173265465],[5.197781852974741,44.06967852732298],[5.197810073055535,44.069659052991625],[5.197825759818539,44.06964487233659],[5.19787548190099,44.069600116026095],[5.197995870161378,44.069490284605756],[5.198105479241883,44.06939237432459],[5.198135296313872,44.06936575488555],[5.1982049432957025,44.06930340124699],[5.198214759076107,44.0692988823782],[5.198380011582808,44.06914790303024],[5.198382530910154,44.06914200001004],[5.198376488634277,44.06913428806906],[5.198367867643933,44.06912770835383],[5.1983541764093975,44.069128883624956],[5.1983249882353615,44.06913298112891],[5.198283013873627,44.06914228740225],[5.198254380101664,44.06914457300666],[5.1981961355689235,44.06911738058062],[5.19825435238649,44.069108288461884],[5.198297720174253,44.06909949444738],[5.198317317524174,44.06909603970171],[5.198333954549103,44.0690903034158],[5.1983457882640804,44.06909276694152],[5.198357749922303,44.06909207658557],[5.1983777216107665,44.06908861431296],[5.198398840972188,44.06908900060433],[5.19842553033009,44.06908810456534],[5.198446933685717,44.069086144170754],[5.198475772128754,44.069085925267636],[5.198512083888168,44.06908843749474],[5.198551539191269,44.069088275500576],[5.198594991307393,44.06909136462134],[5.198637646084165,44.06909320921144],[5.198687333812487,44.06909608304191],[5.1987471667484035,44.06909650217907],[5.198799294507504,44.06909788635887],[5.198856112176813,44.06910106711471],[5.198913920807742,44.06910080651468],[5.198984925002686,44.06909947052799],[5.199065912074525,44.06910117534219],[5.199111291569354,44.06910566614795],[5.199189055551353,44.069111217182524],[5.199257904433763,44.06911550663543],[5.199349991258332,44.06912653226041],[5.199443454193217,44.06913762020274],[5.199510841273877,44.069149321938646],[5.199670678867679,44.069168530222576],[5.199754512879023,44.06917927112401],[5.199793968637565,44.06918235002513],[5.199892872661492,44.06918558504153],[5.199974691625748,44.06918619202183],[5.200126639577305,44.06919835516934],[5.2002660433371295,44.069209059478595],[5.200319342963946,44.069211679913906],[5.2003871529212455,44.06922139179233],[5.200491077887091,44.0692382110732],[5.200545584507169,44.069246209394436],[5.200575166078896,44.06925551898488],[5.200611787621761,44.069266037636176],[5.200639611388477,44.06927187107486],[5.200670193830841,44.069274767857294],[5.200696554563529,44.069278289711235],[5.2007136988319225,44.06928244699543],[5.20072441268228,44.0692817814617],[5.200737276103641,44.069285034373316],[5.2007718167920975,44.069286951191465],[5.200806894423265,44.06928660626692],[5.200840994216053,44.06928357985969],[5.20086211018765,44.069283875708486],[5.20088976956369,44.069278997918715],[5.200939879235358,44.06927339872032],[5.2009812467453855,44.06926455380812],[5.2010474975462655,44.06925331787069],[5.2011658152257345,44.069228970125145],[5.201248435754828,44.069211552526475],[5.201282583711602,44.0692065441856],[5.201351541791395,44.06919750457165],[5.201433848497016,44.06919134783792],[5.2015159637913735,44.069180242823904],[5.201621677198961,44.069172264741354],[5.201766478030839,44.06916106952443],[5.201959523501308,44.0691444920285],[5.202198979548753,44.06912031794582],[5.202251449892683,44.06911764190211],[5.202281306937658,44.06911470038095],[5.202395063677789,44.069098366341],[5.202526156898767,44.069075020653564],[5.20265559011573,44.06905395914274],[5.20271133434051,44.06904230329129],[5.20265760285712,44.06896721243656],[5.202643888068435,44.068951641726095],[5.202628548209279,44.06893925502231],[5.202458846023768,44.06882003764427],[5.202416335569747,44.068789649725815],[5.202393787787026,44.068807210423806],[5.202314925840202,44.0688475128841],[5.201859894290382,44.06878679551479],[5.201820278598736,44.06877957885003],[5.201700709731807,44.06875218088158],[5.201559328230431,44.06872261029892],[5.2014766687898115,44.0687067150309],[5.201265274593339,44.06860400070372],[5.200981687933003,44.06861717495907],[5.200868176044556,44.068375004884324],[5.200828987258401,44.068294848902966],[5.200803365370163,44.06824260194736],[5.200762693778741,44.06816607725775],[5.2007155050483345,44.06808248055418],[5.200647292134279,44.06795572827008],[5.200583302453436,44.06783807489882],[5.20052021474958,44.06772436502365],[5.200829581118959,44.06766106302675],[5.201219618384033,44.06763656512563],[5.201484513601532,44.0676858918746],[5.201665153458445,44.06771998526012],[5.201908644062956,44.06749359636829],[5.2021693087237075,44.06740452884047],[5.202256807614861,44.067351897687736],[5.202322829911625,44.067315455033786],[5.20237827040955,44.067279855461585],[5.202412292541597,44.06725549121455],[5.202443524834167,44.06723325394056],[5.202492380382154,44.06720174842376],[5.202527982194443,44.067173030561484],[5.202591549939814,44.06711511815479],[5.202649109607752,44.06706975175835],[5.202688806884966,44.06703392852357],[5.202772387424951,44.06695751584042],[5.2025955046241865,44.066872027373094],[5.202396448278631,44.06677500969328],[5.202344283418838,44.06674679684446],[5.202639441309996,44.06649721776224],[5.2019999994267865,44.06631082746818],[5.2020685724616715,44.06617250131129],[5.202088206450392,44.066124836748955],[5.201871345049536,44.0661129916069],[5.201432010047376,44.06571494728864],[5.202054463597282,44.06566578429862],[5.202756460199918,44.06550048978112],[5.20308197390734,44.06541920898686],[5.2032500643201045,44.06537765055061],[5.203298453652124,44.065366412472855],[5.2034153537561805,44.065334707625034],[5.203561420930481,44.06529197126132],[5.203610838432244,44.06527503998988],[5.203633281794888,44.06526450406279],[5.203745941223325,44.06520713349996],[5.203746958819812,44.06518181249323],[5.203758324588824,44.065168978469835],[5.2037726947251794,44.065153112734265],[5.203790702913599,44.06513123129393],[5.203804674955092,44.06511798465351],[5.203824022036678,44.065101658578335],[5.203848829003878,44.06509089495263],[5.203887149714494,44.065080849700145],[5.20391539233461,44.065074968958484],[5.203942390707099,44.06506920329449],[5.203964283218194,44.06506056917335],[5.203988542916348,44.06505179735629],[5.204027251190772,44.065038863053424],[5.204062500017192,44.06502365740778],[5.204099388925445,44.065012110267745],[5.204167671036448,44.06499542921534],[5.204239897046508,44.06497740819128],[5.204319237860593,44.06495609255752],[5.204402006037728,44.064932997144005],[5.204464091168141,44.0649175211289],[5.204523829984865,44.064902722585764],[5.204568357695337,44.06489174176926],[5.204616615283608,44.0648835670251],[5.204644309858362,44.06487643660408],[5.204666864379713,44.0648687794209],[5.20469475205582,44.06485696315021],[5.204730296113399,44.06484616317579],[5.20475177993426,44.064839878098425],[5.204776192746787,44.064835064668664],[5.204808462704105,44.06483000296376],[5.204834910875263,44.06482938029227],[5.204863423726067,44.064824034085134],[5.204890862413357,44.06481997002806],[5.2049230870469545,44.064813738714754],[5.2049632127438334,44.06480194601583],[5.205014764465531,44.06478533126498],[5.205081929363475,44.064765610860995],[5.205113809599967,44.06475371406652],[5.205137758811404,44.06475305161638],[5.20516193246665,44.06474851302888],[5.205193433500941,44.064746167820935],[5.205219553995516,44.064737088133185],[5.205272159526006,44.06472189263235],[5.205327919176483,44.06470753394576],[5.2053655883375445,44.06470002234146],[5.205352885315999,44.06469766714098],[5.205342982330252,44.0646934547868],[5.205319542689694,44.06469437713033],[5.205299305993582,44.06469739585072],[5.205268706984205,44.064703684569146],[5.205215067032233,44.06471151783139],[5.205151209727027,44.06471991701371],[5.205098474513111,44.06472854233244],[5.205014993155409,44.06473643631306],[5.204894053049721,44.06474760568455],[5.204763630917988,44.06476220722232],[5.204661628152168,44.06477227466857],[5.204501129575937,44.06479054282037],[5.204401410933346,44.064801554441594],[5.204354566372948,44.064804298393646],[5.204193740772894,44.064817350504015],[5.204121966823589,44.06482446786799],[5.203987769170761,44.06483509280017],[5.203902110014249,44.06483834782144],[5.203853289319798,44.06483843021523],[5.2038026793938785,44.06483422680669],[5.203717683407868,44.06482558339322],[5.2036479827726145,44.06481852283567],[5.20362630953036,44.06481346679077],[5.203597218406796,44.06480387809994],[5.2035775960289525,44.06479373867079],[5.203561567053293,44.06477965530375],[5.203511251532017,44.06471854218646],[5.203505091224651,44.06471101299324],[5.203491943701232,44.06470362442936],[5.203472491423488,44.06469465204593],[5.203426430228821,44.06467892216508],[5.20327250578833,44.064618633617584],[5.203103168041862,44.06455370297108],[5.203094748576322,44.064549100415036],[5.203083941044908,44.06454409572649],[5.203072790539697,44.06453990827511],[5.203061539639006,44.06453635310465],[5.203049567967542,44.064533532736085],[5.2030373711285005,44.06453134715897],[5.203024824350111,44.06452979888392],[5.203011938077862,44.06452915781279],[5.2029990831433635,44.06452932644613],[5.202986630378309,44.0645302072846],[5.202974201986177,44.06453171789298],[5.202962179244508,44.064534030673975],[5.2029503091281715,44.064537060681715],[5.202938719890002,44.064540895372936],[5.202936134508753,44.06454184776902],[5.202922085806529,44.0645531150131],[5.202906942009933,44.06456512458927],[5.202879263010966,44.064582338442904],[5.2028531172112435,44.06460690450631],[5.202804138105615,44.06465128802089],[5.2027493050955735,44.064696059405314],[5.20266057557709,44.06478130926148],[5.202553925520007,44.064877814097144],[5.202480099771209,44.064948087872835],[5.20245636150359,44.06496711312515],[5.202446437599648,44.064981718748854],[5.202432544247854,44.06499055179375],[5.202426264399931,44.064992839022196],[5.202403327704176,44.0649970820043],[5.202370090587546,44.06500297278698],[5.202279568978345,44.0650096557306],[5.202120523943488,44.065023569333455],[5.201963492073763,44.065034651054944],[5.201875008489714,44.06504237312091],[5.201813569210182,44.0650487408879],[5.201770724512967,44.065054824706735],[5.201714996908691,44.06506035725229],[5.201616456384826,44.065076024570104],[5.201521853352676,44.065093413368714],[5.201353892309965,44.06512218122926],[5.201275113910401,44.06513547005563],[5.201199298709566,44.065147888911625],[5.201140750362753,44.065157979743205],[5.201097871191929,44.065166404960614],[5.201039880573749,44.06517477381475],[5.2009866204086475,44.06517953608166],[5.2009455084304905,44.06518522459093],[5.200909202991226,44.06518604447922],[5.2008832154381555,44.065185666527924],[5.200846327420145,44.065184337210155],[5.200819344709109,44.06518082794125],[5.200785554695049,44.06517565475773],[5.200738596994255,44.065165794198634],[5.200699212192337,44.065154790986305],[5.200667082067167,44.065147333467664],[5.200633096861666,44.06513388072531],[5.200605686811915,44.06512254674501],[5.200570599109471,44.065106415024026],[5.200504152596329,44.06507047510842],[5.200406822577244,44.06501732847478],[5.200315928741651,44.06496270184848],[5.200231174530753,44.0649183060576],[5.200193846857201,44.06489267528237],[5.20015385768692,44.06486925887693],[5.200110455321884,44.06485122325029],[5.200080563565454,44.064837057822714],[5.20005326463154,44.06482536132893],[5.200030048826187,44.06481592374839],[5.200000320537555,44.06480598676875],[5.199962221691365,44.06479270652776],[5.199938236823462,44.064785985501615],[5.19992668784632,44.06478117547884],[5.199911396111956,44.06477968200475],[5.199889553644168,44.06477669948586],[5.199867163812518,44.064775708781866],[5.199850139180262,44.064774610268536],[5.199823479682268,44.06477622639213],[5.1997900133490385,44.064779419874775],[5.199760817077561,44.0647832478492],[5.199732072000368,44.06479228891383],[5.199701947467171,44.064801177612225],[5.199676446836691,44.06481339481736],[5.199647144314219,44.06482739911094],[5.199610331493587,44.064844165369074],[5.199584505563421,44.06486089095305],[5.1995550724157535,44.06488444179979],[5.1995371797342145,44.06489965742849],[5.199522822768033,44.064919123811094],[5.199486230001019,44.06495128198426],[5.199404924816122,44.065025215327815],[5.199346808667113,44.06508850856006],[5.19929562953566,44.0651374365148],[5.199265968533983,44.06517125611232],[5.1992540539950935,44.065182840150385],[5.199235266507828,44.065194292136525],[5.1992069108130226,44.06521665075922],[5.199173148141038,44.0652380375369],[5.199143464722965,44.06525835195473],[5.19912004008345,44.065272598185004],[5.19910022342801,44.06528650182713],[5.199088918082525,44.06529123077493],[5.199079314730488,44.06529799639317],[5.1990356601151415,44.065318681444964],[5.198966347692511,44.06534429364959],[5.19892252652063,44.06536390155292],[5.198894828551201,44.06538066456955],[5.1988654250992905,44.0653953009369],[5.198834157663345,44.06541663749278],[5.198805295655302,44.06543882610294],[5.1987808424051645,44.06546200661041],[5.19874357982315,44.06549300749681],[5.198718589536852,44.065518449708065],[5.198695502111994,44.06554466403501],[5.198678708296546,44.065565709877234],[5.198657385375845,44.06559558029027],[5.198587009460751,44.065700356401265],[5.1985502827403165,44.065754936235834],[5.198525924369445,44.06579351116106],[5.1985102148403985,44.06581030345033],[5.198491303187586,44.06583148182902],[5.198470745128354,44.065852063003696],[5.198443137772027,44.06587764774061],[5.1984167708696924,44.06589978614423],[5.198378658072525,44.06592495155086],[5.198354072087759,44.06594147186538],[5.198334362413893,44.06595492303093],[5.198285879339045,44.065979936480716],[5.198268283549117,44.06598992377207],[5.198185630391408,44.06602579747174],[5.198045783337545,44.06608100690976],[5.198021449622861,44.06609112943381],[5.197992752540368,44.066104670931736],[5.197962616619011,44.06611328925539],[5.1979384522326315,44.066118096159805],[5.197860526856413,44.066121191152604],[5.197792500391063,44.06612516782616],[5.197734036442291,44.06612778201889],[5.197694077140658,44.06612777380168],[5.197631176311162,44.066125434912685],[5.197494710001282,44.06612268179016],[5.197378186884507,44.06611898800962],[5.197317733212156,44.06611858064625],[5.197277648889172,44.06611533344389],[5.197239634154709,44.0661171768178],[5.197202600254383,44.066118550307934],[5.197158932679661,44.06612275803105],[5.197139239045086,44.06612369347105],[5.197091970345967,44.0661284236215],[5.19700996600269,44.066139072957846],[5.196931867623924,44.066147392922275],[5.196891700888467,44.066154951706],[5.196863144954614,44.0661592162302],[5.1968453958496434,44.06616200338177],[5.196826513348914,44.06616454316046],[5.196804730443052,44.066176054823345],[5.196782091911504,44.06619451652028],[5.196753429872598,44.066218681383084],[5.196692723993035,44.06628292549958],[5.19663886913919,44.0663305553041],[5.196611552157333,44.06636045552849],[5.196589586829701,44.06639312956882],[5.196565198233477,44.06641801897869],[5.1965373238885055,44.06645936510178],[5.19649742365291,44.06651914001546],[5.196442274304162,44.06660118993605],[5.196379881225545,44.066689687756515],[5.196333257412029,44.06676292301217],[5.196300731278213,44.0668034620205],[5.196277181689777,44.06683715819006],[5.196241754363917,44.06687694504308],[5.196190436338088,44.06693532821164],[5.196162661567174,44.06696955929668],[5.196133746412661,44.06700336306273],[5.1961180705564285,44.06702105469678],[5.196066369896975,44.06705981735029],[5.195995031431622,44.067113920054595],[5.195967272920266,44.06713239423567],[5.196174316604085,44.06712599041494],[5.196099197263736,44.06725039813047],[5.196234956879533,44.06721535155071],[5.196483528907162,44.06723017324831],[5.196706289238911,44.067242721110915],[5.196778255115055,44.06724694953037],[5.196814804991321,44.06725242874694],[5.197005429125064,44.06727678543569],[5.19690910725068,44.06736947587632],[5.197071967885108,44.06738304484143],[5.197215578067279,44.067396099519925],[5.197123528036149,44.06750887279663],[5.196618092672415,44.068138111318575],[5.196240521742222,44.06800036546159],[5.196050964281011,44.068181721339386],[5.195573381431127,44.06807019919016],[5.195051039019482,44.067950748714004],[5.195035798730335,44.067953845413456],[5.194940939108664,44.067964750876335],[5.19481697129482,44.067978580741226],[5.194770134176223,44.06798483184221],[5.19474509537923,44.06799289689689],[5.194703183821871,44.06800706255288],[5.194654218893447,44.06802614155307],[5.194610685358028,44.068046822370924],[5.194578281251085,44.06806142766792],[5.1945566566325665,44.068073836072365],[5.194524165777254,44.06808619215922],[5.194490187864935,44.06809560681077],[5.194383955968007,44.068119254906556],[5.194344345585948,44.06812833221301],[5.194321174892151,44.06813626969124],[5.194280032776494,44.068157442670476],[5.1942416184435,44.06817811078007],[5.194200656540014,44.068200720713904],[5.194174532851482,44.06821628047307],[5.19414485650163,44.06823686347276],[5.194096935015044,44.068279781191684],[5.194042556035014,44.06832039728463],[5.193967654588175,44.06838582469692],[5.193884313103526,44.06845907434581],[5.1938374865732,44.06850449105292],[5.193815418096871,44.06852483148359],[5.193805806637419,44.068531416715786],[5.19380275999905,44.06853660988696],[5.193783100365819,44.068551409769974],[5.193762789078444,44.0685655024078],[5.193737389514026,44.0685804172901],[5.193715244637155,44.06859553706737],[5.19368822284888,44.06860724309798],[5.193670361961748,44.068613633451996],[5.193647111272067,44.068622742871604],[5.193616013166144,44.06862588697368],[5.193583646402626,44.06862527491758],[5.193511838397546,44.06861545889029],[5.1934281658458215,44.068605610392154],[5.193382073183503,44.06860203190952],[5.193342777624049,44.068599847878104],[5.193291163444053,44.06859881097441],[5.193251237100158,44.06860294215634],[5.193213109639158,44.06860190516416],[5.193187304312347,44.0686062936815],[5.193151242710489,44.06861349871631],[5.193092800302709,44.068626464235486],[5.193049858410892,44.0686365982063],[5.193023297437911,44.0686408217455],[5.19300201538678,44.06864592995441],[5.192982948181743,44.06864694211968],[5.192970258664855,44.068648186691114],[5.192994391964386,44.06940095537086],[5.192994506418895,44.069426613714484],[5.193000676681093,44.0695867565665],[5.193025642278869,44.07021849875915],[5.193038009812668,44.07022509388669],[5.193075823018198,44.070247115962474],[5.193150887942473,44.070283067961086],[5.193214916412978,44.07031131769218],[5.193260466361216,44.07032994338861],[5.1932811009284645,44.07033718322717],[5.193304785775333,44.07034256121236],[5.193344796630857,44.070350313272115],[5.193417140605226,44.0703610190985],[5.193578671092807,44.07038200314776],[5.193664668549808,44.07038406179865],[5.19384263228044,44.070384277733275],[5.194171871839942,44.070476361408524]],[[5.19424611750689,44.07154379800391],[5.193682649442235,44.072120703701955],[5.193688583900792,44.07212562690651],[5.193703901866969,44.07213747507619],[5.193726603217735,44.07215295689294],[5.193792908340181,44.07220132914681],[5.193940462492946,44.07230344647977],[5.194072446010469,44.07239363053504],[5.194173668912349,44.07246336207922],[5.194241181045792,44.07251062944757],[5.194285423090292,44.07254062571895],[5.194306342938392,44.072552001400624],[5.194372603574295,44.0725862383341],[5.194479008908574,44.07263812836556],[5.194602743252857,44.072702186197105],[5.1947143488724965,44.072762615387774],[5.19481424484336,44.07281085400603],[5.194870387574052,44.07284178199983],[5.1949436440677275,44.07287605844904],[5.194990579856411,44.07289816718918],[5.195078166925353,44.072941340109374],[5.195175498310822,44.07298782907612],[5.195274376061895,44.07303878883667],[5.195310427302449,44.0730539126619],[5.195339060258173,44.07306450325359],[5.1953601674796,44.07307101295951],[5.195530379933536,44.07281180340045],[5.195612544347229,44.072682032419145],[5.195647944008074,44.07263171188315],[5.195680934429063,44.072580449234245],[5.195699051715217,44.07255154402687],[5.195711203887361,44.07253311275397],[5.195864874019912,44.07231781258536],[5.195844730618977,44.07231038327967],[5.195824975473824,44.07230330633454],[5.195807185713724,44.07229537963447],[5.195794318254536,44.072288794822015],[5.19577624091215,44.07228312482296],[5.195757483928201,44.07227278649765],[5.195724798557256,44.07225102259656],[5.195676455310967,44.07222155932863],[5.195638147575464,44.072199728071865],[5.195610197628289,44.072184171810555],[5.195575408470273,44.07216614159252],[5.195538331649255,44.072150318135904],[5.195479801207167,44.07212547089325],[5.1953941321735,44.07208667171472],[5.195368862041687,44.0720758336534],[5.1953489197832345,44.07206713970227],[5.195309309012035,44.07204713521296],[5.195261212673931,44.07202730083722],[5.1951958328794134,44.071999709571095],[5.1951450951204,44.07197614652703],[5.195083421039832,44.071950731842755],[5.195027466316373,44.07192142089485],[5.194957725758264,44.071884372937],[5.194828536826937,44.07182132527574],[5.194732989331253,44.07177245934478],[5.194640641478528,44.07172560006559],[5.194569365901644,44.07169083357836],[5.194444417322511,44.07163409316042],[5.194311718226713,44.07157390643195],[5.19424611750689,44.07154379800391]],[[5.198289894249422,44.06932366481737],[5.198136403779905,44.06945910152122],[5.1981285500400265,44.06946592196736],[5.198029442263191,44.06955119628624],[5.197953379916592,44.06962529343228],[5.197925098234215,44.069652872411964],[5.197844369722261,44.0697225612755],[5.197784893582974,44.06976697313887],[5.197781975217091,44.069769012543325],[5.19769444068328,44.06982092044892],[5.197624575772603,44.06986148905848],[5.197594407084956,44.069875780277144],[5.197545719142253,44.06989881666705],[5.197436987578459,44.069941875934994],[5.1974276360247975,44.069945485040556],[5.1972873313183445,44.06999881181932],[5.1972858478078505,44.06999920174058],[5.197140138197042,44.07004192233285],[5.197003561659153,44.070081848381264],[5.196687395941036,44.07016679467463],[5.196467793454161,44.07022666333749],[5.196384005673395,44.070249502943454],[5.196030277809433,44.07033195944435],[5.195865023658816,44.07037308948224],[5.1957527154557885,44.07040118251994],[5.19552307956508,44.070456748595085],[5.195449634171384,44.070475778591934],[5.195416386196158,44.07048148734617],[5.195366521449227,44.07049671308491],[5.195314671374819,44.07053169680743],[5.195279400563288,44.07057238060718],[5.195268029440902,44.07061105458449],[5.19526894929319,44.07064137876316],[5.195289141726731,44.07067599848267],[5.195307320269691,44.07071020839051],[5.1953371651416616,44.07079757660055],[5.195342851888428,44.070844642211775],[5.1953569376003434,44.070895771184325],[5.1954002106960795,44.070745261272776],[5.1954130895895485,44.070706827158],[5.195435609852757,44.07063020391593],[5.195453669925242,44.07057392853092],[5.19546783506658,44.07054294172966],[5.195483771473085,44.070512549672415],[5.1954979160629495,44.0704875057516],[5.195506743939834,44.070473553007595],[5.195513693557801,44.070469181895234],[5.195614297339082,44.07045816081676],[5.1957159305959415,44.07044792933754],[5.195802250182336,44.0704421465947],[5.195821217280689,44.07043852486986],[5.195885599217169,44.07043705362079],[5.19595853228042,44.070433880196916],[5.19601414457141,44.07043168438003],[5.196049167395573,44.070429901493604],[5.196063638940351,44.07042952120368],[5.196083978648599,44.070425871902714],[5.196119021735152,44.07041490476564],[5.196164459545022,44.07039499548822],[5.196215945995699,44.07037649550356],[5.196266409835674,44.07035738574416],[5.196297102551511,44.07034371465018],[5.196332706777764,44.07032787416408],[5.196361815455011,44.07031522523845],[5.1963803209232164,44.0703028790409],[5.196406327125799,44.07028750117649],[5.196428541384252,44.07027418019742],[5.1964403434002175,44.07026611018569],[5.1964564366838975,44.070259214612406],[5.196474620047506,44.070251466771126],[5.196485191777919,44.070247112971124],[5.1965009662505635,44.07024166438632],[5.196517832738874,44.07023862490394],[5.196546882937284,44.07023417051118],[5.196580269114383,44.07022557743764],[5.196596469792942,44.07021822950149],[5.196620219798739,44.07020910943404],[5.196646527979233,44.0702015587132],[5.196678146529966,44.070195702196074],[5.196743526219936,44.07019096907027],[5.1968410237886244,44.070183610671506],[5.196874389285848,44.07017771904636],[5.196921387720779,44.07017560555681],[5.197018191625469,44.070163218818486],[5.197020339069237,44.07014120658256],[5.197022431184185,44.070120996206676],[5.197032455092967,44.07011539282049],[5.197048194747965,44.07010904447929],[5.197079632855308,44.07010175086571],[5.197137098681754,44.0700925843918],[5.197284324967612,44.070072973002546],[5.19730558980153,44.070067414118526],[5.197364971951571,44.07005289685451],[5.197423591214161,44.070034793368855],[5.197434862905113,44.070029164902756],[5.197463350476664,44.070013376831554],[5.197495723692254,44.06999796095518],[5.19753375704118,44.069980360605555],[5.197554452940004,44.06996977099153],[5.197574975685496,44.06996116567367],[5.197593692673023,44.06995430730756],[5.197621477438297,44.069949427836896],[5.1977218853528795,44.06993336663051],[5.197791225894726,44.06992126033196],[5.197955234148529,44.06989320779173],[5.198008768801091,44.069882499094945],[5.198053651988592,44.06987412495207],[5.198146142406233,44.0698535403472],[5.198189025544085,44.06984511626371],[5.198246317195157,44.069831450821795],[5.1983239209905046,44.06981989858042],[5.1984197633096665,44.06980203760564],[5.198463894199452,44.06979358836009],[5.198479758710179,44.06979047865274],[5.198489723983579,44.069789828370666],[5.198506853698705,44.06978714344262],[5.198539723458648,44.069784592645405],[5.198571002312832,44.06978288412126],[5.198599484135593,44.06978312254104],[5.19863181338227,44.0697827434701],[5.198663730381426,44.0697846236058],[5.1986912900674405,44.06978361999375],[5.198709630040305,44.06978640301914],[5.198746060088834,44.06978873272837],[5.198748010426888,44.06977779902255],[5.198766744115745,44.06970026066517],[5.198900287157915,44.06974025658616],[5.199266812789648,44.06951734519576],[5.199244679639313,44.06950365387821],[5.199163629293028,44.06946800631059],[5.199168022683753,44.06945243161405],[5.199503952305327,44.06919402889878],[5.199503768040128,44.06918926061212],[5.199472260081052,44.06918503153566],[5.199417140191392,44.06917731511659],[5.199344737863917,44.069168325152916],[5.199298661756142,44.06916519899767],[5.199214384707679,44.0691591485986],[5.199054028373293,44.069149133896],[5.1989521675860315,44.06914370656963],[5.1988224770302995,44.069138748006004],[5.198664270245141,44.069132651216385],[5.198548371750648,44.069129126081464],[5.1985159778167755,44.06913751976973],[5.198502221200708,44.069143468358696],[5.198482628284878,44.069156737133774],[5.198304402787321,44.06931454984706],[5.198289894249422,44.06932366481737]]]},"properties":{"zone_type":"ens","name":"Les Salettes et Vallat de Marquetton","area_ha":28.9,"communes":"Mormoiron","owner":"Commune de Mormorion, priv\ufffd","manager":"Commune de Mormoiron, SMAEMV","habitat":"Zone humide, Forestier, Plan d'eau","source":"CD84 / DataSud"}},{"type":"Feature","id":"ens-21","geometry":{"type":"Polygon","coordinates":[[[4.694484544288563,44.226282986110704],[4.69452268702446,44.22605497964277],[4.69460582339014,44.22567331644462],[4.6946585195009165,44.22549667299253],[4.694716763792813,44.225287802904084],[4.694664146370769,44.225316074452884],[4.6946114064378,44.22534443789775],[4.694310069604132,44.22550889308838],[4.69433714758184,44.22547228285663],[4.694347019471457,44.22544647174554],[4.69461821656945,44.22529994762011],[4.694749541436461,44.22522823677782],[4.694786557374807,44.225126110701225],[4.694848632383233,44.22495751521314],[4.694919374764358,44.22475214338311],[4.69497275301617,44.22459421569729],[4.695031613483342,44.224427020221064],[4.69507138730919,44.224316658699664],[4.695075000727517,44.224307689869875],[4.695111689558887,44.224211420760355],[4.695133738882873,44.22415319057412],[4.695144573699822,44.22412610410211],[4.6951515479159465,44.22409970745132],[4.6951572718516195,44.22407756154836],[4.695159728661081,44.22405501593583],[4.695166490988453,44.22401313727312],[4.695182292737831,44.22392178221013],[4.695196193496785,44.22385062337902],[4.695206246306429,44.22379735004215],[4.695224161864847,44.22376421220916],[4.695248623509371,44.22373646516992],[4.695275227116525,44.223713366647786],[4.695309245111106,44.223687002556396],[4.695339271629251,44.22366952309842],[4.6954224138624445,44.22363213690079],[4.6954746712168145,44.223608642170724],[4.695580893588176,44.22355595432742],[4.695734138176602,44.223488945481385],[4.695776237459582,44.223389441523494],[4.695768335994318,44.223393164795],[4.69565228326631,44.223443663850375],[4.695540051736698,44.223496354535996],[4.695450333760441,44.22353573301654],[4.695385657608776,44.22356680202554],[4.695321457764882,44.22359705336462],[4.695256037153695,44.22363254529598],[4.695219700992551,44.223652552984284],[4.695175336580182,44.2236804272584],[4.695135553577695,44.22371498308109],[4.695128733357976,44.223729763388],[4.695119657504125,44.223752861345375],[4.695114728968988,44.22377229404128],[4.695100477290979,44.223835895696574],[4.695083086209475,44.223928535710215],[4.695065103564759,44.22400975095708],[4.695047984978383,44.2240863612969],[4.695035278670928,44.22413463387053],[4.695020654491404,44.22418995844901],[4.695010133949088,44.22422757365111],[4.6949936775499355,44.22427185273551],[4.694987704801002,44.22428986105876],[4.694969944206038,44.224286263929244],[4.695141443497962,44.223597762202004],[4.695449915185184,44.22337917609698],[4.695595061707647,44.22304103003761],[4.695795319908549,44.22307683029553],[4.695787900925903,44.22295000162159],[4.695430727108098,44.222841449059025],[4.694636032223846,44.22255805778159],[4.694158403808758,44.22240265382729],[4.69371897233211,44.222260163170596],[4.693508494097224,44.222179591587626],[4.693384970298193,44.22210551110155],[4.693369837677218,44.2220766646311],[4.693392148666008,44.2220397680845],[4.693420830240005,44.22201078599174],[4.693457542693427,44.22197402741648],[4.693493423749958,44.22193458073601],[4.693553099449582,44.22186181580202],[4.6938388237874875,44.22153131713623],[4.694261790968758,44.221038355388565],[4.694665565167633,44.22056531495169],[4.695239689075852,44.21990264926564],[4.695726393941002,44.21933559288146],[4.696240010132171,44.2187477716522],[4.696635166960052,44.2182974548195],[4.696964700820688,44.21792188595327],[4.697040547271585,44.217833383927434],[4.697139748273599,44.2177221032107],[4.697184555373088,44.21767153361655],[4.697219705863915,44.21763713872388],[4.6972655958458205,44.217593484701396],[4.697319254257886,44.217566816339804],[4.6974119429117875,44.21754341577737],[4.697578047659043,44.21750519524537],[4.697657102618073,44.21748218536078],[4.697841563039524,44.21744242013798],[4.698209722951657,44.21736677183525],[4.698263454032599,44.21724629011597],[4.69827131266802,44.217228612598625],[4.698265120871829,44.217222496282716],[4.698243975671401,44.21720193632569],[4.698182757883821,44.217214407238274],[4.698141199736176,44.21722288275589],[4.6981037571901485,44.21720572593982],[4.69759586894654,44.21734340499048],[4.6975543967104825,44.21735475993023],[4.697538554200738,44.217323134123724],[4.697499943745111,44.217333904607294],[4.697491789080282,44.217316564792],[4.697299003713753,44.216889380149695],[4.697082756939621,44.21685824173461],[4.696567042406252,44.21678005401182],[4.696052143081767,44.21670815342499],[4.695480515215469,44.216627133248544],[4.695229324382576,44.21659112909383],[4.695124196848033,44.21657942798142],[4.694936317845897,44.216554959733],[4.69470964369809,44.21652667859652],[4.6945026305422335,44.21649863369438],[4.694095411545482,44.21643991682843],[4.693746672807466,44.21639443094917],[4.693457181445212,44.21635433213501],[4.693214321111233,44.216320535691686],[4.692856031404864,44.21627375383954],[4.6924682002544795,44.21621860331735],[4.692426101110224,44.21621313031098],[4.692382425377891,44.216205160746235],[4.692268873709353,44.216183773492794],[4.692059668791852,44.216140902818445],[4.691772255197795,44.21608222134308],[4.691542023915832,44.216035262251886],[4.691176205241163,44.21595834082367],[4.6908152199779565,44.215883954625305],[4.690371933196344,44.21579498928556],[4.690035422210429,44.21572688592795],[4.689677954081595,44.21565280201776],[4.689495565012516,44.215614915583195],[4.689227582261908,44.21555277743466],[4.68894024815596,44.215488145439565],[4.688619162291302,44.215416649425954],[4.688346919230559,44.21535430460743],[4.688107023880212,44.21530208524515],[4.687845694948703,44.215244703084544],[4.6877508918183155,44.21522644409826],[4.687657184259951,44.21519871502447],[4.687380497010201,44.21511311837236],[4.686959621183108,44.214981750917296],[4.686824107671303,44.214933056373475],[4.686491308781023,44.21481680922045],[4.686148782423566,44.21468909662441],[4.685917880964553,44.21460234293866],[4.685759173298362,44.21454815138204],[4.685624958040758,44.21449673456217],[4.6854425301281255,44.2144320131599],[4.685340280827561,44.21439054868051],[4.685256339775192,44.2143543849002],[4.685147189621645,44.21430393315743],[4.685016539512661,44.21424606875651],[4.684872993500607,44.21417966923153],[4.684713812766048,44.214109458128505],[4.684588743226818,44.21404979702068],[4.684440488341478,44.21397653690594],[4.68423297212104,44.21386772371924],[4.684165919012279,44.21383958278221],[4.683921928574141,44.21374600351419],[4.683748292130989,44.213673672037615],[4.683583582562568,44.21360687527044],[4.683361519781127,44.21352241163148],[4.683264864491077,44.21348797186712],[4.68318354342465,44.213459869078335],[4.683133066427646,44.21344614823924],[4.6830820916471,44.21343252503971],[4.683008592364713,44.21341069432096],[4.6829356791937355,44.21339596693283],[4.68287354516701,44.21338593586111],[4.6828192511947835,44.21337857549248],[4.68276723337422,44.213371990473654],[4.682729468427573,44.21336482682272],[4.682678225127423,44.21335480875201],[4.682622280458457,44.21334243191486],[4.682544210743784,44.213322651606674],[4.682338340397696,44.2132734095403],[4.682133435078122,44.21324828032093],[4.681751611803892,44.21320470432633],[4.681320665482581,44.213159268560005],[4.681064585197356,44.21314329395744],[4.680975751419544,44.21315311716074],[4.680925118563353,44.21315947436909],[4.68085621043308,44.21316584130492],[4.680839652197867,44.21316465437274],[4.680765629966629,44.21315894552775],[4.680707447164086,44.213151283547866],[4.6805485598791945,44.21312454649511],[4.680391509570938,44.213096430646345],[4.680216466469206,44.21308209446399],[4.680005674226149,44.21305254991741],[4.679708324461889,44.21304206538667],[4.679517250264494,44.21309936705978],[4.679309090321494,44.21316305180974],[4.679208755699988,44.2131987980533],[4.678963980039749,44.21329842398366],[4.67874854018143,44.21338265577488],[4.678543133148199,44.21346754399131],[4.678378964733621,44.21353316512232],[4.6782282129649,44.21359957121435],[4.678045938056019,44.21368788608414],[4.677879898896898,44.213774962153735],[4.677730388662766,44.213853772690584],[4.677565306459045,44.213952087379376],[4.67739471555032,44.21405462736504],[4.677245370795572,44.21415180078735],[4.67709855718246,44.21424992566109],[4.676940521607248,44.214358035019465],[4.6767845378613,44.21446782337227],[4.676671412910255,44.21455381921897],[4.676597246586463,44.214623824828195],[4.67645164216183,44.214762983961776],[4.67629918399978,44.214911700694394],[4.676166516478099,44.21504814105954],[4.6760522879383695,44.21516467323023],[4.6759406224821,44.215283236837564],[4.6758552602068235,44.215385373469054],[4.67574765538272,44.21551854975608],[4.675646376226015,44.215641275948464],[4.675569838592194,44.215737065597764],[4.675507406191037,44.21581877530819],[4.675446488056588,44.21590514342538],[4.675388221252813,44.215992281314335],[4.675329881582262,44.216089683690775],[4.675258988982244,44.21622409982317],[4.67517238391541,44.21638603473798],[4.675091719632706,44.21655841243652],[4.675029110053455,44.216702065152916],[4.674955333245571,44.21686182351791],[4.674884160897745,44.21700803761837],[4.674815175284028,44.21716898322128],[4.674769315853678,44.21727789881002],[4.674742797200861,44.21736347167051],[4.6747024673699675,44.217498591616575],[4.674689351659202,44.21754200606107],[4.674661457882112,44.21761067426149],[4.674599460306267,44.21776242013325],[4.674549176443618,44.21788688828905],[4.674520692657717,44.217969520100674],[4.674493893065044,44.218062569690915],[4.674449115989897,44.218254926426454],[4.674418918507093,44.218381338917695],[4.674400163877577,44.218505236099475],[4.674389456925136,44.21863459239884],[4.6743891140840095,44.21871211342903],[4.674391802936143,44.21876933147915],[4.674405802640022,44.21887049170402],[4.674426234765285,44.218998742878306],[4.674442004348465,44.21907925925045],[4.674479797710426,44.21921039667835],[4.674521207889183,44.21935804445718],[4.674577512800036,44.219522570739706],[4.674612798856567,44.219623856440585],[4.674644352318537,44.219696209408305],[4.674681448494016,44.21977396965134],[4.674758530211372,44.219925574744764],[4.674818028683465,44.2200285617349],[4.674856042174189,44.220094964159436],[4.674881446340005,44.220132839360474],[4.674909412349842,44.22016419330893],[4.674976429155294,44.22024617855845],[4.675044575017628,44.22032823657679],[4.675183904736981,44.22049770795379],[4.675296363152747,44.22063472825696],[4.675479186821858,44.220856833405904],[4.675619456481537,44.22102412924803],[4.675806055349264,44.2212468065265],[4.675942112709916,44.22140705393635],[4.675983793359346,44.22145341338059],[4.676003975865307,44.22147975419454],[4.676028353756343,44.221516744543834],[4.67605272902259,44.221553644898805],[4.676162097950114,44.22173005479308],[4.6762679158769656,44.22190489827964],[4.676427805028062,44.22216408459267],[4.676530222652872,44.22232547528348],[4.676603658832237,44.22244661484024],[4.676679981265833,44.222572211791494],[4.676722353676577,44.222654662552465],[4.676850619169103,44.22290271747314],[4.676945894639022,44.223085013943],[4.676986289703624,44.22316407368874],[4.6771619227375885,44.22351097827877],[4.677252405537215,44.2236793030613],[4.677367403705315,44.223901901630036],[4.677388234165302,44.22394164685776],[4.677394341485198,44.22395766897002],[4.6773951290239735,44.22397161163153],[4.677392905172641,44.22398533021054],[4.67738866840855,44.22399871942175],[4.677381348463844,44.224009454829094],[4.677371967746445,44.224018241053926],[4.67735813241754,44.224028805909754],[4.6773416584587615,44.22403905095458],[4.677291999741848,44.224066008420344],[4.677232036565101,44.224095914219326],[4.677276556171594,44.22413655800477],[4.677316203438324,44.22417331487762],[4.677367123876559,44.22421872247797],[4.67742127453561,44.224254807584586],[4.677539116009384,44.2243320537138],[4.677741488773993,44.224460855816844],[4.677959782012836,44.224598777410584],[4.6781116474454185,44.22469611991211],[4.67821976702233,44.224766311522394],[4.678165922351221,44.224795674162586],[4.678378738268275,44.22493034757928],[4.678632224005007,44.22508969734399],[4.678864266340081,44.2252351496548],[4.679134082145759,44.22540469214659],[4.67943406749668,44.22559943120362],[4.679600867745025,44.225706266612185],[4.679799839183411,44.225834036825226],[4.679978612316965,44.22595617374904],[4.680195822466028,44.22610788240405],[4.680418476368748,44.22626157804272],[4.6806337397821745,44.22641511629501],[4.680867664947686,44.22658151291398],[4.681115451154934,44.22675507934159],[4.681380752040065,44.226940801247714],[4.681344903200186,44.22702399822971],[4.681324619453969,44.22706203162486],[4.681284112181273,44.22710208527492],[4.681298013502199,44.2271698454505],[4.681312402240503,44.22724137944544],[4.681334702197145,44.227317924036846],[4.68136438870762,44.227394445545535],[4.681403304878053,44.227486671085565],[4.681450558865956,44.2275983055606],[4.681519150798809,44.22774130399746],[4.681577725159129,44.22786735002174],[4.6816265938488675,44.22799120388038],[4.681682917387578,44.22815959871515],[4.681739529671901,44.22827433088961],[4.6817494523193455,44.22830496936839],[4.681764582014631,44.228371900449325],[4.681788147725908,44.22844464433651],[4.681797463926922,44.22849284806922],[4.681800022244312,44.2286256940456],[4.681802363731993,44.22872586224221],[4.681818788969206,44.229052061659125],[4.681868913120798,44.22938728820241],[4.681907277388512,44.22961717900072],[4.681928931374258,44.22974793193836],[4.681969994277482,44.22992520351845],[4.681999001892759,44.23001677051162],[4.68201576370197,44.23005846803786],[4.682031784768831,44.23008784270784],[4.682056888882732,44.23011527762038],[4.682082543796654,44.23013172034761],[4.682110510019549,44.23014587689439],[4.682126974743895,44.230147965460716],[4.682142182404788,44.23014566177919],[4.682157576376748,44.230141194505016],[4.682172142079541,44.23013412902806],[4.682185637200235,44.23012473915298],[4.682196653025872,44.230111966093766],[4.682205242890147,44.23009760964774],[4.682213923058365,44.230077849976965],[4.682217264202479,44.230059612592676],[4.682224394313605,44.23003402467493],[4.682227165314273,44.230009223786304],[4.6822313012664045,44.22995865321371],[4.682238743852547,44.22989290682993],[4.682249676221122,44.22986041832832],[4.682262462818691,44.22984824834827],[4.6822743361751895,44.22983906337055],[4.682290707292076,44.22983377083011],[4.6823091955600376,44.22983231716842],[4.6823247098198095,44.22984036229],[4.682341172554377,44.22985928658835],[4.6823646742766085,44.2299002505801],[4.682378996863273,44.22999483343203],[4.682394335237521,44.23011523952929],[4.682422585355267,44.23027839243582],[4.682430687585755,44.23031518087506],[4.682445042692852,44.23036015632945],[4.6824608233429394,44.23042365626427],[4.682452290400373,44.2306300473511],[4.682430671038485,44.23104974168865],[4.682417081804011,44.23121650675362],[4.6823952859155815,44.231338742322976],[4.682366367914363,44.23155021745328],[4.682347267373045,44.231687356838684],[4.682333579084861,44.231791642111716],[4.682324744168685,44.23186956404736],[4.682310646627917,44.2319346922133],[4.682296929681768,44.231995763163695],[4.682265013023381,44.232097626786945],[4.6822226313386,44.232213965621206],[4.682141364869646,44.23240409515477],[4.682089917613823,44.232514540761656],[4.682043638260064,44.23260501038073],[4.681994983033279,44.232687143511576],[4.681905186560941,44.23283454889431],[4.681836207493526,44.23293652993609],[4.681753668454525,44.2330499724635],[4.681664903516692,44.233181516438336],[4.681572292516281,44.233305826745855],[4.681499759607439,44.233402010002244],[4.681283655484424,44.233669199301715],[4.681163246247453,44.233810500554355],[4.681128957493241,44.233845057154454],[4.6810233910352315,44.233967494637724],[4.680838862838479,44.234172078414595],[4.680597373507416,44.23444487672459],[4.68040151355662,44.23466439825233],[4.680412304904064,44.234707447919824],[4.680404556184045,44.23479255561428],[4.6803587783697,44.23516238263078],[4.680297888193718,44.235406667797946],[4.680281508586856,44.23556402230787],[4.680261309467225,44.23566426565759],[4.680247221869415,44.23572138073173],[4.680184745640309,44.23590789032272],[4.6801367217436765,44.236049613476474],[4.680115339643406,44.236131058458376],[4.680095038810168,44.236227882180344],[4.680071107996084,44.23632476143824],[4.680021107615324,44.23652665545143],[4.679981067107825,44.23668851338897],[4.67992732426585,44.2368824518869],[4.679831142709975,44.237004924779235],[4.679525710585758,44.23739420866229],[4.6791924456116,44.23782064992872],[4.678537653747872,44.23867289990609],[4.678388185714937,44.238738386114875],[4.6780971469338075,44.23881458843636],[4.677868681331284,44.23889784672808],[4.67783509379092,44.23899442293829],[4.677833070943668,44.23918865066697],[4.677706153230523,44.23941125560094],[4.677577799371835,44.239487852062474],[4.677475133138758,44.23956072485637],[4.677362246451141,44.23965644146773],[4.677472662506681,44.23966780944723],[4.677599908160565,44.23968081088255],[4.677670371488174,44.239624275376805],[4.677731518252213,44.23957031299245],[4.677781544722364,44.23953839799758],[4.677862988343653,44.23948898712522],[4.677955694892809,44.23944354553017],[4.678065870090856,44.2393959462824],[4.678111242914031,44.239380307823176],[4.678236568901511,44.23935381423499],[4.678295167620337,44.239340764544664],[4.67836790875756,44.23931894574077],[4.678385090122047,44.23930706915848],[4.6784121497366,44.23929468147723],[4.678456388216802,44.23926186428851],[4.678493552929907,44.23922699445405],[4.6785326379087335,44.23918930429571],[4.678679028318867,44.23898161595747],[4.679055735514743,44.23844854549977],[4.679280465776912,44.23813333199551],[4.679661841001528,44.23760180868913],[4.679747040871125,44.23736210354602],[4.679801935294265,44.23719011504019],[4.679888071466441,44.236990549292926],[4.679897909321959,44.23696753094177],[4.679975197978606,44.236866774380815],[4.679926847773203,44.23698059289276],[4.679900274385909,44.23704321077885],[4.679822402155745,44.23725120306924],[4.67974872393881,44.237465523363554],[4.679729247660452,44.23751830931656],[4.6799725810078305,44.237180302141645],[4.680211818125,44.23684361754783],[4.681394184687629,44.23515589701466],[4.682806452957861,44.23305653135433],[4.683094785274711,44.23261996432916],[4.6831469530335355,44.2325212111785],[4.683161037922395,44.23248102160133],[4.68319473925056,44.232321150482115],[4.683227205649722,44.23204362804566],[4.683228319165648,44.23178558274643],[4.683229813162876,44.23134611965995],[4.683226075338251,44.23100892176303],[4.68322399153199,44.23019120462955],[4.683222863322147,44.23007292157965],[4.683222645126019,44.229943100657685],[4.683219343283578,44.22976840170196],[4.682929802415108,44.22935275676211],[4.682781601520761,44.229151648905635],[4.68250950236463,44.228775079155874],[4.6823241821093875,44.22851277857962],[4.682180885487275,44.22832068801195],[4.682184781187898,44.22832116851118],[4.6826428469273536,44.228369428516956],[4.682701221202075,44.22837456598192],[4.682939341253427,44.228399006022535],[4.68301851236818,44.228408776239846],[4.683122618073763,44.22841915451547],[4.683159612572255,44.22842110827452],[4.6831844459993475,44.22842252820187],[4.683238373612794,44.228429714222514],[4.683266527701466,44.228433333990836],[4.683332826692254,44.22843970009218],[4.683319677215673,44.22843116871507],[4.683301883522263,44.22841802694316],[4.683283868885122,44.22840587889268],[4.683266802103833,44.22839191569589],[4.683250068093751,44.2283765069052],[4.683236800984875,44.228359784535435],[4.683227149940857,44.22834255657675],[4.683211836966232,44.228311730760225],[4.683190957882784,44.22826631527873],[4.683169831198088,44.22822099362106],[4.683146566302667,44.22817534461588],[4.683115752104926,44.22812422943392],[4.683090676726575,44.228080858938675],[4.6830577217240315,44.22802932640762],[4.683006968201576,44.22796870350641],[4.6829626079092925,44.22790411127585],[4.682927421989974,44.22785756459126],[4.682897524692598,44.227816248642505],[4.682870516797943,44.22777947996139],[4.682838596063389,44.22774170620549],[4.682804883478494,44.227706840883],[4.682769410608401,44.22766750100057],[4.6827331604313,44.22763150415249],[4.6826910200310135,44.22759109603508],[4.682636886000454,44.227538897639],[4.6826034401717616,44.227508799794116],[4.682568050659389,44.22748071239809],[4.682528951827374,44.22744998091612],[4.682481624764962,44.22741199300101],[4.682433094275134,44.22737564405749],[4.6823322338535736,44.2273057052434],[4.682140259387303,44.22716513785424],[4.6819853868839765,44.22705128104303],[4.681859401104601,44.22695732844598],[4.681623091001149,44.22679088033664],[4.6814630707041,44.22667224003765],[4.681302457318089,44.226554688970744],[4.6810748657326195,44.22639503860592],[4.680838155442657,44.22622337328602],[4.680674093725726,44.226103443333685],[4.680630014911539,44.226069366300436],[4.680606090271682,44.22604785511185],[4.680591133703288,44.22603322902305],[4.680582037781022,44.226022024413794],[4.680570098063718,44.22600780229707],[4.680558214124502,44.225982775671426],[4.680549221996382,44.22596661779654],[4.680540117991004,44.225946680354724],[4.68053501074099,44.22593064307719],[4.680531346591392,44.2259083716105],[4.680530731242214,44.225887583996204],[4.68053053123557,44.22586390905062],[4.680532487962805,44.22583695999805],[4.680534061203348,44.225805515293466],[4.680534686495576,44.225771654276905],[4.680534017814945,44.22574483544098],[4.68053147455468,44.225713903898026],[4.680524774844492,44.22568213567044],[4.6805159397248515,44.22565436146696],[4.680502788390551,44.225624582627205],[4.680485925370507,44.225600532514136],[4.680468000033298,44.22558289081892],[4.6804429679470365,44.22555779533726],[4.680411867632054,44.225530722026086],[4.6803694695401425,44.22549418836216],[4.680288555761377,44.22542961446298],[4.68025317401678,44.225401706329876],[4.68023217078728,44.22538582228114],[4.680216953576996,44.225375071446976],[4.6801946270657035,44.225365239680016],[4.6801733177031295,44.2253559325257],[4.680151164290063,44.225347718648656],[4.680131729479964,44.22534252419947],[4.680113322466177,44.22533821432316],[4.680087377452678,44.22533302945793],[4.680055444119442,44.225328566432744],[4.680014383186671,44.22532451315671],[4.679930101917524,44.225315359234685],[4.6798660222892465,44.225307696768375],[4.679831245266132,44.225304447582836],[4.679809065296614,44.22529956516922],[4.679784600768173,44.225293637339036],[4.679753676632429,44.22528519744908],[4.679727332283333,44.22527497690705],[4.679700021403659,44.225261710112136],[4.679680224559398,44.225248508417835],[4.679666700945697,44.225235750932015],[4.679645343829167,44.22521212957597],[4.679618935703684,44.225178592113515],[4.67952014646671,44.225055681356466],[4.6793932323813285,44.22490042967109],[4.679304194585889,44.22478970375282],[4.679278697546699,44.224748859827066],[4.6792440572280265,44.224690959942535],[4.679189484996719,44.22458988023425],[4.679154943393362,44.22453107851584],[4.679056644050556,44.224369626936436],[4.679018841135042,44.22430214211893],[4.678991581935553,44.224256733544486],[4.678955254082989,44.22420102012694],[4.678919852797146,44.22415123453265],[4.678889084437777,44.224105699539685],[4.678821852599609,44.22401255589025],[4.678761975016004,44.223922540848356],[4.678697608479848,44.22383313459875],[4.678657817214378,44.22377459308919],[4.678735540723366,44.22378222766751],[4.678710987707569,44.22370976857346],[4.680802629096593,44.2231796292855],[4.680830449426556,44.223430027883005],[4.680818385121574,44.22356804903622],[4.680806746426527,44.22368661712513],[4.680793143083717,44.22382763285505],[4.680751950367913,44.22400094170091],[4.68069338542987,44.22427255955566],[4.680633307555204,44.224543840445655],[4.680584350293326,44.2247678652123],[4.680541479268156,44.22497757201414],[4.680516803197001,44.225082925168145],[4.680488727225803,44.22522146155153],[4.680478998498398,44.2252734679772],[4.68046976791978,44.22534653389649],[4.680474406784871,44.2253890472838],[4.680486660927482,44.22543504533079],[4.68049471854036,44.225466162558966],[4.680536678312762,44.22557670789692],[4.680547728536134,44.22558626204515],[4.680556877659345,44.225599266447915],[4.680566503451847,44.225615684710384],[4.680574518280458,44.22562843638285],[4.680578134362381,44.225640625171934],[4.680583404097664,44.22566215181439],[4.680588521992919,44.22567854904615],[4.680591688289404,44.22570514959002],[4.680595323264861,44.22573489402559],[4.680597176836262,44.225759443963575],[4.680593883553505,44.2257919953625],[4.68059123186355,44.22581661426205],[4.68058874267152,44.225846722531664],[4.6805872519247,44.22587249405738],[4.680588873851967,44.225897677756045],[4.680593784159649,44.22591975008555],[4.680607161987466,44.22595294661083],[4.680621314502396,44.22597424725759],[4.680649845627349,44.225999109086565],[4.680674739467293,44.22601952506363],[4.68070959724008,44.22604663082542],[4.680853499316332,44.22615381492842],[4.681011498536069,44.22627194680341],[4.681217859464863,44.226424990023325],[4.681466144109916,44.22660268942259],[4.681805106693864,44.2268489530891],[4.681997182916463,44.22698456777458],[4.682164873961147,44.22710426022055],[4.682278358433941,44.22718615987475],[4.682389017943874,44.22726567188131],[4.682450910355428,44.22730928862908],[4.682493276069068,44.22733618879058],[4.682526854685174,44.2273623232844],[4.6825742430810795,44.227402380941996],[4.68262341031201,44.227443311626324],[4.682654406037581,44.227466784749666],[4.682714683245658,44.22752348054579],[4.682771783588013,44.227574373013915],[4.682834375083808,44.22763310398527],[4.682888440256578,44.22768719398831],[4.682902532702677,44.2277064245967],[4.684599541371825,44.22788197953145],[4.685101944085093,44.22793495082812],[4.685114891028539,44.22725754169546],[4.684754790672726,44.22722354432536],[4.683633693061311,44.22711370788456],[4.683676159231003,44.22708487712557],[4.684652560842513,44.227175055904326],[4.684765331917229,44.22718637999715],[4.6851157635069285,44.227219445353604],[4.685126210164485,44.22663075496352],[4.685127649201568,44.2265864378273],[4.68565721808862,44.22662701536493],[4.6858071812274575,44.22663857764332],[4.685893078967964,44.22664725213173],[4.686265485802984,44.226678355790504],[4.686342249579019,44.22605497527818],[4.68663136563052,44.226080964693146],[4.686729665532966,44.22608989814804],[4.6868717566053855,44.22610203003895],[4.686926752647122,44.22610730715516],[4.687029581987619,44.22611698102666],[4.6871629819112535,44.22612735544165],[4.68742901019493,44.226151626840306],[4.687441184196447,44.22615261013647],[4.687520397851976,44.226159675488155],[4.687603613547129,44.2261665892391],[4.687711457005445,44.226176455498],[4.687759633740695,44.22617976631773],[4.6879377895369005,44.226196294131576],[4.688176112236207,44.22621513766868],[4.688235094474273,44.22621972262831],[4.688251399914229,44.22605228500429],[4.688269492723774,44.22589022174481],[4.688300777363387,44.22555707752215],[4.68777015446608,44.22551868981642],[4.687657863194933,44.2255107826483],[4.687589786261014,44.225507687642235],[4.687489573177539,44.22550175538795],[4.686236412773743,44.22542134502843],[4.6862868134701445,44.22538996055889],[4.687224013080391,44.22545100800262],[4.6875371591117725,44.225472574329956],[4.688197653382794,44.22551220741592],[4.688570371894233,44.22554978055776],[4.68870101756921,44.22556019544405],[4.688971581213524,44.22558547367868],[4.689061503916098,44.22559480399554],[4.689128276726576,44.22560034898283],[4.689255250559973,44.22560937921261],[4.689445212763071,44.225618790544694],[4.689653015320321,44.225630267796646],[4.690203488896939,44.22565825742073],[4.690421285429059,44.225673180599735],[4.691048303830937,44.22572789698224],[4.691272375743393,44.22586939502656],[4.691722886390699,44.22616027606174],[4.6922298835622405,44.226489448152925],[4.692266924681986,44.22651399582942],[4.692553436758238,44.22669603319757],[4.692823181567211,44.22686995551683],[4.6931258872985975,44.227065876643564],[4.693223849643596,44.227122165742706],[4.693411810366516,44.22724476991254],[4.693761561638467,44.22745625937033],[4.693808726087117,44.22748434165755],[4.693997794274195,44.22728731830297],[4.694001811075429,44.227228916348174],[4.694009666291017,44.227122918894786],[4.694031793963897,44.226953949755],[4.694037625105079,44.22688921765717],[4.694593629360383,44.22541160513598],[4.694472670642626,44.22586839749274],[4.694366650853246,44.226347556985644],[4.694305637264801,44.22673220984967],[4.694484544288563,44.226282986110704]],[[4.698358491942008,44.217033608333466],[4.698332997110523,44.21703085169217],[4.698213118007736,44.217015690478874],[4.698002578969638,44.21698707644518],[4.698123695066804,44.21713987534178],[4.698336549519588,44.21708265428787],[4.698358491942008,44.217033608333466]],[[4.684616690682819,44.2285527148522],[4.68464587961525,44.228418211354175],[4.6847304079051195,44.227929218368125],[4.684546903156903,44.22790979632101],[4.6829251387462145,44.22773830905536],[4.682970534278931,44.22779559294706],[4.683042145061284,44.22790091144649],[4.6830893041159465,44.22796699126445],[4.683122833924945,44.228012572953084],[4.683143530682637,44.2280391748375],[4.683156275990306,44.22805941640687],[4.683176267987679,44.22810025392624],[4.683204318480594,44.228155282774985],[4.683237258704766,44.22822320106738],[4.683260036170214,44.228265076242316],[4.683276323687755,44.228294986805146],[4.683290203729776,44.228319712498276],[4.683303404658407,44.22834264798902],[4.683315340214604,44.22835668984591],[4.683327336886891,44.22836857002975],[4.683340808436951,44.22837529585517],[4.68335269571253,44.22838348645793],[4.683369386524907,44.22838899252663],[4.683388207589123,44.22839455596353],[4.683409566383554,44.22840125088775],[4.683427226398355,44.22840566172078],[4.683452922817279,44.228410849642614],[4.683495480043245,44.22841460864341],[4.683568785152101,44.22842500858999],[4.683859484133084,44.22846601634577],[4.684210672321568,44.22851167741342],[4.684616690682819,44.2285527148522]]]},"properties":{"zone_type":"ens","name":"Le Marais de l'Ile Vieille","area_ha":207.9,"communes":"Mondragon","owner":"Commune de Mondragon, Communaut\ufffd de communes Rhone Lez Provence, priv\ufffd","manager":"Commune de Mondragon, CEN PACA","habitat":"Zone humide, plan d'eau","source":"CD84 / DataSud"}},{"type":"Feature","id":"ens-22","geometry":{"type":"Polygon","coordinates":[[[5.151960543321281,44.17172179924936],[5.1520361655074405,44.171736612938965],[5.1521412579529935,44.171756610951725],[5.152433316627176,44.17185424698064],[5.152640948514595,44.17192589666366],[5.152921937601442,44.172035093855435],[5.153100956027917,44.17210433298342],[5.153386296000722,44.17187605983645],[5.154439167692728,44.17105482890868],[5.154439167683703,44.17105482889397],[5.154439167692729,44.17105482888695],[5.154361302040284,44.170928049898556],[5.154256889835307,44.17075109919085],[5.15415076812314,44.17058183547292],[5.154102711762653,44.170498861097435],[5.154072961748634,44.170456585869175],[5.154048513379104,44.170425461636825],[5.154031889610965,44.170412642132774],[5.15389031883414,44.170321329565084],[5.153733255689575,44.17022392813801],[5.153624479591992,44.17015619229102],[5.15355938322084,44.170121994343205],[5.1534909710968195,44.170112532683355],[5.153440824576241,44.17010640403535],[5.153380262865648,44.17010273087486],[5.153263676061272,44.170102858829125],[5.153071213280728,44.1701012347037],[5.152919661385426,44.170069994099904],[5.152754723872008,44.17003874589811],[5.152713235822719,44.170030015868946],[5.152691048544641,44.17002883060797],[5.15265823124255,44.170034336923756],[5.152563897654287,44.17005059490363],[5.152519762792608,44.170057853991075],[5.152470480040283,44.17005801081514],[5.152405085240577,44.17005884397361],[5.1523342056936805,44.170096521419524],[5.152312759184324,44.17010828743699],[5.152290116168207,44.17010828156964],[5.1522672390876405,44.17010539898141],[5.152234582141007,44.170095324943986],[5.152057910551395,44.17005152014828],[5.15182262115803,44.169995899238444],[5.1516490934152985,44.1699558138363],[5.151568549751557,44.16993650440145],[5.1515401261618825,44.169925896912396],[5.151511282228444,44.16991079561773],[5.151430465632487,44.1698611476617],[5.151346231843001,44.169817059171756],[5.151245344216093,44.16984523992697],[5.151174262478018,44.169864372155644],[5.151132734951026,44.16985789333286],[5.151089807511218,44.16984748015235],[5.151002593326151,44.169767613594786],[5.150935607593934,44.16971319199783],[5.1507241048151755,44.169677811697305],[5.150623037288024,44.16965827375676],[5.150571852987865,44.169647842201535],[5.1505345918726935,44.16963839819488],[5.150495447902905,44.16962547950081],[5.150422505543519,44.16960205840682],[5.150348033528969,44.16958118839943],[5.150267821587327,44.169560700997955],[5.150191489211897,44.16954355903356],[5.1501003723401455,44.169525806440795],[5.149993091577727,44.169504048672],[5.149871087645793,44.16948329972577],[5.149785110703315,44.169469137797606],[5.149729106033134,44.169460240992734],[5.149608008892731,44.169443615861596],[5.14934394345395,44.16941421536087],[5.149237905771157,44.16940215690942],[5.148943703665055,44.16936974437292],[5.148777743852773,44.169327885505176],[5.148530990067971,44.169269961143634],[5.148375837324721,44.169235993644136],[5.148333489116002,44.16922763899889],[5.148315934994296,44.16921663770739],[5.148256488462452,44.16918286629143],[5.148150892747684,44.16912622797894],[5.147970580226338,44.169035576833224],[5.147819533357698,44.168961279954694],[5.147733807896707,44.168920639551715],[5.147629798241245,44.16886622072424],[5.147528576115931,44.168825973654414],[5.147395877423841,44.168773737089616],[5.1472092606471405,44.16875785192284],[5.147055593687245,44.16896840404785],[5.146812666836453,44.169154051104876],[5.146812666845317,44.169154051119826],[5.146812666836452,44.16915405112659],[5.146868383169368,44.1692480435154],[5.1468922059766555,44.169295839018254],[5.146892384027443,44.169320416626206],[5.146887618155421,44.16933995870904],[5.146867168413245,44.16938474907158],[5.146825826904536,44.1694626331454],[5.146803067213542,44.169555550450276],[5.146803780148937,44.16954131008902],[5.146803780147813,44.16954131008973],[5.146803780148935,44.169541310067295],[5.146634730683587,44.16964942624337],[5.146391266537388,44.17013888028249],[5.146391266547636,44.17013888028361],[5.146391266537388,44.1701388803042],[5.147171467832569,44.17022400469597],[5.147412804418942,44.170251064234506],[5.147260684713179,44.1707277469896],[5.147260684719828,44.170727746990465],[5.147260684713179,44.17072774701131],[5.147390561596305,44.17074492321664],[5.147550840706705,44.170768797302294],[5.147729530831868,44.170796542558094],[5.147886458845722,44.17082111206535],[5.147943187401099,44.17082927533504],[5.1480507768725685,44.17084922829477],[5.148195529297621,44.17087601671718],[5.148344779584489,44.17090595832104],[5.148492844596116,44.17093763371921],[5.148668243053342,44.17097093443842],[5.148899996465974,44.171015736494944],[5.149086441219538,44.17105332217709],[5.149223446665287,44.17107701958818],[5.149446621208043,44.171116586161],[5.1495215014943385,44.17114159070918],[5.149614548829745,44.17116731964899],[5.149700813299158,44.171185708059234],[5.149796389686013,44.171205534622345],[5.149917474034821,44.17123494569348],[5.149949205102211,44.17124368796686],[5.149985786176025,44.17125827786046],[5.150036724693188,44.17127870908231],[5.150092228228451,44.17130076157049],[5.150153800294575,44.17132449588506],[5.150213535226687,44.171339352131625],[5.15027249047286,44.171356744777384],[5.150324230771627,44.17136860626491],[5.150399885128742,44.17138098932659],[5.150504995782331,44.17139819725324],[5.150695625822151,44.17141408837051],[5.150801078982438,44.171423815903275],[5.150894921038679,44.17143746271183],[5.150967221487561,44.171463687421834],[5.151050972712567,44.17149166841778],[5.151140078626954,44.1715289085916],[5.151224432263616,44.1715595788734],[5.151378036075169,44.17159537374424],[5.151665507569155,44.171671041704634],[5.151960543321281,44.17172179924936]],[[5.153386296000722,44.17187605983645],[5.15338629598153,44.17187605983007],[5.153386295981531,44.17187605983007],[5.153386296000722,44.17187605983645]],[[5.151378036075169,44.17159537374424],[5.151378036079893,44.17159537372375],[5.151378036079895,44.17159537372375],[5.151378036075169,44.17159537374424]],[[5.15260883551645,44.16976734464801],[5.15267165478329,44.169784390012616],[5.152756214637636,44.16981064300167],[5.15280862795317,44.16981717766637],[5.152867592662595,44.16982493432395],[5.152947341127828,44.16983975637267],[5.152994407697158,44.16985044774554],[5.153044512972524,44.169875305873475],[5.152983326589592,44.169861740279345],[5.152920849199442,44.16984711948315],[5.152843713322684,44.16983521748398],[5.152788654433243,44.16982819451776],[5.152719498459712,44.169815595556045],[5.152580810549054,44.169777168868684],[5.152450249227831,44.169741914039385],[5.152324355230687,44.16971097947139],[5.1522519801866995,44.169689349260814],[5.152151725948631,44.16965827152419],[5.151963636268533,44.16960361563552],[5.151815654778751,44.169564199819966],[5.151754213186117,44.16955378997336],[5.151731871507584,44.16955512869638],[5.1516982702892085,44.169559749697726],[5.151659460467979,44.16953583987375],[5.151634107652156,44.16952373151872],[5.151615719711662,44.16951715909936],[5.1515652977078155,44.16951364619965],[5.151516720109961,44.16950928672812],[5.151447302217315,44.169499663466105],[5.151405964656968,44.16949489180256],[5.151389292742404,44.16948738527648],[5.151359952462089,44.1694723837276],[5.151347218615615,44.16944994320794],[5.151333421350542,44.16941923978752],[5.151310361973155,44.1694049253945],[5.1512855583298265,44.16938749378019],[5.151261815747625,44.16938156657757],[5.151231605696133,44.169383239614085],[5.1511604672611355,44.16938103327148],[5.150963989600913,44.169289803568404],[5.150827253883999,44.169230176842234],[5.150812179923174,44.16922191856932],[5.1508021074953705,44.169206989232976],[5.150795848877682,44.16919036437442],[5.150796735889551,44.16917413965006],[5.150809619819053,44.16915758960356],[5.150825861802045,44.16914052349848],[5.150829913747059,44.169121985668696],[5.150829913744962,44.16912198565656],[5.150829913747059,44.16912198564696],[5.150827832332811,44.16910996099397],[5.15081760666243,44.16909098282832],[5.150799309275814,44.16907027209333],[5.150772489242927,44.16904252521955],[5.150736895795503,44.16902755609885],[5.150704187653593,44.16901280051047],[5.150667534920425,44.16900289442576],[5.150603031779013,44.1689875917429],[5.150526537611239,44.16896946275348],[5.1504374001843685,44.168947799894795],[5.150371264336883,44.16892901749973],[5.150302103651619,44.168906332574906],[5.1502415589746136,44.16888654007659],[5.1502352193195735,44.168857851312254],[5.150230703158446,44.16883768067363],[5.1502174460560886,44.16881462001479],[5.150183703625732,44.16876260766847],[5.150142819592492,44.16870038063104],[5.15012734661878,44.16863198285123],[5.150082011529458,44.16845873274374],[5.150077522232102,44.16842604591113],[5.150065644676571,44.1684063797467],[5.150049940703486,44.16839138067217],[5.150025212786788,44.1683759282107],[5.149981457922527,44.16835022392115],[5.1499482654653805,44.168329264805664],[5.149933383044015,44.16831614046736],[5.149926431260936,44.16828449235237],[5.149922540262133,44.1682643094554],[5.149921954305362,44.16823559796109],[5.149934499336968,44.168203477620146],[5.149947293399148,44.16816802088735],[5.1499472933978305,44.16816802086928],[5.149947293399148,44.16816802086562],[5.149943650590608,44.1681180296168],[5.149935622008564,44.16807775870238],[5.149921414346047,44.168049404252244],[5.149894569067954,44.168001128401784],[5.149881316655559,44.167981489175155],[5.1498631254963,44.167963567490396],[5.149840035490849,44.16794511154445],[5.149813821433254,44.16793004833793],[5.149780621916301,44.16791881372021],[5.149747920904013,44.167914142295196],[5.14967668565337,44.16790932574576],[5.149591672175239,44.167900727366195],[5.149559515439253,44.167897215747445],[5.14950672152649,44.16788717545001],[5.149428239390427,44.167869354825115],[5.149270772003202,44.16863067381414],[5.149065852210654,44.16862037284154],[5.149032760856605,44.16863515764458],[5.148999206212094,44.16866084644541],[5.148937991465319,44.16870931725863],[5.148880626263683,44.168763655302705],[5.148850683113419,44.16880214912465],[5.148581928784599,44.168774369425456],[5.1475533434543,44.168673680065],[5.147547448395481,44.168799042115445],[5.147547448396481,44.168799042115914],[5.147547448395481,44.16879904213718],[5.1475918768873985,44.168819421796485],[5.147666643580243,44.168851452905386],[5.147815899936877,44.168928036062354],[5.1479210536397035,44.16897630954625],[5.148035195837586,44.169030709745904],[5.148183626614789,44.1691119006755],[5.148298266809991,44.16916953232855],[5.148337830928155,44.169190277103155],[5.148367937295906,44.16920571463724],[5.148417510222913,44.16921987043785],[5.148480185613651,44.169236470775715],[5.148618739265717,44.169268152128794],[5.1487510488009915,44.169296804215094],[5.148859609358611,44.16931934847177],[5.148976609914038,44.16934343802883],[5.149032489347458,44.169352337666645],[5.149190983623081,44.169372102371184],[5.1493887880305245,44.1693959586881],[5.149515053483638,44.16941032178789],[5.149602637364732,44.16942067071583],[5.1496983499424545,44.16943095029264],[5.149823592640825,44.16944803431092],[5.149883148491696,44.1694582120704],[5.149952614688826,44.16947242745046],[5.150070366047483,44.169496501140685],[5.150145441472038,44.169513487746805],[5.150236083130285,44.16953521141481],[5.1503435445104655,44.16956173757212],[5.150429857856092,44.16958147500478],[5.150524507673429,44.1696066314454],[5.150608891596979,44.169624965917976],[5.150685491244321,44.16964255256056],[5.150828296258719,44.169670816296765],[5.1509529703156405,44.16969268236148],[5.150996668402704,44.16972676122385],[5.151046458394218,44.16977305619279],[5.151075194851358,44.16980184592407],[5.151112247728472,44.16982561033376],[5.151123887828734,44.169829073713366],[5.15113599388686,44.169831627544184],[5.15114819770045,44.16983345912949],[5.151153721757354,44.16983398107121],[5.151157107106861,44.16983418479617],[5.151169749626875,44.169834387039],[5.151182236484893,44.1698337819656],[5.151194567680381,44.169832369576056],[5.151224200944963,44.16982206394348],[5.151265049528799,44.16980730640248],[5.151303466127693,44.16979439736582],[5.151341856209256,44.16979400451685],[5.151380072269753,44.16979892747948],[5.151419810923322,44.16981102383244],[5.151462593465704,44.16984403998701],[5.151548075880894,44.16990458137859],[5.15170494365173,44.16994409336602],[5.1519416963691995,44.17000202687281],[5.15218214520063,44.1700584466983],[5.152288125454973,44.1700854502633],[5.152319520165897,44.170068806902336],[5.152364342753781,44.17004667764874],[5.152388263168667,44.170037474258585],[5.152428244391402,44.17003614939808],[5.152485024029761,44.17003575542344],[5.1525271439717235,44.17003474871751],[5.152573890289395,44.17002707821045],[5.1526231821891635,44.170013955266924],[5.152676714014584,44.17000047896094],[5.152811779697415,44.17002583066586],[5.152962202959229,44.17005700352825],[5.153027473888974,44.17006940848692],[5.153063392454636,44.17007311539756],[5.153132045362001,44.170075729483116],[5.1532582109342036,44.170077484556295],[5.153346784023024,44.170080877958725],[5.153426528323924,44.17008237369153],[5.153479389672894,44.17008421711691],[5.153557268161696,44.170102497006624],[5.153603598672135,44.17011356274252],[5.1536416312164715,44.170133435329014],[5.153707526606861,44.170172209628745],[5.1538391007140385,44.170257235772766],[5.153958120914324,44.17032459015775],[5.154046399984496,44.170382913778134],[5.15407708960111,44.170416976827504],[5.154110844405373,44.1704625949572],[5.154146671998275,44.17050349023679],[5.154177274670904,44.170558354440544],[5.154214999570968,44.170622893221044],[5.154292115651551,44.170753018518525],[5.154407503741971,44.170935696308966],[5.154464807336915,44.171034876409784],[5.155399884840382,44.170486162930324],[5.1562664924792045,44.169973093043545],[5.156266492462281,44.16997309303184],[5.156266492479204,44.16997309302181],[5.1560339653583735,44.16981234889331],[5.155798563965717,44.1696417562965],[5.155433030287844,44.16939115314099],[5.155046524989406,44.169128445243146],[5.154777377409026,44.168955182189386],[5.154728328893601,44.16892850324508],[5.154679707845304,44.16890649801085],[5.154651683370453,44.16890641828078],[5.154623079467473,44.168910851973166],[5.1545917918336075,44.168930285174454],[5.15454664033645,44.1689535923529],[5.154513187626405,44.1689654145837],[5.1544755437672745,44.16897227684206],[5.154444243117492,44.16897487260183],[5.1543943192385555,44.16897459269793],[5.154350424980498,44.16897167318772],[5.154322469681672,44.168966819845004],[5.154291992651779,44.168958144267684],[5.15426612807696,44.16894244493371],[5.154238234974302,44.16892273359622],[5.154134103524367,44.168772879836816],[5.154020824615528,44.168616002383445],[5.15399117488044,44.16853014543174],[5.153970981537806,44.168472645729196],[5.15398381984919,44.1683790212043],[5.153983819846703,44.1683790212007],[5.15398381984919,44.168379021182545],[5.1539562915559385,44.16833922350425],[5.153825896240581,44.16829838459198],[5.153624094922956,44.168277946324295],[5.153549908837713,44.16827120931785],[5.1534930695028764,44.16826007981913],[5.153442290464509,44.1682471205236],[5.153170066977368,44.168160803599676],[5.152812856310361,44.16804346943737],[5.15237349699002,44.167903975568755],[5.151871983353018,44.16774174865573],[5.151302384670281,44.16755870502253],[5.150703706048647,44.16736740478829],[5.15031623765233,44.167246874381675],[5.150178404442413,44.1671349548842],[5.149997806760751,44.16699370994257],[5.14963689541445,44.167085692886715],[5.149365596437624,44.167149176373236],[5.148947502505644,44.167197797558835],[5.1487576069414,44.16729687127408],[5.148737249651906,44.16727457986652],[5.148699160989266,44.16723327710054],[5.148657926121007,44.16727748455637],[5.148623332928805,44.16729554012585],[5.148623332941052,44.16729554014119],[5.148623332928806,44.16729554014759],[5.14854541945571,44.16732912099916],[5.148575274452161,44.16739417577813],[5.148667084107935,44.16735095843126],[5.148654191140871,44.16733419333391],[5.148673952895015,44.16732750332753],[5.148686139214798,44.16734212129076],[5.14880979787778,44.167492767717484],[5.148891352557955,44.16758193083368],[5.148936294769449,44.167642367970466],[5.148971689017824,44.167675259640454],[5.149021637090133,44.16771921125536],[5.149041367838753,44.16773485188533],[5.149074133569768,44.16775446900639],[5.149118614421002,44.167769624643945],[5.149189414358011,44.16778939683946],[5.149258680306761,44.167808298644346],[5.149332058626892,44.16783009115908],[5.149406068812913,44.167852051324274],[5.1494314074143075,44.167853895795915],[5.149494546629905,44.1678662545145],[5.149555097365506,44.1678763228708],[5.149617086862164,44.1678847422616],[5.149704842582346,44.16788977528273],[5.149764885622256,44.167896341887115],[5.149812489884875,44.167904773013085],[5.1498404495840155,44.16791638045363],[5.149869099930819,44.167933016630585],[5.149896841663511,44.167962006193065],[5.149921057123683,44.16799367605519],[5.1499478080585135,44.16804276411546],[5.149968659200256,44.16808800603208],[5.149978206762117,44.16813536038605],[5.149977603488621,44.168175620408526],[5.149969238525898,44.16819919498304],[5.149955604991132,44.16822899560749],[5.14994654010955,44.16825060300431],[5.14994654011229,44.168250603019544],[5.14994654010955,44.16825060302606],[5.149951923795574,44.16828048106326],[5.149958051215843,44.16830025995641],[5.149975505161141,44.16831522473776],[5.149998603651855,44.16832728760215],[5.1500383633361695,44.168346587269056],[5.150064646700493,44.16836678139512],[5.150087185369749,44.16839380198394],[5.150102970057391,44.16843076941881],[5.150113648146481,44.168484854669366],[5.150162341391564,44.16865758872942],[5.150175338207314,44.168703524854024],[5.1502092192164675,44.168755894646765],[5.150241354631591,44.168811720204616],[5.150250861662687,44.168834854382055],[5.150262538010891,44.16885911655921],[5.150280053495748,44.16887570082926],[5.150305268090698,44.168890783538046],[5.150337401138195,44.16890356961874],[5.150397900616311,44.16891886091141],[5.150495597058865,44.168945218183595],[5.150564918341597,44.168962227269304],[5.150679609533651,44.16899140257323],[5.150717901926427,44.16900496817431],[5.150759839860043,44.16901900251876],[5.150796480004799,44.16903188016718],[5.150830353326729,44.16906750234979],[5.1508549287699195,44.16910204629023],[5.150854587714315,44.169135998348494],[5.15084401415652,44.16915079231695],[5.15082950418474,44.16916404274451],[5.150817348836423,44.16917670675017],[5.150817348841434,44.16917670676667],[5.150817348836423,44.16917670677192],[5.150822922148626,44.16919505584687],[5.150834691146231,44.169211842768114],[5.150879018596603,44.16923942637806],[5.150999216786459,44.169288482434936],[5.151117679783052,44.16934126407251],[5.151156646252145,44.16935940839205],[5.1511933064259665,44.16935958976387],[5.151254641071236,44.16936387923729],[5.151288904404206,44.16937014032656],[5.15131682765373,44.1693807576853],[5.151340469836263,44.169400553137],[5.151360365324398,44.169420512117334],[5.151379863010193,44.16944318012324],[5.151394338024943,44.1694587433801],[5.151414961047998,44.169471484812114],[5.151439687727929,44.16948027398643],[5.15147855926751,44.16948599441992],[5.1515623253616125,44.16949461586648],[5.151605476669871,44.16949773115471],[5.151641463980325,44.16950656950174],[5.151667509952879,44.16952046507391],[5.151704055002046,44.169540727650016],[5.151756881933386,44.16953176766426],[5.151807118490363,44.16954689938773],[5.151866517862848,44.16956284176625],[5.1519607455661465,44.16958674468881],[5.152037265956768,44.16960883399377],[5.152102253167703,44.16962367615688],[5.1521508693363645,44.169642261076035],[5.152218030493121,44.169661652599764],[5.1523030331312505,44.16968969805798],[5.1523436639772955,44.16970222677425],[5.1524081115598,44.16971933037286],[5.152485377814891,44.169737983181896],[5.152551534642709,44.169753972662704],[5.15260883551645,44.16976734464801]],[[5.152608835527408,44.169767344629264],[5.152608835527408,44.169767344629264],[5.15260883551645,44.16976734464801],[5.152608835527408,44.169767344629264]],[[5.153346784023024,44.170080877958725],[5.153346784055431,44.170080877937615],[5.153346784055436,44.170080877937615],[5.153346784023024,44.170080877958725]],[[5.145887374414104,44.17008265023657],[5.145519052040026,44.16913092259831],[5.145236364061219,44.169214517436075],[5.1446253757681,44.16934658053521],[5.144625375776061,44.1693465805552],[5.1446253757681,44.169346580556926],[5.144845121319252,44.1698987347688],[5.144865736335823,44.1698947299999],[5.144923865762097,44.169903587730545],[5.144954926137021,44.16991117400016],[5.144985311880061,44.16992408585513],[5.14504189306753,44.169928381728184],[5.145112608681648,44.169942575728584],[5.145252429198844,44.16995811928055],[5.145281727379739,44.16998861026275],[5.145537331884806,44.17004240702303],[5.145675201657421,44.17006591178672],[5.145821094073224,44.17006665920173],[5.145887374414104,44.170082650258315],[5.145887374404831,44.17008265023434],[5.145887374414104,44.17008265023657]]]},"properties":{"zone_type":"ens","name":"La for\u00eat d\u00e9partementale du Groseau","area_ha":23.4,"communes":"Malauc\ufffdne","owner":"D\ufffdpartement 84","manager":"D\ufffdpartement 84, ONF","habitat":"Forestier, Milieu ouvert","source":"CD84 / DataSud"}}],"_cache":{"generated_at":"2026-06-12T00:30:50.314224+00:00","source_name":"data.gouv.fr - Espaces naturels sensibles Vaucluse (CD84)","source_url":"https://www.data.gouv.fr/api/1/datasets/r/6730af2d-1cd0-4d2c-aa20-057700147408","user_agent":"dataroads-FR84/0.2.1 (https://github.com/thepriben/dataroads-FR84)"}}
