{"type":"FeatureCollection","_cache":{"generated_at":"2026-07-22T23:02:28.875483+00:00","source":"BAAC / ONISR (data.gouv.fr)"},"metadata":{"departement":"Vaucluse","code_departement":"84","source":"Fichier BAAC — ONISR / Ministère de l'Intérieur (data.gouv.fr)","licence":"Licence Ouverte / Open Licence","annees":[2019,2020,2021,2022,2023,2024],"par_annee":{"2019":245,"2020":202,"2021":267,"2022":265,"2023":336,"2024":608},"statistiques":{"mortels":195,"hospitalises":1021,"legers":707,"total":1923,"total_tues":210,"total_blesses":2481}},"features":[{"type":"Feature","geometry":{"type":"Point","coordinates":[4.78956,43.94057]},"properties":{"annee":2019,"gravite":"leger","tues":0,"hospitalises":0,"legers":1,"total_blesses":1,"date":"20/09/2019 - 10h30","commune":"84007 - Avignon","adresse":"C.De GAULLE (Rocade)","milieu":"En agglomération"}},{"type":"Feature","geometry":{"type":"Point","coordinates":[4.84063,44.11005]},"properties":{"annee":2019,"gravite":"mortel","tues":1,"hospitalises":0,"legers":0,"total_blesses":0,"date":"18/02/2019 - 07h20","commune":"84087 - Orange","adresse":"bretelle de sortie d'Orange Sud en N/S","milieu":"Hors agglomération"}},{"type":"Feature","geometry":{"type":"Point","coordinates":[4.98855,44.39192]},"properties":{"annee":2019,"gravite":"grave","tues":0,"hospitalises":1,"legers":0,"total_blesses":1,"date":"29/11/2019 - 15h25","commune":"84138 - Valréas","adresse":"Départementale 10","milieu":"En agglomération"}},{"type":"Feature","geometry":{"type":"Point","coordinates":[4.90451,43.97313]},"properties":{"annee":2019,"gravite":"mortel","tues":1,"hospitalises":0,"legers":0,"total_blesses":0,"date":"21/12/2019 - 15h45","commune":"84141 - Vedène","adresse":"Rue Rainoardi","milieu":"En agglomération"}},{"type":"Feature","geometry":{"type":"Point","coordinates":[4.82426,43.93735]},"properties":{"annee":2019,"gravite":"grave","tues":0,"hospitalises":1,"legers":0,"total_blesses":1,"date":"05/12/2019 - 10h50","commune":"84007 - Avignon","adresse":"PIERRE SEMARD (avenue)","milieu":"En agglomération"}},{"type":"Feature","geometry":{"type":"Point","coordinates":[5.04316,43.86381]},"properties":{"annee":2019,"gravite":"leger","tues":0,"hospitalises":0,"legers":1,"total_blesses":1,"date":"07/02/2019 - 19h43","commune":"84035 - Cavaillon","adresse":"ISLE/SORGUE-RD 938 (ROUTE DE L')","milieu":"Hors agglomération"}},{"type":"Feature","geometry":{"type":"Point","coordinates":[4.81578,43.94314]},"properties":{"annee":2019,"gravite":"grave","tues":0,"hospitalises":1,"legers":0,"total_blesses":1,"date":"12/02/2019 - 18h10","commune":"84007 - Avignon","adresse":"PIERRE SEMARD (avenue)","milieu":"En agglomération"}},{"type":"Feature","geometry":{"type":"Point","coordinates":[5.08866,44.22922]},"properties":{"annee":2019,"gravite":"mortel","tues":1,"hospitalises":0,"legers":0,"total_blesses":0,"date":"18/06/2019 - 01h20","commune":"84137 - Vaison-la-Romaine","adresse":"Avenue Marcel Corneloup","milieu":"Hors agglomération"}},{"type":"Feature","geometry":{"type":"Point","coordinates":[5.13127,44.17341]},"properties":{"annee":2019,"gravite":"grave","tues":0,"hospitalises":1,"legers":0,"total_blesses":1,"date":"01/06/2019 - 14h30","commune":"84069 - Malaucène","adresse":"RD 19","milieu":"Hors agglomération"}},{"type":"Feature","geometry":{"type":"Point","coordinates":[5.14687,44.16075]},"properties":{"annee":2019,"gravite":"grave","tues":0,"hospitalises":1,"legers":0,"total_blesses":1,"date":"17/08/2019 - 14h15","commune":"84069 - Malaucène","adresse":"RD974","milieu":"Hors agglomération"}},{"type":"Feature","geometry":{"type":"Point","coordinates":[5.02231,44.20519]},"properties":{"annee":2019,"gravite":"grave","tues":0,"hospitalises":1,"legers":0,"total_blesses":1,"date":"25/07/2019 - 12h50","commune":"84126 - Séguret","adresse":"RD977","milieu":"Hors agglomération"}},{"type":"Feature","geometry":{"type":"Point","coordinates":[4.92957,43.94489]},"properties":{"annee":2019,"gravite":"grave","tues":0,"hospitalises":1,"legers":0,"total_blesses":1,"date":"27/09/2019 - 17h30","commune":"84055 - Jonquerettes","adresse":"Chemin des Contrebandiers","milieu":"En agglomération"}},{"type":"Feature","geometry":{"type":"Point","coordinates":[5.10337,43.8624]},"properties":{"annee":2019,"gravite":"grave","tues":0,"hospitalises":1,"legers":0,"total_blesses":1,"date":"12/09/2019 - 19h00","commune":"84099 - Robion","adresse":"route d gordese","milieu":"Hors agglomération"}},{"type":"Feature","geometry":{"type":"Point","coordinates":[4.82631,43.94105]},"properties":{"annee":2019,"gravite":"leger","tues":0,"hospitalises":0,"legers":1,"total_blesses":1,"date":"08/06/2019 - 09h15","commune":"84007 - Avignon","adresse":"MONTFAVET (Route)","milieu":"Hors agglomération"}},{"type":"Feature","geometry":{"type":"Point","coordinates":[4.82953,43.94931]},"properties":{"annee":2019,"gravite":"grave","tues":0,"hospitalises":1,"legers":1,"total_blesses":2,"date":"11/10/2019 - 07h10","commune":"84007 - Avignon","adresse":"BOCCACE (avenue)","milieu":"En agglomération"}},{"type":"Feature","geometry":{"type":"Point","coordinates":[4.85792,44.16498]},"properties":{"annee":2019,"gravite":"grave","tues":0,"hospitalises":1,"legers":0,"total_blesses":1,"date":"14/08/2019 - 16h45","commune":"84029 - Camaret-sur-Aigues","adresse":"D43","milieu":"Hors agglomération"}},{"type":"Feature","geometry":{"type":"Point","coordinates":[4.77514,44.16387]},"properties":{"annee":2019,"gravite":"grave","tues":0,"hospitalises":1,"legers":0,"total_blesses":1,"date":"13/08/2019 - 18h10","commune":"84091 - Piolenc","adresse":"Le Crepon Sud","milieu":"Hors agglomération"}},{"type":"Feature","geometry":{"type":"Point","coordinates":[4.88492,44.15206]},"properties":{"annee":2019,"gravite":"leger","tues":0,"hospitalises":0,"legers":1,"total_blesses":1,"date":"08/06/2019 - 15h45","commune":"84029 - Camaret-sur-Aigues","adresse":"Route de Jonquières","milieu":"Hors agglomération"}},{"type":"Feature","geometry":{"type":"Point","coordinates":[5.50124,43.67857]},"properties":{"annee":2019,"gravite":"grave","tues":0,"hospitalises":1,"legers":0,"total_blesses":1,"date":"24/06/2019 - 18h10","commune":"84089 - Pertuis","adresse":"Rue Louis Lumière","milieu":"En agglomération"}},{"type":"Feature","geometry":{"type":"Point","coordinates":[4.98607,44.14426]},"properties":{"annee":2019,"gravite":"mortel","tues":1,"hospitalises":0,"legers":0,"total_blesses":0,"date":"15/08/2019 - 09h30","commune":"84136 - Vacqueyras","adresse":"d7","milieu":"Hors agglomération"}},{"type":"Feature","geometry":{"type":"Point","coordinates":[4.9403,44.09971]},"properties":{"annee":2019,"gravite":"grave","tues":0,"hospitalises":1,"legers":1,"total_blesses":2,"date":"14/08/2019 - 06h40","commune":"84122 - Sarrians","adresse":"Route d'Orange","milieu":"Hors agglomération"}},{"type":"Feature","geometry":{"type":"Point","coordinates":[4.70812,44.24464]},"properties":{"annee":2019,"gravite":"grave","tues":0,"hospitalises":1,"legers":0,"total_blesses":1,"date":"20/10/2019 - 07h30","commune":"84078 - Mondragon","adresse":"A7","milieu":"Hors agglomération"}},{"type":"Feature","geometry":{"type":"Point","coordinates":[4.96821,44.08726]},"properties":{"annee":2019,"gravite":"grave","tues":0,"hospitalises":1,"legers":0,"total_blesses":1,"date":"22/10/2019 - 16h15","commune":"84122 - Sarrians","adresse":"Boulevard du Comtat Venaissin","milieu":"En agglomération"}},{"type":"Feature","geometry":{"type":"Point","coordinates":[5.04969,44.07281]},"properties":{"annee":2019,"gravite":"grave","tues":0,"hospitalises":1,"legers":0,"total_blesses":1,"date":"19/08/2019 - 04h00","commune":"84031 - Carpentras","adresse":"PEYRIERE CHEMIN DE","milieu":"Hors agglomération"}},{"type":"Feature","geometry":{"type":"Point","coordinates":[5.04956,44.05097]},"properties":{"annee":2019,"gravite":"leger","tues":0,"hospitalises":0,"legers":1,"total_blesses":1,"date":"16/11/2019 - 16h00","commune":"84031 - Carpentras","adresse":"ZOLA BOULEVARD EMILE","milieu":"En agglomération"}},{"type":"Feature","geometry":{"type":"Point","coordinates":[5.0385,43.84368]},"properties":{"annee":2019,"gravite":"mortel","tues":1,"hospitalises":0,"legers":0,"total_blesses":0,"date":"28/12/2019 - 00h05","commune":"84035 - Cavaillon","adresse":"LIBERATION (AVENUE DE LA)","milieu":"En agglomération"}},{"type":"Feature","geometry":{"type":"Point","coordinates":[5.14749,44.15594]},"properties":{"annee":2019,"gravite":"grave","tues":0,"hospitalises":1,"legers":0,"total_blesses":1,"date":"06/07/2019 - 14h10","commune":"84069 - Malaucène","adresse":"D974","milieu":"Hors agglomération"}},{"type":"Feature","geometry":{"type":"Point","coordinates":[4.81363,44.14151]},"properties":{"annee":2019,"gravite":"mortel","tues":1,"hospitalises":0,"legers":0,"total_blesses":0,"date":"07/07/2019 - 21h00","commune":"84087 - Orange","adresse":"TERRIER (RUE DU)","milieu":"En agglomération"}},{"type":"Feature","geometry":{"type":"Point","coordinates":[4.82365,43.95488]},"properties":{"annee":2019,"gravite":"grave","tues":0,"hospitalises":1,"legers":0,"total_blesses":1,"date":"08/02/2019 - 17h05","commune":"84007 - Avignon","adresse":"RD225  (route touristique)","milieu":"Hors agglomération"}},{"type":"Feature","geometry":{"type":"Point","coordinates":[4.80146,44.19754]},"properties":{"annee":2019,"gravite":"leger","tues":0,"hospitalises":0,"legers":2,"total_blesses":2,"date":"08/03/2019 - 20h00","commune":"84087 - Orange","adresse":"ROUTE D'UCHAUX","milieu":"Hors agglomération"}},{"type":"Feature","geometry":{"type":"Point","coordinates":[4.82689,43.94085]},"properties":{"annee":2019,"gravite":"leger","tues":0,"hospitalises":0,"legers":1,"total_blesses":1,"date":"16/03/2019 - 19h57","commune":"84007 - Avignon","adresse":"MONTFAVET (Route)","milieu":"En agglomération"}},{"type":"Feature","geometry":{"type":"Point","coordinates":[5.23303,44.05703]},"properties":{"annee":2019,"gravite":"grave","tues":0,"hospitalises":1,"legers":0,"total_blesses":1,"date":"10/06/2019 - 05h15","commune":"84148 - Villes-sur-Auzon","adresse":"1401 Lieu-dit Jas de Gassin","milieu":"Hors agglomération"}},{"type":"Feature","geometry":{"type":"Point","coordinates":[5.11141,44.05868]},"properties":{"annee":2019,"gravite":"mortel","tues":1,"hospitalises":0,"legers":0,"total_blesses":0,"date":"01/06/2019 - 22h34","commune":"84072 - Mazan","adresse":"route de carpentras","milieu":"En agglomération"}},{"type":"Feature","geometry":{"type":"Point","coordinates":[5.50933,43.74152]},"properties":{"annee":2019,"gravite":"grave","tues":0,"hospitalises":2,"legers":0,"total_blesses":2,"date":"20/06/2019 - 09h15","commune":"84002 - Ansouis","adresse":"La Route","milieu":"Hors agglomération"}},{"type":"Feature","geometry":{"type":"Point","coordinates":[5.27804,43.9201]},"properties":{"annee":2019,"gravite":"mortel","tues":1,"hospitalises":0,"legers":0,"total_blesses":0,"date":"18/06/2019 - 15h20","commune":"84102 - Roussillon","adresse":"Départementale 2","milieu":"Hors agglomération"}},{"type":"Feature","geometry":{"type":"Point","coordinates":[4.80456,43.92727]},"properties":{"annee":2019,"gravite":"grave","tues":0,"hospitalises":1,"legers":0,"total_blesses":1,"date":"20/12/2019 - 09h30","commune":"84007 - Avignon","adresse":"LAVARIN (Chemin du )","milieu":"En agglomération"}},{"type":"Feature","geometry":{"type":"Point","coordinates":[4.83162,43.93399]},"properties":{"annee":2019,"gravite":"grave","tues":0,"hospitalises":1,"legers":1,"total_blesses":2,"date":"09/10/2019 - 05h20","commune":"84007 - Avignon","adresse":"PIERRE SEMARD (avenue)","milieu":"En agglomération"}},{"type":"Feature","geometry":{"type":"Point","coordinates":[4.85216,43.92407]},"properties":{"annee":2019,"gravite":"mortel","tues":1,"hospitalises":1,"legers":0,"total_blesses":1,"date":"20/04/2019 - 02h20","commune":"84007 - Avignon","adresse":"MARSEILLE (Route)-MONTFAVET","milieu":"En agglomération"}},{"type":"Feature","geometry":{"type":"Point","coordinates":[5.43078,43.77701]},"properties":{"annee":2019,"gravite":"leger","tues":0,"hospitalises":0,"legers":1,"total_blesses":1,"date":"15/10/2019 - 10h30","commune":"84042 - Cucuron","adresse":"D56","milieu":"Hors agglomération"}},{"type":"Feature","geometry":{"type":"Point","coordinates":[5.5351,43.68331]},"properties":{"annee":2019,"gravite":"grave","tues":0,"hospitalises":1,"legers":0,"total_blesses":1,"date":"09/02/2019 - 10h35","commune":"84089 - Pertuis","adresse":"boulevard jean guigues","milieu":"En agglomération"}},{"type":"Feature","geometry":{"type":"Point","coordinates":[5.38523,43.8826]},"properties":{"annee":2019,"gravite":"leger","tues":0,"hospitalises":0,"legers":1,"total_blesses":1,"date":"19/10/2019 - 19h00","commune":"84003 - Apt","adresse":"Rue des Oliviers","milieu":"En agglomération"}},{"type":"Feature","geometry":{"type":"Point","coordinates":[4.75525,44.17845]},"properties":{"annee":2019,"gravite":"grave","tues":0,"hospitalises":2,"legers":0,"total_blesses":2,"date":"17/06/2019 - 19h55","commune":"84091 - Piolenc","adresse":"Autoroute A7 Pk 161.400 sens 2","milieu":"Hors agglomération"}},{"type":"Feature","geometry":{"type":"Point","coordinates":[5.35106,43.91596]},"properties":{"annee":2019,"gravite":"leger","tues":0,"hospitalises":0,"legers":1,"total_blesses":1,"date":"23/11/2019 - 18h00","commune":"84047 - Gargas","adresse":"D101","milieu":"Hors agglomération"}},{"type":"Feature","geometry":{"type":"Point","coordinates":[4.96662,44.01893]},"properties":{"annee":2019,"gravite":"grave","tues":0,"hospitalises":1,"legers":0,"total_blesses":1,"date":"22/03/2019 - 17h00","commune":"84080 - Monteux","adresse":"BEAULIEU ALLEE DE","milieu":"Hors agglomération"}},{"type":"Feature","geometry":{"type":"Point","coordinates":[5.07058,44.08424]},"properties":{"annee":2019,"gravite":"leger","tues":0,"hospitalises":0,"legers":2,"total_blesses":2,"date":"30/11/2019 - 01h10","commune":"84031 - Carpentras","adresse":"SAINT ROCH AVENUE","milieu":"En agglomération"}},{"type":"Feature","geometry":{"type":"Point","coordinates":[5.05102,44.05682]},"properties":{"annee":2019,"gravite":"leger","tues":0,"hospitalises":0,"legers":1,"total_blesses":1,"date":"21/12/2019 - 14h26","commune":"84031 - Carpentras","adresse":"ROGIER BOULEVARD ALFRED","milieu":"En agglomération"}},{"type":"Feature","geometry":{"type":"Point","coordinates":[5.04636,44.04576]},"properties":{"annee":2019,"gravite":"leger","tues":0,"hospitalises":0,"legers":2,"total_blesses":2,"date":"19/10/2019 - 15h35","commune":"84031 - Carpentras","adresse":"PASTEUR BOULEVARD","milieu":"En agglomération"}},{"type":"Feature","geometry":{"type":"Point","coordinates":[5.04574,44.03198]},"properties":{"annee":2019,"gravite":"grave","tues":0,"hospitalises":1,"legers":0,"total_blesses":1,"date":"12/09/2019 - 12h00","commune":"84031 - Carpentras","adresse":"SAINT GENS CHEMIN DE","milieu":"Hors agglomération"}},{"type":"Feature","geometry":{"type":"Point","coordinates":[5.04148,44.05088]},"properties":{"annee":2019,"gravite":"grave","tues":0,"hospitalises":1,"legers":0,"total_blesses":1,"date":"16/08/2019 - 18h00","commune":"84031 - Carpentras","adresse":"MISTRAL AVENUE FREDERIC","milieu":"En agglomération"}},{"type":"Feature","geometry":{"type":"Point","coordinates":[5.04113,44.05998]},"properties":{"annee":2019,"gravite":"mortel","tues":1,"hospitalises":0,"legers":0,"total_blesses":0,"date":"16/09/2019 - 10h10","commune":"84031 - Carpentras","adresse":"EUROPE AVENUE DE L'","milieu":"Hors agglomération"}},{"type":"Feature","geometry":{"type":"Point","coordinates":[5.03922,44.05016]},"properties":{"annee":2019,"gravite":"leger","tues":0,"hospitalises":0,"legers":1,"total_blesses":1,"date":"14/08/2019 - 20h50","commune":"84031 - Carpentras","adresse":"MISTRAL AVENUE FREDERIC","milieu":"En agglomération"}},{"type":"Feature","geometry":{"type":"Point","coordinates":[5.05364,44.05588]},"properties":{"annee":2019,"gravite":"grave","tues":0,"hospitalises":1,"legers":0,"total_blesses":1,"date":"27/08/2019 - 16h25","commune":"84031 - Carpentras","adresse":"MONT VENTOUX AVENUE DU","milieu":"En agglomération"}},{"type":"Feature","geometry":{"type":"Point","coordinates":[4.80911,43.92834]},"properties":{"annee":2019,"gravite":"leger","tues":0,"hospitalises":0,"legers":1,"total_blesses":1,"date":"30/12/2019 - 12h50","commune":"84007 - Avignon","adresse":"C.De GAULLE (Rocade)","milieu":"En agglomération"}},{"type":"Feature","geometry":{"type":"Point","coordinates":[4.86574,43.92019]},"properties":{"annee":2019,"gravite":"grave","tues":0,"hospitalises":1,"legers":0,"total_blesses":1,"date":"09/11/2019 - 18h00","commune":"84007 - Avignon","adresse":"MISTRAL7  (Parking C.Commercial)","milieu":"En agglomération"}},{"type":"Feature","geometry":{"type":"Point","coordinates":[4.97807,44.36753]},"properties":{"annee":2019,"gravite":"grave","tues":0,"hospitalises":1,"legers":2,"total_blesses":3,"date":"17/09/2019 - 20h15","commune":"84138 - Valréas","adresse":"D 976","milieu":"En agglomération"}},{"type":"Feature","geometry":{"type":"Point","coordinates":[4.90911,44.30679]},"properties":{"annee":2019,"gravite":"mortel","tues":1,"hospitalises":3,"legers":1,"total_blesses":4,"date":"10/02/2019 - 14h15","commune":"84150 - Visan","adresse":"d161","milieu":"Hors agglomération"}},{"type":"Feature","geometry":{"type":"Point","coordinates":[5.34603,43.78455]},"properties":{"annee":2019,"gravite":"leger","tues":0,"hospitalises":0,"legers":2,"total_blesses":2,"date":"10/02/2019 - 16h00","commune":"84068 - Lourmarin","adresse":"Combe de Lourmarin","milieu":"Hors agglomération"}},{"type":"Feature","geometry":{"type":"Point","coordinates":[5.1342,43.86083]},"properties":{"annee":2019,"gravite":"grave","tues":0,"hospitalises":1,"legers":0,"total_blesses":1,"date":"16/10/2019 - 17h50","commune":"84099 - Robion","adresse":"Chemin du Moulin d'Oise","milieu":"Hors agglomération"}},{"type":"Feature","geometry":{"type":"Point","coordinates":[4.75093,44.28523]},"properties":{"annee":2019,"gravite":"leger","tues":0,"hospitalises":0,"legers":1,"total_blesses":1,"date":"14/06/2019 - 07h15","commune":"84019 - Bollène","adresse":"Avenue Jean Giono","milieu":"En agglomération"}},{"type":"Feature","geometry":{"type":"Point","coordinates":[5.43006,43.89464]},"properties":{"annee":2019,"gravite":"grave","tues":0,"hospitalises":2,"legers":1,"total_blesses":3,"date":"16/06/2019 - 19h10","commune":"84003 - Apt","adresse":"Route de Rustrel","milieu":"Hors agglomération"}},{"type":"Feature","geometry":{"type":"Point","coordinates":[4.85918,43.96319]},"properties":{"annee":2019,"gravite":"leger","tues":0,"hospitalises":0,"legers":1,"total_blesses":1,"date":"10/06/2019 - 14h15","commune":"84092 - Le Pontet","adresse":"avenue louis braille","milieu":"En agglomération"}},{"type":"Feature","geometry":{"type":"Point","coordinates":[4.89515,44.17155]},"properties":{"annee":2019,"gravite":"mortel","tues":1,"hospitalises":0,"legers":1,"total_blesses":1,"date":"26/07/2019 - 16h00","commune":"84029 - Camaret-sur-Aigues","adresse":"Chemin du Plan de Dieu","milieu":"Hors agglomération"}},{"type":"Feature","geometry":{"type":"Point","coordinates":[5.28635,43.84492]},"properties":{"annee":2019,"gravite":"grave","tues":0,"hospitalises":1,"legers":0,"total_blesses":1,"date":"06/08/2019 - 15h00","commune":"84020 - Bonnieux","adresse":"cd 36","milieu":"Hors agglomération"}},{"type":"Feature","geometry":{"type":"Point","coordinates":[4.95691,43.99438]},"properties":{"annee":2019,"gravite":"leger","tues":0,"hospitalises":0,"legers":2,"total_blesses":2,"date":"23/06/2019 - 09h20","commune":"84001 - Althen-des-Paluds","adresse":"Avenue des Valayans","milieu":"Hors agglomération"}},{"type":"Feature","geometry":{"type":"Point","coordinates":[4.66253,44.26053]},"properties":{"annee":2019,"gravite":"grave","tues":0,"hospitalises":1,"legers":0,"total_blesses":1,"date":"15/09/2019 - 20h35","commune":"84063 - Lamotte-du-Rhône","adresse":"N86","milieu":"Hors agglomération"}},{"type":"Feature","geometry":{"type":"Point","coordinates":[4.92341,44.3407]},"properties":{"annee":2019,"gravite":"grave","tues":0,"hospitalises":1,"legers":0,"total_blesses":1,"date":"23/03/2019 - 17h15","commune":"84150 - Visan","adresse":"Route de Richerenches","milieu":"En agglomération"}},{"type":"Feature","geometry":{"type":"Point","coordinates":[5.03924,43.87621]},"properties":{"annee":2019,"gravite":"grave","tues":0,"hospitalises":1,"legers":1,"total_blesses":2,"date":"25/03/2019 - 15h30","commune":"84054 - L'Isle-sur-la-Sorgue","adresse":"Route de Cavaillon","milieu":"Hors agglomération"}},{"type":"Feature","geometry":{"type":"Point","coordinates":[4.80301,43.9213]},"properties":{"annee":2019,"gravite":"grave","tues":0,"hospitalises":1,"legers":0,"total_blesses":1,"date":"30/01/2019 - 01h50","commune":"84007 - Avignon","adresse":"LAVARIN (Chemin du )","milieu":"En agglomération"}},{"type":"Feature","geometry":{"type":"Point","coordinates":[4.79724,43.93891]},"properties":{"annee":2019,"gravite":"leger","tues":0,"hospitalises":0,"legers":2,"total_blesses":2,"date":"09/01/2019 - 14h54","commune":"84007 - Avignon","adresse":"EISENHOWER (Avenue)","milieu":"En agglomération"}},{"type":"Feature","geometry":{"type":"Point","coordinates":[5.38091,43.88546]},"properties":{"annee":2019,"gravite":"mortel","tues":1,"hospitalises":0,"legers":0,"total_blesses":0,"date":"09/08/2019 - 08h25","commune":"84003 - Apt","adresse":"Avenue du Viaduc","milieu":"En agglomération"}},{"type":"Feature","geometry":{"type":"Point","coordinates":[4.9123,43.90471]},"properties":{"annee":2019,"gravite":"leger","tues":0,"hospitalises":0,"legers":1,"total_blesses":1,"date":"05/07/2019 - 18h00","commune":"84081 - Morières-lès-Avignon","adresse":"autoroute A7 pk 197+400 sens 2","milieu":"Hors agglomération"}},{"type":"Feature","geometry":{"type":"Point","coordinates":[4.75395,44.28837]},"properties":{"annee":2019,"gravite":"grave","tues":0,"hospitalises":1,"legers":0,"total_blesses":1,"date":"04/07/2019 - 15h30","commune":"84019 - Bollène","adresse":"Avenue Salvador Allende","milieu":"En agglomération"}},{"type":"Feature","geometry":{"type":"Point","coordinates":[4.85512,43.96842]},"properties":{"annee":2019,"gravite":"leger","tues":0,"hospitalises":0,"legers":1,"total_blesses":1,"date":"05/07/2019 - 12h05","commune":"84092 - Le Pontet","adresse":"Route Touristique des Bords du Rhône","milieu":"Hors agglomération"}},{"type":"Feature","geometry":{"type":"Point","coordinates":[4.85801,43.97502]},"properties":{"annee":2019,"gravite":"leger","tues":0,"hospitalises":0,"legers":3,"total_blesses":3,"date":"30/06/2019 - 00h00","commune":"84092 - Le Pontet","adresse":"RD 907","milieu":"En agglomération"}},{"type":"Feature","geometry":{"type":"Point","coordinates":[4.83818,43.95485]},"properties":{"annee":2019,"gravite":"leger","tues":0,"hospitalises":0,"legers":3,"total_blesses":3,"date":"19/11/2019 - 17h00","commune":"84007 - Avignon","adresse":"LYON (route de )","milieu":"Hors agglomération"}},{"type":"Feature","geometry":{"type":"Point","coordinates":[4.88335,43.91069]},"properties":{"annee":2019,"gravite":"grave","tues":0,"hospitalises":1,"legers":1,"total_blesses":2,"date":"10/09/2019 - 08h30","commune":"84007 - Avignon","adresse":"MARSEILLE (Route)-MONTFAVET","milieu":"Hors agglomération"}},{"type":"Feature","geometry":{"type":"Point","coordinates":[5.13276,44.17447]},"properties":{"annee":2019,"gravite":"grave","tues":0,"hospitalises":1,"legers":0,"total_blesses":1,"date":"03/08/2019 - 19h40","commune":"84069 - Malaucène","adresse":"Cours des Isnards","milieu":"En agglomération"}},{"type":"Feature","geometry":{"type":"Point","coordinates":[5.62591,43.78522]},"properties":{"annee":2019,"gravite":"grave","tues":0,"hospitalises":1,"legers":0,"total_blesses":1,"date":"07/08/2019 - 09h25","commune":"84009 - La Bastide-des-Jourdans","adresse":"D 946","milieu":"Hors agglomération"}},{"type":"Feature","geometry":{"type":"Point","coordinates":[4.88882,43.91704]},"properties":{"annee":2019,"gravite":"grave","tues":0,"hospitalises":1,"legers":0,"total_blesses":1,"date":"01/07/2019 - 16h25","commune":"84007 - Avignon","adresse":"Félicien FLORENT (Rue)","milieu":"Hors agglomération"}},{"type":"Feature","geometry":{"type":"Point","coordinates":[5.04731,44.05242]},"properties":{"annee":2019,"gravite":"grave","tues":0,"hospitalises":1,"legers":0,"total_blesses":1,"date":"27/01/2019 - 10h15","commune":"84031 - Carpentras","adresse":"VINGT CINQ AOUT 1944 PLACE DU","milieu":"En agglomération"}},{"type":"Feature","geometry":{"type":"Point","coordinates":[4.80539,43.94254]},"properties":{"annee":2019,"gravite":"mortel","tues":1,"hospitalises":0,"legers":0,"total_blesses":0,"date":"10/03/2019 - 07h30","commune":"84007 - Avignon","adresse":"SAINT ROCH (Boulevard)","milieu":"En agglomération"}},{"type":"Feature","geometry":{"type":"Point","coordinates":[4.81506,44.05859]},"properties":{"annee":2019,"gravite":"grave","tues":0,"hospitalises":2,"legers":2,"total_blesses":4,"date":"11/09/2019 - 12h20","commune":"84037 - Châteauneuf-du-Pape","adresse":"2 B Chemin de l'Arnesque","milieu":"Hors agglomération"}},{"type":"Feature","geometry":{"type":"Point","coordinates":[5.39611,43.87704]},"properties":{"annee":2019,"gravite":"grave","tues":0,"hospitalises":1,"legers":1,"total_blesses":2,"date":"15/10/2019 - 18h30","commune":"84003 - Apt","adresse":"Quai de la Liberté","milieu":"En agglomération"}},{"type":"Feature","geometry":{"type":"Point","coordinates":[5.75181,43.73665]},"properties":{"annee":2019,"gravite":"grave","tues":0,"hospitalises":1,"legers":1,"total_blesses":2,"date":"21/03/2019 - 16h00","commune":"84014 - Beaumont-de-Pertuis","adresse":"A51 PK 060.800","milieu":"Hors agglomération"}},{"type":"Feature","geometry":{"type":"Point","coordinates":[4.72531,44.2444]},"properties":{"annee":2019,"gravite":"grave","tues":0,"hospitalises":1,"legers":0,"total_blesses":1,"date":"27/04/2019 - 04h40","commune":"84078 - Mondragon","adresse":"RD26","milieu":"Hors agglomération"}},{"type":"Feature","geometry":{"type":"Point","coordinates":[5.00109,44.07388]},"properties":{"annee":2019,"gravite":"grave","tues":0,"hospitalises":1,"legers":0,"total_blesses":1,"date":"22/04/2019 - 18h30","commune":"84067 - Loriol-du-Comtat","adresse":"route de sarrians","milieu":"Hors agglomération"}},{"type":"Feature","geometry":{"type":"Point","coordinates":[5.36493,43.75507]},"properties":{"annee":2019,"gravite":"leger","tues":0,"hospitalises":0,"legers":1,"total_blesses":1,"date":"23/03/2019 - 18h10","commune":"84095 - Puyvert","adresse":"RD 27","milieu":"Hors agglomération"}},{"type":"Feature","geometry":{"type":"Point","coordinates":[5.36877,43.73395]},"properties":{"annee":2019,"gravite":"leger","tues":0,"hospitalises":0,"legers":1,"total_blesses":1,"date":"21/03/2019 - 07h45","commune":"84026 - Cadenet","adresse":"RD 973, PR 40","milieu":"Hors agglomération"}},{"type":"Feature","geometry":{"type":"Point","coordinates":[5.39797,43.9233]},"properties":{"annee":2019,"gravite":"grave","tues":0,"hospitalises":1,"legers":0,"total_blesses":1,"date":"24/04/2019 - 09h05","commune":"84145 - Villars","adresse":"D111","milieu":"Hors agglomération"}},{"type":"Feature","geometry":{"type":"Point","coordinates":[4.87494,44.01174]},"properties":{"annee":2019,"gravite":"grave","tues":0,"hospitalises":1,"legers":0,"total_blesses":1,"date":"24/04/2019 - 13h40","commune":"84129 - Sorgues","adresse":"161 Avenue du Griffon","milieu":"En agglomération"}},{"type":"Feature","geometry":{"type":"Point","coordinates":[4.85836,43.96193]},"properties":{"annee":2019,"gravite":"grave","tues":0,"hospitalises":1,"legers":0,"total_blesses":1,"date":"28/01/2019 - 07h20","commune":"84092 - Le Pontet","adresse":"avenue de la république","milieu":"En agglomération"}},{"type":"Feature","geometry":{"type":"Point","coordinates":[4.81087,44.13758]},"properties":{"annee":2019,"gravite":"grave","tues":0,"hospitalises":1,"legers":0,"total_blesses":1,"date":"14/11/2019 - 11h15","commune":"84087 - Orange","adresse":"DALADIER (BD EDOUARD)","milieu":"En agglomération"}},{"type":"Feature","geometry":{"type":"Point","coordinates":[4.87428,44.16486]},"properties":{"annee":2019,"gravite":"grave","tues":0,"hospitalises":1,"legers":0,"total_blesses":1,"date":"13/10/2019 - 11h50","commune":"84029 - Camaret-sur-Aigues","adresse":"Rue de l'Eglise","milieu":"En agglomération"}},{"type":"Feature","geometry":{"type":"Point","coordinates":[4.83345,43.94005]},"properties":{"annee":2019,"gravite":"grave","tues":0,"hospitalises":1,"legers":0,"total_blesses":1,"date":"25/06/2019 - 17h20","commune":"84007 - Avignon","adresse":"MONTFAVET (Route)","milieu":"Hors agglomération"}},{"type":"Feature","geometry":{"type":"Point","coordinates":[4.97718,44.37669]},"properties":{"annee":2019,"gravite":"leger","tues":0,"hospitalises":0,"legers":1,"total_blesses":1,"date":"02/07/2019 - 09h00","commune":"84138 - Valréas","adresse":"Route de Baume de Transit","milieu":"En agglomération"}},{"type":"Feature","geometry":{"type":"Point","coordinates":[4.85029,44.22713]},"properties":{"annee":2019,"gravite":"leger","tues":0,"hospitalises":0,"legers":1,"total_blesses":1,"date":"29/07/2019 - 10h00","commune":"84061 - Lagarde-Paréol","adresse":"RD 65","milieu":"En agglomération"}},{"type":"Feature","geometry":{"type":"Point","coordinates":[4.68602,44.31402]},"properties":{"annee":2019,"gravite":"grave","tues":0,"hospitalises":1,"legers":0,"total_blesses":1,"date":"18/11/2019 - 14h40","commune":"84064 - Lapalud","adresse":"RN7","milieu":"Hors agglomération"}},{"type":"Feature","geometry":{"type":"Point","coordinates":[5.38333,43.89649]},"properties":{"annee":2019,"gravite":"grave","tues":0,"hospitalises":1,"legers":0,"total_blesses":1,"date":"06/11/2019 - 20h45","commune":"84003 - Apt","adresse":"D223","milieu":"Hors agglomération"}},{"type":"Feature","geometry":{"type":"Point","coordinates":[5.24288,43.86326]},"properties":{"annee":2019,"gravite":"grave","tues":0,"hospitalises":1,"legers":0,"total_blesses":1,"date":"16/03/2019 - 18h15","commune":"84051 - Goult","adresse":"d900","milieu":"Hors agglomération"}},{"type":"Feature","geometry":{"type":"Point","coordinates":[4.72967,44.24675]},"properties":{"annee":2019,"gravite":"mortel","tues":1,"hospitalises":0,"legers":0,"total_blesses":0,"date":"17/03/2019 - 05h20","commune":"84078 - Mondragon","adresse":"Lieu dit les Massanes, route de BOLLENE","milieu":"Hors agglomération"}},{"type":"Feature","geometry":{"type":"Point","coordinates":[5.03816,43.95878]},"properties":{"annee":2019,"gravite":"grave","tues":0,"hospitalises":1,"legers":0,"total_blesses":1,"date":"12/10/2019 - 19h30","commune":"84142 - Velleron","adresse":"Chemin des Gypières","milieu":"En agglomération"}},{"type":"Feature","geometry":{"type":"Point","coordinates":[4.98456,43.89696]},"properties":{"annee":2019,"gravite":"grave","tues":0,"hospitalises":1,"legers":0,"total_blesses":1,"date":"21/07/2019 - 00h50","commune":"84034 - Caumont-sur-Durance","adresse":"206 Route de l'Isle Sur Sorgue","milieu":"Hors agglomération"}},{"type":"Feature","geometry":{"type":"Point","coordinates":[4.80456,44.13653]},"properties":{"annee":2019,"gravite":"grave","tues":0,"hospitalises":1,"legers":0,"total_blesses":1,"date":"30/04/2019 - 11h00","commune":"84087 - Orange","adresse":"BRIAND (COURS ARISTIDE)","milieu":"En agglomération"}},{"type":"Feature","geometry":{"type":"Point","coordinates":[5.03921,43.83795]},"properties":{"annee":2019,"gravite":"mortel","tues":1,"hospitalises":1,"legers":0,"total_blesses":1,"date":"27/05/2019 - 20h27","commune":"84035 - Cavaillon","adresse":"GAMBETTA (COURS LEON)","milieu":"En agglomération"}},{"type":"Feature","geometry":{"type":"Point","coordinates":[5.07019,43.82331]},"properties":{"annee":2019,"gravite":"grave","tues":0,"hospitalises":1,"legers":0,"total_blesses":1,"date":"24/05/2019 - 11h37","commune":"84035 - Cavaillon","adresse":"VIDAUQUE (AVENUE DE)","milieu":"Hors agglomération"}},{"type":"Feature","geometry":{"type":"Point","coordinates":[4.81379,43.94544]},"properties":{"annee":2019,"gravite":"grave","tues":0,"hospitalises":1,"legers":0,"total_blesses":1,"date":"23/05/2019 - 19h20","commune":"84007 - Avignon","adresse":"RATEAU (rue)","milieu":"En agglomération"}},{"type":"Feature","geometry":{"type":"Point","coordinates":[4.81729,43.92849]},"properties":{"annee":2019,"gravite":"grave","tues":0,"hospitalises":1,"legers":0,"total_blesses":1,"date":"17/05/2019 - 17h00","commune":"84007 - Avignon","adresse":"VALAYER","milieu":"En agglomération"}},{"type":"Feature","geometry":{"type":"Point","coordinates":[4.81014,43.9377]},"properties":{"annee":2019,"gravite":"grave","tues":0,"hospitalises":1,"legers":0,"total_blesses":1,"date":"16/05/2019 - 14h15","commune":"84007 - Avignon","adresse":"MONOD (Boulevard J.)","milieu":"En agglomération"}},{"type":"Feature","geometry":{"type":"Point","coordinates":[4.81007,43.94268]},"properties":{"annee":2019,"gravite":"grave","tues":0,"hospitalises":1,"legers":0,"total_blesses":1,"date":"12/05/2019 - 00h10","commune":"84007 - Avignon","adresse":"SAINT MICHEL (Boulevard)","milieu":"En agglomération"}},{"type":"Feature","geometry":{"type":"Point","coordinates":[4.79032,43.94083]},"properties":{"annee":2019,"gravite":"leger","tues":0,"hospitalises":0,"legers":6,"total_blesses":6,"date":"30/04/2019 - 23h00","commune":"84007 - Avignon","adresse":"C.De GAULLE (Rocade)","milieu":"En agglomération"}},{"type":"Feature","geometry":{"type":"Point","coordinates":[5.04755,43.81764]},"properties":{"annee":2019,"gravite":"leger","tues":0,"hospitalises":0,"legers":1,"total_blesses":1,"date":"11/03/2019 - 17h55","commune":"84035 - Cavaillon","adresse":"BOSCODOMINI (AVENUE)","milieu":"En agglomération"}},{"type":"Feature","geometry":{"type":"Point","coordinates":[4.80472,44.13727]},"properties":{"annee":2019,"gravite":"mortel","tues":1,"hospitalises":0,"legers":0,"total_blesses":0,"date":"25/06/2019 - 18h45","commune":"84087 - Orange","adresse":"BRIAND (COURS ARISTIDE)","milieu":"En agglomération"}},{"type":"Feature","geometry":{"type":"Point","coordinates":[4.86315,43.94971]},"properties":{"annee":2019,"gravite":"grave","tues":0,"hospitalises":1,"legers":2,"total_blesses":3,"date":"14/06/2019 - 18h15","commune":"84007 - Avignon","adresse":"MORIERES (ROUTE DE) - MONTFAVET","milieu":"Hors agglomération"}},{"type":"Feature","geometry":{"type":"Point","coordinates":[4.80027,43.94748]},"properties":{"annee":2019,"gravite":"grave","tues":0,"hospitalises":1,"legers":0,"total_blesses":1,"date":"08/06/2019 - 16h00","commune":"84007 - Avignon","adresse":"OULLE (Allées de l')","milieu":"En agglomération"}},{"type":"Feature","geometry":{"type":"Point","coordinates":[4.80554,43.9452]},"properties":{"annee":2019,"gravite":"grave","tues":0,"hospitalises":1,"legers":0,"total_blesses":1,"date":"23/06/2019 - 03h45","commune":"84007 - Avignon","adresse":"JAURES (Cours Jean)","milieu":"En agglomération"}},{"type":"Feature","geometry":{"type":"Point","coordinates":[4.80533,43.95323]},"properties":{"annee":2019,"gravite":"grave","tues":0,"hospitalises":1,"legers":0,"total_blesses":1,"date":"28/07/2019 - 06h00","commune":"84007 - Avignon","adresse":"QUAI DE LA LIGNE (Boulevard du)","milieu":"En agglomération"}},{"type":"Feature","geometry":{"type":"Point","coordinates":[4.83169,43.93394]},"properties":{"annee":2019,"gravite":"leger","tues":0,"hospitalises":0,"legers":2,"total_blesses":2,"date":"24/07/2019 - 01h35","commune":"84007 - Avignon","adresse":"C.De GAULLE (Rocade)","milieu":"En agglomération"}},{"type":"Feature","geometry":{"type":"Point","coordinates":[4.98913,44.38594]},"properties":{"annee":2019,"gravite":"grave","tues":0,"hospitalises":1,"legers":0,"total_blesses":1,"date":"16/11/2019 - 12h05","commune":"84138 - Valréas","adresse":"40 Cours Victor Hugo","milieu":"En agglomération"}},{"type":"Feature","geometry":{"type":"Point","coordinates":[5.39567,43.8777]},"properties":{"annee":2019,"gravite":"leger","tues":0,"hospitalises":0,"legers":1,"total_blesses":1,"date":"07/09/2019 - 14h00","commune":"84003 - Apt","adresse":"Quai du Midi","milieu":"En agglomération"}},{"type":"Feature","geometry":{"type":"Point","coordinates":[4.85214,44.10825]},"properties":{"annee":2019,"gravite":"grave","tues":0,"hospitalises":1,"legers":0,"total_blesses":1,"date":"06/09/2019 - 03h40","commune":"84087 - Orange","adresse":"AVIGNON (ROUTE D')","milieu":"Hors agglomération"}},{"type":"Feature","geometry":{"type":"Point","coordinates":[4.91327,44.13199]},"properties":{"annee":2019,"gravite":"grave","tues":0,"hospitalises":1,"legers":0,"total_blesses":1,"date":"03/03/2019 - 13h35","commune":"84056 - Jonquières","adresse":"impasse C X Martin","milieu":"En agglomération"}},{"type":"Feature","geometry":{"type":"Point","coordinates":[4.97004,44.37305]},"properties":{"annee":2019,"gravite":"mortel","tues":1,"hospitalises":0,"legers":1,"total_blesses":1,"date":"11/03/2019 - 20h45","commune":"84138 - Valréas","adresse":"RD 142","milieu":"Hors agglomération"}},{"type":"Feature","geometry":{"type":"Point","coordinates":[4.74254,44.31702]},"properties":{"annee":2019,"gravite":"leger","tues":0,"hospitalises":0,"legers":1,"total_blesses":1,"date":"07/03/2019 - 09h30","commune":"84019 - Bollène","adresse":"Avenue Jean Moulin","milieu":"En agglomération"}},{"type":"Feature","geometry":{"type":"Point","coordinates":[5.50868,43.72732]},"properties":{"annee":2019,"gravite":"leger","tues":0,"hospitalises":0,"legers":1,"total_blesses":1,"date":"21/12/2019 - 18h09","commune":"84089 - Pertuis","adresse":"Traverse de Souliere","milieu":"Hors agglomération"}},{"type":"Feature","geometry":{"type":"Point","coordinates":[4.82049,44.1285]},"properties":{"annee":2019,"gravite":"leger","tues":0,"hospitalises":0,"legers":2,"total_blesses":2,"date":"20/01/2019 - 16h00","commune":"84087 - Orange","adresse":"VERDUN (AVENUE DE)","milieu":"En agglomération"}},{"type":"Feature","geometry":{"type":"Point","coordinates":[5.65621,43.70434]},"properties":{"annee":2019,"gravite":"grave","tues":0,"hospitalises":2,"legers":4,"total_blesses":6,"date":"29/06/2019 - 10h15","commune":"84076 - Mirabeau","adresse":"place de la fontaine","milieu":"En agglomération"}},{"type":"Feature","geometry":{"type":"Point","coordinates":[4.89995,43.95776]},"properties":{"annee":2019,"gravite":"grave","tues":0,"hospitalises":1,"legers":1,"total_blesses":2,"date":"13/04/2019 - 19h20","commune":"84141 - Vedène","adresse":"Route de Morières","milieu":"Hors agglomération"}},{"type":"Feature","geometry":{"type":"Point","coordinates":[5.38316,43.89561]},"properties":{"annee":2019,"gravite":"grave","tues":0,"hospitalises":1,"legers":2,"total_blesses":3,"date":"28/07/2019 - 22h00","commune":"84003 - Apt","adresse":"D943","milieu":"Hors agglomération"}},{"type":"Feature","geometry":{"type":"Point","coordinates":[5.51558,43.69208]},"properties":{"annee":2019,"gravite":"grave","tues":0,"hospitalises":1,"legers":0,"total_blesses":1,"date":"13/11/2019 - 18h38","commune":"84089 - Pertuis","adresse":"Avenue Pierre Augier","milieu":"En agglomération"}},{"type":"Feature","geometry":{"type":"Point","coordinates":[4.79342,43.94259]},"properties":{"annee":2019,"gravite":"leger","tues":0,"hospitalises":0,"legers":1,"total_blesses":1,"date":"11/12/2019 - 21h15","commune":"84007 - Avignon","adresse":"C.De GAULLE (Rocade)","milieu":"En agglomération"}},{"type":"Feature","geometry":{"type":"Point","coordinates":[4.78077,44.13736]},"properties":{"annee":2019,"gravite":"grave","tues":0,"hospitalises":1,"legers":0,"total_blesses":1,"date":"04/10/2019 - 08h35","commune":"84087 - Orange","adresse":"MARTIGNAN (CHEMIN)","milieu":"En agglomération"}},{"type":"Feature","geometry":{"type":"Point","coordinates":[5.20789,43.8338]},"properties":{"annee":2019,"gravite":"mortel","tues":1,"hospitalises":0,"legers":0,"total_blesses":0,"date":"06/09/2019 - 19h20","commune":"84073 - Ménerbes","adresse":"D3 - PK 7+550","milieu":"Hors agglomération"}},{"type":"Feature","geometry":{"type":"Point","coordinates":[5.40231,43.88624]},"properties":{"annee":2019,"gravite":"grave","tues":0,"hospitalises":3,"legers":1,"total_blesses":4,"date":"07/09/2019 - 17h10","commune":"84003 - Apt","adresse":"Route Departementale 201","milieu":"Hors agglomération"}},{"type":"Feature","geometry":{"type":"Point","coordinates":[4.80825,44.14084]},"properties":{"annee":2019,"gravite":"grave","tues":0,"hospitalises":1,"legers":0,"total_blesses":1,"date":"23/07/2019 - 09h55","commune":"84087 - Orange","adresse":"BRIAND (COURS ARISTIDE)","milieu":"En agglomération"}},{"type":"Feature","geometry":{"type":"Point","coordinates":[4.8597,43.94951]},"properties":{"annee":2019,"gravite":"grave","tues":0,"hospitalises":1,"legers":0,"total_blesses":1,"date":"29/08/2019 - 09h15","commune":"84007 - Avignon","adresse":"REALPANIER (Rond point de)-MONTFAVET","milieu":"En agglomération"}},{"type":"Feature","geometry":{"type":"Point","coordinates":[4.94343,43.89408]},"properties":{"annee":2019,"gravite":"leger","tues":0,"hospitalises":0,"legers":1,"total_blesses":1,"date":"22/06/2019 - 16h00","commune":"84034 - Caumont-sur-Durance","adresse":"Avenue du général De Gaulle","milieu":"En agglomération"}},{"type":"Feature","geometry":{"type":"Point","coordinates":[4.87504,43.9253]},"properties":{"annee":2019,"gravite":"grave","tues":0,"hospitalises":1,"legers":0,"total_blesses":1,"date":"21/06/2019 - 08h20","commune":"84007 - Avignon","adresse":"RUE DES REVEUSES MFT","milieu":"En agglomération"}},{"type":"Feature","geometry":{"type":"Point","coordinates":[4.94451,43.89275]},"properties":{"annee":2019,"gravite":"leger","tues":0,"hospitalises":0,"legers":1,"total_blesses":1,"date":"11/11/2019 - 15h35","commune":"84034 - Caumont-sur-Durance","adresse":"1 Faubourg Saint Sébastien","milieu":"En agglomération"}},{"type":"Feature","geometry":{"type":"Point","coordinates":[4.84141,43.95541]},"properties":{"annee":2019,"gravite":"grave","tues":0,"hospitalises":1,"legers":0,"total_blesses":1,"date":"10/12/2019 - 10h50","commune":"84092 - Le Pontet","adresse":"99 Avenue Charles de Gaulle","milieu":"En agglomération"}},{"type":"Feature","geometry":{"type":"Point","coordinates":[4.93695,44.37347]},"properties":{"annee":2019,"gravite":"grave","tues":0,"hospitalises":1,"legers":0,"total_blesses":1,"date":"04/09/2019 - 17h25","commune":"84138 - Valréas","adresse":"Route de Richerenches","milieu":"Hors agglomération"}},{"type":"Feature","geometry":{"type":"Point","coordinates":[4.85839,43.96426]},"properties":{"annee":2019,"gravite":"grave","tues":0,"hospitalises":1,"legers":1,"total_blesses":2,"date":"25/06/2019 - 21h30","commune":"84092 - Le Pontet","adresse":"39 Avenue Théophile Delorme","milieu":"En agglomération"}},{"type":"Feature","geometry":{"type":"Point","coordinates":[5.20551,43.75194]},"properties":{"annee":2019,"gravite":"grave","tues":0,"hospitalises":1,"legers":0,"total_blesses":1,"date":"12/04/2019 - 07h55","commune":"84074 - Mérindol","adresse":"Chemin des Aires","milieu":"En agglomération"}},{"type":"Feature","geometry":{"type":"Point","coordinates":[4.91588,43.88924]},"properties":{"annee":2019,"gravite":"grave","tues":0,"hospitalises":1,"legers":1,"total_blesses":2,"date":"22/03/2019 - 01h05","commune":"84007 - Avignon","adresse":"BONPAS ( Pont)-MONTFAVET","milieu":"Hors agglomération"}},{"type":"Feature","geometry":{"type":"Point","coordinates":[5.06147,44.09972]},"properties":{"annee":2019,"gravite":"grave","tues":0,"hospitalises":1,"legers":0,"total_blesses":1,"date":"28/07/2019 - 11h10","commune":"84004 - Aubignan","adresse":"Route de Caromb","milieu":"Hors agglomération"}},{"type":"Feature","geometry":{"type":"Point","coordinates":[4.81251,43.94321]},"properties":{"annee":2019,"gravite":"leger","tues":0,"hospitalises":0,"legers":1,"total_blesses":1,"date":"07/11/2019 - 18h30","commune":"84007 - Avignon","adresse":"SAINT MICHEL (Boulevard)","milieu":"En agglomération"}},{"type":"Feature","geometry":{"type":"Point","coordinates":[5.16637,43.75516]},"properties":{"annee":2019,"gravite":"leger","tues":0,"hospitalises":0,"legers":2,"total_blesses":2,"date":"17/12/2019 - 07h40","commune":"84074 - Mérindol","adresse":"D973","milieu":"Hors agglomération"}},{"type":"Feature","geometry":{"type":"Point","coordinates":[5.06553,43.8737]},"properties":{"annee":2019,"gravite":"leger","tues":0,"hospitalises":0,"legers":3,"total_blesses":3,"date":"06/10/2019 - 16h45","commune":"84054 - L'Isle-sur-la-Sorgue","adresse":"3436 Chemin Romieu","milieu":"Hors agglomération"}},{"type":"Feature","geometry":{"type":"Point","coordinates":[4.80504,43.93744]},"properties":{"annee":2019,"gravite":"leger","tues":0,"hospitalises":0,"legers":5,"total_blesses":5,"date":"02/10/2019 - 19h40","commune":"84007 - Avignon","adresse":"MONCLAR (Avenue)","milieu":"En agglomération"}},{"type":"Feature","geometry":{"type":"Point","coordinates":[4.81778,43.94711]},"properties":{"annee":2019,"gravite":"grave","tues":0,"hospitalises":1,"legers":0,"total_blesses":1,"date":"29/09/2019 - 19h40","commune":"84007 - Avignon","adresse":"LIMBERT (Boulevard)","milieu":"En agglomération"}},{"type":"Feature","geometry":{"type":"Point","coordinates":[4.89463,43.99631]},"properties":{"annee":2019,"gravite":"grave","tues":0,"hospitalises":1,"legers":0,"total_blesses":1,"date":"24/06/2019 - 10h25","commune":"84129 - Sorgues","adresse":"Chemin de Sève","milieu":"En agglomération"}},{"type":"Feature","geometry":{"type":"Point","coordinates":[5.30408,43.74667]},"properties":{"annee":2019,"gravite":"leger","tues":0,"hospitalises":0,"legers":1,"total_blesses":1,"date":"22/01/2019 - 10h05","commune":"84065 - Lauris","adresse":"D973","milieu":"Hors agglomération"}},{"type":"Feature","geometry":{"type":"Point","coordinates":[5.10097,44.13018]},"properties":{"annee":2019,"gravite":"grave","tues":0,"hospitalises":1,"legers":0,"total_blesses":1,"date":"11/04/2019 - 11h00","commune":"84030 - Caromb","adresse":"D938","milieu":"Hors agglomération"}},{"type":"Feature","geometry":{"type":"Point","coordinates":[4.71165,44.23838]},"properties":{"annee":2019,"gravite":"mortel","tues":1,"hospitalises":0,"legers":0,"total_blesses":0,"date":"19/06/2019 - 11h30","commune":"84078 - Mondragon","adresse":"La ViaRhona","milieu":"Hors agglomération"}},{"type":"Feature","geometry":{"type":"Point","coordinates":[5.06372,43.80062]},"properties":{"annee":2019,"gravite":"grave","tues":0,"hospitalises":1,"legers":0,"total_blesses":1,"date":"04/10/2019 - 09h28","commune":"84038 - Cheval-Blanc","adresse":"Chemin des Gavois","milieu":"En agglomération"}},{"type":"Feature","geometry":{"type":"Point","coordinates":[5.06179,44.23707]},"properties":{"annee":2019,"gravite":"grave","tues":0,"hospitalises":1,"legers":0,"total_blesses":1,"date":"14/12/2019 - 01h45","commune":"84137 - Vaison-la-Romaine","adresse":"Avenue Ulysse Fabre","milieu":"En agglomération"}},{"type":"Feature","geometry":{"type":"Point","coordinates":[4.91038,43.94838]},"properties":{"annee":2019,"gravite":"grave","tues":0,"hospitalises":3,"legers":2,"total_blesses":5,"date":"14/12/2019 - 02h13","commune":"84081 - Morières-lès-Avignon","adresse":"Route des Portugaises","milieu":"Hors agglomération"}},{"type":"Feature","geometry":{"type":"Point","coordinates":[4.81577,43.92896]},"properties":{"annee":2019,"gravite":"grave","tues":0,"hospitalises":1,"legers":0,"total_blesses":1,"date":"29/10/2019 - 10h50","commune":"84007 - Avignon","adresse":"PAMARD (Rue Paul)","milieu":"En agglomération"}},{"type":"Feature","geometry":{"type":"Point","coordinates":[4.80509,43.93748]},"properties":{"annee":2019,"gravite":"grave","tues":0,"hospitalises":1,"legers":0,"total_blesses":1,"date":"25/10/2019 - 20h18","commune":"84007 - Avignon","adresse":"MONCLAR (Avenue)","milieu":"En agglomération"}},{"type":"Feature","geometry":{"type":"Point","coordinates":[5.34006,43.92503]},"properties":{"annee":2019,"gravite":"leger","tues":0,"hospitalises":0,"legers":1,"total_blesses":1,"date":"29/09/2019 - 05h40","commune":"84118 - Saint-Saturnin-lès-Apt","adresse":"Route de Roussillon","milieu":"Hors agglomération"}},{"type":"Feature","geometry":{"type":"Point","coordinates":[4.80496,44.14173]},"properties":{"annee":2019,"gravite":"grave","tues":0,"hospitalises":1,"legers":0,"total_blesses":1,"date":"29/08/2019 - 06h05","commune":"84087 - Orange","adresse":"ARC DE TRIOMPHE (AVENUE DE L')","milieu":"En agglomération"}},{"type":"Feature","geometry":{"type":"Point","coordinates":[5.01502,43.88053]},"properties":{"annee":2019,"gravite":"leger","tues":0,"hospitalises":0,"legers":2,"total_blesses":2,"date":"30/03/2019 - 05h52","commune":"84035 - Cavaillon","adresse":"ISLE/SORGUE-RD 938 (ROUTE DE L')","milieu":"Hors agglomération"}},{"type":"Feature","geometry":{"type":"Point","coordinates":[5.07469,43.84305]},"properties":{"annee":2019,"gravite":"grave","tues":0,"hospitalises":1,"legers":0,"total_blesses":1,"date":"29/03/2019 - 14h47","commune":"84035 - Cavaillon","adresse":"ROBION-RD2 (ROUTE DE)","milieu":"Hors agglomération"}},{"type":"Feature","geometry":{"type":"Point","coordinates":[5.06581,44.03947]},"properties":{"annee":2019,"gravite":"grave","tues":0,"hospitalises":1,"legers":0,"total_blesses":1,"date":"03/03/2019 - 10h30","commune":"84031 - Carpentras","adresse":"COMTAT VENAISSIN","milieu":"Hors agglomération"}},{"type":"Feature","geometry":{"type":"Point","coordinates":[4.8273,43.9408]},"properties":{"annee":2019,"gravite":"grave","tues":0,"hospitalises":1,"legers":0,"total_blesses":1,"date":"02/12/2019 - 20h00","commune":"84007 - Avignon","adresse":"MONTFAVET (Route)","milieu":"Hors agglomération"}},{"type":"Feature","geometry":{"type":"Point","coordinates":[4.83019,43.93129]},"properties":{"annee":2019,"gravite":"grave","tues":0,"hospitalises":1,"legers":0,"total_blesses":1,"date":"29/11/2019 - 12h30","commune":"84007 - Avignon","adresse":"CROIX ROUGE( Avenue de la )","milieu":"En agglomération"}},{"type":"Feature","geometry":{"type":"Point","coordinates":[5.07634,43.80902]},"properties":{"annee":2019,"gravite":"grave","tues":0,"hospitalises":1,"legers":0,"total_blesses":1,"date":"22/06/2019 - 22h05","commune":"84038 - Cheval-Blanc","adresse":"D 31","milieu":"Hors agglomération"}},{"type":"Feature","geometry":{"type":"Point","coordinates":[5.00023,44.07594]},"properties":{"annee":2019,"gravite":"grave","tues":0,"hospitalises":1,"legers":0,"total_blesses":1,"date":"27/09/2019 - 19h05","commune":"84067 - Loriol-du-Comtat","adresse":"place de la mairie","milieu":"En agglomération"}},{"type":"Feature","geometry":{"type":"Point","coordinates":[5.02848,43.95748]},"properties":{"annee":2019,"gravite":"grave","tues":0,"hospitalises":1,"legers":0,"total_blesses":1,"date":"17/01/2019 - 16h30","commune":"84142 - Velleron","adresse":"D938","milieu":"Hors agglomération"}},{"type":"Feature","geometry":{"type":"Point","coordinates":[4.83173,43.93394]},"properties":{"annee":2019,"gravite":"leger","tues":0,"hospitalises":0,"legers":3,"total_blesses":3,"date":"14/07/2019 - 23h13","commune":"84007 - Avignon","adresse":"MARSEILLE (Route de )","milieu":"En agglomération"}},{"type":"Feature","geometry":{"type":"Point","coordinates":[4.8176,43.9468]},"properties":{"annee":2019,"gravite":"leger","tues":0,"hospitalises":0,"legers":6,"total_blesses":6,"date":"17/07/2019 - 01h25","commune":"84007 - Avignon","adresse":"LIMBERT (Boulevard)","milieu":"En agglomération"}},{"type":"Feature","geometry":{"type":"Point","coordinates":[5.51602,43.84839]},"properties":{"annee":2019,"gravite":"grave","tues":0,"hospitalises":1,"legers":0,"total_blesses":1,"date":"16/06/2019 - 17h30","commune":"84112 - Saint-Martin-de-Castillon","adresse":"Le Boisset","milieu":"En agglomération"}},{"type":"Feature","geometry":{"type":"Point","coordinates":[5.27543,44.21193]},"properties":{"annee":2019,"gravite":"grave","tues":0,"hospitalises":1,"legers":0,"total_blesses":1,"date":"24/08/2019 - 02h55","commune":"84110 - Saint-Léger-du-Ventoux","adresse":"Route départementale 40","milieu":"Hors agglomération"}},{"type":"Feature","geometry":{"type":"Point","coordinates":[5.10147,43.88983]},"properties":{"annee":2019,"gravite":"grave","tues":0,"hospitalises":1,"legers":1,"total_blesses":2,"date":"04/04/2019 - 15h15","commune":"84062 - Lagnes","adresse":"D24","milieu":"Hors agglomération"}},{"type":"Feature","geometry":{"type":"Point","coordinates":[4.84728,43.9317]},"properties":{"annee":2019,"gravite":"grave","tues":0,"hospitalises":1,"legers":0,"total_blesses":1,"date":"08/01/2019 - 16h30","commune":"84007 - Avignon","adresse":"AMANDIER (Avenue de l')","milieu":"En agglomération"}},{"type":"Feature","geometry":{"type":"Point","coordinates":[4.9227,43.9673]},"properties":{"annee":2019,"gravite":"leger","tues":0,"hospitalises":0,"legers":2,"total_blesses":2,"date":"27/09/2019 - 22h35","commune":"84141 - Vedène","adresse":"avenue charles de gaulle","milieu":"Hors agglomération"}},{"type":"Feature","geometry":{"type":"Point","coordinates":[4.98791,43.95105]},"properties":{"annee":2019,"gravite":"leger","tues":0,"hospitalises":0,"legers":1,"total_blesses":1,"date":"01/04/2019 - 17h45","commune":"84132 - Le Thor","adresse":"route d'orange","milieu":"En agglomération"}},{"type":"Feature","geometry":{"type":"Point","coordinates":[4.82596,43.95094]},"properties":{"annee":2019,"gravite":"grave","tues":0,"hospitalises":1,"legers":0,"total_blesses":1,"date":"20/02/2019 - 18h55","commune":"84007 - Avignon","adresse":"LYON (route de )","milieu":"En agglomération"}},{"type":"Feature","geometry":{"type":"Point","coordinates":[4.81585,43.93802]},"properties":{"annee":2019,"gravite":"leger","tues":0,"hospitalises":0,"legers":1,"total_blesses":1,"date":"05/01/2019 - 11h40","commune":"84007 - Avignon","adresse":"SOURCES (Avenue des)","milieu":"En agglomération"}},{"type":"Feature","geometry":{"type":"Point","coordinates":[4.7251,44.20276]},"properties":{"annee":2019,"gravite":"mortel","tues":1,"hospitalises":0,"legers":0,"total_blesses":0,"date":"29/09/2019 - 06h30","commune":"84083 - Mornas","adresse":"A7","milieu":"Hors agglomération"}},{"type":"Feature","geometry":{"type":"Point","coordinates":[4.76713,44.16182]},"properties":{"annee":2019,"gravite":"leger","tues":0,"hospitalises":0,"legers":2,"total_blesses":2,"date":"24/08/2019 - 09h15","commune":"84091 - Piolenc","adresse":"A7 - PK 163+500 - Sens Nord / Sud","milieu":"Hors agglomération"}},{"type":"Feature","geometry":{"type":"Point","coordinates":[4.68854,44.30356]},"properties":{"annee":2019,"gravite":"grave","tues":0,"hospitalises":1,"legers":0,"total_blesses":1,"date":"31/08/2019 - 19h15","commune":"84064 - Lapalud","adresse":"D8","milieu":"Hors agglomération"}},{"type":"Feature","geometry":{"type":"Point","coordinates":[4.75204,44.28825]},"properties":{"annee":2019,"gravite":"grave","tues":0,"hospitalises":1,"legers":0,"total_blesses":1,"date":"27/08/2019 - 06h36","commune":"84019 - Bollène","adresse":"Rond-Point des Portes de Provence","milieu":"En agglomération"}},{"type":"Feature","geometry":{"type":"Point","coordinates":[5.51148,43.85921]},"properties":{"annee":2019,"gravite":"grave","tues":0,"hospitalises":1,"legers":0,"total_blesses":1,"date":"31/08/2019 - 04h30","commune":"84112 - Saint-Martin-de-Castillon","adresse":"CD900","milieu":"Hors agglomération"}},{"type":"Feature","geometry":{"type":"Point","coordinates":[4.83291,43.92249]},"properties":{"annee":2019,"gravite":"mortel","tues":1,"hospitalises":0,"legers":0,"total_blesses":0,"date":"01/04/2019 - 13h15","commune":"84007 - Avignon","adresse":"GRANDE CHAUSSEE (chemin de la)","milieu":"Hors agglomération"}},{"type":"Feature","geometry":{"type":"Point","coordinates":[4.99895,44.05464]},"properties":{"annee":2019,"gravite":"grave","tues":0,"hospitalises":1,"legers":1,"total_blesses":2,"date":"16/07/2019 - 17h20","commune":"84080 - Monteux","adresse":"LORIOL ROUTE DE","milieu":"Hors agglomération"}},{"type":"Feature","geometry":{"type":"Point","coordinates":[5.29583,43.86353]},"properties":{"annee":2019,"gravite":"mortel","tues":1,"hospitalises":0,"legers":0,"total_blesses":0,"date":"18/07/2019 - 06h30","commune":"84102 - Roussillon","adresse":"D900","milieu":"Hors agglomération"}},{"type":"Feature","geometry":{"type":"Point","coordinates":[4.80088,44.13609]},"properties":{"annee":2019,"gravite":"grave","tues":0,"hospitalises":1,"legers":0,"total_blesses":1,"date":"01/06/2019 - 08h55","commune":"84087 - Orange","adresse":"LIBERATION (PLACE DE LA)","milieu":"En agglomération"}},{"type":"Feature","geometry":{"type":"Point","coordinates":[5.07474,43.8431]},"properties":{"annee":2019,"gravite":"grave","tues":0,"hospitalises":1,"legers":0,"total_blesses":1,"date":"16/09/2019 - 09h26","commune":"84035 - Cavaillon","adresse":"ROBION-RD2 (ROUTE DE)","milieu":"Hors agglomération"}},{"type":"Feature","geometry":{"type":"Point","coordinates":[4.9846,43.8846]},"properties":{"annee":2019,"gravite":"mortel","tues":1,"hospitalises":2,"legers":0,"total_blesses":2,"date":"06/07/2019 - 05h59","commune":"84035 - Cavaillon","adresse":"BANON (ROUTE DE)","milieu":"Hors agglomération"}},{"type":"Feature","geometry":{"type":"Point","coordinates":[4.80742,43.94512]},"properties":{"annee":2019,"gravite":"grave","tues":0,"hospitalises":1,"legers":0,"total_blesses":1,"date":"11/04/2019 - 20h34","commune":"84007 - Avignon","adresse":"TROIS FAUCONS (rue des)","milieu":"En agglomération"}},{"type":"Feature","geometry":{"type":"Point","coordinates":[4.81129,43.92652]},"properties":{"annee":2019,"gravite":"grave","tues":0,"hospitalises":1,"legers":0,"total_blesses":1,"date":"21/05/2019 - 14h00","commune":"84007 - Avignon","adresse":"ARBAUD (RUE JOSEPH D')","milieu":"En agglomération"}},{"type":"Feature","geometry":{"type":"Point","coordinates":[4.81737,43.9465]},"properties":{"annee":2019,"gravite":"grave","tues":0,"hospitalises":1,"legers":0,"total_blesses":1,"date":"21/03/2019 - 10h38","commune":"84007 - Avignon","adresse":"LIMBERT (Boulevard)","milieu":"En agglomération"}},{"type":"Feature","geometry":{"type":"Point","coordinates":[4.8749,43.97959]},"properties":{"annee":2019,"gravite":"leger","tues":0,"hospitalises":0,"legers":1,"total_blesses":1,"date":"23/02/2019 - 14h30","commune":"84092 - Le Pontet","adresse":"AVENUE DE SAINT TRONQUET","milieu":"En agglomération"}},{"type":"Feature","geometry":{"type":"Point","coordinates":[4.98175,43.91946]},"properties":{"annee":2019,"gravite":"grave","tues":0,"hospitalises":1,"legers":0,"total_blesses":1,"date":"05/11/2019 - 15h42","commune":"84132 - Le Thor","adresse":"19 Chemin de Tourraque","milieu":"Hors agglomération"}},{"type":"Feature","geometry":{"type":"Point","coordinates":[4.7134,44.22735]},"properties":{"annee":2019,"gravite":"leger","tues":0,"hospitalises":0,"legers":1,"total_blesses":1,"date":"05/11/2019 - 16h15","commune":"84078 - Mondragon","adresse":"Avenue Henri Benissa","milieu":"Hors agglomération"}},{"type":"Feature","geometry":{"type":"Point","coordinates":[4.88243,44.09188]},"properties":{"annee":2019,"gravite":"grave","tues":0,"hospitalises":1,"legers":0,"total_blesses":1,"date":"26/09/2019 - 21h50","commune":"84039 - Courthézon","adresse":"444 Boulevard Jean Vilar","milieu":"En agglomération"}},{"type":"Feature","geometry":{"type":"Point","coordinates":[4.9942,44.03443]},"properties":{"annee":2019,"gravite":"grave","tues":0,"hospitalises":1,"legers":0,"total_blesses":1,"date":"06/06/2019 - 09h00","commune":"84080 - Monteux","adresse":"BELLE CROIX BOULEVARD","milieu":"En agglomération"}},{"type":"Feature","geometry":{"type":"Point","coordinates":[4.9533,44.07497]},"properties":{"annee":2019,"gravite":"grave","tues":0,"hospitalises":1,"legers":0,"total_blesses":1,"date":"07/12/2019 - 11h45","commune":"84122 - Sarrians","adresse":"Route de Bédarrides","milieu":"En agglomération"}},{"type":"Feature","geometry":{"type":"Point","coordinates":[5.03881,43.97433]},"properties":{"annee":2019,"gravite":"grave","tues":0,"hospitalises":1,"legers":0,"total_blesses":1,"date":"28/05/2019 - 12h30","commune":"84142 - Velleron","adresse":"Route de l'Isle Sur la Sorgue","milieu":"Hors agglomération"}},{"type":"Feature","geometry":{"type":"Point","coordinates":[5.0811,44.24211]},"properties":{"annee":2019,"gravite":"grave","tues":0,"hospitalises":1,"legers":0,"total_blesses":1,"date":"23/02/2019 - 20h00","commune":"84137 - Vaison-la-Romaine","adresse":"avenue victor hugo","milieu":"En agglomération"}},{"type":"Feature","geometry":{"type":"Point","coordinates":[5.12432,44.18395]},"properties":{"annee":2019,"gravite":"grave","tues":0,"hospitalises":1,"legers":0,"total_blesses":1,"date":"22/02/2019 - 17h45","commune":"84069 - Malaucène","adresse":"D938 PK 9 + 400","milieu":"Hors agglomération"}},{"type":"Feature","geometry":{"type":"Point","coordinates":[4.98977,44.38406]},"properties":{"annee":2019,"gravite":"grave","tues":0,"hospitalises":1,"legers":2,"total_blesses":3,"date":"28/09/2019 - 19h40","commune":"84138 - Valréas","adresse":"DEPARTEMENTALE 941","milieu":"Hors agglomération"}},{"type":"Feature","geometry":{"type":"Point","coordinates":[4.80192,43.95058]},"properties":{"annee":2019,"gravite":"grave","tues":0,"hospitalises":1,"legers":0,"total_blesses":1,"date":"14/08/2019 - 09h15","commune":"84007 - Avignon","adresse":"OULLE (Allées de l')","milieu":"En agglomération"}},{"type":"Feature","geometry":{"type":"Point","coordinates":[4.88521,43.93775]},"properties":{"annee":2019,"gravite":"mortel","tues":3,"hospitalises":1,"legers":0,"total_blesses":1,"date":"23/08/2019 - 00h05","commune":"84007 - Avignon","adresse":"VERTES RIVES (Avenue des ) - MONTFAVET","milieu":"En agglomération"}},{"type":"Feature","geometry":{"type":"Point","coordinates":[4.90869,43.94503]},"properties":{"annee":2019,"gravite":"grave","tues":0,"hospitalises":1,"legers":0,"total_blesses":1,"date":"31/03/2019 - 06h00","commune":"84081 - Morières-lès-Avignon","adresse":"Route des Portugaises","milieu":"En agglomération"}},{"type":"Feature","geometry":{"type":"Point","coordinates":[5.34619,43.78483]},"properties":{"annee":2019,"gravite":"leger","tues":0,"hospitalises":0,"legers":6,"total_blesses":6,"date":"01/11/2019 - 18h00","commune":"84068 - Lourmarin","adresse":"D943","milieu":"Hors agglomération"}},{"type":"Feature","geometry":{"type":"Point","coordinates":[5.4825,43.68975]},"properties":{"annee":2019,"gravite":"mortel","tues":1,"hospitalises":0,"legers":0,"total_blesses":0,"date":"09/01/2019 - 14h30","commune":"84089 - Pertuis","adresse":"VC du VIDALET","milieu":"Hors agglomération"}},{"type":"Feature","geometry":{"type":"Point","coordinates":[5.30593,43.82233]},"properties":{"annee":2019,"gravite":"leger","tues":0,"hospitalises":0,"legers":1,"total_blesses":1,"date":"19/08/2019 - 11h30","commune":"84020 - Bonnieux","adresse":"D943 COL DU POINTU","milieu":"Hors agglomération"}},{"type":"Feature","geometry":{"type":"Point","coordinates":[5.02978,43.92726]},"properties":{"annee":2019,"gravite":"grave","tues":0,"hospitalises":1,"legers":0,"total_blesses":1,"date":"13/07/2019 - 13h15","commune":"84132 - Le Thor","adresse":"D31","milieu":"Hors agglomération"}},{"type":"Feature","geometry":{"type":"Point","coordinates":[5.14687,44.16071]},"properties":{"annee":2019,"gravite":"grave","tues":0,"hospitalises":1,"legers":0,"total_blesses":1,"date":"17/06/2019 - 13h16","commune":"84069 - Malaucène","adresse":"Rocher du Portail St Jean","milieu":"Hors agglomération"}},{"type":"Feature","geometry":{"type":"Point","coordinates":[5.30095,43.94578]},"properties":{"annee":2019,"gravite":"grave","tues":0,"hospitalises":1,"legers":0,"total_blesses":1,"date":"25/05/2019 - 12h10","commune":"84066 - Lioux","adresse":"Route de Javon","milieu":"Hors agglomération"}},{"type":"Feature","geometry":{"type":"Point","coordinates":[5.24131,43.96887]},"properties":{"annee":2019,"gravite":"leger","tues":0,"hospitalises":0,"legers":1,"total_blesses":1,"date":"25/05/2019 - 12h25","commune":"84085 - Murs","adresse":"D4","milieu":"Hors agglomération"}},{"type":"Feature","geometry":{"type":"Point","coordinates":[4.85324,44.09735]},"properties":{"annee":2019,"gravite":"grave","tues":0,"hospitalises":2,"legers":0,"total_blesses":2,"date":"20/02/2019 - 17h45","commune":"84039 - Courthézon","adresse":"D72","milieu":"Hors agglomération"}},{"type":"Feature","geometry":{"type":"Point","coordinates":[4.90271,43.95065]},"properties":{"annee":2019,"gravite":"grave","tues":0,"hospitalises":2,"legers":0,"total_blesses":2,"date":"08/01/2019 - 11h20","commune":"84081 - Morières-lès-Avignon","adresse":"Rue Gérard Philippe","milieu":"En agglomération"}},{"type":"Feature","geometry":{"type":"Point","coordinates":[4.98533,43.92639]},"properties":{"annee":2019,"gravite":"grave","tues":0,"hospitalises":1,"legers":2,"total_blesses":3,"date":"26/09/2019 - 09h00","commune":"84132 - Le Thor","adresse":"D25","milieu":"Hors agglomération"}},{"type":"Feature","geometry":{"type":"Point","coordinates":[5.30675,43.74589]},"properties":{"annee":2019,"gravite":"grave","tues":0,"hospitalises":1,"legers":0,"total_blesses":1,"date":"25/08/2019 - 12h45","commune":"84065 - Lauris","adresse":"ROUTE E CAVAILLON","milieu":"Hors agglomération"}},{"type":"Feature","geometry":{"type":"Point","coordinates":[4.81699,43.93149]},"properties":{"annee":2019,"gravite":"grave","tues":0,"hospitalises":1,"legers":0,"total_blesses":1,"date":"09/07/2019 - 19h00","commune":"84007 - Avignon","adresse":"CHEVALIER de FOLARD (avenue du)","milieu":"En agglomération"}},{"type":"Feature","geometry":{"type":"Point","coordinates":[4.83451,44.0585]},"properties":{"annee":2019,"gravite":"leger","tues":0,"hospitalises":0,"legers":1,"total_blesses":1,"date":"15/10/2019 - 19h00","commune":"84037 - Châteauneuf-du-Pape","adresse":"27 Avenue General de Gaulle","milieu":"En agglomération"}},{"type":"Feature","geometry":{"type":"Point","coordinates":[4.91591,43.89682]},"properties":{"annee":2019,"gravite":"mortel","tues":2,"hospitalises":0,"legers":1,"total_blesses":1,"date":"20/02/2019 - 16h15","commune":"84007 - Avignon","adresse":"A7 PK198+000","milieu":"Hors agglomération"}},{"type":"Feature","geometry":{"type":"Point","coordinates":[5.02844,43.95717]},"properties":{"annee":2019,"gravite":"grave","tues":0,"hospitalises":1,"legers":0,"total_blesses":1,"date":"15/02/2019 - 18h20","commune":"84142 - Velleron","adresse":"D31","milieu":"Hors agglomération"}},{"type":"Feature","geometry":{"type":"Point","coordinates":[4.87954,43.98403]},"properties":{"annee":2019,"gravite":"leger","tues":0,"hospitalises":0,"legers":1,"total_blesses":1,"date":"04/01/2019 - 15h47","commune":"84092 - Le Pontet","adresse":"AVENUE JULES VERNE","milieu":"En agglomération"}},{"type":"Feature","geometry":{"type":"Point","coordinates":[4.80245,43.95072]},"properties":{"annee":2019,"gravite":"grave","tues":0,"hospitalises":1,"legers":0,"total_blesses":1,"date":"03/01/2019 - 19h15","commune":"84007 - Avignon","adresse":"RHONE (Boulevard du )","milieu":"En agglomération"}},{"type":"Feature","geometry":{"type":"Point","coordinates":[4.82856,43.94668]},"properties":{"annee":2019,"gravite":"grave","tues":0,"hospitalises":1,"legers":0,"total_blesses":1,"date":"01/01/2019 - 16h30","commune":"84007 - Avignon","adresse":"WETZLAR (Avenue de )","milieu":"En agglomération"}},{"type":"Feature","geometry":{"type":"Point","coordinates":[4.86475,44.19522]},"properties":{"annee":2019,"gravite":"grave","tues":0,"hospitalises":1,"legers":0,"total_blesses":1,"date":"12/07/2019 - 22h00","commune":"84127 - Sérignan-du-Comtat","adresse":"1872 Route de Sainte-Cécile","milieu":"Hors agglomération"}},{"type":"Feature","geometry":{"type":"Point","coordinates":[5.06211,43.99736]},"properties":{"annee":2019,"gravite":"grave","tues":0,"hospitalises":1,"legers":0,"total_blesses":1,"date":"04/12/2019 - 15h30","commune":"84088 - Pernes-les-Fontaines","adresse":"COURS DE LA RÉPUBLIQUE","milieu":"En agglomération"}},{"type":"Feature","geometry":{"type":"Point","coordinates":[5.07982,43.86079]},"properties":{"annee":2019,"gravite":"leger","tues":0,"hospitalises":0,"legers":1,"total_blesses":1,"date":"03/12/2019 - 09h15","commune":"84099 - Robion","adresse":"chemin des mulets","milieu":"En agglomération"}},{"type":"Feature","geometry":{"type":"Point","coordinates":[5.08368,44.01923]},"properties":{"annee":2019,"gravite":"mortel","tues":1,"hospitalises":0,"legers":0,"total_blesses":0,"date":"02/01/2019 - 11h45","commune":"84088 - Pernes-les-Fontaines","adresse":"N°4268 route de mazan","milieu":"Hors agglomération"}},{"type":"Feature","geometry":{"type":"Point","coordinates":[4.94247,44.00666]},"properties":{"annee":2019,"gravite":"grave","tues":0,"hospitalises":1,"legers":2,"total_blesses":3,"date":"27/03/2019 - 15h20","commune":"84043 - Entraigues-sur-la-Sorgue","adresse":"27 Avenue des Valayans","milieu":"En agglomération"}},{"type":"Feature","geometry":{"type":"Point","coordinates":[5.00482,43.90069]},"properties":{"annee":2019,"gravite":"grave","tues":0,"hospitalises":1,"legers":2,"total_blesses":3,"date":"03/12/2019 - 19h19","commune":"84132 - Le Thor","adresse":"2374 Route de Cavaillon","milieu":"Hors agglomération"}},{"type":"Feature","geometry":{"type":"Point","coordinates":[5.50368,43.69133]},"properties":{"annee":2019,"gravite":"grave","tues":0,"hospitalises":1,"legers":0,"total_blesses":1,"date":"30/11/2019 - 15h25","commune":"84089 - Pertuis","adresse":"Boulevard Ledru Rollin","milieu":"En agglomération"}},{"type":"Feature","geometry":{"type":"Point","coordinates":[4.89459,43.97325]},"properties":{"annee":2019,"gravite":"grave","tues":0,"hospitalises":1,"legers":0,"total_blesses":1,"date":"03/12/2019 - 16h00","commune":"84141 - Vedène","adresse":"Av Maurice et Marguerite Vidier","milieu":"Hors agglomération"}},{"type":"Feature","geometry":{"type":"Point","coordinates":[5.3628,43.885]},"properties":{"annee":2019,"gravite":"grave","tues":0,"hospitalises":1,"legers":0,"total_blesses":1,"date":"02/01/2019 - 07h57","commune":"84003 - Apt","adresse":"D900","milieu":"Hors agglomération"}},{"type":"Feature","geometry":{"type":"Point","coordinates":[4.96381,44.38388]},"properties":{"annee":2019,"gravite":"grave","tues":0,"hospitalises":1,"legers":0,"total_blesses":1,"date":"29/05/2019 - 17h05","commune":"84138 - Valréas","adresse":"Chemin des Estimeurs Nord Ouest","milieu":"En agglomération"}},{"type":"Feature","geometry":{"type":"Point","coordinates":[4.68823,44.30503]},"properties":{"annee":2019,"gravite":"grave","tues":0,"hospitalises":1,"legers":0,"total_blesses":1,"date":"11/05/2019 - 21h25","commune":"84064 - Lapalud","adresse":"Place du Chateau","milieu":"En agglomération"}},{"type":"Feature","geometry":{"type":"Point","coordinates":[5.34724,43.90583]},"properties":{"annee":2019,"gravite":"leger","tues":0,"hospitalises":0,"legers":2,"total_blesses":2,"date":"13/05/2019 - 19h45","commune":"84047 - Gargas","adresse":"Route de Croagne","milieu":"Hors agglomération"}},{"type":"Feature","geometry":{"type":"Point","coordinates":[5.37867,43.87681]},"properties":{"annee":2019,"gravite":"grave","tues":0,"hospitalises":2,"legers":0,"total_blesses":2,"date":"01/05/2019 - 16h45","commune":"84003 - Apt","adresse":"Avenue de Marseille","milieu":"En agglomération"}},{"type":"Feature","geometry":{"type":"Point","coordinates":[5.38098,43.88558]},"properties":{"annee":2019,"gravite":"leger","tues":0,"hospitalises":0,"legers":2,"total_blesses":2,"date":"30/04/2019 - 16h50","commune":"84003 - Apt","adresse":"RD943,  après le pont de la piste cyclabe","milieu":"En agglomération"}},{"type":"Feature","geometry":{"type":"Point","coordinates":[5.39243,43.87647]},"properties":{"annee":2019,"gravite":"leger","tues":0,"hospitalises":0,"legers":1,"total_blesses":1,"date":"18/04/2019 - 17h10","commune":"84003 - Apt","adresse":"Avenue Philippe de Girard","milieu":"En agglomération"}},{"type":"Feature","geometry":{"type":"Point","coordinates":[4.89787,44.03995]},"properties":{"annee":2019,"gravite":"mortel","tues":1,"hospitalises":0,"legers":4,"total_blesses":4,"date":"12/05/2019 - 14h05","commune":"84016 - Bédarrides","adresse":"RD 907","milieu":"Hors agglomération"}},{"type":"Feature","geometry":{"type":"Point","coordinates":[4.99381,43.92841]},"properties":{"annee":2019,"gravite":"grave","tues":0,"hospitalises":1,"legers":0,"total_blesses":1,"date":"18/05/2019 - 07h20","commune":"84132 - Le Thor","adresse":"intersection Lotissement Le Bastidon // Route des vignères","milieu":"En agglomération"}},{"type":"Feature","geometry":{"type":"Point","coordinates":[4.88306,44.11684]},"properties":{"annee":2019,"gravite":"grave","tues":0,"hospitalises":1,"legers":3,"total_blesses":4,"date":"17/08/2019 - 15h55","commune":"84056 - Jonquières","adresse":"D950A","milieu":"En agglomération"}},{"type":"Feature","geometry":{"type":"Point","coordinates":[4.96483,43.88716]},"properties":{"annee":2019,"gravite":"grave","tues":0,"hospitalises":1,"legers":0,"total_blesses":1,"date":"02/08/2019 - 15h30","commune":"84034 - Caumont-sur-Durance","adresse":"Avenue Maréchal Leclerc","milieu":"Hors agglomération"}},{"type":"Feature","geometry":{"type":"Point","coordinates":[4.80491,44.13631]},"properties":{"annee":2019,"gravite":"mortel","tues":1,"hospitalises":0,"legers":1,"total_blesses":1,"date":"05/08/2019 - 10h45","commune":"84087 - Orange","adresse":"BRIAND (COURS ARISTIDE)","milieu":"En agglomération"}},{"type":"Feature","geometry":{"type":"Point","coordinates":[4.79815,44.12855]},"properties":{"annee":2019,"gravite":"grave","tues":0,"hospitalises":1,"legers":0,"total_blesses":1,"date":"02/08/2019 - 10h05","commune":"84087 - Orange","adresse":"DARDUN (RUE CHARLES)","milieu":"En agglomération"}},{"type":"Feature","geometry":{"type":"Point","coordinates":[5.49719,43.67102]},"properties":{"annee":2019,"gravite":"mortel","tues":1,"hospitalises":0,"legers":1,"total_blesses":1,"date":"27/03/2019 - 18h20","commune":"84089 - Pertuis","adresse":"Rond point d'Alton route d'aix","milieu":"Hors agglomération"}},{"type":"Feature","geometry":{"type":"Point","coordinates":[5.35582,43.82539]},"properties":{"annee":2020,"gravite":"grave","tues":0,"hospitalises":1,"legers":0,"total_blesses":1,"date":"08/03/2020 - 15h30","commune":"84020 - Bonnieux","adresse":"D943","milieu":"Hors agglomération"}},{"type":"Feature","geometry":{"type":"Point","coordinates":[4.81784,43.9414]},"properties":{"annee":2020,"gravite":"grave","tues":0,"hospitalises":1,"legers":0,"total_blesses":1,"date":"05/03/2020 - 17h48","commune":"84007 - Avignon","adresse":"PIERRE SEMARD (avenue)","milieu":"En agglomération"}},{"type":"Feature","geometry":{"type":"Point","coordinates":[4.82764,43.95807]},"properties":{"annee":2020,"gravite":"leger","tues":0,"hospitalises":0,"legers":2,"total_blesses":2,"date":"04/03/2020 - 14h15","commune":"84007 - Avignon","adresse":"RD225  (route touristique)","milieu":"Hors agglomération"}},{"type":"Feature","geometry":{"type":"Point","coordinates":[4.82854,43.93018]},"properties":{"annee":2020,"gravite":"leger","tues":0,"hospitalises":0,"legers":1,"total_blesses":1,"date":"03/03/2020 - 18h10","commune":"84007 - Avignon","adresse":"RUE HOSEPH DE MONTGOLFIER","milieu":"En agglomération"}},{"type":"Feature","geometry":{"type":"Point","coordinates":[5.38553,43.86339]},"properties":{"annee":2020,"gravite":"mortel","tues":1,"hospitalises":0,"legers":0,"total_blesses":0,"date":"24/06/2020 - 20h15","commune":"84003 - Apt","adresse":"Route de Buoux","milieu":"Hors agglomération"}},{"type":"Feature","geometry":{"type":"Point","coordinates":[4.80625,44.13876]},"properties":{"annee":2020,"gravite":"grave","tues":0,"hospitalises":1,"legers":0,"total_blesses":1,"date":"17/06/2020 - 09h45","commune":"84087 - Orange","adresse":"DALADIER (BD EDOUARD)","milieu":"En agglomération"}},{"type":"Feature","geometry":{"type":"Point","coordinates":[4.80772,44.13594]},"properties":{"annee":2020,"gravite":"grave","tues":0,"hospitalises":1,"legers":0,"total_blesses":1,"date":"17/06/2020 - 07h38","commune":"84087 - Orange","adresse":"ROCH (RUE MADELEINE)","milieu":"En agglomération"}},{"type":"Feature","geometry":{"type":"Point","coordinates":[5.30592,43.93048]},"properties":{"annee":2020,"gravite":"grave","tues":0,"hospitalises":1,"legers":0,"total_blesses":1,"date":"17/10/2020 - 16h50","commune":"84057 - Joucas","adresse":"D2","milieu":"Hors agglomération"}},{"type":"Feature","geometry":{"type":"Point","coordinates":[4.82654,43.93672]},"properties":{"annee":2020,"gravite":"grave","tues":0,"hospitalises":1,"legers":0,"total_blesses":1,"date":"12/08/2020 - 20h10","commune":"84007 - Avignon","adresse":"PIERRE SEMARD (avenue)","milieu":"En agglomération"}},{"type":"Feature","geometry":{"type":"Point","coordinates":[5.39476,43.87718]},"properties":{"annee":2020,"gravite":"grave","tues":0,"hospitalises":1,"legers":0,"total_blesses":1,"date":"18/12/2020 - 17h45","commune":"84003 - Apt","adresse":"Quai de la Liberté","milieu":"En agglomération"}},{"type":"Feature","geometry":{"type":"Point","coordinates":[5.14701,43.8511]},"properties":{"annee":2020,"gravite":"grave","tues":0,"hospitalises":1,"legers":1,"total_blesses":2,"date":"10/12/2020 - 14h10","commune":"84086 - Oppède","adresse":"Route de Menerbes","milieu":"Hors agglomération"}},{"type":"Feature","geometry":{"type":"Point","coordinates":[5.074,44.24112]},"properties":{"annee":2020,"gravite":"grave","tues":0,"hospitalises":1,"legers":0,"total_blesses":1,"date":"18/11/2020 - 10h40","commune":"84137 - Vaison-la-Romaine","adresse":"Avenue du Général de Gaulle","milieu":"En agglomération"}},{"type":"Feature","geometry":{"type":"Point","coordinates":[4.81952,43.95102]},"properties":{"annee":2020,"gravite":"grave","tues":0,"hospitalises":1,"legers":0,"total_blesses":1,"date":"20/08/2020 - 16h25","commune":"84007 - Avignon","adresse":"PLACE SAINT LAZARE","milieu":"En agglomération"}},{"type":"Feature","geometry":{"type":"Point","coordinates":[4.86698,43.95272]},"properties":{"annee":2020,"gravite":"leger","tues":0,"hospitalises":0,"legers":1,"total_blesses":1,"date":"23/11/2020 - 19h25","commune":"84092 - Le Pontet","adresse":"D28","milieu":"En agglomération"}},{"type":"Feature","geometry":{"type":"Point","coordinates":[4.86906,44.00999]},"properties":{"annee":2020,"gravite":"mortel","tues":1,"hospitalises":0,"legers":0,"total_blesses":0,"date":"06/03/2020 - 23h30","commune":"84129 - Sorgues","adresse":"D907","milieu":"En agglomération"}},{"type":"Feature","geometry":{"type":"Point","coordinates":[4.835,44.1227]},"properties":{"annee":2020,"gravite":"grave","tues":0,"hospitalises":1,"legers":0,"total_blesses":1,"date":"12/09/2020 - 23h05","commune":"84087 - Orange","adresse":"JONQUIERES (ROUTE DE)","milieu":"En agglomération"}},{"type":"Feature","geometry":{"type":"Point","coordinates":[4.86358,43.97019]},"properties":{"annee":2020,"gravite":"leger","tues":0,"hospitalises":0,"legers":1,"total_blesses":1,"date":"15/08/2020 - 18h00","commune":"84092 - Le Pontet","adresse":"d 225","milieu":"En agglomération"}},{"type":"Feature","geometry":{"type":"Point","coordinates":[4.85803,43.97514]},"properties":{"annee":2020,"gravite":"grave","tues":0,"hospitalises":1,"legers":0,"total_blesses":1,"date":"16/10/2020 - 19h00","commune":"84092 - Le Pontet","adresse":"Route de Sorgues (rd 907)","milieu":"Hors agglomération"}},{"type":"Feature","geometry":{"type":"Point","coordinates":[5.04788,43.92184]},"properties":{"annee":2020,"gravite":"grave","tues":0,"hospitalises":1,"legers":0,"total_blesses":1,"date":"04/02/2020 - 06h15","commune":"84054 - L'Isle-sur-la-Sorgue","adresse":"Rond point de villevieille","milieu":"En agglomération"}},{"type":"Feature","geometry":{"type":"Point","coordinates":[4.73539,44.30874]},"properties":{"annee":2020,"gravite":"grave","tues":0,"hospitalises":1,"legers":0,"total_blesses":1,"date":"24/07/2020 - 16h50","commune":"84019 - Bollène","adresse":"D243","milieu":"Hors agglomération"}},{"type":"Feature","geometry":{"type":"Point","coordinates":[4.81272,43.92875]},"properties":{"annee":2020,"gravite":"grave","tues":0,"hospitalises":1,"legers":0,"total_blesses":1,"date":"13/12/2020 - 18h25","commune":"84007 - Avignon","adresse":"CABRIERE ( Avenue de la )","milieu":"En agglomération"}},{"type":"Feature","geometry":{"type":"Point","coordinates":[5.39752,43.9138]},"properties":{"annee":2020,"gravite":"leger","tues":0,"hospitalises":0,"legers":1,"total_blesses":1,"date":"05/03/2020 - 18h50","commune":"84145 - Villars","adresse":"D111","milieu":"Hors agglomération"}},{"type":"Feature","geometry":{"type":"Point","coordinates":[5.24968,43.92426]},"properties":{"annee":2020,"gravite":"grave","tues":0,"hospitalises":1,"legers":0,"total_blesses":1,"date":"22/06/2020 - 07h30","commune":"84057 - Joucas","adresse":"voie communale de clausure","milieu":"En agglomération"}},{"type":"Feature","geometry":{"type":"Point","coordinates":[4.7353,44.1652]},"properties":{"annee":2020,"gravite":"leger","tues":0,"hospitalises":0,"legers":1,"total_blesses":1,"date":"22/07/2020 - 18h30","commune":"84091 - Piolenc","adresse":"chemin des lacs","milieu":"Hors agglomération"}},{"type":"Feature","geometry":{"type":"Point","coordinates":[4.8359,43.9299]},"properties":{"annee":2020,"gravite":"grave","tues":0,"hospitalises":2,"legers":0,"total_blesses":2,"date":"07/08/2020 - 22h08","commune":"84007 - Avignon","adresse":"PARKING CAP SUD","milieu":"En agglomération"}},{"type":"Feature","geometry":{"type":"Point","coordinates":[4.81148,43.9376]},"properties":{"annee":2020,"gravite":"grave","tues":0,"hospitalises":1,"legers":0,"total_blesses":1,"date":"14/08/2020 - 10h14","commune":"84007 - Avignon","adresse":"SIXTE ISNARD (Boulevard)","milieu":"En agglomération"}},{"type":"Feature","geometry":{"type":"Point","coordinates":[5.03737,43.84951]},"properties":{"annee":2020,"gravite":"grave","tues":0,"hospitalises":1,"legers":0,"total_blesses":1,"date":"17/10/2020 - 11h30","commune":"84035 - Cavaillon","adresse":"LIBERATION (AVENUE DE LA)","milieu":"En agglomération"}},{"type":"Feature","geometry":{"type":"Point","coordinates":[4.8208,43.9288]},"properties":{"annee":2020,"gravite":"grave","tues":0,"hospitalises":1,"legers":1,"total_blesses":2,"date":"19/08/2020 - 12h20","commune":"84007 - Avignon","adresse":"TRILLADE (avenue de la )","milieu":"En agglomération"}},{"type":"Feature","geometry":{"type":"Point","coordinates":[4.83153,43.93404]},"properties":{"annee":2020,"gravite":"grave","tues":0,"hospitalises":2,"legers":0,"total_blesses":2,"date":"19/08/2020 - 00h45","commune":"84007 - Avignon","adresse":"C.De GAULLE (Rocade)","milieu":"En agglomération"}},{"type":"Feature","geometry":{"type":"Point","coordinates":[4.83164,43.93468]},"properties":{"annee":2020,"gravite":"grave","tues":0,"hospitalises":1,"legers":0,"total_blesses":1,"date":"29/09/2020 - 20h40","commune":"84007 - Avignon","adresse":"PIERRE SEMARD (avenue)","milieu":"En agglomération"}},{"type":"Feature","geometry":{"type":"Point","coordinates":[5.51087,43.74241]},"properties":{"annee":2020,"gravite":"grave","tues":0,"hospitalises":1,"legers":0,"total_blesses":1,"date":"18/05/2020 - 18h20","commune":"84002 - Ansouis","adresse":"Chemin des Hautes Terres","milieu":"Hors agglomération"}},{"type":"Feature","geometry":{"type":"Point","coordinates":[4.83095,43.9528]},"properties":{"annee":2020,"gravite":"mortel","tues":1,"hospitalises":1,"legers":0,"total_blesses":1,"date":"28/02/2020 - 18h15","commune":"84007 - Avignon","adresse":"LYON (route de )","milieu":"En agglomération"}},{"type":"Feature","geometry":{"type":"Point","coordinates":[4.8273,43.94078]},"properties":{"annee":2020,"gravite":"grave","tues":0,"hospitalises":1,"legers":0,"total_blesses":1,"date":"15/09/2020 - 20h05","commune":"84007 - Avignon","adresse":"128 (Route Nationale)-MONTFAVET","milieu":"En agglomération"}},{"type":"Feature","geometry":{"type":"Point","coordinates":[5.44772,43.69801]},"properties":{"annee":2020,"gravite":"grave","tues":0,"hospitalises":3,"legers":1,"total_blesses":4,"date":"16/09/2020 - 17h30","commune":"84147 - Villelaure","adresse":"chemin des plaines","milieu":"Hors agglomération"}},{"type":"Feature","geometry":{"type":"Point","coordinates":[4.84039,44.12491]},"properties":{"annee":2020,"gravite":"grave","tues":0,"hospitalises":1,"legers":0,"total_blesses":1,"date":"29/01/2020 - 16h10","commune":"84087 - Orange","adresse":"EUROPE (AVENUE DE L')","milieu":"En agglomération"}},{"type":"Feature","geometry":{"type":"Point","coordinates":[5.02655,43.9598]},"properties":{"annee":2020,"gravite":"grave","tues":0,"hospitalises":2,"legers":1,"total_blesses":3,"date":"22/07/2020 - 09h15","commune":"84142 - Velleron","adresse":"D31","milieu":"Hors agglomération"}},{"type":"Feature","geometry":{"type":"Point","coordinates":[5.14011,44.2788]},"properties":{"annee":2020,"gravite":"grave","tues":0,"hospitalises":1,"legers":2,"total_blesses":3,"date":"20/07/2020 - 10h20","commune":"84094 - Puyméras","adresse":"D71","milieu":"Hors agglomération"}},{"type":"Feature","geometry":{"type":"Point","coordinates":[5.32856,43.81457]},"properties":{"annee":2020,"gravite":"grave","tues":0,"hospitalises":1,"legers":0,"total_blesses":1,"date":"21/07/2020 - 09h44","commune":"84020 - Bonnieux","adresse":"D36","milieu":"Hors agglomération"}},{"type":"Feature","geometry":{"type":"Point","coordinates":[4.78874,43.92738]},"properties":{"annee":2020,"gravite":"grave","tues":0,"hospitalises":1,"legers":0,"total_blesses":1,"date":"10/08/2020 - 12h45","commune":"84007 - Avignon","adresse":"CHARLES DE GAULLE","milieu":"En agglomération"}},{"type":"Feature","geometry":{"type":"Point","coordinates":[5.12873,44.22701]},"properties":{"annee":2020,"gravite":"grave","tues":0,"hospitalises":1,"legers":0,"total_blesses":1,"date":"20/08/2020 - 17h30","commune":"84044 - Entrechaux","adresse":"D205","milieu":"Hors agglomération"}},{"type":"Feature","geometry":{"type":"Point","coordinates":[4.72664,44.2095]},"properties":{"annee":2020,"gravite":"grave","tues":0,"hospitalises":2,"legers":0,"total_blesses":2,"date":"21/08/2020 - 15h30","commune":"84083 - Mornas","adresse":"chemin de la tapie","milieu":"Hors agglomération"}},{"type":"Feature","geometry":{"type":"Point","coordinates":[4.83205,43.93055]},"properties":{"annee":2020,"gravite":"grave","tues":0,"hospitalises":4,"legers":1,"total_blesses":5,"date":"03/09/2020 - 02h30","commune":"84007 - Avignon","adresse":"C.De GAULLE (Rocade)","milieu":"En agglomération"}},{"type":"Feature","geometry":{"type":"Point","coordinates":[4.99888,44.04579]},"properties":{"annee":2020,"gravite":"grave","tues":0,"hospitalises":1,"legers":0,"total_blesses":1,"date":"28/11/2020 - 18h57","commune":"84080 - Monteux","adresse":"LORIOL ROUTE DE","milieu":"En agglomération"}},{"type":"Feature","geometry":{"type":"Point","coordinates":[4.9165,43.89244]},"properties":{"annee":2020,"gravite":"mortel","tues":1,"hospitalises":1,"legers":0,"total_blesses":1,"date":"12/12/2020 - 10h10","commune":"84007 - Avignon","adresse":"TARTAY (CHEMIN DE) MTF","milieu":"Hors agglomération"}},{"type":"Feature","geometry":{"type":"Point","coordinates":[4.80098,43.92933]},"properties":{"annee":2020,"gravite":"mortel","tues":1,"hospitalises":0,"legers":0,"total_blesses":0,"date":"12/11/2020 - 10h50","commune":"84007 - Avignon","adresse":"ALLENDE (Avenue)","milieu":"Hors agglomération"}},{"type":"Feature","geometry":{"type":"Point","coordinates":[4.91325,43.92296]},"properties":{"annee":2020,"gravite":"mortel","tues":1,"hospitalises":0,"legers":0,"total_blesses":0,"date":"25/11/2020 - 18h15","commune":"84081 - Morières-lès-Avignon","adresse":"Aire de Service de Morieres","milieu":"Hors agglomération"}},{"type":"Feature","geometry":{"type":"Point","coordinates":[4.71288,44.2287]},"properties":{"annee":2020,"gravite":"grave","tues":0,"hospitalises":1,"legers":0,"total_blesses":1,"date":"25/11/2020 - 06h45","commune":"84078 - Mondragon","adresse":"nationale 7","milieu":"Hors agglomération"}},{"type":"Feature","geometry":{"type":"Point","coordinates":[4.81807,43.94751]},"properties":{"annee":2020,"gravite":"grave","tues":0,"hospitalises":1,"legers":0,"total_blesses":1,"date":"06/01/2020 - 17h00","commune":"84007 - Avignon","adresse":"LIMBERT (Boulevard)","milieu":"En agglomération"}},{"type":"Feature","geometry":{"type":"Point","coordinates":[5.28814,43.85672]},"properties":{"annee":2020,"gravite":"grave","tues":0,"hospitalises":1,"legers":0,"total_blesses":1,"date":"16/05/2020 - 12h00","commune":"84020 - Bonnieux","adresse":"CHEMIN DE L'ORATOIRE","milieu":"Hors agglomération"}},{"type":"Feature","geometry":{"type":"Point","coordinates":[4.83623,43.92681]},"properties":{"annee":2020,"gravite":"leger","tues":0,"hospitalises":0,"legers":1,"total_blesses":1,"date":"12/02/2020 - 12h45","commune":"84007 - Avignon","adresse":"CROIX ROUGE( Avenue de la )","milieu":"En agglomération"}},{"type":"Feature","geometry":{"type":"Point","coordinates":[5.10845,44.08192]},"properties":{"annee":2020,"gravite":"mortel","tues":1,"hospitalises":1,"legers":0,"total_blesses":1,"date":"14/10/2020 - 08h00","commune":"84030 - Caromb","adresse":"D974 quartier de la Combe","milieu":"Hors agglomération"}},{"type":"Feature","geometry":{"type":"Point","coordinates":[4.7523,44.28839]},"properties":{"annee":2020,"gravite":"grave","tues":0,"hospitalises":1,"legers":0,"total_blesses":1,"date":"15/10/2020 - 13h10","commune":"84019 - Bollène","adresse":"Chemin du coucaou","milieu":"Hors agglomération"}},{"type":"Feature","geometry":{"type":"Point","coordinates":[5.40063,43.87664]},"properties":{"annee":2020,"gravite":"leger","tues":0,"hospitalises":0,"legers":1,"total_blesses":1,"date":"13/09/2020 - 12h20","commune":"84003 - Apt","adresse":"Avenue de Viton","milieu":"En agglomération"}},{"type":"Feature","geometry":{"type":"Point","coordinates":[4.85799,43.97512]},"properties":{"annee":2020,"gravite":"leger","tues":0,"hospitalises":0,"legers":1,"total_blesses":1,"date":"15/09/2020 - 08h00","commune":"84092 - Le Pontet","adresse":"Route de Sorgues (rd 907)","milieu":"En agglomération"}},{"type":"Feature","geometry":{"type":"Point","coordinates":[4.84217,43.94014]},"properties":{"annee":2020,"gravite":"grave","tues":0,"hospitalises":1,"legers":0,"total_blesses":1,"date":"20/01/2020 - 08h20","commune":"84007 - Avignon","adresse":"PONT DES DEUX EAUX (Chemin du )","milieu":"En agglomération"}},{"type":"Feature","geometry":{"type":"Point","coordinates":[5.50869,43.72732]},"properties":{"annee":2020,"gravite":"grave","tues":0,"hospitalises":1,"legers":0,"total_blesses":1,"date":"17/06/2020 - 15h20","commune":"84133 - La Tour-d'Aigues","adresse":"RD9","milieu":"Hors agglomération"}},{"type":"Feature","geometry":{"type":"Point","coordinates":[4.86906,44.00999]},"properties":{"annee":2020,"gravite":"mortel","tues":1,"hospitalises":0,"legers":0,"total_blesses":0,"date":"19/06/2020 - 11h40","commune":"84129 - Sorgues","adresse":"chemin des coutchougous","milieu":"En agglomération"}},{"type":"Feature","geometry":{"type":"Point","coordinates":[5.32133,43.89697]},"properties":{"annee":2020,"gravite":"grave","tues":0,"hospitalises":1,"legers":0,"total_blesses":1,"date":"13/05/2020 - 14h13","commune":"84102 - Roussillon","adresse":"D104","milieu":"Hors agglomération"}},{"type":"Feature","geometry":{"type":"Point","coordinates":[5.35985,43.93332]},"properties":{"annee":2020,"gravite":"leger","tues":0,"hospitalises":0,"legers":1,"total_blesses":1,"date":"14/05/2020 - 13h15","commune":"84118 - Saint-Saturnin-lès-Apt","adresse":"D2","milieu":"Hors agglomération"}},{"type":"Feature","geometry":{"type":"Point","coordinates":[5.48046,43.85062]},"properties":{"annee":2020,"gravite":"grave","tues":0,"hospitalises":2,"legers":0,"total_blesses":2,"date":"14/05/2020 - 12h25","commune":"84112 - Saint-Martin-de-Castillon","adresse":"Départementale D900","milieu":"Hors agglomération"}},{"type":"Feature","geometry":{"type":"Point","coordinates":[4.85801,43.92223]},"properties":{"annee":2020,"gravite":"grave","tues":0,"hospitalises":1,"legers":0,"total_blesses":1,"date":"11/05/2020 - 10h22","commune":"84007 - Avignon","adresse":"MARSEILLE (Route)-MONTFAVET","milieu":"Hors agglomération"}},{"type":"Feature","geometry":{"type":"Point","coordinates":[5.43781,43.86818]},"properties":{"annee":2020,"gravite":"grave","tues":0,"hospitalises":2,"legers":0,"total_blesses":2,"date":"31/05/2020 - 15h15","commune":"84105 - Saignon","adresse":"Route Departementale 900--Aire de repos","milieu":"Hors agglomération"}},{"type":"Feature","geometry":{"type":"Point","coordinates":[5.027,43.95153]},"properties":{"annee":2020,"gravite":"mortel","tues":1,"hospitalises":3,"legers":0,"total_blesses":3,"date":"28/12/2020 - 16h45","commune":"84142 - Velleron","adresse":"D31","milieu":"Hors agglomération"}},{"type":"Feature","geometry":{"type":"Point","coordinates":[4.87341,43.98541]},"properties":{"annee":2020,"gravite":"grave","tues":0,"hospitalises":1,"legers":1,"total_blesses":2,"date":"25/01/2020 - 13h00","commune":"84092 - Le Pontet","adresse":"Chemin des Daulands","milieu":"En agglomération"}},{"type":"Feature","geometry":{"type":"Point","coordinates":[5.00393,44.10041]},"properties":{"annee":2020,"gravite":"leger","tues":0,"hospitalises":0,"legers":1,"total_blesses":1,"date":"15/08/2020 - 14h30","commune":"84004 - Aubignan","adresse":"Avenue-jean-henri-fabre","milieu":"Hors agglomération"}},{"type":"Feature","geometry":{"type":"Point","coordinates":[5.3638,43.75064]},"properties":{"annee":2020,"gravite":"grave","tues":0,"hospitalises":1,"legers":0,"total_blesses":1,"date":"15/08/2020 - 23h00","commune":"84026 - Cadenet","adresse":"1820, D943","milieu":"Hors agglomération"}},{"type":"Feature","geometry":{"type":"Point","coordinates":[5.02921,43.85218]},"properties":{"annee":2020,"gravite":"grave","tues":0,"hospitalises":1,"legers":0,"total_blesses":1,"date":"04/06/2020 - 20h05","commune":"84035 - Cavaillon","adresse":"MERIMEE (AVENUE PROSPER)","milieu":"En agglomération"}},{"type":"Feature","geometry":{"type":"Point","coordinates":[5.01275,44.0838]},"properties":{"annee":2020,"gravite":"mortel","tues":1,"hospitalises":0,"legers":0,"total_blesses":0,"date":"26/12/2020 - 02h00","commune":"84067 - Loriol-du-Comtat","adresse":"D126, 1070 route d'Aubignan","milieu":"Hors agglomération"}},{"type":"Feature","geometry":{"type":"Point","coordinates":[5.00356,43.90111]},"properties":{"annee":2020,"gravite":"grave","tues":0,"hospitalises":1,"legers":0,"total_blesses":1,"date":"11/05/2020 - 06h40","commune":"84132 - Le Thor","adresse":"Route des Vignères","milieu":"Hors agglomération"}},{"type":"Feature","geometry":{"type":"Point","coordinates":[4.94946,43.89296]},"properties":{"annee":2020,"gravite":"leger","tues":0,"hospitalises":0,"legers":2,"total_blesses":2,"date":"08/05/2020 - 04h30","commune":"84034 - Caumont-sur-Durance","adresse":"12 Avenue du Marechal Leclerc","milieu":"En agglomération"}},{"type":"Feature","geometry":{"type":"Point","coordinates":[4.74287,44.28289]},"properties":{"annee":2020,"gravite":"grave","tues":0,"hospitalises":1,"legers":0,"total_blesses":1,"date":"25/01/2020 - 23h50","commune":"84019 - Bollène","adresse":"Avenue du 8 Mai 1945","milieu":"Hors agglomération"}},{"type":"Feature","geometry":{"type":"Point","coordinates":[5.03815,43.84105]},"properties":{"annee":2020,"gravite":"grave","tues":0,"hospitalises":1,"legers":0,"total_blesses":1,"date":"19/01/2020 - 12h30","commune":"84035 - Cavaillon","adresse":"CLEMENCEAU (AVENUE GEORGES)","milieu":"En agglomération"}},{"type":"Feature","geometry":{"type":"Point","coordinates":[5.41407,43.77834]},"properties":{"annee":2020,"gravite":"grave","tues":0,"hospitalises":1,"legers":0,"total_blesses":1,"date":"15/07/2020 - 13h50","commune":"84140 - Vaugines","adresse":"Départementale 45, route de Cadenet","milieu":"En agglomération"}},{"type":"Feature","geometry":{"type":"Point","coordinates":[5.1325,43.85712]},"properties":{"annee":2020,"gravite":"grave","tues":0,"hospitalises":1,"legers":0,"total_blesses":1,"date":"14/07/2020 - 14h05","commune":"84071 - Maubec","adresse":"départementale 2","milieu":"Hors agglomération"}},{"type":"Feature","geometry":{"type":"Point","coordinates":[5.21618,43.87903]},"properties":{"annee":2020,"gravite":"mortel","tues":1,"hospitalises":0,"legers":0,"total_blesses":0,"date":"13/09/2020 - 09h00","commune":"84114 - Saint-Pantaléon","adresse":"152 Traverse du Luberon","milieu":"En agglomération"}},{"type":"Feature","geometry":{"type":"Point","coordinates":[4.82944,43.95884]},"properties":{"annee":2020,"gravite":"grave","tues":0,"hospitalises":2,"legers":1,"total_blesses":3,"date":"12/08/2020 - 23h10","commune":"84007 - Avignon","adresse":"DOCTEUR PONS (Route touristique)","milieu":"Hors agglomération"}},{"type":"Feature","geometry":{"type":"Point","coordinates":[4.93651,43.95273]},"properties":{"annee":2020,"gravite":"leger","tues":0,"hospitalises":0,"legers":2,"total_blesses":2,"date":"05/06/2020 - 18h25","commune":"84119 - Saint-Saturnin-lès-Avignon","adresse":"Route de Gadagne","milieu":"En agglomération"}},{"type":"Feature","geometry":{"type":"Point","coordinates":[5.17644,44.1075]},"properties":{"annee":2020,"gravite":"grave","tues":0,"hospitalises":1,"legers":0,"total_blesses":1,"date":"05/05/2020 - 16h30","commune":"84017 - Bédoin","adresse":"164 Route de Mormoiron","milieu":"Hors agglomération"}},{"type":"Feature","geometry":{"type":"Point","coordinates":[4.80891,43.94244]},"properties":{"annee":2020,"gravite":"grave","tues":0,"hospitalises":1,"legers":0,"total_blesses":1,"date":"10/01/2020 - 00h05","commune":"84007 - Avignon","adresse":"SAINT ROCH (Boulevard)","milieu":"En agglomération"}},{"type":"Feature","geometry":{"type":"Point","coordinates":[4.80033,44.13682]},"properties":{"annee":2020,"gravite":"grave","tues":0,"hospitalises":1,"legers":0,"total_blesses":1,"date":"10/07/2020 - 10h49","commune":"84087 - Orange","adresse":"18 JUIN 1940 (AVENUE DU)","milieu":"En agglomération"}},{"type":"Feature","geometry":{"type":"Point","coordinates":[4.82545,43.95176]},"properties":{"annee":2020,"gravite":"grave","tues":0,"hospitalises":1,"legers":0,"total_blesses":1,"date":"12/06/2020 - 18h25","commune":"84007 - Avignon","adresse":"MARIETON (Boulevard Paul)","milieu":"En agglomération"}},{"type":"Feature","geometry":{"type":"Point","coordinates":[5.55346,43.92686]},"properties":{"annee":2020,"gravite":"grave","tues":0,"hospitalises":1,"legers":0,"total_blesses":1,"date":"12/09/2020 - 13h45","commune":"84144 - Viens","adresse":"D22","milieu":"Hors agglomération"}},{"type":"Feature","geometry":{"type":"Point","coordinates":[4.86358,43.97019]},"properties":{"annee":2020,"gravite":"grave","tues":0,"hospitalises":1,"legers":1,"total_blesses":2,"date":"11/06/2020 - 22h20","commune":"84092 - Le Pontet","adresse":"Rue Albert Camus","milieu":"En agglomération"}},{"type":"Feature","geometry":{"type":"Point","coordinates":[4.82131,44.12804]},"properties":{"annee":2020,"gravite":"grave","tues":0,"hospitalises":1,"legers":0,"total_blesses":1,"date":"05/10/2020 - 17h45","commune":"84087 - Orange","adresse":"VERDUN (AVENUE DE)","milieu":"En agglomération"}},{"type":"Feature","geometry":{"type":"Point","coordinates":[4.9221,43.88896]},"properties":{"annee":2020,"gravite":"grave","tues":0,"hospitalises":5,"legers":0,"total_blesses":5,"date":"27/06/2020 - 11h20","commune":"84007 - Avignon","adresse":"CAVAILLON (Route de Cavaillon)-MONTFAVET","milieu":"Hors agglomération"}},{"type":"Feature","geometry":{"type":"Point","coordinates":[5.08343,43.85628]},"properties":{"annee":2020,"gravite":"leger","tues":0,"hospitalises":0,"legers":1,"total_blesses":1,"date":"12/08/2020 - 12h00","commune":"84099 - Robion","adresse":"Chemin des Mulets","milieu":"Hors agglomération"}},{"type":"Feature","geometry":{"type":"Point","coordinates":[4.85428,44.03798]},"properties":{"annee":2020,"gravite":"mortel","tues":1,"hospitalises":0,"legers":0,"total_blesses":0,"date":"17/11/2020 - 17h35","commune":"84037 - Châteauneuf-du-Pape","adresse":"Route de Sorgues","milieu":"Hors agglomération"}},{"type":"Feature","geometry":{"type":"Point","coordinates":[4.84935,44.11239]},"properties":{"annee":2020,"gravite":"grave","tues":0,"hospitalises":1,"legers":1,"total_blesses":2,"date":"26/04/2020 - 17h10","commune":"84087 - Orange","adresse":"CINSAULT (RUE)","milieu":"En agglomération"}},{"type":"Feature","geometry":{"type":"Point","coordinates":[5.28436,43.86204]},"properties":{"annee":2020,"gravite":"mortel","tues":1,"hospitalises":0,"legers":0,"total_blesses":0,"date":"23/01/2020 - 08h00","commune":"84051 - Goult","adresse":"D900","milieu":"Hors agglomération"}},{"type":"Feature","geometry":{"type":"Point","coordinates":[4.86002,43.9617]},"properties":{"annee":2020,"gravite":"grave","tues":0,"hospitalises":1,"legers":0,"total_blesses":1,"date":"20/02/2020 - 08h00","commune":"84092 - Le Pontet","adresse":"1 Avenue du Maréchal de Lattre de Tassigny","milieu":"En agglomération"}},{"type":"Feature","geometry":{"type":"Point","coordinates":[4.82422,44.13288]},"properties":{"annee":2020,"gravite":"grave","tues":0,"hospitalises":1,"legers":1,"total_blesses":2,"date":"20/02/2020 - 16h10","commune":"84087 - Orange","adresse":"LORHO (AVENUE DU GENERAL RAYMOND)","milieu":"En agglomération"}},{"type":"Feature","geometry":{"type":"Point","coordinates":[4.8474,43.9257]},"properties":{"annee":2020,"gravite":"grave","tues":0,"hospitalises":1,"legers":0,"total_blesses":1,"date":"14/02/2020 - 15h45","commune":"84007 - Avignon","adresse":"MARSEILLE (Route)-MONTFAVET","milieu":"Hors agglomération"}},{"type":"Feature","geometry":{"type":"Point","coordinates":[4.81643,43.95268]},"properties":{"annee":2020,"gravite":"grave","tues":0,"hospitalises":1,"legers":0,"total_blesses":1,"date":"18/02/2020 - 13h04","commune":"84007 - Avignon","adresse":"PIERRE SEMARD (avenue)","milieu":"En agglomération"}},{"type":"Feature","geometry":{"type":"Point","coordinates":[4.81643,43.95268]},"properties":{"annee":2020,"gravite":"leger","tues":0,"hospitalises":0,"legers":2,"total_blesses":2,"date":"07/02/2020 - 12h50","commune":"84007 - Avignon","adresse":"QUAI SAINT LAZARE (Bd du)","milieu":"En agglomération"}},{"type":"Feature","geometry":{"type":"Point","coordinates":[4.93681,44.22733]},"properties":{"annee":2020,"gravite":"grave","tues":0,"hospitalises":1,"legers":0,"total_blesses":1,"date":"11/06/2020 - 18h20","commune":"84028 - Cairanne","adresse":"Chemin de la Gayere","milieu":"En agglomération"}},{"type":"Feature","geometry":{"type":"Point","coordinates":[5.28977,43.74813]},"properties":{"annee":2020,"gravite":"grave","tues":0,"hospitalises":2,"legers":1,"total_blesses":3,"date":"12/08/2020 - 16h20","commune":"84065 - Lauris","adresse":"D973","milieu":"Hors agglomération"}},{"type":"Feature","geometry":{"type":"Point","coordinates":[4.90201,43.95294]},"properties":{"annee":2020,"gravite":"grave","tues":0,"hospitalises":1,"legers":0,"total_blesses":1,"date":"11/08/2020 - 15h45","commune":"84081 - Morières-lès-Avignon","adresse":"1001 Rue Folard","milieu":"En agglomération"}},{"type":"Feature","geometry":{"type":"Point","coordinates":[4.84263,43.93099]},"properties":{"annee":2020,"gravite":"grave","tues":0,"hospitalises":1,"legers":0,"total_blesses":1,"date":"15/07/2020 - 11h00","commune":"84007 - Avignon","adresse":"COUBERTIN (AV.Pierre de","milieu":"En agglomération"}},{"type":"Feature","geometry":{"type":"Point","coordinates":[5.25095,43.91391]},"properties":{"annee":2020,"gravite":"grave","tues":0,"hospitalises":1,"legers":0,"total_blesses":1,"date":"18/12/2020 - 18h23","commune":"84057 - Joucas","adresse":"Départementale 2","milieu":"Hors agglomération"}},{"type":"Feature","geometry":{"type":"Point","coordinates":[5.05369,44.0031]},"properties":{"annee":2020,"gravite":"grave","tues":0,"hospitalises":1,"legers":0,"total_blesses":1,"date":"14/11/2020 - 10h20","commune":"84088 - Pernes-les-Fontaines","adresse":"263 Impasse Theodore Aubanel","milieu":"En agglomération"}},{"type":"Feature","geometry":{"type":"Point","coordinates":[4.89901,43.96225]},"properties":{"annee":2020,"gravite":"leger","tues":0,"hospitalises":0,"legers":1,"total_blesses":1,"date":"08/03/2020 - 13h40","commune":"84141 - Vedène","adresse":"Allée Louis Montagnat","milieu":"En agglomération"}},{"type":"Feature","geometry":{"type":"Point","coordinates":[4.83089,43.95304]},"properties":{"annee":2020,"gravite":"mortel","tues":1,"hospitalises":0,"legers":0,"total_blesses":0,"date":"19/01/2020 - 05h25","commune":"84007 - Avignon","adresse":"LYON (route de )","milieu":"En agglomération"}},{"type":"Feature","geometry":{"type":"Point","coordinates":[5.01225,43.94483]},"properties":{"annee":2020,"gravite":"grave","tues":0,"hospitalises":1,"legers":2,"total_blesses":3,"date":"03/07/2020 - 12h30","commune":"84142 - Velleron","adresse":"1963 Route de Velleron","milieu":"Hors agglomération"}},{"type":"Feature","geometry":{"type":"Point","coordinates":[4.812,43.95106]},"properties":{"annee":2020,"gravite":"grave","tues":0,"hospitalises":1,"legers":0,"total_blesses":1,"date":"03/07/2020 - 13h45","commune":"84007 - Avignon","adresse":"CAMPANE (RUE)","milieu":"En agglomération"}},{"type":"Feature","geometry":{"type":"Point","coordinates":[5.01658,43.98151]},"properties":{"annee":2020,"gravite":"mortel","tues":1,"hospitalises":0,"legers":0,"total_blesses":0,"date":"10/06/2020 - 01h25","commune":"84088 - Pernes-les-Fontaines","adresse":"Route d'Avignon","milieu":"Hors agglomération"}},{"type":"Feature","geometry":{"type":"Point","coordinates":[5.04817,44.04715]},"properties":{"annee":2020,"gravite":"grave","tues":0,"hospitalises":1,"legers":0,"total_blesses":1,"date":"17/09/2020 - 20h25","commune":"84031 - Carpentras","adresse":"HUGO AVENUE VICTOR","milieu":"En agglomération"}},{"type":"Feature","geometry":{"type":"Point","coordinates":[4.81248,43.92882]},"properties":{"annee":2020,"gravite":"grave","tues":0,"hospitalises":1,"legers":0,"total_blesses":1,"date":"07/07/2020 - 00h50","commune":"84007 - Avignon","adresse":"C.De GAULLE (Rocade)","milieu":"En agglomération"}},{"type":"Feature","geometry":{"type":"Point","coordinates":[4.87723,43.92572]},"properties":{"annee":2020,"gravite":"grave","tues":0,"hospitalises":1,"legers":1,"total_blesses":2,"date":"30/07/2020 - 15h30","commune":"84007 - Avignon","adresse":"MAGNANARELLES (Avenue des)-MONTFAVET","milieu":"En agglomération"}},{"type":"Feature","geometry":{"type":"Point","coordinates":[5.15437,44.05149]},"properties":{"annee":2020,"gravite":"grave","tues":0,"hospitalises":2,"legers":2,"total_blesses":4,"date":"10/07/2020 - 21h45","commune":"84072 - Mazan","adresse":"2033 Route de Mormoiron","milieu":"Hors agglomération"}},{"type":"Feature","geometry":{"type":"Point","coordinates":[4.77131,44.15541]},"properties":{"annee":2020,"gravite":"mortel","tues":2,"hospitalises":0,"legers":2,"total_blesses":2,"date":"11/07/2020 - 09h30","commune":"84091 - Piolenc","adresse":"A7 - PK 164+020 - sens N/S","milieu":"Hors agglomération"}},{"type":"Feature","geometry":{"type":"Point","coordinates":[4.85982,43.98297]},"properties":{"annee":2020,"gravite":"mortel","tues":1,"hospitalises":1,"legers":0,"total_blesses":1,"date":"10/07/2020 - 23h10","commune":"84092 - Le Pontet","adresse":"2254 Route de Sorgues","milieu":"Hors agglomération"}},{"type":"Feature","geometry":{"type":"Point","coordinates":[5.71737,43.71405]},"properties":{"annee":2020,"gravite":"mortel","tues":2,"hospitalises":1,"legers":0,"total_blesses":1,"date":"05/10/2020 - 21h30","commune":"84014 - Beaumont-de-Pertuis","adresse":"D996","milieu":"Hors agglomération"}},{"type":"Feature","geometry":{"type":"Point","coordinates":[4.82091,43.93967]},"properties":{"annee":2020,"gravite":"grave","tues":0,"hospitalises":1,"legers":0,"total_blesses":1,"date":"16/08/2020 - 23h30","commune":"84007 - Avignon","adresse":"PIERRE SEMARD (avenue)","milieu":"En agglomération"}},{"type":"Feature","geometry":{"type":"Point","coordinates":[5.10043,44.26213]},"properties":{"annee":2020,"gravite":"grave","tues":0,"hospitalises":1,"legers":0,"total_blesses":1,"date":"07/07/2020 - 18h00","commune":"84116 - Saint-Romain-en-Viennois","adresse":"D938","milieu":"Hors agglomération"}},{"type":"Feature","geometry":{"type":"Point","coordinates":[5.38737,43.75734]},"properties":{"annee":2020,"gravite":"grave","tues":0,"hospitalises":1,"legers":0,"total_blesses":1,"date":"08/09/2020 - 22h30","commune":"84026 - Cadenet","adresse":"Ancien chemin d'ansouis","milieu":"Hors agglomération"}},{"type":"Feature","geometry":{"type":"Point","coordinates":[5.06211,43.93726]},"properties":{"annee":2020,"gravite":"grave","tues":0,"hospitalises":1,"legers":0,"total_blesses":1,"date":"07/06/2020 - 22h40","commune":"84054 - L'Isle-sur-la-Sorgue","adresse":"Route de Carpentras","milieu":"Hors agglomération"}},{"type":"Feature","geometry":{"type":"Point","coordinates":[5.01672,44.03911]},"properties":{"annee":2020,"gravite":"grave","tues":0,"hospitalises":1,"legers":0,"total_blesses":1,"date":"05/11/2020 - 14h25","commune":"84080 - Monteux","adresse":"CARPENTRAS ROUTE DE","milieu":"En agglomération"}},{"type":"Feature","geometry":{"type":"Point","coordinates":[4.90694,43.97387]},"properties":{"annee":2020,"gravite":"grave","tues":0,"hospitalises":2,"legers":0,"total_blesses":2,"date":"06/06/2020 - 21h30","commune":"84141 - Vedène","adresse":"Avenue Alphonse Daudet","milieu":"En agglomération"}},{"type":"Feature","geometry":{"type":"Point","coordinates":[5.46285,43.91601]},"properties":{"annee":2020,"gravite":"grave","tues":0,"hospitalises":1,"legers":0,"total_blesses":1,"date":"03/10/2020 - 10h40","commune":"84103 - Rustrel","adresse":"D22","milieu":"Hors agglomération"}},{"type":"Feature","geometry":{"type":"Point","coordinates":[5.05331,43.91325]},"properties":{"annee":2020,"gravite":"grave","tues":0,"hospitalises":1,"legers":0,"total_blesses":1,"date":"13/04/2020 - 10h05","commune":"84054 - L'Isle-sur-la-Sorgue","adresse":"Route de Robion","milieu":"En agglomération"}},{"type":"Feature","geometry":{"type":"Point","coordinates":[4.75327,44.29039]},"properties":{"annee":2020,"gravite":"grave","tues":0,"hospitalises":1,"legers":0,"total_blesses":1,"date":"09/07/2020 - 10h45","commune":"84019 - Bollène","adresse":"Avenue Jean moulin","milieu":"En agglomération"}},{"type":"Feature","geometry":{"type":"Point","coordinates":[5.18963,44.05873]},"properties":{"annee":2020,"gravite":"grave","tues":0,"hospitalises":1,"legers":0,"total_blesses":1,"date":"18/02/2020 - 15h35","commune":"84082 - Mormoiron","adresse":"Route de Villes sur Auzon","milieu":"Hors agglomération"}},{"type":"Feature","geometry":{"type":"Point","coordinates":[5.25778,43.92375]},"properties":{"annee":2020,"gravite":"grave","tues":0,"hospitalises":1,"legers":0,"total_blesses":1,"date":"07/08/2020 - 19h18","commune":"84057 - Joucas","adresse":"D102","milieu":"Hors agglomération"}},{"type":"Feature","geometry":{"type":"Point","coordinates":[5.39752,43.87376]},"properties":{"annee":2020,"gravite":"grave","tues":0,"hospitalises":1,"legers":0,"total_blesses":1,"date":"10/04/2020 - 16h45","commune":"84003 - Apt","adresse":"Cours Lauze de Perret","milieu":"En agglomération"}},{"type":"Feature","geometry":{"type":"Point","coordinates":[4.9475,43.90132]},"properties":{"annee":2020,"gravite":"leger","tues":0,"hospitalises":0,"legers":1,"total_blesses":1,"date":"04/11/2020 - 18h30","commune":"84034 - Caumont-sur-Durance","adresse":"Route de Gadagne","milieu":"En agglomération"}},{"type":"Feature","geometry":{"type":"Point","coordinates":[5.0468,44.1403]},"properties":{"annee":2020,"gravite":"grave","tues":0,"hospitalises":1,"legers":0,"total_blesses":1,"date":"01/11/2020 - 14h00","commune":"84012 - Beaumes-de-Venise","adresse":"D90, route de Lafare","milieu":"Hors agglomération"}},{"type":"Feature","geometry":{"type":"Point","coordinates":[5.38496,43.87918]},"properties":{"annee":2020,"gravite":"grave","tues":0,"hospitalises":2,"legers":0,"total_blesses":2,"date":"02/10/2020 - 19h00","commune":"84003 - Apt","adresse":"Lieu dit le pont julien","milieu":"Hors agglomération"}},{"type":"Feature","geometry":{"type":"Point","coordinates":[4.87996,44.00325]},"properties":{"annee":2020,"gravite":"leger","tues":0,"hospitalises":0,"legers":1,"total_blesses":1,"date":"14/12/2020 - 18h20","commune":"84129 - Sorgues","adresse":"Boulevard Salvador Allende","milieu":"En agglomération"}},{"type":"Feature","geometry":{"type":"Point","coordinates":[5.10818,44.08172]},"properties":{"annee":2020,"gravite":"grave","tues":0,"hospitalises":1,"legers":0,"total_blesses":1,"date":"15/01/2020 - 02h00","commune":"84030 - Caromb","adresse":"RD 974","milieu":"Hors agglomération"}},{"type":"Feature","geometry":{"type":"Point","coordinates":[5.01358,43.94595]},"properties":{"annee":2020,"gravite":"leger","tues":0,"hospitalises":0,"legers":2,"total_blesses":2,"date":"05/07/2020 - 02h45","commune":"84142 - Velleron","adresse":"Avenue des Sorgues","milieu":"Hors agglomération"}},{"type":"Feature","geometry":{"type":"Point","coordinates":[4.76258,44.09205]},"properties":{"annee":2020,"gravite":"mortel","tues":1,"hospitalises":0,"legers":0,"total_blesses":0,"date":"31/10/2020 - 02h00","commune":"84027 - Caderousse","adresse":"D237","milieu":"Hors agglomération"}},{"type":"Feature","geometry":{"type":"Point","coordinates":[5.14741,44.15597]},"properties":{"annee":2020,"gravite":"grave","tues":0,"hospitalises":1,"legers":0,"total_blesses":1,"date":"26/07/2020 - 12h30","commune":"84069 - Malaucène","adresse":"D974","milieu":"Hors agglomération"}},{"type":"Feature","geometry":{"type":"Point","coordinates":[5.10345,44.06033]},"properties":{"annee":2020,"gravite":"grave","tues":0,"hospitalises":1,"legers":0,"total_blesses":1,"date":"03/06/2020 - 17h40","commune":"84072 - Mazan","adresse":"Route de Carpentras","milieu":"Hors agglomération"}},{"type":"Feature","geometry":{"type":"Point","coordinates":[5.04121,44.07466]},"properties":{"annee":2020,"gravite":"grave","tues":0,"hospitalises":1,"legers":0,"total_blesses":1,"date":"17/09/2020 - 07h50","commune":"84031 - Carpentras","adresse":"AUBIGNAN CHEMIN LIMITE D'","milieu":"Hors agglomération"}},{"type":"Feature","geometry":{"type":"Point","coordinates":[5.03899,44.03286]},"properties":{"annee":2020,"gravite":"grave","tues":0,"hospitalises":1,"legers":0,"total_blesses":1,"date":"08/09/2020 - 13h50","commune":"84031 - Carpentras","adresse":"VELLERON ROUTE DE","milieu":"Hors agglomération"}},{"type":"Feature","geometry":{"type":"Point","coordinates":[5.00926,44.01256]},"properties":{"annee":2020,"gravite":"grave","tues":0,"hospitalises":1,"legers":2,"total_blesses":3,"date":"04/09/2020 - 16h50","commune":"84080 - Monteux","adresse":"VELLERON ROUTE DE","milieu":"En agglomération"}},{"type":"Feature","geometry":{"type":"Point","coordinates":[5.00621,44.04536]},"properties":{"annee":2020,"gravite":"grave","tues":0,"hospitalises":1,"legers":0,"total_blesses":1,"date":"02/09/2020 - 16h35","commune":"84031 - Carpentras","adresse":"CD 942","milieu":"Hors agglomération"}},{"type":"Feature","geometry":{"type":"Point","coordinates":[5.5019,43.69856]},"properties":{"annee":2020,"gravite":"grave","tues":0,"hospitalises":1,"legers":0,"total_blesses":1,"date":"30/09/2020 - 05h50","commune":"84089 - Pertuis","adresse":"Boulevard Jean Guigues","milieu":"En agglomération"}},{"type":"Feature","geometry":{"type":"Point","coordinates":[4.75805,44.17887]},"properties":{"annee":2020,"gravite":"leger","tues":0,"hospitalises":0,"legers":2,"total_blesses":2,"date":"04/07/2020 - 20h15","commune":"84091 - Piolenc","adresse":"Route des Mians","milieu":"Hors agglomération"}},{"type":"Feature","geometry":{"type":"Point","coordinates":[5.34146,43.81032]},"properties":{"annee":2020,"gravite":"grave","tues":0,"hospitalises":1,"legers":0,"total_blesses":1,"date":"04/07/2020 - 14h20","commune":"84020 - Bonnieux","adresse":"D943","milieu":"Hors agglomération"}},{"type":"Feature","geometry":{"type":"Point","coordinates":[5.5649,43.69946]},"properties":{"annee":2020,"gravite":"leger","tues":0,"hospitalises":0,"legers":1,"total_blesses":1,"date":"14/02/2020 - 14h50","commune":"84010 - La Bastidonne","adresse":"Route de Mirabeau (Pont)","milieu":"Hors agglomération"}},{"type":"Feature","geometry":{"type":"Point","coordinates":[5.25248,43.92834]},"properties":{"annee":2020,"gravite":"grave","tues":0,"hospitalises":1,"legers":0,"total_blesses":1,"date":"27/09/2020 - 03h49","commune":"84057 - Joucas","adresse":"D102A","milieu":"Hors agglomération"}},{"type":"Feature","geometry":{"type":"Point","coordinates":[4.8025,44.1362]},"properties":{"annee":2020,"gravite":"grave","tues":0,"hospitalises":1,"legers":0,"total_blesses":1,"date":"31/07/2020 - 10h05","commune":"84087 - Orange","adresse":"GAULLE (AVENUE CHARLES DE)","milieu":"En agglomération"}},{"type":"Feature","geometry":{"type":"Point","coordinates":[4.79364,43.9426]},"properties":{"annee":2020,"gravite":"grave","tues":0,"hospitalises":1,"legers":0,"total_blesses":1,"date":"29/06/2020 - 08h25","commune":"84007 - Avignon","adresse":"C.De GAULLE (Rocade)","milieu":"En agglomération"}},{"type":"Feature","geometry":{"type":"Point","coordinates":[4.85456,43.96102]},"properties":{"annee":2020,"gravite":"grave","tues":0,"hospitalises":1,"legers":0,"total_blesses":1,"date":"06/06/2020 - 01h10","commune":"84092 - Le Pontet","adresse":"Rue Albert Camus","milieu":"En agglomération"}},{"type":"Feature","geometry":{"type":"Point","coordinates":[4.79622,44.15986]},"properties":{"annee":2020,"gravite":"grave","tues":0,"hospitalises":1,"legers":2,"total_blesses":3,"date":"23/06/2020 - 09h50","commune":"84087 - Orange","adresse":"LYON (ROUTE DE)","milieu":"Hors agglomération"}},{"type":"Feature","geometry":{"type":"Point","coordinates":[4.79557,44.06391]},"properties":{"annee":2020,"gravite":"grave","tues":0,"hospitalises":1,"legers":1,"total_blesses":2,"date":"03/07/2020 - 16h00","commune":"84037 - Châteauneuf-du-Pape","adresse":"2268 Route de Roquemaure","milieu":"Hors agglomération"}},{"type":"Feature","geometry":{"type":"Point","coordinates":[4.83365,44.05647]},"properties":{"annee":2020,"gravite":"leger","tues":0,"hospitalises":0,"legers":1,"total_blesses":1,"date":"03/07/2020 - 18h10","commune":"84037 - Châteauneuf-du-Pape","adresse":"Chemin des Consuls","milieu":"En agglomération"}},{"type":"Feature","geometry":{"type":"Point","coordinates":[4.94274,43.93079]},"properties":{"annee":2020,"gravite":"grave","tues":0,"hospitalises":2,"legers":0,"total_blesses":2,"date":"29/08/2020 - 20h04","commune":"84036 - Châteauneuf-de-Gadagne","adresse":"3 Lotissement Parc des Felibres","milieu":"Hors agglomération"}},{"type":"Feature","geometry":{"type":"Point","coordinates":[4.79389,43.94534]},"properties":{"annee":2020,"gravite":"leger","tues":0,"hospitalises":0,"legers":1,"total_blesses":1,"date":"24/08/2020 - 12h50","commune":"84007 - Avignon","adresse":"PIOT (parking de l'ile)","milieu":"En agglomération"}},{"type":"Feature","geometry":{"type":"Point","coordinates":[5.23314,44.05797]},"properties":{"annee":2020,"gravite":"leger","tues":0,"hospitalises":0,"legers":2,"total_blesses":2,"date":"12/01/2020 - 11h55","commune":"84148 - Villes-sur-Auzon","adresse":"3 Le Cours","milieu":"En agglomération"}},{"type":"Feature","geometry":{"type":"Point","coordinates":[5.01448,43.90352]},"properties":{"annee":2020,"gravite":"grave","tues":0,"hospitalises":1,"legers":0,"total_blesses":1,"date":"13/01/2020 - 07h50","commune":"84132 - Le Thor","adresse":"Route de Fontaine de Vaucluse","milieu":"Hors agglomération"}},{"type":"Feature","geometry":{"type":"Point","coordinates":[5.37761,43.8759]},"properties":{"annee":2020,"gravite":"grave","tues":0,"hospitalises":1,"legers":0,"total_blesses":1,"date":"11/01/2020 - 17h00","commune":"84003 - Apt","adresse":"Avenue de Marseille","milieu":"En agglomération"}},{"type":"Feature","geometry":{"type":"Point","coordinates":[4.90164,43.93411]},"properties":{"annee":2020,"gravite":"leger","tues":0,"hospitalises":0,"legers":5,"total_blesses":5,"date":"29/06/2020 - 20h30","commune":"84081 - Morières-lès-Avignon","adresse":"Avenue du General Leclerc","milieu":"En agglomération"}},{"type":"Feature","geometry":{"type":"Point","coordinates":[5.12361,43.84751]},"properties":{"annee":2020,"gravite":"grave","tues":0,"hospitalises":2,"legers":0,"total_blesses":2,"date":"15/03/2020 - 10h15","commune":"84071 - Maubec","adresse":"300 Chemin du Carraire","milieu":"Hors agglomération"}},{"type":"Feature","geometry":{"type":"Point","coordinates":[4.95808,43.92926]},"properties":{"annee":2020,"gravite":"leger","tues":0,"hospitalises":0,"legers":2,"total_blesses":2,"date":"01/09/2020 - 21h00","commune":"84036 - Châteauneuf-de-Gadagne","adresse":"957 Chemin Donne","milieu":"En agglomération"}},{"type":"Feature","geometry":{"type":"Point","coordinates":[4.85589,43.94732]},"properties":{"annee":2020,"gravite":"grave","tues":0,"hospitalises":1,"legers":0,"total_blesses":1,"date":"07/02/2020 - 13h00","commune":"84007 - Avignon","adresse":"AMANDIER (Avenue de l')","milieu":"Hors agglomération"}},{"type":"Feature","geometry":{"type":"Point","coordinates":[5.08935,44.24462]},"properties":{"annee":2020,"gravite":"grave","tues":0,"hospitalises":1,"legers":0,"total_blesses":1,"date":"08/01/2020 - 20h45","commune":"84137 - Vaison-la-Romaine","adresse":"665 Avenue Marcel Pagnol","milieu":"En agglomération"}},{"type":"Feature","geometry":{"type":"Point","coordinates":[4.95699,44.37123]},"properties":{"annee":2020,"gravite":"mortel","tues":1,"hospitalises":2,"legers":2,"total_blesses":4,"date":"30/05/2020 - 02h30","commune":"84138 - Valréas","adresse":"D142","milieu":"Hors agglomération"}},{"type":"Feature","geometry":{"type":"Point","coordinates":[5.18091,43.75302]},"properties":{"annee":2020,"gravite":"grave","tues":0,"hospitalises":1,"legers":0,"total_blesses":1,"date":"10/12/2020 - 01h05","commune":"84074 - Mérindol","adresse":"D32","milieu":"Hors agglomération"}},{"type":"Feature","geometry":{"type":"Point","coordinates":[5.38496,43.87918]},"properties":{"annee":2020,"gravite":"grave","tues":0,"hospitalises":1,"legers":1,"total_blesses":2,"date":"30/07/2020 - 22h10","commune":"84003 - Apt","adresse":"D900 -- Lieu dit Pont Julien","milieu":"Hors agglomération"}},{"type":"Feature","geometry":{"type":"Point","coordinates":[5.05267,44.10293]},"properties":{"annee":2020,"gravite":"leger","tues":0,"hospitalises":0,"legers":1,"total_blesses":1,"date":"11/10/2020 - 20h00","commune":"84004 - Aubignan","adresse":"Route de Caromb","milieu":"Hors agglomération"}},{"type":"Feature","geometry":{"type":"Point","coordinates":[4.73462,44.24239]},"properties":{"annee":2020,"gravite":"grave","tues":0,"hospitalises":1,"legers":0,"total_blesses":1,"date":"22/09/2020 - 17h45","commune":"84078 - Mondragon","adresse":"face au 1321 Chemin des Fumades","milieu":"Hors agglomération"}},{"type":"Feature","geometry":{"type":"Point","coordinates":[4.75077,44.28509]},"properties":{"annee":2020,"gravite":"leger","tues":0,"hospitalises":0,"legers":1,"total_blesses":1,"date":"30/06/2020 - 15h38","commune":"84019 - Bollène","adresse":"Avenue Jean Giono","milieu":"En agglomération"}},{"type":"Feature","geometry":{"type":"Point","coordinates":[5.42615,43.86501]},"properties":{"annee":2020,"gravite":"grave","tues":0,"hospitalises":1,"legers":0,"total_blesses":1,"date":"14/03/2020 - 03h30","commune":"84105 - Saignon","adresse":"Route Departementale 174","milieu":"En agglomération"}},{"type":"Feature","geometry":{"type":"Point","coordinates":[4.85664,43.97175]},"properties":{"annee":2020,"gravite":"grave","tues":0,"hospitalises":2,"legers":0,"total_blesses":2,"date":"15/03/2020 - 00h15","commune":"84092 - Le Pontet","adresse":"540 Chemin des Broutières","milieu":"En agglomération"}},{"type":"Feature","geometry":{"type":"Point","coordinates":[4.87557,44.16201]},"properties":{"annee":2020,"gravite":"grave","tues":0,"hospitalises":1,"legers":0,"total_blesses":1,"date":"30/08/2020 - 15h20","commune":"84029 - Camaret-sur-Aigues","adresse":"95 Avenue Louis Pasteur","milieu":"En agglomération"}},{"type":"Feature","geometry":{"type":"Point","coordinates":[5.49524,44.02795]},"properties":{"annee":2020,"gravite":"grave","tues":0,"hospitalises":1,"legers":0,"total_blesses":1,"date":"28/08/2020 - 18h07","commune":"84107 - Saint-Christol","adresse":"D30","milieu":"En agglomération"}},{"type":"Feature","geometry":{"type":"Point","coordinates":[4.76823,44.16472]},"properties":{"annee":2020,"gravite":"grave","tues":0,"hospitalises":1,"legers":0,"total_blesses":1,"date":"30/08/2020 - 11h40","commune":"84091 - Piolenc","adresse":"Route Nationale 7","milieu":"Hors agglomération"}},{"type":"Feature","geometry":{"type":"Point","coordinates":[4.98452,43.95712]},"properties":{"annee":2020,"gravite":"mortel","tues":1,"hospitalises":0,"legers":0,"total_blesses":0,"date":"07/12/2020 - 16h30","commune":"84132 - Le Thor","adresse":"3008 Route d'Orange","milieu":"Hors agglomération"}},{"type":"Feature","geometry":{"type":"Point","coordinates":[4.82968,43.95102]},"properties":{"annee":2020,"gravite":"leger","tues":0,"hospitalises":0,"legers":2,"total_blesses":2,"date":"06/07/2020 - 16h40","commune":"84007 - Avignon","adresse":"MORIERES (Route de )","milieu":"En agglomération"}},{"type":"Feature","geometry":{"type":"Point","coordinates":[5.31222,43.74588]},"properties":{"annee":2020,"gravite":"leger","tues":0,"hospitalises":0,"legers":1,"total_blesses":1,"date":"30/08/2020 - 18h45","commune":"84065 - Lauris","adresse":"Rue du Portail","milieu":"En agglomération"}},{"type":"Feature","geometry":{"type":"Point","coordinates":[4.81693,43.92937]},"properties":{"annee":2020,"gravite":"grave","tues":0,"hospitalises":1,"legers":0,"total_blesses":1,"date":"23/09/2020 - 14h40","commune":"84007 - Avignon","adresse":"C.De GAULLE (Rocade)","milieu":"En agglomération"}},{"type":"Feature","geometry":{"type":"Point","coordinates":[5.60464,43.76897]},"properties":{"annee":2020,"gravite":"grave","tues":0,"hospitalises":1,"legers":0,"total_blesses":1,"date":"05/12/2020 - 08h50","commune":"84052 - Grambois","adresse":"D 956 PK 9 + 500","milieu":"Hors agglomération"}},{"type":"Feature","geometry":{"type":"Point","coordinates":[4.73462,44.24239]},"properties":{"annee":2020,"gravite":"grave","tues":0,"hospitalises":1,"legers":0,"total_blesses":1,"date":"09/01/2020 - 13h50","commune":"84078 - Mondragon","adresse":"Quartier les genestes","milieu":"Hors agglomération"}},{"type":"Feature","geometry":{"type":"Point","coordinates":[5.48431,43.68386]},"properties":{"annee":2020,"gravite":"grave","tues":0,"hospitalises":1,"legers":1,"total_blesses":2,"date":"27/07/2020 - 14h20","commune":"84089 - Pertuis","adresse":"D973","milieu":"En agglomération"}},{"type":"Feature","geometry":{"type":"Point","coordinates":[4.94055,43.94828]},"properties":{"annee":2020,"gravite":"grave","tues":0,"hospitalises":1,"legers":0,"total_blesses":1,"date":"25/09/2020 - 12h55","commune":"84055 - Jonquerettes","adresse":"Route de Caumont","milieu":"En agglomération"}},{"type":"Feature","geometry":{"type":"Point","coordinates":[4.85065,44.11205]},"properties":{"annee":2020,"gravite":"grave","tues":0,"hospitalises":1,"legers":0,"total_blesses":1,"date":"24/07/2020 - 08h28","commune":"84087 - Orange","adresse":"SYRAH (GIRATOIRE)","milieu":"En agglomération"}},{"type":"Feature","geometry":{"type":"Point","coordinates":[5.33778,43.88901]},"properties":{"annee":2020,"gravite":"leger","tues":0,"hospitalises":0,"legers":3,"total_blesses":3,"date":"08/01/2020 - 12h30","commune":"84047 - Gargas","adresse":"D4","milieu":"Hors agglomération"}},{"type":"Feature","geometry":{"type":"Point","coordinates":[4.79685,43.95243]},"properties":{"annee":2020,"gravite":"grave","tues":0,"hospitalises":1,"legers":0,"total_blesses":1,"date":"23/06/2020 - 17h20","commune":"84007 - Avignon","adresse":"ROYAUME et DALADIER (Pont)","milieu":"En agglomération"}},{"type":"Feature","geometry":{"type":"Point","coordinates":[4.92003,44.39733]},"properties":{"annee":2020,"gravite":"grave","tues":0,"hospitalises":1,"legers":0,"total_blesses":1,"date":"25/07/2020 - 21h00","commune":"84053 - Grillon","adresse":"Route de Grignan","milieu":"Hors agglomération"}},{"type":"Feature","geometry":{"type":"Point","coordinates":[4.86471,43.92251]},"properties":{"annee":2020,"gravite":"leger","tues":0,"hospitalises":0,"legers":2,"total_blesses":2,"date":"23/08/2020 - 09h20","commune":"84007 - Avignon","adresse":"MISTRAL7  (Parking C.Commercial)","milieu":"Hors agglomération"}},{"type":"Feature","geometry":{"type":"Point","coordinates":[5.02522,44.10582]},"properties":{"annee":2020,"gravite":"grave","tues":0,"hospitalises":1,"legers":0,"total_blesses":1,"date":"11/03/2020 - 18h45","commune":"84004 - Aubignan","adresse":"542 Avenue Anselme Mathieu","milieu":"En agglomération"}},{"type":"Feature","geometry":{"type":"Point","coordinates":[4.80927,43.92209]},"properties":{"annee":2020,"gravite":"grave","tues":0,"hospitalises":1,"legers":0,"total_blesses":1,"date":"01/01/2020 - 04h40","commune":"84007 - Avignon","adresse":"TARASCON ( Avenue de)","milieu":"Hors agglomération"}},{"type":"Feature","geometry":{"type":"Point","coordinates":[5.24426,44.05551]},"properties":{"annee":2020,"gravite":"grave","tues":0,"hospitalises":1,"legers":0,"total_blesses":1,"date":"26/07/2020 - 14h45","commune":"84148 - Villes-sur-Auzon","adresse":"D942","milieu":"Hors agglomération"}},{"type":"Feature","geometry":{"type":"Point","coordinates":[5.39212,43.72019]},"properties":{"annee":2020,"gravite":"leger","tues":0,"hospitalises":0,"legers":1,"total_blesses":1,"date":"28/06/2020 - 19h55","commune":"84026 - Cadenet","adresse":"D973","milieu":"Hors agglomération"}},{"type":"Feature","geometry":{"type":"Point","coordinates":[5.0539,43.83947]},"properties":{"annee":2020,"gravite":"grave","tues":0,"hospitalises":1,"legers":0,"total_blesses":1,"date":"15/05/2020 - 12h15","commune":"84035 - Cavaillon","adresse":"ROBION (AVENUE DE)","milieu":"En agglomération"}},{"type":"Feature","geometry":{"type":"Point","coordinates":[4.7818,44.1352]},"properties":{"annee":2020,"gravite":"grave","tues":0,"hospitalises":1,"legers":0,"total_blesses":1,"date":"22/10/2020 - 03h40","commune":"84087 - Orange","adresse":"MARTIGNAN (CHEMIN)","milieu":"Hors agglomération"}},{"type":"Feature","geometry":{"type":"Point","coordinates":[5.1204,44.00696]},"properties":{"annee":2020,"gravite":"grave","tues":0,"hospitalises":1,"legers":0,"total_blesses":1,"date":"23/10/2020 - 01h25","commune":"84143 - Venasque","adresse":"D28","milieu":"Hors agglomération"}},{"type":"Feature","geometry":{"type":"Point","coordinates":[4.83211,43.94059]},"properties":{"annee":2020,"gravite":"mortel","tues":1,"hospitalises":2,"legers":0,"total_blesses":2,"date":"21/09/2020 - 17h35","commune":"84007 - Avignon","adresse":"C.De GAULLE (Rocade)","milieu":"Hors agglomération"}},{"type":"Feature","geometry":{"type":"Point","coordinates":[5.38615,43.87872]},"properties":{"annee":2020,"gravite":"leger","tues":0,"hospitalises":0,"legers":1,"total_blesses":1,"date":"22/09/2020 - 09h40","commune":"84003 - Apt","adresse":"Avenue Victor Hugo","milieu":"En agglomération"}},{"type":"Feature","geometry":{"type":"Point","coordinates":[4.83839,44.14533]},"properties":{"annee":2020,"gravite":"mortel","tues":1,"hospitalises":0,"legers":0,"total_blesses":0,"date":"01/03/2020 - 02h10","commune":"84087 - Orange","adresse":"CAMARET (ROUTE DE)","milieu":"En agglomération"}},{"type":"Feature","geometry":{"type":"Point","coordinates":[4.82534,43.93069]},"properties":{"annee":2020,"gravite":"grave","tues":0,"hospitalises":1,"legers":2,"total_blesses":3,"date":"08/03/2020 - 05h10","commune":"84007 - Avignon","adresse":"C.De GAULLE (Rocade)","milieu":"En agglomération"}},{"type":"Feature","geometry":{"type":"Point","coordinates":[4.86345,43.97649]},"properties":{"annee":2020,"gravite":"grave","tues":0,"hospitalises":1,"legers":0,"total_blesses":1,"date":"28/08/2020 - 02h30","commune":"84092 - Le Pontet","adresse":"Chemin Panisset","milieu":"En agglomération"}},{"type":"Feature","geometry":{"type":"Point","coordinates":[5.24423,44.05549]},"properties":{"annee":2020,"gravite":"mortel","tues":1,"hospitalises":0,"legers":0,"total_blesses":0,"date":"25/05/2020 - 19h40","commune":"84148 - Villes-sur-Auzon","adresse":"Route de la Nesque","milieu":"Hors agglomération"}},{"type":"Feature","geometry":{"type":"Point","coordinates":[5.40336,43.71971]},"properties":{"annee":2020,"gravite":"leger","tues":0,"hospitalises":0,"legers":1,"total_blesses":1,"date":"26/07/2020 - 08h30","commune":"84026 - Cadenet","adresse":"Route de Pertuis","milieu":"Hors agglomération"}},{"type":"Feature","geometry":{"type":"Point","coordinates":[5.49617,43.6956]},"properties":{"annee":2020,"gravite":"grave","tues":0,"hospitalises":1,"legers":0,"total_blesses":1,"date":"20/10/2020 - 11h30","commune":"84089 - Pertuis","adresse":"Boulevard Jean Guigues","milieu":"En agglomération"}},{"type":"Feature","geometry":{"type":"Point","coordinates":[5.00245,43.90578]},"properties":{"annee":2020,"gravite":"grave","tues":0,"hospitalises":2,"legers":1,"total_blesses":3,"date":"04/01/2020 - 16h00","commune":"84132 - Le Thor","adresse":"Route des Vignères","milieu":"Hors agglomération"}},{"type":"Feature","geometry":{"type":"Point","coordinates":[4.8237,43.9311]},"properties":{"annee":2020,"gravite":"grave","tues":0,"hospitalises":1,"legers":0,"total_blesses":1,"date":"14/09/2020 - 14h40","commune":"84007 - Avignon","adresse":"SOURCES (Avenue des)","milieu":"En agglomération"}},{"type":"Feature","geometry":{"type":"Point","coordinates":[5.03151,44.06416]},"properties":{"annee":2020,"gravite":"mortel","tues":1,"hospitalises":0,"legers":0,"total_blesses":0,"date":"18/10/2020 - 01h50","commune":"84031 - Carpentras","adresse":"ORANGE (ROUTE)","milieu":"Hors agglomération"}},{"type":"Feature","geometry":{"type":"Point","coordinates":[4.99825,44.38536]},"properties":{"annee":2020,"gravite":"grave","tues":0,"hospitalises":1,"legers":0,"total_blesses":1,"date":"23/05/2020 - 03h50","commune":"84138 - Valréas","adresse":"79 Route de Nyons","milieu":"En agglomération"}},{"type":"Feature","geometry":{"type":"Point","coordinates":[4.81437,43.93436]},"properties":{"annee":2020,"gravite":"grave","tues":0,"hospitalises":1,"legers":0,"total_blesses":1,"date":"23/11/2020 - 17h10","commune":"84007 - Avignon","adresse":"MOULIN NOTRE DAME (Rue)","milieu":"En agglomération"}},{"type":"Feature","geometry":{"type":"Point","coordinates":[5.02467,44.03506]},"properties":{"annee":2021,"gravite":"mortel","tues":1,"hospitalises":0,"legers":0,"total_blesses":0,"date":"01/11/2021 - 16h24","commune":"84080 - Monteux","adresse":"chemin saint gens","milieu":"En agglomération"}},{"type":"Feature","geometry":{"type":"Point","coordinates":[4.95442,44.16972]},"properties":{"annee":2021,"gravite":"grave","tues":0,"hospitalises":1,"legers":0,"total_blesses":1,"date":"30/08/2021 - 07h00","commune":"84149 - Violès","adresse":"RD 977","milieu":"Hors agglomération"}},{"type":"Feature","geometry":{"type":"Point","coordinates":[4.87129,43.93568]},"properties":{"annee":2021,"gravite":"grave","tues":0,"hospitalises":1,"legers":0,"total_blesses":1,"date":"30/12/2021 - 16h45","commune":"84007 - Avignon","adresse":"PLACE DE L'EGLISE","milieu":"En agglomération"}},{"type":"Feature","geometry":{"type":"Point","coordinates":[5.04821,44.04609]},"properties":{"annee":2021,"gravite":"grave","tues":0,"hospitalises":1,"legers":0,"total_blesses":1,"date":"29/05/2021 - 18h20","commune":"84031 - Carpentras","adresse":"GIRAUD BOULEVARD LOUIS","milieu":"En agglomération"}},{"type":"Feature","geometry":{"type":"Point","coordinates":[4.82725,43.9407]},"properties":{"annee":2021,"gravite":"grave","tues":0,"hospitalises":1,"legers":0,"total_blesses":1,"date":"10/10/2021 - 10h30","commune":"84007 - Avignon","adresse":"MONTFAVET (Route)","milieu":"En agglomération"}},{"type":"Feature","geometry":{"type":"Point","coordinates":[4.82317,43.94185]},"properties":{"annee":2021,"gravite":"leger","tues":0,"hospitalises":0,"legers":1,"total_blesses":1,"date":"22/12/2021 - 12h30","commune":"84007 - Avignon","adresse":"MONTFAVET (Route)","milieu":"En agglomération"}},{"type":"Feature","geometry":{"type":"Point","coordinates":[4.88553,43.98479]},"properties":{"annee":2021,"gravite":"leger","tues":0,"hospitalises":0,"legers":1,"total_blesses":1,"date":"03/12/2021 - 15h20","commune":"84129 - Sorgues","adresse":"avenue marcel pagnol","milieu":"En agglomération"}},{"type":"Feature","geometry":{"type":"Point","coordinates":[4.8199,43.94852]},"properties":{"annee":2021,"gravite":"grave","tues":0,"hospitalises":1,"legers":0,"total_blesses":1,"date":"27/12/2021 - 17h23","commune":"84007 - Avignon","adresse":"FOLIE (Avenue de la)","milieu":"En agglomération"}},{"type":"Feature","geometry":{"type":"Point","coordinates":[4.83818,43.92733]},"properties":{"annee":2021,"gravite":"grave","tues":0,"hospitalises":1,"legers":0,"total_blesses":1,"date":"29/12/2021 - 17h32","commune":"84007 - Avignon","adresse":"SEGHERS (rue Pierre)","milieu":"En agglomération"}},{"type":"Feature","geometry":{"type":"Point","coordinates":[4.83818,43.93013]},"properties":{"annee":2021,"gravite":"leger","tues":0,"hospitalises":0,"legers":1,"total_blesses":1,"date":"25/12/2021 - 20h20","commune":"84007 - Avignon","adresse":"Avenue Pierre Sémard","milieu":"En agglomération"}},{"type":"Feature","geometry":{"type":"Point","coordinates":[4.85508,44.15244]},"properties":{"annee":2021,"gravite":"grave","tues":0,"hospitalises":1,"legers":0,"total_blesses":1,"date":"29/12/2021 - 12h45","commune":"84029 - Camaret-sur-Aigues","adresse":"Route d Orange Rd975","milieu":"Hors agglomération"}},{"type":"Feature","geometry":{"type":"Point","coordinates":[5.11665,43.91879]},"properties":{"annee":2021,"gravite":"grave","tues":0,"hospitalises":1,"legers":1,"total_blesses":2,"date":"30/12/2021 - 16h20","commune":"84139 - Fontaine-de-Vaucluse","adresse":"D24","milieu":"En agglomération"}},{"type":"Feature","geometry":{"type":"Point","coordinates":[4.91652,43.99356]},"properties":{"annee":2021,"gravite":"grave","tues":0,"hospitalises":1,"legers":0,"total_blesses":1,"date":"16/12/2021 - 12h20","commune":"84043 - Entraigues-sur-la-Sorgue","adresse":"Avenue du Clapier","milieu":"En agglomération"}},{"type":"Feature","geometry":{"type":"Point","coordinates":[5.15145,43.8587]},"properties":{"annee":2021,"gravite":"mortel","tues":2,"hospitalises":0,"legers":0,"total_blesses":0,"date":"19/12/2021 - 19h30","commune":"84086 - Oppède","adresse":"route du plan","milieu":"Hors agglomération"}},{"type":"Feature","geometry":{"type":"Point","coordinates":[5.17305,44.03327]},"properties":{"annee":2021,"gravite":"leger","tues":0,"hospitalises":0,"legers":1,"total_blesses":1,"date":"11/12/2021 - 09h45","commune":"84070 - Malemort-du-Comtat","adresse":"Route de Blauvac","milieu":"En agglomération"}},{"type":"Feature","geometry":{"type":"Point","coordinates":[5.01793,43.9765]},"properties":{"annee":2021,"gravite":"mortel","tues":1,"hospitalises":0,"legers":3,"total_blesses":3,"date":"19/12/2021 - 13h45","commune":"84088 - Pernes-les-Fontaines","adresse":"RD31","milieu":"Hors agglomération"}},{"type":"Feature","geometry":{"type":"Point","coordinates":[5.31798,43.86687]},"properties":{"annee":2021,"gravite":"grave","tues":0,"hospitalises":1,"legers":1,"total_blesses":2,"date":"16/12/2021 - 08h45","commune":"84047 - Gargas","adresse":"D900","milieu":"Hors agglomération"}},{"type":"Feature","geometry":{"type":"Point","coordinates":[4.81811,44.14098]},"properties":{"annee":2021,"gravite":"grave","tues":0,"hospitalises":1,"legers":0,"total_blesses":1,"date":"14/12/2021 - 16h30","commune":"84087 - Orange","adresse":"CAMARET (ROUTE DE)","milieu":"En agglomération"}},{"type":"Feature","geometry":{"type":"Point","coordinates":[4.93114,43.95528]},"properties":{"annee":2021,"gravite":"leger","tues":0,"hospitalises":0,"legers":1,"total_blesses":1,"date":"12/12/2021 - 19h00","commune":"84119 - Saint-Saturnin-lès-Avignon","adresse":"Route du Puy","milieu":"En agglomération"}},{"type":"Feature","geometry":{"type":"Point","coordinates":[4.7979,44.12871]},"properties":{"annee":2021,"gravite":"grave","tues":0,"hospitalises":1,"legers":0,"total_blesses":1,"date":"09/12/2021 - 13h30","commune":"84087 - Orange","adresse":"PINAY (AVENUE ANTOINE)","milieu":"En agglomération"}},{"type":"Feature","geometry":{"type":"Point","coordinates":[4.81089,43.92876]},"properties":{"annee":2021,"gravite":"grave","tues":0,"hospitalises":1,"legers":0,"total_blesses":1,"date":"08/12/2021 - 18h00","commune":"84007 - Avignon","adresse":"C.De GAULLE (Rocade)","milieu":"Hors agglomération"}},{"type":"Feature","geometry":{"type":"Point","coordinates":[4.89048,43.98571]},"properties":{"annee":2021,"gravite":"leger","tues":0,"hospitalises":0,"legers":1,"total_blesses":1,"date":"08/12/2021 - 16h45","commune":"84129 - Sorgues","adresse":"CD942","milieu":"Hors agglomération"}},{"type":"Feature","geometry":{"type":"Point","coordinates":[4.81629,43.92923]},"properties":{"annee":2021,"gravite":"grave","tues":0,"hospitalises":1,"legers":0,"total_blesses":1,"date":"03/12/2021 - 17h00","commune":"84007 - Avignon","adresse":"VENUS D'ARLES (Rue de la)","milieu":"En agglomération"}},{"type":"Feature","geometry":{"type":"Point","coordinates":[5.55136,43.89439]},"properties":{"annee":2021,"gravite":"grave","tues":0,"hospitalises":1,"legers":1,"total_blesses":2,"date":"05/12/2021 - 07h00","commune":"84144 - Viens","adresse":"PK 6+500, D190","milieu":"Hors agglomération"}},{"type":"Feature","geometry":{"type":"Point","coordinates":[5.11371,43.87176]},"properties":{"annee":2021,"gravite":"grave","tues":0,"hospitalises":1,"legers":0,"total_blesses":1,"date":"11/11/2021 - 17h40","commune":"84062 - Lagnes","adresse":"D901","milieu":"Hors agglomération"}},{"type":"Feature","geometry":{"type":"Point","coordinates":[4.95217,44.0934]},"properties":{"annee":2021,"gravite":"leger","tues":0,"hospitalises":0,"legers":1,"total_blesses":1,"date":"03/12/2021 - 07h30","commune":"84122 - Sarrians","adresse":"664 Route d Orange","milieu":"Hors agglomération"}},{"type":"Feature","geometry":{"type":"Point","coordinates":[5.05616,43.91111]},"properties":{"annee":2021,"gravite":"grave","tues":0,"hospitalises":1,"legers":0,"total_blesses":1,"date":"10/06/2021 - 16h50","commune":"84054 - L'Isle-sur-la-Sorgue","adresse":"Cours René Char","milieu":"En agglomération"}},{"type":"Feature","geometry":{"type":"Point","coordinates":[4.98761,44.3842]},"properties":{"annee":2021,"gravite":"grave","tues":0,"hospitalises":1,"legers":1,"total_blesses":2,"date":"30/11/2021 - 14h30","commune":"84138 - Valréas","adresse":"Avenue Charles de Gaulle","milieu":"En agglomération"}},{"type":"Feature","geometry":{"type":"Point","coordinates":[5.04871,44.06062]},"properties":{"annee":2021,"gravite":"grave","tues":0,"hospitalises":1,"legers":0,"total_blesses":1,"date":"19/11/2021 - 12h45","commune":"84031 - Carpentras","adresse":"NOTRE DAME DE SANTE AVENUE","milieu":"En agglomération"}},{"type":"Feature","geometry":{"type":"Point","coordinates":[5.1471,44.22577]},"properties":{"annee":2021,"gravite":"grave","tues":0,"hospitalises":1,"legers":0,"total_blesses":1,"date":"26/11/2021 - 18h05","commune":"84044 - Entrechaux","adresse":"route de mollans sur ouveze","milieu":"Hors agglomération"}},{"type":"Feature","geometry":{"type":"Point","coordinates":[5.08268,44.24174]},"properties":{"annee":2021,"gravite":"grave","tues":0,"hospitalises":1,"legers":0,"total_blesses":1,"date":"27/11/2021 - 17h35","commune":"84137 - Vaison-la-Romaine","adresse":"Avenue des Choralies","milieu":"En agglomération"}},{"type":"Feature","geometry":{"type":"Point","coordinates":[4.94623,44.22624]},"properties":{"annee":2021,"gravite":"mortel","tues":1,"hospitalises":0,"legers":0,"total_blesses":0,"date":"27/11/2021 - 17h30","commune":"84028 - Cairanne","adresse":"1225 Route de Vaison","milieu":"Hors agglomération"}},{"type":"Feature","geometry":{"type":"Point","coordinates":[4.94341,43.94579]},"properties":{"annee":2021,"gravite":"grave","tues":0,"hospitalises":1,"legers":0,"total_blesses":1,"date":"25/11/2021 - 20h35","commune":"84055 - Jonquerettes","adresse":"route de CAUMONT","milieu":"Hors agglomération"}},{"type":"Feature","geometry":{"type":"Point","coordinates":[4.79974,43.95157]},"properties":{"annee":2021,"gravite":"mortel","tues":1,"hospitalises":1,"legers":3,"total_blesses":4,"date":"04/09/2021 - 05h45","commune":"84007 - Avignon","adresse":"DALADIER (Pont)","milieu":"En agglomération"}},{"type":"Feature","geometry":{"type":"Point","coordinates":[4.80563,43.92884]},"properties":{"annee":2021,"gravite":"grave","tues":0,"hospitalises":1,"legers":0,"total_blesses":1,"date":"07/11/2021 - 19h20","commune":"84007 - Avignon","adresse":"CHARLES DE GAULLE","milieu":"En agglomération"}},{"type":"Feature","geometry":{"type":"Point","coordinates":[5.04471,44.05459]},"properties":{"annee":2021,"gravite":"grave","tues":0,"hospitalises":1,"legers":0,"total_blesses":1,"date":"06/11/2021 - 11h45","commune":"84031 - Carpentras","adresse":"DURAND BOULEVARD ALBIN","milieu":"En agglomération"}},{"type":"Feature","geometry":{"type":"Point","coordinates":[5.56259,43.72669]},"properties":{"annee":2021,"gravite":"grave","tues":0,"hospitalises":1,"legers":0,"total_blesses":1,"date":"19/11/2021 - 17h05","commune":"84133 - La Tour-d'Aigues","adresse":"route de la bastidonne","milieu":"Hors agglomération"}},{"type":"Feature","geometry":{"type":"Point","coordinates":[4.97317,44.0358]},"properties":{"annee":2021,"gravite":"grave","tues":0,"hospitalises":1,"legers":0,"total_blesses":1,"date":"11/11/2021 - 15h30","commune":"84080 - Monteux","adresse":"CUGNOT JOSEPH","milieu":"En agglomération"}},{"type":"Feature","geometry":{"type":"Point","coordinates":[4.90248,43.979]},"properties":{"annee":2021,"gravite":"grave","tues":0,"hospitalises":1,"legers":0,"total_blesses":1,"date":"11/11/2021 - 16h05","commune":"84141 - Vedène","adresse":"Rue de Verdun","milieu":"En agglomération"}},{"type":"Feature","geometry":{"type":"Point","coordinates":[5.01316,44.22637]},"properties":{"annee":2021,"gravite":"mortel","tues":1,"hospitalises":1,"legers":0,"total_blesses":1,"date":"17/11/2021 - 12h00","commune":"84126 - Séguret","adresse":"D977","milieu":"Hors agglomération"}},{"type":"Feature","geometry":{"type":"Point","coordinates":[5.45101,43.70225]},"properties":{"annee":2021,"gravite":"leger","tues":0,"hospitalises":0,"legers":2,"total_blesses":2,"date":"13/11/2021 - 17h10","commune":"84147 - Villelaure","adresse":"Route de Pertuis","milieu":"Hors agglomération"}},{"type":"Feature","geometry":{"type":"Point","coordinates":[5.13164,44.17555]},"properties":{"annee":2021,"gravite":"grave","tues":0,"hospitalises":1,"legers":0,"total_blesses":1,"date":"28/10/2021 - 15h30","commune":"84069 - Malaucène","adresse":"Route de Veaux","milieu":"En agglomération"}},{"type":"Feature","geometry":{"type":"Point","coordinates":[5.08224,43.90373]},"properties":{"annee":2021,"gravite":"grave","tues":0,"hospitalises":1,"legers":0,"total_blesses":1,"date":"12/11/2021 - 07h45","commune":"84054 - L'Isle-sur-la-Sorgue","adresse":"D 901","milieu":"Hors agglomération"}},{"type":"Feature","geometry":{"type":"Point","coordinates":[4.84907,43.92477]},"properties":{"annee":2021,"gravite":"grave","tues":0,"hospitalises":1,"legers":0,"total_blesses":1,"date":"07/11/2021 - 05h25","commune":"84007 - Avignon","adresse":"MARSEILLE (Route de )","milieu":"Hors agglomération"}},{"type":"Feature","geometry":{"type":"Point","coordinates":[4.82773,43.95818]},"properties":{"annee":2021,"gravite":"leger","tues":0,"hospitalises":0,"legers":2,"total_blesses":2,"date":"05/11/2021 - 05h50","commune":"84007 - Avignon","adresse":"DOCTEUR PONS (Route touristique)","milieu":"En agglomération"}},{"type":"Feature","geometry":{"type":"Point","coordinates":[4.86909,43.99134]},"properties":{"annee":2021,"gravite":"grave","tues":0,"hospitalises":1,"legers":1,"total_blesses":2,"date":"04/11/2021 - 10h05","commune":"84129 - Sorgues","adresse":"Allée de la Traille","milieu":"En agglomération"}},{"type":"Feature","geometry":{"type":"Point","coordinates":[5.085,44.23651]},"properties":{"annee":2021,"gravite":"grave","tues":0,"hospitalises":1,"legers":0,"total_blesses":1,"date":"31/10/2021 - 19h50","commune":"84137 - Vaison-la-Romaine","adresse":"D151","milieu":"En agglomération"}},{"type":"Feature","geometry":{"type":"Point","coordinates":[4.86673,43.92128]},"properties":{"annee":2021,"gravite":"grave","tues":0,"hospitalises":1,"legers":0,"total_blesses":1,"date":"27/10/2021 - 09h05","commune":"84007 - Avignon","adresse":"MISTRAL7  (Parking C.Commercial)","milieu":"En agglomération"}},{"type":"Feature","geometry":{"type":"Point","coordinates":[4.8461,43.93667]},"properties":{"annee":2021,"gravite":"mortel","tues":1,"hospitalises":0,"legers":2,"total_blesses":2,"date":"24/10/2021 - 05h50","commune":"84007 - Avignon","adresse":"FONTCOUVERTE(Avenue de)","milieu":"En agglomération"}},{"type":"Feature","geometry":{"type":"Point","coordinates":[5.45497,43.70066]},"properties":{"annee":2021,"gravite":"leger","tues":0,"hospitalises":0,"legers":1,"total_blesses":1,"date":"28/10/2021 - 03h00","commune":"84089 - Pertuis","adresse":"RD 973","milieu":"Hors agglomération"}},{"type":"Feature","geometry":{"type":"Point","coordinates":[4.8581,43.97403]},"properties":{"annee":2021,"gravite":"mortel","tues":1,"hospitalises":0,"legers":0,"total_blesses":0,"date":"27/10/2021 - 20h40","commune":"84092 - Le Pontet","adresse":"Route de Sorgues","milieu":"En agglomération"}},{"type":"Feature","geometry":{"type":"Point","coordinates":[5.00915,44.01251]},"properties":{"annee":2021,"gravite":"leger","tues":0,"hospitalises":0,"legers":2,"total_blesses":2,"date":"22/10/2021 - 19h35","commune":"84080 - Monteux","adresse":"VELLERON ROUTE DE","milieu":"Hors agglomération"}},{"type":"Feature","geometry":{"type":"Point","coordinates":[4.80933,43.91887]},"properties":{"annee":2021,"gravite":"grave","tues":0,"hospitalises":1,"legers":0,"total_blesses":1,"date":"02/09/2021 - 16h45","commune":"84007 - Avignon","adresse":"TARASCON ( Avenue de)","milieu":"En agglomération"}},{"type":"Feature","geometry":{"type":"Point","coordinates":[5.69367,43.76852]},"properties":{"annee":2021,"gravite":"grave","tues":0,"hospitalises":1,"legers":0,"total_blesses":1,"date":"25/10/2021 - 17h00","commune":"84014 - Beaumont-de-Pertuis","adresse":"D198","milieu":"Hors agglomération"}},{"type":"Feature","geometry":{"type":"Point","coordinates":[4.79237,44.10981]},"properties":{"annee":2021,"gravite":"grave","tues":0,"hospitalises":1,"legers":0,"total_blesses":1,"date":"21/10/2021 - 07h10","commune":"84087 - Orange","adresse":"ROUTE DE ROQUEMAURE","milieu":"Hors agglomération"}},{"type":"Feature","geometry":{"type":"Point","coordinates":[4.81381,44.13283]},"properties":{"annee":2021,"gravite":"grave","tues":0,"hospitalises":1,"legers":0,"total_blesses":1,"date":"14/10/2021 - 12h05","commune":"84087 - Orange","adresse":"FOCH (AVENUE MARECHAL)","milieu":"En agglomération"}},{"type":"Feature","geometry":{"type":"Point","coordinates":[4.87961,43.94489]},"properties":{"annee":2021,"gravite":"leger","tues":0,"hospitalises":0,"legers":4,"total_blesses":4,"date":"16/10/2021 - 07h20","commune":"84007 - Avignon","adresse":"MORIERES (ROUTE DE) - MONTFAVET","milieu":"En agglomération"}},{"type":"Feature","geometry":{"type":"Point","coordinates":[4.83354,43.95895]},"properties":{"annee":2021,"gravite":"grave","tues":0,"hospitalises":1,"legers":0,"total_blesses":1,"date":"15/10/2021 - 07h15","commune":"84007 - Avignon","adresse":"DOCTEUR PONS (Route touristique)","milieu":"Hors agglomération"}},{"type":"Feature","geometry":{"type":"Point","coordinates":[4.82959,44.11162]},"properties":{"annee":2021,"gravite":"mortel","tues":1,"hospitalises":0,"legers":0,"total_blesses":0,"date":"24/09/2021 - 21h30","commune":"84087 - Orange","adresse":"A7 PK 171+500","milieu":"Hors agglomération"}},{"type":"Feature","geometry":{"type":"Point","coordinates":[4.85782,43.96121]},"properties":{"annee":2021,"gravite":"leger","tues":0,"hospitalises":0,"legers":1,"total_blesses":1,"date":"16/10/2021 - 20h09","commune":"84092 - Le Pontet","adresse":"16 avenue de la République","milieu":"En agglomération"}},{"type":"Feature","geometry":{"type":"Point","coordinates":[4.8199,43.9529]},"properties":{"annee":2021,"gravite":"grave","tues":0,"hospitalises":1,"legers":0,"total_blesses":1,"date":"09/10/2021 - 22h30","commune":"84007 - Avignon","adresse":"ITALIENS (avenue des )","milieu":"En agglomération"}},{"type":"Feature","geometry":{"type":"Point","coordinates":[5.34356,43.81171]},"properties":{"annee":2021,"gravite":"grave","tues":0,"hospitalises":1,"legers":0,"total_blesses":1,"date":"12/10/2021 - 19h15","commune":"84020 - Bonnieux","adresse":"D943","milieu":"Hors agglomération"}},{"type":"Feature","geometry":{"type":"Point","coordinates":[4.9946,44.19359]},"properties":{"annee":2021,"gravite":"leger","tues":0,"hospitalises":0,"legers":1,"total_blesses":1,"date":"12/10/2021 - 16h12","commune":"84104 - Sablet","adresse":"Chemin des Combes","milieu":"En agglomération"}},{"type":"Feature","geometry":{"type":"Point","coordinates":[4.83137,43.93402]},"properties":{"annee":2021,"gravite":"grave","tues":0,"hospitalises":3,"legers":0,"total_blesses":3,"date":"10/10/2021 - 03h25","commune":"84007 - Avignon","adresse":"C.De GAULLE (Rocade)","milieu":"En agglomération"}},{"type":"Feature","geometry":{"type":"Point","coordinates":[4.79766,43.92625]},"properties":{"annee":2021,"gravite":"mortel","tues":2,"hospitalises":1,"legers":0,"total_blesses":1,"date":"10/10/2021 - 03h17","commune":"84007 - Avignon","adresse":"CHARLES DE GAULLE","milieu":"En agglomération"}},{"type":"Feature","geometry":{"type":"Point","coordinates":[5.10924,43.77829]},"properties":{"annee":2021,"gravite":"grave","tues":0,"hospitalises":1,"legers":0,"total_blesses":1,"date":"11/10/2021 - 14h10","commune":"84038 - Cheval-Blanc","adresse":"D973","milieu":"Hors agglomération"}},{"type":"Feature","geometry":{"type":"Point","coordinates":[5.04104,44.05063]},"properties":{"annee":2021,"gravite":"grave","tues":0,"hospitalises":1,"legers":0,"total_blesses":1,"date":"28/09/2021 - 07h50","commune":"84031 - Carpentras","adresse":"MISTRAL AVENUE FREDERIC","milieu":"En agglomération"}},{"type":"Feature","geometry":{"type":"Point","coordinates":[4.72427,44.20473]},"properties":{"annee":2021,"gravite":"grave","tues":0,"hospitalises":2,"legers":1,"total_blesses":3,"date":"07/10/2021 - 15h40","commune":"84083 - Mornas","adresse":"AUTOROUTE A7, 157+400, SENS NORD-SUD","milieu":"Hors agglomération"}},{"type":"Feature","geometry":{"type":"Point","coordinates":[4.85701,43.97222]},"properties":{"annee":2021,"gravite":"grave","tues":0,"hospitalises":1,"legers":0,"total_blesses":1,"date":"08/10/2021 - 09h25","commune":"84092 - Le Pontet","adresse":"CD907","milieu":"Hors agglomération"}},{"type":"Feature","geometry":{"type":"Point","coordinates":[4.83383,44.13185]},"properties":{"annee":2021,"gravite":"grave","tues":0,"hospitalises":1,"legers":0,"total_blesses":1,"date":"04/10/2021 - 11h37","commune":"84087 - Orange","adresse":"DUNANT (RUE HENRI)","milieu":"En agglomération"}},{"type":"Feature","geometry":{"type":"Point","coordinates":[4.93417,44.22329]},"properties":{"annee":2021,"gravite":"mortel","tues":1,"hospitalises":0,"legers":0,"total_blesses":0,"date":"06/10/2021 - 16h00","commune":"84028 - Cairanne","adresse":"D8","milieu":"Hors agglomération"}},{"type":"Feature","geometry":{"type":"Point","coordinates":[5.50872,43.72732]},"properties":{"annee":2021,"gravite":"grave","tues":0,"hospitalises":1,"legers":0,"total_blesses":1,"date":"30/09/2021 - 20h00","commune":"84089 - Pertuis","adresse":"Route de la Bonde","milieu":"Hors agglomération"}},{"type":"Feature","geometry":{"type":"Point","coordinates":[5.36545,43.76512]},"properties":{"annee":2021,"gravite":"grave","tues":0,"hospitalises":1,"legers":0,"total_blesses":1,"date":"25/08/2021 - 09h00","commune":"84068 - Lourmarin","adresse":"Rond-point D27 / D943","milieu":"En agglomération"}},{"type":"Feature","geometry":{"type":"Point","coordinates":[5.18011,43.75428]},"properties":{"annee":2021,"gravite":"leger","tues":0,"hospitalises":0,"legers":1,"total_blesses":1,"date":"29/09/2021 - 18h53","commune":"84074 - Mérindol","adresse":"D973","milieu":"En agglomération"}},{"type":"Feature","geometry":{"type":"Point","coordinates":[5.03665,43.93833]},"properties":{"annee":2021,"gravite":"grave","tues":0,"hospitalises":1,"legers":0,"total_blesses":1,"date":"25/08/2021 - 16h00","commune":"84054 - L'Isle-sur-la-Sorgue","adresse":"Route de Velleron","milieu":"Hors agglomération"}},{"type":"Feature","geometry":{"type":"Point","coordinates":[4.983,43.89217]},"properties":{"annee":2021,"gravite":"grave","tues":0,"hospitalises":1,"legers":0,"total_blesses":1,"date":"03/10/2021 - 05h15","commune":"84034 - Caumont-sur-Durance","adresse":"Chemin des Prévieux","milieu":"Hors agglomération"}},{"type":"Feature","geometry":{"type":"Point","coordinates":[4.82399,43.93001]},"properties":{"annee":2021,"gravite":"mortel","tues":1,"hospitalises":1,"legers":0,"total_blesses":1,"date":"04/08/2021 - 00h30","commune":"84007 - Avignon","adresse":"CHARLES DE GAULLE","milieu":"En agglomération"}},{"type":"Feature","geometry":{"type":"Point","coordinates":[4.84951,44.04269]},"properties":{"annee":2021,"gravite":"grave","tues":0,"hospitalises":2,"legers":1,"total_blesses":3,"date":"29/09/2021 - 16h30","commune":"84037 - Châteauneuf-du-Pape","adresse":"D17","milieu":"Hors agglomération"}},{"type":"Feature","geometry":{"type":"Point","coordinates":[4.78162,43.92238]},"properties":{"annee":2021,"gravite":"mortel","tues":1,"hospitalises":0,"legers":0,"total_blesses":0,"date":"26/09/2021 - 18h50","commune":"84007 - Avignon","adresse":"GARE TGV (Parking)","milieu":"Hors agglomération"}},{"type":"Feature","geometry":{"type":"Point","coordinates":[4.74618,44.29745]},"properties":{"annee":2021,"gravite":"leger","tues":0,"hospitalises":0,"legers":4,"total_blesses":4,"date":"13/09/2021 - 13h20","commune":"84019 - Bollène","adresse":"Autoroute A7 sens bretelle de Bollène1","milieu":"Hors agglomération"}},{"type":"Feature","geometry":{"type":"Point","coordinates":[4.94299,44.20633]},"properties":{"annee":2021,"gravite":"mortel","tues":1,"hospitalises":0,"legers":1,"total_blesses":1,"date":"23/09/2021 - 16h45","commune":"84028 - Cairanne","adresse":"Route départementale 08","milieu":"Hors agglomération"}},{"type":"Feature","geometry":{"type":"Point","coordinates":[4.95964,44.01593]},"properties":{"annee":2021,"gravite":"grave","tues":0,"hospitalises":1,"legers":0,"total_blesses":1,"date":"18/09/2021 - 17h20","commune":"84080 - Monteux","adresse":"D942","milieu":"Hors agglomération"}},{"type":"Feature","geometry":{"type":"Point","coordinates":[4.93359,44.10158]},"properties":{"annee":2021,"gravite":"grave","tues":0,"hospitalises":1,"legers":1,"total_blesses":2,"date":"18/09/2021 - 14h45","commune":"84122 - Sarrians","adresse":"2439 route d'orange","milieu":"Hors agglomération"}},{"type":"Feature","geometry":{"type":"Point","coordinates":[5.0072,44.0881]},"properties":{"annee":2021,"gravite":"grave","tues":0,"hospitalises":1,"legers":0,"total_blesses":1,"date":"21/09/2021 - 11h50","commune":"84067 - Loriol-du-Comtat","adresse":"Via Venaissia (Piste cyclable)","milieu":"Hors agglomération"}},{"type":"Feature","geometry":{"type":"Point","coordinates":[5.3688,43.86377]},"properties":{"annee":2021,"gravite":"grave","tues":0,"hospitalises":1,"legers":0,"total_blesses":1,"date":"19/09/2021 - 01h00","commune":"84003 - Apt","adresse":"d943","milieu":"Hors agglomération"}},{"type":"Feature","geometry":{"type":"Point","coordinates":[5.06184,43.99988]},"properties":{"annee":2021,"gravite":"grave","tues":0,"hospitalises":1,"legers":0,"total_blesses":1,"date":"13/08/2021 - 14h25","commune":"84088 - Pernes-les-Fontaines","adresse":"Cours de la République","milieu":"En agglomération"}},{"type":"Feature","geometry":{"type":"Point","coordinates":[5.4201,43.8783]},"properties":{"annee":2021,"gravite":"grave","tues":0,"hospitalises":1,"legers":0,"total_blesses":1,"date":"31/08/2021 - 11h00","commune":"84003 - Apt","adresse":"D900","milieu":"En agglomération"}},{"type":"Feature","geometry":{"type":"Point","coordinates":[4.98486,44.04522]},"properties":{"annee":2021,"gravite":"grave","tues":0,"hospitalises":1,"legers":0,"total_blesses":1,"date":"10/09/2021 - 16h45","commune":"84080 - Monteux","adresse":"SARRIANS ROUTE DE","milieu":"Hors agglomération"}},{"type":"Feature","geometry":{"type":"Point","coordinates":[5.0292,43.93934]},"properties":{"annee":2021,"gravite":"grave","tues":0,"hospitalises":1,"legers":1,"total_blesses":2,"date":"13/09/2021 - 16h50","commune":"84054 - L'Isle-sur-la-Sorgue","adresse":"route départementale 31","milieu":"Hors agglomération"}},{"type":"Feature","geometry":{"type":"Point","coordinates":[4.70809,44.31916]},"properties":{"annee":2021,"gravite":"leger","tues":0,"hospitalises":0,"legers":1,"total_blesses":1,"date":"11/09/2021 - 00h10","commune":"84064 - Lapalud","adresse":"Rd 204","milieu":"Hors agglomération"}},{"type":"Feature","geometry":{"type":"Point","coordinates":[5.10028,44.23174]},"properties":{"annee":2021,"gravite":"grave","tues":0,"hospitalises":1,"legers":0,"total_blesses":1,"date":"09/09/2021 - 15h30","commune":"84111 - Saint-Marcellin-lès-Vaison","adresse":"Route de L'OUVÈZE, D205","milieu":"Hors agglomération"}},{"type":"Feature","geometry":{"type":"Point","coordinates":[5.34724,43.90582]},"properties":{"annee":2021,"gravite":"leger","tues":0,"hospitalises":0,"legers":2,"total_blesses":2,"date":"10/09/2021 - 10h00","commune":"84047 - Gargas","adresse":"Route de Croagnes","milieu":"Hors agglomération"}},{"type":"Feature","geometry":{"type":"Point","coordinates":[4.99134,44.04628]},"properties":{"annee":2021,"gravite":"grave","tues":0,"hospitalises":1,"legers":1,"total_blesses":2,"date":"01/09/2021 - 10h50","commune":"84080 - Monteux","adresse":"D942","milieu":"Hors agglomération"}},{"type":"Feature","geometry":{"type":"Point","coordinates":[5.15783,44.05014]},"properties":{"annee":2021,"gravite":"mortel","tues":1,"hospitalises":0,"legers":0,"total_blesses":0,"date":"06/09/2021 - 00h15","commune":"84072 - Mazan","adresse":"Route de Saint Mirat","milieu":"Hors agglomération"}},{"type":"Feature","geometry":{"type":"Point","coordinates":[5.02904,44.39169]},"properties":{"annee":2021,"gravite":"grave","tues":0,"hospitalises":1,"legers":1,"total_blesses":2,"date":"05/09/2021 - 07h30","commune":"84138 - Valréas","adresse":"route départementale 941","milieu":"Hors agglomération"}},{"type":"Feature","geometry":{"type":"Point","coordinates":[5.41923,43.71092]},"properties":{"annee":2021,"gravite":"leger","tues":0,"hospitalises":0,"legers":4,"total_blesses":4,"date":"04/09/2021 - 12h21","commune":"84147 - Villelaure","adresse":"departementale 973","milieu":"Hors agglomération"}},{"type":"Feature","geometry":{"type":"Point","coordinates":[5.35334,43.77343]},"properties":{"annee":2021,"gravite":"leger","tues":0,"hospitalises":0,"legers":1,"total_blesses":1,"date":"04/09/2021 - 11h40","commune":"84068 - Lourmarin","adresse":"D943","milieu":"Hors agglomération"}},{"type":"Feature","geometry":{"type":"Point","coordinates":[5.02781,43.94702]},"properties":{"annee":2021,"gravite":"leger","tues":0,"hospitalises":0,"legers":2,"total_blesses":2,"date":"02/09/2021 - 18h20","commune":"84054 - L'Isle-sur-la-Sorgue","adresse":"route départementale 31","milieu":"Hors agglomération"}},{"type":"Feature","geometry":{"type":"Point","coordinates":[5.36683,43.7346]},"properties":{"annee":2021,"gravite":"grave","tues":0,"hospitalises":1,"legers":0,"total_blesses":1,"date":"27/08/2021 - 19h10","commune":"84026 - Cadenet","adresse":"D973 / Rue Font de l Aube","milieu":"En agglomération"}},{"type":"Feature","geometry":{"type":"Point","coordinates":[4.96503,43.88283]},"properties":{"annee":2021,"gravite":"leger","tues":0,"hospitalises":0,"legers":3,"total_blesses":3,"date":"14/08/2021 - 05h15","commune":"84034 - Caumont-sur-Durance","adresse":"CD 900","milieu":"Hors agglomération"}},{"type":"Feature","geometry":{"type":"Point","coordinates":[5.05197,44.23822]},"properties":{"annee":2021,"gravite":"grave","tues":0,"hospitalises":1,"legers":0,"total_blesses":1,"date":"28/08/2021 - 05h40","commune":"84137 - Vaison-la-Romaine","adresse":"415 Route d Orange","milieu":"En agglomération"}},{"type":"Feature","geometry":{"type":"Point","coordinates":[4.72834,44.23809]},"properties":{"annee":2021,"gravite":"grave","tues":0,"hospitalises":1,"legers":0,"total_blesses":1,"date":"29/08/2021 - 15h00","commune":"84078 - Mondragon","adresse":"chemin des mines","milieu":"Hors agglomération"}},{"type":"Feature","geometry":{"type":"Point","coordinates":[4.88889,43.91699]},"properties":{"annee":2021,"gravite":"grave","tues":0,"hospitalises":1,"legers":0,"total_blesses":1,"date":"23/08/2021 - 16h50","commune":"84007 - Avignon","adresse":"Félicien FLORENT (Rue)","milieu":"En agglomération"}},{"type":"Feature","geometry":{"type":"Point","coordinates":[4.8314,43.93423]},"properties":{"annee":2021,"gravite":"leger","tues":0,"hospitalises":0,"legers":1,"total_blesses":1,"date":"21/08/2021 - 20h00","commune":"84007 - Avignon","adresse":"C.De GAULLE (Rocade)","milieu":"En agglomération"}},{"type":"Feature","geometry":{"type":"Point","coordinates":[4.80495,43.95651]},"properties":{"annee":2021,"gravite":"grave","tues":0,"hospitalises":2,"legers":0,"total_blesses":2,"date":"19/08/2021 - 11h05","commune":"84007 - Avignon","adresse":"CHEMIN DE LA TRAILLE","milieu":"En agglomération"}},{"type":"Feature","geometry":{"type":"Point","coordinates":[5.0364,44.04901]},"properties":{"annee":2021,"gravite":"grave","tues":0,"hospitalises":1,"legers":0,"total_blesses":1,"date":"20/08/2021 - 16h20","commune":"84031 - Carpentras","adresse":"MISTRAL AVENUE FREDERIC","milieu":"En agglomération"}},{"type":"Feature","geometry":{"type":"Point","coordinates":[4.81157,43.94301]},"properties":{"annee":2021,"gravite":"grave","tues":0,"hospitalises":1,"legers":0,"total_blesses":1,"date":"30/07/2021 - 17h15","commune":"84007 - Avignon","adresse":"SAINT MICHEL (Boulevard)","milieu":"En agglomération"}},{"type":"Feature","geometry":{"type":"Point","coordinates":[4.80282,43.95707]},"properties":{"annee":2021,"gravite":"leger","tues":0,"hospitalises":0,"legers":1,"total_blesses":1,"date":"31/05/2021 - 15h40","commune":"84007 - Avignon","adresse":"BARTHELASSE(Chemin de la )","milieu":"En agglomération"}},{"type":"Feature","geometry":{"type":"Point","coordinates":[4.80348,43.94451]},"properties":{"annee":2021,"gravite":"grave","tues":0,"hospitalises":1,"legers":0,"total_blesses":1,"date":"17/08/2021 - 20h00","commune":"84007 - Avignon","adresse":"SAINT CHARLES (rue )","milieu":"En agglomération"}},{"type":"Feature","geometry":{"type":"Point","coordinates":[4.82745,43.94234]},"properties":{"annee":2021,"gravite":"grave","tues":0,"hospitalises":3,"legers":1,"total_blesses":4,"date":"23/05/2021 - 19h20","commune":"84007 - Avignon","adresse":"COLCHESTER (Avenue de)","milieu":"En agglomération"}},{"type":"Feature","geometry":{"type":"Point","coordinates":[4.83141,43.93418]},"properties":{"annee":2021,"gravite":"grave","tues":0,"hospitalises":4,"legers":0,"total_blesses":4,"date":"06/08/2021 - 07h00","commune":"84007 - Avignon","adresse":"PIERRE SEMARD (avenue)","milieu":"En agglomération"}},{"type":"Feature","geometry":{"type":"Point","coordinates":[5.10533,44.14354]},"properties":{"annee":2021,"gravite":"grave","tues":0,"hospitalises":1,"legers":0,"total_blesses":1,"date":"15/08/2021 - 12h46","commune":"84008 - Le Barroux","adresse":"D938","milieu":"Hors agglomération"}},{"type":"Feature","geometry":{"type":"Point","coordinates":[5.11719,44.19681]},"properties":{"annee":2021,"gravite":"mortel","tues":1,"hospitalises":0,"legers":0,"total_blesses":0,"date":"15/08/2021 - 12h10","commune":"84069 - Malaucène","adresse":"D938","milieu":"Hors agglomération"}},{"type":"Feature","geometry":{"type":"Point","coordinates":[5.08167,44.23448]},"properties":{"annee":2021,"gravite":"grave","tues":0,"hospitalises":1,"legers":0,"total_blesses":1,"date":"29/06/2021 - 17h40","commune":"84137 - Vaison-la-Romaine","adresse":"D938","milieu":"Hors agglomération"}},{"type":"Feature","geometry":{"type":"Point","coordinates":[5.28286,44.20699]},"properties":{"annee":2021,"gravite":"grave","tues":0,"hospitalises":1,"legers":0,"total_blesses":1,"date":"14/08/2021 - 16h10","commune":"84110 - Saint-Léger-du-Ventoux","adresse":"D 40","milieu":"Hors agglomération"}},{"type":"Feature","geometry":{"type":"Point","coordinates":[5.61503,43.7798]},"properties":{"annee":2021,"gravite":"grave","tues":0,"hospitalises":1,"legers":0,"total_blesses":1,"date":"11/08/2021 - 22h45","commune":"84009 - La Bastide-des-Jourdans","adresse":"D956","milieu":"Hors agglomération"}},{"type":"Feature","geometry":{"type":"Point","coordinates":[5.04853,43.84929]},"properties":{"annee":2021,"gravite":"grave","tues":0,"hospitalises":1,"legers":0,"total_blesses":1,"date":"16/07/2021 - 09h05","commune":"84035 - Cavaillon","adresse":"LAGNES-RD24 (ROUTE DE)","milieu":"Hors agglomération"}},{"type":"Feature","geometry":{"type":"Point","coordinates":[5.49136,43.74756]},"properties":{"annee":2021,"gravite":"grave","tues":0,"hospitalises":1,"legers":0,"total_blesses":1,"date":"11/08/2021 - 02h25","commune":"84121 - Sannes","adresse":"D37","milieu":"Hors agglomération"}},{"type":"Feature","geometry":{"type":"Point","coordinates":[4.82919,43.93574]},"properties":{"annee":2021,"gravite":"grave","tues":0,"hospitalises":1,"legers":0,"total_blesses":1,"date":"06/08/2021 - 20h10","commune":"84007 - Avignon","adresse":"PIERRE SEMARD (avenue)","milieu":"En agglomération"}},{"type":"Feature","geometry":{"type":"Point","coordinates":[5.54213,43.72154]},"properties":{"annee":2021,"gravite":"grave","tues":0,"hospitalises":1,"legers":1,"total_blesses":2,"date":"08/08/2021 - 18h49","commune":"84133 - La Tour-d'Aigues","adresse":"428 Boulevard de Saint Roch","milieu":"En agglomération"}},{"type":"Feature","geometry":{"type":"Point","coordinates":[4.86465,43.99309]},"properties":{"annee":2021,"gravite":"leger","tues":0,"hospitalises":0,"legers":1,"total_blesses":1,"date":"03/08/2021 - 10h15","commune":"84129 - Sorgues","adresse":"RD 907 Avenue d'Avignon","milieu":"Hors agglomération"}},{"type":"Feature","geometry":{"type":"Point","coordinates":[4.8717,44.15751]},"properties":{"annee":2021,"gravite":"grave","tues":0,"hospitalises":1,"legers":0,"total_blesses":1,"date":"05/08/2021 - 17h45","commune":"84029 - Camaret-sur-Aigues","adresse":"Chemin d Avignon","milieu":"En agglomération"}},{"type":"Feature","geometry":{"type":"Point","coordinates":[5.30175,43.8648]},"properties":{"annee":2021,"gravite":"leger","tues":0,"hospitalises":0,"legers":1,"total_blesses":1,"date":"28/06/2021 - 10h15","commune":"84020 - Bonnieux","adresse":"D943 Col du pointu","milieu":"Hors agglomération"}},{"type":"Feature","geometry":{"type":"Point","coordinates":[4.69128,44.29798]},"properties":{"annee":2021,"gravite":"leger","tues":0,"hospitalises":0,"legers":2,"total_blesses":2,"date":"04/08/2021 - 08h50","commune":"84064 - Lapalud","adresse":"rd8","milieu":"Hors agglomération"}},{"type":"Feature","geometry":{"type":"Point","coordinates":[4.81091,44.1347]},"properties":{"annee":2021,"gravite":"grave","tues":0,"hospitalises":1,"legers":0,"total_blesses":1,"date":"02/08/2021 - 19h06","commune":"84087 - Orange","adresse":"LECLERC (AVENUE DU GENERAL)","milieu":"En agglomération"}},{"type":"Feature","geometry":{"type":"Point","coordinates":[5.12929,44.17584]},"properties":{"annee":2021,"gravite":"grave","tues":0,"hospitalises":1,"legers":0,"total_blesses":1,"date":"01/08/2021 - 12h25","commune":"84069 - Malaucène","adresse":"Route de Vaison-la-Romaine","milieu":"En agglomération"}},{"type":"Feature","geometry":{"type":"Point","coordinates":[5.36588,44.08261]},"properties":{"annee":2021,"gravite":"mortel","tues":1,"hospitalises":0,"legers":0,"total_blesses":0,"date":"01/08/2021 - 10h00","commune":"84079 - Monieux","adresse":"D1","milieu":"Hors agglomération"}},{"type":"Feature","geometry":{"type":"Point","coordinates":[5.3931,44.11198]},"properties":{"annee":2021,"gravite":"grave","tues":0,"hospitalises":1,"legers":0,"total_blesses":1,"date":"30/07/2021 - 12h50","commune":"84123 - Sault","adresse":"D164","milieu":"Hors agglomération"}},{"type":"Feature","geometry":{"type":"Point","coordinates":[4.80536,43.94443]},"properties":{"annee":2021,"gravite":"grave","tues":0,"hospitalises":1,"legers":0,"total_blesses":1,"date":"04/03/2021 - 07h00","commune":"84007 - Avignon","adresse":"RASPAIL (boulevard)","milieu":"En agglomération"}},{"type":"Feature","geometry":{"type":"Point","coordinates":[4.83236,43.93783]},"properties":{"annee":2021,"gravite":"grave","tues":0,"hospitalises":1,"legers":0,"total_blesses":1,"date":"07/07/2021 - 09h30","commune":"84007 - Avignon","adresse":"FONTCOUVERTE(Avenue de)","milieu":"En agglomération"}},{"type":"Feature","geometry":{"type":"Point","coordinates":[4.79473,43.94452]},"properties":{"annee":2021,"gravite":"grave","tues":0,"hospitalises":1,"legers":0,"total_blesses":1,"date":"16/07/2021 - 18h40","commune":"84007 - Avignon","adresse":"pont de l'europe","milieu":"En agglomération"}},{"type":"Feature","geometry":{"type":"Point","coordinates":[4.81333,43.92882]},"properties":{"annee":2021,"gravite":"grave","tues":0,"hospitalises":1,"legers":0,"total_blesses":1,"date":"13/07/2021 - 09h20","commune":"84007 - Avignon","adresse":"C.De GAULLE (Rocade)","milieu":"En agglomération"}},{"type":"Feature","geometry":{"type":"Point","coordinates":[4.78175,43.93655]},"properties":{"annee":2021,"gravite":"grave","tues":0,"hospitalises":1,"legers":0,"total_blesses":1,"date":"13/07/2021 - 00h50","commune":"84007 - Avignon","adresse":"C.De GAULLE (Rocade)","milieu":"Hors agglomération"}},{"type":"Feature","geometry":{"type":"Point","coordinates":[5.27743,43.91955]},"properties":{"annee":2021,"gravite":"grave","tues":0,"hospitalises":1,"legers":0,"total_blesses":1,"date":"27/07/2021 - 12h00","commune":"84102 - Roussillon","adresse":"D2 route des lavandes","milieu":"Hors agglomération"}},{"type":"Feature","geometry":{"type":"Point","coordinates":[5.14708,44.22524]},"properties":{"annee":2021,"gravite":"grave","tues":0,"hospitalises":1,"legers":2,"total_blesses":3,"date":"14/07/2021 - 17h40","commune":"84044 - Entrechaux","adresse":"795 Route de Mollans","milieu":"Hors agglomération"}},{"type":"Feature","geometry":{"type":"Point","coordinates":[4.80259,43.9288]},"properties":{"annee":2021,"gravite":"grave","tues":0,"hospitalises":1,"legers":0,"total_blesses":1,"date":"21/07/2021 - 23h40","commune":"84007 - Avignon","adresse":"C.De GAULLE (Rocade)","milieu":"En agglomération"}},{"type":"Feature","geometry":{"type":"Point","coordinates":[4.80005,43.92688]},"properties":{"annee":2021,"gravite":"grave","tues":0,"hospitalises":3,"legers":0,"total_blesses":3,"date":"13/03/2021 - 13h30","commune":"84007 - Avignon","adresse":"HAENDEL (Rue)","milieu":"Hors agglomération"}},{"type":"Feature","geometry":{"type":"Point","coordinates":[4.80245,44.13619]},"properties":{"annee":2021,"gravite":"grave","tues":0,"hospitalises":1,"legers":0,"total_blesses":1,"date":"19/07/2021 - 10h25","commune":"84087 - Orange","adresse":"GAULLE (AVENUE CHARLES DE)","milieu":"En agglomération"}},{"type":"Feature","geometry":{"type":"Point","coordinates":[5.02867,44.12153]},"properties":{"annee":2021,"gravite":"leger","tues":0,"hospitalises":0,"legers":1,"total_blesses":1,"date":"20/07/2021 - 09h10","commune":"84012 - Beaumes-de-Venise","adresse":"avenue gambetta","milieu":"En agglomération"}},{"type":"Feature","geometry":{"type":"Point","coordinates":[5.4318,43.89678]},"properties":{"annee":2021,"gravite":"grave","tues":0,"hospitalises":1,"legers":3,"total_blesses":4,"date":"22/07/2021 - 12h15","commune":"84003 - Apt","adresse":"D22 -- intersection chemin des coulets","milieu":"Hors agglomération"}},{"type":"Feature","geometry":{"type":"Point","coordinates":[5.40072,43.93734]},"properties":{"annee":2021,"gravite":"grave","tues":0,"hospitalises":1,"legers":0,"total_blesses":1,"date":"21/07/2021 - 13h00","commune":"84118 - Saint-Saturnin-lès-Apt","adresse":"Chemin des Geais","milieu":"Hors agglomération"}},{"type":"Feature","geometry":{"type":"Point","coordinates":[4.94181,44.14333]},"properties":{"annee":2021,"gravite":"mortel","tues":1,"hospitalises":0,"legers":1,"total_blesses":1,"date":"18/07/2021 - 23h00","commune":"84056 - Jonquières","adresse":"Route de Violès","milieu":"Hors agglomération"}},{"type":"Feature","geometry":{"type":"Point","coordinates":[5.23337,44.1202]},"properties":{"annee":2021,"gravite":"grave","tues":0,"hospitalises":1,"legers":0,"total_blesses":1,"date":"18/07/2021 - 12h10","commune":"84017 - Bédoin","adresse":"le jas de perrache","milieu":"Hors agglomération"}},{"type":"Feature","geometry":{"type":"Point","coordinates":[5.11093,43.84827]},"properties":{"annee":2021,"gravite":"grave","tues":0,"hospitalises":1,"legers":0,"total_blesses":1,"date":"15/07/2021 - 06h30","commune":"84099 - Robion","adresse":"D2","milieu":"En agglomération"}},{"type":"Feature","geometry":{"type":"Point","coordinates":[4.97441,44.16377]},"properties":{"annee":2021,"gravite":"grave","tues":0,"hospitalises":1,"legers":0,"total_blesses":1,"date":"10/07/2021 - 19h30","commune":"84049 - Gigondas","adresse":"D8","milieu":"Hors agglomération"}},{"type":"Feature","geometry":{"type":"Point","coordinates":[5.0538,44.06099]},"properties":{"annee":2021,"gravite":"mortel","tues":1,"hospitalises":0,"legers":0,"total_blesses":0,"date":"10/07/2021 - 09h45","commune":"84031 - Carpentras","adresse":"PONT DES FONTAINES AVENUE","milieu":"Hors agglomération"}},{"type":"Feature","geometry":{"type":"Point","coordinates":[4.81928,43.94867]},"properties":{"annee":2021,"gravite":"grave","tues":0,"hospitalises":2,"legers":0,"total_blesses":2,"date":"04/07/2021 - 22h30","commune":"84007 - Avignon","adresse":"FOLIE (Avenue de la)","milieu":"En agglomération"}},{"type":"Feature","geometry":{"type":"Point","coordinates":[5.37764,43.9429]},"properties":{"annee":2021,"gravite":"leger","tues":0,"hospitalises":0,"legers":2,"total_blesses":2,"date":"11/07/2021 - 11h15","commune":"84118 - Saint-Saturnin-lès-Apt","adresse":"départementale D943","milieu":"Hors agglomération"}},{"type":"Feature","geometry":{"type":"Point","coordinates":[5.09722,43.91905]},"properties":{"annee":2021,"gravite":"grave","tues":0,"hospitalises":1,"legers":1,"total_blesses":2,"date":"09/07/2021 - 17h35","commune":"84124 - Saumane-de-Vaucluse","adresse":"1241 Route de Fontaine de Vaucluse","milieu":"Hors agglomération"}},{"type":"Feature","geometry":{"type":"Point","coordinates":[5.16663,44.13542]},"properties":{"annee":2021,"gravite":"leger","tues":0,"hospitalises":0,"legers":2,"total_blesses":2,"date":"08/07/2021 - 09h25","commune":"84017 - Bédoin","adresse":"D19","milieu":"Hors agglomération"}},{"type":"Feature","geometry":{"type":"Point","coordinates":[5.24316,43.95112]},"properties":{"annee":2021,"gravite":"grave","tues":0,"hospitalises":1,"legers":0,"total_blesses":1,"date":"07/07/2021 - 20h20","commune":"84085 - Murs","adresse":"D4","milieu":"En agglomération"}},{"type":"Feature","geometry":{"type":"Point","coordinates":[4.84193,44.16833]},"properties":{"annee":2021,"gravite":"grave","tues":0,"hospitalises":2,"legers":0,"total_blesses":2,"date":"20/07/2021 - 19h52","commune":"84087 - Orange","adresse":"CHAMPLAIN (CHEMIN DE)","milieu":"En agglomération"}},{"type":"Feature","geometry":{"type":"Point","coordinates":[4.81314,44.14188]},"properties":{"annee":2021,"gravite":"leger","tues":0,"hospitalises":0,"legers":1,"total_blesses":1,"date":"30/06/2021 - 17h55","commune":"84087 - Orange","adresse":"TACITURNE (AVENUE GUILLAUME LE)","milieu":"En agglomération"}},{"type":"Feature","geometry":{"type":"Point","coordinates":[5.10085,44.26253]},"properties":{"annee":2021,"gravite":"grave","tues":0,"hospitalises":1,"legers":1,"total_blesses":2,"date":"04/07/2021 - 09h20","commune":"84116 - Saint-Romain-en-Viennois","adresse":"1835 Route de Nyons","milieu":"Hors agglomération"}},{"type":"Feature","geometry":{"type":"Point","coordinates":[4.89099,44.04208]},"properties":{"annee":2021,"gravite":"grave","tues":0,"hospitalises":2,"legers":0,"total_blesses":2,"date":"02/06/2021 - 18h55","commune":"84016 - Bédarrides","adresse":"Chemin des Ecoliers","milieu":"En agglomération"}},{"type":"Feature","geometry":{"type":"Point","coordinates":[5.09568,43.88974]},"properties":{"annee":2021,"gravite":"mortel","tues":1,"hospitalises":0,"legers":0,"total_blesses":0,"date":"29/06/2021 - 20h50","commune":"84062 - Lagnes","adresse":"Route Departementale 901","milieu":"Hors agglomération"}},{"type":"Feature","geometry":{"type":"Point","coordinates":[4.8811,44.0772]},"properties":{"annee":2021,"gravite":"mortel","tues":3,"hospitalises":0,"legers":0,"total_blesses":0,"date":"21/06/2021 - 15h31","commune":"84039 - Courthézon","adresse":"pk 177.380 A7 sens Nord-Sud","milieu":"Hors agglomération"}},{"type":"Feature","geometry":{"type":"Point","coordinates":[4.81276,43.92885]},"properties":{"annee":2021,"gravite":"leger","tues":0,"hospitalises":0,"legers":2,"total_blesses":2,"date":"10/06/2021 - 21h40","commune":"84007 - Avignon","adresse":"C.De GAULLE (Rocade)","milieu":"En agglomération"}},{"type":"Feature","geometry":{"type":"Point","coordinates":[5.38897,43.73966]},"properties":{"annee":2021,"gravite":"grave","tues":0,"hospitalises":1,"legers":0,"total_blesses":1,"date":"27/06/2021 - 04h00","commune":"84026 - Cadenet","adresse":"Départementale 45, route de Vaugines","milieu":"Hors agglomération"}},{"type":"Feature","geometry":{"type":"Point","coordinates":[5.34592,43.81806]},"properties":{"annee":2021,"gravite":"leger","tues":0,"hospitalises":0,"legers":1,"total_blesses":1,"date":"06/06/2021 - 18h20","commune":"84020 - Bonnieux","adresse":"D943","milieu":"Hors agglomération"}},{"type":"Feature","geometry":{"type":"Point","coordinates":[4.9215,43.96776]},"properties":{"annee":2021,"gravite":"grave","tues":0,"hospitalises":1,"legers":0,"total_blesses":1,"date":"25/06/2021 - 16h36","commune":"84141 - Vedène","adresse":"avenue charles de gaulle","milieu":"Hors agglomération"}},{"type":"Feature","geometry":{"type":"Point","coordinates":[4.81098,44.13498]},"properties":{"annee":2021,"gravite":"grave","tues":0,"hospitalises":1,"legers":0,"total_blesses":1,"date":"24/06/2021 - 03h00","commune":"84087 - Orange","adresse":"NOBLE (RUE DU)","milieu":"En agglomération"}},{"type":"Feature","geometry":{"type":"Point","coordinates":[5.02054,44.02315]},"properties":{"annee":2021,"gravite":"grave","tues":0,"hospitalises":1,"legers":0,"total_blesses":1,"date":"11/06/2021 - 16h50","commune":"84080 - Monteux","adresse":"PERNES ROUTE DE","milieu":"Hors agglomération"}},{"type":"Feature","geometry":{"type":"Point","coordinates":[4.82824,43.93141]},"properties":{"annee":2021,"gravite":"leger","tues":0,"hospitalises":0,"legers":1,"total_blesses":1,"date":"19/06/2021 - 20h30","commune":"84007 - Avignon","adresse":"MOTTET (Rue Agathe)","milieu":"En agglomération"}},{"type":"Feature","geometry":{"type":"Point","coordinates":[5.25453,43.91436]},"properties":{"annee":2021,"gravite":"grave","tues":0,"hospitalises":1,"legers":0,"total_blesses":1,"date":"21/06/2021 - 19h50","commune":"84057 - Joucas","adresse":"D60","milieu":"Hors agglomération"}},{"type":"Feature","geometry":{"type":"Point","coordinates":[5.06792,43.91191]},"properties":{"annee":2021,"gravite":"grave","tues":0,"hospitalises":1,"legers":0,"total_blesses":1,"date":"18/06/2021 - 09h15","commune":"84054 - L'Isle-sur-la-Sorgue","adresse":"Chemin du Bosquet","milieu":"En agglomération"}},{"type":"Feature","geometry":{"type":"Point","coordinates":[5.39287,43.72259]},"properties":{"annee":2021,"gravite":"leger","tues":0,"hospitalises":0,"legers":1,"total_blesses":1,"date":"14/06/2021 - 09h35","commune":"84026 - Cadenet","adresse":"Route de Pertuis","milieu":"Hors agglomération"}},{"type":"Feature","geometry":{"type":"Point","coordinates":[5.50681,43.75833]},"properties":{"annee":2021,"gravite":"grave","tues":0,"hospitalises":1,"legers":0,"total_blesses":1,"date":"12/06/2021 - 09h45","commune":"84084 - La Motte-d'Aigues","adresse":"pk 17 D27","milieu":"Hors agglomération"}},{"type":"Feature","geometry":{"type":"Point","coordinates":[4.88215,43.98221]},"properties":{"annee":2021,"gravite":"leger","tues":0,"hospitalises":0,"legers":1,"total_blesses":1,"date":"07/06/2021 - 08h00","commune":"84092 - Le Pontet","adresse":"Avenue de Saint Tronquet","milieu":"En agglomération"}},{"type":"Feature","geometry":{"type":"Point","coordinates":[4.93217,44.39726]},"properties":{"annee":2021,"gravite":"grave","tues":0,"hospitalises":1,"legers":1,"total_blesses":2,"date":"12/06/2021 - 10h10","commune":"84053 - Grillon","adresse":"D941","milieu":"En agglomération"}},{"type":"Feature","geometry":{"type":"Point","coordinates":[4.80944,43.92734]},"properties":{"annee":2021,"gravite":"grave","tues":0,"hospitalises":1,"legers":0,"total_blesses":1,"date":"09/06/2021 - 11h40","commune":"84007 - Avignon","adresse":"TARASCON ( Avenue de)","milieu":"En agglomération"}},{"type":"Feature","geometry":{"type":"Point","coordinates":[4.94116,43.95983]},"properties":{"annee":2021,"gravite":"mortel","tues":1,"hospitalises":0,"legers":1,"total_blesses":1,"date":"11/06/2021 - 20h00","commune":"84119 - Saint-Saturnin-lès-Avignon","adresse":"Route de Pernes","milieu":"Hors agglomération"}},{"type":"Feature","geometry":{"type":"Point","coordinates":[4.82881,44.14446]},"properties":{"annee":2021,"gravite":"mortel","tues":1,"hospitalises":2,"legers":0,"total_blesses":2,"date":"08/06/2021 - 19h30","commune":"84087 - Orange","adresse":"ROUTE DE CAMARET","milieu":"En agglomération"}},{"type":"Feature","geometry":{"type":"Point","coordinates":[5.26543,44.03707]},"properties":{"annee":2021,"gravite":"mortel","tues":1,"hospitalises":0,"legers":0,"total_blesses":0,"date":"06/06/2021 - 15h00","commune":"84018 - Blauvac","adresse":"gorges de la nesque","milieu":"Hors agglomération"}},{"type":"Feature","geometry":{"type":"Point","coordinates":[5.3892,43.99219]},"properties":{"annee":2021,"gravite":"leger","tues":0,"hospitalises":0,"legers":1,"total_blesses":1,"date":"05/06/2021 - 18h00","commune":"84118 - Saint-Saturnin-lès-Apt","adresse":"Col de la Liguière (Col de montagne)","milieu":"Hors agglomération"}},{"type":"Feature","geometry":{"type":"Point","coordinates":[4.82137,43.93933]},"properties":{"annee":2021,"gravite":"grave","tues":0,"hospitalises":2,"legers":0,"total_blesses":2,"date":"13/04/2021 - 19h00","commune":"84007 - Avignon","adresse":"PIERRE SEMARD (avenue)","milieu":"En agglomération"}},{"type":"Feature","geometry":{"type":"Point","coordinates":[5.19838,44.1191]},"properties":{"annee":2021,"gravite":"leger","tues":0,"hospitalises":0,"legers":1,"total_blesses":1,"date":"04/06/2021 - 11h40","commune":"84017 - Bédoin","adresse":"Chemin des granges","milieu":"Hors agglomération"}},{"type":"Feature","geometry":{"type":"Point","coordinates":[5.39923,43.87652]},"properties":{"annee":2021,"gravite":"grave","tues":0,"hospitalises":1,"legers":0,"total_blesses":1,"date":"18/05/2021 - 11h45","commune":"84003 - Apt","adresse":"246 Quai Général Leclerc","milieu":"En agglomération"}},{"type":"Feature","geometry":{"type":"Point","coordinates":[4.73618,44.19729]},"properties":{"annee":2021,"gravite":"grave","tues":0,"hospitalises":2,"legers":0,"total_blesses":2,"date":"30/05/2021 - 10h05","commune":"84083 - Mornas","adresse":"Route Nationale 7","milieu":"En agglomération"}},{"type":"Feature","geometry":{"type":"Point","coordinates":[5.02557,44.04744]},"properties":{"annee":2021,"gravite":"grave","tues":0,"hospitalises":2,"legers":0,"total_blesses":2,"date":"28/03/2021 - 08h00","commune":"84031 - Carpentras","adresse":"D942","milieu":"Hors agglomération"}},{"type":"Feature","geometry":{"type":"Point","coordinates":[4.96618,44.37191]},"properties":{"annee":2021,"gravite":"leger","tues":0,"hospitalises":0,"legers":2,"total_blesses":2,"date":"29/05/2021 - 09h30","commune":"84138 - Valréas","adresse":"Route de Baume-de-transit","milieu":"En agglomération"}},{"type":"Feature","geometry":{"type":"Point","coordinates":[4.80634,43.94059]},"properties":{"annee":2021,"gravite":"grave","tues":0,"hospitalises":1,"legers":0,"total_blesses":1,"date":"09/03/2021 - 16h50","commune":"84007 - Avignon","adresse":"MONCLAR (Avenue)","milieu":"Hors agglomération"}},{"type":"Feature","geometry":{"type":"Point","coordinates":[5.01141,44.22693]},"properties":{"annee":2021,"gravite":"grave","tues":0,"hospitalises":1,"legers":0,"total_blesses":1,"date":"12/05/2021 - 10h15","commune":"84126 - Séguret","adresse":"D977","milieu":"Hors agglomération"}},{"type":"Feature","geometry":{"type":"Point","coordinates":[5.13223,44.1428]},"properties":{"annee":2021,"gravite":"grave","tues":0,"hospitalises":1,"legers":0,"total_blesses":1,"date":"09/05/2021 - 17h40","commune":"84069 - Malaucène","adresse":"D19","milieu":"Hors agglomération"}},{"type":"Feature","geometry":{"type":"Point","coordinates":[5.01771,44.11788]},"properties":{"annee":2021,"gravite":"grave","tues":0,"hospitalises":1,"legers":0,"total_blesses":1,"date":"19/05/2021 - 19h20","commune":"84012 - Beaumes-de-Venise","adresse":"999 Avenue Raspail","milieu":"En agglomération"}},{"type":"Feature","geometry":{"type":"Point","coordinates":[4.84932,43.95182]},"properties":{"annee":2021,"gravite":"grave","tues":0,"hospitalises":1,"legers":0,"total_blesses":1,"date":"19/05/2021 - 17h15","commune":"84092 - Le Pontet","adresse":"Route de Moriéres","milieu":"En agglomération"}},{"type":"Feature","geometry":{"type":"Point","coordinates":[5.26305,44.07681]},"properties":{"annee":2021,"gravite":"mortel","tues":1,"hospitalises":0,"legers":0,"total_blesses":0,"date":"10/05/2021 - 09h30","commune":"84148 - Villes-sur-Auzon","adresse":"departementale 1","milieu":"Hors agglomération"}},{"type":"Feature","geometry":{"type":"Point","coordinates":[4.92237,43.99255]},"properties":{"annee":2021,"gravite":"mortel","tues":1,"hospitalises":0,"legers":0,"total_blesses":0,"date":"14/05/2021 - 00h45","commune":"84043 - Entraigues-sur-la-Sorgue","adresse":"RD942","milieu":"Hors agglomération"}},{"type":"Feature","geometry":{"type":"Point","coordinates":[4.72163,44.09551]},"properties":{"annee":2021,"gravite":"grave","tues":0,"hospitalises":1,"legers":0,"total_blesses":1,"date":"14/05/2021 - 22h00","commune":"84027 - Caderousse","adresse":"Caderousse","milieu":"Hors agglomération"}},{"type":"Feature","geometry":{"type":"Point","coordinates":[5.03045,44.09111]},"properties":{"annee":2021,"gravite":"leger","tues":0,"hospitalises":0,"legers":1,"total_blesses":1,"date":"17/05/2021 - 17h15","commune":"84004 - Aubignan","adresse":"Route de Carpentras","milieu":"En agglomération"}},{"type":"Feature","geometry":{"type":"Point","coordinates":[5.22872,44.12044]},"properties":{"annee":2021,"gravite":"leger","tues":0,"hospitalises":0,"legers":1,"total_blesses":1,"date":"15/05/2021 - 10h10","commune":"84017 - Bédoin","adresse":"RD 974","milieu":"Hors agglomération"}},{"type":"Feature","geometry":{"type":"Point","coordinates":[5.37602,43.87891]},"properties":{"annee":2021,"gravite":"mortel","tues":1,"hospitalises":0,"legers":0,"total_blesses":0,"date":"10/05/2021 - 22h50","commune":"84003 - Apt","adresse":"avenue de la libération","milieu":"En agglomération"}},{"type":"Feature","geometry":{"type":"Point","coordinates":[4.87566,43.97751]},"properties":{"annee":2021,"gravite":"grave","tues":0,"hospitalises":1,"legers":0,"total_blesses":1,"date":"31/03/2021 - 17h15","commune":"84092 - Le Pontet","adresse":"147 Allee Vire Abeille","milieu":"Hors agglomération"}},{"type":"Feature","geometry":{"type":"Point","coordinates":[5.06317,43.92663]},"properties":{"annee":2021,"gravite":"grave","tues":0,"hospitalises":1,"legers":0,"total_blesses":1,"date":"01/05/2021 - 11h45","commune":"84054 - L'Isle-sur-la-Sorgue","adresse":"Route de Carpentras","milieu":"En agglomération"}},{"type":"Feature","geometry":{"type":"Point","coordinates":[4.93065,43.95641]},"properties":{"annee":2021,"gravite":"grave","tues":0,"hospitalises":1,"legers":0,"total_blesses":1,"date":"30/04/2021 - 18h28","commune":"84119 - Saint-Saturnin-lès-Avignon","adresse":"Boulevard de la Libération","milieu":"En agglomération"}},{"type":"Feature","geometry":{"type":"Point","coordinates":[4.91043,43.89084]},"properties":{"annee":2021,"gravite":"grave","tues":0,"hospitalises":2,"legers":0,"total_blesses":2,"date":"18/04/2021 - 18h10","commune":"84007 - Avignon","adresse":"MARSEILLE (Route)-MONTFAVET","milieu":"En agglomération"}},{"type":"Feature","geometry":{"type":"Point","coordinates":[5.30727,43.74562]},"properties":{"annee":2021,"gravite":"leger","tues":0,"hospitalises":0,"legers":1,"total_blesses":1,"date":"23/04/2021 - 18h00","commune":"84065 - Lauris","adresse":"D973","milieu":"Hors agglomération"}},{"type":"Feature","geometry":{"type":"Point","coordinates":[5.08433,43.84462]},"properties":{"annee":2021,"gravite":"grave","tues":0,"hospitalises":1,"legers":0,"total_blesses":1,"date":"23/04/2021 - 15h30","commune":"84131 - Taillades","adresse":"159 Route de Robion","milieu":"En agglomération"}},{"type":"Feature","geometry":{"type":"Point","coordinates":[5.51007,43.70433]},"properties":{"annee":2021,"gravite":"grave","tues":0,"hospitalises":1,"legers":0,"total_blesses":1,"date":"24/04/2021 - 12h10","commune":"84089 - Pertuis","adresse":"D956","milieu":"En agglomération"}},{"type":"Feature","geometry":{"type":"Point","coordinates":[5.07701,44.24176]},"properties":{"annee":2021,"gravite":"grave","tues":0,"hospitalises":1,"legers":0,"total_blesses":1,"date":"23/04/2021 - 10h45","commune":"84137 - Vaison-la-Romaine","adresse":"Cours Taulignan","milieu":"En agglomération"}},{"type":"Feature","geometry":{"type":"Point","coordinates":[5.5087,43.68147]},"properties":{"annee":2021,"gravite":"grave","tues":0,"hospitalises":1,"legers":0,"total_blesses":1,"date":"21/04/2021 - 17h50","commune":"84089 - Pertuis","adresse":"Voie Communale Numero 11 de Malespine","milieu":"En agglomération"}},{"type":"Feature","geometry":{"type":"Point","coordinates":[4.69876,44.27081]},"properties":{"annee":2021,"gravite":"grave","tues":0,"hospitalises":1,"legers":0,"total_blesses":1,"date":"16/04/2021 - 05h15","commune":"84063 - Lamotte-du-Rhône","adresse":"N86","milieu":"Hors agglomération"}},{"type":"Feature","geometry":{"type":"Point","coordinates":[4.80367,44.13803]},"properties":{"annee":2021,"gravite":"grave","tues":0,"hospitalises":1,"legers":0,"total_blesses":1,"date":"18/04/2021 - 21h20","commune":"84087 - Orange","adresse":"TANNEURS (RUE DES)","milieu":"En agglomération"}},{"type":"Feature","geometry":{"type":"Point","coordinates":[5.05229,44.05572]},"properties":{"annee":2021,"gravite":"grave","tues":0,"hospitalises":1,"legers":0,"total_blesses":1,"date":"17/04/2021 - 11h20","commune":"84031 - Carpentras","adresse":"MONT VENTOUX AVENUE DU","milieu":"En agglomération"}},{"type":"Feature","geometry":{"type":"Point","coordinates":[4.81911,43.92999]},"properties":{"annee":2021,"gravite":"grave","tues":0,"hospitalises":1,"legers":0,"total_blesses":1,"date":"16/04/2021 - 16h30","commune":"84007 - Avignon","adresse":"VENUS D'ARLES (Rue de la)","milieu":"En agglomération"}},{"type":"Feature","geometry":{"type":"Point","coordinates":[4.83835,43.95486]},"properties":{"annee":2021,"gravite":"mortel","tues":1,"hospitalises":0,"legers":0,"total_blesses":0,"date":"20/04/2021 - 01h00","commune":"84092 - Le Pontet","adresse":"115 Avenue Charles de Gaulle","milieu":"En agglomération"}},{"type":"Feature","geometry":{"type":"Point","coordinates":[4.90395,44.1395]},"properties":{"annee":2021,"gravite":"mortel","tues":1,"hospitalises":0,"legers":0,"total_blesses":0,"date":"18/04/2021 - 18h30","commune":"84056 - Jonquières","adresse":"Chemin des Chèvres","milieu":"En agglomération"}},{"type":"Feature","geometry":{"type":"Point","coordinates":[4.94538,44.09705]},"properties":{"annee":2021,"gravite":"grave","tues":0,"hospitalises":1,"legers":1,"total_blesses":2,"date":"14/03/2021 - 10h50","commune":"84122 - Sarrians","adresse":"Route de Peycard","milieu":"Hors agglomération"}},{"type":"Feature","geometry":{"type":"Point","coordinates":[5.02767,44.04579]},"properties":{"annee":2021,"gravite":"leger","tues":0,"hospitalises":0,"legers":3,"total_blesses":3,"date":"31/03/2021 - 18h25","commune":"84031 - Carpentras","adresse":"D942","milieu":"Hors agglomération"}},{"type":"Feature","geometry":{"type":"Point","coordinates":[4.82701,44.12018]},"properties":{"annee":2021,"gravite":"leger","tues":0,"hospitalises":0,"legers":1,"total_blesses":1,"date":"15/04/2021 - 17h40","commune":"84087 - Orange","adresse":"CHENES VERTS (RUE DES)","milieu":"En agglomération"}},{"type":"Feature","geometry":{"type":"Point","coordinates":[4.87422,44.00869]},"properties":{"annee":2021,"gravite":"grave","tues":0,"hospitalises":1,"legers":0,"total_blesses":1,"date":"14/04/2021 - 20h00","commune":"84129 - Sorgues","adresse":"Boulevard Roger Ricca","milieu":"En agglomération"}},{"type":"Feature","geometry":{"type":"Point","coordinates":[4.97618,43.92479]},"properties":{"annee":2021,"gravite":"mortel","tues":1,"hospitalises":0,"legers":0,"total_blesses":0,"date":"15/04/2021 - 11h30","commune":"84132 - Le Thor","adresse":"D901","milieu":"Hors agglomération"}},{"type":"Feature","geometry":{"type":"Point","coordinates":[5.04751,43.84039]},"properties":{"annee":2021,"gravite":"mortel","tues":1,"hospitalises":0,"legers":0,"total_blesses":0,"date":"29/03/2021 - 17h41","commune":"84035 - Cavaillon","adresse":"FOLLEREAU (AVENUE RAOUL)","milieu":"En agglomération"}},{"type":"Feature","geometry":{"type":"Point","coordinates":[5.55385,43.69855]},"properties":{"annee":2021,"gravite":"mortel","tues":1,"hospitalises":0,"legers":0,"total_blesses":0,"date":"13/04/2021 - 08h20","commune":"84089 - Pertuis","adresse":"Route de la Bastidonne","milieu":"Hors agglomération"}},{"type":"Feature","geometry":{"type":"Point","coordinates":[5.64522,43.78658]},"properties":{"annee":2021,"gravite":"grave","tues":0,"hospitalises":1,"legers":0,"total_blesses":1,"date":"09/04/2021 - 17h30","commune":"84009 - La Bastide-des-Jourdans","adresse":"intersection D27/D42","milieu":"Hors agglomération"}},{"type":"Feature","geometry":{"type":"Point","coordinates":[4.94505,43.88626]},"properties":{"annee":2021,"gravite":"mortel","tues":1,"hospitalises":0,"legers":2,"total_blesses":2,"date":"07/04/2021 - 17h50","commune":"84034 - Caumont-sur-Durance","adresse":"n°76 CD900","milieu":"Hors agglomération"}},{"type":"Feature","geometry":{"type":"Point","coordinates":[4.80618,44.13872]},"properties":{"annee":2021,"gravite":"grave","tues":0,"hospitalises":1,"legers":0,"total_blesses":1,"date":"18/03/2021 - 14h07","commune":"84087 - Orange","adresse":"DALADIER (BD EDOUARD)","milieu":"En agglomération"}},{"type":"Feature","geometry":{"type":"Point","coordinates":[4.79676,44.23296]},"properties":{"annee":2021,"gravite":"grave","tues":0,"hospitalises":1,"legers":0,"total_blesses":1,"date":"31/03/2021 - 15h00","commune":"84135 - Uchaux","adresse":"Chemin de Massillan (Pont)","milieu":"Hors agglomération"}},{"type":"Feature","geometry":{"type":"Point","coordinates":[4.80464,44.05259]},"properties":{"annee":2021,"gravite":"grave","tues":0,"hospitalises":1,"legers":0,"total_blesses":1,"date":"28/03/2021 - 16h50","commune":"84037 - Châteauneuf-du-Pape","adresse":"Ancien Chemin de Caderousse à Avignon","milieu":"Hors agglomération"}},{"type":"Feature","geometry":{"type":"Point","coordinates":[4.84546,44.12012]},"properties":{"annee":2021,"gravite":"grave","tues":0,"hospitalises":1,"legers":0,"total_blesses":1,"date":"21/03/2021 - 19h32","commune":"84087 - Orange","adresse":"PALUD (CHEMIN)","milieu":"Hors agglomération"}},{"type":"Feature","geometry":{"type":"Point","coordinates":[4.8797,44.11693]},"properties":{"annee":2021,"gravite":"grave","tues":0,"hospitalises":1,"legers":0,"total_blesses":1,"date":"22/03/2021 - 17h15","commune":"84056 - Jonquières","adresse":"D950a","milieu":"En agglomération"}},{"type":"Feature","geometry":{"type":"Point","coordinates":[5.06479,44.07789]},"properties":{"annee":2021,"gravite":"grave","tues":0,"hospitalises":1,"legers":0,"total_blesses":1,"date":"11/03/2021 - 14h40","commune":"84031 - Carpentras","adresse":"SAINT ROCH AVENUE","milieu":"En agglomération"}},{"type":"Feature","geometry":{"type":"Point","coordinates":[5.05921,44.00085]},"properties":{"annee":2021,"gravite":"grave","tues":0,"hospitalises":1,"legers":0,"total_blesses":1,"date":"15/03/2021 - 09h10","commune":"84088 - Pernes-les-Fontaines","adresse":"Cours Frizet","milieu":"En agglomération"}},{"type":"Feature","geometry":{"type":"Point","coordinates":[4.8222,44.10193]},"properties":{"annee":2021,"gravite":"grave","tues":0,"hospitalises":1,"legers":1,"total_blesses":2,"date":"15/03/2021 - 13h40","commune":"84087 - Orange","adresse":"ROUTE DE CHATEAUNEUF","milieu":"Hors agglomération"}},{"type":"Feature","geometry":{"type":"Point","coordinates":[4.8942,43.95383]},"properties":{"annee":2021,"gravite":"grave","tues":0,"hospitalises":1,"legers":0,"total_blesses":1,"date":"13/03/2021 - 10h20","commune":"84141 - Vedène","adresse":"Route de Realpanier","milieu":"Hors agglomération"}},{"type":"Feature","geometry":{"type":"Point","coordinates":[5.10247,43.856]},"properties":{"annee":2021,"gravite":"grave","tues":0,"hospitalises":1,"legers":1,"total_blesses":2,"date":"13/03/2021 - 20h00","commune":"84099 - Robion","adresse":"route des alpes","milieu":"En agglomération"}},{"type":"Feature","geometry":{"type":"Point","coordinates":[4.78402,43.92401]},"properties":{"annee":2021,"gravite":"grave","tues":0,"hospitalises":3,"legers":2,"total_blesses":5,"date":"07/03/2021 - 17h30","commune":"84007 - Avignon","adresse":"CONFLUENT (ROUTE)","milieu":"En agglomération"}},{"type":"Feature","geometry":{"type":"Point","coordinates":[5.63311,43.78442]},"properties":{"annee":2021,"gravite":"leger","tues":0,"hospitalises":0,"legers":1,"total_blesses":1,"date":"08/03/2021 - 17h55","commune":"84009 - La Bastide-des-Jourdans","adresse":"Place de la république","milieu":"En agglomération"}},{"type":"Feature","geometry":{"type":"Point","coordinates":[4.99594,44.03342]},"properties":{"annee":2021,"gravite":"grave","tues":0,"hospitalises":1,"legers":0,"total_blesses":1,"date":"01/03/2021 - 17h50","commune":"84080 - Monteux","adresse":"TREWEY BOULEVARD","milieu":"Hors agglomération"}},{"type":"Feature","geometry":{"type":"Point","coordinates":[5.01421,43.98536]},"properties":{"annee":2021,"gravite":"mortel","tues":1,"hospitalises":0,"legers":3,"total_blesses":3,"date":"25/02/2021 - 14h55","commune":"84088 - Pernes-les-Fontaines","adresse":"D31","milieu":"Hors agglomération"}},{"type":"Feature","geometry":{"type":"Point","coordinates":[4.83879,43.92895]},"properties":{"annee":2021,"gravite":"grave","tues":0,"hospitalises":1,"legers":0,"total_blesses":1,"date":"17/02/2021 - 17h10","commune":"84007 - Avignon","adresse":"SEGHERS (rue Pierre)","milieu":"En agglomération"}},{"type":"Feature","geometry":{"type":"Point","coordinates":[4.78272,44.12488]},"properties":{"annee":2021,"gravite":"grave","tues":0,"hospitalises":1,"legers":0,"total_blesses":1,"date":"17/02/2021 - 17h40","commune":"84087 - Orange","adresse":"CADEROUSSE (ROUTE DE)","milieu":"Hors agglomération"}},{"type":"Feature","geometry":{"type":"Point","coordinates":[4.82134,43.93939]},"properties":{"annee":2021,"gravite":"grave","tues":0,"hospitalises":1,"legers":0,"total_blesses":1,"date":"09/02/2021 - 20h05","commune":"84007 - Avignon","adresse":"PIERRE SEMARD (avenue)","milieu":"En agglomération"}},{"type":"Feature","geometry":{"type":"Point","coordinates":[4.8194,43.95119]},"properties":{"annee":2021,"gravite":"grave","tues":0,"hospitalises":1,"legers":0,"total_blesses":1,"date":"27/01/2021 - 09h20","commune":"84007 - Avignon","adresse":"PLACE SAINT LAZARE","milieu":"En agglomération"}},{"type":"Feature","geometry":{"type":"Point","coordinates":[4.80647,44.15131]},"properties":{"annee":2021,"gravite":"grave","tues":0,"hospitalises":1,"legers":0,"total_blesses":1,"date":"15/02/2021 - 07h47","commune":"84087 - Orange","adresse":"Avenue Jean Moulin","milieu":"En agglomération"}},{"type":"Feature","geometry":{"type":"Point","coordinates":[5.02465,44.04675]},"properties":{"annee":2021,"gravite":"leger","tues":0,"hospitalises":0,"legers":1,"total_blesses":1,"date":"26/01/2021 - 08h00","commune":"84031 - Carpentras","adresse":"D942","milieu":"Hors agglomération"}},{"type":"Feature","geometry":{"type":"Point","coordinates":[4.85701,43.96385]},"properties":{"annee":2021,"gravite":"leger","tues":0,"hospitalises":0,"legers":1,"total_blesses":1,"date":"16/02/2021 - 13h30","commune":"84092 - Le Pontet","adresse":"Avenue du Parc","milieu":"En agglomération"}},{"type":"Feature","geometry":{"type":"Point","coordinates":[4.81,44.137]},"properties":{"annee":2021,"gravite":"grave","tues":0,"hospitalises":1,"legers":0,"total_blesses":1,"date":"08/02/2021 - 09h09","commune":"84087 - Orange","adresse":"CARISTIE (RUE)","milieu":"En agglomération"}},{"type":"Feature","geometry":{"type":"Point","coordinates":[5.10339,44.26689]},"properties":{"annee":2021,"gravite":"leger","tues":0,"hospitalises":0,"legers":1,"total_blesses":1,"date":"10/02/2021 - 13h30","commune":"84116 - Saint-Romain-en-Viennois","adresse":"D938 route de Nyons","milieu":"Hors agglomération"}},{"type":"Feature","geometry":{"type":"Point","coordinates":[5.13243,44.17475]},"properties":{"annee":2021,"gravite":"leger","tues":0,"hospitalises":0,"legers":1,"total_blesses":1,"date":"10/02/2021 - 10h15","commune":"84069 - Malaucène","adresse":"Cours des Isnards","milieu":"En agglomération"}},{"type":"Feature","geometry":{"type":"Point","coordinates":[5.02861,43.92581]},"properties":{"annee":2021,"gravite":"mortel","tues":1,"hospitalises":0,"legers":0,"total_blesses":0,"date":"06/02/2021 - 07h10","commune":"84054 - L'Isle-sur-la-Sorgue","adresse":"CD 31","milieu":"Hors agglomération"}},{"type":"Feature","geometry":{"type":"Point","coordinates":[4.86068,43.98496]},"properties":{"annee":2021,"gravite":"leger","tues":0,"hospitalises":0,"legers":3,"total_blesses":3,"date":"04/02/2021 - 08h10","commune":"84092 - Le Pontet","adresse":"Route de Sorgues (rd 907)","milieu":"Hors agglomération"}},{"type":"Feature","geometry":{"type":"Point","coordinates":[4.85695,43.92243]},"properties":{"annee":2021,"gravite":"grave","tues":0,"hospitalises":4,"legers":2,"total_blesses":6,"date":"01/02/2021 - 08h45","commune":"84007 - Avignon","adresse":"MARSEILLE (Route de )","milieu":"Hors agglomération"}},{"type":"Feature","geometry":{"type":"Point","coordinates":[5.30068,43.86431]},"properties":{"annee":2021,"gravite":"grave","tues":0,"hospitalises":1,"legers":0,"total_blesses":1,"date":"31/01/2021 - 22h15","commune":"84020 - Bonnieux","adresse":"d900","milieu":"Hors agglomération"}},{"type":"Feature","geometry":{"type":"Point","coordinates":[4.83314,43.94299]},"properties":{"annee":2021,"gravite":"grave","tues":0,"hospitalises":1,"legers":0,"total_blesses":1,"date":"18/01/2021 - 14h30","commune":"84007 - Avignon","adresse":"C.De GAULLE (Rocade)","milieu":"En agglomération"}},{"type":"Feature","geometry":{"type":"Point","coordinates":[5.30826,43.74728]},"properties":{"annee":2021,"gravite":"leger","tues":0,"hospitalises":0,"legers":1,"total_blesses":1,"date":"27/01/2021 - 17h00","commune":"84065 - Lauris","adresse":"Avenue de la Gare","milieu":"En agglomération"}},{"type":"Feature","geometry":{"type":"Point","coordinates":[5.47501,43.92127]},"properties":{"annee":2021,"gravite":"grave","tues":0,"hospitalises":1,"legers":0,"total_blesses":1,"date":"27/01/2021 - 08h10","commune":"84103 - Rustrel","adresse":"D179","milieu":"Hors agglomération"}},{"type":"Feature","geometry":{"type":"Point","coordinates":[5.36816,43.8921]},"properties":{"annee":2021,"gravite":"leger","tues":0,"hospitalises":0,"legers":4,"total_blesses":4,"date":"27/01/2021 - 07h50","commune":"84047 - Gargas","adresse":"D101","milieu":"Hors agglomération"}},{"type":"Feature","geometry":{"type":"Point","coordinates":[5.32345,43.93066]},"properties":{"annee":2021,"gravite":"grave","tues":0,"hospitalises":1,"legers":1,"total_blesses":2,"date":"26/01/2021 - 17h09","commune":"84118 - Saint-Saturnin-lès-Apt","adresse":"D2","milieu":"Hors agglomération"}},{"type":"Feature","geometry":{"type":"Point","coordinates":[5.07311,44.11191]},"properties":{"annee":2021,"gravite":"grave","tues":0,"hospitalises":1,"legers":1,"total_blesses":2,"date":"24/01/2021 - 18h45","commune":"84109 - Saint-Hippolyte-le-Graveyron","adresse":"Chemin des Cotes","milieu":"Hors agglomération"}},{"type":"Feature","geometry":{"type":"Point","coordinates":[4.90864,44.00298]},"properties":{"annee":2021,"gravite":"mortel","tues":1,"hospitalises":0,"legers":0,"total_blesses":0,"date":"25/01/2021 - 16h40","commune":"84043 - Entraigues-sur-la-Sorgue","adresse":"Route de Sorgues","milieu":"En agglomération"}},{"type":"Feature","geometry":{"type":"Point","coordinates":[4.80504,43.93744]},"properties":{"annee":2021,"gravite":"leger","tues":0,"hospitalises":0,"legers":1,"total_blesses":1,"date":"20/01/2021 - 07h55","commune":"84007 - Avignon","adresse":"MONCLAR (Avenue)","milieu":"En agglomération"}},{"type":"Feature","geometry":{"type":"Point","coordinates":[4.82041,43.93992]},"properties":{"annee":2021,"gravite":"leger","tues":0,"hospitalises":0,"legers":1,"total_blesses":1,"date":"21/01/2021 - 14h10","commune":"84007 - Avignon","adresse":"PIERRE SEMARD (avenue)","milieu":"En agglomération"}},{"type":"Feature","geometry":{"type":"Point","coordinates":[4.81168,43.92211]},"properties":{"annee":2021,"gravite":"grave","tues":0,"hospitalises":1,"legers":0,"total_blesses":1,"date":"20/01/2021 - 15h15","commune":"84007 - Avignon","adresse":"CHEMIN DES ISNARDS","milieu":"Hors agglomération"}},{"type":"Feature","geometry":{"type":"Point","coordinates":[4.91181,43.97279]},"properties":{"annee":2021,"gravite":"leger","tues":0,"hospitalises":0,"legers":1,"total_blesses":1,"date":"22/01/2021 - 12h35","commune":"84141 - Vedène","adresse":"553 Avenue Alphonse Daudet","milieu":"En agglomération"}},{"type":"Feature","geometry":{"type":"Point","coordinates":[5.05078,44.03177]},"properties":{"annee":2021,"gravite":"grave","tues":0,"hospitalises":1,"legers":4,"total_blesses":5,"date":"14/01/2021 - 09h50","commune":"84031 - Carpentras","adresse":"D235","milieu":"Hors agglomération"}},{"type":"Feature","geometry":{"type":"Point","coordinates":[4.8095,43.92848]},"properties":{"annee":2021,"gravite":"grave","tues":0,"hospitalises":2,"legers":0,"total_blesses":2,"date":"17/01/2021 - 17h15","commune":"84007 - Avignon","adresse":"TARASCON (Avenue de)","milieu":"En agglomération"}},{"type":"Feature","geometry":{"type":"Point","coordinates":[5.04173,43.91928]},"properties":{"annee":2021,"gravite":"leger","tues":0,"hospitalises":0,"legers":1,"total_blesses":1,"date":"18/01/2021 - 09h40","commune":"84054 - L'Isle-sur-la-Sorgue","adresse":"471 Cours Emile Zola","milieu":"En agglomération"}},{"type":"Feature","geometry":{"type":"Point","coordinates":[4.89011,43.98533]},"properties":{"annee":2021,"gravite":"grave","tues":0,"hospitalises":1,"legers":0,"total_blesses":1,"date":"16/01/2021 - 18h02","commune":"84141 - Vedène","adresse":"D942","milieu":"Hors agglomération"}},{"type":"Feature","geometry":{"type":"Point","coordinates":[4.85875,43.95724]},"properties":{"annee":2021,"gravite":"grave","tues":0,"hospitalises":1,"legers":0,"total_blesses":1,"date":"15/01/2021 - 13h44","commune":"84092 - Le Pontet","adresse":"Avenue Guillaume de Fargis","milieu":"En agglomération"}},{"type":"Feature","geometry":{"type":"Point","coordinates":[4.83195,43.93511]},"properties":{"annee":2021,"gravite":"grave","tues":0,"hospitalises":1,"legers":1,"total_blesses":2,"date":"07/01/2021 - 18h30","commune":"84007 - Avignon","adresse":"C.De GAULLE (Rocade)","milieu":"En agglomération"}},{"type":"Feature","geometry":{"type":"Point","coordinates":[4.83156,43.94877]},"properties":{"annee":2021,"gravite":"grave","tues":0,"hospitalises":1,"legers":0,"total_blesses":1,"date":"03/01/2021 - 18h19","commune":"84007 - Avignon","adresse":"CHEMIN A L ANGLAISE","milieu":"En agglomération"}},{"type":"Feature","geometry":{"type":"Point","coordinates":[5.01772,43.97724]},"properties":{"annee":2021,"gravite":"mortel","tues":1,"hospitalises":1,"legers":0,"total_blesses":1,"date":"11/01/2021 - 16h35","commune":"84088 - Pernes-les-Fontaines","adresse":"D31","milieu":"Hors agglomération"}},{"type":"Feature","geometry":{"type":"Point","coordinates":[4.92294,43.88902]},"properties":{"annee":2021,"gravite":"grave","tues":0,"hospitalises":1,"legers":1,"total_blesses":2,"date":"06/01/2021 - 17h15","commune":"84007 - Avignon","adresse":"Route de Cavaillon Mft","milieu":"Hors agglomération"}},{"type":"Feature","geometry":{"type":"Point","coordinates":[4.96711,44.35587]},"properties":{"annee":2021,"gravite":"leger","tues":0,"hospitalises":0,"legers":1,"total_blesses":1,"date":"07/01/2021 - 16h30","commune":"84138 - Valréas","adresse":"D976","milieu":"Hors agglomération"}},{"type":"Feature","geometry":{"type":"Point","coordinates":[4.70472,44.26211]},"properties":{"annee":2021,"gravite":"mortel","tues":1,"hospitalises":0,"legers":0,"total_blesses":0,"date":"06/01/2021 - 17h50","commune":"84078 - Mondragon","adresse":"Route Nationale 7","milieu":"Hors agglomération"}},{"type":"Feature","geometry":{"type":"Point","coordinates":[4.85823,43.96376]},"properties":{"annee":2021,"gravite":"grave","tues":0,"hospitalises":1,"legers":0,"total_blesses":1,"date":"04/01/2021 - 19h50","commune":"84092 - Le Pontet","adresse":"41 Avenue Théophile Delorme","milieu":"En agglomération"}},{"type":"Feature","geometry":{"type":"Point","coordinates":[4.96974,44.1212]},"properties":{"annee":2022,"gravite":"grave","tues":0,"hospitalises":1,"legers":0,"total_blesses":1,"date":"06/05/2022 - 17h40","commune":"84122 - Sarrians","adresse":"3489 Route de la Garrigue de l Etang","milieu":"Hors agglomération"}},{"type":"Feature","geometry":{"type":"Point","coordinates":[4.8822,43.96833]},"properties":{"annee":2022,"gravite":"grave","tues":0,"hospitalises":1,"legers":0,"total_blesses":1,"date":"07/10/2022 - 21h20","commune":"84092 - Le Pontet","adresse":"chemin du grand bois","milieu":"En agglomération"}},{"type":"Feature","geometry":{"type":"Point","coordinates":[4.86574,43.94329]},"properties":{"annee":2022,"gravite":"grave","tues":0,"hospitalises":1,"legers":0,"total_blesses":1,"date":"23/09/2022 - 11h00","commune":"84007 - Avignon","adresse":"Verdière(chemin)-MONTFAVET","milieu":"En agglomération"}},{"type":"Feature","geometry":{"type":"Point","coordinates":[5.39918,43.87675]},"properties":{"annee":2022,"gravite":"mortel","tues":1,"hospitalises":0,"legers":0,"total_blesses":0,"date":"15/09/2022 - 09h11","commune":"84003 - Apt","adresse":"Quai Général Leclerc","milieu":"En agglomération"}},{"type":"Feature","geometry":{"type":"Point","coordinates":[5.09459,43.91892]},"properties":{"annee":2022,"gravite":"grave","tues":0,"hospitalises":1,"legers":0,"total_blesses":1,"date":"17/09/2022 - 18h00","commune":"84124 - Saumane-de-Vaucluse","adresse":"route départementale 25","milieu":"Hors agglomération"}},{"type":"Feature","geometry":{"type":"Point","coordinates":[4.72601,44.11196]},"properties":{"annee":2022,"gravite":"grave","tues":0,"hospitalises":1,"legers":0,"total_blesses":1,"date":"07/08/2022 - 23h35","commune":"84027 - Caderousse","adresse":"D237","milieu":"Hors agglomération"}},{"type":"Feature","geometry":{"type":"Point","coordinates":[4.83153,43.93414]},"properties":{"annee":2022,"gravite":"leger","tues":0,"hospitalises":0,"legers":2,"total_blesses":2,"date":"22/09/2022 - 18h30","commune":"84007 - Avignon","adresse":"C.De GAULLE (Rocade)","milieu":"En agglomération"}},{"type":"Feature","geometry":{"type":"Point","coordinates":[5.03821,44.05988]},"properties":{"annee":2022,"gravite":"leger","tues":0,"hospitalises":0,"legers":1,"total_blesses":1,"date":"11/10/2022 - 13h50","commune":"84031 - Carpentras","adresse":"D942","milieu":"Hors agglomération"}},{"type":"Feature","geometry":{"type":"Point","coordinates":[4.81808,44.13006]},"properties":{"annee":2022,"gravite":"grave","tues":0,"hospitalises":1,"legers":0,"total_blesses":1,"date":"14/12/2022 - 09h53","commune":"84087 - Orange","adresse":"VERDUN (AVENUE DE)","milieu":"En agglomération"}},{"type":"Feature","geometry":{"type":"Point","coordinates":[4.81221,44.13536]},"properties":{"annee":2022,"gravite":"grave","tues":0,"hospitalises":1,"legers":0,"total_blesses":1,"date":"12/12/2022 - 05h50","commune":"84087 - Orange","adresse":"DALADIER (BD EDOUARD)","milieu":"En agglomération"}},{"type":"Feature","geometry":{"type":"Point","coordinates":[4.90761,44.01272]},"properties":{"annee":2022,"gravite":"grave","tues":0,"hospitalises":1,"legers":0,"total_blesses":1,"date":"03/06/2022 - 10h00","commune":"84129 - Sorgues","adresse":"Chemin de Vaucroze","milieu":"Hors agglomération"}},{"type":"Feature","geometry":{"type":"Point","coordinates":[4.95624,43.99509]},"properties":{"annee":2022,"gravite":"mortel","tues":1,"hospitalises":0,"legers":0,"total_blesses":0,"date":"17/09/2022 - 02h30","commune":"84043 - Entraigues-sur-la-Sorgue","adresse":"Avenue des Valayans","milieu":"Hors agglomération"}},{"type":"Feature","geometry":{"type":"Point","coordinates":[5.14688,44.16063]},"properties":{"annee":2022,"gravite":"grave","tues":0,"hospitalises":1,"legers":0,"total_blesses":1,"date":"16/09/2022 - 14h46","commune":"84069 - Malaucène","adresse":"D974","milieu":"Hors agglomération"}},{"type":"Feature","geometry":{"type":"Point","coordinates":[4.76017,44.17836]},"properties":{"annee":2022,"gravite":"mortel","tues":1,"hospitalises":0,"legers":0,"total_blesses":0,"date":"05/07/2022 - 12h05","commune":"84091 - Piolenc","adresse":"1728 Avenue de Provence","milieu":"En agglomération"}},{"type":"Feature","geometry":{"type":"Point","coordinates":[4.86376,44.15731]},"properties":{"annee":2022,"gravite":"grave","tues":0,"hospitalises":1,"legers":0,"total_blesses":1,"date":"30/06/2022 - 08h50","commune":"84029 - Camaret-sur-Aigues","adresse":"D43","milieu":"Hors agglomération"}},{"type":"Feature","geometry":{"type":"Point","coordinates":[4.7776,44.27876]},"properties":{"annee":2022,"gravite":"leger","tues":0,"hospitalises":0,"legers":1,"total_blesses":1,"date":"08/07/2022 - 09h55","commune":"84019 - Bollène","adresse":"Avenue Emile Lachaux","milieu":"En agglomération"}},{"type":"Feature","geometry":{"type":"Point","coordinates":[4.80361,44.14483]},"properties":{"annee":2022,"gravite":"grave","tues":0,"hospitalises":1,"legers":0,"total_blesses":1,"date":"30/05/2022 - 18h15","commune":"84087 - Orange","adresse":"PASSERELLE (CHEMIN DE LA)","milieu":"En agglomération"}},{"type":"Feature","geometry":{"type":"Point","coordinates":[5.05488,43.82981]},"properties":{"annee":2022,"gravite":"grave","tues":0,"hospitalises":1,"legers":1,"total_blesses":2,"date":"18/11/2022 - 16h02","commune":"84035 - Cavaillon","adresse":"CAMP-CR84 (CHEMIN DU)","milieu":"En agglomération"}},{"type":"Feature","geometry":{"type":"Point","coordinates":[5.50515,43.68303]},"properties":{"annee":2022,"gravite":"leger","tues":0,"hospitalises":0,"legers":1,"total_blesses":1,"date":"18/10/2022 - 17h25","commune":"84089 - Pertuis","adresse":"Chemin de Malespine","milieu":"En agglomération"}},{"type":"Feature","geometry":{"type":"Point","coordinates":[5.51186,43.68099]},"properties":{"annee":2022,"gravite":"grave","tues":0,"hospitalises":1,"legers":0,"total_blesses":1,"date":"11/09/2022 - 16h00","commune":"84089 - Pertuis","adresse":"Avenue de Malespine (vc 11)","milieu":"Hors agglomération"}},{"type":"Feature","geometry":{"type":"Point","coordinates":[5.4052,43.8795]},"properties":{"annee":2022,"gravite":"grave","tues":0,"hospitalises":1,"legers":0,"total_blesses":1,"date":"02/05/2022 - 14h15","commune":"84003 - Apt","adresse":"555 Avenue de Viton","milieu":"En agglomération"}},{"type":"Feature","geometry":{"type":"Point","coordinates":[4.97989,44.371]},"properties":{"annee":2022,"gravite":"leger","tues":0,"hospitalises":0,"legers":1,"total_blesses":1,"date":"21/03/2022 - 17h10","commune":"84138 - Valréas","adresse":"22 cours victor hugo","milieu":"En agglomération"}},{"type":"Feature","geometry":{"type":"Point","coordinates":[5.52509,43.68826]},"properties":{"annee":2022,"gravite":"leger","tues":0,"hospitalises":0,"legers":1,"total_blesses":1,"date":"15/10/2022 - 09h35","commune":"84089 - Pertuis","adresse":"1524 Avenue Pierre Augier","milieu":"En agglomération"}},{"type":"Feature","geometry":{"type":"Point","coordinates":[4.72557,44.2129]},"properties":{"annee":2022,"gravite":"grave","tues":0,"hospitalises":1,"legers":1,"total_blesses":2,"date":"02/07/2022 - 05h30","commune":"84083 - Mornas","adresse":"3361b Route Nationale 7","milieu":"Hors agglomération"}},{"type":"Feature","geometry":{"type":"Point","coordinates":[5.06679,44.06628]},"properties":{"annee":2022,"gravite":"leger","tues":0,"hospitalises":0,"legers":1,"total_blesses":1,"date":"16/04/2022 - 14h20","commune":"84031 - Carpentras","adresse":"ROUTE DE BEDOIN","milieu":"En agglomération"}},{"type":"Feature","geometry":{"type":"Point","coordinates":[4.72741,44.20119]},"properties":{"annee":2022,"gravite":"grave","tues":0,"hospitalises":1,"legers":1,"total_blesses":2,"date":"28/07/2022 - 15h30","commune":"84083 - Mornas","adresse":"Route Nationale 7","milieu":"En agglomération"}},{"type":"Feature","geometry":{"type":"Point","coordinates":[4.80096,44.15301]},"properties":{"annee":2022,"gravite":"mortel","tues":1,"hospitalises":0,"legers":1,"total_blesses":1,"date":"03/08/2022 - 02h00","commune":"84087 - Orange","adresse":"LAURIOL (CHEMIN)","milieu":"Hors agglomération"}},{"type":"Feature","geometry":{"type":"Point","coordinates":[5.40431,43.77502]},"properties":{"annee":2022,"gravite":"grave","tues":0,"hospitalises":1,"legers":0,"total_blesses":1,"date":"31/12/2022 - 10h30","commune":"84140 - Vaugines","adresse":"RD 56","milieu":"Hors agglomération"}},{"type":"Feature","geometry":{"type":"Point","coordinates":[5.44715,43.88045]},"properties":{"annee":2022,"gravite":"grave","tues":0,"hospitalises":1,"legers":0,"total_blesses":1,"date":"29/12/2022 - 20h50","commune":"84032 - Caseneuve","adresse":"D209 - D231","milieu":"Hors agglomération"}},{"type":"Feature","geometry":{"type":"Point","coordinates":[5.50329,43.67414]},"properties":{"annee":2022,"gravite":"grave","tues":0,"hospitalises":1,"legers":1,"total_blesses":2,"date":"15/05/2022 - 16h45","commune":"84089 - Pertuis","adresse":"Chemin du Père Grand","milieu":"En agglomération"}},{"type":"Feature","geometry":{"type":"Point","coordinates":[4.85813,43.97397]},"properties":{"annee":2022,"gravite":"grave","tues":0,"hospitalises":1,"legers":0,"total_blesses":1,"date":"20/03/2022 - 03h45","commune":"84092 - Le Pontet","adresse":"Route Départementale 225 Route touristique des bords du rhône","milieu":"Hors agglomération"}},{"type":"Feature","geometry":{"type":"Point","coordinates":[4.80998,43.92853]},"properties":{"annee":2022,"gravite":"mortel","tues":1,"hospitalises":0,"legers":0,"total_blesses":0,"date":"12/09/2022 - 09h40","commune":"84007 - Avignon","adresse":"C.De GAULLE (Rocade)","milieu":"En agglomération"}},{"type":"Feature","geometry":{"type":"Point","coordinates":[4.91359,43.99299]},"properties":{"annee":2022,"gravite":"leger","tues":0,"hospitalises":0,"legers":1,"total_blesses":1,"date":"15/10/2022 - 06h10","commune":"84043 - Entraigues-sur-la-Sorgue","adresse":"D942","milieu":"Hors agglomération"}},{"type":"Feature","geometry":{"type":"Point","coordinates":[4.72723,44.10789]},"properties":{"annee":2022,"gravite":"leger","tues":0,"hospitalises":0,"legers":3,"total_blesses":3,"date":"16/10/2022 - 00h40","commune":"84027 - Caderousse","adresse":"Route Départementale 237","milieu":"Hors agglomération"}},{"type":"Feature","geometry":{"type":"Point","coordinates":[5.49396,43.72664]},"properties":{"annee":2022,"gravite":"mortel","tues":1,"hospitalises":0,"legers":0,"total_blesses":0,"date":"15/10/2022 - 10h45","commune":"84002 - Ansouis","adresse":"RD 56, pk5","milieu":"Hors agglomération"}},{"type":"Feature","geometry":{"type":"Point","coordinates":[5.01855,43.90447]},"properties":{"annee":2022,"gravite":"grave","tues":0,"hospitalises":1,"legers":0,"total_blesses":1,"date":"13/09/2022 - 22h50","commune":"84054 - L'Isle-sur-la-Sorgue","adresse":"route de caumont","milieu":"Hors agglomération"}},{"type":"Feature","geometry":{"type":"Point","coordinates":[4.86002,43.96173]},"properties":{"annee":2022,"gravite":"leger","tues":0,"hospitalises":0,"legers":2,"total_blesses":2,"date":"14/10/2022 - 16h40","commune":"84092 - Le Pontet","adresse":"Avenue François Lascour","milieu":"En agglomération"}},{"type":"Feature","geometry":{"type":"Point","coordinates":[4.80517,44.14148]},"properties":{"annee":2022,"gravite":"leger","tues":0,"hospitalises":0,"legers":1,"total_blesses":1,"date":"01/04/2022 - 09h35","commune":"84087 - Orange","adresse":"ARTAUD (AVENUE ANTOINE)","milieu":"En agglomération"}},{"type":"Feature","geometry":{"type":"Point","coordinates":[4.8727,43.93288]},"properties":{"annee":2022,"gravite":"grave","tues":0,"hospitalises":2,"legers":0,"total_blesses":2,"date":"24/06/2022 - 17h40","commune":"84007 - Avignon","adresse":"CARDINAL BERTRAND (Cours)-MONTFAVET","milieu":"En agglomération"}},{"type":"Feature","geometry":{"type":"Point","coordinates":[4.849,43.951]},"properties":{"annee":2022,"gravite":"grave","tues":0,"hospitalises":1,"legers":0,"total_blesses":1,"date":"08/09/2022 - 08h30","commune":"84007 - Avignon","adresse":"MORIERES (Route de )","milieu":"En agglomération"}},{"type":"Feature","geometry":{"type":"Point","coordinates":[4.71174,44.24058]},"properties":{"annee":2022,"gravite":"grave","tues":0,"hospitalises":1,"legers":0,"total_blesses":1,"date":"28/06/2022 - 06h20","commune":"84078 - Mondragon","adresse":"Rue des Anciens Combattants","milieu":"En agglomération"}},{"type":"Feature","geometry":{"type":"Point","coordinates":[5.3903,43.72415]},"properties":{"annee":2022,"gravite":"grave","tues":0,"hospitalises":1,"legers":0,"total_blesses":1,"date":"10/02/2022 - 19h10","commune":"84026 - Cadenet","adresse":"D973 route de Pertuis","milieu":"Hors agglomération"}},{"type":"Feature","geometry":{"type":"Point","coordinates":[4.75919,44.10731]},"properties":{"annee":2022,"gravite":"mortel","tues":1,"hospitalises":0,"legers":0,"total_blesses":0,"date":"03/08/2022 - 07h28","commune":"84027 - Caderousse","adresse":"chemin de Saint Charles","milieu":"En agglomération"}},{"type":"Feature","geometry":{"type":"Point","coordinates":[4.90093,44.16444]},"properties":{"annee":2022,"gravite":"grave","tues":0,"hospitalises":1,"legers":0,"total_blesses":1,"date":"03/08/2022 - 16h35","commune":"84029 - Camaret-sur-Aigues","adresse":"D23","milieu":"Hors agglomération"}},{"type":"Feature","geometry":{"type":"Point","coordinates":[4.758,44.27741]},"properties":{"annee":2022,"gravite":"leger","tues":0,"hospitalises":0,"legers":1,"total_blesses":1,"date":"22/10/2022 - 10h00","commune":"84019 - Bollène","adresse":"Avenue Emile Lachaux","milieu":"En agglomération"}},{"type":"Feature","geometry":{"type":"Point","coordinates":[4.81239,43.92874]},"properties":{"annee":2022,"gravite":"leger","tues":0,"hospitalises":0,"legers":1,"total_blesses":1,"date":"24/12/2022 - 09h15","commune":"84007 - Avignon","adresse":"C.De GAULLE (Rocade)","milieu":"En agglomération"}},{"type":"Feature","geometry":{"type":"Point","coordinates":[5.16655,43.86445]},"properties":{"annee":2022,"gravite":"grave","tues":0,"hospitalises":2,"legers":0,"total_blesses":2,"date":"05/09/2022 - 15h50","commune":"84025 - Cabrières-d'Avignon","adresse":"intersection RD900 et RD 148","milieu":"Hors agglomération"}},{"type":"Feature","geometry":{"type":"Point","coordinates":[5.60556,43.79009]},"properties":{"annee":2022,"gravite":"grave","tues":0,"hospitalises":1,"legers":1,"total_blesses":2,"date":"29/04/2022 - 20h00","commune":"84151 - Vitrolles-en-Lubéron","adresse":"d42","milieu":"Hors agglomération"}},{"type":"Feature","geometry":{"type":"Point","coordinates":[5.20135,43.84042]},"properties":{"annee":2022,"gravite":"grave","tues":0,"hospitalises":1,"legers":0,"total_blesses":1,"date":"28/04/2022 - 13h15","commune":"84073 - Ménerbes","adresse":"D3","milieu":"Hors agglomération"}},{"type":"Feature","geometry":{"type":"Point","coordinates":[4.95074,44.39181]},"properties":{"annee":2022,"gravite":"grave","tues":0,"hospitalises":1,"legers":1,"total_blesses":2,"date":"27/12/2022 - 21h30","commune":"84053 - Grillon","adresse":"D941","milieu":"Hors agglomération"}},{"type":"Feature","geometry":{"type":"Point","coordinates":[4.78902,44.12022]},"properties":{"annee":2022,"gravite":"mortel","tues":1,"hospitalises":0,"legers":0,"total_blesses":0,"date":"29/04/2022 - 10h55","commune":"84087 - Orange","adresse":"A9","milieu":"Hors agglomération"}},{"type":"Feature","geometry":{"type":"Point","coordinates":[4.76073,44.17097]},"properties":{"annee":2022,"gravite":"grave","tues":0,"hospitalises":1,"legers":1,"total_blesses":2,"date":"29/04/2022 - 08h40","commune":"84091 - Piolenc","adresse":"Autoroute A7 Pk 162.500 direction Lyon","milieu":"Hors agglomération"}},{"type":"Feature","geometry":{"type":"Point","coordinates":[5.05881,43.99643]},"properties":{"annee":2022,"gravite":"leger","tues":0,"hospitalises":0,"legers":1,"total_blesses":1,"date":"13/09/2022 - 12h00","commune":"84088 - Pernes-les-Fontaines","adresse":"Avenue du Barriot","milieu":"En agglomération"}},{"type":"Feature","geometry":{"type":"Point","coordinates":[4.76493,44.16728]},"properties":{"annee":2022,"gravite":"grave","tues":0,"hospitalises":1,"legers":1,"total_blesses":2,"date":"12/09/2022 - 07h05","commune":"84091 - Piolenc","adresse":"route nationale 7","milieu":"Hors agglomération"}},{"type":"Feature","geometry":{"type":"Point","coordinates":[5.04366,43.95596]},"properties":{"annee":2022,"gravite":"grave","tues":0,"hospitalises":1,"legers":0,"total_blesses":1,"date":"11/09/2022 - 00h50","commune":"84142 - Velleron","adresse":"D938","milieu":"Hors agglomération"}},{"type":"Feature","geometry":{"type":"Point","coordinates":[5.03285,44.11739]},"properties":{"annee":2022,"gravite":"grave","tues":0,"hospitalises":1,"legers":0,"total_blesses":1,"date":"10/02/2022 - 05h50","commune":"84012 - Beaumes-de-Venise","adresse":"Route de Caromb","milieu":"En agglomération"}},{"type":"Feature","geometry":{"type":"Point","coordinates":[4.82891,43.932]},"properties":{"annee":2022,"gravite":"grave","tues":0,"hospitalises":3,"legers":1,"total_blesses":4,"date":"30/04/2022 - 04h30","commune":"84007 - Avignon","adresse":"C.De GAULLE (Rocade)","milieu":"En agglomération"}},{"type":"Feature","geometry":{"type":"Point","coordinates":[4.88332,43.95891]},"properties":{"annee":2022,"gravite":"grave","tues":0,"hospitalises":1,"legers":0,"total_blesses":1,"date":"15/10/2022 - 14h28","commune":"84092 - Le Pontet","adresse":"Chemin du Canal Crillon","milieu":"En agglomération"}},{"type":"Feature","geometry":{"type":"Point","coordinates":[5.00764,44.22052]},"properties":{"annee":2022,"gravite":"grave","tues":0,"hospitalises":1,"legers":0,"total_blesses":1,"date":"02/08/2022 - 10h50","commune":"84126 - Séguret","adresse":"CD 977","milieu":"Hors agglomération"}},{"type":"Feature","geometry":{"type":"Point","coordinates":[5.07161,43.92782]},"properties":{"annee":2022,"gravite":"grave","tues":0,"hospitalises":1,"legers":0,"total_blesses":1,"date":"02/08/2022 - 20h20","commune":"84054 - L'Isle-sur-la-Sorgue","adresse":"595 Route de Saumane","milieu":"En agglomération"}},{"type":"Feature","geometry":{"type":"Point","coordinates":[4.82636,43.93132]},"properties":{"annee":2022,"gravite":"grave","tues":0,"hospitalises":1,"legers":0,"total_blesses":1,"date":"12/03/2022 - 06h00","commune":"84007 - Avignon","adresse":"C.De GAULLE (Rocade)","milieu":"En agglomération"}},{"type":"Feature","geometry":{"type":"Point","coordinates":[5.50715,44.02294]},"properties":{"annee":2022,"gravite":"grave","tues":0,"hospitalises":1,"legers":0,"total_blesses":1,"date":"18/05/2022 - 16h40","commune":"84107 - Saint-Christol","adresse":"Route départementale 166","milieu":"Hors agglomération"}},{"type":"Feature","geometry":{"type":"Point","coordinates":[5.47054,43.89205]},"properties":{"annee":2022,"gravite":"grave","tues":0,"hospitalises":1,"legers":0,"total_blesses":1,"date":"11/09/2022 - 00h15","commune":"84032 - Caseneuve","adresse":"D209","milieu":"Hors agglomération"}},{"type":"Feature","geometry":{"type":"Point","coordinates":[5.15994,43.88031]},"properties":{"annee":2022,"gravite":"grave","tues":0,"hospitalises":1,"legers":0,"total_blesses":1,"date":"30/07/2022 - 06h30","commune":"84025 - Cabrières-d'Avignon","adresse":"1691 Ancienne Route de Gordes","milieu":"Hors agglomération"}},{"type":"Feature","geometry":{"type":"Point","coordinates":[4.9325,44.13792]},"properties":{"annee":2022,"gravite":"leger","tues":0,"hospitalises":0,"legers":2,"total_blesses":2,"date":"29/07/2022 - 18h20","commune":"84056 - Jonquières","adresse":"Chemin des Plumes","milieu":"Hors agglomération"}},{"type":"Feature","geometry":{"type":"Point","coordinates":[4.86879,43.94042]},"properties":{"annee":2022,"gravite":"leger","tues":0,"hospitalises":0,"legers":2,"total_blesses":2,"date":"10/12/2022 - 18h50","commune":"84007 - Avignon","adresse":"AULNES(Avenue des)-MONTFAVET","milieu":"En agglomération"}},{"type":"Feature","geometry":{"type":"Point","coordinates":[5.4276,43.77694]},"properties":{"annee":2022,"gravite":"grave","tues":0,"hospitalises":1,"legers":0,"total_blesses":1,"date":"30/05/2022 - 15h00","commune":"84042 - Cucuron","adresse":"Route de Vaugines (D56)","milieu":"Hors agglomération"}},{"type":"Feature","geometry":{"type":"Point","coordinates":[4.77436,44.30284]},"properties":{"annee":2022,"gravite":"grave","tues":0,"hospitalises":1,"legers":0,"total_blesses":1,"date":"06/02/2022 - 02h40","commune":"84019 - Bollène","adresse":"Route de Saint Restitut","milieu":"Hors agglomération"}},{"type":"Feature","geometry":{"type":"Point","coordinates":[4.9078,44.33026]},"properties":{"annee":2022,"gravite":"mortel","tues":1,"hospitalises":0,"legers":0,"total_blesses":0,"date":"26/04/2022 - 17h40","commune":"84150 - Visan","adresse":"Chemin de la Petite Matte","milieu":"En agglomération"}},{"type":"Feature","geometry":{"type":"Point","coordinates":[4.90349,43.94046]},"properties":{"annee":2022,"gravite":"leger","tues":0,"hospitalises":0,"legers":1,"total_blesses":1,"date":"14/11/2022 - 08h30","commune":"84081 - Morières-lès-Avignon","adresse":"Rue Louis Gros","milieu":"En agglomération"}},{"type":"Feature","geometry":{"type":"Point","coordinates":[4.76115,44.17624]},"properties":{"annee":2022,"gravite":"grave","tues":0,"hospitalises":1,"legers":0,"total_blesses":1,"date":"30/07/2022 - 09h00","commune":"84091 - Piolenc","adresse":"1985 Avenue de Provence","milieu":"En agglomération"}},{"type":"Feature","geometry":{"type":"Point","coordinates":[4.75088,44.28392]},"properties":{"annee":2022,"gravite":"grave","tues":0,"hospitalises":1,"legers":0,"total_blesses":1,"date":"13/03/2022 - 10h30","commune":"84019 - Bollène","adresse":"Avenue jean giono","milieu":"En agglomération"}},{"type":"Feature","geometry":{"type":"Point","coordinates":[4.82744,43.94076]},"properties":{"annee":2022,"gravite":"grave","tues":0,"hospitalises":1,"legers":0,"total_blesses":1,"date":"17/01/2022 - 13h45","commune":"84007 - Avignon","adresse":"MONTFAVET (Route)","milieu":"En agglomération"}},{"type":"Feature","geometry":{"type":"Point","coordinates":[5.67125,43.69857]},"properties":{"annee":2022,"gravite":"grave","tues":0,"hospitalises":1,"legers":0,"total_blesses":1,"date":"29/05/2022 - 11h50","commune":"84076 - Mirabeau","adresse":"Rte Departementale 996","milieu":"Hors agglomération"}},{"type":"Feature","geometry":{"type":"Point","coordinates":[5.03974,43.88162]},"properties":{"annee":2022,"gravite":"leger","tues":0,"hospitalises":0,"legers":3,"total_blesses":3,"date":"09/09/2022 - 15h08","commune":"84054 - L'Isle-sur-la-Sorgue","adresse":"Départementale 938","milieu":"Hors agglomération"}},{"type":"Feature","geometry":{"type":"Point","coordinates":[4.71164,44.24312]},"properties":{"annee":2022,"gravite":"grave","tues":0,"hospitalises":1,"legers":0,"total_blesses":1,"date":"04/07/2022 - 19h28","commune":"84078 - Mondragon","adresse":"Route Nationale 7","milieu":"En agglomération"}},{"type":"Feature","geometry":{"type":"Point","coordinates":[4.8111,43.94821]},"properties":{"annee":2022,"gravite":"grave","tues":0,"hospitalises":1,"legers":0,"total_blesses":1,"date":"27/04/2022 - 21h48","commune":"84007 - Avignon","adresse":"RUE ST JEAN LE VIEUX","milieu":"En agglomération"}},{"type":"Feature","geometry":{"type":"Point","coordinates":[5.04223,43.83449]},"properties":{"annee":2022,"gravite":"leger","tues":0,"hospitalises":0,"legers":1,"total_blesses":1,"date":"03/02/2022 - 12h30","commune":"84035 - Cavaillon","adresse":"JOFFRE (AVENUE DU MARECHAL)","milieu":"En agglomération"}},{"type":"Feature","geometry":{"type":"Point","coordinates":[5.00208,44.17539]},"properties":{"annee":2022,"gravite":"grave","tues":0,"hospitalises":2,"legers":1,"total_blesses":3,"date":"21/05/2022 - 12h30","commune":"84049 - Gigondas","adresse":"D7","milieu":"Hors agglomération"}},{"type":"Feature","geometry":{"type":"Point","coordinates":[5.30033,43.74745]},"properties":{"annee":2022,"gravite":"mortel","tues":1,"hospitalises":0,"legers":0,"total_blesses":0,"date":"28/05/2022 - 00h01","commune":"84065 - Lauris","adresse":"RD 973","milieu":"En agglomération"}},{"type":"Feature","geometry":{"type":"Point","coordinates":[4.85831,43.95407]},"properties":{"annee":2022,"gravite":"grave","tues":0,"hospitalises":1,"legers":0,"total_blesses":1,"date":"03/02/2022 - 20h30","commune":"84092 - Le Pontet","adresse":"AVENUE PASTEUR","milieu":"En agglomération"}},{"type":"Feature","geometry":{"type":"Point","coordinates":[4.95442,44.16972]},"properties":{"annee":2022,"gravite":"mortel","tues":1,"hospitalises":0,"legers":0,"total_blesses":0,"date":"13/03/2022 - 20h15","commune":"84149 - Violès","adresse":"1393 route d'Avignon","milieu":"Hors agglomération"}},{"type":"Feature","geometry":{"type":"Point","coordinates":[5.13429,44.18107]},"properties":{"annee":2022,"gravite":"grave","tues":0,"hospitalises":1,"legers":0,"total_blesses":1,"date":"26/06/2022 - 16h30","commune":"84069 - Malaucène","adresse":"Route du Mont Ventoux - CD 974","milieu":"Hors agglomération"}},{"type":"Feature","geometry":{"type":"Point","coordinates":[4.98261,43.96892]},"properties":{"annee":2022,"gravite":"leger","tues":0,"hospitalises":0,"legers":4,"total_blesses":4,"date":"21/04/2022 - 17h04","commune":"84142 - Velleron","adresse":"D28","milieu":"Hors agglomération"}},{"type":"Feature","geometry":{"type":"Point","coordinates":[4.8095,43.9266]},"properties":{"annee":2022,"gravite":"leger","tues":0,"hospitalises":0,"legers":3,"total_blesses":3,"date":"25/06/2022 - 23h00","commune":"84007 - Avignon","adresse":"TARASCON ( Avenue de)","milieu":"En agglomération"}},{"type":"Feature","geometry":{"type":"Point","coordinates":[4.75005,44.27554]},"properties":{"annee":2022,"gravite":"grave","tues":0,"hospitalises":1,"legers":0,"total_blesses":1,"date":"25/07/2022 - 03h00","commune":"84019 - Bollène","adresse":"Avenue Paul Claudel","milieu":"En agglomération"}},{"type":"Feature","geometry":{"type":"Point","coordinates":[4.73053,44.0969]},"properties":{"annee":2022,"gravite":"leger","tues":0,"hospitalises":0,"legers":1,"total_blesses":1,"date":"27/07/2022 - 08h50","commune":"84027 - Caderousse","adresse":"D237","milieu":"Hors agglomération"}},{"type":"Feature","geometry":{"type":"Point","coordinates":[5.30155,43.86442]},"properties":{"annee":2022,"gravite":"mortel","tues":1,"hospitalises":0,"legers":0,"total_blesses":0,"date":"04/04/2022 - 16h00","commune":"84020 - Bonnieux","adresse":"D900","milieu":"Hors agglomération"}},{"type":"Feature","geometry":{"type":"Point","coordinates":[4.88351,44.03025]},"properties":{"annee":2022,"gravite":"leger","tues":0,"hospitalises":0,"legers":1,"total_blesses":1,"date":"22/04/2022 - 18h30","commune":"84129 - Sorgues","adresse":"Route de Bédarrides","milieu":"Hors agglomération"}},{"type":"Feature","geometry":{"type":"Point","coordinates":[5.55216,43.73054]},"properties":{"annee":2022,"gravite":"grave","tues":0,"hospitalises":1,"legers":0,"total_blesses":1,"date":"09/10/2022 - 15h10","commune":"84133 - La Tour-d'Aigues","adresse":"D956","milieu":"Hors agglomération"}},{"type":"Feature","geometry":{"type":"Point","coordinates":[4.81183,43.93757]},"properties":{"annee":2022,"gravite":"leger","tues":0,"hospitalises":0,"legers":1,"total_blesses":1,"date":"27/09/2022 - 18h30","commune":"84007 - Avignon","adresse":"SIXTE ISNARD (Boulevard)","milieu":"En agglomération"}},{"type":"Feature","geometry":{"type":"Point","coordinates":[4.8833,43.9107]},"properties":{"annee":2022,"gravite":"grave","tues":0,"hospitalises":1,"legers":0,"total_blesses":1,"date":"04/10/2022 - 13h30","commune":"84007 - Avignon","adresse":"MARSEILLE (Route de )","milieu":"En agglomération"}},{"type":"Feature","geometry":{"type":"Point","coordinates":[4.891,43.95351]},"properties":{"annee":2022,"gravite":"mortel","tues":1,"hospitalises":0,"legers":0,"total_blesses":0,"date":"27/07/2022 - 12h10","commune":"84081 - Morières-lès-Avignon","adresse":"Route de Realpanier","milieu":"En agglomération"}},{"type":"Feature","geometry":{"type":"Point","coordinates":[4.97332,43.88349]},"properties":{"annee":2022,"gravite":"grave","tues":0,"hospitalises":1,"legers":0,"total_blesses":1,"date":"20/12/2022 - 14h10","commune":"84034 - Caumont-sur-Durance","adresse":"D973 - D900","milieu":"Hors agglomération"}},{"type":"Feature","geometry":{"type":"Point","coordinates":[4.83252,43.95318]},"properties":{"annee":2022,"gravite":"grave","tues":0,"hospitalises":1,"legers":0,"total_blesses":1,"date":"22/02/2022 - 08h45","commune":"84007 - Avignon","adresse":"LYON (route de )","milieu":"En agglomération"}},{"type":"Feature","geometry":{"type":"Point","coordinates":[5.13363,44.18188]},"properties":{"annee":2022,"gravite":"mortel","tues":1,"hospitalises":0,"legers":0,"total_blesses":0,"date":"04/09/2022 - 16h45","commune":"84069 - Malaucène","adresse":"d 974","milieu":"Hors agglomération"}},{"type":"Feature","geometry":{"type":"Point","coordinates":[5.09443,44.02732]},"properties":{"annee":2022,"gravite":"grave","tues":0,"hospitalises":1,"legers":0,"total_blesses":1,"date":"29/01/2022 - 16h09","commune":"84088 - Pernes-les-Fontaines","adresse":"Route de Carpentras à Vénasque","milieu":"Hors agglomération"}},{"type":"Feature","geometry":{"type":"Point","coordinates":[4.76237,44.09306]},"properties":{"annee":2022,"gravite":"grave","tues":0,"hospitalises":1,"legers":0,"total_blesses":1,"date":"25/07/2022 - 14h15","commune":"84027 - Caderousse","adresse":"d237 - Pk3 +310","milieu":"Hors agglomération"}},{"type":"Feature","geometry":{"type":"Point","coordinates":[4.7935,43.9426]},"properties":{"annee":2022,"gravite":"leger","tues":0,"hospitalises":0,"legers":2,"total_blesses":2,"date":"05/09/2022 - 07h55","commune":"84007 - Avignon","adresse":"C.De GAULLE (Rocade)","milieu":"En agglomération"}},{"type":"Feature","geometry":{"type":"Point","coordinates":[5.51696,43.70735]},"properties":{"annee":2022,"gravite":"mortel","tues":1,"hospitalises":0,"legers":1,"total_blesses":1,"date":"07/11/2022 - 18h46","commune":"84089 - Pertuis","adresse":"Route de la Tour D'Aigues","milieu":"Hors agglomération"}},{"type":"Feature","geometry":{"type":"Point","coordinates":[4.89107,43.97965]},"properties":{"annee":2022,"gravite":"leger","tues":0,"hospitalises":0,"legers":1,"total_blesses":1,"date":"25/07/2022 - 12h30","commune":"84141 - Vedène","adresse":"100 Chemin du Pont Blanc","milieu":"En agglomération"}},{"type":"Feature","geometry":{"type":"Point","coordinates":[5.16925,43.88483]},"properties":{"annee":2022,"gravite":"grave","tues":0,"hospitalises":1,"legers":0,"total_blesses":1,"date":"22/05/2022 - 17h00","commune":"84050 - Gordes","adresse":"Les Imberts","milieu":"En agglomération"}},{"type":"Feature","geometry":{"type":"Point","coordinates":[4.91136,43.94255]},"properties":{"annee":2022,"gravite":"mortel","tues":2,"hospitalises":0,"legers":0,"total_blesses":0,"date":"22/05/2022 - 16h00","commune":"84081 - Morières-lès-Avignon","adresse":"Autoroute A7 PK 191.700","milieu":"Hors agglomération"}},{"type":"Feature","geometry":{"type":"Point","coordinates":[5.0795,43.92041]},"properties":{"annee":2022,"gravite":"grave","tues":0,"hospitalises":1,"legers":0,"total_blesses":1,"date":"22/05/2022 - 22h10","commune":"84054 - L'Isle-sur-la-Sorgue","adresse":"D25","milieu":"Hors agglomération"}},{"type":"Feature","geometry":{"type":"Point","coordinates":[4.85724,43.92229]},"properties":{"annee":2022,"gravite":"grave","tues":0,"hospitalises":1,"legers":0,"total_blesses":1,"date":"13/12/2022 - 08h45","commune":"84007 - Avignon","adresse":"MARSEILLE (Route de )","milieu":"En agglomération"}},{"type":"Feature","geometry":{"type":"Point","coordinates":[4.74282,44.31684]},"properties":{"annee":2022,"gravite":"grave","tues":0,"hospitalises":1,"legers":0,"total_blesses":1,"date":"24/07/2022 - 17h40","commune":"84019 - Bollène","adresse":"Avenue Jean Moulin","milieu":"En agglomération"}},{"type":"Feature","geometry":{"type":"Point","coordinates":[4.83647,44.09568]},"properties":{"annee":2022,"gravite":"grave","tues":0,"hospitalises":2,"legers":0,"total_blesses":2,"date":"07/03/2022 - 09h10","commune":"84087 - Orange","adresse":"CD72","milieu":"Hors agglomération"}},{"type":"Feature","geometry":{"type":"Point","coordinates":[5.19207,44.11668]},"properties":{"annee":2022,"gravite":"grave","tues":0,"hospitalises":1,"legers":0,"total_blesses":1,"date":"18/04/2022 - 03h00","commune":"84017 - Bédoin","adresse":"route départementale 213","milieu":"En agglomération"}},{"type":"Feature","geometry":{"type":"Point","coordinates":[5.192,43.90154]},"properties":{"annee":2022,"gravite":"grave","tues":0,"hospitalises":1,"legers":1,"total_blesses":2,"date":"18/04/2022 - 18h40","commune":"84050 - Gordes","adresse":"chemin des bories","milieu":"Hors agglomération"}},{"type":"Feature","geometry":{"type":"Point","coordinates":[4.94178,43.94704]},"properties":{"annee":2022,"gravite":"grave","tues":0,"hospitalises":1,"legers":0,"total_blesses":1,"date":"23/06/2022 - 09h05","commune":"84055 - Jonquerettes","adresse":"Route de Caumont, D6","milieu":"En agglomération"}},{"type":"Feature","geometry":{"type":"Point","coordinates":[4.92027,44.03305]},"properties":{"annee":2022,"gravite":"leger","tues":0,"hospitalises":0,"legers":2,"total_blesses":2,"date":"18/04/2022 - 12h45","commune":"84016 - Bédarrides","adresse":"D87","milieu":"Hors agglomération"}},{"type":"Feature","geometry":{"type":"Point","coordinates":[4.69497,44.28482]},"properties":{"annee":2022,"gravite":"mortel","tues":1,"hospitalises":0,"legers":1,"total_blesses":1,"date":"27/01/2022 - 18h30","commune":"84063 - Lamotte-du-Rhône","adresse":"Nationale 7","milieu":"Hors agglomération"}},{"type":"Feature","geometry":{"type":"Point","coordinates":[4.90637,43.98063]},"properties":{"annee":2022,"gravite":"leger","tues":0,"hospitalises":0,"legers":1,"total_blesses":1,"date":"06/10/2022 - 09h30","commune":"84141 - Vedène","adresse":"Avenue Pierre de Coubertin","milieu":"En agglomération"}},{"type":"Feature","geometry":{"type":"Point","coordinates":[5.08118,44.07046]},"properties":{"annee":2022,"gravite":"mortel","tues":1,"hospitalises":3,"legers":0,"total_blesses":3,"date":"14/08/2022 - 20h40","commune":"84031 - Carpentras","adresse":"ROUTE DE BEDOIN","milieu":"Hors agglomération"}},{"type":"Feature","geometry":{"type":"Point","coordinates":[4.79032,44.06705]},"properties":{"annee":2022,"gravite":"mortel","tues":1,"hospitalises":0,"legers":0,"total_blesses":0,"date":"04/10/2022 - 14h23","commune":"84087 - Orange","adresse":"ROUTE DE ROQUEMAURE","milieu":"Hors agglomération"}},{"type":"Feature","geometry":{"type":"Point","coordinates":[4.83118,43.93031]},"properties":{"annee":2022,"gravite":"grave","tues":0,"hospitalises":1,"legers":0,"total_blesses":1,"date":"27/11/2022 - 19h17","commune":"84007 - Avignon","adresse":"CROIX ROUGE( Avenue de la )","milieu":"En agglomération"}},{"type":"Feature","geometry":{"type":"Point","coordinates":[4.81184,43.93758]},"properties":{"annee":2022,"gravite":"grave","tues":0,"hospitalises":1,"legers":0,"total_blesses":1,"date":"17/11/2022 - 00h06","commune":"84007 - Avignon","adresse":"SIXTE ISNARD (Boulevard)","milieu":"En agglomération"}},{"type":"Feature","geometry":{"type":"Point","coordinates":[4.82549,43.92903]},"properties":{"annee":2022,"gravite":"grave","tues":0,"hospitalises":1,"legers":0,"total_blesses":1,"date":"14/12/2022 - 17h30","commune":"84007 - Avignon","adresse":"FRANCOIS 1ER (RUE)","milieu":"En agglomération"}},{"type":"Feature","geometry":{"type":"Point","coordinates":[4.81722,43.94631]},"properties":{"annee":2022,"gravite":"grave","tues":0,"hospitalises":1,"legers":0,"total_blesses":1,"date":"09/11/2022 - 18h15","commune":"84007 - Avignon","adresse":"LIMBERT (Boulevard)","milieu":"En agglomération"}},{"type":"Feature","geometry":{"type":"Point","coordinates":[4.80428,43.92906]},"properties":{"annee":2022,"gravite":"grave","tues":0,"hospitalises":1,"legers":0,"total_blesses":1,"date":"08/11/2022 - 20h45","commune":"84007 - Avignon","adresse":"C.De GAULLE (Rocade)","milieu":"En agglomération"}},{"type":"Feature","geometry":{"type":"Point","coordinates":[5.03832,43.84886]},"properties":{"annee":2022,"gravite":"grave","tues":0,"hospitalises":1,"legers":0,"total_blesses":1,"date":"12/12/2022 - 09h25","commune":"84035 - Cavaillon","adresse":"LIBERATION (AVENUE DE LA)","milieu":"En agglomération"}},{"type":"Feature","geometry":{"type":"Point","coordinates":[4.88712,43.98055]},"properties":{"annee":2022,"gravite":"leger","tues":0,"hospitalises":0,"legers":1,"total_blesses":1,"date":"07/03/2022 - 13h10","commune":"84141 - Vedène","adresse":"346 Chemin du Pont Blanc","milieu":"En agglomération"}},{"type":"Feature","geometry":{"type":"Point","coordinates":[4.97339,43.8835]},"properties":{"annee":2022,"gravite":"leger","tues":0,"hospitalises":0,"legers":2,"total_blesses":2,"date":"07/03/2022 - 07h20","commune":"84034 - Caumont-sur-Durance","adresse":"D973","milieu":"Hors agglomération"}},{"type":"Feature","geometry":{"type":"Point","coordinates":[5.32762,43.90099]},"properties":{"annee":2022,"gravite":"grave","tues":0,"hospitalises":1,"legers":0,"total_blesses":1,"date":"01/09/2022 - 17h45","commune":"84102 - Roussillon","adresse":"Chemin du Pradas","milieu":"Hors agglomération"}},{"type":"Feature","geometry":{"type":"Point","coordinates":[5.09321,44.22317]},"properties":{"annee":2022,"gravite":"mortel","tues":1,"hospitalises":0,"legers":0,"total_blesses":0,"date":"01/09/2022 - 16h55","commune":"84040 - Crestet","adresse":"La glaciére","milieu":"Hors agglomération"}},{"type":"Feature","geometry":{"type":"Point","coordinates":[4.9441,44.37546]},"properties":{"annee":2022,"gravite":"grave","tues":0,"hospitalises":1,"legers":0,"total_blesses":1,"date":"21/06/2022 - 05h10","commune":"84138 - Valréas","adresse":"D18","milieu":"Hors agglomération"}},{"type":"Feature","geometry":{"type":"Point","coordinates":[5.06059,43.89353]},"properties":{"annee":2022,"gravite":"grave","tues":0,"hospitalises":1,"legers":0,"total_blesses":1,"date":"27/01/2022 - 12h00","commune":"84054 - L'Isle-sur-la-Sorgue","adresse":"2858 Route de Robion","milieu":"Hors agglomération"}},{"type":"Feature","geometry":{"type":"Point","coordinates":[5.15456,43.99832]},"properties":{"annee":2022,"gravite":"grave","tues":0,"hospitalises":1,"legers":0,"total_blesses":1,"date":"02/10/2022 - 14h30","commune":"84143 - Venasque","adresse":"chemin de la roberte","milieu":"Hors agglomération"}},{"type":"Feature","geometry":{"type":"Point","coordinates":[4.76007,44.17851]},"properties":{"annee":2022,"gravite":"grave","tues":0,"hospitalises":1,"legers":0,"total_blesses":1,"date":"05/10/2022 - 07h40","commune":"84091 - Piolenc","adresse":"3 avenue de provence","milieu":"En agglomération"}},{"type":"Feature","geometry":{"type":"Point","coordinates":[5.20198,43.88107]},"properties":{"annee":2022,"gravite":"grave","tues":0,"hospitalises":1,"legers":0,"total_blesses":1,"date":"20/07/2022 - 07h50","commune":"84050 - Gordes","adresse":"Route de Saint Pantaleon - D148","milieu":"Hors agglomération"}},{"type":"Feature","geometry":{"type":"Point","coordinates":[5.09961,43.88569]},"properties":{"annee":2022,"gravite":"mortel","tues":1,"hospitalises":0,"legers":2,"total_blesses":2,"date":"05/03/2022 - 18h30","commune":"84062 - Lagnes","adresse":"D 901","milieu":"Hors agglomération"}},{"type":"Feature","geometry":{"type":"Point","coordinates":[5.0362,44.04226]},"properties":{"annee":2022,"gravite":"grave","tues":0,"hospitalises":1,"legers":0,"total_blesses":1,"date":"22/07/2022 - 08h20","commune":"84031 - Carpentras","adresse":"KENNEDY AVENUE JOHN .F.","milieu":"En agglomération"}},{"type":"Feature","geometry":{"type":"Point","coordinates":[5.07337,44.24207]},"properties":{"annee":2022,"gravite":"leger","tues":0,"hospitalises":0,"legers":1,"total_blesses":1,"date":"25/01/2022 - 16h35","commune":"84137 - Vaison-la-Romaine","adresse":"Avenue du Général de Gaulle","milieu":"En agglomération"}},{"type":"Feature","geometry":{"type":"Point","coordinates":[4.90387,43.93952]},"properties":{"annee":2022,"gravite":"grave","tues":0,"hospitalises":1,"legers":0,"total_blesses":1,"date":"25/01/2022 - 08h00","commune":"84081 - Morières-lès-Avignon","adresse":"47 Avenue Aristide Briand","milieu":"En agglomération"}},{"type":"Feature","geometry":{"type":"Point","coordinates":[5.01357,43.94597]},"properties":{"annee":2022,"gravite":"mortel","tues":1,"hospitalises":0,"legers":1,"total_blesses":1,"date":"21/07/2022 - 14h45","commune":"84142 - Velleron","adresse":"D1","milieu":"Hors agglomération"}},{"type":"Feature","geometry":{"type":"Point","coordinates":[5.11138,43.84554]},"properties":{"annee":2022,"gravite":"grave","tues":0,"hospitalises":1,"legers":0,"total_blesses":1,"date":"20/07/2022 - 13h50","commune":"84099 - Robion","adresse":"Rue Jean Jaurés","milieu":"En agglomération"}},{"type":"Feature","geometry":{"type":"Point","coordinates":[5.36268,43.76521]},"properties":{"annee":2022,"gravite":"grave","tues":0,"hospitalises":1,"legers":0,"total_blesses":1,"date":"20/07/2022 - 11h30","commune":"84068 - Lourmarin","adresse":"Avenue Raoul Dautry","milieu":"En agglomération"}},{"type":"Feature","geometry":{"type":"Point","coordinates":[5.06979,43.80322]},"properties":{"annee":2022,"gravite":"grave","tues":0,"hospitalises":1,"legers":0,"total_blesses":1,"date":"02/03/2022 - 18h40","commune":"84038 - Cheval-Blanc","adresse":"Chemin de la Réale","milieu":"En agglomération"}},{"type":"Feature","geometry":{"type":"Point","coordinates":[4.94897,44.09471]},"properties":{"annee":2022,"gravite":"grave","tues":0,"hospitalises":1,"legers":1,"total_blesses":2,"date":"28/08/2022 - 16h20","commune":"84122 - Sarrians","adresse":"Route d'Orange","milieu":"Hors agglomération"}},{"type":"Feature","geometry":{"type":"Point","coordinates":[4.89639,43.98764]},"properties":{"annee":2022,"gravite":"grave","tues":0,"hospitalises":1,"legers":0,"total_blesses":1,"date":"18/06/2022 - 21h15","commune":"84141 - Vedène","adresse":"D942","milieu":"Hors agglomération"}},{"type":"Feature","geometry":{"type":"Point","coordinates":[5.3754,43.89637]},"properties":{"annee":2022,"gravite":"mortel","tues":1,"hospitalises":1,"legers":0,"total_blesses":1,"date":"23/01/2022 - 14h15","commune":"84003 - Apt","adresse":"ZI des Bourguignons","milieu":"Hors agglomération"}},{"type":"Feature","geometry":{"type":"Point","coordinates":[4.90178,43.93398]},"properties":{"annee":2022,"gravite":"leger","tues":0,"hospitalises":0,"legers":1,"total_blesses":1,"date":"23/01/2022 - 10h12","commune":"84081 - Morières-lès-Avignon","adresse":"23 Avenue du General Leclerc","milieu":"En agglomération"}},{"type":"Feature","geometry":{"type":"Point","coordinates":[4.91579,43.97168]},"properties":{"annee":2022,"gravite":"grave","tues":0,"hospitalises":1,"legers":0,"total_blesses":1,"date":"23/01/2022 - 10h30","commune":"84141 - Vedène","adresse":"D6","milieu":"Hors agglomération"}},{"type":"Feature","geometry":{"type":"Point","coordinates":[5.09796,44.21215]},"properties":{"annee":2022,"gravite":"leger","tues":0,"hospitalises":0,"legers":1,"total_blesses":1,"date":"07/11/2022 - 14h30","commune":"84040 - Crestet","adresse":"D76","milieu":"Hors agglomération"}},{"type":"Feature","geometry":{"type":"Point","coordinates":[5.30206,43.97521]},"properties":{"annee":2022,"gravite":"grave","tues":0,"hospitalises":1,"legers":0,"total_blesses":1,"date":"06/11/2022 - 16h25","commune":"84066 - Lioux","adresse":"D140","milieu":"Hors agglomération"}},{"type":"Feature","geometry":{"type":"Point","coordinates":[5.58106,43.89393]},"properties":{"annee":2022,"gravite":"grave","tues":0,"hospitalises":1,"legers":0,"total_blesses":1,"date":"13/05/2022 - 18h25","commune":"84144 - Viens","adresse":"Le clos -- D155","milieu":"Hors agglomération"}},{"type":"Feature","geometry":{"type":"Point","coordinates":[4.74927,44.28581]},"properties":{"annee":2022,"gravite":"grave","tues":0,"hospitalises":1,"legers":0,"total_blesses":1,"date":"30/09/2022 - 19h50","commune":"84019 - Bollène","adresse":"RUE JULES VERNE","milieu":"En agglomération"}},{"type":"Feature","geometry":{"type":"Point","coordinates":[4.74769,44.3131]},"properties":{"annee":2022,"gravite":"leger","tues":0,"hospitalises":0,"legers":1,"total_blesses":1,"date":"28/08/2022 - 07h38","commune":"84019 - Bollène","adresse":"212 Montée des Frigoules","milieu":"En agglomération"}},{"type":"Feature","geometry":{"type":"Point","coordinates":[4.87249,43.93286]},"properties":{"annee":2022,"gravite":"mortel","tues":1,"hospitalises":0,"legers":0,"total_blesses":0,"date":"26/08/2022 - 02h55","commune":"84007 - Avignon","adresse":"SOUSPIROUS (Avenue des ) - MONTFAVET","milieu":"En agglomération"}},{"type":"Feature","geometry":{"type":"Point","coordinates":[4.74242,44.26917]},"properties":{"annee":2022,"gravite":"grave","tues":0,"hospitalises":2,"legers":2,"total_blesses":4,"date":"21/01/2022 - 20h40","commune":"84019 - Bollène","adresse":"Route de Mondragon","milieu":"Hors agglomération"}},{"type":"Feature","geometry":{"type":"Point","coordinates":[5.05162,44.05562]},"properties":{"annee":2022,"gravite":"leger","tues":0,"hospitalises":0,"legers":2,"total_blesses":2,"date":"19/01/2022 - 15h05","commune":"84031 - Carpentras","adresse":"ROGIER BOULEVARD ALFRED","milieu":"En agglomération"}},{"type":"Feature","geometry":{"type":"Point","coordinates":[5.28803,44.12955]},"properties":{"annee":2022,"gravite":"grave","tues":0,"hospitalises":1,"legers":0,"total_blesses":1,"date":"10/04/2022 - 15h50","commune":"84017 - Bédoin","adresse":"Parking","milieu":"Hors agglomération"}},{"type":"Feature","geometry":{"type":"Point","coordinates":[4.90538,44.00633]},"properties":{"annee":2022,"gravite":"leger","tues":0,"hospitalises":0,"legers":1,"total_blesses":1,"date":"11/04/2022 - 14h00","commune":"84129 - Sorgues","adresse":"Chemin de Vaucroze","milieu":"Hors agglomération"}},{"type":"Feature","geometry":{"type":"Point","coordinates":[4.95829,44.09219]},"properties":{"annee":2022,"gravite":"grave","tues":0,"hospitalises":1,"legers":1,"total_blesses":2,"date":"17/06/2022 - 20h20","commune":"84122 - Sarrians","adresse":"Départementale 950","milieu":"Hors agglomération"}},{"type":"Feature","geometry":{"type":"Point","coordinates":[5.05446,43.99431]},"properties":{"annee":2022,"gravite":"leger","tues":0,"hospitalises":0,"legers":1,"total_blesses":1,"date":"04/11/2022 - 14h30","commune":"84088 - Pernes-les-Fontaines","adresse":"310 avenue saint martin","milieu":"En agglomération"}},{"type":"Feature","geometry":{"type":"Point","coordinates":[4.73428,44.30694]},"properties":{"annee":2022,"gravite":"grave","tues":0,"hospitalises":1,"legers":0,"total_blesses":1,"date":"19/05/2022 - 08h00","commune":"84019 - Bollène","adresse":"Le Sactar","milieu":"Hors agglomération"}},{"type":"Feature","geometry":{"type":"Point","coordinates":[4.74874,44.18684]},"properties":{"annee":2022,"gravite":"grave","tues":0,"hospitalises":1,"legers":0,"total_blesses":1,"date":"24/08/2022 - 06h30","commune":"84091 - Piolenc","adresse":"nationale 7","milieu":"Hors agglomération"}},{"type":"Feature","geometry":{"type":"Point","coordinates":[4.8213,43.9393]},"properties":{"annee":2022,"gravite":"mortel","tues":1,"hospitalises":0,"legers":0,"total_blesses":0,"date":"19/08/2022 - 18h30","commune":"84007 - Avignon","adresse":"PIERRE SEMARD (avenue)","milieu":"En agglomération"}},{"type":"Feature","geometry":{"type":"Point","coordinates":[4.7987,43.9348]},"properties":{"annee":2022,"gravite":"grave","tues":0,"hospitalises":1,"legers":0,"total_blesses":1,"date":"16/08/2022 - 19h25","commune":"84007 - Avignon","adresse":"MARTELANGE (Avenue Etienne)","milieu":"En agglomération"}},{"type":"Feature","geometry":{"type":"Point","coordinates":[4.80941,43.92568]},"properties":{"annee":2022,"gravite":"leger","tues":0,"hospitalises":0,"legers":1,"total_blesses":1,"date":"24/08/2022 - 18h30","commune":"84007 - Avignon","adresse":"TARASCON ( Avenue de)","milieu":"En agglomération"}},{"type":"Feature","geometry":{"type":"Point","coordinates":[4.68936,44.26759]},"properties":{"annee":2022,"gravite":"grave","tues":0,"hospitalises":1,"legers":0,"total_blesses":1,"date":"20/01/2022 - 13h50","commune":"84063 - Lamotte-du-Rhône","adresse":"N86","milieu":"Hors agglomération"}},{"type":"Feature","geometry":{"type":"Point","coordinates":[5.14656,44.25705]},"properties":{"annee":2022,"gravite":"mortel","tues":1,"hospitalises":0,"legers":0,"total_blesses":0,"date":"26/08/2022 - 13h45","commune":"84045 - Faucon","adresse":"D46","milieu":"Hors agglomération"}},{"type":"Feature","geometry":{"type":"Point","coordinates":[4.93231,43.95519]},"properties":{"annee":2022,"gravite":"grave","tues":0,"hospitalises":1,"legers":0,"total_blesses":1,"date":"28/02/2022 - 16h30","commune":"84119 - Saint-Saturnin-lès-Avignon","adresse":"avenue de la Gare","milieu":"En agglomération"}},{"type":"Feature","geometry":{"type":"Point","coordinates":[4.89603,44.16402]},"properties":{"annee":2022,"gravite":"grave","tues":0,"hospitalises":1,"legers":1,"total_blesses":2,"date":"30/04/2022 - 07h35","commune":"84029 - Camaret-sur-Aigues","adresse":"departementale 23","milieu":"Hors agglomération"}},{"type":"Feature","geometry":{"type":"Point","coordinates":[4.93103,44.00726]},"properties":{"annee":2022,"gravite":"grave","tues":0,"hospitalises":1,"legers":0,"total_blesses":1,"date":"29/09/2022 - 10h50","commune":"84043 - Entraigues-sur-la-Sorgue","adresse":"Allée du Moulin Vieux","milieu":"En agglomération"}},{"type":"Feature","geometry":{"type":"Point","coordinates":[4.75536,44.21466]},"properties":{"annee":2022,"gravite":"grave","tues":0,"hospitalises":1,"legers":0,"total_blesses":1,"date":"29/09/2022 - 22h40","commune":"84083 - Mornas","adresse":"754 Chemin de Bourgnanen","milieu":"En agglomération"}},{"type":"Feature","geometry":{"type":"Point","coordinates":[4.90107,43.95621]},"properties":{"annee":2022,"gravite":"grave","tues":0,"hospitalises":1,"legers":0,"total_blesses":1,"date":"29/09/2022 - 13h35","commune":"84141 - Vedène","adresse":"Route de Morieres","milieu":"Hors agglomération"}},{"type":"Feature","geometry":{"type":"Point","coordinates":[4.97309,44.38851]},"properties":{"annee":2022,"gravite":"leger","tues":0,"hospitalises":0,"legers":1,"total_blesses":1,"date":"09/12/2022 - 13h30","commune":"84138 - Valréas","adresse":"D941","milieu":"En agglomération"}},{"type":"Feature","geometry":{"type":"Point","coordinates":[5.14718,43.87087]},"properties":{"annee":2022,"gravite":"grave","tues":0,"hospitalises":1,"legers":0,"total_blesses":1,"date":"16/07/2022 - 23h00","commune":"84025 - Cabrières-d'Avignon","adresse":"Route de Gordes","milieu":"En agglomération"}},{"type":"Feature","geometry":{"type":"Point","coordinates":[4.92927,43.99406]},"properties":{"annee":2022,"gravite":"grave","tues":0,"hospitalises":1,"legers":0,"total_blesses":1,"date":"06/12/2022 - 18h45","commune":"84043 - Entraigues-sur-la-Sorgue","adresse":"D942","milieu":"Hors agglomération"}},{"type":"Feature","geometry":{"type":"Point","coordinates":[4.74931,44.30433]},"properties":{"annee":2022,"gravite":"leger","tues":0,"hospitalises":0,"legers":1,"total_blesses":1,"date":"17/07/2022 - 13h25","commune":"84019 - Bollène","adresse":"Avenue des Fontaines Wallace","milieu":"En agglomération"}},{"type":"Feature","geometry":{"type":"Point","coordinates":[5.51742,43.69147]},"properties":{"annee":2022,"gravite":"grave","tues":0,"hospitalises":1,"legers":0,"total_blesses":1,"date":"07/12/2022 - 17h45","commune":"84089 - Pertuis","adresse":"Avenue Pierre Augier","milieu":"En agglomération"}},{"type":"Feature","geometry":{"type":"Point","coordinates":[4.87574,43.91492]},"properties":{"annee":2022,"gravite":"grave","tues":0,"hospitalises":2,"legers":0,"total_blesses":2,"date":"08/07/2022 - 16h40","commune":"84007 - Avignon","adresse":"MARSEILLE (Route de )","milieu":"En agglomération"}},{"type":"Feature","geometry":{"type":"Point","coordinates":[4.68309,44.26605]},"properties":{"annee":2022,"gravite":"grave","tues":0,"hospitalises":1,"legers":0,"total_blesses":1,"date":"25/08/2022 - 13h30","commune":"84063 - Lamotte-du-Rhône","adresse":"N86","milieu":"Hors agglomération"}},{"type":"Feature","geometry":{"type":"Point","coordinates":[5.29316,43.92673]},"properties":{"annee":2022,"gravite":"grave","tues":0,"hospitalises":1,"legers":0,"total_blesses":1,"date":"21/08/2022 - 12h25","commune":"84102 - Roussillon","adresse":"D2 - PR 22+800","milieu":"Hors agglomération"}},{"type":"Feature","geometry":{"type":"Point","coordinates":[5.01702,43.95854]},"properties":{"annee":2022,"gravite":"grave","tues":0,"hospitalises":1,"legers":0,"total_blesses":1,"date":"27/02/2022 - 00h55","commune":"84142 - Velleron","adresse":"928 Route du Thor","milieu":"Hors agglomération"}},{"type":"Feature","geometry":{"type":"Point","coordinates":[5.02463,44.25881]},"properties":{"annee":2022,"gravite":"grave","tues":0,"hospitalises":1,"legers":1,"total_blesses":2,"date":"26/02/2022 - 13h00","commune":"84098 - Roaix","adresse":"D20","milieu":"Hors agglomération"}},{"type":"Feature","geometry":{"type":"Point","coordinates":[5.36346,43.74876]},"properties":{"annee":2022,"gravite":"grave","tues":0,"hospitalises":1,"legers":1,"total_blesses":2,"date":"09/04/2022 - 10h45","commune":"84026 - Cadenet","adresse":"D943","milieu":"Hors agglomération"}},{"type":"Feature","geometry":{"type":"Point","coordinates":[4.97675,44.06012]},"properties":{"annee":2022,"gravite":"leger","tues":0,"hospitalises":0,"legers":3,"total_blesses":3,"date":"06/02/2022 - 19h58","commune":"84080 - Monteux","adresse":"SARRIANS ROUTE DE","milieu":"Hors agglomération"}},{"type":"Feature","geometry":{"type":"Point","coordinates":[5.33272,44.19112]},"properties":{"annee":2022,"gravite":"grave","tues":0,"hospitalises":1,"legers":0,"total_blesses":1,"date":"01/11/2022 - 16h40","commune":"84021 - Brantes","adresse":"D40","milieu":"Hors agglomération"}},{"type":"Feature","geometry":{"type":"Point","coordinates":[5.44059,43.92609]},"properties":{"annee":2022,"gravite":"grave","tues":0,"hospitalises":1,"legers":3,"total_blesses":4,"date":"02/11/2022 - 16h40","commune":"84103 - Rustrel","adresse":"Les viaux","milieu":"Hors agglomération"}},{"type":"Feature","geometry":{"type":"Point","coordinates":[4.99493,44.22936]},"properties":{"annee":2022,"gravite":"grave","tues":0,"hospitalises":1,"legers":0,"total_blesses":1,"date":"15/05/2022 - 13h30","commune":"84096 - Rasteau","adresse":"D975","milieu":"Hors agglomération"}},{"type":"Feature","geometry":{"type":"Point","coordinates":[5.12836,44.05766]},"properties":{"annee":2022,"gravite":"grave","tues":0,"hospitalises":1,"legers":0,"total_blesses":1,"date":"17/05/2022 - 08h55","commune":"84072 - Mazan","adresse":"167 Avenue de l Europe","milieu":"En agglomération"}},{"type":"Feature","geometry":{"type":"Point","coordinates":[4.71277,44.23465]},"properties":{"annee":2022,"gravite":"leger","tues":0,"hospitalises":0,"legers":1,"total_blesses":1,"date":"16/01/2022 - 20h00","commune":"84078 - Mondragon","adresse":"avenue de la libération","milieu":"En agglomération"}},{"type":"Feature","geometry":{"type":"Point","coordinates":[5.58146,43.76235]},"properties":{"annee":2022,"gravite":"mortel","tues":1,"hospitalises":0,"legers":0,"total_blesses":0,"date":"16/07/2022 - 19h10","commune":"84052 - Grambois","adresse":"D956","milieu":"Hors agglomération"}},{"type":"Feature","geometry":{"type":"Point","coordinates":[5.50217,43.68644]},"properties":{"annee":2022,"gravite":"grave","tues":0,"hospitalises":1,"legers":0,"total_blesses":1,"date":"06/12/2022 - 15h00","commune":"84089 - Pertuis","adresse":"Avenue du 8 Mai 1945","milieu":"En agglomération"}},{"type":"Feature","geometry":{"type":"Point","coordinates":[5.03746,44.04251]},"properties":{"annee":2022,"gravite":"grave","tues":0,"hospitalises":1,"legers":0,"total_blesses":1,"date":"20/07/2022 - 15h30","commune":"84031 - Carpentras","adresse":"KENNEDY AVENUE JOHN .F.","milieu":"En agglomération"}},{"type":"Feature","geometry":{"type":"Point","coordinates":[5.11298,43.77351]},"properties":{"annee":2022,"gravite":"grave","tues":0,"hospitalises":4,"legers":1,"total_blesses":5,"date":"23/08/2022 - 14h45","commune":"84038 - Cheval-Blanc","adresse":"ROUTE DÉPARTEMENTALE 973","milieu":"Hors agglomération"}},{"type":"Feature","geometry":{"type":"Point","coordinates":[4.83061,43.94007]},"properties":{"annee":2022,"gravite":"grave","tues":0,"hospitalises":1,"legers":1,"total_blesses":2,"date":"19/08/2022 - 03h40","commune":"84007 - Avignon","adresse":"MONTFAVET (Route)","milieu":"En agglomération"}},{"type":"Feature","geometry":{"type":"Point","coordinates":[4.82891,43.932]},"properties":{"annee":2022,"gravite":"grave","tues":0,"hospitalises":1,"legers":0,"total_blesses":1,"date":"18/08/2022 - 11h40","commune":"84007 - Avignon","adresse":"PEINTRES PARROCEL( Rue des)","milieu":"En agglomération"}},{"type":"Feature","geometry":{"type":"Point","coordinates":[4.85805,43.9223]},"properties":{"annee":2022,"gravite":"leger","tues":0,"hospitalises":0,"legers":1,"total_blesses":1,"date":"09/06/2022 - 00h30","commune":"84007 - Avignon","adresse":"MARSEILLE (Route de )","milieu":"En agglomération"}},{"type":"Feature","geometry":{"type":"Point","coordinates":[4.80312,44.15283]},"properties":{"annee":2022,"gravite":"grave","tues":0,"hospitalises":1,"legers":0,"total_blesses":1,"date":"04/04/2022 - 16h30","commune":"84087 - Orange","adresse":"VIOLETTE (RUE DE LA)","milieu":"Hors agglomération"}},{"type":"Feature","geometry":{"type":"Point","coordinates":[5.02439,44.04667]},"properties":{"annee":2022,"gravite":"leger","tues":0,"hospitalises":0,"legers":1,"total_blesses":1,"date":"08/03/2022 - 18h55","commune":"84031 - Carpentras","adresse":"D942","milieu":"Hors agglomération"}},{"type":"Feature","geometry":{"type":"Point","coordinates":[5.4024,43.87423]},"properties":{"annee":2022,"gravite":"grave","tues":0,"hospitalises":1,"legers":0,"total_blesses":1,"date":"27/10/2022 - 08h00","commune":"84003 - Apt","adresse":"Avenue de Saignon","milieu":"En agglomération"}},{"type":"Feature","geometry":{"type":"Point","coordinates":[4.91455,43.9932]},"properties":{"annee":2022,"gravite":"grave","tues":0,"hospitalises":1,"legers":1,"total_blesses":2,"date":"15/05/2022 - 10h30","commune":"84043 - Entraigues-sur-la-Sorgue","adresse":"D942","milieu":"Hors agglomération"}},{"type":"Feature","geometry":{"type":"Point","coordinates":[4.8033,43.95183]},"properties":{"annee":2022,"gravite":"leger","tues":0,"hospitalises":0,"legers":5,"total_blesses":5,"date":"03/12/2022 - 08h45","commune":"84007 - Avignon","adresse":"RHONE (Boulevard du )","milieu":"En agglomération"}},{"type":"Feature","geometry":{"type":"Point","coordinates":[4.88398,44.08522]},"properties":{"annee":2022,"gravite":"grave","tues":0,"hospitalises":1,"legers":0,"total_blesses":1,"date":"05/12/2022 - 17h30","commune":"84039 - Courthézon","adresse":"18 boulevard de la république","milieu":"En agglomération"}},{"type":"Feature","geometry":{"type":"Point","coordinates":[4.95418,43.90626]},"properties":{"annee":2022,"gravite":"grave","tues":0,"hospitalises":1,"legers":3,"total_blesses":4,"date":"20/08/2022 - 14h25","commune":"84034 - Caumont-sur-Durance","adresse":"Chemin des Terres de Mague","milieu":"En agglomération"}},{"type":"Feature","geometry":{"type":"Point","coordinates":[4.8692,44.01675]},"properties":{"annee":2022,"gravite":"leger","tues":0,"hospitalises":0,"legers":1,"total_blesses":1,"date":"10/06/2022 - 17h20","commune":"84129 - Sorgues","adresse":"Avenue d Orange","milieu":"En agglomération"}},{"type":"Feature","geometry":{"type":"Point","coordinates":[5.12638,44.05737]},"properties":{"annee":2022,"gravite":"leger","tues":0,"hospitalises":0,"legers":1,"total_blesses":1,"date":"17/08/2022 - 20h55","commune":"84072 - Mazan","adresse":"12 place du 11 novembre","milieu":"En agglomération"}},{"type":"Feature","geometry":{"type":"Point","coordinates":[4.88202,43.98013]},"properties":{"annee":2022,"gravite":"grave","tues":0,"hospitalises":3,"legers":0,"total_blesses":3,"date":"01/11/2022 - 04h34","commune":"84092 - Le Pontet","adresse":"D225","milieu":"Hors agglomération"}},{"type":"Feature","geometry":{"type":"Point","coordinates":[4.78661,44.13397]},"properties":{"annee":2022,"gravite":"grave","tues":0,"hospitalises":1,"legers":0,"total_blesses":1,"date":"01/04/2022 - 14h58","commune":"84087 - Orange","adresse":"A9, PK 0+200","milieu":"Hors agglomération"}},{"type":"Feature","geometry":{"type":"Point","coordinates":[4.92822,43.9319]},"properties":{"annee":2022,"gravite":"mortel","tues":3,"hospitalises":2,"legers":0,"total_blesses":2,"date":"05/04/2022 - 16h55","commune":"84036 - Châteauneuf-de-Gadagne","adresse":"Route Departementale 901","milieu":"Hors agglomération"}},{"type":"Feature","geometry":{"type":"Point","coordinates":[4.88094,44.07901]},"properties":{"annee":2022,"gravite":"leger","tues":0,"hospitalises":0,"legers":1,"total_blesses":1,"date":"03/12/2022 - 20h15","commune":"84039 - Courthézon","adresse":"D907","milieu":"Hors agglomération"}},{"type":"Feature","geometry":{"type":"Point","coordinates":[4.86304,43.98987]},"properties":{"annee":2022,"gravite":"leger","tues":0,"hospitalises":0,"legers":3,"total_blesses":3,"date":"04/12/2022 - 02h50","commune":"84092 - Le Pontet","adresse":"D907","milieu":"Hors agglomération"}},{"type":"Feature","geometry":{"type":"Point","coordinates":[5.51973,43.92723]},"properties":{"annee":2022,"gravite":"leger","tues":0,"hospitalises":0,"legers":1,"total_blesses":1,"date":"25/09/2022 - 18h50","commune":"84048 - Gignac","adresse":"route de saint-christol D30","milieu":"Hors agglomération"}},{"type":"Feature","geometry":{"type":"Point","coordinates":[4.8283,43.94638]},"properties":{"annee":2022,"gravite":"grave","tues":0,"hospitalises":1,"legers":0,"total_blesses":1,"date":"06/10/2022 - 07h30","commune":"84007 - Avignon","adresse":"WETZLAR (Avenue de )","milieu":"En agglomération"}},{"type":"Feature","geometry":{"type":"Point","coordinates":[4.75198,44.29628]},"properties":{"annee":2022,"gravite":"leger","tues":0,"hospitalises":0,"legers":1,"total_blesses":1,"date":"22/02/2022 - 17h00","commune":"84019 - Bollène","adresse":"avenue jean moulin","milieu":"En agglomération"}},{"type":"Feature","geometry":{"type":"Point","coordinates":[4.99857,44.03233]},"properties":{"annee":2022,"gravite":"grave","tues":0,"hospitalises":1,"legers":3,"total_blesses":4,"date":"21/02/2022 - 09h05","commune":"84080 - Monteux","adresse":"LIBERATION AVENUE DE LA","milieu":"En agglomération"}},{"type":"Feature","geometry":{"type":"Point","coordinates":[4.86378,43.99177]},"properties":{"annee":2022,"gravite":"grave","tues":0,"hospitalises":1,"legers":0,"total_blesses":1,"date":"23/02/2022 - 14h10","commune":"84129 - Sorgues","adresse":"Avenue d Avignon","milieu":"Hors agglomération"}},{"type":"Feature","geometry":{"type":"Point","coordinates":[5.16459,44.05159]},"properties":{"annee":2022,"gravite":"mortel","tues":1,"hospitalises":0,"legers":2,"total_blesses":2,"date":"30/10/2022 - 13h30","commune":"84072 - Mazan","adresse":"cd 942 mazan","milieu":"Hors agglomération"}},{"type":"Feature","geometry":{"type":"Point","coordinates":[5.41517,44.13567]},"properties":{"annee":2022,"gravite":"leger","tues":0,"hospitalises":0,"legers":2,"total_blesses":2,"date":"30/10/2022 - 12h10","commune":"84005 - Aurel","adresse":"route de sault","milieu":"Hors agglomération"}},{"type":"Feature","geometry":{"type":"Point","coordinates":[4.83834,43.9298]},"properties":{"annee":2022,"gravite":"grave","tues":0,"hospitalises":1,"legers":0,"total_blesses":1,"date":"11/05/2022 - 13h30","commune":"84007 - Avignon","adresse":"PIERRE SEMARD (avenue)","milieu":"Hors agglomération"}},{"type":"Feature","geometry":{"type":"Point","coordinates":[4.82964,43.94021]},"properties":{"annee":2022,"gravite":"grave","tues":0,"hospitalises":1,"legers":0,"total_blesses":1,"date":"10/05/2022 - 09h50","commune":"84007 - Avignon","adresse":"MONTFAVET (Route)","milieu":"Hors agglomération"}},{"type":"Feature","geometry":{"type":"Point","coordinates":[4.81546,43.95288]},"properties":{"annee":2022,"gravite":"leger","tues":0,"hospitalises":0,"legers":1,"total_blesses":1,"date":"08/05/2022 - 03h30","commune":"84007 - Avignon","adresse":"QUAI SAINT LAZARE (Bd du)","milieu":"En agglomération"}},{"type":"Feature","geometry":{"type":"Point","coordinates":[4.82224,43.94802]},"properties":{"annee":2022,"gravite":"grave","tues":0,"hospitalises":1,"legers":0,"total_blesses":1,"date":"02/01/2022 - 19h05","commune":"84007 - Avignon","adresse":"CAPDEVILLA (BOULEVARD)","milieu":"En agglomération"}},{"type":"Feature","geometry":{"type":"Point","coordinates":[5.06457,43.86902]},"properties":{"annee":2022,"gravite":"grave","tues":0,"hospitalises":1,"legers":0,"total_blesses":1,"date":"22/09/2022 - 20h35","commune":"84035 - Cavaillon","adresse":"LAGNES-RD24 (ROUTE DE)","milieu":"Hors agglomération"}},{"type":"Feature","geometry":{"type":"Point","coordinates":[4.84075,44.12142]},"properties":{"annee":2022,"gravite":"grave","tues":0,"hospitalises":1,"legers":0,"total_blesses":1,"date":"18/03/2022 - 07h45","commune":"84087 - Orange","adresse":"JONQUIERES (ROUTE DE)","milieu":"En agglomération"}},{"type":"Feature","geometry":{"type":"Point","coordinates":[5.10628,43.89952]},"properties":{"annee":2022,"gravite":"grave","tues":0,"hospitalises":1,"legers":1,"total_blesses":2,"date":"29/04/2022 - 23h30","commune":"84062 - Lagnes","adresse":"D24","milieu":"Hors agglomération"}},{"type":"Feature","geometry":{"type":"Point","coordinates":[5.04277,44.03299]},"properties":{"annee":2022,"gravite":"grave","tues":0,"hospitalises":1,"legers":0,"total_blesses":1,"date":"29/04/2022 - 13h00","commune":"84031 - Carpentras","adresse":"SAINT GENS CHEMIN DE","milieu":"En agglomération"}},{"type":"Feature","geometry":{"type":"Point","coordinates":[5.07796,44.04104]},"properties":{"annee":2022,"gravite":"leger","tues":0,"hospitalises":0,"legers":1,"total_blesses":1,"date":"10/03/2022 - 16h45","commune":"84031 - Carpentras","adresse":"LEGUE CHEMIN DE LA","milieu":"Hors agglomération"}},{"type":"Feature","geometry":{"type":"Point","coordinates":[4.69253,44.29087]},"properties":{"annee":2022,"gravite":"grave","tues":0,"hospitalises":1,"legers":0,"total_blesses":1,"date":"01/03/2022 - 16h00","commune":"84064 - Lapalud","adresse":"Route Nationale 7","milieu":"Hors agglomération"}},{"type":"Feature","geometry":{"type":"Point","coordinates":[4.8049,43.92878]},"properties":{"annee":2022,"gravite":"grave","tues":0,"hospitalises":1,"legers":0,"total_blesses":1,"date":"28/06/2022 - 09h45","commune":"84007 - Avignon","adresse":"C.De GAULLE (Rocade)","milieu":"En agglomération"}},{"type":"Feature","geometry":{"type":"Point","coordinates":[5.08511,43.89834]},"properties":{"annee":2022,"gravite":"grave","tues":0,"hospitalises":1,"legers":0,"total_blesses":1,"date":"17/08/2022 - 00h40","commune":"84054 - L'Isle-sur-la-Sorgue","adresse":"Route d Apt","milieu":"Hors agglomération"}},{"type":"Feature","geometry":{"type":"Point","coordinates":[4.91139,43.94308]},"properties":{"annee":2022,"gravite":"leger","tues":0,"hospitalises":0,"legers":1,"total_blesses":1,"date":"12/08/2022 - 19h45","commune":"84081 - Morières-lès-Avignon","adresse":"Chemin des Lavarines","milieu":"Hors agglomération"}},{"type":"Feature","geometry":{"type":"Point","coordinates":[5.35446,43.73316]},"properties":{"annee":2022,"gravite":"grave","tues":0,"hospitalises":2,"legers":0,"total_blesses":2,"date":"09/06/2022 - 22h35","commune":"84026 - Cadenet","adresse":"Rd 973","milieu":"Hors agglomération"}},{"type":"Feature","geometry":{"type":"Point","coordinates":[4.8181,43.9291]},"properties":{"annee":2022,"gravite":"grave","tues":0,"hospitalises":1,"legers":0,"total_blesses":1,"date":"07/10/2022 - 18h30","commune":"84007 - Avignon","adresse":"PAMARD (Rue Paul)","milieu":"En agglomération"}},{"type":"Feature","geometry":{"type":"Point","coordinates":[5.08819,44.07447]},"properties":{"annee":2022,"gravite":"grave","tues":0,"hospitalises":1,"legers":1,"total_blesses":2,"date":"27/10/2022 - 15h00","commune":"84031 - Carpentras","adresse":"Route de Bedoin","milieu":"Hors agglomération"}},{"type":"Feature","geometry":{"type":"Point","coordinates":[5.36245,43.76598]},"properties":{"annee":2022,"gravite":"grave","tues":0,"hospitalises":1,"legers":0,"total_blesses":1,"date":"11/05/2022 - 13h00","commune":"84068 - Lourmarin","adresse":"Avenue du 8 Mai 1945","milieu":"En agglomération"}},{"type":"Feature","geometry":{"type":"Point","coordinates":[4.85862,43.95722]},"properties":{"annee":2022,"gravite":"leger","tues":0,"hospitalises":0,"legers":2,"total_blesses":2,"date":"11/05/2022 - 18h30","commune":"84092 - Le Pontet","adresse":"Intersection Avenue Louis Pasteur/ avenue Guillaume de Fargis","milieu":"En agglomération"}},{"type":"Feature","geometry":{"type":"Point","coordinates":[4.90763,43.90984]},"properties":{"annee":2022,"gravite":"leger","tues":0,"hospitalises":0,"legers":1,"total_blesses":1,"date":"25/04/2022 - 13h35","commune":"84007 - Avignon","adresse":"BOMPAS (Chemin de)-MONTFAVET","milieu":"En agglomération"}},{"type":"Feature","geometry":{"type":"Point","coordinates":[5.00928,43.96569]},"properties":{"annee":2022,"gravite":"grave","tues":0,"hospitalises":1,"legers":1,"total_blesses":2,"date":"08/01/2022 - 19h45","commune":"84142 - Velleron","adresse":"route de st saturnin les avignons","milieu":"Hors agglomération"}},{"type":"Feature","geometry":{"type":"Point","coordinates":[4.93411,44.13069]},"properties":{"annee":2022,"gravite":"grave","tues":0,"hospitalises":1,"legers":0,"total_blesses":1,"date":"22/09/2022 - 17h45","commune":"84056 - Jonquières","adresse":"D 977","milieu":"Hors agglomération"}},{"type":"Feature","geometry":{"type":"Point","coordinates":[4.75901,44.17297]},"properties":{"annee":2022,"gravite":"grave","tues":0,"hospitalises":1,"legers":1,"total_blesses":2,"date":"09/06/2022 - 06h00","commune":"84091 - Piolenc","adresse":"A7 PK162 SENS S/N","milieu":"Hors agglomération"}},{"type":"Feature","geometry":{"type":"Point","coordinates":[4.90028,44.12198]},"properties":{"annee":2022,"gravite":"grave","tues":0,"hospitalises":1,"legers":0,"total_blesses":1,"date":"06/01/2022 - 14h10","commune":"84056 - Jonquières","adresse":"538 Route de Camaret","milieu":"En agglomération"}},{"type":"Feature","geometry":{"type":"Point","coordinates":[5.09789,43.90254]},"properties":{"annee":2022,"gravite":"grave","tues":0,"hospitalises":2,"legers":1,"total_blesses":3,"date":"08/01/2022 - 12h45","commune":"84054 - L'Isle-sur-la-Sorgue","adresse":"Route de Lagnes","milieu":"Hors agglomération"}},{"type":"Feature","geometry":{"type":"Point","coordinates":[5.35708,43.89954]},"properties":{"annee":2022,"gravite":"grave","tues":0,"hospitalises":1,"legers":0,"total_blesses":1,"date":"08/01/2022 - 14h15","commune":"84047 - Gargas","adresse":"101 Avenue des Cordiers","milieu":"En agglomération"}},{"type":"Feature","geometry":{"type":"Point","coordinates":[5.46703,43.92317]},"properties":{"annee":2022,"gravite":"mortel","tues":1,"hospitalises":0,"legers":0,"total_blesses":0,"date":"07/01/2022 - 19h30","commune":"84103 - Rustrel","adresse":"D179","milieu":"Hors agglomération"}},{"type":"Feature","geometry":{"type":"Point","coordinates":[4.94198,44.00854]},"properties":{"annee":2022,"gravite":"grave","tues":0,"hospitalises":1,"legers":1,"total_blesses":2,"date":"30/11/2022 - 02h05","commune":"84043 - Entraigues-sur-la-Sorgue","adresse":"RD 942","milieu":"Hors agglomération"}},{"type":"Feature","geometry":{"type":"Point","coordinates":[4.83205,43.93653]},"properties":{"annee":2022,"gravite":"mortel","tues":1,"hospitalises":0,"legers":0,"total_blesses":0,"date":"29/04/2022 - 22h00","commune":"84007 - Avignon","adresse":"CHARLES DE GAULLE","milieu":"En agglomération"}},{"type":"Feature","geometry":{"type":"Point","coordinates":[4.81861,43.92955]},"properties":{"annee":2022,"gravite":"grave","tues":0,"hospitalises":1,"legers":0,"total_blesses":1,"date":"10/08/2022 - 20h20","commune":"84007 - Avignon","adresse":"VENUS D'ARLES (Rue de la)","milieu":"En agglomération"}},{"type":"Feature","geometry":{"type":"Point","coordinates":[4.81431,43.95321]},"properties":{"annee":2022,"gravite":"grave","tues":0,"hospitalises":1,"legers":0,"total_blesses":1,"date":"09/07/2022 - 10h30","commune":"84007 - Avignon","adresse":"QUAI SAINT LAZARE (Bd du)","milieu":"En agglomération"}},{"type":"Feature","geometry":{"type":"Point","coordinates":[4.83362,43.95141]},"properties":{"annee":2022,"gravite":"leger","tues":0,"hospitalises":0,"legers":1,"total_blesses":1,"date":"01/08/2022 - 08h00","commune":"84007 - Avignon","adresse":"MALPEIGNE (Chemin de)","milieu":"En agglomération"}},{"type":"Feature","geometry":{"type":"Point","coordinates":[4.8141,44.1327]},"properties":{"annee":2022,"gravite":"grave","tues":0,"hospitalises":1,"legers":0,"total_blesses":1,"date":"12/09/2022 - 16h48","commune":"84087 - Orange","adresse":"FOCH (AVENUE MARECHAL)","milieu":"En agglomération"}},{"type":"Feature","geometry":{"type":"Point","coordinates":[4.80652,44.05939]},"properties":{"annee":2022,"gravite":"mortel","tues":1,"hospitalises":0,"legers":0,"total_blesses":0,"date":"08/07/2022 - 18h45","commune":"84037 - Châteauneuf-du-Pape","adresse":"D17 PK 5 + 700","milieu":"Hors agglomération"}},{"type":"Feature","geometry":{"type":"Point","coordinates":[5.15649,44.02203]},"properties":{"annee":2022,"gravite":"grave","tues":0,"hospitalises":1,"legers":0,"total_blesses":1,"date":"08/06/2022 - 14h55","commune":"84070 - Malemort-du-Comtat","adresse":"Avenue du Docteur Tondut","milieu":"En agglomération"}},{"type":"Feature","geometry":{"type":"Point","coordinates":[5.58538,43.76503]},"properties":{"annee":2022,"gravite":"grave","tues":0,"hospitalises":1,"legers":0,"total_blesses":1,"date":"07/06/2022 - 10h00","commune":"84052 - Grambois","adresse":"Moulin du Pas","milieu":"En agglomération"}},{"type":"Feature","geometry":{"type":"Point","coordinates":[5.03095,44.38562]},"properties":{"annee":2022,"gravite":"leger","tues":0,"hospitalises":0,"legers":2,"total_blesses":2,"date":"08/06/2022 - 14h15","commune":"84138 - Valréas","adresse":"186 Chemin des Saffres","milieu":"Hors agglomération"}},{"type":"Feature","geometry":{"type":"Point","coordinates":[5.17273,43.75475]},"properties":{"annee":2022,"gravite":"grave","tues":0,"hospitalises":1,"legers":0,"total_blesses":1,"date":"08/06/2022 - 01h20","commune":"84074 - Mérindol","adresse":"Chemin des Tuillières, RD 973","milieu":"Hors agglomération"}},{"type":"Feature","geometry":{"type":"Point","coordinates":[4.97085,43.91371]},"properties":{"annee":2022,"gravite":"grave","tues":0,"hospitalises":1,"legers":2,"total_blesses":3,"date":"06/06/2022 - 02h00","commune":"84132 - Le Thor","adresse":"1957 Route de Caumont","milieu":"Hors agglomération"}},{"type":"Feature","geometry":{"type":"Point","coordinates":[5.06339,43.93594]},"properties":{"annee":2022,"gravite":"grave","tues":0,"hospitalises":1,"legers":0,"total_blesses":1,"date":"07/06/2022 - 17h20","commune":"84054 - L'Isle-sur-la-Sorgue","adresse":"1228 Route de Carpentras","milieu":"En agglomération"}},{"type":"Feature","geometry":{"type":"Point","coordinates":[4.81906,44.12364]},"properties":{"annee":2022,"gravite":"grave","tues":0,"hospitalises":1,"legers":0,"total_blesses":1,"date":"26/03/2022 - 06h01","commune":"84087 - Orange","adresse":"CHATEAUNEUF (RUE DE)","milieu":"En agglomération"}},{"type":"Feature","geometry":{"type":"Point","coordinates":[4.8327,44.07602]},"properties":{"annee":2022,"gravite":"grave","tues":0,"hospitalises":1,"legers":2,"total_blesses":3,"date":"14/10/2022 - 16h10","commune":"84037 - Châteauneuf-du-Pape","adresse":"D68","milieu":"Hors agglomération"}},{"type":"Feature","geometry":{"type":"Point","coordinates":[5.12117,44.1926]},"properties":{"annee":2022,"gravite":"leger","tues":0,"hospitalises":0,"legers":2,"total_blesses":2,"date":"03/01/2022 - 23h15","commune":"84069 - Malaucène","adresse":"D938","milieu":"En agglomération"}},{"type":"Feature","geometry":{"type":"Point","coordinates":[4.96725,43.88353]},"properties":{"annee":2022,"gravite":"grave","tues":0,"hospitalises":1,"legers":0,"total_blesses":1,"date":"07/06/2022 - 09h10","commune":"84034 - Caumont-sur-Durance","adresse":"Départementale 900","milieu":"Hors agglomération"}},{"type":"Feature","geometry":{"type":"Point","coordinates":[4.87702,44.01]},"properties":{"annee":2022,"gravite":"mortel","tues":1,"hospitalises":0,"legers":0,"total_blesses":0,"date":"08/07/2022 - 05h10","commune":"84129 - Sorgues","adresse":"A7","milieu":"Hors agglomération"}},{"type":"Feature","geometry":{"type":"Point","coordinates":[5.54788,43.89588]},"properties":{"annee":2022,"gravite":"grave","tues":0,"hospitalises":1,"legers":0,"total_blesses":1,"date":"22/10/2022 - 15h07","commune":"84144 - Viens","adresse":"D209","milieu":"Hors agglomération"}},{"type":"Feature","geometry":{"type":"Point","coordinates":[4.80957,43.92663]},"properties":{"annee":2022,"gravite":"grave","tues":0,"hospitalises":1,"legers":0,"total_blesses":1,"date":"08/02/2022 - 12h40","commune":"84007 - Avignon","adresse":"TARASCON ( Avenue de)","milieu":"Hors agglomération"}},{"type":"Feature","geometry":{"type":"Point","coordinates":[5.33059,43.92939]},"properties":{"annee":2022,"gravite":"grave","tues":0,"hospitalises":1,"legers":1,"total_blesses":2,"date":"07/07/2022 - 19h45","commune":"84118 - Saint-Saturnin-lès-Apt","adresse":"D2","milieu":"Hors agglomération"}},{"type":"Feature","geometry":{"type":"Point","coordinates":[4.8586,43.96456]},"properties":{"annee":2022,"gravite":"leger","tues":0,"hospitalises":0,"legers":1,"total_blesses":1,"date":"18/06/2022 - 17h45","commune":"84092 - Le Pontet","adresse":"Avenue Théophile Delorme","milieu":"En agglomération"}},{"type":"Feature","geometry":{"type":"Point","coordinates":[5.1394,44.23148]},"properties":{"annee":2022,"gravite":"grave","tues":0,"hospitalises":1,"legers":0,"total_blesses":1,"date":"10/08/2022 - 01h30","commune":"84044 - Entrechaux","adresse":"chemin de l'ancienne voie ferré","milieu":"Hors agglomération"}},{"type":"Feature","geometry":{"type":"Point","coordinates":[5.21488,43.86046]},"properties":{"annee":2022,"gravite":"grave","tues":0,"hospitalises":1,"legers":0,"total_blesses":1,"date":"27/03/2022 - 09h05","commune":"84051 - Goult","adresse":"CD900","milieu":"Hors agglomération"}},{"type":"Feature","geometry":{"type":"Point","coordinates":[4.83003,43.93283]},"properties":{"annee":2022,"gravite":"leger","tues":0,"hospitalises":0,"legers":2,"total_blesses":2,"date":"21/03/2022 - 07h50","commune":"84007 - Avignon","adresse":"C.De GAULLE (Rocade)","milieu":"Hors agglomération"}},{"type":"Feature","geometry":{"type":"Point","coordinates":[4.80965,43.94049]},"properties":{"annee":2022,"gravite":"grave","tues":0,"hospitalises":1,"legers":0,"total_blesses":1,"date":"19/03/2022 - 19h00","commune":"84007 - Avignon","adresse":"TARASCON ( Avenue de)","milieu":"En agglomération"}},{"type":"Feature","geometry":{"type":"Point","coordinates":[5.22448,43.75316]},"properties":{"annee":2022,"gravite":"mortel","tues":1,"hospitalises":0,"legers":0,"total_blesses":0,"date":"01/01/2022 - 07h20","commune":"84074 - Mérindol","adresse":"D973","milieu":"Hors agglomération"}},{"type":"Feature","geometry":{"type":"Point","coordinates":[4.85806,43.97646]},"properties":{"annee":2023,"gravite":"leger","tues":0,"hospitalises":0,"legers":1,"total_blesses":1,"date":"10/11/2023 - 20h40","commune":"84092 - Le Pontet","adresse":"Route de Sorgues (rd 907)","milieu":"Hors agglomération"}},{"type":"Feature","geometry":{"type":"Point","coordinates":[4.8067,44.13545]},"properties":{"annee":2023,"gravite":"grave","tues":0,"hospitalises":1,"legers":0,"total_blesses":1,"date":"29/11/2023 - 19h25","commune":"84087 - Orange","adresse":"TOURRE (RUE DE)","milieu":"En agglomération"}},{"type":"Feature","geometry":{"type":"Point","coordinates":[4.8323,43.94126]},"properties":{"annee":2023,"gravite":"leger","tues":0,"hospitalises":0,"legers":1,"total_blesses":1,"date":"28/11/2023 - 08h20","commune":"84007 - Avignon","adresse":"C.De GAULLE (Rocade)","milieu":"En agglomération"}},{"type":"Feature","geometry":{"type":"Point","coordinates":[4.81438,44.13247]},"properties":{"annee":2023,"gravite":"grave","tues":0,"hospitalises":1,"legers":0,"total_blesses":1,"date":"14/12/2023 - 07h50","commune":"84087 - Orange","adresse":"FOCH (AVENUE MARECHAL)","milieu":"En agglomération"}},{"type":"Feature","geometry":{"type":"Point","coordinates":[5.24676,44.01314]},"properties":{"annee":2023,"gravite":"mortel","tues":1,"hospitalises":0,"legers":0,"total_blesses":0,"date":"12/10/2023 - 14h50","commune":"84075 - Méthamis","adresse":"N/A","milieu":"Hors agglomération"}},{"type":"Feature","geometry":{"type":"Point","coordinates":[5.12332,44.15302]},"properties":{"annee":2023,"gravite":"grave","tues":0,"hospitalises":1,"legers":0,"total_blesses":1,"date":"22/12/2023 - 04h00","commune":"84008 - Le Barroux","adresse":"d 938","milieu":"Hors agglomération"}},{"type":"Feature","geometry":{"type":"Point","coordinates":[5.04101,43.83447]},"properties":{"annee":2023,"gravite":"leger","tues":0,"hospitalises":0,"legers":1,"total_blesses":1,"date":"26/10/2023 - 13h45","commune":"84035 - Cavaillon","adresse":"JOFFRE (AVENUE DU MARECHAL)","milieu":"En agglomération"}},{"type":"Feature","geometry":{"type":"Point","coordinates":[4.825,44.096]},"properties":{"annee":2023,"gravite":"grave","tues":0,"hospitalises":1,"legers":1,"total_blesses":2,"date":"17/09/2023 - 14h00","commune":"84087 - Orange","adresse":"ROUTE DE COURTHEZON","milieu":"Hors agglomération"}},{"type":"Feature","geometry":{"type":"Point","coordinates":[4.83868,43.92878]},"properties":{"annee":2023,"gravite":"leger","tues":0,"hospitalises":0,"legers":1,"total_blesses":1,"date":"27/11/2023 - 18h00","commune":"84007 - Avignon","adresse":"SEGHERS (rue Pierre)","milieu":"En agglomération"}},{"type":"Feature","geometry":{"type":"Point","coordinates":[4.79876,43.94178]},"properties":{"annee":2023,"gravite":"leger","tues":0,"hospitalises":0,"legers":1,"total_blesses":1,"date":"27/11/2023 - 13h00","commune":"84007 - Avignon","adresse":"EISENHOWER (Avenue)","milieu":"En agglomération"}},{"type":"Feature","geometry":{"type":"Point","coordinates":[4.81351,43.92887]},"properties":{"annee":2023,"gravite":"leger","tues":0,"hospitalises":0,"legers":1,"total_blesses":1,"date":"26/11/2023 - 15h15","commune":"84007 - Avignon","adresse":"C.De GAULLE (Rocade)","milieu":"En agglomération"}},{"type":"Feature","geometry":{"type":"Point","coordinates":[5.37478,43.73348]},"properties":{"annee":2023,"gravite":"grave","tues":0,"hospitalises":1,"legers":0,"total_blesses":1,"date":"24/12/2023 - 17h00","commune":"84026 - Cadenet","adresse":"Rue Louis Blanc","milieu":"En agglomération"}},{"type":"Feature","geometry":{"type":"Point","coordinates":[5.49343,43.67363]},"properties":{"annee":2023,"gravite":"leger","tues":0,"hospitalises":0,"legers":2,"total_blesses":2,"date":"28/12/2023 - 19h00","commune":"84089 - Pertuis","adresse":"D956","milieu":"Hors agglomération"}},{"type":"Feature","geometry":{"type":"Point","coordinates":[5.0623,44.05364]},"properties":{"annee":2023,"gravite":"leger","tues":0,"hospitalises":0,"legers":1,"total_blesses":1,"date":"18/12/2023 - 11h30","commune":"84031 - Carpentras","adresse":"DURAND BOULEVARD ALBIN","milieu":"En agglomération"}},{"type":"Feature","geometry":{"type":"Point","coordinates":[4.831,44.145]},"properties":{"annee":2023,"gravite":"grave","tues":0,"hospitalises":2,"legers":2,"total_blesses":4,"date":"25/12/2023 - 12h15","commune":"84087 - Orange","adresse":"CAMARET (ROUTE DE)","milieu":"Hors agglomération"}},{"type":"Feature","geometry":{"type":"Point","coordinates":[4.96782,44.02696]},"properties":{"annee":2023,"gravite":"leger","tues":0,"hospitalises":0,"legers":1,"total_blesses":1,"date":"24/10/2023 - 09h06","commune":"84080 - Monteux","adresse":"CD 942 RTE SARRIANS A ROSSI","milieu":"Hors agglomération"}},{"type":"Feature","geometry":{"type":"Point","coordinates":[5.37453,43.87011]},"properties":{"annee":2023,"gravite":"leger","tues":0,"hospitalises":0,"legers":1,"total_blesses":1,"date":"24/09/2023 - 17h52","commune":"84003 - Apt","adresse":"D943","milieu":"Hors agglomération"}},{"type":"Feature","geometry":{"type":"Point","coordinates":[4.80998,43.94269]},"properties":{"annee":2023,"gravite":"leger","tues":0,"hospitalises":0,"legers":1,"total_blesses":1,"date":"25/11/2023 - 08h52","commune":"84007 - Avignon","adresse":"SAINT MICHEL (Boulevard)","milieu":"En agglomération"}},{"type":"Feature","geometry":{"type":"Point","coordinates":[4.81506,43.94382]},"properties":{"annee":2023,"gravite":"leger","tues":0,"hospitalises":0,"legers":1,"total_blesses":1,"date":"25/11/2023 - 06h13","commune":"84007 - Avignon","adresse":"LIMBERT (Boulevard)","milieu":"En agglomération"}},{"type":"Feature","geometry":{"type":"Point","coordinates":[5.15609,43.87931]},"properties":{"annee":2023,"gravite":"grave","tues":0,"hospitalises":1,"legers":1,"total_blesses":2,"date":"05/06/2023 - 18h50","commune":"84025 - Cabrières-d'Avignon","adresse":"intersection D2 et D148","milieu":"Hors agglomération"}},{"type":"Feature","geometry":{"type":"Point","coordinates":[5.37019,43.76748]},"properties":{"annee":2023,"gravite":"leger","tues":0,"hospitalises":0,"legers":1,"total_blesses":1,"date":"21/08/2023 - 23h20","commune":"84068 - Lourmarin","adresse":"Route de Vaugines","milieu":"En agglomération"}},{"type":"Feature","geometry":{"type":"Point","coordinates":[5.04114,43.88382]},"properties":{"annee":2023,"gravite":"grave","tues":0,"hospitalises":1,"legers":0,"total_blesses":1,"date":"21/08/2023 - 12h15","commune":"84054 - L'Isle-sur-la-Sorgue","adresse":"D938","milieu":"Hors agglomération"}},{"type":"Feature","geometry":{"type":"Point","coordinates":[4.8963,43.97041]},"properties":{"annee":2023,"gravite":"grave","tues":0,"hospitalises":1,"legers":0,"total_blesses":1,"date":"23/08/2023 - 22h10","commune":"84141 - Vedène","adresse":"Route de Morières","milieu":"En agglomération"}},{"type":"Feature","geometry":{"type":"Point","coordinates":[5.44992,43.87203]},"properties":{"annee":2023,"gravite":"leger","tues":0,"hospitalises":0,"legers":2,"total_blesses":2,"date":"24/03/2023 - 20h05","commune":"84105 - Saignon","adresse":"D900","milieu":"Hors agglomération"}},{"type":"Feature","geometry":{"type":"Point","coordinates":[4.96857,44.16689]},"properties":{"annee":2023,"gravite":"leger","tues":0,"hospitalises":0,"legers":1,"total_blesses":1,"date":"07/06/2023 - 13h45","commune":"84049 - Gigondas","adresse":"D8","milieu":"Hors agglomération"}},{"type":"Feature","geometry":{"type":"Point","coordinates":[4.8044,43.92864]},"properties":{"annee":2023,"gravite":"leger","tues":0,"hospitalises":0,"legers":1,"total_blesses":1,"date":"23/10/2023 - 07h00","commune":"84007 - Avignon","adresse":"LAVARIN (Chemin du )","milieu":"En agglomération"}},{"type":"Feature","geometry":{"type":"Point","coordinates":[5.10999,43.77749]},"properties":{"annee":2023,"gravite":"grave","tues":0,"hospitalises":1,"legers":0,"total_blesses":1,"date":"14/07/2023 - 05h45","commune":"84038 - Cheval-Blanc","adresse":"D973","milieu":"Hors agglomération"}},{"type":"Feature","geometry":{"type":"Point","coordinates":[5.08178,43.87149]},"properties":{"annee":2023,"gravite":"grave","tues":0,"hospitalises":2,"legers":0,"total_blesses":2,"date":"12/02/2023 - 20h15","commune":"84099 - Robion","adresse":"D 31","milieu":"Hors agglomération"}},{"type":"Feature","geometry":{"type":"Point","coordinates":[5.12439,44.10005]},"properties":{"annee":2023,"gravite":"grave","tues":0,"hospitalises":1,"legers":0,"total_blesses":1,"date":"10/02/2023 - 14h20","commune":"84077 - Modène","adresse":"chemin du combeau","milieu":"Hors agglomération"}},{"type":"Feature","geometry":{"type":"Point","coordinates":[5.04856,43.92578]},"properties":{"annee":2023,"gravite":"leger","tues":0,"hospitalises":0,"legers":1,"total_blesses":1,"date":"28/11/2023 - 18h00","commune":"84054 - L'Isle-sur-la-Sorgue","adresse":"avenue aristide briand","milieu":"En agglomération"}},{"type":"Feature","geometry":{"type":"Point","coordinates":[4.88557,43.93772]},"properties":{"annee":2023,"gravite":"mortel","tues":1,"hospitalises":0,"legers":0,"total_blesses":0,"date":"23/03/2023 - 18h46","commune":"84007 - Avignon","adresse":"VERTES RIVES (Avenue des ) - MONTFAVET","milieu":"Hors agglomération"}},{"type":"Feature","geometry":{"type":"Point","coordinates":[4.87744,43.92068]},"properties":{"annee":2023,"gravite":"grave","tues":0,"hospitalises":1,"legers":1,"total_blesses":2,"date":"23/03/2023 - 15h10","commune":"84007 - Avignon","adresse":"MAGNANARELLES (Avenue des)-MONTFAVET","milieu":"En agglomération"}},{"type":"Feature","geometry":{"type":"Point","coordinates":[4.80991,43.9285]},"properties":{"annee":2023,"gravite":"grave","tues":0,"hospitalises":1,"legers":1,"total_blesses":2,"date":"22/03/2023 - 08h30","commune":"84007 - Avignon","adresse":"C.De GAULLE (Rocade)","milieu":"En agglomération"}},{"type":"Feature","geometry":{"type":"Point","coordinates":[4.88635,43.98263]},"properties":{"annee":2023,"gravite":"grave","tues":0,"hospitalises":1,"legers":0,"total_blesses":1,"date":"23/11/2023 - 11h45","commune":"84141 - Vedène","adresse":"rond point   RD942 avec l'autoroute","milieu":"En agglomération"}},{"type":"Feature","geometry":{"type":"Point","coordinates":[5.40383,43.87555]},"properties":{"annee":2023,"gravite":"leger","tues":0,"hospitalises":0,"legers":1,"total_blesses":1,"date":"13/07/2023 - 09h40","commune":"84003 - Apt","adresse":"Avenue de la Libération","milieu":"En agglomération"}},{"type":"Feature","geometry":{"type":"Point","coordinates":[4.98048,43.96856]},"properties":{"annee":2023,"gravite":"grave","tues":0,"hospitalises":1,"legers":0,"total_blesses":1,"date":"07/06/2023 - 10h10","commune":"84142 - Velleron","adresse":"Route d'Avignon (Pont)","milieu":"Hors agglomération"}},{"type":"Feature","geometry":{"type":"Point","coordinates":[5.3509,43.88957]},"properties":{"annee":2023,"gravite":"leger","tues":0,"hospitalises":0,"legers":1,"total_blesses":1,"date":"24/03/2023 - 07h40","commune":"84047 - Gargas","adresse":"Route des Nourrats","milieu":"Hors agglomération"}},{"type":"Feature","geometry":{"type":"Point","coordinates":[5.26158,44.12458]},"properties":{"annee":2023,"gravite":"grave","tues":0,"hospitalises":1,"legers":0,"total_blesses":1,"date":"11/07/2023 - 14h00","commune":"84017 - Bédoin","adresse":"Route du Mont-ventoux","milieu":"Hors agglomération"}},{"type":"Feature","geometry":{"type":"Point","coordinates":[5.03272,43.82763]},"properties":{"annee":2023,"gravite":"grave","tues":0,"hospitalises":1,"legers":3,"total_blesses":4,"date":"20/09/2023 - 17h05","commune":"84035 - Cavaillon","adresse":"MARSEILLE-RD938 (ROUTE DE)","milieu":"En agglomération"}},{"type":"Feature","geometry":{"type":"Point","coordinates":[4.7822,44.08813]},"properties":{"annee":2023,"gravite":"grave","tues":0,"hospitalises":1,"legers":0,"total_blesses":1,"date":"02/05/2023 - 17h45","commune":"84087 - Orange","adresse":"ROUTE DE ROQUEMAURE","milieu":"En agglomération"}},{"type":"Feature","geometry":{"type":"Point","coordinates":[4.81668,43.94235]},"properties":{"annee":2023,"gravite":"leger","tues":0,"hospitalises":0,"legers":1,"total_blesses":1,"date":"25/11/2023 - 17h44","commune":"84007 - Avignon","adresse":"SOULIER (BD Denis)","milieu":"En agglomération"}},{"type":"Feature","geometry":{"type":"Point","coordinates":[4.79036,43.94087]},"properties":{"annee":2023,"gravite":"leger","tues":0,"hospitalises":0,"legers":1,"total_blesses":1,"date":"25/11/2023 - 06h45","commune":"84007 - Avignon","adresse":"CHARLES DE GAULLE","milieu":"En agglomération"}},{"type":"Feature","geometry":{"type":"Point","coordinates":[4.82563,43.93102]},"properties":{"annee":2023,"gravite":"mortel","tues":1,"hospitalises":0,"legers":0,"total_blesses":0,"date":"10/07/2023 - 10h35","commune":"84007 - Avignon","adresse":"C.De GAULLE (Rocade)","milieu":"En agglomération"}},{"type":"Feature","geometry":{"type":"Point","coordinates":[5.04447,43.81511]},"properties":{"annee":2023,"gravite":"leger","tues":0,"hospitalises":0,"legers":1,"total_blesses":1,"date":"25/11/2023 - 05h55","commune":"84035 - Cavaillon","adresse":"DUNANT (AVENUE HENRY)","milieu":"Hors agglomération"}},{"type":"Feature","geometry":{"type":"Point","coordinates":[4.99856,44.27824]},"properties":{"annee":2023,"gravite":"leger","tues":0,"hospitalises":0,"legers":1,"total_blesses":1,"date":"08/10/2023 - 17h50","commune":"84022 - Buisson","adresse":"d20","milieu":"Hors agglomération"}},{"type":"Feature","geometry":{"type":"Point","coordinates":[4.83222,43.9364]},"properties":{"annee":2023,"gravite":"leger","tues":0,"hospitalises":0,"legers":1,"total_blesses":1,"date":"24/11/2023 - 10h45","commune":"84007 - Avignon","adresse":"C.De GAULLE (Rocade)","milieu":"En agglomération"}},{"type":"Feature","geometry":{"type":"Point","coordinates":[4.91632,43.89102]},"properties":{"annee":2023,"gravite":"leger","tues":0,"hospitalises":0,"legers":1,"total_blesses":1,"date":"23/11/2023 - 16h11","commune":"84007 - Avignon","adresse":"BONPAS ( Pont)-MONTFAVET","milieu":"Hors agglomération"}},{"type":"Feature","geometry":{"type":"Point","coordinates":[4.75573,44.2881]},"properties":{"annee":2023,"gravite":"grave","tues":0,"hospitalises":1,"legers":0,"total_blesses":1,"date":"13/07/2023 - 08h55","commune":"84019 - Bollène","adresse":"Avenue Salvador Allende","milieu":"En agglomération"}},{"type":"Feature","geometry":{"type":"Point","coordinates":[5.0611,44.25104]},"properties":{"annee":2023,"gravite":"leger","tues":0,"hospitalises":0,"legers":3,"total_blesses":3,"date":"20/08/2023 - 04h55","commune":"84137 - Vaison-la-Romaine","adresse":"route d'orange","milieu":"Hors agglomération"}},{"type":"Feature","geometry":{"type":"Point","coordinates":[4.8018,44.05993]},"properties":{"annee":2023,"gravite":"grave","tues":0,"hospitalises":1,"legers":0,"total_blesses":1,"date":"10/08/2023 - 22h45","commune":"84037 - Châteauneuf-du-Pape","adresse":"D17","milieu":"Hors agglomération"}},{"type":"Feature","geometry":{"type":"Point","coordinates":[4.82015,43.95013]},"properties":{"annee":2023,"gravite":"grave","tues":0,"hospitalises":1,"legers":3,"total_blesses":4,"date":"09/07/2023 - 01h22","commune":"84007 - Avignon","adresse":"LYON (route de )","milieu":"En agglomération"}},{"type":"Feature","geometry":{"type":"Point","coordinates":[5.22743,44.10392]},"properties":{"annee":2023,"gravite":"grave","tues":0,"hospitalises":1,"legers":0,"total_blesses":1,"date":"25/12/2023 - 18h00","commune":"84017 - Bédoin","adresse":"D19","milieu":"Hors agglomération"}},{"type":"Feature","geometry":{"type":"Point","coordinates":[4.89511,44.11079]},"properties":{"annee":2023,"gravite":"leger","tues":0,"hospitalises":0,"legers":2,"total_blesses":2,"date":"05/07/2023 - 06h50","commune":"84056 - Jonquières","adresse":"Route de Courthézon","milieu":"Hors agglomération"}},{"type":"Feature","geometry":{"type":"Point","coordinates":[4.71266,44.22989]},"properties":{"annee":2023,"gravite":"grave","tues":0,"hospitalises":1,"legers":0,"total_blesses":1,"date":"06/06/2023 - 13h15","commune":"84078 - Mondragon","adresse":"N7","milieu":"Hors agglomération"}},{"type":"Feature","geometry":{"type":"Point","coordinates":[4.95592,44.34834]},"properties":{"annee":2023,"gravite":"grave","tues":0,"hospitalises":1,"legers":0,"total_blesses":1,"date":"31/12/2023 - 15h30","commune":"84150 - Visan","adresse":"D976","milieu":"Hors agglomération"}},{"type":"Feature","geometry":{"type":"Point","coordinates":[4.96762,44.02962]},"properties":{"annee":2023,"gravite":"leger","tues":0,"hospitalises":0,"legers":2,"total_blesses":2,"date":"23/11/2023 - 21h55","commune":"84080 - Monteux","adresse":"BEAUCHAMP CHEMIN DE","milieu":"Hors agglomération"}},{"type":"Feature","geometry":{"type":"Point","coordinates":[4.80457,43.94263]},"properties":{"annee":2023,"gravite":"leger","tues":0,"hospitalises":0,"legers":1,"total_blesses":1,"date":"30/12/2023 - 16h25","commune":"84007 - Avignon","adresse":"SAINT ROCH (Boulevard)","milieu":"En agglomération"}},{"type":"Feature","geometry":{"type":"Point","coordinates":[5.23029,43.90177]},"properties":{"annee":2023,"gravite":"leger","tues":0,"hospitalises":0,"legers":2,"total_blesses":2,"date":"31/12/2023 - 15h55","commune":"84050 - Gordes","adresse":"D156","milieu":"Hors agglomération"}},{"type":"Feature","geometry":{"type":"Point","coordinates":[4.86899,44.01839]},"properties":{"annee":2023,"gravite":"mortel","tues":1,"hospitalises":0,"legers":0,"total_blesses":0,"date":"06/07/2023 - 15h00","commune":"84129 - Sorgues","adresse":"Route de Châteauneuf-du-pape","milieu":"En agglomération"}},{"type":"Feature","geometry":{"type":"Point","coordinates":[4.81093,44.14333]},"properties":{"annee":2023,"gravite":"grave","tues":0,"hospitalises":2,"legers":0,"total_blesses":2,"date":"04/06/2023 - 17h15","commune":"84087 - Orange","adresse":"DELSUC (RUE ALBERT)","milieu":"En agglomération"}},{"type":"Feature","geometry":{"type":"Point","coordinates":[4.804,44.136]},"properties":{"annee":2023,"gravite":"leger","tues":0,"hospitalises":0,"legers":1,"total_blesses":1,"date":"30/12/2023 - 11h35","commune":"84087 - Orange","adresse":"GAULLE (AVENUE CHARLES DE)","milieu":"En agglomération"}},{"type":"Feature","geometry":{"type":"Point","coordinates":[4.89429,44.04074]},"properties":{"annee":2023,"gravite":"grave","tues":0,"hospitalises":1,"legers":0,"total_blesses":1,"date":"16/08/2023 - 19h05","commune":"84016 - Bédarrides","adresse":"Avenue de la Gare","milieu":"En agglomération"}},{"type":"Feature","geometry":{"type":"Point","coordinates":[5.03928,43.83156]},"properties":{"annee":2023,"gravite":"grave","tues":0,"hospitalises":1,"legers":1,"total_blesses":2,"date":"13/09/2023 - 17h00","commune":"84035 - Cavaillon","adresse":"VERDUN (AVENUE DE)","milieu":"En agglomération"}},{"type":"Feature","geometry":{"type":"Point","coordinates":[5.31777,44.1491]},"properties":{"annee":2023,"gravite":"grave","tues":0,"hospitalises":1,"legers":0,"total_blesses":1,"date":"22/10/2023 - 15h30","commune":"84017 - Bédoin","adresse":"cd 164 bedoin","milieu":"Hors agglomération"}},{"type":"Feature","geometry":{"type":"Point","coordinates":[4.83121,43.9419]},"properties":{"annee":2023,"gravite":"leger","tues":0,"hospitalises":0,"legers":1,"total_blesses":1,"date":"19/10/2023 - 19h55","commune":"84007 - Avignon","adresse":"neuf peyres (chemin des)","milieu":"En agglomération"}},{"type":"Feature","geometry":{"type":"Point","coordinates":[4.79715,44.15907]},"properties":{"annee":2023,"gravite":"grave","tues":0,"hospitalises":1,"legers":0,"total_blesses":1,"date":"07/02/2023 - 19h00","commune":"84087 - Orange","adresse":"LYON (ROUTE DE)","milieu":"Hors agglomération"}},{"type":"Feature","geometry":{"type":"Point","coordinates":[4.80274,43.92133]},"properties":{"annee":2023,"gravite":"grave","tues":0,"hospitalises":1,"legers":0,"total_blesses":1,"date":"05/02/2023 - 14h25","commune":"84007 - Avignon","adresse":"LAVARIN (Chemin du )","milieu":"En agglomération"}},{"type":"Feature","geometry":{"type":"Point","coordinates":[4.87443,43.93062]},"properties":{"annee":2023,"gravite":"leger","tues":0,"hospitalises":0,"legers":2,"total_blesses":2,"date":"04/02/2023 - 07h10","commune":"84007 - Avignon","adresse":"CARDINAL BERTRAND (Cours)-MONTFAVET","milieu":"Hors agglomération"}},{"type":"Feature","geometry":{"type":"Point","coordinates":[4.85422,43.95088]},"properties":{"annee":2023,"gravite":"leger","tues":0,"hospitalises":0,"legers":3,"total_blesses":3,"date":"03/02/2023 - 09h00","commune":"84007 - Avignon","adresse":"MORIERES (Route de )","milieu":"En agglomération"}},{"type":"Feature","geometry":{"type":"Point","coordinates":[5.0976,44.04194]},"properties":{"annee":2023,"gravite":"grave","tues":0,"hospitalises":1,"legers":0,"total_blesses":1,"date":"28/12/2023 - 05h35","commune":"84031 - Carpentras","adresse":"Chemin de Carpentras à Malemort","milieu":"Hors agglomération"}},{"type":"Feature","geometry":{"type":"Point","coordinates":[4.7818,43.93612]},"properties":{"annee":2023,"gravite":"leger","tues":0,"hospitalises":0,"legers":1,"total_blesses":1,"date":"27/12/2023 - 06h10","commune":"84007 - Avignon","adresse":"C.De GAULLE (Rocade)","milieu":"En agglomération"}},{"type":"Feature","geometry":{"type":"Point","coordinates":[4.84944,43.9378]},"properties":{"annee":2023,"gravite":"leger","tues":0,"hospitalises":0,"legers":1,"total_blesses":1,"date":"21/11/2023 - 09h30","commune":"84007 - Avignon","adresse":"AMANDIER (Avenue de l')","milieu":"En agglomération"}},{"type":"Feature","geometry":{"type":"Point","coordinates":[4.84239,43.95246]},"properties":{"annee":2023,"gravite":"leger","tues":0,"hospitalises":0,"legers":1,"total_blesses":1,"date":"21/11/2023 - 16h00","commune":"84007 - Avignon","adresse":"MORIERES (Route de )","milieu":"En agglomération"}},{"type":"Feature","geometry":{"type":"Point","coordinates":[4.78858,44.09843]},"properties":{"annee":2023,"gravite":"grave","tues":0,"hospitalises":1,"legers":1,"total_blesses":2,"date":"09/07/2023 - 00h45","commune":"84087 - Orange","adresse":"A9","milieu":"Hors agglomération"}},{"type":"Feature","geometry":{"type":"Point","coordinates":[5.05222,44.02626]},"properties":{"annee":2023,"gravite":"mortel","tues":1,"hospitalises":0,"legers":0,"total_blesses":0,"date":"23/11/2023 - 11h30","commune":"84088 - Pernes-les-Fontaines","adresse":"D938","milieu":"Hors agglomération"}},{"type":"Feature","geometry":{"type":"Point","coordinates":[4.81871,44.12993]},"properties":{"annee":2023,"gravite":"leger","tues":0,"hospitalises":0,"legers":1,"total_blesses":1,"date":"28/12/2023 - 19h15","commune":"84087 - Orange","adresse":"FOCH (AVENUE MARECHAL)","milieu":"En agglomération"}},{"type":"Feature","geometry":{"type":"Point","coordinates":[4.90969,44.03883]},"properties":{"annee":2023,"gravite":"grave","tues":0,"hospitalises":1,"legers":0,"total_blesses":1,"date":"20/09/2023 - 06h45","commune":"84016 - Bédarrides","adresse":"Route de Sarrians","milieu":"En agglomération"}},{"type":"Feature","geometry":{"type":"Point","coordinates":[4.90107,43.95621]},"properties":{"annee":2023,"gravite":"leger","tues":0,"hospitalises":0,"legers":1,"total_blesses":1,"date":"20/03/2023 - 09h15","commune":"84141 - Vedène","adresse":"Route de Morieres","milieu":"En agglomération"}},{"type":"Feature","geometry":{"type":"Point","coordinates":[5.46967,44.0647]},"properties":{"annee":2023,"gravite":"grave","tues":0,"hospitalises":1,"legers":0,"total_blesses":1,"date":"05/02/2023 - 17h50","commune":"84123 - Sault","adresse":"CD 30 route de st christol","milieu":"Hors agglomération"}},{"type":"Feature","geometry":{"type":"Point","coordinates":[5.02108,43.86317]},"properties":{"annee":2023,"gravite":"leger","tues":0,"hospitalises":0,"legers":2,"total_blesses":2,"date":"18/10/2023 - 16h54","commune":"84035 - Cavaillon","adresse":"VIGNERES-RD98 (ROUTE DES)","milieu":"Hors agglomération"}},{"type":"Feature","geometry":{"type":"Point","coordinates":[4.99571,44.12908]},"properties":{"annee":2023,"gravite":"mortel","tues":2,"hospitalises":0,"legers":0,"total_blesses":0,"date":"29/04/2023 - 20h15","commune":"84136 - Vacqueyras","adresse":"route de beaumes de venise D 7","milieu":"Hors agglomération"}},{"type":"Feature","geometry":{"type":"Point","coordinates":[5.55852,43.72641]},"properties":{"annee":2023,"gravite":"leger","tues":0,"hospitalises":0,"legers":2,"total_blesses":2,"date":"15/04/2023 - 16h45","commune":"84133 - La Tour-d'Aigues","adresse":"Route de Mirabeau","milieu":"Hors agglomération"}},{"type":"Feature","geometry":{"type":"Point","coordinates":[4.92354,43.95523]},"properties":{"annee":2023,"gravite":"leger","tues":0,"hospitalises":0,"legers":1,"total_blesses":1,"date":"21/11/2023 - 15h00","commune":"84119 - Saint-Saturnin-lès-Avignon","adresse":"Route d'Avignon","milieu":"En agglomération"}},{"type":"Feature","geometry":{"type":"Point","coordinates":[4.89443,43.90223]},"properties":{"annee":2023,"gravite":"leger","tues":0,"hospitalises":0,"legers":3,"total_blesses":3,"date":"20/11/2023 - 18h05","commune":"84007 - Avignon","adresse":"MARSEILLE (Route)-MONTFAVET","milieu":"Hors agglomération"}},{"type":"Feature","geometry":{"type":"Point","coordinates":[4.89098,43.90592]},"properties":{"annee":2023,"gravite":"grave","tues":0,"hospitalises":1,"legers":1,"total_blesses":2,"date":"19/11/2023 - 16h16","commune":"84007 - Avignon","adresse":"MARSEILLE (Route de )","milieu":"En agglomération"}},{"type":"Feature","geometry":{"type":"Point","coordinates":[4.82858,43.9469]},"properties":{"annee":2023,"gravite":"leger","tues":0,"hospitalises":0,"legers":2,"total_blesses":2,"date":"19/11/2023 - 01h11","commune":"84007 - Avignon","adresse":"FOLIE (Avenue de la)","milieu":"En agglomération"}},{"type":"Feature","geometry":{"type":"Point","coordinates":[5.07371,43.9126]},"properties":{"annee":2023,"gravite":"grave","tues":0,"hospitalises":1,"legers":0,"total_blesses":1,"date":"07/07/2023 - 19h10","commune":"84054 - L'Isle-sur-la-Sorgue","adresse":"Route d'Apt","milieu":"Hors agglomération"}},{"type":"Feature","geometry":{"type":"Point","coordinates":[4.94845,43.92675]},"properties":{"annee":2023,"gravite":"grave","tues":0,"hospitalises":2,"legers":0,"total_blesses":2,"date":"30/06/2023 - 20h50","commune":"84036 - Châteauneuf-de-Gadagne","adresse":"route du THOR","milieu":"En agglomération"}},{"type":"Feature","geometry":{"type":"Point","coordinates":[5.14568,43.84536]},"properties":{"annee":2023,"gravite":"grave","tues":0,"hospitalises":1,"legers":0,"total_blesses":1,"date":"13/08/2023 - 17h30","commune":"84071 - Maubec","adresse":"D29","milieu":"En agglomération"}},{"type":"Feature","geometry":{"type":"Point","coordinates":[5.31381,43.86642]},"properties":{"annee":2023,"gravite":"grave","tues":0,"hospitalises":2,"legers":2,"total_blesses":4,"date":"28/12/2023 - 08h30","commune":"84020 - Bonnieux","adresse":"D900","milieu":"Hors agglomération"}},{"type":"Feature","geometry":{"type":"Point","coordinates":[5.35283,43.85522]},"properties":{"annee":2023,"gravite":"leger","tues":0,"hospitalises":0,"legers":5,"total_blesses":5,"date":"27/12/2023 - 16h05","commune":"84003 - Apt","adresse":"D3 - le jonquier","milieu":"Hors agglomération"}},{"type":"Feature","geometry":{"type":"Point","coordinates":[5.04035,43.83277]},"properties":{"annee":2023,"gravite":"leger","tues":0,"hospitalises":0,"legers":1,"total_blesses":1,"date":"17/03/2023 - 19h00","commune":"84035 - Cavaillon","adresse":"VERDUN (AVENUE DE)","milieu":"En agglomération"}},{"type":"Feature","geometry":{"type":"Point","coordinates":[4.71165,44.23406]},"properties":{"annee":2023,"gravite":"mortel","tues":1,"hospitalises":0,"legers":0,"total_blesses":0,"date":"05/02/2023 - 22h40","commune":"84078 - Mondragon","adresse":"RN7","milieu":"En agglomération"}},{"type":"Feature","geometry":{"type":"Point","coordinates":[4.91331,43.92565]},"properties":{"annee":2023,"gravite":"leger","tues":0,"hospitalises":0,"legers":1,"total_blesses":1,"date":"10/10/2023 - 22h20","commune":"84081 - Morières-lès-Avignon","adresse":"Autoroute A7","milieu":"Hors agglomération"}},{"type":"Feature","geometry":{"type":"Point","coordinates":[4.82742,43.94183]},"properties":{"annee":2023,"gravite":"grave","tues":0,"hospitalises":2,"legers":0,"total_blesses":2,"date":"02/02/2023 - 13h30","commune":"84007 - Avignon","adresse":"COLCHESTER (Avenue de)","milieu":"En agglomération"}},{"type":"Feature","geometry":{"type":"Point","coordinates":[5.11409,44.10843]},"properties":{"annee":2023,"gravite":"grave","tues":0,"hospitalises":1,"legers":0,"total_blesses":1,"date":"27/04/2023 - 18h15","commune":"84030 - Caromb","adresse":"Route de Modène","milieu":"En agglomération"}},{"type":"Feature","geometry":{"type":"Point","coordinates":[4.78411,43.93016]},"properties":{"annee":2023,"gravite":"grave","tues":0,"hospitalises":1,"legers":1,"total_blesses":2,"date":"31/03/2023 - 04h30","commune":"84007 - Avignon","adresse":"C.De GAULLE (Rocade)","milieu":"En agglomération"}},{"type":"Feature","geometry":{"type":"Point","coordinates":[5.06925,43.99765]},"properties":{"annee":2023,"gravite":"grave","tues":0,"hospitalises":1,"legers":2,"total_blesses":3,"date":"13/08/2023 - 17h23","commune":"84088 - Pernes-les-Fontaines","adresse":"Avenue René Char","milieu":"En agglomération"}},{"type":"Feature","geometry":{"type":"Point","coordinates":[5.07808,43.8763]},"properties":{"annee":2023,"gravite":"grave","tues":0,"hospitalises":1,"legers":0,"total_blesses":1,"date":"08/07/2023 - 17h20","commune":"84054 - L'Isle-sur-la-Sorgue","adresse":"Route de Petit Palais","milieu":"Hors agglomération"}},{"type":"Feature","geometry":{"type":"Point","coordinates":[4.82119,43.93938]},"properties":{"annee":2023,"gravite":"leger","tues":0,"hospitalises":0,"legers":2,"total_blesses":2,"date":"18/11/2023 - 19h13","commune":"84007 - Avignon","adresse":"PIERRE SEMARD (avenue)","milieu":"En agglomération"}},{"type":"Feature","geometry":{"type":"Point","coordinates":[4.80389,44.14617]},"properties":{"annee":2023,"gravite":"leger","tues":0,"hospitalises":0,"legers":1,"total_blesses":1,"date":"16/10/2023 - 16h35","commune":"84087 - Orange","adresse":"FOURCHESVIEILLES (AVENUE)","milieu":"En agglomération"}},{"type":"Feature","geometry":{"type":"Point","coordinates":[4.80239,43.93422]},"properties":{"annee":2023,"gravite":"leger","tues":0,"hospitalises":0,"legers":1,"total_blesses":1,"date":"16/10/2023 - 15h15","commune":"84007 - Avignon","adresse":"LESCURE (IMPASSE)","milieu":"En agglomération"}},{"type":"Feature","geometry":{"type":"Point","coordinates":[5.0298,43.93548]},"properties":{"annee":2023,"gravite":"grave","tues":0,"hospitalises":1,"legers":0,"total_blesses":1,"date":"26/04/2023 - 18h00","commune":"84132 - Le Thor","adresse":"D31","milieu":"Hors agglomération"}},{"type":"Feature","geometry":{"type":"Point","coordinates":[4.79662,43.93774]},"properties":{"annee":2023,"gravite":"leger","tues":0,"hospitalises":0,"legers":1,"total_blesses":1,"date":"20/03/2023 - 12h50","commune":"84007 - Avignon","adresse":"EISENHOWER (Avenue)","milieu":"En agglomération"}},{"type":"Feature","geometry":{"type":"Point","coordinates":[4.71638,44.24426]},"properties":{"annee":2023,"gravite":"grave","tues":0,"hospitalises":1,"legers":0,"total_blesses":1,"date":"11/08/2023 - 13h00","commune":"84078 - Mondragon","adresse":"Chemin des Rosieres","milieu":"En agglomération"}},{"type":"Feature","geometry":{"type":"Point","coordinates":[5.01195,44.00073]},"properties":{"annee":2023,"gravite":"grave","tues":0,"hospitalises":1,"legers":0,"total_blesses":1,"date":"25/05/2023 - 23h40","commune":"84088 - Pernes-les-Fontaines","adresse":"route de velleron","milieu":"Hors agglomération"}},{"type":"Feature","geometry":{"type":"Point","coordinates":[5.03059,43.95691]},"properties":{"annee":2023,"gravite":"leger","tues":0,"hospitalises":0,"legers":1,"total_blesses":1,"date":"08/03/2023 - 10h25","commune":"84142 - Velleron","adresse":"rue carriero frédéric mistral","milieu":"En agglomération"}},{"type":"Feature","geometry":{"type":"Point","coordinates":[4.79943,44.13417]},"properties":{"annee":2023,"gravite":"grave","tues":0,"hospitalises":1,"legers":0,"total_blesses":1,"date":"02/07/2023 - 18h40","commune":"84087 - Orange","adresse":"PINAY (AVENUE ANTOINE)","milieu":"En agglomération"}},{"type":"Feature","geometry":{"type":"Point","coordinates":[4.8094,43.92737]},"properties":{"annee":2023,"gravite":"grave","tues":0,"hospitalises":1,"legers":0,"total_blesses":1,"date":"23/12/2023 - 21h15","commune":"84007 - Avignon","adresse":"TARASCON ( Avenue de)","milieu":"En agglomération"}},{"type":"Feature","geometry":{"type":"Point","coordinates":[4.84878,43.95727]},"properties":{"annee":2023,"gravite":"grave","tues":0,"hospitalises":1,"legers":0,"total_blesses":1,"date":"18/10/2023 - 12h30","commune":"84092 - Le Pontet","adresse":"40 Avenue Charles de Gaulle","milieu":"En agglomération"}},{"type":"Feature","geometry":{"type":"Point","coordinates":[5.03617,44.02246]},"properties":{"annee":2023,"gravite":"leger","tues":0,"hospitalises":0,"legers":1,"total_blesses":1,"date":"16/10/2023 - 12h37","commune":"84031 - Carpentras","adresse":"Route de Velleron","milieu":"En agglomération"}},{"type":"Feature","geometry":{"type":"Point","coordinates":[4.92337,44.00198]},"properties":{"annee":2023,"gravite":"grave","tues":0,"hospitalises":1,"legers":0,"total_blesses":1,"date":"24/04/2023 - 12h58","commune":"84043 - Entraigues-sur-la-Sorgue","adresse":"512 Avenue Jean Jaurès","milieu":"En agglomération"}},{"type":"Feature","geometry":{"type":"Point","coordinates":[5.15936,44.01863]},"properties":{"annee":2023,"gravite":"grave","tues":0,"hospitalises":1,"legers":0,"total_blesses":1,"date":"18/11/2023 - 01h45","commune":"84070 - Malemort-du-Comtat","adresse":"19 Chemin de Saint-félix","milieu":"En agglomération"}},{"type":"Feature","geometry":{"type":"Point","coordinates":[5.34777,43.78783]},"properties":{"annee":2023,"gravite":"grave","tues":0,"hospitalises":1,"legers":0,"total_blesses":1,"date":"19/11/2023 - 10h35","commune":"84068 - Lourmarin","adresse":"D943","milieu":"Hors agglomération"}},{"type":"Feature","geometry":{"type":"Point","coordinates":[4.80878,43.91567]},"properties":{"annee":2023,"gravite":"mortel","tues":1,"hospitalises":0,"legers":0,"total_blesses":0,"date":"05/08/2023 - 09h10","commune":"84007 - Avignon","adresse":"ROGNONAS (PONT DE)","milieu":"Hors agglomération"}},{"type":"Feature","geometry":{"type":"Point","coordinates":[4.89673,43.98647]},"properties":{"annee":2023,"gravite":"leger","tues":0,"hospitalises":0,"legers":1,"total_blesses":1,"date":"01/06/2023 - 08h30","commune":"84141 - Vedène","adresse":"Avenue d'Eguilles","milieu":"En agglomération"}},{"type":"Feature","geometry":{"type":"Point","coordinates":[4.81279,43.92881]},"properties":{"annee":2023,"gravite":"leger","tues":0,"hospitalises":0,"legers":1,"total_blesses":1,"date":"22/12/2023 - 21h50","commune":"84007 - Avignon","adresse":"CABRIERE ( Avenue de la )","milieu":"En agglomération"}},{"type":"Feature","geometry":{"type":"Point","coordinates":[4.75294,44.10008]},"properties":{"annee":2023,"gravite":"grave","tues":0,"hospitalises":1,"legers":0,"total_blesses":1,"date":"09/03/2023 - 23h00","commune":"84027 - Caderousse","adresse":"D 237","milieu":"Hors agglomération"}},{"type":"Feature","geometry":{"type":"Point","coordinates":[4.82866,43.94698]},"properties":{"annee":2023,"gravite":"mortel","tues":1,"hospitalises":0,"legers":1,"total_blesses":1,"date":"13/09/2023 - 15h30","commune":"84007 - Avignon","adresse":"FOLIE (Avenue de la)","milieu":"En agglomération"}},{"type":"Feature","geometry":{"type":"Point","coordinates":[4.8001,43.91969]},"properties":{"annee":2023,"gravite":"grave","tues":0,"hospitalises":1,"legers":0,"total_blesses":1,"date":"27/01/2023 - 07h25","commune":"84007 - Avignon","adresse":"FOLLEREAU (rue Raoul)","milieu":"En agglomération"}},{"type":"Feature","geometry":{"type":"Point","coordinates":[5.51884,43.69686]},"properties":{"annee":2023,"gravite":"leger","tues":0,"hospitalises":0,"legers":1,"total_blesses":1,"date":"23/12/2023 - 06h30","commune":"84089 - Pertuis","adresse":"354 Route de la Bastidonne","milieu":"En agglomération"}},{"type":"Feature","geometry":{"type":"Point","coordinates":[5.05994,44.04554]},"properties":{"annee":2023,"gravite":"grave","tues":0,"hospitalises":1,"legers":0,"total_blesses":1,"date":"14/10/2023 - 19h35","commune":"84031 - Carpentras","adresse":"COMTAT VENAISSIN","milieu":"En agglomération"}},{"type":"Feature","geometry":{"type":"Point","coordinates":[4.88353,43.98468]},"properties":{"annee":2023,"gravite":"grave","tues":0,"hospitalises":1,"legers":0,"total_blesses":1,"date":"04/07/2023 - 19h16","commune":"84129 - Sorgues","adresse":"Avenue Jean Giono","milieu":"En agglomération"}},{"type":"Feature","geometry":{"type":"Point","coordinates":[4.80564,44.15164]},"properties":{"annee":2023,"gravite":"grave","tues":0,"hospitalises":1,"legers":0,"total_blesses":1,"date":"03/07/2023 - 20h45","commune":"84087 - Orange","adresse":"VIOLETTE (RUE DE LA)","milieu":"En agglomération"}},{"type":"Feature","geometry":{"type":"Point","coordinates":[5.00097,43.99716]},"properties":{"annee":2023,"gravite":"grave","tues":0,"hospitalises":1,"legers":2,"total_blesses":3,"date":"31/05/2023 - 07h25","commune":"84088 - Pernes-les-Fontaines","adresse":"Route d'Althen","milieu":"Hors agglomération"}},{"type":"Feature","geometry":{"type":"Point","coordinates":[5.05466,43.94543]},"properties":{"annee":2023,"gravite":"mortel","tues":1,"hospitalises":0,"legers":1,"total_blesses":1,"date":"26/05/2023 - 18h30","commune":"84054 - L'Isle-sur-la-Sorgue","adresse":"2444 Route de Carpentras","milieu":"Hors agglomération"}},{"type":"Feature","geometry":{"type":"Point","coordinates":[4.90536,43.93588]},"properties":{"annee":2023,"gravite":"grave","tues":0,"hospitalises":1,"legers":0,"total_blesses":1,"date":"30/05/2023 - 23h05","commune":"84081 - Morières-lès-Avignon","adresse":"49 Avenue Pierre de Coubertin","milieu":"En agglomération"}},{"type":"Feature","geometry":{"type":"Point","coordinates":[5.10433,43.87225]},"properties":{"annee":2023,"gravite":"grave","tues":0,"hospitalises":1,"legers":0,"total_blesses":1,"date":"03/03/2023 - 18h30","commune":"84062 - Lagnes","adresse":"D900","milieu":"Hors agglomération"}},{"type":"Feature","geometry":{"type":"Point","coordinates":[4.85586,43.9474]},"properties":{"annee":2023,"gravite":"leger","tues":0,"hospitalises":0,"legers":1,"total_blesses":1,"date":"15/11/2023 - 17h45","commune":"84007 - Avignon","adresse":"AMANDIER (Avenue de l')","milieu":"En agglomération"}},{"type":"Feature","geometry":{"type":"Point","coordinates":[4.81974,43.92859]},"properties":{"annee":2023,"gravite":"leger","tues":0,"hospitalises":0,"legers":1,"total_blesses":1,"date":"15/11/2023 - 08h05","commune":"84007 - Avignon","adresse":"PONCET (Rue Paul)","milieu":"En agglomération"}},{"type":"Feature","geometry":{"type":"Point","coordinates":[4.88716,44.18121]},"properties":{"annee":2023,"gravite":"grave","tues":0,"hospitalises":1,"legers":0,"total_blesses":1,"date":"30/05/2023 - 07h45","commune":"84134 - Travaillan","adresse":"RD 93","milieu":"Hors agglomération"}},{"type":"Feature","geometry":{"type":"Point","coordinates":[5.12669,44.17054]},"properties":{"annee":2023,"gravite":"grave","tues":0,"hospitalises":1,"legers":0,"total_blesses":1,"date":"22/07/2023 - 16h15","commune":"84069 - Malaucène","adresse":"route de carpentras","milieu":"En agglomération"}},{"type":"Feature","geometry":{"type":"Point","coordinates":[4.84059,44.14609]},"properties":{"annee":2023,"gravite":"leger","tues":0,"hospitalises":0,"legers":3,"total_blesses":3,"date":"19/12/2023 - 16h50","commune":"84087 - Orange","adresse":"ROUTE DE CAMARET","milieu":"Hors agglomération"}},{"type":"Feature","geometry":{"type":"Point","coordinates":[5.44249,43.72708]},"properties":{"annee":2023,"gravite":"grave","tues":0,"hospitalises":1,"legers":0,"total_blesses":1,"date":"14/09/2023 - 07h30","commune":"84147 - Villelaure","adresse":"D37","milieu":"Hors agglomération"}},{"type":"Feature","geometry":{"type":"Point","coordinates":[4.70649,44.25801]},"properties":{"annee":2023,"gravite":"grave","tues":0,"hospitalises":1,"legers":0,"total_blesses":1,"date":"25/01/2023 - 15h15","commune":"84078 - Mondragon","adresse":"rn7 Mondragon","milieu":"Hors agglomération"}},{"type":"Feature","geometry":{"type":"Point","coordinates":[4.82243,43.92871]},"properties":{"annee":2023,"gravite":"grave","tues":0,"hospitalises":1,"legers":0,"total_blesses":1,"date":"01/09/2023 - 17h15","commune":"84007 - Avignon","adresse":"FRANCOIS 1ER (RUE)","milieu":"En agglomération"}},{"type":"Feature","geometry":{"type":"Point","coordinates":[5.03848,43.84887]},"properties":{"annee":2023,"gravite":"leger","tues":0,"hospitalises":0,"legers":1,"total_blesses":1,"date":"13/10/2023 - 11h07","commune":"84035 - Cavaillon","adresse":"LIBERATION (AVENUE DE LA)","milieu":"En agglomération"}},{"type":"Feature","geometry":{"type":"Point","coordinates":[5.05852,44.05707]},"properties":{"annee":2023,"gravite":"grave","tues":0,"hospitalises":1,"legers":0,"total_blesses":1,"date":"13/10/2023 - 14h50","commune":"84031 - Carpentras","adresse":"MOULIN AVENUE JEAN","milieu":"En agglomération"}},{"type":"Feature","geometry":{"type":"Point","coordinates":[4.78535,43.92803]},"properties":{"annee":2023,"gravite":"leger","tues":0,"hospitalises":0,"legers":1,"total_blesses":1,"date":"12/10/2023 - 13h46","commune":"84007 - Avignon","adresse":"GARE (Avenue de la)","milieu":"En agglomération"}},{"type":"Feature","geometry":{"type":"Point","coordinates":[5.06068,43.88126]},"properties":{"annee":2023,"gravite":"leger","tues":0,"hospitalises":0,"legers":6,"total_blesses":6,"date":"03/07/2023 - 19h20","commune":"84054 - L'Isle-sur-la-Sorgue","adresse":"1805 Chemin des Dames Roses","milieu":"Hors agglomération"}},{"type":"Feature","geometry":{"type":"Point","coordinates":[4.83201,43.93554]},"properties":{"annee":2023,"gravite":"mortel","tues":1,"hospitalises":0,"legers":0,"total_blesses":0,"date":"20/04/2023 - 01h30","commune":"84007 - Avignon","adresse":"C.De GAULLE (Rocade)","milieu":"En agglomération"}},{"type":"Feature","geometry":{"type":"Point","coordinates":[4.88204,44.08597]},"properties":{"annee":2023,"gravite":"grave","tues":0,"hospitalises":1,"legers":0,"total_blesses":1,"date":"19/04/2023 - 14h30","commune":"84039 - Courthézon","adresse":"Faubourg de Luynes","milieu":"En agglomération"}},{"type":"Feature","geometry":{"type":"Point","coordinates":[4.76534,44.27739]},"properties":{"annee":2023,"gravite":"grave","tues":0,"hospitalises":1,"legers":0,"total_blesses":1,"date":"20/04/2023 - 09h40","commune":"84019 - Bollène","adresse":"Avenue Emile Lachaux","milieu":"En agglomération"}},{"type":"Feature","geometry":{"type":"Point","coordinates":[5.02548,43.86049]},"properties":{"annee":2023,"gravite":"grave","tues":0,"hospitalises":1,"legers":0,"total_blesses":1,"date":"24/01/2023 - 17h37","commune":"84035 - Cavaillon","adresse":"VIGNERES-RD98 (ROUTE DES)","milieu":"Hors agglomération"}},{"type":"Feature","geometry":{"type":"Point","coordinates":[4.83285,44.07552]},"properties":{"annee":2023,"gravite":"grave","tues":0,"hospitalises":1,"legers":1,"total_blesses":2,"date":"17/11/2023 - 13h55","commune":"84037 - Châteauneuf-du-Pape","adresse":"d68","milieu":"Hors agglomération"}},{"type":"Feature","geometry":{"type":"Point","coordinates":[4.91501,44.10861]},"properties":{"annee":2023,"gravite":"leger","tues":0,"hospitalises":0,"legers":1,"total_blesses":1,"date":"29/01/2023 - 19h00","commune":"84056 - Jonquières","adresse":"Route de Carpentras","milieu":"Hors agglomération"}},{"type":"Feature","geometry":{"type":"Point","coordinates":[4.79097,44.123]},"properties":{"annee":2023,"gravite":"mortel","tues":1,"hospitalises":0,"legers":0,"total_blesses":0,"date":"17/11/2023 - 13h00","commune":"84087 - Orange","adresse":"A9 PK1+700","milieu":"Hors agglomération"}},{"type":"Feature","geometry":{"type":"Point","coordinates":[4.8158,43.9289]},"properties":{"annee":2023,"gravite":"leger","tues":0,"hospitalises":0,"legers":1,"total_blesses":1,"date":"19/12/2023 - 06h50","commune":"84007 - Avignon","adresse":"C.De GAULLE (Rocade)","milieu":"En agglomération"}},{"type":"Feature","geometry":{"type":"Point","coordinates":[5.04741,44.02218]},"properties":{"annee":2023,"gravite":"grave","tues":0,"hospitalises":1,"legers":0,"total_blesses":1,"date":"12/09/2023 - 07h39","commune":"84088 - Pernes-les-Fontaines","adresse":"Chemin de Prato-plage","milieu":"Hors agglomération"}},{"type":"Feature","geometry":{"type":"Point","coordinates":[5.24676,44.01314]},"properties":{"annee":2023,"gravite":"mortel","tues":1,"hospitalises":0,"legers":0,"total_blesses":0,"date":"13/09/2023 - 14h40","commune":"84075 - Méthamis","adresse":"route de sault","milieu":"Hors agglomération"}},{"type":"Feature","geometry":{"type":"Point","coordinates":[5.34137,44.14215]},"properties":{"annee":2023,"gravite":"grave","tues":0,"hospitalises":1,"legers":0,"total_blesses":1,"date":"09/09/2023 - 12h30","commune":"84005 - Aurel","adresse":"D164","milieu":"Hors agglomération"}},{"type":"Feature","geometry":{"type":"Point","coordinates":[5.02914,43.93946]},"properties":{"annee":2023,"gravite":"leger","tues":0,"hospitalises":0,"legers":1,"total_blesses":1,"date":"14/10/2023 - 04h45","commune":"84132 - Le Thor","adresse":"Route Départementale N°31","milieu":"Hors agglomération"}},{"type":"Feature","geometry":{"type":"Point","coordinates":[4.8095,43.92664]},"properties":{"annee":2023,"gravite":"leger","tues":0,"hospitalises":0,"legers":1,"total_blesses":1,"date":"11/10/2023 - 10h45","commune":"84007 - Avignon","adresse":"TARASCON ( Avenue de)","milieu":"En agglomération"}},{"type":"Feature","geometry":{"type":"Point","coordinates":[5.04668,43.98877]},"properties":{"annee":2023,"gravite":"mortel","tues":1,"hospitalises":1,"legers":1,"total_blesses":2,"date":"20/04/2023 - 16h00","commune":"84088 - Pernes-les-Fontaines","adresse":"Route de l?Isle sur la Sorgue","milieu":"En agglomération"}},{"type":"Feature","geometry":{"type":"Point","coordinates":[4.79644,43.94375]},"properties":{"annee":2023,"gravite":"grave","tues":0,"hospitalises":1,"legers":0,"total_blesses":1,"date":"01/04/2023 - 21h37","commune":"84007 - Avignon","adresse":"EUROPE (Pont de l')","milieu":"En agglomération"}},{"type":"Feature","geometry":{"type":"Point","coordinates":[5.39352,43.87646]},"properties":{"annee":2023,"gravite":"grave","tues":0,"hospitalises":1,"legers":0,"total_blesses":1,"date":"03/03/2023 - 08h25","commune":"84003 - Apt","adresse":"Place de la Bouquerie","milieu":"En agglomération"}},{"type":"Feature","geometry":{"type":"Point","coordinates":[4.88784,43.99931]},"properties":{"annee":2023,"gravite":"grave","tues":0,"hospitalises":1,"legers":3,"total_blesses":4,"date":"15/11/2023 - 20h10","commune":"84129 - Sorgues","adresse":"Autoroute A7","milieu":"Hors agglomération"}},{"type":"Feature","geometry":{"type":"Point","coordinates":[5.01973,44.06874]},"properties":{"annee":2023,"gravite":"grave","tues":0,"hospitalises":1,"legers":0,"total_blesses":1,"date":"15/11/2023 - 18h55","commune":"84067 - Loriol-du-Comtat","adresse":"1469 route de carpentras","milieu":"En agglomération"}},{"type":"Feature","geometry":{"type":"Point","coordinates":[5.39986,43.8763]},"properties":{"annee":2023,"gravite":"grave","tues":0,"hospitalises":1,"legers":1,"total_blesses":2,"date":"13/09/2023 - 16h00","commune":"84003 - Apt","adresse":"Quai Général Leclerc","milieu":"En agglomération"}},{"type":"Feature","geometry":{"type":"Point","coordinates":[5.03418,43.91193]},"properties":{"annee":2023,"gravite":"mortel","tues":1,"hospitalises":0,"legers":0,"total_blesses":0,"date":"13/09/2023 - 02h00","commune":"84054 - L'Isle-sur-la-Sorgue","adresse":"Route de Caumont","milieu":"Hors agglomération"}},{"type":"Feature","geometry":{"type":"Point","coordinates":[4.93085,43.95689]},"properties":{"annee":2023,"gravite":"leger","tues":0,"hospitalises":0,"legers":1,"total_blesses":1,"date":"12/09/2023 - 12h05","commune":"84119 - Saint-Saturnin-lès-Avignon","adresse":"Avenue de la Rétanque","milieu":"En agglomération"}},{"type":"Feature","geometry":{"type":"Point","coordinates":[4.80222,43.95079]},"properties":{"annee":2023,"gravite":"leger","tues":0,"hospitalises":0,"legers":1,"total_blesses":1,"date":"13/11/2023 - 19h15","commune":"84007 - Avignon","adresse":"DALADIER (Pont)","milieu":"En agglomération"}},{"type":"Feature","geometry":{"type":"Point","coordinates":[4.80947,43.92618]},"properties":{"annee":2023,"gravite":"leger","tues":0,"hospitalises":0,"legers":2,"total_blesses":2,"date":"12/11/2023 - 19h00","commune":"84007 - Avignon","adresse":"TARASCON ( Avenue de)","milieu":"En agglomération"}},{"type":"Feature","geometry":{"type":"Point","coordinates":[4.82126,43.93933]},"properties":{"annee":2023,"gravite":"grave","tues":0,"hospitalises":1,"legers":0,"total_blesses":1,"date":"12/11/2023 - 10h37","commune":"84007 - Avignon","adresse":"PIERRE SEMARD (avenue)","milieu":"En agglomération"}},{"type":"Feature","geometry":{"type":"Point","coordinates":[4.83612,43.9455]},"properties":{"annee":2023,"gravite":"mortel","tues":1,"hospitalises":0,"legers":0,"total_blesses":0,"date":"14/11/2023 - 08h20","commune":"84007 - Avignon","adresse":"C.De GAULLE (Rocade)","milieu":"En agglomération"}},{"type":"Feature","geometry":{"type":"Point","coordinates":[5.19191,44.11677]},"properties":{"annee":2023,"gravite":"grave","tues":0,"hospitalises":2,"legers":1,"total_blesses":3,"date":"10/09/2023 - 10h30","commune":"84017 - Bédoin","adresse":"Route de Flassan","milieu":"Hors agglomération"}},{"type":"Feature","geometry":{"type":"Point","coordinates":[4.94731,44.33221]},"properties":{"annee":2023,"gravite":"grave","tues":0,"hospitalises":1,"legers":0,"total_blesses":1,"date":"09/09/2023 - 05h55","commune":"84150 - Visan","adresse":"D976","milieu":"Hors agglomération"}},{"type":"Feature","geometry":{"type":"Point","coordinates":[4.99745,43.88329]},"properties":{"annee":2023,"gravite":"grave","tues":0,"hospitalises":1,"legers":0,"total_blesses":1,"date":"08/09/2023 - 09h50","commune":"84035 - Cavaillon","adresse":"BANON (ROUTE DE)","milieu":"Hors agglomération"}},{"type":"Feature","geometry":{"type":"Point","coordinates":[5.15664,44.10401]},"properties":{"annee":2023,"gravite":"grave","tues":0,"hospitalises":2,"legers":0,"total_blesses":2,"date":"20/12/2023 - 07h45","commune":"84041 - Crillon-le-Brave","adresse":"Route de Crillon à Bédoin","milieu":"Hors agglomération"}},{"type":"Feature","geometry":{"type":"Point","coordinates":[4.99816,44.03335]},"properties":{"annee":2023,"gravite":"grave","tues":0,"hospitalises":1,"legers":0,"total_blesses":1,"date":"18/12/2023 - 20h40","commune":"84080 - Monteux","adresse":"LIBERATION AVENUE DE LA","milieu":"En agglomération"}},{"type":"Feature","geometry":{"type":"Point","coordinates":[4.82813,43.95203]},"properties":{"annee":2023,"gravite":"leger","tues":0,"hospitalises":0,"legers":1,"total_blesses":1,"date":"17/12/2023 - 02h00","commune":"84007 - Avignon","adresse":"LYON (route de )","milieu":"En agglomération"}},{"type":"Feature","geometry":{"type":"Point","coordinates":[5.41656,44.11344]},"properties":{"annee":2023,"gravite":"grave","tues":0,"hospitalises":1,"legers":1,"total_blesses":2,"date":"05/08/2023 - 17h15","commune":"84123 - Sault","adresse":"RD942 - PK 66500","milieu":"Hors agglomération"}},{"type":"Feature","geometry":{"type":"Point","coordinates":[5.4972,43.67113]},"properties":{"annee":2023,"gravite":"grave","tues":0,"hospitalises":1,"legers":0,"total_blesses":1,"date":"05/08/2023 - 15h32","commune":"84089 - Pertuis","adresse":"Route d?Aix - Rond point du farigoulier","milieu":"En agglomération"}},{"type":"Feature","geometry":{"type":"Point","coordinates":[4.81979,44.11479]},"properties":{"annee":2023,"gravite":"grave","tues":0,"hospitalises":1,"legers":0,"total_blesses":1,"date":"18/01/2023 - 14h13","commune":"84087 - Orange","adresse":"VENISSAT-NORD (CHEMIN DE)","milieu":"Hors agglomération"}},{"type":"Feature","geometry":{"type":"Point","coordinates":[4.76162,44.17448]},"properties":{"annee":2023,"gravite":"grave","tues":0,"hospitalises":1,"legers":0,"total_blesses":1,"date":"19/04/2023 - 13h50","commune":"84091 - Piolenc","adresse":"2167 Avenue de Provence","milieu":"En agglomération"}},{"type":"Feature","geometry":{"type":"Point","coordinates":[5.44343,43.70247]},"properties":{"annee":2023,"gravite":"leger","tues":0,"hospitalises":0,"legers":3,"total_blesses":3,"date":"04/08/2023 - 02h00","commune":"84147 - Villelaure","adresse":"D973","milieu":"Hors agglomération"}},{"type":"Feature","geometry":{"type":"Point","coordinates":[4.8527,43.92399]},"properties":{"annee":2023,"gravite":"leger","tues":0,"hospitalises":0,"legers":1,"total_blesses":1,"date":"11/11/2023 - 21h15","commune":"84007 - Avignon","adresse":"MARSEILLE (Route de )","milieu":"En agglomération"}},{"type":"Feature","geometry":{"type":"Point","coordinates":[4.81929,43.9439]},"properties":{"annee":2023,"gravite":"grave","tues":0,"hospitalises":1,"legers":0,"total_blesses":1,"date":"10/11/2023 - 15h45","commune":"84007 - Avignon","adresse":"F.BEC  (Avenue)","milieu":"En agglomération"}},{"type":"Feature","geometry":{"type":"Point","coordinates":[4.79362,43.94268]},"properties":{"annee":2023,"gravite":"leger","tues":0,"hospitalises":0,"legers":2,"total_blesses":2,"date":"10/11/2023 - 14h00","commune":"84007 - Avignon","adresse":"C.De GAULLE (Rocade)","milieu":"En agglomération"}},{"type":"Feature","geometry":{"type":"Point","coordinates":[4.91598,44.38202]},"properties":{"annee":2023,"gravite":"grave","tues":0,"hospitalises":1,"legers":0,"total_blesses":1,"date":"10/09/2023 - 08h30","commune":"84053 - Grillon","adresse":"Chemin du Temple","milieu":"Hors agglomération"}},{"type":"Feature","geometry":{"type":"Point","coordinates":[5.03617,44.08279]},"properties":{"annee":2023,"gravite":"grave","tues":0,"hospitalises":1,"legers":0,"total_blesses":1,"date":"07/09/2023 - 14h30","commune":"84004 - Aubignan","adresse":"Avenue-majoral-jouve","milieu":"En agglomération"}},{"type":"Feature","geometry":{"type":"Point","coordinates":[5.48203,43.91978]},"properties":{"annee":2023,"gravite":"grave","tues":0,"hospitalises":1,"legers":0,"total_blesses":1,"date":"10/09/2023 - 09h35","commune":"84103 - Rustrel","adresse":"route de banon","milieu":"Hors agglomération"}},{"type":"Feature","geometry":{"type":"Point","coordinates":[5.06201,44.0569]},"properties":{"annee":2023,"gravite":"leger","tues":0,"hospitalises":0,"legers":1,"total_blesses":1,"date":"17/12/2023 - 13h47","commune":"84031 - Carpentras","adresse":"Avenue du Mont Ventoux","milieu":"En agglomération"}},{"type":"Feature","geometry":{"type":"Point","coordinates":[5.50115,43.69541]},"properties":{"annee":2023,"gravite":"grave","tues":0,"hospitalises":1,"legers":0,"total_blesses":1,"date":"28/06/2023 - 16h40","commune":"84089 - Pertuis","adresse":"Rue de la Dévalade","milieu":"En agglomération"}},{"type":"Feature","geometry":{"type":"Point","coordinates":[5.05184,44.05564]},"properties":{"annee":2023,"gravite":"leger","tues":0,"hospitalises":0,"legers":1,"total_blesses":1,"date":"24/05/2023 - 15h06","commune":"84031 - Carpentras","adresse":"MONT VENTOUX AVENUE DU","milieu":"En agglomération"}},{"type":"Feature","geometry":{"type":"Point","coordinates":[5.06574,43.80158]},"properties":{"annee":2023,"gravite":"grave","tues":0,"hospitalises":1,"legers":0,"total_blesses":1,"date":"24/01/2023 - 18h15","commune":"84038 - Cheval-Blanc","adresse":"Grand Rue","milieu":"En agglomération"}},{"type":"Feature","geometry":{"type":"Point","coordinates":[4.92804,43.8901]},"properties":{"annee":2023,"gravite":"grave","tues":0,"hospitalises":1,"legers":1,"total_blesses":2,"date":"25/01/2023 - 13h35","commune":"84034 - Caumont-sur-Durance","adresse":"Avenue Jean Moulin","milieu":"Hors agglomération"}},{"type":"Feature","geometry":{"type":"Point","coordinates":[4.84809,44.04374]},"properties":{"annee":2023,"gravite":"grave","tues":0,"hospitalises":1,"legers":0,"total_blesses":1,"date":"13/11/2023 - 07h30","commune":"84037 - Châteauneuf-du-Pape","adresse":"pk 4 D17","milieu":"Hors agglomération"}},{"type":"Feature","geometry":{"type":"Point","coordinates":[5.03469,43.85073]},"properties":{"annee":2023,"gravite":"leger","tues":0,"hospitalises":0,"legers":1,"total_blesses":1,"date":"22/11/2023 - 12h20","commune":"84035 - Cavaillon","adresse":"63 Avenue Prosper Mérimée","milieu":"En agglomération"}},{"type":"Feature","geometry":{"type":"Point","coordinates":[4.72164,44.09559]},"properties":{"annee":2023,"gravite":"grave","tues":0,"hospitalises":1,"legers":0,"total_blesses":1,"date":"17/12/2023 - 07h57","commune":"84027 - Caderousse","adresse":"D238","milieu":"Hors agglomération"}},{"type":"Feature","geometry":{"type":"Point","coordinates":[5.0437,43.81746]},"properties":{"annee":2023,"gravite":"leger","tues":0,"hospitalises":0,"legers":1,"total_blesses":1,"date":"15/12/2023 - 06h00","commune":"84035 - Cavaillon","adresse":"BOSCODOMINI (AVENUE)","milieu":"En agglomération"}},{"type":"Feature","geometry":{"type":"Point","coordinates":[4.96059,44.16879]},"properties":{"annee":2023,"gravite":"mortel","tues":1,"hospitalises":0,"legers":0,"total_blesses":0,"date":"10/10/2023 - 08h50","commune":"84149 - Violès","adresse":"D977","milieu":"En agglomération"}},{"type":"Feature","geometry":{"type":"Point","coordinates":[5.08843,43.86311]},"properties":{"annee":2023,"gravite":"grave","tues":0,"hospitalises":1,"legers":1,"total_blesses":2,"date":"23/01/2023 - 12h50","commune":"84099 - Robion","adresse":"D31","milieu":"Hors agglomération"}},{"type":"Feature","geometry":{"type":"Point","coordinates":[4.95409,44.1647]},"properties":{"annee":2023,"gravite":"grave","tues":0,"hospitalises":1,"legers":2,"total_blesses":3,"date":"12/04/2023 - 17h10","commune":"84149 - Violès","adresse":"Route de Vaison-la-romaine","milieu":"Hors agglomération"}},{"type":"Feature","geometry":{"type":"Point","coordinates":[4.85834,43.9636]},"properties":{"annee":2023,"gravite":"grave","tues":0,"hospitalises":2,"legers":0,"total_blesses":2,"date":"18/01/2023 - 07h30","commune":"84092 - Le Pontet","adresse":"Avenue Théophile Delorme","milieu":"En agglomération"}},{"type":"Feature","geometry":{"type":"Point","coordinates":[4.90174,43.98555]},"properties":{"annee":2023,"gravite":"leger","tues":0,"hospitalises":0,"legers":1,"total_blesses":1,"date":"13/11/2023 - 15h00","commune":"84141 - Vedène","adresse":"Rue de la Groseillere","milieu":"En agglomération"}},{"type":"Feature","geometry":{"type":"Point","coordinates":[4.7324,44.28458]},"properties":{"annee":2023,"gravite":"grave","tues":0,"hospitalises":1,"legers":0,"total_blesses":1,"date":"15/04/2023 - 15h05","commune":"84019 - Bollène","adresse":"D994","milieu":"Hors agglomération"}},{"type":"Feature","geometry":{"type":"Point","coordinates":[4.8029,44.15228]},"properties":{"annee":2023,"gravite":"leger","tues":0,"hospitalises":0,"legers":2,"total_blesses":2,"date":"11/11/2023 - 19h20","commune":"84087 - Orange","adresse":"LYON (ROUTE DE)","milieu":"En agglomération"}},{"type":"Feature","geometry":{"type":"Point","coordinates":[4.97915,44.0302]},"properties":{"annee":2023,"gravite":"leger","tues":0,"hospitalises":0,"legers":1,"total_blesses":1,"date":"11/11/2023 - 12h20","commune":"84080 - Monteux","adresse":"AVIGNON BOULEVARD D'","milieu":"En agglomération"}},{"type":"Feature","geometry":{"type":"Point","coordinates":[4.88284,43.94418]},"properties":{"annee":2023,"gravite":"leger","tues":0,"hospitalises":0,"legers":2,"total_blesses":2,"date":"31/10/2023 - 17h05","commune":"84007 - Avignon","adresse":"MORIERES (Route de )","milieu":"Hors agglomération"}},{"type":"Feature","geometry":{"type":"Point","coordinates":[5.17283,44.21006]},"properties":{"annee":2023,"gravite":"grave","tues":0,"hospitalises":1,"legers":0,"total_blesses":1,"date":"03/03/2023 - 13h35","commune":"84069 - Malaucène","adresse":"D242","milieu":"Hors agglomération"}},{"type":"Feature","geometry":{"type":"Point","coordinates":[5.14134,44.19202]},"properties":{"annee":2023,"gravite":"grave","tues":0,"hospitalises":1,"legers":0,"total_blesses":1,"date":"24/05/2023 - 11h10","commune":"84069 - Malaucène","adresse":"Route de Veaux","milieu":"Hors agglomération"}},{"type":"Feature","geometry":{"type":"Point","coordinates":[4.825,44.152]},"properties":{"annee":2023,"gravite":"grave","tues":0,"hospitalises":1,"legers":0,"total_blesses":1,"date":"22/06/2023 - 15h10","commune":"84087 - Orange","adresse":"ABRIAN (CHEMIN DE L')","milieu":"Hors agglomération"}},{"type":"Feature","geometry":{"type":"Point","coordinates":[5.00693,44.03589]},"properties":{"annee":2023,"gravite":"leger","tues":0,"hospitalises":0,"legers":1,"total_blesses":1,"date":"14/12/2023 - 20h30","commune":"84080 - Monteux","adresse":"SAINT GENS CHEMIN DE","milieu":"En agglomération"}},{"type":"Feature","geometry":{"type":"Point","coordinates":[5.04935,43.8365]},"properties":{"annee":2023,"gravite":"leger","tues":0,"hospitalises":0,"legers":1,"total_blesses":1,"date":"07/10/2023 - 18h05","commune":"84035 - Cavaillon","adresse":"DURAND (AVENUE ALBIN)","milieu":"En agglomération"}},{"type":"Feature","geometry":{"type":"Point","coordinates":[5.03627,43.8294]},"properties":{"annee":2023,"gravite":"leger","tues":0,"hospitalises":0,"legers":1,"total_blesses":1,"date":"06/10/2023 - 10h10","commune":"84035 - Cavaillon","adresse":"ROCH PAPE (ALLEE)","milieu":"En agglomération"}},{"type":"Feature","geometry":{"type":"Point","coordinates":[4.75353,44.17993]},"properties":{"annee":2023,"gravite":"grave","tues":0,"hospitalises":1,"legers":0,"total_blesses":1,"date":"08/10/2023 - 10h40","commune":"84091 - Piolenc","adresse":"Voie Communale 85 des Pres","milieu":"Hors agglomération"}},{"type":"Feature","geometry":{"type":"Point","coordinates":[4.94842,43.92672]},"properties":{"annee":2023,"gravite":"grave","tues":0,"hospitalises":1,"legers":1,"total_blesses":2,"date":"23/05/2023 - 12h00","commune":"84036 - Châteauneuf-de-Gadagne","adresse":"15 Route de Caumont","milieu":"En agglomération"}},{"type":"Feature","geometry":{"type":"Point","coordinates":[5.34553,43.78522]},"properties":{"annee":2023,"gravite":"grave","tues":0,"hospitalises":1,"legers":0,"total_blesses":1,"date":"11/11/2023 - 14h40","commune":"84068 - Lourmarin","adresse":"rd943","milieu":"Hors agglomération"}},{"type":"Feature","geometry":{"type":"Point","coordinates":[4.91556,43.89002]},"properties":{"annee":2023,"gravite":"grave","tues":0,"hospitalises":1,"legers":0,"total_blesses":1,"date":"15/04/2023 - 09h24","commune":"84007 - Avignon","adresse":"N129","milieu":"Hors agglomération"}},{"type":"Feature","geometry":{"type":"Point","coordinates":[4.80922,43.92041]},"properties":{"annee":2023,"gravite":"leger","tues":0,"hospitalises":0,"legers":1,"total_blesses":1,"date":"08/11/2023 - 12h20","commune":"84007 - Avignon","adresse":"TARASCON ( Avenue de)","milieu":"En agglomération"}},{"type":"Feature","geometry":{"type":"Point","coordinates":[4.81933,43.94299]},"properties":{"annee":2023,"gravite":"leger","tues":0,"hospitalises":0,"legers":1,"total_blesses":1,"date":"06/11/2023 - 15h48","commune":"84007 - Avignon","adresse":"SOULIER (BD Denis)","milieu":"En agglomération"}},{"type":"Feature","geometry":{"type":"Point","coordinates":[4.82472,43.95053]},"properties":{"annee":2023,"gravite":"leger","tues":0,"hospitalises":0,"legers":1,"total_blesses":1,"date":"03/11/2023 - 19h16","commune":"84007 - Avignon","adresse":"LYON (route de )","milieu":"En agglomération"}},{"type":"Feature","geometry":{"type":"Point","coordinates":[4.88284,43.94417]},"properties":{"annee":2023,"gravite":"grave","tues":0,"hospitalises":1,"legers":0,"total_blesses":1,"date":"07/11/2023 - 08h30","commune":"84007 - Avignon","adresse":"MORIERES (Route de )","milieu":"Hors agglomération"}},{"type":"Feature","geometry":{"type":"Point","coordinates":[5.24859,44.12051]},"properties":{"annee":2023,"gravite":"grave","tues":0,"hospitalises":1,"legers":1,"total_blesses":2,"date":"24/06/2023 - 14h30","commune":"84017 - Bédoin","adresse":"Route du Mont-ventoux","milieu":"Hors agglomération"}},{"type":"Feature","geometry":{"type":"Point","coordinates":[5.10174,43.89007]},"properties":{"annee":2023,"gravite":"mortel","tues":1,"hospitalises":0,"legers":0,"total_blesses":0,"date":"15/12/2023 - 16h00","commune":"84062 - Lagnes","adresse":"rd24","milieu":"Hors agglomération"}},{"type":"Feature","geometry":{"type":"Point","coordinates":[4.70568,44.25972]},"properties":{"annee":2023,"gravite":"grave","tues":0,"hospitalises":4,"legers":1,"total_blesses":5,"date":"26/06/2023 - 09h30","commune":"84078 - Mondragon","adresse":"rn7, face allée notre dame","milieu":"Hors agglomération"}},{"type":"Feature","geometry":{"type":"Point","coordinates":[4.97815,43.89625]},"properties":{"annee":2023,"gravite":"grave","tues":0,"hospitalises":1,"legers":1,"total_blesses":2,"date":"08/09/2023 - 08h12","commune":"84034 - Caumont-sur-Durance","adresse":"235 Route de l?Isle sur la Sorgue","milieu":"Hors agglomération"}},{"type":"Feature","geometry":{"type":"Point","coordinates":[4.90102,43.95643]},"properties":{"annee":2023,"gravite":"grave","tues":0,"hospitalises":1,"legers":0,"total_blesses":1,"date":"08/09/2023 - 08h45","commune":"84141 - Vedène","adresse":"Route de Morières","milieu":"En agglomération"}},{"type":"Feature","geometry":{"type":"Point","coordinates":[4.84179,43.94553]},"properties":{"annee":2023,"gravite":"leger","tues":0,"hospitalises":0,"legers":1,"total_blesses":1,"date":"13/01/2023 - 07h50","commune":"84007 - Avignon","adresse":"PONT DES DEUX EAUX (Chemin du )","milieu":"En agglomération"}},{"type":"Feature","geometry":{"type":"Point","coordinates":[5.0634,43.93578]},"properties":{"annee":2023,"gravite":"leger","tues":0,"hospitalises":0,"legers":1,"total_blesses":1,"date":"11/04/2023 - 11h50","commune":"84054 - L'Isle-sur-la-Sorgue","adresse":"Route de Carpentras","milieu":"En agglomération"}},{"type":"Feature","geometry":{"type":"Point","coordinates":[5.04805,43.9221]},"properties":{"annee":2023,"gravite":"grave","tues":0,"hospitalises":2,"legers":0,"total_blesses":2,"date":"24/06/2023 - 10h30","commune":"84054 - L'Isle-sur-la-Sorgue","adresse":"19 Avenue Fabre de Sérignan","milieu":"En agglomération"}},{"type":"Feature","geometry":{"type":"Point","coordinates":[4.84267,43.94303]},"properties":{"annee":2023,"gravite":"leger","tues":0,"hospitalises":0,"legers":1,"total_blesses":1,"date":"11/10/2023 - 07h50","commune":"84007 - Avignon","adresse":"VAN GOGH (rue VINCENT)","milieu":"En agglomération"}},{"type":"Feature","geometry":{"type":"Point","coordinates":[4.80749,43.94237]},"properties":{"annee":2023,"gravite":"leger","tues":0,"hospitalises":0,"legers":1,"total_blesses":1,"date":"10/10/2023 - 14h24","commune":"84007 - Avignon","adresse":"SAINT ROCH (Boulevard)","milieu":"En agglomération"}},{"type":"Feature","geometry":{"type":"Point","coordinates":[4.83201,43.93399]},"properties":{"annee":2023,"gravite":"leger","tues":0,"hospitalises":0,"legers":2,"total_blesses":2,"date":"08/10/2023 - 02h52","commune":"84007 - Avignon","adresse":"PIERRE SEMARD (avenue)","milieu":"En agglomération"}},{"type":"Feature","geometry":{"type":"Point","coordinates":[5.3155,43.74731]},"properties":{"annee":2023,"gravite":"grave","tues":0,"hospitalises":1,"legers":0,"total_blesses":1,"date":"07/10/2023 - 15h10","commune":"84065 - Lauris","adresse":"Avenue Joseph Garnier","milieu":"En agglomération"}},{"type":"Feature","geometry":{"type":"Point","coordinates":[5.03817,44.06045]},"properties":{"annee":2023,"gravite":"mortel","tues":1,"hospitalises":0,"legers":0,"total_blesses":0,"date":"05/10/2023 - 19h40","commune":"84031 - Carpentras","adresse":"Route d'Orange","milieu":"Hors agglomération"}},{"type":"Feature","geometry":{"type":"Point","coordinates":[4.91472,43.88928]},"properties":{"annee":2023,"gravite":"grave","tues":0,"hospitalises":1,"legers":0,"total_blesses":1,"date":"05/10/2023 - 11h22","commune":"84007 - Avignon","adresse":"MARSEILLE (Route de )","milieu":"Hors agglomération"}},{"type":"Feature","geometry":{"type":"Point","coordinates":[4.88952,43.91069]},"properties":{"annee":2023,"gravite":"grave","tues":0,"hospitalises":5,"legers":0,"total_blesses":5,"date":"05/10/2023 - 10h43","commune":"84007 - Avignon","adresse":"MONTAIGNE (RUE MICHEL DE)-MONTFAVET","milieu":"En agglomération"}},{"type":"Feature","geometry":{"type":"Point","coordinates":[4.832,43.936]},"properties":{"annee":2023,"gravite":"grave","tues":0,"hospitalises":1,"legers":0,"total_blesses":1,"date":"12/01/2023 - 07h45","commune":"84007 - Avignon","adresse":"C.De GAULLE (Rocade)","milieu":"En agglomération"}},{"type":"Feature","geometry":{"type":"Point","coordinates":[4.84232,43.93951]},"properties":{"annee":2023,"gravite":"grave","tues":0,"hospitalises":1,"legers":0,"total_blesses":1,"date":"07/01/2023 - 19h10","commune":"84007 - Avignon","adresse":"MONTFAVET (Route)","milieu":"En agglomération"}},{"type":"Feature","geometry":{"type":"Point","coordinates":[5.31511,43.91351]},"properties":{"annee":2023,"gravite":"grave","tues":0,"hospitalises":2,"legers":0,"total_blesses":2,"date":"19/05/2023 - 15h20","commune":"84102 - Roussillon","adresse":"Départementale 4","milieu":"Hors agglomération"}},{"type":"Feature","geometry":{"type":"Point","coordinates":[4.89617,43.97216]},"properties":{"annee":2023,"gravite":"grave","tues":0,"hospitalises":1,"legers":0,"total_blesses":1,"date":"25/02/2023 - 10h00","commune":"84141 - Vedène","adresse":"A7 PK191.300","milieu":"Hors agglomération"}},{"type":"Feature","geometry":{"type":"Point","coordinates":[4.82319,43.93828]},"properties":{"annee":2023,"gravite":"leger","tues":0,"hospitalises":0,"legers":2,"total_blesses":2,"date":"10/12/2023 - 18h00","commune":"84007 - Avignon","adresse":"PIERRE SEMARD (avenue)","milieu":"En agglomération"}},{"type":"Feature","geometry":{"type":"Point","coordinates":[4.80145,43.94933]},"properties":{"annee":2023,"gravite":"grave","tues":0,"hospitalises":1,"legers":0,"total_blesses":1,"date":"03/10/2023 - 11h53","commune":"84007 - Avignon","adresse":"OULLE (Boulevard de l')","milieu":"En agglomération"}},{"type":"Feature","geometry":{"type":"Point","coordinates":[4.80229,43.95087]},"properties":{"annee":2023,"gravite":"grave","tues":0,"hospitalises":1,"legers":0,"total_blesses":1,"date":"02/10/2023 - 14h18","commune":"84007 - Avignon","adresse":"DALADIER (Pont)","milieu":"En agglomération"}},{"type":"Feature","geometry":{"type":"Point","coordinates":[5.53979,43.7193]},"properties":{"annee":2023,"gravite":"leger","tues":0,"hospitalises":0,"legers":1,"total_blesses":1,"date":"25/07/2023 - 13h00","commune":"84133 - La Tour-d'Aigues","adresse":"Boulevard de Saint Roch","milieu":"En agglomération"}},{"type":"Feature","geometry":{"type":"Point","coordinates":[5.12588,44.17705]},"properties":{"annee":2023,"gravite":"leger","tues":0,"hospitalises":0,"legers":5,"total_blesses":5,"date":"26/07/2023 - 15h45","commune":"84069 - Malaucène","adresse":"RD 90","milieu":"Hors agglomération"}},{"type":"Feature","geometry":{"type":"Point","coordinates":[5.28484,44.17083]},"properties":{"annee":2023,"gravite":"grave","tues":0,"hospitalises":1,"legers":0,"total_blesses":1,"date":"27/07/2023 - 10h40","commune":"84017 - Bédoin","adresse":"Route du Mont-ventoux","milieu":"Hors agglomération"}},{"type":"Feature","geometry":{"type":"Point","coordinates":[5.1442,43.85967]},"properties":{"annee":2023,"gravite":"grave","tues":0,"hospitalises":1,"legers":0,"total_blesses":1,"date":"11/04/2023 - 07h05","commune":"84071 - Maubec","adresse":"850 Chemin des Véginières","milieu":"Hors agglomération"}},{"type":"Feature","geometry":{"type":"Point","coordinates":[4.98184,44.14573]},"properties":{"annee":2023,"gravite":"grave","tues":0,"hospitalises":1,"legers":1,"total_blesses":2,"date":"09/04/2023 - 14h45","commune":"84136 - Vacqueyras","adresse":"Chemin du Tombadou","milieu":"En agglomération"}},{"type":"Feature","geometry":{"type":"Point","coordinates":[5.53915,43.71944]},"properties":{"annee":2023,"gravite":"grave","tues":0,"hospitalises":1,"legers":0,"total_blesses":1,"date":"21/08/2023 - 10h55","commune":"84133 - La Tour-d'Aigues","adresse":"rue marcel Pagnol","milieu":"En agglomération"}},{"type":"Feature","geometry":{"type":"Point","coordinates":[4.81085,44.14524]},"properties":{"annee":2023,"gravite":"leger","tues":0,"hospitalises":0,"legers":1,"total_blesses":1,"date":"09/12/2023 - 11h58","commune":"84087 - Orange","adresse":"MOULIN (RUE JEAN)","milieu":"En agglomération"}},{"type":"Feature","geometry":{"type":"Point","coordinates":[5.03727,43.83247]},"properties":{"annee":2023,"gravite":"leger","tues":0,"hospitalises":0,"legers":1,"total_blesses":1,"date":"10/12/2023 - 15h02","commune":"84035 - Cavaillon","adresse":"STALINGRAD (AVENUE DE)","milieu":"En agglomération"}},{"type":"Feature","geometry":{"type":"Point","coordinates":[4.91175,43.93969]},"properties":{"annee":2023,"gravite":"grave","tues":0,"hospitalises":1,"legers":2,"total_blesses":3,"date":"02/09/2023 - 02h10","commune":"84081 - Morières-lès-Avignon","adresse":"autoroute A7 PK 192","milieu":"Hors agglomération"}},{"type":"Feature","geometry":{"type":"Point","coordinates":[5.0388,43.84763]},"properties":{"annee":2023,"gravite":"leger","tues":0,"hospitalises":0,"legers":1,"total_blesses":1,"date":"30/10/2023 - 18h30","commune":"84035 - Cavaillon","adresse":"LIBERATION (AVENUE DE LA)","milieu":"En agglomération"}},{"type":"Feature","geometry":{"type":"Point","coordinates":[4.85511,44.1524]},"properties":{"annee":2023,"gravite":"leger","tues":0,"hospitalises":0,"legers":1,"total_blesses":1,"date":"24/02/2023 - 22h20","commune":"84029 - Camaret-sur-Aigues","adresse":"D975","milieu":"Hors agglomération"}},{"type":"Feature","geometry":{"type":"Point","coordinates":[5.37554,43.72402]},"properties":{"annee":2023,"gravite":"grave","tues":0,"hospitalises":1,"legers":0,"total_blesses":1,"date":"24/02/2023 - 17h00","commune":"84026 - Cadenet","adresse":"Route de Marseille","milieu":"Hors agglomération"}},{"type":"Feature","geometry":{"type":"Point","coordinates":[4.98204,44.04738]},"properties":{"annee":2023,"gravite":"grave","tues":0,"hospitalises":1,"legers":0,"total_blesses":1,"date":"26/08/2023 - 22h50","commune":"84080 - Monteux","adresse":"SARRIANS ROUTE DE","milieu":"Hors agglomération"}},{"type":"Feature","geometry":{"type":"Point","coordinates":[5.33936,44.14426]},"properties":{"annee":2023,"gravite":"mortel","tues":1,"hospitalises":0,"legers":0,"total_blesses":0,"date":"09/04/2023 - 14h30","commune":"84005 - Aurel","adresse":"D164","milieu":"Hors agglomération"}},{"type":"Feature","geometry":{"type":"Point","coordinates":[4.87719,43.92482]},"properties":{"annee":2023,"gravite":"leger","tues":0,"hospitalises":0,"legers":1,"total_blesses":1,"date":"08/12/2023 - 18h55","commune":"84007 - Avignon","adresse":"MAGNANARELLES (Avenue des)-MONTFAVET","milieu":"En agglomération"}},{"type":"Feature","geometry":{"type":"Point","coordinates":[4.84833,43.93556]},"properties":{"annee":2023,"gravite":"leger","tues":0,"hospitalises":0,"legers":1,"total_blesses":1,"date":"07/12/2023 - 20h14","commune":"84007 - Avignon","adresse":"FONTCOUVERTE(Avenue de)","milieu":"En agglomération"}},{"type":"Feature","geometry":{"type":"Point","coordinates":[4.86375,43.95226]},"properties":{"annee":2023,"gravite":"grave","tues":0,"hospitalises":1,"legers":0,"total_blesses":1,"date":"05/10/2023 - 12h00","commune":"84092 - Le Pontet","adresse":"Route de Saint Saturnin","milieu":"En agglomération"}},{"type":"Feature","geometry":{"type":"Point","coordinates":[5.04317,43.86375]},"properties":{"annee":2023,"gravite":"leger","tues":0,"hospitalises":0,"legers":3,"total_blesses":3,"date":"23/07/2023 - 05h55","commune":"84035 - Cavaillon","adresse":"ISLE/SORGUE-RD 938 (ROUTE DE L')","milieu":"Hors agglomération"}},{"type":"Feature","geometry":{"type":"Point","coordinates":[5.01511,44.17899]},"properties":{"annee":2023,"gravite":"grave","tues":0,"hospitalises":1,"legers":0,"total_blesses":1,"date":"22/06/2023 - 12h00","commune":"84049 - Gigondas","adresse":"677 Chemin de Lencieu","milieu":"Hors agglomération"}},{"type":"Feature","geometry":{"type":"Point","coordinates":[5.04327,43.86422]},"properties":{"annee":2023,"gravite":"grave","tues":0,"hospitalises":1,"legers":1,"total_blesses":2,"date":"04/11/2023 - 20h45","commune":"84035 - Cavaillon","adresse":"ISLE/SORGUE-RD 938 (ROUTE DE L')","milieu":"Hors agglomération"}},{"type":"Feature","geometry":{"type":"Point","coordinates":[4.82491,43.93033]},"properties":{"annee":2023,"gravite":"leger","tues":0,"hospitalises":0,"legers":1,"total_blesses":1,"date":"22/02/2023 - 01h45","commune":"84007 - Avignon","adresse":"C.De GAULLE (Rocade)","milieu":"En agglomération"}},{"type":"Feature","geometry":{"type":"Point","coordinates":[5.05429,44.05594]},"properties":{"annee":2023,"gravite":"grave","tues":0,"hospitalises":2,"legers":0,"total_blesses":2,"date":"04/04/2023 - 11h15","commune":"84031 - Carpentras","adresse":"MONT VENTOUX AVENUE DU","milieu":"En agglomération"}},{"type":"Feature","geometry":{"type":"Point","coordinates":[5.05175,44.03216]},"properties":{"annee":2023,"gravite":"grave","tues":0,"hospitalises":1,"legers":1,"total_blesses":2,"date":"19/03/2023 - 02h30","commune":"84031 - Carpentras","adresse":"Avenue Dwight Eisenhower","milieu":"En agglomération"}},{"type":"Feature","geometry":{"type":"Point","coordinates":[4.80335,43.93766]},"properties":{"annee":2023,"gravite":"mortel","tues":1,"hospitalises":3,"legers":0,"total_blesses":3,"date":"04/04/2023 - 16h49","commune":"84007 - Avignon","adresse":"FERRY ( Boulevard Jules)","milieu":"En agglomération"}},{"type":"Feature","geometry":{"type":"Point","coordinates":[4.9116,44.24471]},"properties":{"annee":2023,"gravite":"grave","tues":0,"hospitalises":1,"legers":0,"total_blesses":1,"date":"24/02/2023 - 07h45","commune":"84028 - Cairanne","adresse":"D167","milieu":"Hors agglomération"}},{"type":"Feature","geometry":{"type":"Point","coordinates":[4.72131,44.24378]},"properties":{"annee":2023,"gravite":"grave","tues":0,"hospitalises":1,"legers":0,"total_blesses":1,"date":"23/02/2023 - 09h45","commune":"84078 - Mondragon","adresse":"Chemin des Prés","milieu":"Hors agglomération"}},{"type":"Feature","geometry":{"type":"Point","coordinates":[5.23184,44.05666]},"properties":{"annee":2023,"gravite":"grave","tues":0,"hospitalises":1,"legers":0,"total_blesses":1,"date":"30/08/2023 - 22h45","commune":"84148 - Villes-sur-Auzon","adresse":"Chemin des Pierres","milieu":"En agglomération"}},{"type":"Feature","geometry":{"type":"Point","coordinates":[5.05152,44.01862]},"properties":{"annee":2023,"gravite":"grave","tues":0,"hospitalises":1,"legers":1,"total_blesses":2,"date":"07/04/2023 - 11h25","commune":"84088 - Pernes-les-Fontaines","adresse":"Grande Route de Carpentras","milieu":"Hors agglomération"}},{"type":"Feature","geometry":{"type":"Point","coordinates":[4.87558,43.92642]},"properties":{"annee":2023,"gravite":"leger","tues":0,"hospitalises":0,"legers":1,"total_blesses":1,"date":"06/12/2023 - 08h27","commune":"84007 - Avignon","adresse":"SAINTE CATHERINE-MONTFAVET","milieu":"En agglomération"}},{"type":"Feature","geometry":{"type":"Point","coordinates":[4.91641,43.89166]},"properties":{"annee":2023,"gravite":"leger","tues":0,"hospitalises":0,"legers":1,"total_blesses":1,"date":"05/12/2023 - 15h25","commune":"84007 - Avignon","adresse":"A7D","milieu":"Hors agglomération"}},{"type":"Feature","geometry":{"type":"Point","coordinates":[4.96608,43.8832]},"properties":{"annee":2023,"gravite":"grave","tues":0,"hospitalises":1,"legers":1,"total_blesses":2,"date":"22/07/2023 - 22h35","commune":"84034 - Caumont-sur-Durance","adresse":"D900","milieu":"Hors agglomération"}},{"type":"Feature","geometry":{"type":"Point","coordinates":[5.066,43.838]},"properties":{"annee":2023,"gravite":"leger","tues":0,"hospitalises":0,"legers":1,"total_blesses":1,"date":"21/07/2023 - 19h15","commune":"84035 - Cavaillon","adresse":"TAILLADES-RD143 (ROUTES DES)","milieu":"En agglomération"}},{"type":"Feature","geometry":{"type":"Point","coordinates":[4.85105,43.96324]},"properties":{"annee":2023,"gravite":"grave","tues":0,"hospitalises":1,"legers":0,"total_blesses":1,"date":"21/06/2023 - 07h05","commune":"84092 - Le Pontet","adresse":"Route de Sorgues (rd 907)","milieu":"Hors agglomération"}},{"type":"Feature","geometry":{"type":"Point","coordinates":[4.78288,44.13392]},"properties":{"annee":2023,"gravite":"leger","tues":0,"hospitalises":0,"legers":1,"total_blesses":1,"date":"03/11/2023 - 14h45","commune":"84087 - Orange","adresse":"MARTIGNAN (CHEMIN)","milieu":"Hors agglomération"}},{"type":"Feature","geometry":{"type":"Point","coordinates":[4.72571,44.28512]},"properties":{"annee":2023,"gravite":"leger","tues":0,"hospitalises":0,"legers":1,"total_blesses":1,"date":"16/05/2023 - 12h40","commune":"84019 - Bollène","adresse":"d994","milieu":"Hors agglomération"}},{"type":"Feature","geometry":{"type":"Point","coordinates":[4.8198,43.9411]},"properties":{"annee":2023,"gravite":"grave","tues":0,"hospitalises":2,"legers":0,"total_blesses":2,"date":"01/11/2023 - 01h51","commune":"84007 - Avignon","adresse":"TRILLADE (avenue de la )","milieu":"En agglomération"}},{"type":"Feature","geometry":{"type":"Point","coordinates":[4.79857,43.94111]},"properties":{"annee":2023,"gravite":"leger","tues":0,"hospitalises":0,"legers":1,"total_blesses":1,"date":"31/10/2023 - 20h17","commune":"84007 - Avignon","adresse":"EISENHOWER (Avenue)","milieu":"En agglomération"}},{"type":"Feature","geometry":{"type":"Point","coordinates":[4.8048,43.941]},"properties":{"annee":2023,"gravite":"grave","tues":0,"hospitalises":1,"legers":0,"total_blesses":1,"date":"01/11/2023 - 03h53","commune":"84007 - Avignon","adresse":"CHAMPFLEURY   (AVENUE)","milieu":"En agglomération"}},{"type":"Feature","geometry":{"type":"Point","coordinates":[4.80403,43.92097]},"properties":{"annee":2023,"gravite":"leger","tues":0,"hospitalises":0,"legers":1,"total_blesses":1,"date":"31/10/2023 - 05h20","commune":"84007 - Avignon","adresse":"FOLLEREAU (rue Raoul)","milieu":"En agglomération"}},{"type":"Feature","geometry":{"type":"Point","coordinates":[4.89348,43.90434]},"properties":{"annee":2023,"gravite":"grave","tues":0,"hospitalises":1,"legers":0,"total_blesses":1,"date":"28/10/2023 - 01h05","commune":"84007 - Avignon","adresse":"MARSEILLE (Route)-MONTFAVET","milieu":"Hors agglomération"}},{"type":"Feature","geometry":{"type":"Point","coordinates":[4.82387,43.93273]},"properties":{"annee":2023,"gravite":"leger","tues":0,"hospitalises":0,"legers":1,"total_blesses":1,"date":"28/10/2023 - 15h45","commune":"84007 - Avignon","adresse":"CROIX DES OISEAUX ( Avenue de la )","milieu":"En agglomération"}},{"type":"Feature","geometry":{"type":"Point","coordinates":[4.99817,44.03443]},"properties":{"annee":2023,"gravite":"leger","tues":0,"hospitalises":0,"legers":1,"total_blesses":1,"date":"18/01/2023 - 08h20","commune":"84080 - Monteux","adresse":"LIBERATION AVENUE DE LA","milieu":"En agglomération"}},{"type":"Feature","geometry":{"type":"Point","coordinates":[5.28813,44.12959]},"properties":{"annee":2023,"gravite":"mortel","tues":1,"hospitalises":0,"legers":0,"total_blesses":0,"date":"01/09/2023 - 16h35","commune":"84017 - Bédoin","adresse":"Route du Mont-ventoux","milieu":"Hors agglomération"}},{"type":"Feature","geometry":{"type":"Point","coordinates":[5.0327,43.82767]},"properties":{"annee":2023,"gravite":"grave","tues":0,"hospitalises":1,"legers":0,"total_blesses":1,"date":"20/02/2023 - 05h00","commune":"84035 - Cavaillon","adresse":"MARSEILLE-RD938 (ROUTE DE)","milieu":"En agglomération"}},{"type":"Feature","geometry":{"type":"Point","coordinates":[4.88412,44.15481]},"properties":{"annee":2023,"gravite":"grave","tues":0,"hospitalises":1,"legers":0,"total_blesses":1,"date":"30/11/2023 - 23h00","commune":"84029 - Camaret-sur-Aigues","adresse":"chemin des mulets","milieu":"Hors agglomération"}},{"type":"Feature","geometry":{"type":"Point","coordinates":[5.01008,44.04497]},"properties":{"annee":2023,"gravite":"grave","tues":0,"hospitalises":1,"legers":1,"total_blesses":2,"date":"26/08/2023 - 00h50","commune":"84080 - Monteux","adresse":"CD 942 DE CARPENTRAS A RTE SARRIANS","milieu":"Hors agglomération"}},{"type":"Feature","geometry":{"type":"Point","coordinates":[5.11769,44.19625]},"properties":{"annee":2023,"gravite":"grave","tues":0,"hospitalises":1,"legers":0,"total_blesses":1,"date":"01/10/2023 - 12h10","commune":"84069 - Malaucène","adresse":"D938","milieu":"Hors agglomération"}},{"type":"Feature","geometry":{"type":"Point","coordinates":[5.09425,44.08863]},"properties":{"annee":2023,"gravite":"grave","tues":0,"hospitalises":1,"legers":0,"total_blesses":1,"date":"18/06/2023 - 14h45","commune":"84030 - Caromb","adresse":"Route de Carpentras","milieu":"Hors agglomération"}},{"type":"Feature","geometry":{"type":"Point","coordinates":[4.90761,44.05763]},"properties":{"annee":2023,"gravite":"grave","tues":0,"hospitalises":1,"legers":0,"total_blesses":1,"date":"17/06/2023 - 20h00","commune":"84016 - Bédarrides","adresse":"Chemin de Causan","milieu":"Hors agglomération"}},{"type":"Feature","geometry":{"type":"Point","coordinates":[5.118,44.19513]},"properties":{"annee":2023,"gravite":"mortel","tues":1,"hospitalises":1,"legers":0,"total_blesses":1,"date":"06/04/2023 - 19h50","commune":"84069 - Malaucène","adresse":"2013 route de vaison","milieu":"Hors agglomération"}},{"type":"Feature","geometry":{"type":"Point","coordinates":[4.88847,43.97299]},"properties":{"annee":2023,"gravite":"leger","tues":0,"hospitalises":0,"legers":1,"total_blesses":1,"date":"06/04/2023 - 18h00","commune":"84141 - Vedène","adresse":"ALLEE DES VERGUETS","milieu":"En agglomération"}},{"type":"Feature","geometry":{"type":"Point","coordinates":[5.034,44.08573]},"properties":{"annee":2023,"gravite":"leger","tues":0,"hospitalises":0,"legers":1,"total_blesses":1,"date":"10/01/2023 - 09h15","commune":"84004 - Aubignan","adresse":"Route de Carpentras","milieu":"Hors agglomération"}},{"type":"Feature","geometry":{"type":"Point","coordinates":[5.12686,44.17037]},"properties":{"annee":2023,"gravite":"grave","tues":0,"hospitalises":1,"legers":0,"total_blesses":1,"date":"21/07/2023 - 10h30","commune":"84069 - Malaucène","adresse":"D938","milieu":"En agglomération"}},{"type":"Feature","geometry":{"type":"Point","coordinates":[4.70695,44.23754]},"properties":{"annee":2023,"gravite":"grave","tues":0,"hospitalises":2,"legers":0,"total_blesses":2,"date":"20/07/2023 - 10h07","commune":"84078 - Mondragon","adresse":"A7, pk 151+700 sens 1","milieu":"Hors agglomération"}},{"type":"Feature","geometry":{"type":"Point","coordinates":[4.82272,43.9544]},"properties":{"annee":2023,"gravite":"leger","tues":0,"hospitalises":0,"legers":2,"total_blesses":2,"date":"23/06/2023 - 19h15","commune":"84007 - Avignon","adresse":"DOCTEUR PONS (Route touristique)","milieu":"En agglomération"}},{"type":"Feature","geometry":{"type":"Point","coordinates":[5.00437,43.88283]},"properties":{"annee":2023,"gravite":"mortel","tues":1,"hospitalises":0,"legers":0,"total_blesses":0,"date":"17/06/2023 - 21h40","commune":"84132 - Le Thor","adresse":"Route de Banon","milieu":"Hors agglomération"}},{"type":"Feature","geometry":{"type":"Point","coordinates":[4.79886,44.27258]},"properties":{"annee":2023,"gravite":"grave","tues":0,"hospitalises":1,"legers":1,"total_blesses":2,"date":"02/11/2023 - 09h30","commune":"84019 - Bollène","adresse":"1595 Route de Rochegude","milieu":"Hors agglomération"}},{"type":"Feature","geometry":{"type":"Point","coordinates":[4.81436,44.13937]},"properties":{"annee":2023,"gravite":"grave","tues":0,"hospitalises":1,"legers":0,"total_blesses":1,"date":"31/10/2023 - 18h20","commune":"84087 - Orange","adresse":"TERRIER (RUE DU)","milieu":"En agglomération"}},{"type":"Feature","geometry":{"type":"Point","coordinates":[4.82448,43.92893]},"properties":{"annee":2023,"gravite":"leger","tues":0,"hospitalises":0,"legers":1,"total_blesses":1,"date":"28/10/2023 - 17h34","commune":"84007 - Avignon","adresse":"FRANCOIS 1ER (RUE)","milieu":"En agglomération"}},{"type":"Feature","geometry":{"type":"Point","coordinates":[4.82006,43.93848]},"properties":{"annee":2023,"gravite":"grave","tues":0,"hospitalises":1,"legers":0,"total_blesses":1,"date":"28/10/2023 - 19h08","commune":"84007 - Avignon","adresse":"TRILLADE (avenue de la )","milieu":"En agglomération"}},{"type":"Feature","geometry":{"type":"Point","coordinates":[4.83146,43.93418]},"properties":{"annee":2023,"gravite":"leger","tues":0,"hospitalises":0,"legers":1,"total_blesses":1,"date":"27/10/2023 - 08h10","commune":"84007 - Avignon","adresse":"PIERRE SEMARD (avenue)","milieu":"En agglomération"}},{"type":"Feature","geometry":{"type":"Point","coordinates":[4.89559,43.9604]},"properties":{"annee":2023,"gravite":"leger","tues":0,"hospitalises":0,"legers":1,"total_blesses":1,"date":"31/10/2023 - 16h15","commune":"84141 - Vedène","adresse":"Allée Victor Mitan","milieu":"En agglomération"}},{"type":"Feature","geometry":{"type":"Point","coordinates":[5.10263,44.10722]},"properties":{"annee":2023,"gravite":"grave","tues":0,"hospitalises":1,"legers":0,"total_blesses":1,"date":"03/04/2023 - 13h50","commune":"84030 - Caromb","adresse":"avenue de l'europe","milieu":"En agglomération"}},{"type":"Feature","geometry":{"type":"Point","coordinates":[5.34319,43.74266]},"properties":{"annee":2023,"gravite":"grave","tues":0,"hospitalises":1,"legers":0,"total_blesses":1,"date":"06/12/2023 - 15h30","commune":"84095 - Puyvert","adresse":"D139","milieu":"Hors agglomération"}},{"type":"Feature","geometry":{"type":"Point","coordinates":[5.31191,43.8444]},"properties":{"annee":2023,"gravite":"grave","tues":0,"hospitalises":1,"legers":0,"total_blesses":1,"date":"18/02/2023 - 15h00","commune":"84020 - Bonnieux","adresse":"D3","milieu":"Hors agglomération"}},{"type":"Feature","geometry":{"type":"Point","coordinates":[4.88392,44.03765]},"properties":{"annee":2023,"gravite":"grave","tues":0,"hospitalises":1,"legers":3,"total_blesses":4,"date":"18/02/2023 - 13h10","commune":"84016 - Bédarrides","adresse":"PK182.000 - A7","milieu":"Hors agglomération"}},{"type":"Feature","geometry":{"type":"Point","coordinates":[4.84353,43.94355]},"properties":{"annee":2023,"gravite":"grave","tues":0,"hospitalises":1,"legers":0,"total_blesses":1,"date":"05/01/2023 - 18h15","commune":"84007 - Avignon","adresse":"PICASSO (rue Pablo)","milieu":"En agglomération"}},{"type":"Feature","geometry":{"type":"Point","coordinates":[5.09297,43.85903]},"properties":{"annee":2023,"gravite":"mortel","tues":1,"hospitalises":0,"legers":1,"total_blesses":1,"date":"18/02/2023 - 01h15","commune":"84099 - Robion","adresse":"D15","milieu":"Hors agglomération"}},{"type":"Feature","geometry":{"type":"Point","coordinates":[4.90528,43.96667]},"properties":{"annee":2023,"gravite":"grave","tues":0,"hospitalises":1,"legers":0,"total_blesses":1,"date":"19/07/2023 - 08h00","commune":"84141 - Vedène","adresse":"Chemin de la Nuit","milieu":"En agglomération"}},{"type":"Feature","geometry":{"type":"Point","coordinates":[5.05405,44.05515]},"properties":{"annee":2023,"gravite":"grave","tues":0,"hospitalises":1,"legers":2,"total_blesses":3,"date":"29/10/2023 - 05h10","commune":"84031 - Carpentras","adresse":"LEGUE CHEMIN DE LA","milieu":"En agglomération"}},{"type":"Feature","geometry":{"type":"Point","coordinates":[5.29987,43.75205]},"properties":{"annee":2023,"gravite":"mortel","tues":1,"hospitalises":0,"legers":0,"total_blesses":0,"date":"02/04/2023 - 15h15","commune":"84065 - Lauris","adresse":"798 Ancienne Route de Puget","milieu":"Hors agglomération"}},{"type":"Feature","geometry":{"type":"Point","coordinates":[5.01378,44.00075]},"properties":{"annee":2023,"gravite":"mortel","tues":1,"hospitalises":0,"legers":0,"total_blesses":0,"date":"04/12/2023 - 16h35","commune":"84088 - Pernes-les-Fontaines","adresse":"D49","milieu":"Hors agglomération"}},{"type":"Feature","geometry":{"type":"Point","coordinates":[5.73647,43.71626]},"properties":{"annee":2023,"gravite":"leger","tues":0,"hospitalises":0,"legers":1,"total_blesses":1,"date":"03/12/2023 - 19h58","commune":"84014 - Beaumont-de-Pertuis","adresse":"A51 PK 058.150","milieu":"Hors agglomération"}},{"type":"Feature","geometry":{"type":"Point","coordinates":[4.91117,44.36395]},"properties":{"annee":2023,"gravite":"mortel","tues":1,"hospitalises":0,"legers":0,"total_blesses":0,"date":"29/09/2023 - 19h30","commune":"84097 - Richerenches","adresse":"route de colonzelle","milieu":"En agglomération"}},{"type":"Feature","geometry":{"type":"Point","coordinates":[5.082,44.24229]},"properties":{"annee":2023,"gravite":"grave","tues":0,"hospitalises":1,"legers":0,"total_blesses":1,"date":"28/09/2023 - 15h30","commune":"84137 - Vaison-la-Romaine","adresse":"Avenue des Choralies","milieu":"En agglomération"}},{"type":"Feature","geometry":{"type":"Point","coordinates":[4.8904,44.0061]},"properties":{"annee":2023,"gravite":"grave","tues":0,"hospitalises":1,"legers":0,"total_blesses":1,"date":"30/10/2023 - 11h45","commune":"84129 - Sorgues","adresse":"1171 Route d'Entraigues","milieu":"En agglomération"}},{"type":"Feature","geometry":{"type":"Point","coordinates":[5.02439,44.04659]},"properties":{"annee":2023,"gravite":"leger","tues":0,"hospitalises":0,"legers":1,"total_blesses":1,"date":"27/10/2023 - 16h20","commune":"84031 - Carpentras","adresse":"D942","milieu":"Hors agglomération"}},{"type":"Feature","geometry":{"type":"Point","coordinates":[5.41418,43.86642]},"properties":{"annee":2023,"gravite":"grave","tues":0,"hospitalises":1,"legers":0,"total_blesses":1,"date":"06/05/2023 - 11h30","commune":"84105 - Saignon","adresse":"D48","milieu":"Hors agglomération"}},{"type":"Feature","geometry":{"type":"Point","coordinates":[5.24936,44.12145]},"properties":{"annee":2023,"gravite":"grave","tues":0,"hospitalises":1,"legers":0,"total_blesses":1,"date":"18/06/2023 - 17h00","commune":"84017 - Bédoin","adresse":"Route du Mont-ventoux","milieu":"Hors agglomération"}},{"type":"Feature","geometry":{"type":"Point","coordinates":[4.87376,43.97599]},"properties":{"annee":2023,"gravite":"grave","tues":0,"hospitalises":1,"legers":0,"total_blesses":1,"date":"16/07/2023 - 19h00","commune":"84092 - Le Pontet","adresse":"D 225","milieu":"Hors agglomération"}},{"type":"Feature","geometry":{"type":"Point","coordinates":[5.07912,43.96023]},"properties":{"annee":2023,"gravite":"grave","tues":0,"hospitalises":1,"legers":0,"total_blesses":1,"date":"16/07/2023 - 19h00","commune":"84054 - L'Isle-sur-la-Sorgue","adresse":"Chemin des Gypières","milieu":"Hors agglomération"}},{"type":"Feature","geometry":{"type":"Point","coordinates":[5.05136,44.01604]},"properties":{"annee":2023,"gravite":"grave","tues":0,"hospitalises":1,"legers":0,"total_blesses":1,"date":"27/10/2023 - 15h25","commune":"84088 - Pernes-les-Fontaines","adresse":"723 Grande Route de Carpentras","milieu":"Hors agglomération"}},{"type":"Feature","geometry":{"type":"Point","coordinates":[5.49706,43.67095]},"properties":{"annee":2023,"gravite":"grave","tues":0,"hospitalises":1,"legers":0,"total_blesses":1,"date":"27/10/2023 - 20h35","commune":"84089 - Pertuis","adresse":"route départementale 956 - rond point d'alton","milieu":"En agglomération"}},{"type":"Feature","geometry":{"type":"Point","coordinates":[5.01072,43.90299]},"properties":{"annee":2023,"gravite":"grave","tues":0,"hospitalises":1,"legers":0,"total_blesses":1,"date":"13/06/2023 - 07h40","commune":"84132 - Le Thor","adresse":"Route de Fontaine de Vaucluse","milieu":"Hors agglomération"}},{"type":"Feature","geometry":{"type":"Point","coordinates":[5.07553,43.84311]},"properties":{"annee":2023,"gravite":"leger","tues":0,"hospitalises":0,"legers":1,"total_blesses":1,"date":"01/12/2023 - 14h10","commune":"84035 - Cavaillon","adresse":"ROBION-RD2 (ROUTE DE)","milieu":"Hors agglomération"}},{"type":"Feature","geometry":{"type":"Point","coordinates":[4.83806,44.04898]},"properties":{"annee":2023,"gravite":"grave","tues":0,"hospitalises":1,"legers":0,"total_blesses":1,"date":"11/02/2023 - 08h05","commune":"84037 - Châteauneuf-du-Pape","adresse":"Route de Sorgues","milieu":"En agglomération"}},{"type":"Feature","geometry":{"type":"Point","coordinates":[4.89237,43.90496]},"properties":{"annee":2023,"gravite":"leger","tues":0,"hospitalises":0,"legers":2,"total_blesses":2,"date":"01/01/2023 - 21h45","commune":"84007 - Avignon","adresse":"Route de Marseille Mft","milieu":"Hors agglomération"}},{"type":"Feature","geometry":{"type":"Point","coordinates":[4.74808,44.28626]},"properties":{"annee":2023,"gravite":"leger","tues":0,"hospitalises":0,"legers":2,"total_blesses":2,"date":"26/09/2023 - 12h00","commune":"84019 - Bollène","adresse":"chemin des turs,84500","milieu":"En agglomération"}},{"type":"Feature","geometry":{"type":"Point","coordinates":[4.86412,44.11802]},"properties":{"annee":2023,"gravite":"grave","tues":0,"hospitalises":1,"legers":0,"total_blesses":1,"date":"12/09/2023 - 18h15","commune":"84087 - Orange","adresse":"JONQUIERES (ROUTE DE)","milieu":"Hors agglomération"}},{"type":"Feature","geometry":{"type":"Point","coordinates":[5.04054,43.8354]},"properties":{"annee":2023,"gravite":"leger","tues":0,"hospitalises":0,"legers":1,"total_blesses":1,"date":"26/09/2023 - 19h30","commune":"84035 - Cavaillon","adresse":"BOURNISSAC (COURS)","milieu":"En agglomération"}},{"type":"Feature","geometry":{"type":"Point","coordinates":[4.87909,43.97796]},"properties":{"annee":2023,"gravite":"grave","tues":0,"hospitalises":1,"legers":0,"total_blesses":1,"date":"14/02/2023 - 16h35","commune":"84092 - Le Pontet","adresse":"D225","milieu":"Hors agglomération"}},{"type":"Feature","geometry":{"type":"Point","coordinates":[4.98148,44.27747]},"properties":{"annee":2023,"gravite":"grave","tues":0,"hospitalises":1,"legers":0,"total_blesses":1,"date":"24/08/2023 - 17h45","commune":"84022 - Buisson","adresse":"route departementale 20","milieu":"Hors agglomération"}},{"type":"Feature","geometry":{"type":"Point","coordinates":[5.3679,43.86371]},"properties":{"annee":2023,"gravite":"grave","tues":0,"hospitalises":1,"legers":1,"total_blesses":2,"date":"29/10/2023 - 13h15","commune":"84003 - Apt","adresse":"Route Departementale 943","milieu":"Hors agglomération"}},{"type":"Feature","geometry":{"type":"Point","coordinates":[5.40238,43.87423]},"properties":{"annee":2023,"gravite":"grave","tues":0,"hospitalises":1,"legers":0,"total_blesses":1,"date":"28/10/2023 - 15h50","commune":"84003 - Apt","adresse":"Avenue de Saignon","milieu":"En agglomération"}},{"type":"Feature","geometry":{"type":"Point","coordinates":[5.09682,43.84193]},"properties":{"annee":2023,"gravite":"grave","tues":0,"hospitalises":1,"legers":0,"total_blesses":1,"date":"09/05/2023 - 07h40","commune":"84099 - Robion","adresse":"Route des Taillades","milieu":"Hors agglomération"}},{"type":"Feature","geometry":{"type":"Point","coordinates":[5.35093,43.734]},"properties":{"annee":2023,"gravite":"leger","tues":0,"hospitalises":0,"legers":1,"total_blesses":1,"date":"05/05/2023 - 11h45","commune":"84026 - Cadenet","adresse":"D973","milieu":"Hors agglomération"}},{"type":"Feature","geometry":{"type":"Point","coordinates":[5.0838,43.86804]},"properties":{"annee":2023,"gravite":"grave","tues":0,"hospitalises":1,"legers":0,"total_blesses":1,"date":"13/07/2023 - 20h45","commune":"84099 - Robion","adresse":"D31","milieu":"Hors agglomération"}},{"type":"Feature","geometry":{"type":"Point","coordinates":[5.31515,43.91339]},"properties":{"annee":2023,"gravite":"grave","tues":0,"hospitalises":2,"legers":3,"total_blesses":5,"date":"14/07/2023 - 16h00","commune":"84102 - Roussillon","adresse":"Croisement D4/D227","milieu":"Hors agglomération"}},{"type":"Feature","geometry":{"type":"Point","coordinates":[4.82092,44.16605]},"properties":{"annee":2023,"gravite":"grave","tues":0,"hospitalises":1,"legers":0,"total_blesses":1,"date":"01/01/2023 - 15h35","commune":"84127 - Sérignan-du-Comtat","adresse":"Chemin de la draille du plan","milieu":"Hors agglomération"}},{"type":"Feature","geometry":{"type":"Point","coordinates":[5.13422,43.86087]},"properties":{"annee":2023,"gravite":"grave","tues":0,"hospitalises":1,"legers":1,"total_blesses":2,"date":"28/10/2023 - 17h10","commune":"84099 - Robion","adresse":"D2","milieu":"Hors agglomération"}},{"type":"Feature","geometry":{"type":"Point","coordinates":[5.04861,44.05376]},"properties":{"annee":2024,"gravite":"grave","tues":0,"hospitalises":1,"legers":0,"total_blesses":1,"date":"23/03/2024 - 13h42","commune":"84031 - Carpentras","adresse":"BARJAVEL","milieu":"En agglomération"}},{"type":"Feature","geometry":{"type":"Point","coordinates":[4.82097,43.92856]},"properties":{"annee":2024,"gravite":"leger","tues":0,"hospitalises":0,"legers":1,"total_blesses":1,"date":"23/03/2024 - 19h10","commune":"84007 - Avignon","adresse":"FRANCOIS 1ER (RUE)","milieu":"En agglomération"}},{"type":"Feature","geometry":{"type":"Point","coordinates":[4.83457,43.94429]},"properties":{"annee":2024,"gravite":"leger","tues":0,"hospitalises":0,"legers":1,"total_blesses":1,"date":"02/05/2024 - 02h15","commune":"84007 - Avignon","adresse":"C.De GAULLE (Rocade)","milieu":"Hors agglomération"}},{"type":"Feature","geometry":{"type":"Point","coordinates":[4.79942,43.94471]},"properties":{"annee":2024,"gravite":"leger","tues":0,"hospitalises":0,"legers":1,"total_blesses":1,"date":"18/09/2024 - 10h45","commune":"84007 - Avignon","adresse":"RASPAIL (BOULEVARD)","milieu":"En agglomération"}},{"type":"Feature","geometry":{"type":"Point","coordinates":[4.80719,43.94259]},"properties":{"annee":2024,"gravite":"leger","tues":0,"hospitalises":0,"legers":1,"total_blesses":1,"date":"16/09/2024 - 11h30","commune":"84007 - Avignon","adresse":"SAINT ROCH (BOULEVARD)","milieu":"En agglomération"}},{"type":"Feature","geometry":{"type":"Point","coordinates":[4.80304,43.9574]},"properties":{"annee":2024,"gravite":"leger","tues":0,"hospitalises":0,"legers":1,"total_blesses":1,"date":"13/08/2024 - 21h05","commune":"84007 - Avignon","adresse":"CHEMIN DE LA TRAILLE","milieu":"Hors agglomération"}},{"type":"Feature","geometry":{"type":"Point","coordinates":[4.8657,43.9432]},"properties":{"annee":2024,"gravite":"leger","tues":0,"hospitalises":0,"legers":1,"total_blesses":1,"date":"07/08/2024 - 12h00","commune":"84007 - Avignon","adresse":"AULNES(Avenue des)-MONTFAVET","milieu":"En agglomération"}},{"type":"Feature","geometry":{"type":"Point","coordinates":[4.80538,43.94282]},"properties":{"annee":2024,"gravite":"leger","tues":0,"hospitalises":0,"legers":1,"total_blesses":1,"date":"11/02/2024 - 16h30","commune":"84007 - Avignon","adresse":"SAINT ROCH (Boulevard)","milieu":"En agglomération"}},{"type":"Feature","geometry":{"type":"Point","coordinates":[4.9115,43.89048]},"properties":{"annee":2024,"gravite":"leger","tues":0,"hospitalises":0,"legers":2,"total_blesses":2,"date":"10/02/2024 - 18h00","commune":"84007 - Avignon","adresse":"MARSEILLE (Route de )","milieu":"Hors agglomération"}},{"type":"Feature","geometry":{"type":"Point","coordinates":[4.80266,43.92887]},"properties":{"annee":2024,"gravite":"leger","tues":0,"hospitalises":0,"legers":2,"total_blesses":2,"date":"07/06/2024 - 23h25","commune":"84007 - Avignon","adresse":"C.De GAULLE (Rocade)","milieu":"En agglomération"}},{"type":"Feature","geometry":{"type":"Point","coordinates":[4.96026,43.92528]},"properties":{"annee":2024,"gravite":"leger","tues":0,"hospitalises":0,"legers":4,"total_blesses":4,"date":"13/02/2024 - 09h00","commune":"84036 - Châteauneuf-de-Gadagne","adresse":"1580 Route du Thor","milieu":"Hors agglomération"}},{"type":"Feature","geometry":{"type":"Point","coordinates":[4.88223,44.02678]},"properties":{"annee":2024,"gravite":"grave","tues":0,"hospitalises":1,"legers":0,"total_blesses":1,"date":"12/10/2024 - 05h00","commune":"84129 - Sorgues","adresse":"D183","milieu":"Hors agglomération"}},{"type":"Feature","geometry":{"type":"Point","coordinates":[5.15955,43.86582]},"properties":{"annee":2024,"gravite":"grave","tues":0,"hospitalises":1,"legers":0,"total_blesses":1,"date":"06/06/2024 - 06h15","commune":"84025 - Cabrières-d'Avignon","adresse":"1579 Route d?Apt","milieu":"Hors agglomération"}},{"type":"Feature","geometry":{"type":"Point","coordinates":[4.94832,44.33911]},"properties":{"annee":2024,"gravite":"leger","tues":0,"hospitalises":0,"legers":2,"total_blesses":2,"date":"08/06/2024 - 05h40","commune":"84150 - Visan","adresse":"D976","milieu":"Hors agglomération"}},{"type":"Feature","geometry":{"type":"Point","coordinates":[5.40564,43.75554]},"properties":{"annee":2024,"gravite":"mortel","tues":1,"hospitalises":0,"legers":0,"total_blesses":0,"date":"07/06/2024 - 20h19","commune":"84042 - Cucuron","adresse":"D27","milieu":"Hors agglomération"}},{"type":"Feature","geometry":{"type":"Point","coordinates":[5.44156,43.70292]},"properties":{"annee":2024,"gravite":"leger","tues":0,"hospitalises":0,"legers":1,"total_blesses":1,"date":"11/07/2024 - 10h40","commune":"84147 - Villelaure","adresse":"D973 Y","milieu":"Hors agglomération"}},{"type":"Feature","geometry":{"type":"Point","coordinates":[4.87136,43.93693]},"properties":{"annee":2024,"gravite":"leger","tues":0,"hospitalises":0,"legers":1,"total_blesses":1,"date":"22/03/2024 - 17h30","commune":"84007 - Avignon","adresse":"FOLCOAUD (COURS DES FRÈRES)","milieu":"En agglomération"}},{"type":"Feature","geometry":{"type":"Point","coordinates":[4.8062,43.94863]},"properties":{"annee":2024,"gravite":"leger","tues":0,"hospitalises":0,"legers":1,"total_blesses":1,"date":"08/07/2024 - 09h50","commune":"84007 - Avignon","adresse":"CHANGE (PLACE DU)","milieu":"En agglomération"}},{"type":"Feature","geometry":{"type":"Point","coordinates":[4.69434,44.23856]},"properties":{"annee":2024,"gravite":"grave","tues":0,"hospitalises":2,"legers":2,"total_blesses":4,"date":"18/09/2024 - 22h00","commune":"84078 - Mondragon","adresse":"Chemin de l?Île Vieille","milieu":"Hors agglomération"}},{"type":"Feature","geometry":{"type":"Point","coordinates":[5.3677,43.73021]},"properties":{"annee":2024,"gravite":"leger","tues":0,"hospitalises":0,"legers":1,"total_blesses":1,"date":"19/09/2024 - 16h45","commune":"84026 - Cadenet","adresse":"Chemin du Pont de Pile","milieu":"Hors agglomération"}},{"type":"Feature","geometry":{"type":"Point","coordinates":[5.02386,43.9072]},"properties":{"annee":2024,"gravite":"mortel","tues":1,"hospitalises":0,"legers":1,"total_blesses":1,"date":"19/09/2024 - 14h50","commune":"84054 - L'Isle-sur-la-Sorgue","adresse":"D25","milieu":"Hors agglomération"}},{"type":"Feature","geometry":{"type":"Point","coordinates":[4.94205,44.00822]},"properties":{"annee":2024,"gravite":"mortel","tues":1,"hospitalises":0,"legers":0,"total_blesses":0,"date":"13/08/2024 - 03h15","commune":"84043 - Entraigues-sur-la-Sorgue","adresse":"D942","milieu":"Hors agglomération"}},{"type":"Feature","geometry":{"type":"Point","coordinates":[4.80672,44.11102]},"properties":{"annee":2024,"gravite":"leger","tues":0,"hospitalises":0,"legers":1,"total_blesses":1,"date":"11/08/2024 - 23h00","commune":"84087 - Orange","adresse":"ROUTE DE CHATEAUNEUF","milieu":"Hors agglomération"}},{"type":"Feature","geometry":{"type":"Point","coordinates":[5.15044,43.88969]},"properties":{"annee":2024,"gravite":"leger","tues":0,"hospitalises":0,"legers":1,"total_blesses":1,"date":"12/10/2024 - 17h20","commune":"84025 - Cabrières-d'Avignon","adresse":"Grand Geas","milieu":"En agglomération"}},{"type":"Feature","geometry":{"type":"Point","coordinates":[5.11995,43.86735]},"properties":{"annee":2024,"gravite":"grave","tues":0,"hospitalises":1,"legers":1,"total_blesses":2,"date":"05/12/2024 - 14h15","commune":"84099 - Robion","adresse":"CHEMIN DU FOUR À CHAUX","milieu":"Hors agglomération"}},{"type":"Feature","geometry":{"type":"Point","coordinates":[5.01758,44.0031]},"properties":{"annee":2024,"gravite":"grave","tues":0,"hospitalises":1,"legers":1,"total_blesses":2,"date":"25/11/2024 - 17h50","commune":"84088 - Pernes-les-Fontaines","adresse":"Route de la Gasqui","milieu":"Hors agglomération"}},{"type":"Feature","geometry":{"type":"Point","coordinates":[5.04098,43.99059]},"properties":{"annee":2024,"gravite":"grave","tues":0,"hospitalises":1,"legers":0,"total_blesses":1,"date":"04/11/2024 - 11h15","commune":"84088 - Pernes-les-Fontaines","adresse":"697 Route d'Avignon","milieu":"Hors agglomération"}},{"type":"Feature","geometry":{"type":"Point","coordinates":[5.06465,43.85034]},"properties":{"annee":2024,"gravite":"grave","tues":0,"hospitalises":1,"legers":0,"total_blesses":1,"date":"20/12/2024 - 17h00","commune":"84035 - Cavaillon","adresse":"Route de Gordes","milieu":"Hors agglomération"}},{"type":"Feature","geometry":{"type":"Point","coordinates":[5.37552,43.71645]},"properties":{"annee":2024,"gravite":"leger","tues":0,"hospitalises":0,"legers":6,"total_blesses":6,"date":"18/12/2024 - 18h00","commune":"84026 - Cadenet","adresse":"D943","milieu":"Hors agglomération"}},{"type":"Feature","geometry":{"type":"Point","coordinates":[5.09487,44.25323]},"properties":{"annee":2024,"gravite":"grave","tues":0,"hospitalises":1,"legers":0,"total_blesses":1,"date":"17/12/2024 - 11h40","commune":"84116 - Saint-Romain-en-Viennois","adresse":"Route de Nyons","milieu":"En agglomération"}},{"type":"Feature","geometry":{"type":"Point","coordinates":[5.17467,43.83578]},"properties":{"annee":2024,"gravite":"leger","tues":0,"hospitalises":0,"legers":1,"total_blesses":1,"date":"12/12/2024 - 11h45","commune":"84086 - Oppède","adresse":"Route du Four Neuf","milieu":"Hors agglomération"}},{"type":"Feature","geometry":{"type":"Point","coordinates":[5.38311,43.91912]},"properties":{"annee":2024,"gravite":"leger","tues":0,"hospitalises":0,"legers":1,"total_blesses":1,"date":"09/12/2024 - 18h27","commune":"84118 - Saint-Saturnin-lès-Apt","adresse":"D943","milieu":"Hors agglomération"}},{"type":"Feature","geometry":{"type":"Point","coordinates":[4.85806,43.97656]},"properties":{"annee":2024,"gravite":"leger","tues":0,"hospitalises":0,"legers":1,"total_blesses":1,"date":"04/12/2024 - 12h38","commune":"84092 - Le Pontet","adresse":"Route departementale D907","milieu":"Hors agglomération"}},{"type":"Feature","geometry":{"type":"Point","coordinates":[5.13134,43.8706]},"properties":{"annee":2024,"gravite":"leger","tues":0,"hospitalises":0,"legers":1,"total_blesses":1,"date":"25/11/2024 - 18h00","commune":"84099 - Robion","adresse":"Route de Gordes","milieu":"Hors agglomération"}},{"type":"Feature","geometry":{"type":"Point","coordinates":[4.92053,44.00072]},"properties":{"annee":2024,"gravite":"leger","tues":0,"hospitalises":0,"legers":1,"total_blesses":1,"date":"21/11/2024 - 07h20","commune":"84043 - Entraigues-sur-la-Sorgue","adresse":"Route d'Avignon","milieu":"En agglomération"}},{"type":"Feature","geometry":{"type":"Point","coordinates":[4.93958,44.32273]},"properties":{"annee":2024,"gravite":"mortel","tues":1,"hospitalises":0,"legers":0,"total_blesses":0,"date":"19/11/2024 - 18h15","commune":"84150 - Visan","adresse":"D 20 Route de Richerenches","milieu":"Hors agglomération"}},{"type":"Feature","geometry":{"type":"Point","coordinates":[5.14756,43.86813]},"properties":{"annee":2024,"gravite":"leger","tues":0,"hospitalises":0,"legers":2,"total_blesses":2,"date":"10/11/2024 - 14h30","commune":"84025 - Cabrières-d'Avignon","adresse":"297 Route d?Apt","milieu":"En agglomération"}},{"type":"Feature","geometry":{"type":"Point","coordinates":[5.43568,43.90418]},"properties":{"annee":2024,"gravite":"grave","tues":0,"hospitalises":1,"legers":0,"total_blesses":1,"date":"20/10/2024 - 13h00","commune":"84003 - Apt","adresse":"d22","milieu":"Hors agglomération"}},{"type":"Feature","geometry":{"type":"Point","coordinates":[5.26011,43.8598]},"properties":{"annee":2024,"gravite":"grave","tues":0,"hospitalises":2,"legers":0,"total_blesses":2,"date":"29/09/2024 - 14h10","commune":"84051 - Goult","adresse":"D 145","milieu":"Hors agglomération"}},{"type":"Feature","geometry":{"type":"Point","coordinates":[5.15165,44.04475]},"properties":{"annee":2024,"gravite":"grave","tues":0,"hospitalises":1,"legers":0,"total_blesses":1,"date":"11/09/2024 - 09h30","commune":"84072 - Mazan","adresse":"Route de Blauvac","milieu":"Hors agglomération"}},{"type":"Feature","geometry":{"type":"Point","coordinates":[5.10559,44.10709]},"properties":{"annee":2024,"gravite":"grave","tues":0,"hospitalises":1,"legers":0,"total_blesses":1,"date":"28/08/2024 - 12h00","commune":"84030 - Caromb","adresse":"225 Avenue de l?Europe","milieu":"En agglomération"}},{"type":"Feature","geometry":{"type":"Point","coordinates":[4.98983,44.38637]},"properties":{"annee":2024,"gravite":"grave","tues":0,"hospitalises":1,"legers":0,"total_blesses":1,"date":"23/07/2024 - 16h50","commune":"84138 - Valréas","adresse":"18 cours Victor Hugo","milieu":"En agglomération"}},{"type":"Feature","geometry":{"type":"Point","coordinates":[4.8,44.133]},"properties":{"annee":2024,"gravite":"grave","tues":0,"hospitalises":1,"legers":1,"total_blesses":2,"date":"12/12/2024 - 07h50","commune":"84087 - Orange","adresse":"FOCH (AVENUE MARECHAL)","milieu":"En agglomération"}},{"type":"Feature","geometry":{"type":"Point","coordinates":[5.05803,44.03261]},"properties":{"annee":2024,"gravite":"grave","tues":0,"hospitalises":2,"legers":0,"total_blesses":2,"date":"28/11/2024 - 16h30","commune":"84031 - Carpentras","adresse":"COUBERTIN AVENUE PIERRE DE","milieu":"En agglomération"}},{"type":"Feature","geometry":{"type":"Point","coordinates":[5.02353,44.02172]},"properties":{"annee":2024,"gravite":"grave","tues":0,"hospitalises":1,"legers":0,"total_blesses":1,"date":"22/11/2024 - 18h32","commune":"84080 - Monteux","adresse":"PERNES ROUTE DE","milieu":"Hors agglomération"}},{"type":"Feature","geometry":{"type":"Point","coordinates":[5.33263,43.75023]},"properties":{"annee":2024,"gravite":"leger","tues":0,"hospitalises":0,"legers":1,"total_blesses":1,"date":"06/12/2024 - 07h30","commune":"84095 - Puyvert","adresse":"Jas de Puyvert","milieu":"Hors agglomération"}},{"type":"Feature","geometry":{"type":"Point","coordinates":[4.84927,44.11041]},"properties":{"annee":2024,"gravite":"grave","tues":0,"hospitalises":1,"legers":1,"total_blesses":2,"date":"29/11/2024 - 23h40","commune":"84087 - Orange","adresse":"FONTANELLE (CHEMIN)","milieu":"Hors agglomération"}},{"type":"Feature","geometry":{"type":"Point","coordinates":[5.05109,44.03437]},"properties":{"annee":2024,"gravite":"leger","tues":0,"hospitalises":0,"legers":1,"total_blesses":1,"date":"16/02/2024 - 19h30","commune":"84031 - Carpentras","adresse":"EISENHOWER AVENUE DWIGHT","milieu":"En agglomération"}},{"type":"Feature","geometry":{"type":"Point","coordinates":[4.80923,43.92115]},"properties":{"annee":2024,"gravite":"leger","tues":0,"hospitalises":0,"legers":2,"total_blesses":2,"date":"05/06/2024 - 10h30","commune":"84007 - Avignon","adresse":"TARASCON ( Avenue de)","milieu":"En agglomération"}},{"type":"Feature","geometry":{"type":"Point","coordinates":[4.83138,43.93394]},"properties":{"annee":2024,"gravite":"leger","tues":0,"hospitalises":0,"legers":1,"total_blesses":1,"date":"22/10/2024 - 09h40","commune":"84007 - Avignon","adresse":"PIERRE SEMARD (AVENUE)","milieu":"En agglomération"}},{"type":"Feature","geometry":{"type":"Point","coordinates":[4.7576,44.18558]},"properties":{"annee":2024,"gravite":"grave","tues":0,"hospitalises":1,"legers":0,"total_blesses":1,"date":"30/05/2024 - 21h00","commune":"84091 - Piolenc","adresse":"125 Route des Valbonnettes","milieu":"En agglomération"}},{"type":"Feature","geometry":{"type":"Point","coordinates":[5.32951,43.91741]},"properties":{"annee":2024,"gravite":"grave","tues":0,"hospitalises":1,"legers":0,"total_blesses":1,"date":"07/06/2024 - 02h30","commune":"84102 - Roussillon","adresse":"Chemin de Sainte Croix","milieu":"Hors agglomération"}},{"type":"Feature","geometry":{"type":"Point","coordinates":[5.15935,43.99031]},"properties":{"annee":2024,"gravite":"mortel","tues":1,"hospitalises":0,"legers":0,"total_blesses":0,"date":"19/10/2024 - 16h50","commune":"84143 - Venasque","adresse":"Route de l'Appié","milieu":"Hors agglomération"}},{"type":"Feature","geometry":{"type":"Point","coordinates":[4.82222,43.948]},"properties":{"annee":2024,"gravite":"leger","tues":0,"hospitalises":0,"legers":3,"total_blesses":3,"date":"12/03/2024 - 10h00","commune":"84007 - Avignon","adresse":"FOLIE (Avenue de la)","milieu":"En agglomération"}},{"type":"Feature","geometry":{"type":"Point","coordinates":[5.06383,44.23869]},"properties":{"annee":2024,"gravite":"grave","tues":0,"hospitalises":1,"legers":0,"total_blesses":1,"date":"17/09/2024 - 15h25","commune":"84137 - Vaison-la-Romaine","adresse":"Avenue Ulysse Fabre","milieu":"En agglomération"}},{"type":"Feature","geometry":{"type":"Point","coordinates":[5.02267,44.00749]},"properties":{"annee":2024,"gravite":"grave","tues":0,"hospitalises":1,"legers":0,"total_blesses":1,"date":"31/05/2024 - 16h10","commune":"84088 - Pernes-les-Fontaines","adresse":"318 Route de Patris","milieu":"Hors agglomération"}},{"type":"Feature","geometry":{"type":"Point","coordinates":[4.99546,44.03348]},"properties":{"annee":2024,"gravite":"leger","tues":0,"hospitalises":0,"legers":1,"total_blesses":1,"date":"16/09/2024 - 07h20","commune":"84080 - Monteux","adresse":"PASTEUR BOULEVARD","milieu":"En agglomération"}},{"type":"Feature","geometry":{"type":"Point","coordinates":[4.80952,43.92859]},"properties":{"annee":2024,"gravite":"grave","tues":0,"hospitalises":1,"legers":0,"total_blesses":1,"date":"16/09/2024 - 10h45","commune":"84007 - Avignon","adresse":"TARASCON (AVENUE DE)","milieu":"En agglomération"}},{"type":"Feature","geometry":{"type":"Point","coordinates":[4.87891,43.92475]},"properties":{"annee":2024,"gravite":"leger","tues":0,"hospitalises":0,"legers":1,"total_blesses":1,"date":"27/11/2024 - 09h30","commune":"84007 - Avignon","adresse":"PINEDE (AVENUE DE LA) MTF","milieu":"En agglomération"}},{"type":"Feature","geometry":{"type":"Point","coordinates":[4.79405,43.94483]},"properties":{"annee":2024,"gravite":"leger","tues":0,"hospitalises":0,"legers":1,"total_blesses":1,"date":"27/11/2024 - 08h30","commune":"84007 - Avignon","adresse":"EUROPE (PONT DE L')","milieu":"En agglomération"}},{"type":"Feature","geometry":{"type":"Point","coordinates":[4.99878,44.0362]},"properties":{"annee":2024,"gravite":"leger","tues":0,"hospitalises":0,"legers":1,"total_blesses":1,"date":"28/04/2024 - 04h00","commune":"84080 - Monteux","adresse":"VERDUN BOULEVARD DE","milieu":"En agglomération"}},{"type":"Feature","geometry":{"type":"Point","coordinates":[4.85716,44.10546]},"properties":{"annee":2024,"gravite":"grave","tues":0,"hospitalises":1,"legers":0,"total_blesses":1,"date":"17/09/2024 - 14h50","commune":"84039 - Courthézon","adresse":"D907","milieu":"Hors agglomération"}},{"type":"Feature","geometry":{"type":"Point","coordinates":[4.8828,44.0726]},"properties":{"annee":2024,"gravite":"leger","tues":0,"hospitalises":0,"legers":2,"total_blesses":2,"date":"21/02/2024 - 15h30","commune":"84039 - Courthézon","adresse":"A7","milieu":"Hors agglomération"}},{"type":"Feature","geometry":{"type":"Point","coordinates":[4.85152,44.10819]},"properties":{"annee":2024,"gravite":"grave","tues":0,"hospitalises":1,"legers":0,"total_blesses":1,"date":"21/02/2024 - 04h35","commune":"84087 - Orange","adresse":"Autoroute A7 pk 173.100","milieu":"Hors agglomération"}},{"type":"Feature","geometry":{"type":"Point","coordinates":[5.14669,43.86739]},"properties":{"annee":2024,"gravite":"grave","tues":0,"hospitalises":1,"legers":0,"total_blesses":1,"date":"14/02/2024 - 13h00","commune":"84071 - Maubec","adresse":"157 Avenue du Tourail","milieu":"En agglomération"}},{"type":"Feature","geometry":{"type":"Point","coordinates":[4.87264,44.0248]},"properties":{"annee":2024,"gravite":"grave","tues":0,"hospitalises":1,"legers":0,"total_blesses":1,"date":"23/01/2024 - 18h00","commune":"84129 - Sorgues","adresse":"1951 Avenue d'Orange","milieu":"Hors agglomération"}},{"type":"Feature","geometry":{"type":"Point","coordinates":[4.86909,43.99134]},"properties":{"annee":2024,"gravite":"grave","tues":0,"hospitalises":1,"legers":1,"total_blesses":2,"date":"17/01/2024 - 17h45","commune":"84129 - Sorgues","adresse":"Allée de la Traille","milieu":"En agglomération"}},{"type":"Feature","geometry":{"type":"Point","coordinates":[4.84456,44.02404]},"properties":{"annee":2024,"gravite":"grave","tues":0,"hospitalises":1,"legers":0,"total_blesses":1,"date":"12/02/2024 - 07h30","commune":"84129 - Sorgues","adresse":"Chemin de la Lionne","milieu":"Hors agglomération"}},{"type":"Feature","geometry":{"type":"Point","coordinates":[5.34322,43.74273]},"properties":{"annee":2024,"gravite":"leger","tues":0,"hospitalises":0,"legers":1,"total_blesses":1,"date":"05/12/2024 - 18h15","commune":"84095 - Puyvert","adresse":"D139","milieu":"Hors agglomération"}},{"type":"Feature","geometry":{"type":"Point","coordinates":[5.2605,44.12432]},"properties":{"annee":2024,"gravite":"grave","tues":0,"hospitalises":1,"legers":0,"total_blesses":1,"date":"09/08/2024 - 12h50","commune":"84017 - Bédoin","adresse":"Route du Mont-ventoux","milieu":"Hors agglomération"}},{"type":"Feature","geometry":{"type":"Point","coordinates":[5.06252,43.92533]},"properties":{"annee":2024,"gravite":"leger","tues":0,"hospitalises":0,"legers":2,"total_blesses":2,"date":"29/12/2024 - 20h35","commune":"84054 - L'Isle-sur-la-Sorgue","adresse":"675 Cours Fernande Peyre","milieu":"En agglomération"}},{"type":"Feature","geometry":{"type":"Point","coordinates":[5.03726,44.0523]},"properties":{"annee":2024,"gravite":"grave","tues":0,"hospitalises":2,"legers":0,"total_blesses":2,"date":"22/12/2024 - 23h10","commune":"84031 - Carpentras","adresse":"VILLEMARIE AVENUE DE","milieu":"En agglomération"}},{"type":"Feature","geometry":{"type":"Point","coordinates":[5.06741,44.0827]},"properties":{"annee":2024,"gravite":"grave","tues":0,"hospitalises":1,"legers":0,"total_blesses":1,"date":"22/12/2024 - 05h50","commune":"84031 - Carpentras","adresse":"HERMITAGE CHEMIN DE L'","milieu":"En agglomération"}},{"type":"Feature","geometry":{"type":"Point","coordinates":[5.37718,43.71851]},"properties":{"annee":2024,"gravite":"grave","tues":0,"hospitalises":2,"legers":0,"total_blesses":2,"date":"19/12/2024 - 16h05","commune":"84026 - Cadenet","adresse":"D943","milieu":"Hors agglomération"}},{"type":"Feature","geometry":{"type":"Point","coordinates":[5.07117,44.06731]},"properties":{"annee":2024,"gravite":"grave","tues":0,"hospitalises":1,"legers":0,"total_blesses":1,"date":"16/12/2024 - 09h50","commune":"84031 - Carpentras","adresse":"PEYRIERE CHEMIN DE","milieu":"En agglomération"}},{"type":"Feature","geometry":{"type":"Point","coordinates":[5.50483,43.68459]},"properties":{"annee":2024,"gravite":"leger","tues":0,"hospitalises":0,"legers":1,"total_blesses":1,"date":"17/12/2024 - 07h25","commune":"84089 - Pertuis","adresse":"217 rue albert delsome, pertuis","milieu":"En agglomération"}},{"type":"Feature","geometry":{"type":"Point","coordinates":[4.88068,44.23065]},"properties":{"annee":2024,"gravite":"grave","tues":0,"hospitalises":1,"legers":0,"total_blesses":1,"date":"14/11/2024 - 18h00","commune":"84106 - Sainte-Cécile-les-Vignes","adresse":"D 976","milieu":"En agglomération"}},{"type":"Feature","geometry":{"type":"Point","coordinates":[5.06103,44.25097]},"properties":{"annee":2024,"gravite":"grave","tues":0,"hospitalises":1,"legers":0,"total_blesses":1,"date":"30/12/2024 - 11h50","commune":"84137 - Vaison-la-Romaine","adresse":"20 rue du vercors","milieu":"En agglomération"}},{"type":"Feature","geometry":{"type":"Point","coordinates":[4.74593,44.27982]},"properties":{"annee":2024,"gravite":"grave","tues":0,"hospitalises":1,"legers":0,"total_blesses":1,"date":"03/12/2024 - 12h45","commune":"84019 - Bollène","adresse":"Boulevard Leon Gambetta","milieu":"En agglomération"}},{"type":"Feature","geometry":{"type":"Point","coordinates":[5.29939,43.74109]},"properties":{"annee":2024,"gravite":"grave","tues":0,"hospitalises":1,"legers":0,"total_blesses":1,"date":"28/12/2024 - 17h15","commune":"84065 - Lauris","adresse":"Chemin de Roque Hauturiere","milieu":"Hors agglomération"}},{"type":"Feature","geometry":{"type":"Point","coordinates":[5.09594,43.97321]},"properties":{"annee":2024,"gravite":"grave","tues":0,"hospitalises":1,"legers":0,"total_blesses":1,"date":"26/12/2024 - 12h25","commune":"84101 - La Roque-sur-Pernes","adresse":"route de saint antoine","milieu":"Hors agglomération"}},{"type":"Feature","geometry":{"type":"Point","coordinates":[5.38467,43.88051]},"properties":{"annee":2024,"gravite":"grave","tues":0,"hospitalises":1,"legers":0,"total_blesses":1,"date":"13/12/2024 - 20h30","commune":"84003 - Apt","adresse":"809 Avenue Victor Hugo","milieu":"En agglomération"}},{"type":"Feature","geometry":{"type":"Point","coordinates":[4.83156,43.93384]},"properties":{"annee":2024,"gravite":"leger","tues":0,"hospitalises":0,"legers":3,"total_blesses":3,"date":"07/02/2024 - 11h50","commune":"84007 - Avignon","adresse":"PIERRE SEMARD (avenue)","milieu":"En agglomération"}},{"type":"Feature","geometry":{"type":"Point","coordinates":[5.38661,43.87847]},"properties":{"annee":2024,"gravite":"grave","tues":0,"hospitalises":1,"legers":0,"total_blesses":1,"date":"17/11/2024 - 17h40","commune":"84003 - Apt","adresse":"519 Avenue Victor Hugo","milieu":"En agglomération"}},{"type":"Feature","geometry":{"type":"Point","coordinates":[5.38758,43.87606]},"properties":{"annee":2024,"gravite":"grave","tues":0,"hospitalises":1,"legers":0,"total_blesses":1,"date":"14/10/2024 - 16h20","commune":"84003 - Apt","adresse":"435 Avenue Philippe de Girard","milieu":"En agglomération"}},{"type":"Feature","geometry":{"type":"Point","coordinates":[5.38905,43.99183]},"properties":{"annee":2024,"gravite":"leger","tues":0,"hospitalises":0,"legers":1,"total_blesses":1,"date":"31/08/2024 - 17h15","commune":"84118 - Saint-Saturnin-lès-Apt","adresse":"D230","milieu":"Hors agglomération"}},{"type":"Feature","geometry":{"type":"Point","coordinates":[5.01142,43.85898]},"properties":{"annee":2024,"gravite":"grave","tues":0,"hospitalises":1,"legers":1,"total_blesses":2,"date":"20/12/2024 - 16h25","commune":"84035 - Cavaillon","adresse":"AVIGNON-RD973 (ROUTE D')","milieu":"Hors agglomération"}},{"type":"Feature","geometry":{"type":"Point","coordinates":[4.98245,43.96727]},"properties":{"annee":2024,"gravite":"grave","tues":0,"hospitalises":1,"legers":0,"total_blesses":1,"date":"07/12/2024 - 05h45","commune":"84142 - Velleron","adresse":"D146","milieu":"Hors agglomération"}},{"type":"Feature","geometry":{"type":"Point","coordinates":[5.06137,44.09981]},"properties":{"annee":2024,"gravite":"leger","tues":0,"hospitalises":0,"legers":1,"total_blesses":1,"date":"18/10/2024 - 22h35","commune":"84004 - Aubignan","adresse":"route de saint-véran","milieu":"Hors agglomération"}},{"type":"Feature","geometry":{"type":"Point","coordinates":[4.93898,44.10005]},"properties":{"annee":2024,"gravite":"grave","tues":0,"hospitalises":1,"legers":0,"total_blesses":1,"date":"31/08/2024 - 07h00","commune":"84122 - Sarrians","adresse":"2122 Route d'Orange","milieu":"Hors agglomération"}},{"type":"Feature","geometry":{"type":"Point","coordinates":[5.15517,43.99491]},"properties":{"annee":2024,"gravite":"grave","tues":0,"hospitalises":1,"legers":0,"total_blesses":1,"date":"30/09/2024 - 16h55","commune":"84143 - Venasque","adresse":"D4","milieu":"Hors agglomération"}},{"type":"Feature","geometry":{"type":"Point","coordinates":[5.1079,43.85041]},"properties":{"annee":2024,"gravite":"leger","tues":0,"hospitalises":0,"legers":1,"total_blesses":1,"date":"29/09/2024 - 08h30","commune":"84099 - Robion","adresse":"Avenue Jean Giono","milieu":"En agglomération"}},{"type":"Feature","geometry":{"type":"Point","coordinates":[4.87839,43.95312]},"properties":{"annee":2024,"gravite":"grave","tues":0,"hospitalises":1,"legers":0,"total_blesses":1,"date":"13/10/2024 - 20h00","commune":"84092 - Le Pontet","adresse":"D28","milieu":"Hors agglomération"}},{"type":"Feature","geometry":{"type":"Point","coordinates":[4.87082,44.11816]},"properties":{"annee":2024,"gravite":"grave","tues":0,"hospitalises":1,"legers":0,"total_blesses":1,"date":"05/06/2024 - 18h40","commune":"84087 - Orange","adresse":"JONQUIERES (ROUTE DE)","milieu":"Hors agglomération"}},{"type":"Feature","geometry":{"type":"Point","coordinates":[4.83298,43.94639]},"properties":{"annee":2024,"gravite":"leger","tues":0,"hospitalises":0,"legers":1,"total_blesses":1,"date":"21/10/2024 - 18h15","commune":"84007 - Avignon","adresse":"FOLIE (AVENUE DE LA)","milieu":"En agglomération"}},{"type":"Feature","geometry":{"type":"Point","coordinates":[4.92337,43.88903]},"properties":{"annee":2024,"gravite":"leger","tues":0,"hospitalises":0,"legers":1,"total_blesses":1,"date":"21/10/2024 - 13h30","commune":"84034 - Caumont-sur-Durance","adresse":"CAVAILLON (ROUTE DE) MFT","milieu":"Hors agglomération"}},{"type":"Feature","geometry":{"type":"Point","coordinates":[5.04154,44.05077]},"properties":{"annee":2024,"gravite":"leger","tues":0,"hospitalises":0,"legers":1,"total_blesses":1,"date":"19/10/2024 - 18h13","commune":"84031 - Carpentras","adresse":"MISTRAL AVENUE FREDERIC","milieu":"En agglomération"}},{"type":"Feature","geometry":{"type":"Point","coordinates":[5.03534,44.05054]},"properties":{"annee":2024,"gravite":"grave","tues":0,"hospitalises":1,"legers":0,"total_blesses":1,"date":"18/10/2024 - 17h55","commune":"84031 - Carpentras","adresse":"FABRE AVENUE JEAN HENRI","milieu":"En agglomération"}},{"type":"Feature","geometry":{"type":"Point","coordinates":[5.09732,44.25834]},"properties":{"annee":2024,"gravite":"leger","tues":0,"hospitalises":0,"legers":2,"total_blesses":2,"date":"22/03/2024 - 14h00","commune":"84116 - Saint-Romain-en-Viennois","adresse":"Route de Nyons","milieu":"En agglomération"}},{"type":"Feature","geometry":{"type":"Point","coordinates":[5.18901,43.88308]},"properties":{"annee":2024,"gravite":"leger","tues":0,"hospitalises":0,"legers":4,"total_blesses":4,"date":"21/03/2024 - 18h00","commune":"84050 - Gordes","adresse":"1729 D207","milieu":"Hors agglomération"}},{"type":"Feature","geometry":{"type":"Point","coordinates":[4.96835,44.0191]},"properties":{"annee":2024,"gravite":"leger","tues":0,"hospitalises":0,"legers":1,"total_blesses":1,"date":"20/03/2024 - 09h30","commune":"84080 - Monteux","adresse":"BEAULIEU ALLEE DE","milieu":"Hors agglomération"}},{"type":"Feature","geometry":{"type":"Point","coordinates":[4.81678,43.94077]},"properties":{"annee":2024,"gravite":"leger","tues":0,"hospitalises":0,"legers":1,"total_blesses":1,"date":"17/03/2024 - 15h20","commune":"84007 - Avignon","adresse":"TRILLADE (avenue de la )","milieu":"En agglomération"}},{"type":"Feature","geometry":{"type":"Point","coordinates":[5.06689,44.07951]},"properties":{"annee":2024,"gravite":"leger","tues":0,"hospitalises":0,"legers":1,"total_blesses":1,"date":"07/07/2024 - 17h10","commune":"84031 - Carpentras","adresse":"SAINT ROCH AVENUE","milieu":"En agglomération"}},{"type":"Feature","geometry":{"type":"Point","coordinates":[5.00704,44.03588]},"properties":{"annee":2024,"gravite":"leger","tues":0,"hospitalises":0,"legers":1,"total_blesses":1,"date":"06/07/2024 - 13h20","commune":"84080 - Monteux","adresse":"SAINT GENS CHEMIN DE","milieu":"Hors agglomération"}},{"type":"Feature","geometry":{"type":"Point","coordinates":[4.99835,44.03382]},"properties":{"annee":2024,"gravite":"leger","tues":0,"hospitalises":0,"legers":1,"total_blesses":1,"date":"05/07/2024 - 19h15","commune":"84080 - Monteux","adresse":"DAMPEINE BOULEVARD COMMANDANT","milieu":"En agglomération"}},{"type":"Feature","geometry":{"type":"Point","coordinates":[4.94806,44.03472]},"properties":{"annee":2024,"gravite":"leger","tues":0,"hospitalises":0,"legers":1,"total_blesses":1,"date":"05/07/2024 - 16h55","commune":"84080 - Monteux","adresse":"BEDARRIDES ROUTE DE","milieu":"Hors agglomération"}},{"type":"Feature","geometry":{"type":"Point","coordinates":[5.04406,43.84527]},"properties":{"annee":2024,"gravite":"leger","tues":0,"hospitalises":0,"legers":2,"total_blesses":2,"date":"27/11/2024 - 07h00","commune":"84035 - Cavaillon","adresse":"EUROPE (BOULEVARD DE L')","milieu":"En agglomération"}},{"type":"Feature","geometry":{"type":"Point","coordinates":[5.00453,43.90058]},"properties":{"annee":2024,"gravite":"grave","tues":0,"hospitalises":2,"legers":2,"total_blesses":4,"date":"28/04/2024 - 14h30","commune":"84132 - Le Thor","adresse":"Route de Fontaine de Vaucluse","milieu":"Hors agglomération"}},{"type":"Feature","geometry":{"type":"Point","coordinates":[5.12859,44.06338]},"properties":{"annee":2024,"gravite":"grave","tues":0,"hospitalises":1,"legers":0,"total_blesses":1,"date":"15/09/2024 - 12h00","commune":"84072 - Mazan","adresse":"Route de Caromb","milieu":"En agglomération"}},{"type":"Feature","geometry":{"type":"Point","coordinates":[4.80552,43.94255]},"properties":{"annee":2024,"gravite":"leger","tues":0,"hospitalises":0,"legers":1,"total_blesses":1,"date":"09/08/2024 - 21h15","commune":"84007 - Avignon","adresse":"SAINT ROCH (BOULEVARD)","milieu":"En agglomération"}},{"type":"Feature","geometry":{"type":"Point","coordinates":[4.84239,43.94197]},"properties":{"annee":2024,"gravite":"leger","tues":0,"hospitalises":0,"legers":2,"total_blesses":2,"date":"06/08/2024 - 18h15","commune":"84007 - Avignon","adresse":"PETUNIAS (RUE DES)","milieu":"En agglomération"}},{"type":"Feature","geometry":{"type":"Point","coordinates":[4.78379,43.93859]},"properties":{"annee":2024,"gravite":"leger","tues":0,"hospitalises":0,"legers":1,"total_blesses":1,"date":"08/08/2024 - 09h00","commune":"84007 - Avignon","adresse":"C.De GAULLE (Rocade)","milieu":"En agglomération"}},{"type":"Feature","geometry":{"type":"Point","coordinates":[5.05191,44.05443]},"properties":{"annee":2024,"gravite":"leger","tues":0,"hospitalises":0,"legers":1,"total_blesses":1,"date":"27/11/2024 - 11h00","commune":"84031 - Carpentras","adresse":"SAINT LABRE CHEMIN DE","milieu":"En agglomération"}},{"type":"Feature","geometry":{"type":"Point","coordinates":[5.11174,43.87309]},"properties":{"annee":2024,"gravite":"leger","tues":0,"hospitalises":0,"legers":1,"total_blesses":1,"date":"11/11/2024 - 01h30","commune":"84062 - Lagnes","adresse":"D901","milieu":"Hors agglomération"}},{"type":"Feature","geometry":{"type":"Point","coordinates":[5.04447,44.05511]},"properties":{"annee":2024,"gravite":"leger","tues":0,"hospitalises":0,"legers":1,"total_blesses":1,"date":"29/11/2024 - 17h00","commune":"84031 - Carpentras","adresse":"GAMBETTA BOULEVARD","milieu":"En agglomération"}},{"type":"Feature","geometry":{"type":"Point","coordinates":[4.97562,44.02901]},"properties":{"annee":2024,"gravite":"leger","tues":0,"hospitalises":0,"legers":1,"total_blesses":1,"date":"28/11/2024 - 04h30","commune":"84080 - Monteux","adresse":"AVIGNON BOULEVARD D'","milieu":"Hors agglomération"}},{"type":"Feature","geometry":{"type":"Point","coordinates":[5.1857,44.06001]},"properties":{"annee":2024,"gravite":"grave","tues":0,"hospitalises":2,"legers":1,"total_blesses":3,"date":"31/12/2024 - 20h05","commune":"84082 - Mormoiron","adresse":"D942/D183","milieu":"Hors agglomération"}},{"type":"Feature","geometry":{"type":"Point","coordinates":[4.796,43.94383]},"properties":{"annee":2024,"gravite":"leger","tues":0,"hospitalises":0,"legers":1,"total_blesses":1,"date":"03/06/2024 - 18h25","commune":"84007 - Avignon","adresse":"C.De GAULLE (Rocade)","milieu":"En agglomération"}},{"type":"Feature","geometry":{"type":"Point","coordinates":[5.1477,43.99802]},"properties":{"annee":2024,"gravite":"grave","tues":0,"hospitalises":2,"legers":2,"total_blesses":4,"date":"20/10/2024 - 14h33","commune":"84143 - Venasque","adresse":"D4","milieu":"Hors agglomération"}},{"type":"Feature","geometry":{"type":"Point","coordinates":[5.04751,44.05686]},"properties":{"annee":2024,"gravite":"leger","tues":0,"hospitalises":0,"legers":2,"total_blesses":2,"date":"02/06/2024 - 18h45","commune":"84031 - Carpentras","adresse":"Boulevard du Nord","milieu":"En agglomération"}},{"type":"Feature","geometry":{"type":"Point","coordinates":[4.80237,43.9506]},"properties":{"annee":2024,"gravite":"leger","tues":0,"hospitalises":0,"legers":1,"total_blesses":1,"date":"03/06/2024 - 06h30","commune":"84007 - Avignon","adresse":"RHONE (Boulevard du )","milieu":"En agglomération"}},{"type":"Feature","geometry":{"type":"Point","coordinates":[5.65716,43.70609]},"properties":{"annee":2024,"gravite":"mortel","tues":1,"hospitalises":0,"legers":0,"total_blesses":0,"date":"01/06/2024 - 16h15","commune":"84076 - Mirabeau","adresse":"Route de Beaumont","milieu":"En agglomération"}},{"type":"Feature","geometry":{"type":"Point","coordinates":[4.80365,43.94577]},"properties":{"annee":2024,"gravite":"leger","tues":0,"hospitalises":0,"legers":1,"total_blesses":1,"date":"15/10/2024 - 07h45","commune":"84007 - Avignon","adresse":"JOSEPH VERNET (RUE)","milieu":"En agglomération"}},{"type":"Feature","geometry":{"type":"Point","coordinates":[4.84769,43.96019]},"properties":{"annee":2024,"gravite":"grave","tues":0,"hospitalises":1,"legers":1,"total_blesses":2,"date":"21/03/2024 - 13h50","commune":"84092 - Le Pontet","adresse":"D907","milieu":"Hors agglomération"}},{"type":"Feature","geometry":{"type":"Point","coordinates":[4.8,43.92]},"properties":{"annee":2024,"gravite":"leger","tues":0,"hospitalises":0,"legers":1,"total_blesses":1,"date":"18/03/2024 - 22h45","commune":"84007 - Avignon","adresse":"C.De GAULLE (Rocade)","milieu":"En agglomération"}},{"type":"Feature","geometry":{"type":"Point","coordinates":[5.34603,43.78465]},"properties":{"annee":2024,"gravite":"leger","tues":0,"hospitalises":0,"legers":1,"total_blesses":1,"date":"07/07/2024 - 11h55","commune":"84068 - Lourmarin","adresse":"Route départementale 943","milieu":"Hors agglomération"}},{"type":"Feature","geometry":{"type":"Point","coordinates":[5.03661,44.04917]},"properties":{"annee":2024,"gravite":"leger","tues":0,"hospitalises":0,"legers":1,"total_blesses":1,"date":"05/07/2024 - 14h05","commune":"84031 - Carpentras","adresse":"MISTRAL AVENUE FREDERIC","milieu":"En agglomération"}},{"type":"Feature","geometry":{"type":"Point","coordinates":[4.81939,43.95168]},"properties":{"annee":2024,"gravite":"leger","tues":0,"hospitalises":0,"legers":1,"total_blesses":1,"date":"06/07/2024 - 00h55","commune":"84007 - Avignon","adresse":"SAINT LAZARE (Boulevard)","milieu":"En agglomération"}},{"type":"Feature","geometry":{"type":"Point","coordinates":[4.8699,43.93415]},"properties":{"annee":2024,"gravite":"leger","tues":0,"hospitalises":0,"legers":1,"total_blesses":1,"date":"05/07/2024 - 16h15","commune":"84007 - Avignon","adresse":"PRIEURE (RUE DU)","milieu":"En agglomération"}},{"type":"Feature","geometry":{"type":"Point","coordinates":[4.87715,43.92669]},"properties":{"annee":2024,"gravite":"leger","tues":0,"hospitalises":0,"legers":1,"total_blesses":1,"date":"04/07/2024 - 13h06","commune":"84007 - Avignon","adresse":"CARDINAL BERTRAND (Cours)-MONTFAVET","milieu":"En agglomération"}},{"type":"Feature","geometry":{"type":"Point","coordinates":[5.28486,43.75451]},"properties":{"annee":2024,"gravite":"grave","tues":0,"hospitalises":2,"legers":0,"total_blesses":2,"date":"14/07/2024 - 12h35","commune":"84065 - Lauris","adresse":"Chemin de Puget","milieu":"Hors agglomération"}},{"type":"Feature","geometry":{"type":"Point","coordinates":[4.84191,44.16831]},"properties":{"annee":2024,"gravite":"leger","tues":0,"hospitalises":0,"legers":1,"total_blesses":1,"date":"17/06/2024 - 04h45","commune":"84087 - Orange","adresse":"CHAMPLAIN (CHEMIN DE)","milieu":"Hors agglomération"}},{"type":"Feature","geometry":{"type":"Point","coordinates":[5.04362,43.83745]},"properties":{"annee":2024,"gravite":"leger","tues":0,"hospitalises":0,"legers":2,"total_blesses":2,"date":"14/09/2024 - 11h30","commune":"84035 - Cavaillon","adresse":"BELLEVUE (CARREFOUR)","milieu":"En agglomération"}},{"type":"Feature","geometry":{"type":"Point","coordinates":[5.07562,44.04235]},"properties":{"annee":2024,"gravite":"leger","tues":0,"hospitalises":0,"legers":1,"total_blesses":1,"date":"12/11/2024 - 10h10","commune":"84031 - Carpentras","adresse":"LEGUE CHEMIN DE LA","milieu":"Hors agglomération"}},{"type":"Feature","geometry":{"type":"Point","coordinates":[4.818,44.137]},"properties":{"annee":2024,"gravite":"leger","tues":0,"hospitalises":0,"legers":1,"total_blesses":1,"date":"24/04/2024 - 12h20","commune":"84087 - Orange","adresse":"MISTRAL (AVENUE FREDERIC)","milieu":"En agglomération"}},{"type":"Feature","geometry":{"type":"Point","coordinates":[4.86077,43.95016]},"properties":{"annee":2024,"gravite":"leger","tues":0,"hospitalises":0,"legers":1,"total_blesses":1,"date":"08/08/2024 - 15h00","commune":"84007 - Avignon","adresse":"MORIERES (Route de )","milieu":"En agglomération"}},{"type":"Feature","geometry":{"type":"Point","coordinates":[5.26425,43.85828]},"properties":{"annee":2024,"gravite":"mortel","tues":1,"hospitalises":2,"legers":2,"total_blesses":4,"date":"26/04/2024 - 14h55","commune":"84051 - Goult","adresse":"D900 - La mayette","milieu":"Hors agglomération"}},{"type":"Feature","geometry":{"type":"Point","coordinates":[5.05035,44.05337]},"properties":{"annee":2024,"gravite":"leger","tues":0,"hospitalises":0,"legers":1,"total_blesses":1,"date":"06/02/2024 - 16h35","commune":"84031 - Carpentras","adresse":"JAURES AVENUE JEAN","milieu":"En agglomération"}},{"type":"Feature","geometry":{"type":"Point","coordinates":[5.5488,43.89536]},"properties":{"annee":2024,"gravite":"leger","tues":0,"hospitalises":0,"legers":1,"total_blesses":1,"date":"14/09/2024 - 17h25","commune":"84144 - Viens","adresse":"D 190","milieu":"Hors agglomération"}},{"type":"Feature","geometry":{"type":"Point","coordinates":[4.8,44.133]},"properties":{"annee":2024,"gravite":"grave","tues":0,"hospitalises":1,"legers":0,"total_blesses":1,"date":"14/09/2024 - 10h00","commune":"84087 - Orange","adresse":"ROUTE DE CHATEAUNEUF","milieu":"Hors agglomération"}},{"type":"Feature","geometry":{"type":"Point","coordinates":[5.01688,44.28472]},"properties":{"annee":2024,"gravite":"grave","tues":0,"hospitalises":1,"legers":0,"total_blesses":1,"date":"24/10/2024 - 00h15","commune":"84022 - Buisson","adresse":"Route de Villedieu","milieu":"Hors agglomération"}},{"type":"Feature","geometry":{"type":"Point","coordinates":[4.83701,44.13432]},"properties":{"annee":2024,"gravite":"grave","tues":0,"hospitalises":1,"legers":0,"total_blesses":1,"date":"16/10/2024 - 16h40","commune":"84087 - Orange","adresse":"RAMAS (CHEMIN)","milieu":"En agglomération"}},{"type":"Feature","geometry":{"type":"Point","coordinates":[5.07963,44.24282]},"properties":{"annee":2024,"gravite":"grave","tues":0,"hospitalises":1,"legers":0,"total_blesses":1,"date":"11/10/2024 - 10h45","commune":"84137 - Vaison-la-Romaine","adresse":"Avenue des Choralies","milieu":"En agglomération"}},{"type":"Feature","geometry":{"type":"Point","coordinates":[5.09318,44.22321]},"properties":{"annee":2024,"gravite":"leger","tues":0,"hospitalises":0,"legers":1,"total_blesses":1,"date":"07/10/2024 - 18h15","commune":"84040 - Crestet","adresse":"Route de Malaucene","milieu":"Hors agglomération"}},{"type":"Feature","geometry":{"type":"Point","coordinates":[5.06103,44.25097]},"properties":{"annee":2024,"gravite":"grave","tues":0,"hospitalises":1,"legers":0,"total_blesses":1,"date":"05/10/2024 - 09h40","commune":"84137 - Vaison-la-Romaine","adresse":"avenue François miterrand","milieu":"En agglomération"}},{"type":"Feature","geometry":{"type":"Point","coordinates":[4.94806,43.9051]},"properties":{"annee":2024,"gravite":"grave","tues":0,"hospitalises":1,"legers":0,"total_blesses":1,"date":"04/10/2024 - 13h47","commune":"84034 - Caumont-sur-Durance","adresse":"D6","milieu":"Hors agglomération"}},{"type":"Feature","geometry":{"type":"Point","coordinates":[5.39153,43.88019]},"properties":{"annee":2024,"gravite":"grave","tues":0,"hospitalises":1,"legers":1,"total_blesses":2,"date":"28/07/2024 - 00h10","commune":"84003 - Apt","adresse":"Rue Saint-Lazare","milieu":"En agglomération"}},{"type":"Feature","geometry":{"type":"Point","coordinates":[5.50494,43.70655]},"properties":{"annee":2024,"gravite":"leger","tues":0,"hospitalises":0,"legers":1,"total_blesses":1,"date":"22/06/2024 - 10h25","commune":"84089 - Pertuis","adresse":"Route de la Bonde","milieu":"Hors agglomération"}},{"type":"Feature","geometry":{"type":"Point","coordinates":[5.17741,43.86235]},"properties":{"annee":2024,"gravite":"grave","tues":0,"hospitalises":1,"legers":1,"total_blesses":2,"date":"27/09/2024 - 17h30","commune":"84086 - Oppède","adresse":"D900","milieu":"Hors agglomération"}},{"type":"Feature","geometry":{"type":"Point","coordinates":[5.06498,44.05333]},"properties":{"annee":2024,"gravite":"leger","tues":0,"hospitalises":0,"legers":1,"total_blesses":1,"date":"22/08/2024 - 21h00","commune":"84031 - Carpentras","adresse":"OLIVIERS ALLEE DES","milieu":"En agglomération"}},{"type":"Feature","geometry":{"type":"Point","coordinates":[5.247,44.17986]},"properties":{"annee":2024,"gravite":"leger","tues":0,"hospitalises":0,"legers":1,"total_blesses":1,"date":"11/07/2024 - 15h45","commune":"84015 - Beaumont-du-Ventoux","adresse":"D974","milieu":"Hors agglomération"}},{"type":"Feature","geometry":{"type":"Point","coordinates":[4.79491,43.94457]},"properties":{"annee":2024,"gravite":"leger","tues":0,"hospitalises":0,"legers":1,"total_blesses":1,"date":"18/10/2024 - 08h00","commune":"84007 - Avignon","adresse":"EUROPE (PONT DE L')","milieu":"En agglomération"}},{"type":"Feature","geometry":{"type":"Point","coordinates":[4.96636,44.0106]},"properties":{"annee":2024,"gravite":"leger","tues":0,"hospitalises":0,"legers":2,"total_blesses":2,"date":"01/06/2024 - 17h45","commune":"84080 - Monteux","adresse":"BEAUREGARD CHEMIN DE","milieu":"Hors agglomération"}},{"type":"Feature","geometry":{"type":"Point","coordinates":[4.85236,43.93514]},"properties":{"annee":2024,"gravite":"leger","tues":0,"hospitalises":0,"legers":1,"total_blesses":1,"date":"17/03/2024 - 09h00","commune":"84007 - Avignon","adresse":"AMANDIER (Avenue de l')","milieu":"En agglomération"}},{"type":"Feature","geometry":{"type":"Point","coordinates":[5.26645,43.85936]},"properties":{"annee":2024,"gravite":"grave","tues":0,"hospitalises":1,"legers":0,"total_blesses":1,"date":"19/03/2024 - 17h10","commune":"84051 - Goult","adresse":"Rond pont de la mayette D900","milieu":"Hors agglomération"}},{"type":"Feature","geometry":{"type":"Point","coordinates":[4.74416,44.27398]},"properties":{"annee":2024,"gravite":"grave","tues":0,"hospitalises":1,"legers":0,"total_blesses":1,"date":"18/03/2024 - 11h30","commune":"84019 - Bollène","adresse":"Rue Honore Daumier","milieu":"En agglomération"}},{"type":"Feature","geometry":{"type":"Point","coordinates":[4.82043,43.95348]},"properties":{"annee":2024,"gravite":"leger","tues":0,"hospitalises":0,"legers":2,"total_blesses":2,"date":"03/07/2024 - 16h55","commune":"84007 - Avignon","adresse":"DOCTEUR PONS (Route touristique)","milieu":"En agglomération"}},{"type":"Feature","geometry":{"type":"Point","coordinates":[5.37204,44.18244]},"properties":{"annee":2024,"gravite":"leger","tues":0,"hospitalises":0,"legers":1,"total_blesses":1,"date":"15/09/2024 - 16h50","commune":"84125 - Savoillan","adresse":"D40","milieu":"Hors agglomération"}},{"type":"Feature","geometry":{"type":"Point","coordinates":[4.91335,43.92454]},"properties":{"annee":2024,"gravite":"grave","tues":0,"hospitalises":1,"legers":1,"total_blesses":2,"date":"15/09/2024 - 04h15","commune":"84081 - Morières-lès-Avignon","adresse":"PK 195 - AIRE DE MORIERES LES AVIGNON - A7","milieu":"Hors agglomération"}},{"type":"Feature","geometry":{"type":"Point","coordinates":[4.88647,43.9088]},"properties":{"annee":2024,"gravite":"leger","tues":0,"hospitalises":0,"legers":1,"total_blesses":1,"date":"14/09/2024 - 10h00","commune":"84007 - Avignon","adresse":"MARSEILLE (Route de )","milieu":"Hors agglomération"}},{"type":"Feature","geometry":{"type":"Point","coordinates":[5.51962,43.69666]},"properties":{"annee":2024,"gravite":"leger","tues":0,"hospitalises":0,"legers":1,"total_blesses":1,"date":"13/09/2024 - 17h40","commune":"84089 - Pertuis","adresse":"Route de la Bastidonne","milieu":"En agglomération"}},{"type":"Feature","geometry":{"type":"Point","coordinates":[4.79971,43.92368]},"properties":{"annee":2024,"gravite":"leger","tues":0,"hospitalises":0,"legers":1,"total_blesses":1,"date":"12/09/2024 - 19h30","commune":"84007 - Avignon","adresse":"BAIGNE PIEDS (CHEMIN DE)","milieu":"En agglomération"}},{"type":"Feature","geometry":{"type":"Point","coordinates":[5.05225,44.05588]},"properties":{"annee":2024,"gravite":"leger","tues":0,"hospitalises":0,"legers":1,"total_blesses":1,"date":"25/11/2024 - 07h30","commune":"84031 - Carpentras","adresse":"MONT VENTOUX AVENUE DU","milieu":"En agglomération"}},{"type":"Feature","geometry":{"type":"Point","coordinates":[4.81901,43.94341]},"properties":{"annee":2024,"gravite":"leger","tues":0,"hospitalises":0,"legers":1,"total_blesses":1,"date":"24/04/2024 - 22h15","commune":"84007 - Avignon","adresse":"LIBERTE ( Rue de la)","milieu":"En agglomération"}},{"type":"Feature","geometry":{"type":"Point","coordinates":[4.89614,43.95325]},"properties":{"annee":2024,"gravite":"leger","tues":0,"hospitalises":0,"legers":1,"total_blesses":1,"date":"18/08/2024 - 13h40","commune":"84081 - Morières-lès-Avignon","adresse":"Rue Henri Manguin","milieu":"En agglomération"}},{"type":"Feature","geometry":{"type":"Point","coordinates":[4.81712,43.93144]},"properties":{"annee":2024,"gravite":"leger","tues":0,"hospitalises":0,"legers":1,"total_blesses":1,"date":"23/04/2024 - 16h50","commune":"84007 - Avignon","adresse":"REINE JEANNE( Avenue de la )","milieu":"En agglomération"}},{"type":"Feature","geometry":{"type":"Point","coordinates":[5.24266,43.8648]},"properties":{"annee":2024,"gravite":"leger","tues":0,"hospitalises":0,"legers":2,"total_blesses":2,"date":"05/02/2024 - 15h00","commune":"84051 - Goult","adresse":"Chemin de la Bounotte","milieu":"Hors agglomération"}},{"type":"Feature","geometry":{"type":"Point","coordinates":[4.66992,44.26306]},"properties":{"annee":2024,"gravite":"grave","tues":0,"hospitalises":1,"legers":0,"total_blesses":1,"date":"07/08/2024 - 21h00","commune":"84063 - Lamotte-du-Rhône","adresse":"N86","milieu":"Hors agglomération"}},{"type":"Feature","geometry":{"type":"Point","coordinates":[4.81893,43.92949]},"properties":{"annee":2024,"gravite":"leger","tues":0,"hospitalises":0,"legers":1,"total_blesses":1,"date":"04/02/2024 - 17h00","commune":"84007 - Avignon","adresse":"C.De GAULLE (Rocade)","milieu":"En agglomération"}},{"type":"Feature","geometry":{"type":"Point","coordinates":[5.48372,43.68776]},"properties":{"annee":2024,"gravite":"grave","tues":0,"hospitalises":1,"legers":0,"total_blesses":1,"date":"10/08/2024 - 14h45","commune":"84089 - Pertuis","adresse":"départementale 973","milieu":"En agglomération"}},{"type":"Feature","geometry":{"type":"Point","coordinates":[4.8157,43.94311]},"properties":{"annee":2024,"gravite":"mortel","tues":1,"hospitalises":0,"legers":0,"total_blesses":0,"date":"30/12/2024 - 20h35","commune":"84007 - Avignon","adresse":"PIERRE SEMARD (AVENUE)","milieu":"En agglomération"}},{"type":"Feature","geometry":{"type":"Point","coordinates":[4.83313,43.93317]},"properties":{"annee":2024,"gravite":"leger","tues":0,"hospitalises":0,"legers":1,"total_blesses":1,"date":"03/02/2024 - 23h20","commune":"84007 - Avignon","adresse":"PIERRE SEMARD (avenue)","milieu":"Hors agglomération"}},{"type":"Feature","geometry":{"type":"Point","coordinates":[4.81165,43.95352]},"properties":{"annee":2024,"gravite":"leger","tues":0,"hospitalises":0,"legers":1,"total_blesses":1,"date":"03/02/2024 - 14h25","commune":"84007 - Avignon","adresse":"QUAI DE LA LIGNE (Boulevard du)","milieu":"En agglomération"}},{"type":"Feature","geometry":{"type":"Point","coordinates":[5.05572,44.05191]},"properties":{"annee":2024,"gravite":"leger","tues":0,"hospitalises":0,"legers":1,"total_blesses":1,"date":"29/01/2024 - 18h01","commune":"84031 - Carpentras","adresse":"LUNEL ARMAND","milieu":"En agglomération"}},{"type":"Feature","geometry":{"type":"Point","coordinates":[5.04151,44.05241]},"properties":{"annee":2024,"gravite":"leger","tues":0,"hospitalises":0,"legers":1,"total_blesses":1,"date":"26/01/2024 - 10h00","commune":"84031 - Carpentras","adresse":"NAQUET BOULEVARD ALFRED","milieu":"En agglomération"}},{"type":"Feature","geometry":{"type":"Point","coordinates":[5.04902,44.06396]},"properties":{"annee":2024,"gravite":"leger","tues":0,"hospitalises":0,"legers":1,"total_blesses":1,"date":"16/01/2024 - 19h30","commune":"84031 - Carpentras","adresse":"SAINT ROCH AVENUE","milieu":"En agglomération"}},{"type":"Feature","geometry":{"type":"Point","coordinates":[4.80266,43.95109]},"properties":{"annee":2024,"gravite":"leger","tues":0,"hospitalises":0,"legers":1,"total_blesses":1,"date":"02/06/2024 - 01h07","commune":"84007 - Avignon","adresse":"RHONE (Boulevard du )","milieu":"En agglomération"}},{"type":"Feature","geometry":{"type":"Point","coordinates":[5.04286,44.06908]},"properties":{"annee":2024,"gravite":"leger","tues":0,"hospitalises":0,"legers":2,"total_blesses":2,"date":"20/06/2024 - 18h42","commune":"84031 - Carpentras","adresse":"MIRABEAU AVENUE","milieu":"Hors agglomération"}},{"type":"Feature","geometry":{"type":"Point","coordinates":[5.14722,44.15733]},"properties":{"annee":2024,"gravite":"grave","tues":0,"hospitalises":1,"legers":0,"total_blesses":1,"date":"24/06/2024 - 13h00","commune":"84069 - Malaucène","adresse":"CD 974","milieu":"Hors agglomération"}},{"type":"Feature","geometry":{"type":"Point","coordinates":[5.23337,44.1202]},"properties":{"annee":2024,"gravite":"mortel","tues":1,"hospitalises":0,"legers":0,"total_blesses":0,"date":"04/07/2024 - 21h45","commune":"84017 - Bédoin","adresse":"D19 route de la madeleine","milieu":"Hors agglomération"}},{"type":"Feature","geometry":{"type":"Point","coordinates":[5.03223,44.03985]},"properties":{"annee":2024,"gravite":"grave","tues":0,"hospitalises":1,"legers":0,"total_blesses":1,"date":"15/03/2024 - 15h28","commune":"84031 - Carpentras","adresse":"KENNEDY AVENUE JOHN .F.","milieu":"En agglomération"}},{"type":"Feature","geometry":{"type":"Point","coordinates":[4.82894,43.95544]},"properties":{"annee":2024,"gravite":"leger","tues":0,"hospitalises":0,"legers":2,"total_blesses":2,"date":"14/03/2024 - 19h20","commune":"84007 - Avignon","adresse":"JARDINS NEUFS (CHE DES)","milieu":"En agglomération"}},{"type":"Feature","geometry":{"type":"Point","coordinates":[4.81435,43.94709]},"properties":{"annee":2024,"gravite":"leger","tues":0,"hospitalises":0,"legers":1,"total_blesses":1,"date":"30/06/2024 - 11h40","commune":"84007 - Avignon","adresse":"PUY Guillaume ( Rue)","milieu":"En agglomération"}},{"type":"Feature","geometry":{"type":"Point","coordinates":[4.82027,43.92961]},"properties":{"annee":2024,"gravite":"leger","tues":0,"hospitalises":0,"legers":1,"total_blesses":1,"date":"02/07/2024 - 20h05","commune":"84007 - Avignon","adresse":"C.De GAULLE (Rocade)","milieu":"En agglomération"}},{"type":"Feature","geometry":{"type":"Point","coordinates":[5.01435,43.922]},"properties":{"annee":2024,"gravite":"grave","tues":0,"hospitalises":1,"legers":2,"total_blesses":3,"date":"25/11/2024 - 06h55","commune":"84132 - Le Thor","adresse":"1083 toute l'isle sur la sorgue","milieu":"En agglomération"}},{"type":"Feature","geometry":{"type":"Point","coordinates":[5.5017,43.68176]},"properties":{"annee":2024,"gravite":"leger","tues":0,"hospitalises":0,"legers":1,"total_blesses":1,"date":"02/08/2024 - 09h45","commune":"84089 - Pertuis","adresse":"Rue Joseph Cugnot","milieu":"En agglomération"}},{"type":"Feature","geometry":{"type":"Point","coordinates":[5.02773,43.83315]},"properties":{"annee":2024,"gravite":"grave","tues":0,"hospitalises":2,"legers":1,"total_blesses":3,"date":"23/11/2024 - 04h30","commune":"84035 - Cavaillon","adresse":"JAUFFRET (AVENUE ALPHONSE)","milieu":"En agglomération"}},{"type":"Feature","geometry":{"type":"Point","coordinates":[4.86179,43.92456]},"properties":{"annee":2024,"gravite":"leger","tues":0,"hospitalises":0,"legers":2,"total_blesses":2,"date":"23/11/2024 - 23h08","commune":"84007 - Avignon","adresse":"PIERRE BEREGOVOY (AVENUE) MFT","milieu":"Hors agglomération"}},{"type":"Feature","geometry":{"type":"Point","coordinates":[4.8094,43.91763]},"properties":{"annee":2024,"gravite":"leger","tues":0,"hospitalises":0,"legers":1,"total_blesses":1,"date":"22/04/2024 - 13h00","commune":"84007 - Avignon","adresse":"TARASCON ( Avenue de)","milieu":"En agglomération"}},{"type":"Feature","geometry":{"type":"Point","coordinates":[5.02115,44.0686]},"properties":{"annee":2024,"gravite":"grave","tues":0,"hospitalises":2,"legers":3,"total_blesses":5,"date":"23/11/2024 - 21h25","commune":"84067 - Loriol-du-Comtat","adresse":"Route de Carpentras","milieu":"Hors agglomération"}},{"type":"Feature","geometry":{"type":"Point","coordinates":[5.02833,44.07007]},"properties":{"annee":2024,"gravite":"grave","tues":0,"hospitalises":1,"legers":0,"total_blesses":1,"date":"17/04/2024 - 17h46","commune":"84067 - Loriol-du-Comtat","adresse":"Chemin du Canal de Carpentras","milieu":"Hors agglomération"}},{"type":"Feature","geometry":{"type":"Point","coordinates":[4.81384,43.95329]},"properties":{"annee":2024,"gravite":"leger","tues":0,"hospitalises":0,"legers":1,"total_blesses":1,"date":"04/08/2024 - 09h00","commune":"84007 - Avignon","adresse":"QUAI SAINT LAZARE (Bd du)","milieu":"En agglomération"}},{"type":"Feature","geometry":{"type":"Point","coordinates":[5.23337,44.1202]},"properties":{"annee":2024,"gravite":"mortel","tues":1,"hospitalises":2,"legers":0,"total_blesses":2,"date":"31/12/2024 - 13h23","commune":"84017 - Bédoin","adresse":"D974","milieu":"Hors agglomération"}},{"type":"Feature","geometry":{"type":"Point","coordinates":[5.10971,44.08281]},"properties":{"annee":2024,"gravite":"grave","tues":0,"hospitalises":1,"legers":0,"total_blesses":1,"date":"06/08/2024 - 05h00","commune":"84030 - Caromb","adresse":"D974","milieu":"Hors agglomération"}},{"type":"Feature","geometry":{"type":"Point","coordinates":[5.04876,44.06024]},"properties":{"annee":2024,"gravite":"grave","tues":0,"hospitalises":1,"legers":0,"total_blesses":1,"date":"17/08/2024 - 09h50","commune":"84031 - Carpentras","adresse":"NOTRE DAME DE SANTE AVENUE","milieu":"En agglomération"}},{"type":"Feature","geometry":{"type":"Point","coordinates":[5.02397,44.04632]},"properties":{"annee":2024,"gravite":"leger","tues":0,"hospitalises":0,"legers":4,"total_blesses":4,"date":"15/08/2024 - 09h47","commune":"84031 - Carpentras","adresse":"D942","milieu":"Hors agglomération"}},{"type":"Feature","geometry":{"type":"Point","coordinates":[5.04506,44.05453]},"properties":{"annee":2024,"gravite":"leger","tues":0,"hospitalises":0,"legers":1,"total_blesses":1,"date":"11/08/2024 - 20h45","commune":"84031 - Carpentras","adresse":"DURAND BOULEVARD ALBIN","milieu":"En agglomération"}},{"type":"Feature","geometry":{"type":"Point","coordinates":[4.96907,44.03035]},"properties":{"annee":2024,"gravite":"grave","tues":0,"hospitalises":1,"legers":0,"total_blesses":1,"date":"19/08/2024 - 07h49","commune":"84080 - Monteux","adresse":"ROULIERS CHEMIN DES","milieu":"En agglomération"}},{"type":"Feature","geometry":{"type":"Point","coordinates":[5.03913,44.06083]},"properties":{"annee":2024,"gravite":"leger","tues":0,"hospitalises":0,"legers":1,"total_blesses":1,"date":"03/08/2024 - 16h40","commune":"84031 - Carpentras","adresse":"D942","milieu":"Hors agglomération"}},{"type":"Feature","geometry":{"type":"Point","coordinates":[5.08738,44.07368]},"properties":{"annee":2024,"gravite":"leger","tues":0,"hospitalises":0,"legers":1,"total_blesses":1,"date":"02/08/2024 - 21h40","commune":"84031 - Carpentras","adresse":"ROUTE DE BEDOIN","milieu":"En agglomération"}},{"type":"Feature","geometry":{"type":"Point","coordinates":[4.99792,44.03354]},"properties":{"annee":2024,"gravite":"leger","tues":0,"hospitalises":0,"legers":1,"total_blesses":1,"date":"01/08/2024 - 10h24","commune":"84080 - Monteux","adresse":"TREWEY BOULEVARD","milieu":"En agglomération"}},{"type":"Feature","geometry":{"type":"Point","coordinates":[5.05849,44.07352]},"properties":{"annee":2024,"gravite":"grave","tues":0,"hospitalises":1,"legers":0,"total_blesses":1,"date":"23/07/2024 - 04h40","commune":"84031 - Carpentras","adresse":"SAINT ROCH AVENUE","milieu":"Hors agglomération"}},{"type":"Feature","geometry":{"type":"Point","coordinates":[5.50075,43.68189]},"properties":{"annee":2024,"gravite":"leger","tues":0,"hospitalises":0,"legers":2,"total_blesses":2,"date":"20/07/2024 - 15h51","commune":"84089 - Pertuis","adresse":"Route d?Aix","milieu":"En agglomération"}},{"type":"Feature","geometry":{"type":"Point","coordinates":[4.93745,44.13645]},"properties":{"annee":2024,"gravite":"grave","tues":0,"hospitalises":1,"legers":0,"total_blesses":1,"date":"13/03/2024 - 15h03","commune":"84056 - Jonquières","adresse":"Route de Violès","milieu":"Hors agglomération"}},{"type":"Feature","geometry":{"type":"Point","coordinates":[4.81386,43.95325]},"properties":{"annee":2024,"gravite":"leger","tues":0,"hospitalises":0,"legers":1,"total_blesses":1,"date":"13/10/2024 - 02h00","commune":"84007 - Avignon","adresse":"QUAI DE LA LIGNE (BOULEVARD DU)","milieu":"En agglomération"}},{"type":"Feature","geometry":{"type":"Point","coordinates":[5.39365,43.87676]},"properties":{"annee":2024,"gravite":"leger","tues":0,"hospitalises":0,"legers":1,"total_blesses":1,"date":"01/06/2024 - 14h10","commune":"84003 - Apt","adresse":"Quai de la Liberté","milieu":"En agglomération"}},{"type":"Feature","geometry":{"type":"Point","coordinates":[5.0333,43.85122]},"properties":{"annee":2024,"gravite":"leger","tues":0,"hospitalises":0,"legers":1,"total_blesses":1,"date":"14/10/2024 - 15h30","commune":"84035 - Cavaillon","adresse":"MERIMEE (AVENUE PROSPER)","milieu":"En agglomération"}},{"type":"Feature","geometry":{"type":"Point","coordinates":[4.79623,43.94389]},"properties":{"annee":2024,"gravite":"leger","tues":0,"hospitalises":0,"legers":1,"total_blesses":1,"date":"15/10/2024 - 17h10","commune":"84007 - Avignon","adresse":"EUROPE (PONT DE L')","milieu":"En agglomération"}},{"type":"Feature","geometry":{"type":"Point","coordinates":[4.811,44.135]},"properties":{"annee":2024,"gravite":"leger","tues":0,"hospitalises":0,"legers":1,"total_blesses":1,"date":"13/03/2024 - 16h40","commune":"84087 - Orange","adresse":"POURTOULES (COURS)","milieu":"En agglomération"}},{"type":"Feature","geometry":{"type":"Point","coordinates":[4.88913,43.91594]},"properties":{"annee":2024,"gravite":"leger","tues":0,"hospitalises":0,"legers":1,"total_blesses":1,"date":"14/03/2024 - 00h55","commune":"84007 - Avignon","adresse":"AERODROME  (ROUTE DE L')-MONTFAVET","milieu":"En agglomération"}},{"type":"Feature","geometry":{"type":"Point","coordinates":[4.82095,43.92962]},"properties":{"annee":2024,"gravite":"leger","tues":0,"hospitalises":0,"legers":2,"total_blesses":2,"date":"13/03/2024 - 05h20","commune":"84007 - Avignon","adresse":"CHARLES DE GAULLE","milieu":"En agglomération"}},{"type":"Feature","geometry":{"type":"Point","coordinates":[5.05046,44.03745]},"properties":{"annee":2024,"gravite":"leger","tues":0,"hospitalises":0,"legers":1,"total_blesses":1,"date":"01/07/2024 - 17h20","commune":"84031 - Carpentras","adresse":"EISENHOWER AVENUE DWIGHT","milieu":"En agglomération"}},{"type":"Feature","geometry":{"type":"Point","coordinates":[5.03854,44.04999]},"properties":{"annee":2024,"gravite":"leger","tues":0,"hospitalises":0,"legers":1,"total_blesses":1,"date":"22/11/2024 - 19h20","commune":"84031 - Carpentras","adresse":"MISTRAL AVENUE FREDERIC","milieu":"En agglomération"}},{"type":"Feature","geometry":{"type":"Point","coordinates":[4.81265,43.92911]},"properties":{"annee":2024,"gravite":"leger","tues":0,"hospitalises":0,"legers":1,"total_blesses":1,"date":"22/11/2024 - 16h15","commune":"84007 - Avignon","adresse":"CABRIERE (AVENUE DE LA)","milieu":"En agglomération"}},{"type":"Feature","geometry":{"type":"Point","coordinates":[4.85781,44.1797]},"properties":{"annee":2024,"gravite":"grave","tues":0,"hospitalises":1,"legers":0,"total_blesses":1,"date":"21/04/2024 - 16h10","commune":"84127 - Sérignan-du-Comtat","adresse":"Chemin de la Grande Garrigue","milieu":"En agglomération"}},{"type":"Feature","geometry":{"type":"Point","coordinates":[5.05222,44.02622]},"properties":{"annee":2024,"gravite":"grave","tues":0,"hospitalises":1,"legers":0,"total_blesses":1,"date":"06/09/2024 - 09h20","commune":"84088 - Pernes-les-Fontaines","adresse":"ZA Prato 2 (Zone industrielle)","milieu":"Hors agglomération"}},{"type":"Feature","geometry":{"type":"Point","coordinates":[4.81178,43.92876]},"properties":{"annee":2024,"gravite":"leger","tues":0,"hospitalises":0,"legers":1,"total_blesses":1,"date":"19/04/2024 - 22h10","commune":"84007 - Avignon","adresse":"C.De GAULLE (Rocade)","milieu":"En agglomération"}},{"type":"Feature","geometry":{"type":"Point","coordinates":[4.80189,43.94996]},"properties":{"annee":2024,"gravite":"leger","tues":0,"hospitalises":0,"legers":1,"total_blesses":1,"date":"01/02/2024 - 22h00","commune":"84007 - Avignon","adresse":"OULLE (Boulevard de l')","milieu":"En agglomération"}},{"type":"Feature","geometry":{"type":"Point","coordinates":[5.12887,44.06259]},"properties":{"annee":2024,"gravite":"leger","tues":0,"hospitalises":0,"legers":2,"total_blesses":2,"date":"05/08/2024 - 11h20","commune":"84072 - Mazan","adresse":"d 70 la venue de caromb","milieu":"Hors agglomération"}},{"type":"Feature","geometry":{"type":"Point","coordinates":[5.00476,43.90068]},"properties":{"annee":2024,"gravite":"leger","tues":0,"hospitalises":0,"legers":1,"total_blesses":1,"date":"15/10/2024 - 17h30","commune":"84132 - Le Thor","adresse":"810 Route de Fontaine de Vaucluse","milieu":"Hors agglomération"}},{"type":"Feature","geometry":{"type":"Point","coordinates":[4.81993,43.95065]},"properties":{"annee":2024,"gravite":"leger","tues":0,"hospitalises":0,"legers":1,"total_blesses":1,"date":"14/10/2024 - 19h30","commune":"84007 - Avignon","adresse":"SAINT LAZARE (PLACE)","milieu":"En agglomération"}},{"type":"Feature","geometry":{"type":"Point","coordinates":[5.24825,44.11957]},"properties":{"annee":2024,"gravite":"grave","tues":0,"hospitalises":1,"legers":0,"total_blesses":1,"date":"29/06/2024 - 14h15","commune":"84017 - Bédoin","adresse":"Départementale 974","milieu":"Hors agglomération"}},{"type":"Feature","geometry":{"type":"Point","coordinates":[4.88534,43.9167]},"properties":{"annee":2024,"gravite":"leger","tues":0,"hospitalises":0,"legers":1,"total_blesses":1,"date":"20/11/2024 - 13h00","commune":"84007 - Avignon","adresse":"AERODROME  (ROUTE DE L') MFT","milieu":"En agglomération"}},{"type":"Feature","geometry":{"type":"Point","coordinates":[5.54217,43.72163]},"properties":{"annee":2024,"gravite":"leger","tues":0,"hospitalises":0,"legers":1,"total_blesses":1,"date":"25/06/2024 - 08h20","commune":"84133 - La Tour-d'Aigues","adresse":"428 Boulevard de Saint Roch","milieu":"En agglomération"}},{"type":"Feature","geometry":{"type":"Point","coordinates":[4.98313,44.00765]},"properties":{"annee":2024,"gravite":"grave","tues":0,"hospitalises":1,"legers":0,"total_blesses":1,"date":"31/07/2024 - 11h50","commune":"84080 - Monteux","adresse":"GRANDREAU CHEMIN DE","milieu":"Hors agglomération"}},{"type":"Feature","geometry":{"type":"Point","coordinates":[4.90308,43.9397]},"properties":{"annee":2024,"gravite":"grave","tues":0,"hospitalises":1,"legers":0,"total_blesses":1,"date":"18/07/2024 - 13h30","commune":"84081 - Morières-lès-Avignon","adresse":"Avenue Aristide Briand","milieu":"En agglomération"}},{"type":"Feature","geometry":{"type":"Point","coordinates":[5.0422,44.05431]},"properties":{"annee":2024,"gravite":"leger","tues":0,"hospitalises":0,"legers":1,"total_blesses":1,"date":"18/07/2024 - 12h10","commune":"84031 - Carpentras","adresse":"PETRARQUE AVENUE","milieu":"En agglomération"}},{"type":"Feature","geometry":{"type":"Point","coordinates":[5.03901,43.97427]},"properties":{"annee":2024,"gravite":"grave","tues":0,"hospitalises":1,"legers":0,"total_blesses":1,"date":"02/07/2024 - 15h25","commune":"84142 - Velleron","adresse":"D938 - route de carpentras","milieu":"Hors agglomération"}},{"type":"Feature","geometry":{"type":"Point","coordinates":[4.77583,44.14545]},"properties":{"annee":2024,"gravite":"leger","tues":0,"hospitalises":0,"legers":2,"total_blesses":2,"date":"06/09/2024 - 13h20","commune":"84087 - Orange","adresse":"A7","milieu":"Hors agglomération"}},{"type":"Feature","geometry":{"type":"Point","coordinates":[5.39717,43.87377]},"properties":{"annee":2024,"gravite":"grave","tues":0,"hospitalises":1,"legers":0,"total_blesses":1,"date":"10/09/2024 - 20h54","commune":"84003 - Apt","adresse":"Boulevard National","milieu":"En agglomération"}},{"type":"Feature","geometry":{"type":"Point","coordinates":[5.02027,43.97089]},"properties":{"annee":2024,"gravite":"grave","tues":0,"hospitalises":1,"legers":0,"total_blesses":1,"date":"23/12/2024 - 10h50","commune":"84142 - Velleron","adresse":"D31","milieu":"Hors agglomération"}},{"type":"Feature","geometry":{"type":"Point","coordinates":[4.82795,43.93628]},"properties":{"annee":2024,"gravite":"leger","tues":0,"hospitalises":0,"legers":1,"total_blesses":1,"date":"30/07/2024 - 17h00","commune":"84007 - Avignon","adresse":"PIERRE SEMARD (avenue)","milieu":"En agglomération"}},{"type":"Feature","geometry":{"type":"Point","coordinates":[4.829,43.948]},"properties":{"annee":2024,"gravite":"leger","tues":0,"hospitalises":0,"legers":1,"total_blesses":1,"date":"01/08/2024 - 15h20","commune":"84007 - Avignon","adresse":"JEAN BOCCACE (AVENUE)","milieu":"En agglomération"}},{"type":"Feature","geometry":{"type":"Point","coordinates":[4.82511,44.14428]},"properties":{"annee":2024,"gravite":"leger","tues":0,"hospitalises":0,"legers":1,"total_blesses":1,"date":"28/05/2024 - 20h30","commune":"84087 - Orange","adresse":"CAMARET (ROUTE DE)","milieu":"Hors agglomération"}},{"type":"Feature","geometry":{"type":"Point","coordinates":[4.81581,43.94302]},"properties":{"annee":2024,"gravite":"leger","tues":0,"hospitalises":0,"legers":1,"total_blesses":1,"date":"23/05/2024 - 20h00","commune":"84007 - Avignon","adresse":"PIERRE SEMARD (avenue)","milieu":"En agglomération"}},{"type":"Feature","geometry":{"type":"Point","coordinates":[5.06238,43.93052]},"properties":{"annee":2024,"gravite":"grave","tues":0,"hospitalises":1,"legers":0,"total_blesses":1,"date":"14/10/2024 - 18h00","commune":"84054 - L'Isle-sur-la-Sorgue","adresse":"Route de Carpentras","milieu":"En agglomération"}},{"type":"Feature","geometry":{"type":"Point","coordinates":[5.44032,43.77173]},"properties":{"annee":2024,"gravite":"grave","tues":0,"hospitalises":1,"legers":0,"total_blesses":1,"date":"24/06/2024 - 16h00","commune":"84042 - Cucuron","adresse":"Boulevard du Sud","milieu":"En agglomération"}},{"type":"Feature","geometry":{"type":"Point","coordinates":[4.91563,43.88997]},"properties":{"annee":2024,"gravite":"leger","tues":0,"hospitalises":0,"legers":4,"total_blesses":4,"date":"13/10/2024 - 01h35","commune":"84007 - Avignon","adresse":"129 (RN) MFT","milieu":"Hors agglomération"}},{"type":"Feature","geometry":{"type":"Point","coordinates":[4.82222,43.94804]},"properties":{"annee":2024,"gravite":"leger","tues":0,"hospitalises":0,"legers":1,"total_blesses":1,"date":"12/03/2024 - 13h04","commune":"84007 - Avignon","adresse":"OULLE (Boulevard de l')","milieu":"En agglomération"}},{"type":"Feature","geometry":{"type":"Point","coordinates":[4.80545,43.94557]},"properties":{"annee":2024,"gravite":"grave","tues":0,"hospitalises":1,"legers":0,"total_blesses":1,"date":"19/11/2024 - 10h55","commune":"84007 - Avignon","adresse":"RÉPUBLIQUE (RUE DE LA)","milieu":"En agglomération"}},{"type":"Feature","geometry":{"type":"Point","coordinates":[4.97009,44.08658]},"properties":{"annee":2024,"gravite":"grave","tues":0,"hospitalises":1,"legers":0,"total_blesses":1,"date":"13/03/2024 - 08h48","commune":"84122 - Sarrians","adresse":"D 950","milieu":"En agglomération"}},{"type":"Feature","geometry":{"type":"Point","coordinates":[5.1322,44.27212]},"properties":{"annee":2024,"gravite":"grave","tues":0,"hospitalises":1,"legers":0,"total_blesses":1,"date":"20/11/2024 - 14h45","commune":"84094 - Puyméras","adresse":"D71","milieu":"Hors agglomération"}},{"type":"Feature","geometry":{"type":"Point","coordinates":[4.71016,44.2492]},"properties":{"annee":2024,"gravite":"grave","tues":0,"hospitalises":1,"legers":0,"total_blesses":1,"date":"21/11/2024 - 16h45","commune":"84078 - Mondragon","adresse":"A7","milieu":"Hors agglomération"}},{"type":"Feature","geometry":{"type":"Point","coordinates":[4.83812,43.95471]},"properties":{"annee":2024,"gravite":"leger","tues":0,"hospitalises":0,"legers":1,"total_blesses":1,"date":"08/09/2024 - 09h13","commune":"84092 - Le Pontet","adresse":"LYON (ROUTE DE )","milieu":"En agglomération"}},{"type":"Feature","geometry":{"type":"Point","coordinates":[5.19244,43.75325]},"properties":{"annee":2024,"gravite":"mortel","tues":1,"hospitalises":0,"legers":0,"total_blesses":0,"date":"31/01/2024 - 07h25","commune":"84074 - Mérindol","adresse":"RD973","milieu":"En agglomération"}},{"type":"Feature","geometry":{"type":"Point","coordinates":[4.70146,44.272]},"properties":{"annee":2024,"gravite":"leger","tues":0,"hospitalises":0,"legers":2,"total_blesses":2,"date":"03/08/2024 - 03h05","commune":"84019 - Bollène","adresse":"N86","milieu":"Hors agglomération"}},{"type":"Feature","geometry":{"type":"Point","coordinates":[4.82712,43.94091]},"properties":{"annee":2024,"gravite":"grave","tues":0,"hospitalises":1,"legers":0,"total_blesses":1,"date":"29/01/2024 - 23h45","commune":"84007 - Avignon","adresse":"MONTFAVET (Route)","milieu":"En agglomération"}},{"type":"Feature","geometry":{"type":"Point","coordinates":[4.88125,43.95294]},"properties":{"annee":2024,"gravite":"grave","tues":0,"hospitalises":1,"legers":0,"total_blesses":1,"date":"28/01/2024 - 19h10","commune":"84092 - Le Pontet","adresse":"SAINT SATURNIN (ROUTE DE)-MONTFAVET","milieu":"Hors agglomération"}},{"type":"Feature","geometry":{"type":"Point","coordinates":[4.83429,43.9462]},"properties":{"annee":2024,"gravite":"leger","tues":0,"hospitalises":0,"legers":1,"total_blesses":1,"date":"01/08/2024 - 18h15","commune":"84007 - Avignon","adresse":"FOLIE (Avenue de la)","milieu":"En agglomération"}},{"type":"Feature","geometry":{"type":"Point","coordinates":[4.70754,44.31657]},"properties":{"annee":2024,"gravite":"leger","tues":0,"hospitalises":0,"legers":2,"total_blesses":2,"date":"05/07/2024 - 19h30","commune":"84064 - Lapalud","adresse":"D204","milieu":"Hors agglomération"}},{"type":"Feature","geometry":{"type":"Point","coordinates":[5.21328,44.12121]},"properties":{"annee":2024,"gravite":"mortel","tues":1,"hospitalises":0,"legers":0,"total_blesses":0,"date":"28/05/2024 - 14h45","commune":"84017 - Bédoin","adresse":"Départementale 974","milieu":"Hors agglomération"}},{"type":"Feature","geometry":{"type":"Point","coordinates":[5.30905,43.86574]},"properties":{"annee":2024,"gravite":"mortel","tues":1,"hospitalises":1,"legers":0,"total_blesses":1,"date":"29/05/2024 - 10h40","commune":"84020 - Bonnieux","adresse":"D900","milieu":"Hors agglomération"}},{"type":"Feature","geometry":{"type":"Point","coordinates":[4.832,43.9377]},"properties":{"annee":2024,"gravite":"leger","tues":0,"hospitalises":0,"legers":2,"total_blesses":2,"date":"27/05/2024 - 18h00","commune":"84007 - Avignon","adresse":"CHARLES DE GAULLE","milieu":"En agglomération"}},{"type":"Feature","geometry":{"type":"Point","coordinates":[4.8896,43.92041]},"properties":{"annee":2024,"gravite":"leger","tues":0,"hospitalises":0,"legers":1,"total_blesses":1,"date":"11/10/2024 - 23h35","commune":"84007 - Avignon","adresse":"LUCIE AUBRAC (RUE)","milieu":"Hors agglomération"}},{"type":"Feature","geometry":{"type":"Point","coordinates":[5.37912,43.76297]},"properties":{"annee":2024,"gravite":"grave","tues":0,"hospitalises":1,"legers":0,"total_blesses":1,"date":"13/10/2024 - 16h15","commune":"84068 - Lourmarin","adresse":"D27","milieu":"Hors agglomération"}},{"type":"Feature","geometry":{"type":"Point","coordinates":[4.81302,43.92887]},"properties":{"annee":2024,"gravite":"grave","tues":0,"hospitalises":1,"legers":0,"total_blesses":1,"date":"11/10/2024 - 19h10","commune":"84007 - Avignon","adresse":"C.DE GAULLE (ROCADE)","milieu":"En agglomération"}},{"type":"Feature","geometry":{"type":"Point","coordinates":[4.8491,43.93711]},"properties":{"annee":2024,"gravite":"grave","tues":0,"hospitalises":1,"legers":0,"total_blesses":1,"date":"11/10/2024 - 14h30","commune":"84007 - Avignon","adresse":"AMANDIER (AVENUE DE L')","milieu":"En agglomération"}},{"type":"Feature","geometry":{"type":"Point","coordinates":[4.78148,43.92099]},"properties":{"annee":2024,"gravite":"leger","tues":0,"hospitalises":0,"legers":2,"total_blesses":2,"date":"10/10/2024 - 08h55","commune":"84007 - Avignon","adresse":"LEO   (RN1007)","milieu":"Hors agglomération"}},{"type":"Feature","geometry":{"type":"Point","coordinates":[5.05011,44.05728]},"properties":{"annee":2024,"gravite":"leger","tues":0,"hospitalises":0,"legers":1,"total_blesses":1,"date":"17/02/2024 - 19h30","commune":"84031 - Carpentras","adresse":"OBSERVANTINS DES","milieu":"En agglomération"}},{"type":"Feature","geometry":{"type":"Point","coordinates":[4.80079,44.1989]},"properties":{"annee":2024,"gravite":"leger","tues":0,"hospitalises":0,"legers":1,"total_blesses":1,"date":"29/06/2024 - 20h30","commune":"84135 - Uchaux","adresse":"2105 Route d'Orange","milieu":"Hors agglomération"}},{"type":"Feature","geometry":{"type":"Point","coordinates":[5.0891,43.87483]},"properties":{"annee":2024,"gravite":"grave","tues":0,"hospitalises":2,"legers":0,"total_blesses":2,"date":"12/03/2024 - 08h20","commune":"84099 - Robion","adresse":"chemin de Romieu","milieu":"Hors agglomération"}},{"type":"Feature","geometry":{"type":"Point","coordinates":[5.50043,43.68205]},"properties":{"annee":2024,"gravite":"leger","tues":0,"hospitalises":0,"legers":1,"total_blesses":1,"date":"18/11/2024 - 10h05","commune":"84089 - Pertuis","adresse":"Route d?Aix- rond   point  d'Herborn","milieu":"En agglomération"}},{"type":"Feature","geometry":{"type":"Point","coordinates":[4.91483,43.88931]},"properties":{"annee":2024,"gravite":"leger","tues":0,"hospitalises":0,"legers":1,"total_blesses":1,"date":"17/04/2024 - 14h25","commune":"84007 - Avignon","adresse":"CAVAILLON (Route de Cavaillon)-MONTFAVET","milieu":"Hors agglomération"}},{"type":"Feature","geometry":{"type":"Point","coordinates":[5.33157,44.05165]},"properties":{"annee":2024,"gravite":"grave","tues":0,"hospitalises":1,"legers":0,"total_blesses":1,"date":"28/01/2024 - 16h50","commune":"84079 - Monieux","adresse":"RD 942","milieu":"Hors agglomération"}},{"type":"Feature","geometry":{"type":"Point","coordinates":[5.04657,43.89697]},"properties":{"annee":2024,"gravite":"grave","tues":0,"hospitalises":1,"legers":0,"total_blesses":1,"date":"30/01/2024 - 18h10","commune":"84054 - L'Isle-sur-la-Sorgue","adresse":"Chemin des Calades","milieu":"Hors agglomération"}},{"type":"Feature","geometry":{"type":"Point","coordinates":[5.053,43.819]},"properties":{"annee":2024,"gravite":"grave","tues":0,"hospitalises":1,"legers":0,"total_blesses":1,"date":"27/01/2024 - 05h50","commune":"84035 - Cavaillon","adresse":"BOSCODOMINI (AVENUE)","milieu":"Hors agglomération"}},{"type":"Feature","geometry":{"type":"Point","coordinates":[5.03078,44.05611]},"properties":{"annee":2024,"gravite":"leger","tues":0,"hospitalises":0,"legers":1,"total_blesses":1,"date":"31/07/2024 - 13h00","commune":"84031 - Carpentras","adresse":"D942","milieu":"Hors agglomération"}},{"type":"Feature","geometry":{"type":"Point","coordinates":[5.06307,44.09944]},"properties":{"annee":2024,"gravite":"grave","tues":0,"hospitalises":1,"legers":0,"total_blesses":1,"date":"01/08/2024 - 09h48","commune":"84004 - Aubignan","adresse":"D55","milieu":"Hors agglomération"}},{"type":"Feature","geometry":{"type":"Point","coordinates":[4.84306,43.95246]},"properties":{"annee":2024,"gravite":"leger","tues":0,"hospitalises":0,"legers":1,"total_blesses":1,"date":"31/07/2024 - 17h00","commune":"84007 - Avignon","adresse":"MORIERES (Route de )","milieu":"En agglomération"}},{"type":"Feature","geometry":{"type":"Point","coordinates":[4.91649,43.8914]},"properties":{"annee":2024,"gravite":"leger","tues":0,"hospitalises":0,"legers":2,"total_blesses":2,"date":"06/09/2024 - 15h00","commune":"84007 - Avignon","adresse":"A7D","milieu":"Hors agglomération"}},{"type":"Feature","geometry":{"type":"Point","coordinates":[5.10731,44.25831]},"properties":{"annee":2024,"gravite":"grave","tues":0,"hospitalises":1,"legers":0,"total_blesses":1,"date":"25/06/2024 - 11h00","commune":"84116 - Saint-Romain-en-Viennois","adresse":"Avenue de Verdun","milieu":"En agglomération"}},{"type":"Feature","geometry":{"type":"Point","coordinates":[5.06233,44.06404]},"properties":{"annee":2024,"gravite":"grave","tues":0,"hospitalises":2,"legers":0,"total_blesses":2,"date":"15/01/2024 - 19h05","commune":"84031 - Carpentras","adresse":"ROUTE DE BEDOIN","milieu":"En agglomération"}},{"type":"Feature","geometry":{"type":"Point","coordinates":[4.99455,44.03458]},"properties":{"annee":2024,"gravite":"leger","tues":0,"hospitalises":0,"legers":1,"total_blesses":1,"date":"10/01/2024 - 19h25","commune":"84080 - Monteux","adresse":"Boulevard Pasteur","milieu":"En agglomération"}},{"type":"Feature","geometry":{"type":"Point","coordinates":[5.32391,44.02603]},"properties":{"annee":2024,"gravite":"grave","tues":0,"hospitalises":1,"legers":0,"total_blesses":1,"date":"26/05/2024 - 10h40","commune":"84079 - Monieux","adresse":"Départementale 5 - PR22","milieu":"Hors agglomération"}},{"type":"Feature","geometry":{"type":"Point","coordinates":[5.04844,44.05209]},"properties":{"annee":2024,"gravite":"leger","tues":0,"hospitalises":0,"legers":2,"total_blesses":2,"date":"25/05/2024 - 02h10","commune":"84031 - Carpentras","adresse":"JAURES AVENUE JEAN","milieu":"En agglomération"}},{"type":"Feature","geometry":{"type":"Point","coordinates":[5.04096,43.83655]},"properties":{"annee":2024,"gravite":"leger","tues":0,"hospitalises":0,"legers":1,"total_blesses":1,"date":"09/10/2024 - 17h55","commune":"84035 - Cavaillon","adresse":"GAMBETTA (PLACE LEON)","milieu":"En agglomération"}},{"type":"Feature","geometry":{"type":"Point","coordinates":[5.03664,44.04917]},"properties":{"annee":2024,"gravite":"leger","tues":0,"hospitalises":0,"legers":2,"total_blesses":2,"date":"09/10/2024 - 17h55","commune":"84031 - Carpentras","adresse":"MISTRAL AVENUE FREDERIC","milieu":"En agglomération"}},{"type":"Feature","geometry":{"type":"Point","coordinates":[4.80658,43.9287]},"properties":{"annee":2024,"gravite":"leger","tues":0,"hospitalises":0,"legers":1,"total_blesses":1,"date":"09/10/2024 - 09h00","commune":"84007 - Avignon","adresse":"C.DE GAULLE (ROCADE)","milieu":"En agglomération"}},{"type":"Feature","geometry":{"type":"Point","coordinates":[4.8607,43.95028]},"properties":{"annee":2024,"gravite":"leger","tues":0,"hospitalises":0,"legers":2,"total_blesses":2,"date":"27/06/2024 - 12h00","commune":"84007 - Avignon","adresse":"REALPANIER (Rond point de)-MONTFAVET","milieu":"En agglomération"}},{"type":"Feature","geometry":{"type":"Point","coordinates":[4.81305,43.92887]},"properties":{"annee":2024,"gravite":"leger","tues":0,"hospitalises":0,"legers":2,"total_blesses":2,"date":"27/06/2024 - 10h35","commune":"84007 - Avignon","adresse":"C.De GAULLE (Rocade)","milieu":"En agglomération"}},{"type":"Feature","geometry":{"type":"Point","coordinates":[4.80533,43.94258]},"properties":{"annee":2024,"gravite":"leger","tues":0,"hospitalises":0,"legers":2,"total_blesses":2,"date":"10/03/2024 - 01h20","commune":"84007 - Avignon","adresse":"SAINT ROCH (Boulevard)","milieu":"En agglomération"}},{"type":"Feature","geometry":{"type":"Point","coordinates":[4.83404,43.95055]},"properties":{"annee":2024,"gravite":"leger","tues":0,"hospitalises":0,"legers":1,"total_blesses":1,"date":"09/03/2024 - 20h29","commune":"84007 - Avignon","adresse":"MALPEIGNE (Chemin de)","milieu":"En agglomération"}},{"type":"Feature","geometry":{"type":"Point","coordinates":[4.83822,43.9299]},"properties":{"annee":2024,"gravite":"leger","tues":0,"hospitalises":0,"legers":3,"total_blesses":3,"date":"09/03/2024 - 09h00","commune":"84007 - Avignon","adresse":"PIERRE SEMARD (avenue)","milieu":"En agglomération"}},{"type":"Feature","geometry":{"type":"Point","coordinates":[4.829,43.92955]},"properties":{"annee":2024,"gravite":"leger","tues":0,"hospitalises":0,"legers":1,"total_blesses":1,"date":"16/12/2024 - 20h10","commune":"84007 - Avignon","adresse":"MADAME DE SÉVIGNÉ (RUE)","milieu":"En agglomération"}},{"type":"Feature","geometry":{"type":"Point","coordinates":[4.83686,43.93997]},"properties":{"annee":2024,"gravite":"leger","tues":0,"hospitalises":0,"legers":1,"total_blesses":1,"date":"20/12/2024 - 21h35","commune":"84007 - Avignon","adresse":"FONCOUVERTE (AVENUE DE)","milieu":"En agglomération"}},{"type":"Feature","geometry":{"type":"Point","coordinates":[5.13157,44.21632]},"properties":{"annee":2024,"gravite":"mortel","tues":1,"hospitalises":1,"legers":0,"total_blesses":1,"date":"28/01/2024 - 00h30","commune":"84044 - Entrechaux","adresse":"D13 - route de malaucène","milieu":"En agglomération"}},{"type":"Feature","geometry":{"type":"Point","coordinates":[5.05157,44.00858]},"properties":{"annee":2024,"gravite":"mortel","tues":1,"hospitalises":0,"legers":0,"total_blesses":0,"date":"31/07/2024 - 16h25","commune":"84088 - Pernes-les-Fontaines","adresse":"565 Route de la Buissonne","milieu":"En agglomération"}},{"type":"Feature","geometry":{"type":"Point","coordinates":[5.24859,44.12028]},"properties":{"annee":2024,"gravite":"grave","tues":0,"hospitalises":1,"legers":0,"total_blesses":1,"date":"30/07/2024 - 12h25","commune":"84017 - Bédoin","adresse":"D974","milieu":"Hors agglomération"}},{"type":"Feature","geometry":{"type":"Point","coordinates":[4.80584,43.94782]},"properties":{"annee":2024,"gravite":"mortel","tues":1,"hospitalises":1,"legers":0,"total_blesses":1,"date":"25/01/2024 - 19h00","commune":"84007 - Avignon","adresse":"République (rue de la )","milieu":"En agglomération"}},{"type":"Feature","geometry":{"type":"Point","coordinates":[4.84799,43.93572]},"properties":{"annee":2024,"gravite":"leger","tues":0,"hospitalises":0,"legers":1,"total_blesses":1,"date":"05/09/2024 - 20h16","commune":"84007 - Avignon","adresse":"AMANDIER (AVENUE DE L')","milieu":"En agglomération"}},{"type":"Feature","geometry":{"type":"Point","coordinates":[4.80952,43.92849]},"properties":{"annee":2024,"gravite":"leger","tues":0,"hospitalises":0,"legers":1,"total_blesses":1,"date":"12/07/2024 - 18h15","commune":"84007 - Avignon","adresse":"C.De GAULLE (Rocade)","milieu":"En agglomération"}},{"type":"Feature","geometry":{"type":"Point","coordinates":[4.84858,43.93562]},"properties":{"annee":2024,"gravite":"leger","tues":0,"hospitalises":0,"legers":1,"total_blesses":1,"date":"29/07/2024 - 12h15","commune":"84007 - Avignon","adresse":"AMANDIER (Avenue de l')","milieu":"En agglomération"}},{"type":"Feature","geometry":{"type":"Point","coordinates":[4.99517,44.0334]},"properties":{"annee":2024,"gravite":"leger","tues":0,"hospitalises":0,"legers":1,"total_blesses":1,"date":"09/10/2024 - 14h00","commune":"84080 - Monteux","adresse":"AVIGNON BOULEVARD D'","milieu":"En agglomération"}},{"type":"Feature","geometry":{"type":"Point","coordinates":[4.84194,43.94311]},"properties":{"annee":2024,"gravite":"leger","tues":0,"hospitalises":0,"legers":1,"total_blesses":1,"date":"08/10/2024 - 07h40","commune":"84007 - Avignon","adresse":"PONT DES DEUX EAUX (CHEMIN DU)","milieu":"En agglomération"}},{"type":"Feature","geometry":{"type":"Point","coordinates":[4.81829,43.94783]},"properties":{"annee":2024,"gravite":"leger","tues":0,"hospitalises":0,"legers":2,"total_blesses":2,"date":"08/10/2024 - 07h30","commune":"84007 - Avignon","adresse":"LIMBERT (BOULEVARD)","milieu":"En agglomération"}},{"type":"Feature","geometry":{"type":"Point","coordinates":[5.03412,43.85173]},"properties":{"annee":2024,"gravite":"grave","tues":0,"hospitalises":1,"legers":0,"total_blesses":1,"date":"27/06/2024 - 07h25","commune":"84035 - Cavaillon","adresse":"MERIMEE (AVENUE PROSPER)","milieu":"En agglomération"}},{"type":"Feature","geometry":{"type":"Point","coordinates":[4.78782,43.92397]},"properties":{"annee":2024,"gravite":"leger","tues":0,"hospitalises":0,"legers":1,"total_blesses":1,"date":"24/06/2024 - 15h35","commune":"84007 - Avignon","adresse":"GARE TGV (Parking)","milieu":"Hors agglomération"}},{"type":"Feature","geometry":{"type":"Point","coordinates":[4.82602,43.95102]},"properties":{"annee":2024,"gravite":"leger","tues":0,"hospitalises":0,"legers":2,"total_blesses":2,"date":"08/06/2024 - 07h05","commune":"84007 - Avignon","adresse":"LYON (route de )","milieu":"En agglomération"}},{"type":"Feature","geometry":{"type":"Point","coordinates":[4.99998,44.03057]},"properties":{"annee":2024,"gravite":"leger","tues":0,"hospitalises":0,"legers":1,"total_blesses":1,"date":"12/11/2024 - 17h45","commune":"84080 - Monteux","adresse":"VELLERON ROUTE DE","milieu":"En agglomération"}},{"type":"Feature","geometry":{"type":"Point","coordinates":[4.80475,43.9295]},"properties":{"annee":2024,"gravite":"leger","tues":0,"hospitalises":0,"legers":1,"total_blesses":1,"date":"08/11/2024 - 17h30","commune":"84007 - Avignon","adresse":"LAVARIN (CHEMIN DU)","milieu":"En agglomération"}},{"type":"Feature","geometry":{"type":"Point","coordinates":[4.83365,43.94016]},"properties":{"annee":2024,"gravite":"leger","tues":0,"hospitalises":0,"legers":2,"total_blesses":2,"date":"15/11/2024 - 12h07","commune":"84007 - Avignon","adresse":"MONTFAVET (ROUTE DE)","milieu":"En agglomération"}},{"type":"Feature","geometry":{"type":"Point","coordinates":[4.85096,43.93529]},"properties":{"annee":2024,"gravite":"grave","tues":0,"hospitalises":2,"legers":0,"total_blesses":2,"date":"09/03/2024 - 00h25","commune":"84007 - Avignon","adresse":"SOUSPIROUS (Avenue des ) - MONTFAVET","milieu":"En agglomération"}},{"type":"Feature","geometry":{"type":"Point","coordinates":[5.15677,44.10398]},"properties":{"annee":2024,"gravite":"grave","tues":0,"hospitalises":2,"legers":2,"total_blesses":4,"date":"16/11/2024 - 03h15","commune":"84041 - Crillon-le-Brave","adresse":"D974","milieu":"Hors agglomération"}},{"type":"Feature","geometry":{"type":"Point","coordinates":[4.82115,43.9297]},"properties":{"annee":2024,"gravite":"leger","tues":0,"hospitalises":0,"legers":5,"total_blesses":5,"date":"26/02/2024 - 21h51","commune":"84007 - Avignon","adresse":"PERRIN MOREL (RUE)","milieu":"En agglomération"}},{"type":"Feature","geometry":{"type":"Point","coordinates":[4.76088,44.17074]},"properties":{"annee":2024,"gravite":"grave","tues":0,"hospitalises":1,"legers":1,"total_blesses":2,"date":"21/12/2024 - 10h45","commune":"84091 - Piolenc","adresse":"A7","milieu":"Hors agglomération"}},{"type":"Feature","geometry":{"type":"Point","coordinates":[4.8419,43.93819]},"properties":{"annee":2024,"gravite":"grave","tues":0,"hospitalises":1,"legers":0,"total_blesses":1,"date":"14/04/2024 - 16h50","commune":"84007 - Avignon","adresse":"FONTCOUVERTE(Avenue de)","milieu":"En agglomération"}},{"type":"Feature","geometry":{"type":"Point","coordinates":[5.2057,44.08048]},"properties":{"annee":2024,"gravite":"mortel","tues":1,"hospitalises":0,"legers":0,"total_blesses":0,"date":"26/01/2024 - 15h35","commune":"84082 - Mormoiron","adresse":"Route de Flassan","milieu":"Hors agglomération"}},{"type":"Feature","geometry":{"type":"Point","coordinates":[4.84068,43.94703]},"properties":{"annee":2024,"gravite":"leger","tues":0,"hospitalises":0,"legers":2,"total_blesses":2,"date":"04/09/2024 - 19h00","commune":"84007 - Avignon","adresse":"C.De GAULLE (Rocade)","milieu":"Hors agglomération"}},{"type":"Feature","geometry":{"type":"Point","coordinates":[4.81667,43.95]},"properties":{"annee":2024,"gravite":"leger","tues":0,"hospitalises":0,"legers":1,"total_blesses":1,"date":"04/09/2024 - 17h00","commune":"84007 - Avignon","adresse":"SAINT ROCH (BOULEVARD)","milieu":"En agglomération"}},{"type":"Feature","geometry":{"type":"Point","coordinates":[5.3568,43.82415]},"properties":{"annee":2024,"gravite":"leger","tues":0,"hospitalises":0,"legers":1,"total_blesses":1,"date":"12/04/2024 - 17h30","commune":"84020 - Bonnieux","adresse":"RD 943","milieu":"Hors agglomération"}},{"type":"Feature","geometry":{"type":"Point","coordinates":[4.94074,44.23635]},"properties":{"annee":2024,"gravite":"leger","tues":0,"hospitalises":0,"legers":2,"total_blesses":2,"date":"24/05/2024 - 18h30","commune":"84028 - Cairanne","adresse":"Route de St Roman de Malegarde","milieu":"Hors agglomération"}},{"type":"Feature","geometry":{"type":"Point","coordinates":[5.02823,44.04498]},"properties":{"annee":2024,"gravite":"leger","tues":0,"hospitalises":0,"legers":1,"total_blesses":1,"date":"13/01/2024 - 16h28","commune":"84031 - Carpentras","adresse":"MONTEUX CHEMIN DE","milieu":"En agglomération"}},{"type":"Feature","geometry":{"type":"Point","coordinates":[4.79372,43.94504]},"properties":{"annee":2024,"gravite":"leger","tues":0,"hospitalises":0,"legers":1,"total_blesses":1,"date":"22/05/2024 - 18h05","commune":"84007 - Avignon","adresse":"pont de l'europe","milieu":"En agglomération"}},{"type":"Feature","geometry":{"type":"Point","coordinates":[5.02499,44.00975]},"properties":{"annee":2024,"gravite":"mortel","tues":1,"hospitalises":0,"legers":0,"total_blesses":0,"date":"10/10/2024 - 01h15","commune":"84088 - Pernes-les-Fontaines","adresse":"Chemin de Saint Hilaire","milieu":"Hors agglomération"}},{"type":"Feature","geometry":{"type":"Point","coordinates":[4.82979,43.9402]},"properties":{"annee":2024,"gravite":"leger","tues":0,"hospitalises":0,"legers":2,"total_blesses":2,"date":"07/10/2024 - 18h45","commune":"84007 - Avignon","adresse":"MONTFAVET (ROUTE DE)","milieu":"En agglomération"}},{"type":"Feature","geometry":{"type":"Point","coordinates":[5.04422,44.05472]},"properties":{"annee":2024,"gravite":"leger","tues":0,"hospitalises":0,"legers":1,"total_blesses":1,"date":"26/06/2024 - 15h10","commune":"84031 - Carpentras","adresse":"PETRARQUE AVENUE","milieu":"En agglomération"}},{"type":"Feature","geometry":{"type":"Point","coordinates":[5.32925,43.96308]},"properties":{"annee":2024,"gravite":"mortel","tues":1,"hospitalises":0,"legers":0,"total_blesses":0,"date":"15/11/2024 - 22h50","commune":"84118 - Saint-Saturnin-lès-Apt","adresse":"D943 PR 21-881","milieu":"Hors agglomération"}},{"type":"Feature","geometry":{"type":"Point","coordinates":[4.80491,43.93705]},"properties":{"annee":2024,"gravite":"leger","tues":0,"hospitalises":0,"legers":1,"total_blesses":1,"date":"14/11/2024 - 17h45","commune":"84007 - Avignon","adresse":"MONCLAR (AVENUE)","milieu":"En agglomération"}},{"type":"Feature","geometry":{"type":"Point","coordinates":[4.86341,43.9626]},"properties":{"annee":2024,"gravite":"grave","tues":0,"hospitalises":1,"legers":0,"total_blesses":1,"date":"23/06/2024 - 07h15","commune":"84092 - Le Pontet","adresse":"64 Avenue François Lascour","milieu":"En agglomération"}},{"type":"Feature","geometry":{"type":"Point","coordinates":[4.86158,43.98219]},"properties":{"annee":2024,"gravite":"leger","tues":0,"hospitalises":0,"legers":1,"total_blesses":1,"date":"15/11/2024 - 13h40","commune":"84092 - Le Pontet","adresse":"Rue des Tonneliers","milieu":"En agglomération"}},{"type":"Feature","geometry":{"type":"Point","coordinates":[5.08944,44.07502]},"properties":{"annee":2024,"gravite":"mortel","tues":1,"hospitalises":0,"legers":0,"total_blesses":0,"date":"06/03/2024 - 11h15","commune":"84031 - Carpentras","adresse":"ROUTE DE BEDOIN","milieu":"Hors agglomération"}},{"type":"Feature","geometry":{"type":"Point","coordinates":[4.83142,43.93414]},"properties":{"annee":2024,"gravite":"leger","tues":0,"hospitalises":0,"legers":3,"total_blesses":3,"date":"25/02/2024 - 20h53","commune":"84007 - Avignon","adresse":"C.De GAULLE (Rocade)","milieu":"En agglomération"}},{"type":"Feature","geometry":{"type":"Point","coordinates":[4.99394,44.04638]},"properties":{"annee":2024,"gravite":"leger","tues":0,"hospitalises":0,"legers":2,"total_blesses":2,"date":"05/08/2024 - 01h35","commune":"84080 - Monteux","adresse":"CD 942 DE CARPENTRAS A RTE SARRIANS","milieu":"Hors agglomération"}},{"type":"Feature","geometry":{"type":"Point","coordinates":[4.81028,43.93711]},"properties":{"annee":2024,"gravite":"leger","tues":0,"hospitalises":0,"legers":1,"total_blesses":1,"date":"23/01/2024 - 08h20","commune":"84007 - Avignon","adresse":"SAINT RUF (Avenue)","milieu":"En agglomération"}},{"type":"Feature","geometry":{"type":"Point","coordinates":[4.83521,43.9541]},"properties":{"annee":2024,"gravite":"leger","tues":0,"hospitalises":0,"legers":1,"total_blesses":1,"date":"03/09/2024 - 07h00","commune":"84007 - Avignon","adresse":"LYON (ROUTE DE )","milieu":"En agglomération"}},{"type":"Feature","geometry":{"type":"Point","coordinates":[5.05701,43.92124]},"properties":{"annee":2024,"gravite":"leger","tues":0,"hospitalises":0,"legers":1,"total_blesses":1,"date":"13/04/2024 - 20h45","commune":"84054 - L'Isle-sur-la-Sorgue","adresse":"Cours Fernande Peyre","milieu":"En agglomération"}},{"type":"Feature","geometry":{"type":"Point","coordinates":[4.80847,44.13754]},"properties":{"annee":2024,"gravite":"leger","tues":0,"hospitalises":0,"legers":1,"total_blesses":1,"date":"27/07/2024 - 22h30","commune":"84087 - Orange","adresse":"CARISTIE (RUE)","milieu":"En agglomération"}},{"type":"Feature","geometry":{"type":"Point","coordinates":[4.82726,43.95133]},"properties":{"annee":2024,"gravite":"leger","tues":0,"hospitalises":0,"legers":1,"total_blesses":1,"date":"27/07/2024 - 18h15","commune":"84007 - Avignon","adresse":"MORIERES (Route de )","milieu":"En agglomération"}},{"type":"Feature","geometry":{"type":"Point","coordinates":[4.79675,43.95257]},"properties":{"annee":2024,"gravite":"leger","tues":0,"hospitalises":0,"legers":1,"total_blesses":1,"date":"22/05/2024 - 14h05","commune":"84007 - Avignon","adresse":"JOSEPH NOEL CLAMON (rue)","milieu":"En agglomération"}},{"type":"Feature","geometry":{"type":"Point","coordinates":[4.85217,43.94193]},"properties":{"annee":2024,"gravite":"leger","tues":0,"hospitalises":0,"legers":1,"total_blesses":1,"date":"21/05/2024 - 13h45","commune":"84007 - Avignon","adresse":"AMANDIER (Avenue de l')","milieu":"En agglomération"}},{"type":"Feature","geometry":{"type":"Point","coordinates":[4.86571,43.94328]},"properties":{"annee":2024,"gravite":"leger","tues":0,"hospitalises":0,"legers":1,"total_blesses":1,"date":"21/05/2024 - 09h10","commune":"84007 - Avignon","adresse":"AULNES(Avenue des)-MONTFAVET","milieu":"En agglomération"}},{"type":"Feature","geometry":{"type":"Point","coordinates":[4.82048,43.93988]},"properties":{"annee":2024,"gravite":"grave","tues":0,"hospitalises":1,"legers":0,"total_blesses":1,"date":"22/01/2024 - 08h00","commune":"84007 - Avignon","adresse":"PIERRE SEMARD (avenue)","milieu":"En agglomération"}},{"type":"Feature","geometry":{"type":"Point","coordinates":[4.89125,43.95399]},"properties":{"annee":2024,"gravite":"grave","tues":0,"hospitalises":1,"legers":0,"total_blesses":1,"date":"27/07/2024 - 17h05","commune":"84141 - Vedène","adresse":"794 Route de Realpanier","milieu":"En agglomération"}},{"type":"Feature","geometry":{"type":"Point","coordinates":[4.84721,43.94144]},"properties":{"annee":2024,"gravite":"leger","tues":0,"hospitalises":0,"legers":1,"total_blesses":1,"date":"20/05/2024 - 11h40","commune":"84007 - Avignon","adresse":"BRAQUE ( RUE GEORGE","milieu":"En agglomération"}},{"type":"Feature","geometry":{"type":"Point","coordinates":[4.77137,44.0758]},"properties":{"annee":2024,"gravite":"leger","tues":0,"hospitalises":0,"legers":1,"total_blesses":1,"date":"25/06/2024 - 20h30","commune":"84087 - Orange","adresse":"ROUTE DE ROQUEMAURE","milieu":"Hors agglomération"}},{"type":"Feature","geometry":{"type":"Point","coordinates":[5.04602,43.83826]},"properties":{"annee":2024,"gravite":"mortel","tues":1,"hospitalises":0,"legers":0,"total_blesses":0,"date":"25/06/2024 - 07h53","commune":"84035 - Cavaillon","adresse":"COTY (AVENUE RENE)","milieu":"En agglomération"}},{"type":"Feature","geometry":{"type":"Point","coordinates":[4.8001,43.94323]},"properties":{"annee":2024,"gravite":"leger","tues":0,"hospitalises":0,"legers":1,"total_blesses":1,"date":"25/06/2024 - 09h25","commune":"84007 - Avignon","adresse":"PIERRE SEMARD (avenue)","milieu":"En agglomération"}},{"type":"Feature","geometry":{"type":"Point","coordinates":[4.94252,43.88716]},"properties":{"annee":2024,"gravite":"grave","tues":0,"hospitalises":1,"legers":1,"total_blesses":2,"date":"25/06/2024 - 17h00","commune":"84034 - Caumont-sur-Durance","adresse":"Départementale 900","milieu":"Hors agglomération"}},{"type":"Feature","geometry":{"type":"Point","coordinates":[4.81085,43.95603]},"properties":{"annee":2024,"gravite":"grave","tues":0,"hospitalises":2,"legers":0,"total_blesses":2,"date":"17/12/2024 - 19h19","commune":"84007 - Avignon","adresse":"CANOTIERS (CHEMIN DES)","milieu":"En agglomération"}},{"type":"Feature","geometry":{"type":"Point","coordinates":[4.9226,43.88901]},"properties":{"annee":2024,"gravite":"leger","tues":0,"hospitalises":0,"legers":1,"total_blesses":1,"date":"17/12/2024 - 15h00","commune":"84007 - Avignon","adresse":"CAVAILLON (ROUTE DE) MFT","milieu":"En agglomération"}},{"type":"Feature","geometry":{"type":"Point","coordinates":[4.80853,43.94287]},"properties":{"annee":2024,"gravite":"leger","tues":0,"hospitalises":0,"legers":1,"total_blesses":1,"date":"04/03/2024 - 12h10","commune":"84007 - Avignon","adresse":"7ème GENIE (Avenue)","milieu":"En agglomération"}},{"type":"Feature","geometry":{"type":"Point","coordinates":[4.83819,43.95482]},"properties":{"annee":2024,"gravite":"leger","tues":0,"hospitalises":0,"legers":2,"total_blesses":2,"date":"12/04/2024 - 05h00","commune":"84092 - Le Pontet","adresse":"CROIX VERTE (av de la))","milieu":"En agglomération"}},{"type":"Feature","geometry":{"type":"Point","coordinates":[4.83202,43.93399]},"properties":{"annee":2024,"gravite":"leger","tues":0,"hospitalises":0,"legers":3,"total_blesses":3,"date":"22/06/2024 - 08h35","commune":"84007 - Avignon","adresse":"PIERRE SEMARD (avenue)","milieu":"En agglomération"}},{"type":"Feature","geometry":{"type":"Point","coordinates":[4.81683,43.95253]},"properties":{"annee":2024,"gravite":"leger","tues":0,"hospitalises":0,"legers":2,"total_blesses":2,"date":"22/06/2024 - 03h50","commune":"84007 - Avignon","adresse":"QUAI SAINT LAZARE (Bd du)","milieu":"En agglomération"}},{"type":"Feature","geometry":{"type":"Point","coordinates":[4.8057,43.94616]},"properties":{"annee":2024,"gravite":"leger","tues":0,"hospitalises":0,"legers":2,"total_blesses":2,"date":"21/06/2024 - 13h15","commune":"84007 - Avignon","adresse":"République (rue de la )","milieu":"En agglomération"}},{"type":"Feature","geometry":{"type":"Point","coordinates":[4.82845,44.15984]},"properties":{"annee":2024,"gravite":"grave","tues":0,"hospitalises":1,"legers":0,"total_blesses":1,"date":"22/01/2024 - 15h30","commune":"84087 - Orange","adresse":"CHAMPLAIN (CHEMIN DE)","milieu":"En agglomération"}},{"type":"Feature","geometry":{"type":"Point","coordinates":[4.83205,43.95907]},"properties":{"annee":2024,"gravite":"leger","tues":0,"hospitalises":0,"legers":1,"total_blesses":1,"date":"21/01/2024 - 08h50","commune":"84007 - Avignon","adresse":"DOCTEUR PONS (Route touristique)","milieu":"En agglomération"}},{"type":"Feature","geometry":{"type":"Point","coordinates":[4.8243,43.9302]},"properties":{"annee":2024,"gravite":"leger","tues":0,"hospitalises":0,"legers":1,"total_blesses":1,"date":"02/09/2024 - 12h00","commune":"84007 - Avignon","adresse":"CROIX DES OISEAUX (AVENUE DE LA)","milieu":"En agglomération"}},{"type":"Feature","geometry":{"type":"Point","coordinates":[4.88052,43.95332]},"properties":{"annee":2024,"gravite":"grave","tues":0,"hospitalises":1,"legers":0,"total_blesses":1,"date":"02/09/2024 - 10h45","commune":"84092 - Le Pontet","adresse":"ANTOINE PINAY (ALLEE)","milieu":"En agglomération"}},{"type":"Feature","geometry":{"type":"Point","coordinates":[4.83251,43.94186]},"properties":{"annee":2024,"gravite":"mortel","tues":1,"hospitalises":0,"legers":1,"total_blesses":1,"date":"01/09/2024 - 13h10","commune":"84007 - Avignon","adresse":"CHARLES DE GAULLE","milieu":"En agglomération"}},{"type":"Feature","geometry":{"type":"Point","coordinates":[5.14541,44.2644]},"properties":{"annee":2024,"gravite":"mortel","tues":1,"hospitalises":0,"legers":0,"total_blesses":0,"date":"21/05/2024 - 10h15","commune":"84045 - Faucon","adresse":"Chemin du Jas","milieu":"Hors agglomération"}},{"type":"Feature","geometry":{"type":"Point","coordinates":[5.54363,43.72468]},"properties":{"annee":2024,"gravite":"grave","tues":0,"hospitalises":1,"legers":0,"total_blesses":1,"date":"13/04/2024 - 07h50","commune":"84133 - La Tour-d'Aigues","adresse":"Chemin du Plan","milieu":"En agglomération"}},{"type":"Feature","geometry":{"type":"Point","coordinates":[5.10291,43.88223]},"properties":{"annee":2024,"gravite":"grave","tues":0,"hospitalises":1,"legers":1,"total_blesses":2,"date":"01/04/2024 - 17h15","commune":"84062 - Lagnes","adresse":"D901","milieu":"Hors agglomération"}},{"type":"Feature","geometry":{"type":"Point","coordinates":[5.38772,43.87409]},"properties":{"annee":2024,"gravite":"grave","tues":0,"hospitalises":1,"legers":0,"total_blesses":1,"date":"18/02/2024 - 22h00","commune":"84003 - Apt","adresse":"Avenue Eugène Baudouin","milieu":"En agglomération"}},{"type":"Feature","geometry":{"type":"Point","coordinates":[5.38528,43.87597]},"properties":{"annee":2024,"gravite":"grave","tues":0,"hospitalises":1,"legers":0,"total_blesses":1,"date":"24/01/2024 - 14h15","commune":"84003 - Apt","adresse":"Avenue Philippe de Girard","milieu":"En agglomération"}},{"type":"Feature","geometry":{"type":"Point","coordinates":[4.82733,43.9514]},"properties":{"annee":2024,"gravite":"leger","tues":0,"hospitalises":0,"legers":1,"total_blesses":1,"date":"24/07/2024 - 14h00","commune":"84007 - Avignon","adresse":"MORIERES (Route de )","milieu":"En agglomération"}},{"type":"Feature","geometry":{"type":"Point","coordinates":[4.86557,43.92969]},"properties":{"annee":2024,"gravite":"leger","tues":0,"hospitalises":0,"legers":1,"total_blesses":1,"date":"24/07/2024 - 09h40","commune":"84007 - Avignon","adresse":"SAINTE CATHERINE (AVENUE)","milieu":"En agglomération"}},{"type":"Feature","geometry":{"type":"Point","coordinates":[5.06198,43.84042]},"properties":{"annee":2024,"gravite":"leger","tues":0,"hospitalises":0,"legers":2,"total_blesses":2,"date":"06/10/2024 - 11h40","commune":"84035 - Cavaillon","adresse":"ROBION-RD2 (ROUTE DE)","milieu":"En agglomération"}},{"type":"Feature","geometry":{"type":"Point","coordinates":[4.84077,43.93112]},"properties":{"annee":2024,"gravite":"leger","tues":0,"hospitalises":0,"legers":1,"total_blesses":1,"date":"24/06/2024 - 11h45","commune":"84007 - Avignon","adresse":"TRIOLET (AVENUE ELSA)","milieu":"En agglomération"}},{"type":"Feature","geometry":{"type":"Point","coordinates":[5.03682,43.82859]},"properties":{"annee":2024,"gravite":"grave","tues":0,"hospitalises":1,"legers":0,"total_blesses":1,"date":"22/06/2024 - 18h15","commune":"84035 - Cavaillon","adresse":"ROCH PAPE (ALLEE)","milieu":"En agglomération"}},{"type":"Feature","geometry":{"type":"Point","coordinates":[4.98526,44.04529]},"properties":{"annee":2024,"gravite":"leger","tues":0,"hospitalises":0,"legers":1,"total_blesses":1,"date":"11/11/2024 - 19h35","commune":"84080 - Monteux","adresse":"CD 942 DE CARPENTRAS A RTE SARRIANS","milieu":"Hors agglomération"}},{"type":"Feature","geometry":{"type":"Point","coordinates":[5.23194,43.8645]},"properties":{"annee":2024,"gravite":"mortel","tues":1,"hospitalises":0,"legers":0,"total_blesses":0,"date":"19/12/2024 - 11h55","commune":"84051 - Goult","adresse":"D60","milieu":"Hors agglomération"}},{"type":"Feature","geometry":{"type":"Point","coordinates":[5.04278,44.06932]},"properties":{"annee":2024,"gravite":"leger","tues":0,"hospitalises":0,"legers":1,"total_blesses":1,"date":"16/12/2024 - 20h15","commune":"84031 - Carpentras","adresse":"MIRABEAU AVENUE","milieu":"Hors agglomération"}},{"type":"Feature","geometry":{"type":"Point","coordinates":[4.85042,43.92467]},"properties":{"annee":2024,"gravite":"leger","tues":0,"hospitalises":0,"legers":1,"total_blesses":1,"date":"16/12/2024 - 15h15","commune":"84007 - Avignon","adresse":"MARSEILLE (ROUTE DE )","milieu":"En agglomération"}},{"type":"Feature","geometry":{"type":"Point","coordinates":[4.88062,43.93252]},"properties":{"annee":2024,"gravite":"leger","tues":0,"hospitalises":0,"legers":1,"total_blesses":1,"date":"16/12/2024 - 11h40","commune":"84007 - Avignon","adresse":"CÉDRES (CHEMIN DES) MFT","milieu":"En agglomération"}},{"type":"Feature","geometry":{"type":"Point","coordinates":[4.79616,43.94395]},"properties":{"annee":2024,"gravite":"leger","tues":0,"hospitalises":0,"legers":1,"total_blesses":1,"date":"03/03/2024 - 14h00","commune":"84007 - Avignon","adresse":"EUROPE (Pont de l')","milieu":"En agglomération"}},{"type":"Feature","geometry":{"type":"Point","coordinates":[5.03719,43.83048]},"properties":{"annee":2024,"gravite":"leger","tues":0,"hospitalises":0,"legers":1,"total_blesses":1,"date":"11/04/2024 - 08h05","commune":"84035 - Cavaillon","adresse":"PONT (AVENUE DU)","milieu":"En agglomération"}},{"type":"Feature","geometry":{"type":"Point","coordinates":[4.92256,43.889]},"properties":{"annee":2024,"gravite":"leger","tues":0,"hospitalises":0,"legers":2,"total_blesses":2,"date":"11/04/2024 - 10h45","commune":"84007 - Avignon","adresse":"ROUTE NATIONALE 7-MONTFAVET","milieu":"Hors agglomération"}},{"type":"Feature","geometry":{"type":"Point","coordinates":[4.8007,44.13739]},"properties":{"annee":2024,"gravite":"grave","tues":0,"hospitalises":1,"legers":0,"total_blesses":1,"date":"21/01/2024 - 19h30","commune":"84087 - Orange","adresse":"GAULLE (AVENUE CHARLES DE)","milieu":"En agglomération"}},{"type":"Feature","geometry":{"type":"Point","coordinates":[4.83023,43.93182]},"properties":{"annee":2024,"gravite":"leger","tues":0,"hospitalises":0,"legers":2,"total_blesses":2,"date":"19/05/2024 - 19h30","commune":"84007 - Avignon","adresse":"CROIX ROUGE( Avenue de la )","milieu":"En agglomération"}},{"type":"Feature","geometry":{"type":"Point","coordinates":[4.74934,44.29938]},"properties":{"annee":2024,"gravite":"leger","tues":0,"hospitalises":0,"legers":1,"total_blesses":1,"date":"19/01/2024 - 13h30","commune":"84019 - Bollène","adresse":"D26 - Avenue Jean MOULIN","milieu":"En agglomération"}},{"type":"Feature","geometry":{"type":"Point","coordinates":[5.14409,44.10717]},"properties":{"annee":2024,"gravite":"grave","tues":0,"hospitalises":1,"legers":0,"total_blesses":1,"date":"02/09/2024 - 19h05","commune":"84041 - Crillon-le-Brave","adresse":"Route du Pont de Crillon","milieu":"Hors agglomération"}},{"type":"Feature","geometry":{"type":"Point","coordinates":[4.81796,43.94771]},"properties":{"annee":2024,"gravite":"leger","tues":0,"hospitalises":0,"legers":1,"total_blesses":1,"date":"23/07/2024 - 09h30","commune":"84007 - Avignon","adresse":"LIMBERT (Boulevard)","milieu":"En agglomération"}},{"type":"Feature","geometry":{"type":"Point","coordinates":[4.86143,43.92144]},"properties":{"annee":2024,"gravite":"leger","tues":0,"hospitalises":0,"legers":1,"total_blesses":1,"date":"01/09/2024 - 00h15","commune":"84007 - Avignon","adresse":"MISTRAL7  (Parking C.Commercial)","milieu":"Hors agglomération"}},{"type":"Feature","geometry":{"type":"Point","coordinates":[5.69007,43.73579]},"properties":{"annee":2024,"gravite":"grave","tues":0,"hospitalises":1,"legers":0,"total_blesses":1,"date":"10/11/2024 - 13h45","commune":"84014 - Beaumont-de-Pertuis","adresse":"Route de Mirabeau","milieu":"En agglomération"}},{"type":"Feature","geometry":{"type":"Point","coordinates":[4.73983,44.32389]},"properties":{"annee":2024,"gravite":"leger","tues":0,"hospitalises":0,"legers":1,"total_blesses":1,"date":"21/08/2024 - 23h35","commune":"84019 - Bollène","adresse":"A7","milieu":"Hors agglomération"}},{"type":"Feature","geometry":{"type":"Point","coordinates":[5.06164,43.84025]},"properties":{"annee":2024,"gravite":"leger","tues":0,"hospitalises":0,"legers":2,"total_blesses":2,"date":"22/06/2024 - 18h45","commune":"84035 - Cavaillon","adresse":"ROBION-RD2 (ROUTE DE)","milieu":"Hors agglomération"}},{"type":"Feature","geometry":{"type":"Point","coordinates":[5.39153,43.88019]},"properties":{"annee":2024,"gravite":"grave","tues":0,"hospitalises":1,"legers":1,"total_blesses":2,"date":"28/07/2024 - 00h10","commune":"84003 - Apt","adresse":"Rue Saint-Lazare","milieu":"En agglomération"}},{"type":"Feature","geometry":{"type":"Point","coordinates":[5.06736,43.91643]},"properties":{"annee":2024,"gravite":"grave","tues":0,"hospitalises":1,"legers":0,"total_blesses":1,"date":"25/07/2024 - 14h50","commune":"84054 - L'Isle-sur-la-Sorgue","adresse":"990 Avenue du Partage des Eaux","milieu":"En agglomération"}},{"type":"Feature","geometry":{"type":"Point","coordinates":[5.0328,43.82769]},"properties":{"annee":2024,"gravite":"leger","tues":0,"hospitalises":0,"legers":1,"total_blesses":1,"date":"22/06/2024 - 03h40","commune":"84035 - Cavaillon","adresse":"MARSEILLE-RD938 (ROUTE DE)","milieu":"En agglomération"}},{"type":"Feature","geometry":{"type":"Point","coordinates":[5.04935,44.04941]},"properties":{"annee":2024,"gravite":"mortel","tues":1,"hospitalises":0,"legers":0,"total_blesses":0,"date":"11/07/2024 - 22h25","commune":"84031 - Carpentras","adresse":"ZOLA BOULEVARD EMILE","milieu":"En agglomération"}},{"type":"Feature","geometry":{"type":"Point","coordinates":[4.82754,43.95143]},"properties":{"annee":2024,"gravite":"leger","tues":0,"hospitalises":0,"legers":3,"total_blesses":3,"date":"22/06/2024 - 20h27","commune":"84007 - Avignon","adresse":"MORIERES (Route de )","milieu":"En agglomération"}},{"type":"Feature","geometry":{"type":"Point","coordinates":[5.57453,43.75646]},"properties":{"annee":2024,"gravite":"grave","tues":0,"hospitalises":1,"legers":0,"total_blesses":1,"date":"24/06/2024 - 21h05","commune":"84052 - Grambois","adresse":"Route de la Tour d?Aigues","milieu":"Hors agglomération"}},{"type":"Feature","geometry":{"type":"Point","coordinates":[4.83099,43.9557]},"properties":{"annee":2024,"gravite":"leger","tues":0,"hospitalises":0,"legers":2,"total_blesses":2,"date":"09/11/2024 - 09h30","commune":"84007 - Avignon","adresse":"JARDINS NEUFS (CHEMIN DES)","milieu":"En agglomération"}},{"type":"Feature","geometry":{"type":"Point","coordinates":[5.05256,44.05399]},"properties":{"annee":2024,"gravite":"leger","tues":0,"hospitalises":0,"legers":1,"total_blesses":1,"date":"26/02/2024 - 17h25","commune":"84031 - Carpentras","adresse":"SAINT LABRE CHEMIN DE","milieu":"En agglomération"}},{"type":"Feature","geometry":{"type":"Point","coordinates":[4.80087,43.94846]},"properties":{"annee":2024,"gravite":"grave","tues":0,"hospitalises":1,"legers":0,"total_blesses":1,"date":"03/01/2024 - 18h45","commune":"84007 - Avignon","adresse":"OULLE (Boulevard de l')","milieu":"En agglomération"}},{"type":"Feature","geometry":{"type":"Point","coordinates":[4.81829,43.94784]},"properties":{"annee":2024,"gravite":"leger","tues":0,"hospitalises":0,"legers":1,"total_blesses":1,"date":"09/04/2024 - 14h44","commune":"84007 - Avignon","adresse":"LIMBERT (Boulevard)","milieu":"En agglomération"}},{"type":"Feature","geometry":{"type":"Point","coordinates":[4.97914,43.8786]},"properties":{"annee":2024,"gravite":"leger","tues":0,"hospitalises":0,"legers":1,"total_blesses":1,"date":"17/05/2024 - 10h50","commune":"84035 - Cavaillon","adresse":"AVIGNON-RD973 (ROUTE D')","milieu":"Hors agglomération"}},{"type":"Feature","geometry":{"type":"Point","coordinates":[4.8166,43.94223]},"properties":{"annee":2024,"gravite":"leger","tues":0,"hospitalises":0,"legers":1,"total_blesses":1,"date":"16/05/2024 - 10h30","commune":"84007 - Avignon","adresse":"PIERRE SEMARD (avenue)","milieu":"En agglomération"}},{"type":"Feature","geometry":{"type":"Point","coordinates":[4.84806,43.93539]},"properties":{"annee":2024,"gravite":"leger","tues":0,"hospitalises":0,"legers":1,"total_blesses":1,"date":"04/10/2024 - 07h20","commune":"84007 - Avignon","adresse":"FONTCOUVERTE (AVENUE DE)","milieu":"En agglomération"}},{"type":"Feature","geometry":{"type":"Point","coordinates":[4.82861,43.9316]},"properties":{"annee":2024,"gravite":"leger","tues":0,"hospitalises":0,"legers":1,"total_blesses":1,"date":"03/10/2024 - 12h35","commune":"84007 - Avignon","adresse":"C.DE GAULLE (ROCADE)","milieu":"En agglomération"}},{"type":"Feature","geometry":{"type":"Point","coordinates":[4.81052,43.95348]},"properties":{"annee":2024,"gravite":"leger","tues":0,"hospitalises":0,"legers":1,"total_blesses":1,"date":"02/10/2024 - 08h00","commune":"84007 - Avignon","adresse":"QUAI DE LA LIGNE (BOULEVARD DU)","milieu":"En agglomération"}},{"type":"Feature","geometry":{"type":"Point","coordinates":[5.38774,44.11579]},"properties":{"annee":2024,"gravite":"grave","tues":0,"hospitalises":1,"legers":0,"total_blesses":1,"date":"23/06/2024 - 13h25","commune":"84123 - Sault","adresse":"CD 164 route du mont ventoux","milieu":"Hors agglomération"}},{"type":"Feature","geometry":{"type":"Point","coordinates":[5.03995,43.84182]},"properties":{"annee":2024,"gravite":"mortel","tues":1,"hospitalises":0,"legers":0,"total_blesses":0,"date":"21/06/2024 - 18h36","commune":"84035 - Cavaillon","adresse":"DIX NEUF MARS 1962 (RUE DU)","milieu":"En agglomération"}},{"type":"Feature","geometry":{"type":"Point","coordinates":[4.83196,43.93404]},"properties":{"annee":2024,"gravite":"leger","tues":0,"hospitalises":0,"legers":1,"total_blesses":1,"date":"09/11/2024 - 00h05","commune":"84007 - Avignon","adresse":"C.DE GAULLE (ROCADE)","milieu":"En agglomération"}},{"type":"Feature","geometry":{"type":"Point","coordinates":[4.80562,43.93191]},"properties":{"annee":2024,"gravite":"leger","tues":0,"hospitalises":0,"legers":1,"total_blesses":1,"date":"07/11/2024 - 17h50","commune":"84007 - Avignon","adresse":"MARIUS JOUVEAU (RUE)","milieu":"En agglomération"}},{"type":"Feature","geometry":{"type":"Point","coordinates":[4.80944,43.92493]},"properties":{"annee":2024,"gravite":"leger","tues":0,"hospitalises":0,"legers":1,"total_blesses":1,"date":"07/11/2024 - 13h40","commune":"84007 - Avignon","adresse":"TARASCON (AVENUE DE)","milieu":"En agglomération"}},{"type":"Feature","geometry":{"type":"Point","coordinates":[5.16672,44.05805]},"properties":{"annee":2024,"gravite":"mortel","tues":1,"hospitalises":0,"legers":0,"total_blesses":0,"date":"22/06/2024 - 06h45","commune":"84082 - Mormoiron","adresse":"CD 974 route de carpentras","milieu":"Hors agglomération"}},{"type":"Feature","geometry":{"type":"Point","coordinates":[4.8195,43.95169]},"properties":{"annee":2024,"gravite":"leger","tues":0,"hospitalises":0,"legers":1,"total_blesses":1,"date":"02/03/2024 - 02h10","commune":"84007 - Avignon","adresse":"SAINT LAZARE (Boulevard)","milieu":"En agglomération"}},{"type":"Feature","geometry":{"type":"Point","coordinates":[4.90959,43.94105]},"properties":{"annee":2024,"gravite":"leger","tues":0,"hospitalises":0,"legers":1,"total_blesses":1,"date":"17/01/2024 - 08h14","commune":"84081 - Morières-lès-Avignon","adresse":"CARDINAL BERTRAND (Cours)-MONTFAVET","milieu":"En agglomération"}},{"type":"Feature","geometry":{"type":"Point","coordinates":[5.06765,44.21736]},"properties":{"annee":2024,"gravite":"mortel","tues":1,"hospitalises":0,"legers":0,"total_blesses":0,"date":"18/05/2024 - 11h00","commune":"84137 - Vaison-la-Romaine","adresse":"Chemin des Bois Communaux","milieu":"Hors agglomération"}},{"type":"Feature","geometry":{"type":"Point","coordinates":[4.96791,44.02699]},"properties":{"annee":2024,"gravite":"leger","tues":0,"hospitalises":0,"legers":1,"total_blesses":1,"date":"16/05/2024 - 18h10","commune":"84080 - Monteux","adresse":"CD 942 RTE SARRIANS A ROSSI","milieu":"Hors agglomération"}},{"type":"Feature","geometry":{"type":"Point","coordinates":[5.40265,43.87494]},"properties":{"annee":2024,"gravite":"grave","tues":0,"hospitalises":1,"legers":0,"total_blesses":1,"date":"19/01/2024 - 10h40","commune":"84003 - Apt","adresse":"368 Avenue de la Libération","milieu":"En agglomération"}},{"type":"Feature","geometry":{"type":"Point","coordinates":[4.72304,44.15046]},"properties":{"annee":2024,"gravite":"mortel","tues":1,"hospitalises":0,"legers":0,"total_blesses":0,"date":"02/03/2024 - 17h30","commune":"84027 - Caderousse","adresse":"Caderousse","milieu":"Hors agglomération"}},{"type":"Feature","geometry":{"type":"Point","coordinates":[4.87644,44.01306]},"properties":{"annee":2024,"gravite":"grave","tues":0,"hospitalises":1,"legers":0,"total_blesses":1,"date":"18/07/2024 - 12h00","commune":"84129 - Sorgues","adresse":"18 Cité des Griffons (Zone résidentielle)","milieu":"En agglomération"}},{"type":"Feature","geometry":{"type":"Point","coordinates":[4.78171,43.93587]},"properties":{"annee":2024,"gravite":"leger","tues":0,"hospitalises":0,"legers":1,"total_blesses":1,"date":"25/08/2024 - 02h45","commune":"84007 - Avignon","adresse":"CHARLES DE GAULLE","milieu":"En agglomération"}},{"type":"Feature","geometry":{"type":"Point","coordinates":[5.19664,43.87358]},"properties":{"annee":2024,"gravite":"grave","tues":0,"hospitalises":1,"legers":0,"total_blesses":1,"date":"19/07/2024 - 04h30","commune":"84050 - Gordes","adresse":"D103","milieu":"Hors agglomération"}},{"type":"Feature","geometry":{"type":"Point","coordinates":[4.82799,43.94547]},"properties":{"annee":2024,"gravite":"leger","tues":0,"hospitalises":0,"legers":1,"total_blesses":1,"date":"03/10/2024 - 16h30","commune":"84007 - Avignon","adresse":"WETZLAR (AVENUE DE)","milieu":"En agglomération"}},{"type":"Feature","geometry":{"type":"Point","coordinates":[4.79825,43.94384]},"properties":{"annee":2024,"gravite":"grave","tues":0,"hospitalises":1,"legers":1,"total_blesses":2,"date":"21/07/2024 - 05h11","commune":"84007 - Avignon","adresse":"SAINT DOMINIQUE (Boulevard)","milieu":"En agglomération"}},{"type":"Feature","geometry":{"type":"Point","coordinates":[5.40583,43.87555]},"properties":{"annee":2024,"gravite":"grave","tues":0,"hospitalises":1,"legers":0,"total_blesses":1,"date":"16/06/2024 - 18h05","commune":"84003 - Apt","adresse":"Avenue de Verdun","milieu":"En agglomération"}},{"type":"Feature","geometry":{"type":"Point","coordinates":[5.05098,44.04451]},"properties":{"annee":2024,"gravite":"leger","tues":0,"hospitalises":0,"legers":2,"total_blesses":2,"date":"25/05/2024 - 02h15","commune":"84031 - Carpentras","adresse":"COLOMB CHRISTOPHE","milieu":"En agglomération"}},{"type":"Feature","geometry":{"type":"Point","coordinates":[4.90267,44.09894]},"properties":{"annee":2024,"gravite":"grave","tues":0,"hospitalises":2,"legers":0,"total_blesses":2,"date":"03/10/2024 - 18h50","commune":"84039 - Courthézon","adresse":"D950","milieu":"Hors agglomération"}},{"type":"Feature","geometry":{"type":"Point","coordinates":[5.00666,43.87985]},"properties":{"annee":2024,"gravite":"leger","tues":0,"hospitalises":0,"legers":1,"total_blesses":1,"date":"06/11/2024 - 17h50","commune":"84035 - Cavaillon","adresse":"VIGNERES-RD98 (ROUTE DES)","milieu":"En agglomération"}},{"type":"Feature","geometry":{"type":"Point","coordinates":[5.08338,43.85625]},"properties":{"annee":2024,"gravite":"leger","tues":0,"hospitalises":0,"legers":2,"total_blesses":2,"date":"13/12/2024 - 15h15","commune":"84099 - Robion","adresse":"GORDES-RD15 (ROUTE DE)","milieu":"Hors agglomération"}},{"type":"Feature","geometry":{"type":"Point","coordinates":[4.83331,43.93313]},"properties":{"annee":2024,"gravite":"grave","tues":0,"hospitalises":1,"legers":1,"total_blesses":2,"date":"13/12/2024 - 08h30","commune":"84007 - Avignon","adresse":"PIERRE SEMARD (AVENUE)","milieu":"En agglomération"}},{"type":"Feature","geometry":{"type":"Point","coordinates":[4.80352,43.94453]},"properties":{"annee":2024,"gravite":"leger","tues":0,"hospitalises":0,"legers":1,"total_blesses":1,"date":"27/10/2024 - 20h10","commune":"84007 - Avignon","adresse":"RASPAIL (BOULEVARD)","milieu":"En agglomération"}},{"type":"Feature","geometry":{"type":"Point","coordinates":[4.83259,43.94656]},"properties":{"annee":2024,"gravite":"leger","tues":0,"hospitalises":0,"legers":1,"total_blesses":1,"date":"12/12/2024 - 21h25","commune":"84007 - Avignon","adresse":"FOLIE (AVENUE DE LA)","milieu":"En agglomération"}},{"type":"Feature","geometry":{"type":"Point","coordinates":[5.08091,43.79587]},"properties":{"annee":2024,"gravite":"grave","tues":0,"hospitalises":1,"legers":0,"total_blesses":1,"date":"15/05/2024 - 13h50","commune":"84038 - Cheval-Blanc","adresse":"677 Route de Pertuis","milieu":"Hors agglomération"}},{"type":"Feature","geometry":{"type":"Point","coordinates":[4.82501,43.95055]},"properties":{"annee":2024,"gravite":"leger","tues":0,"hospitalises":0,"legers":2,"total_blesses":2,"date":"25/02/2024 - 15h50","commune":"84007 - Avignon","adresse":"LYON (route de )","milieu":"En agglomération"}},{"type":"Feature","geometry":{"type":"Point","coordinates":[4.83762,43.94547]},"properties":{"annee":2024,"gravite":"leger","tues":0,"hospitalises":0,"legers":1,"total_blesses":1,"date":"06/04/2024 - 18h00","commune":"84007 - Avignon","adresse":"CHARLES DE GAULLE","milieu":"Hors agglomération"}},{"type":"Feature","geometry":{"type":"Point","coordinates":[4.88351,43.91059]},"properties":{"annee":2024,"gravite":"leger","tues":0,"hospitalises":0,"legers":1,"total_blesses":1,"date":"15/05/2024 - 14h00","commune":"84007 - Avignon","adresse":"MARSEILLE (Route de )","milieu":"Hors agglomération"}},{"type":"Feature","geometry":{"type":"Point","coordinates":[4.81548,43.9371]},"properties":{"annee":2024,"gravite":"leger","tues":0,"hospitalises":0,"legers":1,"total_blesses":1,"date":"15/05/2024 - 11h35","commune":"84007 - Avignon","adresse":"ARROUSAIRE (avenue de l')","milieu":"En agglomération"}},{"type":"Feature","geometry":{"type":"Point","coordinates":[4.83587,43.94818]},"properties":{"annee":2024,"gravite":"leger","tues":0,"hospitalises":0,"legers":1,"total_blesses":1,"date":"14/01/2024 - 00h42","commune":"84007 - Avignon","adresse":"MALPEIGNE (Chemin de)","milieu":"En agglomération"}},{"type":"Feature","geometry":{"type":"Point","coordinates":[4.83747,44.11871]},"properties":{"annee":2024,"gravite":"leger","tues":0,"hospitalises":0,"legers":2,"total_blesses":2,"date":"20/07/2024 - 19h25","commune":"84087 - Orange","adresse":"ALLEMAGNE (RUE D')","milieu":"Hors agglomération"}},{"type":"Feature","geometry":{"type":"Point","coordinates":[5.05306,44.05572]},"properties":{"annee":2024,"gravite":"leger","tues":0,"hospitalises":0,"legers":1,"total_blesses":1,"date":"01/10/2024 - 17h30","commune":"84031 - Carpentras","adresse":"MONT VENTOUX AVENUE DU","milieu":"En agglomération"}},{"type":"Feature","geometry":{"type":"Point","coordinates":[4.84935,43.93908]},"properties":{"annee":2024,"gravite":"leger","tues":0,"hospitalises":0,"legers":1,"total_blesses":1,"date":"30/09/2024 - 10h20","commune":"84007 - Avignon","adresse":"AMANDIER (AVENUE DE L')","milieu":"En agglomération"}},{"type":"Feature","geometry":{"type":"Point","coordinates":[4.80485,44.13695]},"properties":{"annee":2024,"gravite":"grave","tues":0,"hospitalises":1,"legers":0,"total_blesses":1,"date":"09/05/2024 - 18h05","commune":"84087 - Orange","adresse":"BRIAND (COURS ARISTIDE)","milieu":"En agglomération"}},{"type":"Feature","geometry":{"type":"Point","coordinates":[5.0426,44.06012]},"properties":{"annee":2024,"gravite":"leger","tues":0,"hospitalises":0,"legers":2,"total_blesses":2,"date":"13/05/2024 - 17h11","commune":"84031 - Carpentras","adresse":"EUROPE AVENUE DE L'","milieu":"En agglomération"}},{"type":"Feature","geometry":{"type":"Point","coordinates":[4.83603,44.12941]},"properties":{"annee":2024,"gravite":"leger","tues":0,"hospitalises":0,"legers":1,"total_blesses":1,"date":"15/01/2024 - 19h20","commune":"84087 - Orange","adresse":"CREMADES (AVENUE DES)","milieu":"En agglomération"}},{"type":"Feature","geometry":{"type":"Point","coordinates":[4.7877,43.93994]},"properties":{"annee":2024,"gravite":"grave","tues":0,"hospitalises":2,"legers":0,"total_blesses":2,"date":"01/01/2024 - 06h17","commune":"84007 - Avignon","adresse":"CHARLES DE GAULLE","milieu":"En agglomération"}},{"type":"Feature","geometry":{"type":"Point","coordinates":[4.80932,43.92297]},"properties":{"annee":2024,"gravite":"leger","tues":0,"hospitalises":0,"legers":1,"total_blesses":1,"date":"13/01/2024 - 16h40","commune":"84007 - Avignon","adresse":"TARASCON ( Avenue de)","milieu":"En agglomération"}},{"type":"Feature","geometry":{"type":"Point","coordinates":[4.81747,43.94437]},"properties":{"annee":2024,"gravite":"leger","tues":0,"hospitalises":0,"legers":1,"total_blesses":1,"date":"24/02/2024 - 19h23","commune":"84007 - Avignon","adresse":"MONTFAVET (Route)","milieu":"En agglomération"}},{"type":"Feature","geometry":{"type":"Point","coordinates":[4.91611,43.88923]},"properties":{"annee":2024,"gravite":"leger","tues":0,"hospitalises":0,"legers":1,"total_blesses":1,"date":"20/02/2024 - 20h00","commune":"84007 - Avignon","adresse":"CAVAILLON (Route de Cavaillon)-MONTFAVET","milieu":"Hors agglomération"}},{"type":"Feature","geometry":{"type":"Point","coordinates":[4.83489,43.94615]},"properties":{"annee":2024,"gravite":"leger","tues":0,"hospitalises":0,"legers":1,"total_blesses":1,"date":"19/02/2024 - 19h30","commune":"84007 - Avignon","adresse":"avenue de la folie","milieu":"En agglomération"}},{"type":"Feature","geometry":{"type":"Point","coordinates":[4.72768,44.20014]},"properties":{"annee":2024,"gravite":"grave","tues":0,"hospitalises":1,"legers":0,"total_blesses":1,"date":"11/05/2024 - 17h00","commune":"84083 - Mornas","adresse":"N7","milieu":"En agglomération"}},{"type":"Feature","geometry":{"type":"Point","coordinates":[4.85537,43.95074]},"properties":{"annee":2024,"gravite":"leger","tues":0,"hospitalises":0,"legers":1,"total_blesses":1,"date":"15/01/2024 - 16h30","commune":"84092 - Le Pontet","adresse":"Rue François de Châteaubriand","milieu":"En agglomération"}},{"type":"Feature","geometry":{"type":"Point","coordinates":[5.1901,43.84746]},"properties":{"annee":2024,"gravite":"grave","tues":0,"hospitalises":1,"legers":1,"total_blesses":2,"date":"06/04/2024 - 17h20","commune":"84073 - Ménerbes","adresse":"D3","milieu":"Hors agglomération"}},{"type":"Feature","geometry":{"type":"Point","coordinates":[5.14473,43.99645]},"properties":{"annee":2024,"gravite":"leger","tues":0,"hospitalises":0,"legers":1,"total_blesses":1,"date":"28/05/2024 - 11h11","commune":"84143 - Venasque","adresse":"route de murs","milieu":"Hors agglomération"}},{"type":"Feature","geometry":{"type":"Point","coordinates":[5.42935,43.88177]},"properties":{"annee":2024,"gravite":"grave","tues":0,"hospitalises":1,"legers":0,"total_blesses":1,"date":"26/05/2024 - 08h20","commune":"84105 - Saignon","adresse":"Route Departementale 231","milieu":"Hors agglomération"}},{"type":"Feature","geometry":{"type":"Point","coordinates":[5.16229,44.22625]},"properties":{"annee":2024,"gravite":"grave","tues":0,"hospitalises":1,"legers":0,"total_blesses":1,"date":"27/09/2024 - 21h15","commune":"84044 - Entrechaux","adresse":"Route de Mollans sur Ouvèze","milieu":"Hors agglomération"}},{"type":"Feature","geometry":{"type":"Point","coordinates":[4.8406,43.94696]},"properties":{"annee":2024,"gravite":"leger","tues":0,"hospitalises":0,"legers":1,"total_blesses":1,"date":"27/10/2024 - 14h10","commune":"84007 - Avignon","adresse":"C.DE GAULLE (ROCADE)","milieu":"Hors agglomération"}},{"type":"Feature","geometry":{"type":"Point","coordinates":[4.83333,43.94339]},"properties":{"annee":2024,"gravite":"leger","tues":0,"hospitalises":0,"legers":1,"total_blesses":1,"date":"10/12/2024 - 22h48","commune":"84007 - Avignon","adresse":"C.DE GAULLE (ROCADE)","milieu":"En agglomération"}},{"type":"Feature","geometry":{"type":"Point","coordinates":[4.81152,43.9431]},"properties":{"annee":2024,"gravite":"leger","tues":0,"hospitalises":0,"legers":1,"total_blesses":1,"date":"05/04/2024 - 16h20","commune":"84007 - Avignon","adresse":"SAINT MICHEL (Boulevard)","milieu":"En agglomération"}},{"type":"Feature","geometry":{"type":"Point","coordinates":[5.08594,44.23044]},"properties":{"annee":2024,"gravite":"grave","tues":0,"hospitalises":1,"legers":0,"total_blesses":1,"date":"13/05/2024 - 00h30","commune":"84137 - Vaison-la-Romaine","adresse":"d938","milieu":"Hors agglomération"}},{"type":"Feature","geometry":{"type":"Point","coordinates":[5.36961,43.8681]},"properties":{"annee":2024,"gravite":"grave","tues":0,"hospitalises":1,"legers":3,"total_blesses":4,"date":"13/01/2024 - 16h15","commune":"84003 - Apt","adresse":"Route de Marseille","milieu":"Hors agglomération"}},{"type":"Feature","geometry":{"type":"Point","coordinates":[4.97072,44.0871]},"properties":{"annee":2024,"gravite":"grave","tues":0,"hospitalises":1,"legers":0,"total_blesses":1,"date":"05/04/2024 - 16h07","commune":"84122 - Sarrians","adresse":"Route de Vacqueyras","milieu":"En agglomération"}},{"type":"Feature","geometry":{"type":"Point","coordinates":[5.08913,43.85783]},"properties":{"annee":2024,"gravite":"grave","tues":0,"hospitalises":1,"legers":0,"total_blesses":1,"date":"13/05/2024 - 18h40","commune":"84099 - Robion","adresse":"3499 Route de Gordes","milieu":"Hors agglomération"}},{"type":"Feature","geometry":{"type":"Point","coordinates":[5.27842,44.12632]},"properties":{"annee":2024,"gravite":"mortel","tues":1,"hospitalises":0,"legers":0,"total_blesses":0,"date":"19/07/2024 - 20h10","commune":"84017 - Bédoin","adresse":"D974","milieu":"Hors agglomération"}},{"type":"Feature","geometry":{"type":"Point","coordinates":[4.89309,43.9122]},"properties":{"annee":2024,"gravite":"leger","tues":0,"hospitalises":0,"legers":1,"total_blesses":1,"date":"04/04/2024 - 11h00","commune":"84007 - Avignon","adresse":"FELONS (Chemin des)-MONTFAVET","milieu":"En agglomération"}},{"type":"Feature","geometry":{"type":"Point","coordinates":[4.86632,43.94992]},"properties":{"annee":2024,"gravite":"leger","tues":0,"hospitalises":0,"legers":2,"total_blesses":2,"date":"25/08/2024 - 16h00","commune":"84007 - Avignon","adresse":"MORIERES (Route de )","milieu":"En agglomération"}},{"type":"Feature","geometry":{"type":"Point","coordinates":[4.73472,44.09224]},"properties":{"annee":2024,"gravite":"leger","tues":0,"hospitalises":0,"legers":2,"total_blesses":2,"date":"24/08/2024 - 22h00","commune":"84027 - Caderousse","adresse":"D237","milieu":"Hors agglomération"}},{"type":"Feature","geometry":{"type":"Point","coordinates":[5.077,44.099]},"properties":{"annee":2024,"gravite":"leger","tues":0,"hospitalises":0,"legers":3,"total_blesses":3,"date":"16/06/2024 - 19h30","commune":"84031 - Carpentras","adresse":"SAINT ROCH AVENUE","milieu":"Hors agglomération"}},{"type":"Feature","geometry":{"type":"Point","coordinates":[5.4913,44.0293]},"properties":{"annee":2024,"gravite":"grave","tues":0,"hospitalises":1,"legers":1,"total_blesses":2,"date":"10/12/2024 - 19h55","commune":"84107 - Saint-Christol","adresse":"RD 30","milieu":"Hors agglomération"}},{"type":"Feature","geometry":{"type":"Point","coordinates":[4.90896,43.94536]},"properties":{"annee":2024,"gravite":"grave","tues":0,"hospitalises":1,"legers":0,"total_blesses":1,"date":"29/09/2024 - 19h30","commune":"84081 - Morières-lès-Avignon","adresse":"Route des Portugaises","milieu":"Hors agglomération"}},{"type":"Feature","geometry":{"type":"Point","coordinates":[5.50419,43.71983]},"properties":{"annee":2024,"gravite":"mortel","tues":1,"hospitalises":0,"legers":0,"total_blesses":0,"date":"09/12/2024 - 12h05","commune":"84089 - Pertuis","adresse":"Route de la Bonde","milieu":"Hors agglomération"}},{"type":"Feature","geometry":{"type":"Point","coordinates":[4.70546,44.24245]},"properties":{"annee":2024,"gravite":"leger","tues":0,"hospitalises":0,"legers":1,"total_blesses":1,"date":"12/05/2024 - 12h15","commune":"84078 - Mondragon","adresse":"Route de Pont Saint Esprit","milieu":"En agglomération"}},{"type":"Feature","geometry":{"type":"Point","coordinates":[4.92436,43.8889]},"properties":{"annee":2024,"gravite":"leger","tues":0,"hospitalises":0,"legers":1,"total_blesses":1,"date":"13/01/2024 - 03h00","commune":"84034 - Caumont-sur-Durance","adresse":"D900","milieu":"Hors agglomération"}},{"type":"Feature","geometry":{"type":"Point","coordinates":[4.83098,43.95089]},"properties":{"annee":2024,"gravite":"leger","tues":0,"hospitalises":0,"legers":1,"total_blesses":1,"date":"10/01/2024 - 16h00","commune":"84007 - Avignon","adresse":"MORIERES (Route de )","milieu":"En agglomération"}},{"type":"Feature","geometry":{"type":"Point","coordinates":[5.49299,43.69468]},"properties":{"annee":2024,"gravite":"grave","tues":0,"hospitalises":1,"legers":0,"total_blesses":1,"date":"27/02/2024 - 18h12","commune":"84089 - Pertuis","adresse":"Boulevard Jean Guigues","milieu":"En agglomération"}},{"type":"Feature","geometry":{"type":"Point","coordinates":[4.95847,44.2683]},"properties":{"annee":2024,"gravite":"grave","tues":0,"hospitalises":2,"legers":0,"total_blesses":2,"date":"05/04/2024 - 18h30","commune":"84117 - Saint-Roman-de-Malegarde","adresse":"D 51","milieu":"En agglomération"}},{"type":"Feature","geometry":{"type":"Point","coordinates":[4.93896,43.92351]},"properties":{"annee":2024,"gravite":"grave","tues":0,"hospitalises":2,"legers":1,"total_blesses":3,"date":"05/04/2024 - 03h30","commune":"84036 - Châteauneuf-de-Gadagne","adresse":"Chemin de la Traverse","milieu":"En agglomération"}},{"type":"Feature","geometry":{"type":"Point","coordinates":[5.00687,44.036]},"properties":{"annee":2024,"gravite":"grave","tues":0,"hospitalises":1,"legers":0,"total_blesses":1,"date":"03/04/2024 - 16h49","commune":"84080 - Monteux","adresse":"CARPENTRAS ROUTE DE","milieu":"En agglomération"}},{"type":"Feature","geometry":{"type":"Point","coordinates":[4.98336,43.89683]},"properties":{"annee":2024,"gravite":"mortel","tues":3,"hospitalises":0,"legers":0,"total_blesses":0,"date":"11/05/2024 - 21h00","commune":"84034 - Caumont-sur-Durance","adresse":"D25","milieu":"Hors agglomération"}},{"type":"Feature","geometry":{"type":"Point","coordinates":[5.45181,43.871]},"properties":{"annee":2024,"gravite":"grave","tues":0,"hospitalises":1,"legers":1,"total_blesses":2,"date":"19/07/2024 - 11h30","commune":"84105 - Saignon","adresse":"Route Departementale 900","milieu":"Hors agglomération"}},{"type":"Feature","geometry":{"type":"Point","coordinates":[5.04585,44.05045]},"properties":{"annee":2024,"gravite":"leger","tues":0,"hospitalises":0,"legers":1,"total_blesses":1,"date":"17/05/2024 - 15h08","commune":"84031 - Carpentras","adresse":"WILSON AVENUE","milieu":"En agglomération"}},{"type":"Feature","geometry":{"type":"Point","coordinates":[4.81989,43.93885]},"properties":{"annee":2024,"gravite":"leger","tues":0,"hospitalises":0,"legers":1,"total_blesses":1,"date":"17/07/2024 - 14h00","commune":"84007 - Avignon","adresse":"TRILLADE (avenue de la )","milieu":"En agglomération"}},{"type":"Feature","geometry":{"type":"Point","coordinates":[4.87968,44.00323]},"properties":{"annee":2024,"gravite":"grave","tues":0,"hospitalises":1,"legers":0,"total_blesses":1,"date":"22/02/2024 - 18h30","commune":"84129 - Sorgues","adresse":"Boulevard Salvador Allende","milieu":"En agglomération"}},{"type":"Feature","geometry":{"type":"Point","coordinates":[4.99896,43.92929]},"properties":{"annee":2024,"gravite":"grave","tues":0,"hospitalises":1,"legers":0,"total_blesses":1,"date":"17/02/2024 - 16h55","commune":"84132 - Le Thor","adresse":"Chemin des Estourans","milieu":"En agglomération"}},{"type":"Feature","geometry":{"type":"Point","coordinates":[4.85598,43.95391]},"properties":{"annee":2024,"gravite":"leger","tues":0,"hospitalises":0,"legers":2,"total_blesses":2,"date":"03/02/2024 - 14h25","commune":"84092 - Le Pontet","adresse":"Rue Alphonse Daudet","milieu":"En agglomération"}},{"type":"Feature","geometry":{"type":"Point","coordinates":[5.07373,43.92169]},"properties":{"annee":2024,"gravite":"grave","tues":0,"hospitalises":1,"legers":0,"total_blesses":1,"date":"16/06/2024 - 15h30","commune":"84054 - L'Isle-sur-la-Sorgue","adresse":"1020 Route de Fontaine-de-vaucluse","milieu":"Hors agglomération"}},{"type":"Feature","geometry":{"type":"Point","coordinates":[5.05043,44.05782]},"properties":{"annee":2024,"gravite":"leger","tues":0,"hospitalises":0,"legers":1,"total_blesses":1,"date":"29/10/2024 - 17h15","commune":"84031 - Carpentras","adresse":"ROGIER BOULEVARD ALFRED","milieu":"En agglomération"}},{"type":"Feature","geometry":{"type":"Point","coordinates":[5.08706,44.07336]},"properties":{"annee":2024,"gravite":"grave","tues":0,"hospitalises":1,"legers":2,"total_blesses":3,"date":"09/12/2024 - 00h05","commune":"84072 - Mazan","adresse":"ROUTE DE BEDOIN","milieu":"Hors agglomération"}},{"type":"Feature","geometry":{"type":"Point","coordinates":[4.71136,44.24065]},"properties":{"annee":2024,"gravite":"grave","tues":0,"hospitalises":3,"legers":3,"total_blesses":6,"date":"28/09/2024 - 22h41","commune":"84078 - Mondragon","adresse":"N7","milieu":"Hors agglomération"}},{"type":"Feature","geometry":{"type":"Point","coordinates":[4.87324,44.02621]},"properties":{"annee":2024,"gravite":"grave","tues":0,"hospitalises":1,"legers":0,"total_blesses":1,"date":"28/09/2024 - 21h00","commune":"84129 - Sorgues","adresse":"2105 Avenue d'Orange","milieu":"En agglomération"}},{"type":"Feature","geometry":{"type":"Point","coordinates":[5.04464,43.84391]},"properties":{"annee":2024,"gravite":"leger","tues":0,"hospitalises":0,"legers":1,"total_blesses":1,"date":"27/09/2024 - 09h50","commune":"84035 - Cavaillon","adresse":"EUROPE (BOULEVARD DE L')","milieu":"En agglomération"}},{"type":"Feature","geometry":{"type":"Point","coordinates":[5.03792,44.05236]},"properties":{"annee":2024,"gravite":"leger","tues":0,"hospitalises":0,"legers":1,"total_blesses":1,"date":"24/09/2024 - 17h43","commune":"84031 - Carpentras","adresse":"GLAIEULS DES","milieu":"En agglomération"}},{"type":"Feature","geometry":{"type":"Point","coordinates":[4.87259,43.91885]},"properties":{"annee":2024,"gravite":"leger","tues":0,"hospitalises":0,"legers":1,"total_blesses":1,"date":"27/09/2024 - 17h04","commune":"84007 - Avignon","adresse":"PAUL PAMARD (RUE)","milieu":"En agglomération"}},{"type":"Feature","geometry":{"type":"Point","coordinates":[4.83642,43.95448]},"properties":{"annee":2024,"gravite":"leger","tues":0,"hospitalises":0,"legers":2,"total_blesses":2,"date":"01/11/2024 - 03h38","commune":"84007 - Avignon","adresse":"LYON (ROUTE DE )","milieu":"En agglomération"}},{"type":"Feature","geometry":{"type":"Point","coordinates":[5.14686,44.16083]},"properties":{"annee":2024,"gravite":"mortel","tues":1,"hospitalises":0,"legers":0,"total_blesses":0,"date":"02/11/2024 - 14h15","commune":"84069 - Malaucène","adresse":"D974","milieu":"Hors agglomération"}},{"type":"Feature","geometry":{"type":"Point","coordinates":[5.54546,43.73396]},"properties":{"annee":2024,"gravite":"leger","tues":0,"hospitalises":0,"legers":1,"total_blesses":1,"date":"02/11/2024 - 08h56","commune":"84133 - La Tour-d'Aigues","adresse":"Chemin des Belouzes","milieu":"En agglomération"}},{"type":"Feature","geometry":{"type":"Point","coordinates":[4.81256,44.13369]},"properties":{"annee":2024,"gravite":"grave","tues":0,"hospitalises":1,"legers":1,"total_blesses":2,"date":"10/01/2024 - 09h00","commune":"84087 - Orange","adresse":"DALADIER (BD EDOUARD)","milieu":"En agglomération"}},{"type":"Feature","geometry":{"type":"Point","coordinates":[5.0434,43.81229]},"properties":{"annee":2024,"gravite":"leger","tues":0,"hospitalises":0,"legers":2,"total_blesses":2,"date":"10/05/2024 - 20h30","commune":"84035 - Cavaillon","adresse":"NALIN (ALLEE GUY)","milieu":"Hors agglomération"}},{"type":"Feature","geometry":{"type":"Point","coordinates":[5.04823,44.23975]},"properties":{"annee":2024,"gravite":"leger","tues":0,"hospitalises":0,"legers":1,"total_blesses":1,"date":"11/05/2024 - 12h50","commune":"84137 - Vaison-la-Romaine","adresse":"75 Route d?Avignon","milieu":"Hors agglomération"}},{"type":"Feature","geometry":{"type":"Point","coordinates":[4.87009,44.01919]},"properties":{"annee":2024,"gravite":"leger","tues":0,"hospitalises":0,"legers":1,"total_blesses":1,"date":"26/02/2024 - 18h42","commune":"84129 - Sorgues","adresse":"D907","milieu":"En agglomération"}},{"type":"Feature","geometry":{"type":"Point","coordinates":[4.70743,44.29851]},"properties":{"annee":2024,"gravite":"grave","tues":0,"hospitalises":1,"legers":0,"total_blesses":1,"date":"10/05/2024 - 14h30","commune":"84063 - Lamotte-du-Rhône","adresse":"D204","milieu":"Hors agglomération"}},{"type":"Feature","geometry":{"type":"Point","coordinates":[4.80095,43.93803]},"properties":{"annee":2024,"gravite":"leger","tues":0,"hospitalises":0,"legers":1,"total_blesses":1,"date":"02/04/2024 - 08h30","commune":"84007 - Avignon","adresse":"FERRY ( Boulevard Jules)","milieu":"En agglomération"}},{"type":"Feature","geometry":{"type":"Point","coordinates":[5.15409,44.02645]},"properties":{"annee":2024,"gravite":"grave","tues":0,"hospitalises":1,"legers":3,"total_blesses":4,"date":"25/02/2024 - 14h20","commune":"84070 - Malemort-du-Comtat","adresse":"Route de Mazan","milieu":"Hors agglomération"}},{"type":"Feature","geometry":{"type":"Point","coordinates":[5.11803,43.86675]},"properties":{"annee":2024,"gravite":"leger","tues":0,"hospitalises":0,"legers":1,"total_blesses":1,"date":"18/08/2024 - 23h40","commune":"84099 - Robion","adresse":"5828 Route de Gordes","milieu":"Hors agglomération"}},{"type":"Feature","geometry":{"type":"Point","coordinates":[5.05794,44.03449]},"properties":{"annee":2024,"gravite":"leger","tues":0,"hospitalises":0,"legers":1,"total_blesses":1,"date":"16/07/2024 - 11h30","commune":"84031 - Carpentras","adresse":"COUBERTIN AVENUE PIERRE DE","milieu":"En agglomération"}},{"type":"Feature","geometry":{"type":"Point","coordinates":[5.05241,44.06835]},"properties":{"annee":2024,"gravite":"grave","tues":0,"hospitalises":1,"legers":1,"total_blesses":2,"date":"16/07/2024 - 11h10","commune":"84031 - Carpentras","adresse":"SAINT ROCH AVENUE","milieu":"En agglomération"}},{"type":"Feature","geometry":{"type":"Point","coordinates":[4.82252,43.9502]},"properties":{"annee":2024,"gravite":"leger","tues":0,"hospitalises":0,"legers":1,"total_blesses":1,"date":"16/07/2024 - 17h15","commune":"84007 - Avignon","adresse":"LYON (route de )","milieu":"En agglomération"}},{"type":"Feature","geometry":{"type":"Point","coordinates":[4.80178,43.94964]},"properties":{"annee":2024,"gravite":"leger","tues":0,"hospitalises":0,"legers":1,"total_blesses":1,"date":"16/07/2024 - 12h40","commune":"84007 - Avignon","adresse":"OULLE (Boulevard de l')","milieu":"En agglomération"}},{"type":"Feature","geometry":{"type":"Point","coordinates":[5.42519,44.13306]},"properties":{"annee":2024,"gravite":"mortel","tues":1,"hospitalises":1,"legers":0,"total_blesses":1,"date":"24/08/2024 - 11h30","commune":"84005 - Aurel","adresse":"Route de Montbrun les Bains","milieu":"Hors agglomération"}},{"type":"Feature","geometry":{"type":"Point","coordinates":[4.71393,44.22642]},"properties":{"annee":2024,"gravite":"grave","tues":0,"hospitalises":1,"legers":0,"total_blesses":1,"date":"24/08/2024 - 09h40","commune":"84078 - Mondragon","adresse":"RN7","milieu":"Hors agglomération"}},{"type":"Feature","geometry":{"type":"Point","coordinates":[5.05083,44.23883]},"properties":{"annee":2024,"gravite":"leger","tues":0,"hospitalises":0,"legers":1,"total_blesses":1,"date":"27/09/2024 - 15h30","commune":"84137 - Vaison-la-Romaine","adresse":"Route d?Orange","milieu":"En agglomération"}},{"type":"Feature","geometry":{"type":"Point","coordinates":[4.83104,44.08161]},"properties":{"annee":2024,"gravite":"grave","tues":0,"hospitalises":1,"legers":1,"total_blesses":2,"date":"27/09/2024 - 23h00","commune":"84037 - Châteauneuf-du-Pape","adresse":"ROUTE D'ORANGE","milieu":"Hors agglomération"}},{"type":"Feature","geometry":{"type":"Point","coordinates":[4.76996,44.30074]},"properties":{"annee":2024,"gravite":"grave","tues":0,"hospitalises":1,"legers":0,"total_blesses":1,"date":"15/06/2024 - 19h30","commune":"84019 - Bollène","adresse":"Route de Saint Restitut","milieu":"Hors agglomération"}},{"type":"Feature","geometry":{"type":"Point","coordinates":[4.8847,43.91005]},"properties":{"annee":2024,"gravite":"leger","tues":0,"hospitalises":0,"legers":2,"total_blesses":2,"date":"31/10/2024 - 10h30","commune":"84007 - Avignon","adresse":"MARSEILLE (ROUTE DE )","milieu":"En agglomération"}},{"type":"Feature","geometry":{"type":"Point","coordinates":[4.79782,43.95211]},"properties":{"annee":2024,"gravite":"leger","tues":0,"hospitalises":0,"legers":1,"total_blesses":1,"date":"30/10/2024 - 14h00","commune":"84007 - Avignon","adresse":"DALADIER (PONT)","milieu":"En agglomération"}},{"type":"Feature","geometry":{"type":"Point","coordinates":[5.02844,43.83086]},"properties":{"annee":2024,"gravite":"grave","tues":0,"hospitalises":2,"legers":0,"total_blesses":2,"date":"25/09/2024 - 08h45","commune":"84035 - Cavaillon","adresse":"DAUDET (RUE ALPHONSE)","milieu":"En agglomération"}},{"type":"Feature","geometry":{"type":"Point","coordinates":[4.82913,43.93189]},"properties":{"annee":2024,"gravite":"leger","tues":0,"hospitalises":0,"legers":1,"total_blesses":1,"date":"06/12/2024 - 12h00","commune":"84007 - Avignon","adresse":"C.DE GAULLE (ROCADE)","milieu":"En agglomération"}},{"type":"Feature","geometry":{"type":"Point","coordinates":[4.84943,43.9378]},"properties":{"annee":2024,"gravite":"leger","tues":0,"hospitalises":0,"legers":1,"total_blesses":1,"date":"05/12/2024 - 13h00","commune":"84007 - Avignon","adresse":"AMANDIER (AVENUE DE L')","milieu":"En agglomération"}},{"type":"Feature","geometry":{"type":"Point","coordinates":[4.96148,44.01871]},"properties":{"annee":2024,"gravite":"leger","tues":0,"hospitalises":0,"legers":1,"total_blesses":1,"date":"09/01/2024 - 11h10","commune":"84080 - Monteux","adresse":"D942","milieu":"Hors agglomération"}},{"type":"Feature","geometry":{"type":"Point","coordinates":[4.83404,43.95364]},"properties":{"annee":2024,"gravite":"leger","tues":0,"hospitalises":0,"legers":1,"total_blesses":1,"date":"09/01/2024 - 11h40","commune":"84007 - Avignon","adresse":"LYON (route de )","milieu":"En agglomération"}},{"type":"Feature","geometry":{"type":"Point","coordinates":[4.7254,44.27004]},"properties":{"annee":2024,"gravite":"grave","tues":0,"hospitalises":1,"legers":0,"total_blesses":1,"date":"10/01/2024 - 12h00","commune":"84019 - Bollène","adresse":"autorute A7","milieu":"Hors agglomération"}},{"type":"Feature","geometry":{"type":"Point","coordinates":[4.96547,44.37226]},"properties":{"annee":2024,"gravite":"leger","tues":0,"hospitalises":0,"legers":3,"total_blesses":3,"date":"10/05/2024 - 19h15","commune":"84138 - Valréas","adresse":"Route de Baume-de-transit","milieu":"Hors agglomération"}},{"type":"Feature","geometry":{"type":"Point","coordinates":[4.87714,44.08887]},"properties":{"annee":2024,"gravite":"grave","tues":0,"hospitalises":1,"legers":1,"total_blesses":2,"date":"16/07/2024 - 06h30","commune":"84039 - Courthézon","adresse":"Autoroute A7 Pk 176.000 direction Orange","milieu":"Hors agglomération"}},{"type":"Feature","geometry":{"type":"Point","coordinates":[4.83541,43.95188]},"properties":{"annee":2024,"gravite":"leger","tues":0,"hospitalises":0,"legers":2,"total_blesses":2,"date":"14/06/2024 - 01h15","commune":"84007 - Avignon","adresse":"MORIERES (Route de )","milieu":"En agglomération"}},{"type":"Feature","geometry":{"type":"Point","coordinates":[4.88388,43.91071]},"properties":{"annee":2024,"gravite":"leger","tues":0,"hospitalises":0,"legers":1,"total_blesses":1,"date":"31/03/2024 - 20h45","commune":"84007 - Avignon","adresse":"MARSEILLE (Route)-MONTFAVET","milieu":"En agglomération"}},{"type":"Feature","geometry":{"type":"Point","coordinates":[5.05156,44.06093]},"properties":{"annee":2024,"gravite":"grave","tues":0,"hospitalises":1,"legers":0,"total_blesses":1,"date":"19/04/2024 - 08h00","commune":"84031 - Carpentras","adresse":"PONT DES FONTAINES AVENUE","milieu":"En agglomération"}},{"type":"Feature","geometry":{"type":"Point","coordinates":[4.99601,44.03331]},"properties":{"annee":2024,"gravite":"leger","tues":0,"hospitalises":0,"legers":1,"total_blesses":1,"date":"18/04/2024 - 09h10","commune":"84080 - Monteux","adresse":"TREWEY BOULEVARD","milieu":"En agglomération"}},{"type":"Feature","geometry":{"type":"Point","coordinates":[4.99919,44.04592]},"properties":{"annee":2024,"gravite":"leger","tues":0,"hospitalises":0,"legers":3,"total_blesses":3,"date":"16/04/2024 - 18h00","commune":"84080 - Monteux","adresse":"D942","milieu":"Hors agglomération"}},{"type":"Feature","geometry":{"type":"Point","coordinates":[5.01915,44.04554]},"properties":{"annee":2024,"gravite":"leger","tues":0,"hospitalises":0,"legers":2,"total_blesses":2,"date":"16/04/2024 - 17h35","commune":"84080 - Monteux","adresse":"D942","milieu":"Hors agglomération"}},{"type":"Feature","geometry":{"type":"Point","coordinates":[4.82537,44.09632]},"properties":{"annee":2024,"gravite":"leger","tues":0,"hospitalises":0,"legers":2,"total_blesses":2,"date":"22/05/2024 - 17h17","commune":"84087 - Orange","adresse":"ROUTE DE CHATEAUNEUF","milieu":"Hors agglomération"}},{"type":"Feature","geometry":{"type":"Point","coordinates":[5.04235,44.06448]},"properties":{"annee":2024,"gravite":"leger","tues":0,"hospitalises":0,"legers":1,"total_blesses":1,"date":"05/05/2024 - 11h55","commune":"84031 - Carpentras","adresse":"D942","milieu":"Hors agglomération"}},{"type":"Feature","geometry":{"type":"Point","coordinates":[5.03266,43.82766]},"properties":{"annee":2024,"gravite":"leger","tues":0,"hospitalises":0,"legers":2,"total_blesses":2,"date":"21/08/2024 - 18h30","commune":"84035 - Cavaillon","adresse":"MARSEILLE-RD938 (ROUTE DE)","milieu":"En agglomération"}},{"type":"Feature","geometry":{"type":"Point","coordinates":[4.91616,43.89003]},"properties":{"annee":2024,"gravite":"leger","tues":0,"hospitalises":0,"legers":1,"total_blesses":1,"date":"02/08/2024 - 19h00","commune":"84007 - Avignon","adresse":"BOMPAS (Chemin de)-MONTFAVET","milieu":"Hors agglomération"}},{"type":"Feature","geometry":{"type":"Point","coordinates":[5.03769,44.04962]},"properties":{"annee":2024,"gravite":"leger","tues":0,"hospitalises":0,"legers":1,"total_blesses":1,"date":"25/10/2024 - 14h00","commune":"84031 - Carpentras","adresse":"MISTRAL AVENUE FREDERIC","milieu":"En agglomération"}},{"type":"Feature","geometry":{"type":"Point","coordinates":[4.80993,43.93613]},"properties":{"annee":2024,"gravite":"leger","tues":0,"hospitalises":0,"legers":1,"total_blesses":1,"date":"24/09/2024 - 16h45","commune":"84007 - Avignon","adresse":"GAMBETTA (AVENUE)","milieu":"En agglomération"}},{"type":"Feature","geometry":{"type":"Point","coordinates":[4.81726,43.94655]},"properties":{"annee":2024,"gravite":"leger","tues":0,"hospitalises":0,"legers":1,"total_blesses":1,"date":"04/12/2024 - 17h12","commune":"84007 - Avignon","adresse":"LIMBERT (BOULEVARD)","milieu":"En agglomération"}},{"type":"Feature","geometry":{"type":"Point","coordinates":[4.85372,43.94474]},"properties":{"annee":2024,"gravite":"leger","tues":0,"hospitalises":0,"legers":1,"total_blesses":1,"date":"28/08/2024 - 19h00","commune":"84007 - Avignon","adresse":"N/A","milieu":"En agglomération"}},{"type":"Feature","geometry":{"type":"Point","coordinates":[4.81591,43.92844]},"properties":{"annee":2024,"gravite":"leger","tues":0,"hospitalises":0,"legers":1,"total_blesses":1,"date":"27/08/2024 - 11h50","commune":"84007 - Avignon","adresse":"GEOFFROY (RUE DU DOCTEUR)","milieu":"En agglomération"}},{"type":"Feature","geometry":{"type":"Point","coordinates":[4.80569,43.95148]},"properties":{"annee":2024,"gravite":"leger","tues":0,"hospitalises":0,"legers":1,"total_blesses":1,"date":"27/08/2024 - 09h15","commune":"84007 - Avignon","adresse":"BALANCE (rue de la)","milieu":"En agglomération"}},{"type":"Feature","geometry":{"type":"Point","coordinates":[4.83154,43.93417]},"properties":{"annee":2024,"gravite":"leger","tues":0,"hospitalises":0,"legers":1,"total_blesses":1,"date":"27/08/2024 - 05h34","commune":"84007 - Avignon","adresse":"PIERRE SEMARD (avenue)","milieu":"En agglomération"}},{"type":"Feature","geometry":{"type":"Point","coordinates":[5.13622,44.14217]},"properties":{"annee":2024,"gravite":"grave","tues":0,"hospitalises":1,"legers":1,"total_blesses":2,"date":"11/08/2024 - 16h10","commune":"84069 - Malaucène","adresse":"D19","milieu":"Hors agglomération"}},{"type":"Feature","geometry":{"type":"Point","coordinates":[5.18528,43.89085]},"properties":{"annee":2024,"gravite":"leger","tues":0,"hospitalises":0,"legers":1,"total_blesses":1,"date":"08/08/2024 - 16h00","commune":"84050 - Gordes","adresse":"D2","milieu":"Hors agglomération"}},{"type":"Feature","geometry":{"type":"Point","coordinates":[5.1268,44.18157]},"properties":{"annee":2024,"gravite":"grave","tues":0,"hospitalises":1,"legers":0,"total_blesses":1,"date":"26/06/2024 - 03h10","commune":"84069 - Malaucène","adresse":"Route départementale 938","milieu":"En agglomération"}},{"type":"Feature","geometry":{"type":"Point","coordinates":[5.03708,44.28998]},"properties":{"annee":2024,"gravite":"grave","tues":0,"hospitalises":1,"legers":1,"total_blesses":2,"date":"25/06/2024 - 16h25","commune":"84146 - Villedieu","adresse":"Route de Mirabel","milieu":"Hors agglomération"}},{"type":"Feature","geometry":{"type":"Point","coordinates":[5.01022,43.89261]},"properties":{"annee":2024,"gravite":"grave","tues":0,"hospitalises":1,"legers":0,"total_blesses":1,"date":"28/07/2024 - 17h50","commune":"84132 - Le Thor","adresse":"4025 Route des Vignères","milieu":"Hors agglomération"}},{"type":"Feature","geometry":{"type":"Point","coordinates":[5.14752,44.16049]},"properties":{"annee":2024,"gravite":"grave","tues":0,"hospitalises":1,"legers":0,"total_blesses":1,"date":"20/07/2024 - 10h15","commune":"84069 - Malaucène","adresse":"RD974","milieu":"Hors agglomération"}},{"type":"Feature","geometry":{"type":"Point","coordinates":[5.4867,43.98757]},"properties":{"annee":2024,"gravite":"leger","tues":0,"hospitalises":0,"legers":1,"total_blesses":1,"date":"06/07/2024 - 17h25","commune":"84060 - Lagarde-d'Apt","adresse":"route des lavandes","milieu":"Hors agglomération"}},{"type":"Feature","geometry":{"type":"Point","coordinates":[5.03689,44.05513]},"properties":{"annee":2024,"gravite":"leger","tues":0,"hospitalises":0,"legers":1,"total_blesses":1,"date":"07/05/2024 - 19h15","commune":"84031 - Carpentras","adresse":"MOULIN AVENUE DU","milieu":"En agglomération"}},{"type":"Feature","geometry":{"type":"Point","coordinates":[5.04504,44.04887]},"properties":{"annee":2024,"gravite":"leger","tues":0,"hospitalises":0,"legers":1,"total_blesses":1,"date":"07/05/2024 - 09h52","commune":"84031 - Carpentras","adresse":"PASTEUR BOULEVARD","milieu":"En agglomération"}},{"type":"Feature","geometry":{"type":"Point","coordinates":[4.83171,43.93368]},"properties":{"annee":2024,"gravite":"leger","tues":0,"hospitalises":0,"legers":1,"total_blesses":1,"date":"07/05/2024 - 15h53","commune":"84007 - Avignon","adresse":"C.De GAULLE (Rocade)","milieu":"En agglomération"}},{"type":"Feature","geometry":{"type":"Point","coordinates":[5.24342,43.86319]},"properties":{"annee":2024,"gravite":"leger","tues":0,"hospitalises":0,"legers":1,"total_blesses":1,"date":"01/04/2024 - 11h50","commune":"84051 - Goult","adresse":"304 avenue de la république","milieu":"En agglomération"}},{"type":"Feature","geometry":{"type":"Point","coordinates":[5.13745,44.22127]},"properties":{"annee":2024,"gravite":"grave","tues":0,"hospitalises":1,"legers":0,"total_blesses":1,"date":"06/01/2024 - 09h00","commune":"84044 - Entrechaux","adresse":"departementale 13","milieu":"Hors agglomération"}},{"type":"Feature","geometry":{"type":"Point","coordinates":[5.38011,43.88364]},"properties":{"annee":2024,"gravite":"grave","tues":0,"hospitalises":1,"legers":1,"total_blesses":2,"date":"08/01/2024 - 12h10","commune":"84003 - Apt","adresse":"Avenue de Lançon","milieu":"En agglomération"}},{"type":"Feature","geometry":{"type":"Point","coordinates":[4.80012,43.93023]},"properties":{"annee":2024,"gravite":"grave","tues":0,"hospitalises":1,"legers":0,"total_blesses":1,"date":"06/01/2024 - 19h20","commune":"84007 - Avignon","adresse":"MONCLAR (AVENUE)","milieu":"En agglomération"}},{"type":"Feature","geometry":{"type":"Point","coordinates":[5.07328,44.07142]},"properties":{"annee":2024,"gravite":"leger","tues":0,"hospitalises":0,"legers":1,"total_blesses":1,"date":"27/02/2024 - 15h50","commune":"84031 - Carpentras","adresse":"CAROMB ROUTE","milieu":"Hors agglomération"}},{"type":"Feature","geometry":{"type":"Point","coordinates":[4.85714,43.96053]},"properties":{"annee":2024,"gravite":"grave","tues":0,"hospitalises":1,"legers":0,"total_blesses":1,"date":"13/07/2024 - 18h19","commune":"84092 - Le Pontet","adresse":"1 Avenue Pasteur","milieu":"En agglomération"}},{"type":"Feature","geometry":{"type":"Point","coordinates":[5.00712,44.19501]},"properties":{"annee":2024,"gravite":"leger","tues":0,"hospitalises":0,"legers":1,"total_blesses":1,"date":"08/02/2024 - 15h10","commune":"84104 - Sablet","adresse":"Route de Seguret","milieu":"En agglomération"}},{"type":"Feature","geometry":{"type":"Point","coordinates":[5.03277,43.82771]},"properties":{"annee":2024,"gravite":"leger","tues":0,"hospitalises":0,"legers":3,"total_blesses":3,"date":"09/06/2024 - 20h20","commune":"84035 - Cavaillon","adresse":"MARSEILLE-RD938 (ROUTE DE)","milieu":"En agglomération"}},{"type":"Feature","geometry":{"type":"Point","coordinates":[4.83677,43.93988]},"properties":{"annee":2024,"gravite":"leger","tues":0,"hospitalises":0,"legers":1,"total_blesses":1,"date":"12/06/2024 - 16h40","commune":"84007 - Avignon","adresse":"FONTCOUVERTE(Avenue de)","milieu":"Hors agglomération"}},{"type":"Feature","geometry":{"type":"Point","coordinates":[4.79887,43.94287]},"properties":{"annee":2024,"gravite":"leger","tues":0,"hospitalises":0,"legers":1,"total_blesses":1,"date":"11/06/2024 - 16h15","commune":"84007 - Avignon","adresse":"EISENHOWER (Avenue)","milieu":"En agglomération"}},{"type":"Feature","geometry":{"type":"Point","coordinates":[4.81639,43.94244]},"properties":{"annee":2024,"gravite":"leger","tues":0,"hospitalises":0,"legers":1,"total_blesses":1,"date":"12/06/2024 - 09h10","commune":"84007 - Avignon","adresse":"PIERRE SEMARD (avenue)","milieu":"En agglomération"}},{"type":"Feature","geometry":{"type":"Point","coordinates":[5.03686,43.83002]},"properties":{"annee":2024,"gravite":"leger","tues":0,"hospitalises":0,"legers":1,"total_blesses":1,"date":"19/08/2024 - 13h56","commune":"84035 - Cavaillon","adresse":"PONT (AVENUE DU)","milieu":"En agglomération"}},{"type":"Feature","geometry":{"type":"Point","coordinates":[5.04594,44.04374]},"properties":{"annee":2024,"gravite":"leger","tues":0,"hospitalises":0,"legers":1,"total_blesses":1,"date":"28/02/2024 - 16h40","commune":"84031 - Carpentras","adresse":"SAINTE FAMILLE CHEMIN DE LA","milieu":"En agglomération"}},{"type":"Feature","geometry":{"type":"Point","coordinates":[5.02868,44.04496]},"properties":{"annee":2024,"gravite":"leger","tues":0,"hospitalises":0,"legers":1,"total_blesses":1,"date":"21/02/2024 - 20h20","commune":"84031 - Carpentras","adresse":"MONTEUX CHEMIN DE","milieu":"Hors agglomération"}},{"type":"Feature","geometry":{"type":"Point","coordinates":[4.94898,43.9278]},"properties":{"annee":2024,"gravite":"leger","tues":0,"hospitalises":0,"legers":1,"total_blesses":1,"date":"17/02/2024 - 16h30","commune":"84036 - Châteauneuf-de-Gadagne","adresse":"route de saint saturnin les avignon","milieu":"En agglomération"}},{"type":"Feature","geometry":{"type":"Point","coordinates":[4.97005,44.38886]},"properties":{"annee":2024,"gravite":"grave","tues":0,"hospitalises":1,"legers":1,"total_blesses":2,"date":"17/02/2024 - 02h00","commune":"84138 - Valréas","adresse":"D941","milieu":"Hors agglomération"}},{"type":"Feature","geometry":{"type":"Point","coordinates":[5.04814,44.0472]},"properties":{"annee":2024,"gravite":"grave","tues":0,"hospitalises":1,"legers":1,"total_blesses":2,"date":"02/02/2024 - 10h45","commune":"84031 - Carpentras","adresse":"HUGO AVENUE VICTOR","milieu":"En agglomération"}},{"type":"Feature","geometry":{"type":"Point","coordinates":[4.8085,44.13592]},"properties":{"annee":2024,"gravite":"leger","tues":0,"hospitalises":0,"legers":1,"total_blesses":1,"date":"11/06/2024 - 21h35","commune":"84087 - Orange","adresse":"MAZEAU (RUE)","milieu":"En agglomération"}},{"type":"Feature","geometry":{"type":"Point","coordinates":[4.82094,44.12149]},"properties":{"annee":2024,"gravite":"grave","tues":0,"hospitalises":1,"legers":0,"total_blesses":1,"date":"13/06/2024 - 07h34","commune":"84087 - Orange","adresse":"DURAND (RUE ALBIN)","milieu":"En agglomération"}},{"type":"Feature","geometry":{"type":"Point","coordinates":[5.04954,44.06501]},"properties":{"annee":2024,"gravite":"grave","tues":0,"hospitalises":1,"legers":0,"total_blesses":1,"date":"04/12/2024 - 07h55","commune":"84031 - Carpentras","adresse":"SAINT ROCH AVENUE","milieu":"En agglomération"}},{"type":"Feature","geometry":{"type":"Point","coordinates":[4.81775,43.94718]},"properties":{"annee":2024,"gravite":"leger","tues":0,"hospitalises":0,"legers":1,"total_blesses":1,"date":"03/12/2024 - 19h42","commune":"84007 - Avignon","adresse":"LIMBERT (BOULEVARD)","milieu":"En agglomération"}},{"type":"Feature","geometry":{"type":"Point","coordinates":[4.85616,43.94783]},"properties":{"annee":2024,"gravite":"leger","tues":0,"hospitalises":0,"legers":2,"total_blesses":2,"date":"03/12/2024 - 13h45","commune":"84007 - Avignon","adresse":"AMANDIER (AVENUE DE L')","milieu":"En agglomération"}},{"type":"Feature","geometry":{"type":"Point","coordinates":[5.6921,43.73696]},"properties":{"annee":2024,"gravite":"leger","tues":0,"hospitalises":0,"legers":1,"total_blesses":1,"date":"25/05/2024 - 16h30","commune":"84014 - Beaumont-de-Pertuis","adresse":"Lotissement de la Colline","milieu":"En agglomération"}},{"type":"Feature","geometry":{"type":"Point","coordinates":[5.43923,43.87995]},"properties":{"annee":2024,"gravite":"grave","tues":0,"hospitalises":1,"legers":1,"total_blesses":2,"date":"25/03/2024 - 15h13","commune":"84105 - Saignon","adresse":"256 Route de Pierre-fiche","milieu":"Hors agglomération"}},{"type":"Feature","geometry":{"type":"Point","coordinates":[4.85673,43.96901]},"properties":{"annee":2024,"gravite":"grave","tues":0,"hospitalises":1,"legers":0,"total_blesses":1,"date":"28/07/2024 - 17h10","commune":"84092 - Le Pontet","adresse":"Route de Sorgues","milieu":"En agglomération"}},{"type":"Feature","geometry":{"type":"Point","coordinates":[4.81982,43.9435]},"properties":{"annee":2024,"gravite":"leger","tues":0,"hospitalises":0,"legers":1,"total_blesses":1,"date":"22/09/2024 - 20h10","commune":"84007 - Avignon","adresse":"LIBERTE ( RUE DE LA)","milieu":"En agglomération"}},{"type":"Feature","geometry":{"type":"Point","coordinates":[4.84489,43.92656]},"properties":{"annee":2024,"gravite":"leger","tues":0,"hospitalises":0,"legers":1,"total_blesses":1,"date":"05/01/2024 - 20h40","commune":"84007 - Avignon","adresse":"MARSEILLE (Route de )","milieu":"En agglomération"}},{"type":"Feature","geometry":{"type":"Point","coordinates":[4.85432,43.94463]},"properties":{"annee":2024,"gravite":"leger","tues":0,"hospitalises":0,"legers":2,"total_blesses":2,"date":"05/01/2024 - 17h15","commune":"84007 - Avignon","adresse":"AMANDIER (Avenue de l')","milieu":"En agglomération"}},{"type":"Feature","geometry":{"type":"Point","coordinates":[4.87812,44.22052]},"properties":{"annee":2024,"gravite":"leger","tues":0,"hospitalises":0,"legers":1,"total_blesses":1,"date":"18/02/2024 - 13h10","commune":"84106 - Sainte-Cécile-les-Vignes","adresse":"D976","milieu":"Hors agglomération"}},{"type":"Feature","geometry":{"type":"Point","coordinates":[4.99786,44.1703]},"properties":{"annee":2024,"gravite":"mortel","tues":1,"hospitalises":0,"legers":0,"total_blesses":0,"date":"17/02/2024 - 21h05","commune":"84049 - Gigondas","adresse":"D7","milieu":"Hors agglomération"}},{"type":"Feature","geometry":{"type":"Point","coordinates":[4.79473,43.94452]},"properties":{"annee":2024,"gravite":"leger","tues":0,"hospitalises":0,"legers":2,"total_blesses":2,"date":"05/05/2024 - 16h40","commune":"84007 - Avignon","adresse":"EUROPE (Pont de l')","milieu":"Hors agglomération"}},{"type":"Feature","geometry":{"type":"Point","coordinates":[4.88151,43.94911]},"properties":{"annee":2024,"gravite":"leger","tues":0,"hospitalises":0,"legers":3,"total_blesses":3,"date":"15/02/2024 - 19h50","commune":"84007 - Avignon","adresse":"MORIERES (Route de )","milieu":"Hors agglomération"}},{"type":"Feature","geometry":{"type":"Point","coordinates":[4.86812,44.20374]},"properties":{"annee":2024,"gravite":"mortel","tues":1,"hospitalises":0,"legers":0,"total_blesses":0,"date":"28/10/2024 - 20h15","commune":"84127 - Sérignan-du-Comtat","adresse":"D976","milieu":"Hors agglomération"}},{"type":"Feature","geometry":{"type":"Point","coordinates":[5.69834,43.73377]},"properties":{"annee":2024,"gravite":"leger","tues":0,"hospitalises":0,"legers":1,"total_blesses":1,"date":"27/10/2024 - 15h30","commune":"84014 - Beaumont-de-Pertuis","adresse":"D42","milieu":"Hors agglomération"}},{"type":"Feature","geometry":{"type":"Point","coordinates":[5.10219,44.21881]},"properties":{"annee":2024,"gravite":"leger","tues":0,"hospitalises":0,"legers":1,"total_blesses":1,"date":"19/08/2024 - 15h00","commune":"84040 - Crestet","adresse":"D54","milieu":"Hors agglomération"}},{"type":"Feature","geometry":{"type":"Point","coordinates":[4.86666,44.01371]},"properties":{"annee":2024,"gravite":"grave","tues":0,"hospitalises":1,"legers":0,"total_blesses":1,"date":"29/10/2024 - 18h35","commune":"84129 - Sorgues","adresse":"D907","milieu":"En agglomération"}},{"type":"Feature","geometry":{"type":"Point","coordinates":[5.44551,43.87853]},"properties":{"annee":2024,"gravite":"grave","tues":0,"hospitalises":1,"legers":0,"total_blesses":1,"date":"13/07/2024 - 18h00","commune":"84105 - Saignon","adresse":"D900","milieu":"Hors agglomération"}},{"type":"Feature","geometry":{"type":"Point","coordinates":[5.00958,43.88928]},"properties":{"annee":2024,"gravite":"grave","tues":0,"hospitalises":3,"legers":2,"total_blesses":5,"date":"24/09/2024 - 12h15","commune":"84132 - Le Thor","adresse":"D98","milieu":"Hors agglomération"}},{"type":"Feature","geometry":{"type":"Point","coordinates":[4.99582,44.03345]},"properties":{"annee":2024,"gravite":"leger","tues":0,"hospitalises":0,"legers":1,"total_blesses":1,"date":"10/06/2024 - 19h50","commune":"84080 - Monteux","adresse":"TREWEY BOULEVARD","milieu":"En agglomération"}},{"type":"Feature","geometry":{"type":"Point","coordinates":[5.36292,43.885]},"properties":{"annee":2024,"gravite":"leger","tues":0,"hospitalises":0,"legers":1,"total_blesses":1,"date":"14/07/2024 - 15h50","commune":"84003 - Apt","adresse":"D900","milieu":"Hors agglomération"}},{"type":"Feature","geometry":{"type":"Point","coordinates":[4.8029,44.1523]},"properties":{"annee":2024,"gravite":"leger","tues":0,"hospitalises":0,"legers":1,"total_blesses":1,"date":"09/07/2024 - 17h30","commune":"84087 - Orange","adresse":"TASSIGNY (AVENUE DE LATTRE DE)","milieu":"En agglomération"}},{"type":"Feature","geometry":{"type":"Point","coordinates":[4.812,43.943]},"properties":{"annee":2024,"gravite":"leger","tues":0,"hospitalises":0,"legers":1,"total_blesses":1,"date":"12/07/2024 - 09h59","commune":"84007 - Avignon","adresse":"SAINT MICHEL (Boulevard)","milieu":"En agglomération"}},{"type":"Feature","geometry":{"type":"Point","coordinates":[4.82917,43.93563]},"properties":{"annee":2024,"gravite":"leger","tues":0,"hospitalises":0,"legers":1,"total_blesses":1,"date":"11/07/2024 - 11h20","commune":"84007 - Avignon","adresse":"PIERRE SEMARD (avenue)","milieu":"En agglomération"}},{"type":"Feature","geometry":{"type":"Point","coordinates":[5.30462,43.74659]},"properties":{"annee":2024,"gravite":"grave","tues":0,"hospitalises":1,"legers":0,"total_blesses":1,"date":"15/10/2024 - 20h10","commune":"84065 - Lauris","adresse":"Route départementale 973","milieu":"Hors agglomération"}},{"type":"Feature","geometry":{"type":"Point","coordinates":[4.92612,44.01971]},"properties":{"annee":2024,"gravite":"grave","tues":0,"hospitalises":1,"legers":1,"total_blesses":2,"date":"11/06/2024 - 15h50","commune":"84043 - Entraigues-sur-la-Sorgue","adresse":"Avenue de Bédarrides","milieu":"Hors agglomération"}},{"type":"Feature","geometry":{"type":"Point","coordinates":[4.99863,44.05088]},"properties":{"annee":2024,"gravite":"mortel","tues":1,"hospitalises":1,"legers":1,"total_blesses":2,"date":"26/10/2024 - 22h30","commune":"84080 - Monteux","adresse":"Route de Loriol","milieu":"Hors agglomération"}},{"type":"Feature","geometry":{"type":"Point","coordinates":[4.86433,43.92055]},"properties":{"annee":2024,"gravite":"leger","tues":0,"hospitalises":0,"legers":1,"total_blesses":1,"date":"26/10/2024 - 20h25","commune":"84007 - Avignon","adresse":"MISTRAL 7  (PARKING C.COMMERCIAL)","milieu":"En agglomération"}},{"type":"Feature","geometry":{"type":"Point","coordinates":[4.8106,43.92871]},"properties":{"annee":2024,"gravite":"leger","tues":0,"hospitalises":0,"legers":1,"total_blesses":1,"date":"03/01/2024 - 10h30","commune":"84007 - Avignon","adresse":"C.De GAULLE (Rocade)","milieu":"En agglomération"}},{"type":"Feature","geometry":{"type":"Point","coordinates":[5.39904,44.10966]},"properties":{"annee":2024,"gravite":"grave","tues":0,"hospitalises":1,"legers":0,"total_blesses":1,"date":"03/05/2024 - 16h56","commune":"84123 - Sault","adresse":"route du ventoux","milieu":"Hors agglomération"}},{"type":"Feature","geometry":{"type":"Point","coordinates":[4.81377,43.95327]},"properties":{"annee":2024,"gravite":"leger","tues":0,"hospitalises":0,"legers":1,"total_blesses":1,"date":"03/05/2024 - 11h30","commune":"84007 - Avignon","adresse":"SAINT LAZARE (Boulevard)","milieu":"En agglomération"}},{"type":"Feature","geometry":{"type":"Point","coordinates":[4.83454,43.94461]},"properties":{"annee":2024,"gravite":"leger","tues":0,"hospitalises":0,"legers":1,"total_blesses":1,"date":"02/05/2024 - 18h00","commune":"84007 - Avignon","adresse":"C.De GAULLE (Rocade)","milieu":"Hors agglomération"}},{"type":"Feature","geometry":{"type":"Point","coordinates":[4.80285,43.93282]},"properties":{"annee":2024,"gravite":"grave","tues":0,"hospitalises":1,"legers":0,"total_blesses":1,"date":"26/03/2024 - 20h18","commune":"84007 - Avignon","adresse":"MONCLAR (AVENUE)","milieu":"En agglomération"}},{"type":"Feature","geometry":{"type":"Point","coordinates":[5.18595,43.89121]},"properties":{"annee":2024,"gravite":"leger","tues":0,"hospitalises":0,"legers":1,"total_blesses":1,"date":"04/01/2024 - 11h30","commune":"84050 - Gordes","adresse":"D2 les imberts","milieu":"Hors agglomération"}},{"type":"Feature","geometry":{"type":"Point","coordinates":[4.97249,43.92415]},"properties":{"annee":2024,"gravite":"mortel","tues":1,"hospitalises":0,"legers":0,"total_blesses":0,"date":"13/07/2024 - 01h25","commune":"84132 - Le Thor","adresse":"1396 Route d'Avignon","milieu":"Hors agglomération"}},{"type":"Feature","geometry":{"type":"Point","coordinates":[5.05744,44.03561]},"properties":{"annee":2024,"gravite":"leger","tues":0,"hospitalises":0,"legers":1,"total_blesses":1,"date":"29/01/2024 - 18h18","commune":"84031 - Carpentras","adresse":"COUBERTIN AVENUE PIERRE DE","milieu":"En agglomération"}},{"type":"Feature","geometry":{"type":"Point","coordinates":[4.83177,43.93437]},"properties":{"annee":2024,"gravite":"leger","tues":0,"hospitalises":0,"legers":1,"total_blesses":1,"date":"09/06/2024 - 21h50","commune":"84007 - Avignon","adresse":"CHARLES DE GAULLE","milieu":"Hors agglomération"}},{"type":"Feature","geometry":{"type":"Point","coordinates":[5.00493,44.02114]},"properties":{"annee":2024,"gravite":"leger","tues":0,"hospitalises":0,"legers":1,"total_blesses":1,"date":"08/07/2024 - 06h00","commune":"84080 - Monteux","adresse":"VELLERON ROUTE DE","milieu":"En agglomération"}},{"type":"Feature","geometry":{"type":"Point","coordinates":[4.83179,43.9339]},"properties":{"annee":2024,"gravite":"leger","tues":0,"hospitalises":0,"legers":1,"total_blesses":1,"date":"15/08/2024 - 13h52","commune":"84007 - Avignon","adresse":"PIERRE SEMARD (AVENUE)","milieu":"En agglomération"}},{"type":"Feature","geometry":{"type":"Point","coordinates":[5.0186,43.87971]},"properties":{"annee":2024,"gravite":"leger","tues":0,"hospitalises":0,"legers":2,"total_blesses":2,"date":"01/12/2024 - 18h54","commune":"84132 - Le Thor","adresse":"BANON (ROUTE DE)","milieu":"Hors agglomération"}},{"type":"Feature","geometry":{"type":"Point","coordinates":[5.04218,43.8177]},"properties":{"annee":2024,"gravite":"leger","tues":0,"hospitalises":0,"legers":1,"total_blesses":1,"date":"20/09/2024 - 08h00","commune":"84035 - Cavaillon","adresse":"BOSCODOMINI (AVENUE)","milieu":"En agglomération"}},{"type":"Feature","geometry":{"type":"Point","coordinates":[4.85586,43.94731]},"properties":{"annee":2024,"gravite":"leger","tues":0,"hospitalises":0,"legers":1,"total_blesses":1,"date":"19/09/2024 - 21h45","commune":"84007 - Avignon","adresse":"AMANDIER (AVENUE DE L')","milieu":"En agglomération"}},{"type":"Feature","geometry":{"type":"Point","coordinates":[5.23037,44.09774]},"properties":{"annee":2024,"gravite":"grave","tues":0,"hospitalises":1,"legers":0,"total_blesses":1,"date":"10/08/2024 - 11h35","commune":"84046 - Flassan","adresse":"D19","milieu":"Hors agglomération"}},{"type":"Feature","geometry":{"type":"Point","coordinates":[4.84781,43.93482]},"properties":{"annee":2024,"gravite":"leger","tues":0,"hospitalises":0,"legers":1,"total_blesses":1,"date":"12/02/2024 - 20h33","commune":"84007 - Avignon","adresse":"SOUSPIROUS (Avenue des ) - MONTFAVET","milieu":"En agglomération"}},{"type":"Feature","geometry":{"type":"Point","coordinates":[4.89866,44.09918]},"properties":{"annee":2024,"gravite":"mortel","tues":1,"hospitalises":0,"legers":0,"total_blesses":0,"date":"02/12/2024 - 10h00","commune":"84039 - Courthézon","adresse":"Chemin des Cantons","milieu":"Hors agglomération"}},{"type":"Feature","geometry":{"type":"Point","coordinates":[4.87733,44.08826]},"properties":{"annee":2024,"gravite":"grave","tues":0,"hospitalises":2,"legers":1,"total_blesses":3,"date":"26/10/2024 - 00h20","commune":"84039 - Courthézon","adresse":"PK 178 - AUTOROUTE A7 SENS 1","milieu":"Hors agglomération"}},{"type":"Feature","geometry":{"type":"Point","coordinates":[4.69007,44.26781]},"properties":{"annee":2024,"gravite":"grave","tues":0,"hospitalises":2,"legers":1,"total_blesses":3,"date":"16/08/2024 - 16h40","commune":"84063 - Lamotte-du-Rhône","adresse":"N86","milieu":"Hors agglomération"}},{"type":"Feature","geometry":{"type":"Point","coordinates":[5.39733,43.87374]},"properties":{"annee":2024,"gravite":"leger","tues":0,"hospitalises":0,"legers":1,"total_blesses":1,"date":"27/03/2024 - 18h20","commune":"84003 - Apt","adresse":"Boulevard Camille Pelletan","milieu":"En agglomération"}},{"type":"Feature","geometry":{"type":"Point","coordinates":[4.83702,43.95893]},"properties":{"annee":2024,"gravite":"leger","tues":0,"hospitalises":0,"legers":3,"total_blesses":3,"date":"10/07/2024 - 00h20","commune":"84007 - Avignon","adresse":"BORD DU RHONE (RTE TOURISTIQUE DU)","milieu":"En agglomération"}},{"type":"Feature","geometry":{"type":"Point","coordinates":[4.79039,44.16117]},"properties":{"annee":2024,"gravite":"grave","tues":0,"hospitalises":1,"legers":1,"total_blesses":2,"date":"19/09/2024 - 18h37","commune":"84087 - Orange","adresse":"LYON (ROUTE DE)","milieu":"En agglomération"}},{"type":"Feature","geometry":{"type":"Point","coordinates":[5.04226,43.8372]},"properties":{"annee":2024,"gravite":"leger","tues":0,"hospitalises":0,"legers":1,"total_blesses":1,"date":"19/09/2024 - 21h30","commune":"84035 - Cavaillon","adresse":"SARNETTE (AVENUE ABEL)","milieu":"En agglomération"}},{"type":"Feature","geometry":{"type":"Point","coordinates":[4.98673,43.88451]},"properties":{"annee":2024,"gravite":"grave","tues":0,"hospitalises":3,"legers":0,"total_blesses":3,"date":"19/09/2024 - 13h30","commune":"84035 - Cavaillon","adresse":"BANON (ROUTE DE)","milieu":"Hors agglomération"}},{"type":"Feature","geometry":{"type":"Point","coordinates":[5.04083,43.82508]},"properties":{"annee":2024,"gravite":"leger","tues":0,"hospitalises":0,"legers":1,"total_blesses":1,"date":"19/09/2024 - 08h25","commune":"84035 - Cavaillon","adresse":"CHATAIGNIERS (ALLEE DES)","milieu":"En agglomération"}},{"type":"Feature","geometry":{"type":"Point","coordinates":[5.03882,43.84804]},"properties":{"annee":2024,"gravite":"grave","tues":0,"hospitalises":1,"legers":0,"total_blesses":1,"date":"18/09/2024 - 12h10","commune":"84035 - Cavaillon","adresse":"LIBERATION (AVENUE DE LA)","milieu":"En agglomération"}},{"type":"Feature","geometry":{"type":"Point","coordinates":[5.42557,43.8539]},"properties":{"annee":2024,"gravite":"grave","tues":0,"hospitalises":1,"legers":0,"total_blesses":1,"date":"08/06/2024 - 10h45","commune":"84105 - Saignon","adresse":"D232","milieu":"En agglomération"}}]}